<?xml version="1.0" encoding="UTF-8"?>
<gpx creator="Garmin Connect" version="1.1"
  xsi:schemaLocation="http://www.topografix.com/GPX/1/1 http://www.topografix.com/GPX/11.xsd"
  xmlns:ns3="http://www.garmin.com/xmlschemas/TrackPointExtension/v1"
  xmlns="http://www.topografix.com/GPX/1/1"
  xmlns:xsi="http://www.w3.org/2001/XMLSchema-instance" xmlns:ns2="http://www.garmin.com/xmlschemas/GpxExtensions/v3">
  <metadata>
    <name>SJCF-Nice 20K  par sentier villefranche sans colline 25.05.25</name>
    <link href="connect.garmin.com">
      <text>Garmin Connect</text>
    </link>
    <time>2025-02-28T09:33:05.000Z</time>
  </metadata>
  <trk>
    <name>SJCF-Nice 20K  par sentier villefranche sans colline 25.05.25</name>
    <trkseg>
      <trkpt lat="43.69031681679189" lon="7.336144829168916">
        <ele>0.4</ele>
        <time>2025-02-28T09:33:05.000Z</time>
      </trkpt>
      <trkpt lat="43.69030952453613" lon="7.336152791976929">
        <ele>0.7</ele>
        <time>2025-02-28T09:33:05.000Z</time>
      </trkpt>
      <trkpt lat="43.69011640548706" lon="7.3364317417144775">
        <ele>1.03</ele>
        <time>2025-02-28T09:33:05.014Z</time>
      </trkpt>
      <trkpt lat="43.68992328643799" lon="7.336764335632324">
        <ele>1.39</ele>
        <time>2025-02-28T09:33:05.043Z</time>
      </trkpt>
      <trkpt lat="43.68969798088074" lon="7.336989641189575">
        <ele>1.68</ele>
        <time>2025-02-28T09:33:05.086Z</time>
      </trkpt>
      <trkpt lat="43.68946194648743" lon="7.3371076583862305">
        <ele>2.22</ele>
        <time>2025-02-28T09:33:05.141Z</time>
      </trkpt>
      <trkpt lat="43.689204454422" lon="7.33711838722229">
        <ele>2.84</ele>
        <time>2025-02-28T09:33:05.209Z</time>
      </trkpt>
      <trkpt lat="43.68906497955322" lon="7.337075471878052">
        <ele>3.54</ele>
        <time>2025-02-28T09:33:05.284Z</time>
      </trkpt>
      <trkpt lat="43.689065063372254" lon="7.337075471878052">
        <ele>4.16</ele>
        <time>2025-02-28T09:33:05.359Z</time>
      </trkpt>
      <trkpt lat="43.68889331817627" lon="7.337011098861694">
        <ele>4.97</ele>
        <time>2025-02-28T09:33:05.443Z</time>
      </trkpt>
      <trkpt lat="43.68886113166809" lon="7.336968183517456">
        <ele>5.64</ele>
        <time>2025-02-28T09:33:05.529Z</time>
      </trkpt>
      <trkpt lat="43.68879675865173" lon="7.336968183517456">
        <ele>6.38</ele>
        <time>2025-02-28T09:33:05.618Z</time>
      </trkpt>
      <trkpt lat="43.68841052055359" lon="7.336764335632324">
        <ele>7.25</ele>
        <time>2025-02-28T09:33:05.727Z</time>
      </trkpt>
      <trkpt lat="43.68836760520935" lon="7.336699962615967">
        <ele>7.87</ele>
        <time>2025-02-28T09:33:05.839Z</time>
      </trkpt>
      <trkpt lat="43.68818521499634" lon="7.33662486076355">
        <ele>8.47</ele>
        <time>2025-02-28T09:33:05.961Z</time>
      </trkpt>
      <trkpt lat="43.68812084197998" lon="7.336528301239014">
        <ele>8.95</ele>
        <time>2025-02-28T09:33:06.087Z</time>
      </trkpt>
      <trkpt lat="43.68805646896362" lon="7.336270809173584">
        <ele>9.3</ele>
        <time>2025-02-28T09:33:06.223Z</time>
      </trkpt>
      <trkpt lat="43.68795999325812" lon="7.336142063140869">
        <ele>9.7</ele>
        <time>2025-02-28T09:33:06.366Z</time>
      </trkpt>
      <trkpt lat="43.68791707791388" lon="7.336024045944214">
        <ele>10.06</ele>
        <time>2025-02-28T09:33:06.513Z</time>
      </trkpt>
      <trkpt lat="43.68791699409485" lon="7.336024045944214">
        <ele>10.36</ele>
        <time>2025-02-28T09:33:06.660Z</time>
      </trkpt>
      <trkpt lat="43.68790626525879" lon="7.336142063140869">
        <ele>10.66</ele>
        <time>2025-02-28T09:33:06.812Z</time>
      </trkpt>
      <trkpt lat="43.68792772293091" lon="7.336270809173584">
        <ele>10.91</ele>
        <time>2025-02-28T09:33:06.968Z</time>
      </trkpt>
      <trkpt lat="43.687923112884164" lon="7.336243148893118">
        <ele>11.14</ele>
        <time>2025-02-28T09:33:07.125Z</time>
      </trkpt>
      <trkpt lat="43.68792772293091" lon="7.336270809173584">
        <ele>10.91</ele>
        <time>2025-02-28T09:33:07.283Z</time>
      </trkpt>
      <trkpt lat="43.688024282455444" lon="7.336721420288086">
        <ele>11.69</ele>
        <time>2025-02-28T09:33:07.458Z</time>
      </trkpt>
      <trkpt lat="43.688024282455444" lon="7.33686089515686">
        <ele>11.99</ele>
        <time>2025-02-28T09:33:07.638Z</time>
      </trkpt>
      <trkpt lat="43.68801363743842" lon="7.337054014205933">
        <ele>12.29</ele>
        <time>2025-02-28T09:33:07.825Z</time>
      </trkpt>
      <trkpt lat="43.688013553619385" lon="7.337054014205933">
        <ele>12.52</ele>
        <time>2025-02-28T09:33:08.012Z</time>
      </trkpt>
      <trkpt lat="43.68787407875061" lon="7.337998151779175">
        <ele>12.97</ele>
        <time>2025-02-28T09:33:08.233Z</time>
      </trkpt>
      <trkpt lat="43.68784189224243" lon="7.33812689781189">
        <ele>13.22</ele>
        <time>2025-02-28T09:33:08.459Z</time>
      </trkpt>
      <trkpt lat="43.68774315342307" lon="7.338253799825907">
        <ele>13.48</ele>
        <time>2025-02-28T09:33:08.691Z</time>
      </trkpt>
      <trkpt lat="43.68761658668518" lon="7.338416576385498">
        <ele>13.77</ele>
        <time>2025-02-28T09:33:08.932Z</time>
      </trkpt>
      <trkpt lat="43.687530755996704" lon="7.338244915008545">
        <ele>13.92</ele>
        <time>2025-02-28T09:33:09.180Z</time>
      </trkpt>
      <trkpt lat="43.68753360584378" lon="7.338148355484009">
        <ele>13.99</ele>
        <time>2025-02-28T09:33:09.432Z</time>
      </trkpt>
      <trkpt lat="43.687541484832764" lon="7.3378801345825195">
        <ele>13.95</ele>
        <time>2025-02-28T09:33:09.693Z</time>
      </trkpt>
      <trkpt lat="43.687520027160645" lon="7.337826490402222">
        <ele>13.9</ele>
        <time>2025-02-28T09:33:09.957Z</time>
      </trkpt>
      <trkpt lat="43.68745565414429" lon="7.337783575057983">
        <ele>13.8</ele>
        <time>2025-02-28T09:33:10.224Z</time>
      </trkpt>
      <trkpt lat="43.68730545043945" lon="7.337783575057983">
        <ele>13.65</ele>
        <time>2025-02-28T09:33:10.498Z</time>
      </trkpt>
      <trkpt lat="43.687262535095215" lon="7.337740659713745">
        <ele>13.47</ele>
        <time>2025-02-28T09:33:10.775Z</time>
      </trkpt>
      <trkpt lat="43.687241077423096" lon="7.337687015533447">
        <ele>13.28</ele>
        <time>2025-02-28T09:33:11.054Z</time>
      </trkpt>
      <trkpt lat="43.687251806259155" lon="7.336399555206299">
        <ele>12.77</ele>
        <time>2025-02-28T09:33:11.379Z</time>
      </trkpt>
      <trkpt lat="43.687262535095215" lon="7.336302995681763">
        <ele>12.49</ele>
        <time>2025-02-28T09:33:11.707Z</time>
      </trkpt>
      <trkpt lat="43.687283992767334" lon="7.335981130599976">
        <ele>12.25</ele>
        <time>2025-02-28T09:33:12.047Z</time>
      </trkpt>
      <trkpt lat="43.68727988563478" lon="7.3359443340450525">
        <ele>12.04</ele>
        <time>2025-02-28T09:33:12.388Z</time>
      </trkpt>
      <trkpt lat="43.687262535095215" lon="7.335788011550903">
        <ele>11.88</ele>
        <time>2025-02-28T09:33:12.735Z</time>
      </trkpt>
      <trkpt lat="43.6871337890625" lon="7.335530519485474">
        <ele>11.8</ele>
        <time>2025-02-28T09:33:13.093Z</time>
      </trkpt>
      <trkpt lat="43.68712591007352" lon="7.3355028592050076">
        <ele>11.7</ele>
        <time>2025-02-28T09:33:13.452Z</time>
      </trkpt>
      <trkpt lat="43.68721383623779" lon="7.33567837625742">
        <ele>11.59</ele>
        <time>2025-02-28T09:33:13.819Z</time>
      </trkpt>
      <trkpt lat="43.6871337890625" lon="7.335498332977295">
        <ele>11.58</ele>
        <time>2025-02-28T09:33:14.193Z</time>
      </trkpt>
      <trkpt lat="43.687026500701904" lon="7.334951162338257">
        <ele>11.63</ele>
        <time>2025-02-28T09:33:14.587Z</time>
      </trkpt>
      <trkpt lat="43.686747550964355" lon="7.333824634552002">
        <ele>11.8</ele>
        <time>2025-02-28T09:33:15.024Z</time>
      </trkpt>
      <trkpt lat="43.68669390678406" lon="7.333803176879883">
        <ele>11.9</ele>
        <time>2025-02-28T09:33:15.463Z</time>
      </trkpt>
      <trkpt lat="43.686297023668885" lon="7.333846092224121">
        <ele>12.07</ele>
        <time>2025-02-28T09:33:15.922Z</time>
      </trkpt>
      <trkpt lat="43.68629693984985" lon="7.333846092224121">
        <ele>12.2</ele>
        <time>2025-02-28T09:33:16.381Z</time>
      </trkpt>
      <trkpt lat="43.68624337948859" lon="7.333856821060181">
        <ele>12.34</ele>
        <time>2025-02-28T09:33:16.843Z</time>
      </trkpt>
      <trkpt lat="43.6852240562439" lon="7.334232330322266">
        <ele>12.12</ele>
        <time>2025-02-28T09:33:17.356Z</time>
      </trkpt>
      <trkpt lat="43.68592436425388" lon="7.333974167704582">
        <ele>12.52</ele>
        <time>2025-02-28T09:33:17.905Z</time>
      </trkpt>
      <trkpt lat="43.6852240562439" lon="7.334232330322266">
        <ele>12.12</ele>
        <time>2025-02-28T09:33:18.489Z</time>
      </trkpt>
      <trkpt lat="43.68487000465393" lon="7.334339618682861">
        <ele>12.24</ele>
        <time>2025-02-28T09:33:19.091Z</time>
      </trkpt>
      <trkpt lat="43.684784173965454" lon="7.334296703338623">
        <ele>12.34</ele>
        <time>2025-02-28T09:33:19.697Z</time>
      </trkpt>
      <trkpt lat="43.68462324142456" lon="7.334393262863159">
        <ele>12.44</ele>
        <time>2025-02-28T09:33:20.312Z</time>
      </trkpt>
      <trkpt lat="43.683743476867676" lon="7.334446907043457">
        <ele>12.64</ele>
        <time>2025-02-28T09:33:20.970Z</time>
      </trkpt>
      <trkpt lat="43.683507442474365" lon="7.334532737731934">
        <ele>12.69</ele>
        <time>2025-02-28T09:33:21.640Z</time>
      </trkpt>
      <trkpt lat="43.683046102523804" lon="7.334543466567993">
        <ele>13.04</ele>
        <time>2025-02-28T09:33:22.333Z</time>
      </trkpt>
      <trkpt lat="43.68272423744202" lon="7.334597110748291">
        <ele>13.19</ele>
        <time>2025-02-28T09:33:23.042Z</time>
      </trkpt>
      <trkpt lat="43.68230581283569" lon="7.334800958633423">
        <ele>13.54</ele>
        <time>2025-02-28T09:33:23.772Z</time>
      </trkpt>
      <trkpt lat="43.68195176124573" lon="7.334822416305542">
        <ele>14.33</ele>
        <time>2025-02-28T09:33:24.520Z</time>
      </trkpt>
      <trkpt lat="43.68091106414795" lon="7.334994077682495">
        <ele>14.47</ele>
        <time>2025-02-28T09:33:25.319Z</time>
      </trkpt>
      <trkpt lat="43.68019223213196" lon="7.335144281387329">
        <ele>14.46</ele>
        <time>2025-02-28T09:33:26.154Z</time>
      </trkpt>
      <trkpt lat="43.67989182472229" lon="7.335165739059448">
        <ele>14.71</ele>
        <time>2025-02-28T09:33:27.004Z</time>
      </trkpt>
      <trkpt lat="43.68007253855467" lon="7.335152747109532">
        <ele>14.8</ele>
        <time>2025-02-28T09:33:27.862Z</time>
      </trkpt>
      <trkpt lat="43.67989182472229" lon="7.335165739059448">
        <ele>14.71</ele>
        <time>2025-02-28T09:33:28.729Z</time>
      </trkpt>
      <trkpt lat="43.67964506149292" lon="7.335155010223389">
        <ele>15.17</ele>
        <time>2025-02-28T09:33:29.608Z</time>
      </trkpt>
      <trkpt lat="43.67939829826355" lon="7.335251569747925">
        <ele>15.17</ele>
        <time>2025-02-28T09:33:30.500Z</time>
      </trkpt>
      <trkpt lat="43.67919445037842" lon="7.3352837562561035">
        <ele>15.21</ele>
        <time>2025-02-28T09:33:31.402Z</time>
      </trkpt>
      <trkpt lat="43.678765296936035" lon="7.335187196731567">
        <ele>15.35</ele>
        <time>2025-02-28T09:33:32.325Z</time>
      </trkpt>
      <trkpt lat="43.678218126297" lon="7.33511209487915">
        <ele>14.78</ele>
        <time>2025-02-28T09:33:33.275Z</time>
      </trkpt>
      <trkpt lat="43.67787480354309" lon="7.334886789321899">
        <ele>14.38</ele>
        <time>2025-02-28T09:33:34.244Z</time>
      </trkpt>
      <trkpt lat="43.67705941200256" lon="7.334103584289551">
        <ele>14.44</ele>
        <time>2025-02-28T09:33:35.262Z</time>
      </trkpt>
      <trkpt lat="43.67690920829773" lon="7.3339855670928955">
        <ele>14.23</ele>
        <time>2025-02-28T09:33:36.288Z</time>
      </trkpt>
      <trkpt lat="43.676801919937134" lon="7.333824634552002">
        <ele>14.08</ele>
        <time>2025-02-28T09:33:37.322Z</time>
      </trkpt>
      <trkpt lat="43.67648005485535" lon="7.333717346191406">
        <ele>13.72</ele>
        <time>2025-02-28T09:33:38.372Z</time>
      </trkpt>
      <trkpt lat="43.67606163024902" lon="7.333749532699585">
        <ele>13.11</ele>
        <time>2025-02-28T09:33:39.443Z</time>
      </trkpt>
      <trkpt lat="43.67588996887207" lon="7.333652973175049">
        <ele>12.59</ele>
        <time>2025-02-28T09:33:40.523Z</time>
      </trkpt>
      <trkpt lat="43.675750494003296" lon="7.333524227142334">
        <ele>12.11</ele>
        <time>2025-02-28T09:33:41.611Z</time>
      </trkpt>
      <trkpt lat="43.67563247680664" lon="7.333395481109619">
        <ele>11.59</ele>
        <time>2025-02-28T09:33:42.706Z</time>
      </trkpt>
      <trkpt lat="43.67557883262634" lon="7.333288192749023">
        <ele>11.13</ele>
        <time>2025-02-28T09:33:43.806Z</time>
      </trkpt>
      <trkpt lat="43.67560029029846" lon="7.33312726020813">
        <ele>10.78</ele>
        <time>2025-02-28T09:33:44.912Z</time>
      </trkpt>
      <trkpt lat="43.6755895614624" lon="7.3329877853393555">
        <ele>10.41</ele>
        <time>2025-02-28T09:33:46.023Z</time>
      </trkpt>
      <trkpt lat="43.675535917282104" lon="7.332923412322998">
        <ele>9.98</ele>
        <time>2025-02-28T09:33:47.137Z</time>
      </trkpt>
      <trkpt lat="43.675493001937866" lon="7.3328375816345215">
        <ele>9.57</ele>
        <time>2025-02-28T09:33:48.255Z</time>
      </trkpt>
      <trkpt lat="43.67540717124939" lon="7.332719564437866">
        <ele>9.15</ele>
        <time>2025-02-28T09:33:49.379Z</time>
      </trkpt>
      <trkpt lat="43.67533206939697" lon="7.332644462585449">
        <ele>8.71</ele>
        <time>2025-02-28T09:33:50.507Z</time>
      </trkpt>
      <trkpt lat="43.675278425216675" lon="7.332526445388794">
        <ele>8.33</ele>
        <time>2025-02-28T09:33:51.640Z</time>
      </trkpt>
      <trkpt lat="43.675278425216675" lon="7.332429885864258">
        <ele>8.0</ele>
        <time>2025-02-28T09:33:52.777Z</time>
      </trkpt>
      <trkpt lat="43.67523550987244" lon="7.332333326339722">
        <ele>7.61</ele>
        <time>2025-02-28T09:33:53.918Z</time>
      </trkpt>
      <trkpt lat="43.675246238708496" lon="7.331979274749756">
        <ele>7.27</ele>
        <time>2025-02-28T09:33:55.071Z</time>
      </trkpt>
      <trkpt lat="43.67520340718329" lon="7.3318397998809814">
        <ele>6.92</ele>
        <time>2025-02-28T09:33:56.230Z</time>
      </trkpt>
      <trkpt lat="43.67520332336426" lon="7.3318397998809814">
        <ele>6.65</ele>
        <time>2025-02-28T09:33:57.389Z</time>
      </trkpt>
      <trkpt lat="43.67520332336426" lon="7.3317646980285645">
        <ele>6.41</ele>
        <time>2025-02-28T09:33:58.550Z</time>
      </trkpt>
      <trkpt lat="43.67517113685608" lon="7.331646680831909">
        <ele>6.17</ele>
        <time>2025-02-28T09:33:59.716Z</time>
      </trkpt>
      <trkpt lat="43.67510676383972" lon="7.331560850143433">
        <ele>5.94</ele>
        <time>2025-02-28T09:34:00.886Z</time>
      </trkpt>
      <trkpt lat="43.675031661987305" lon="7.331399917602539">
        <ele>5.77</ele>
        <time>2025-02-28T09:34:02.063Z</time>
      </trkpt>
      <trkpt lat="43.675010204315186" lon="7.3313140869140625">
        <ele>5.66</ele>
        <time>2025-02-28T09:34:03.243Z</time>
      </trkpt>
      <trkpt lat="43.675020933151245" lon="7.331228256225586">
        <ele>5.62</ele>
        <time>2025-02-28T09:34:04.426Z</time>
      </trkpt>
      <trkpt lat="43.6750853061676" lon="7.330777645111084">
        <ele>5.62</ele>
        <time>2025-02-28T09:34:05.626Z</time>
      </trkpt>
      <trkpt lat="43.6751389503479" lon="7.33062744140625">
        <ele>5.66</ele>
        <time>2025-02-28T09:34:06.832Z</time>
      </trkpt>
      <trkpt lat="43.67522478103638" lon="7.330541610717773">
        <ele>5.77</ele>
        <time>2025-02-28T09:34:08.043Z</time>
      </trkpt>
      <trkpt lat="43.67539644241333" lon="7.330294847488403">
        <ele>6.03</ele>
        <time>2025-02-28T09:34:09.266Z</time>
      </trkpt>
      <trkpt lat="43.67540725506842" lon="7.3302412033081055">
        <ele>6.24</ele>
        <time>2025-02-28T09:34:10.491Z</time>
      </trkpt>
      <trkpt lat="43.67541790008545" lon="7.330176830291748">
        <ele>6.47</ele>
        <time>2025-02-28T09:34:11.718Z</time>
      </trkpt>
      <trkpt lat="43.67537498474121" lon="7.330058813095093">
        <ele>6.67</ele>
        <time>2025-02-28T09:34:12.950Z</time>
      </trkpt>
      <trkpt lat="43.67541790008545" lon="7.330005168914795">
        <ele>7.0</ele>
        <time>2025-02-28T09:34:14.185Z</time>
      </trkpt>
      <trkpt lat="43.675289237871766" lon="7.329747676849365">
        <ele>7.17</ele>
        <time>2025-02-28T09:34:15.431Z</time>
      </trkpt>
      <trkpt lat="43.675256967544556" lon="7.3296403884887695">
        <ele>7.48</ele>
        <time>2025-02-28T09:34:16.681Z</time>
      </trkpt>
      <trkpt lat="43.675256967544556" lon="7.329586744308472">
        <ele>7.85</ele>
        <time>2025-02-28T09:34:17.933Z</time>
      </trkpt>
      <trkpt lat="43.675267696380615" lon="7.329425811767578">
        <ele>8.32</ele>
        <time>2025-02-28T09:34:19.191Z</time>
      </trkpt>
      <trkpt lat="43.67532134056091" lon="7.329264879226685">
        <ele>8.87</ele>
        <time>2025-02-28T09:34:20.455Z</time>
      </trkpt>
      <trkpt lat="43.675289154052734" lon="7.329168319702148">
        <ele>9.31</ele>
        <time>2025-02-28T09:34:21.723Z</time>
      </trkpt>
      <trkpt lat="43.6751925945282" lon="7.329039573669434">
        <ele>9.72</ele>
        <time>2025-02-28T09:34:22.998Z</time>
      </trkpt>
      <trkpt lat="43.67518194951117" lon="7.328964471817017">
        <ele>10.2</ele>
        <time>2025-02-28T09:34:24.275Z</time>
      </trkpt>
      <trkpt lat="43.67518186569214" lon="7.328835725784302">
        <ele>10.77</ele>
        <time>2025-02-28T09:34:25.557Z</time>
      </trkpt>
      <trkpt lat="43.67512822151184" lon="7.328685522079468">
        <ele>11.21</ele>
        <time>2025-02-28T09:34:26.845Z</time>
      </trkpt>
      <trkpt lat="43.675053119659424" lon="7.32862114906311">
        <ele>11.58</ele>
        <time>2025-02-28T09:34:28.137Z</time>
      </trkpt>
      <trkpt lat="43.675053119659424" lon="7.328588962554932">
        <ele>12.05</ele>
        <time>2025-02-28T09:34:29.430Z</time>
      </trkpt>
      <trkpt lat="43.675010204315186" lon="7.328513860702515">
        <ele>12.49</ele>
        <time>2025-02-28T09:34:30.727Z</time>
      </trkpt>
      <trkpt lat="43.67494583129883" lon="7.328277826309204">
        <ele>13.0</ele>
        <time>2025-02-28T09:34:32.033Z</time>
      </trkpt>
      <trkpt lat="43.67494591511786" lon="7.328202724456787">
        <ele>13.48</ele>
        <time>2025-02-28T09:34:33.341Z</time>
      </trkpt>
      <trkpt lat="43.67495656013489" lon="7.32813835144043">
        <ele>13.97</ele>
        <time>2025-02-28T09:34:34.652Z</time>
      </trkpt>
      <trkpt lat="43.67494583129883" lon="7.328084707260132">
        <ele>14.42</ele>
        <time>2025-02-28T09:34:35.965Z</time>
      </trkpt>
      <trkpt lat="43.674774169921875" lon="7.32789158821106">
        <ele>14.69</ele>
        <time>2025-02-28T09:34:37.288Z</time>
      </trkpt>
      <trkpt lat="43.67484927177429" lon="7.327827215194702">
        <ele>15.2</ele>
        <time>2025-02-28T09:34:38.616Z</time>
      </trkpt>
      <trkpt lat="43.67487072944641" lon="7.3277199268341064">
        <ele>15.71</ele>
        <time>2025-02-28T09:34:39.948Z</time>
      </trkpt>
      <trkpt lat="43.674774169921875" lon="7.3274195194244385">
        <ele>16.02</ele>
        <time>2025-02-28T09:34:41.291Z</time>
      </trkpt>
      <trkpt lat="43.67469906806946" lon="7.3273444175720215">
        <ele>16.33</ele>
        <time>2025-02-28T09:34:42.639Z</time>
      </trkpt>
      <trkpt lat="43.67462396621704" lon="7.327183485031128">
        <ele>16.62</ele>
        <time>2025-02-28T09:34:43.994Z</time>
      </trkpt>
      <trkpt lat="43.67472052574158" lon="7.3268938064575195">
        <ele>16.96</ele>
        <time>2025-02-28T09:34:45.360Z</time>
      </trkpt>
      <trkpt lat="43.67483854293823" lon="7.3268187046051025">
        <ele>17.38</ele>
        <time>2025-02-28T09:34:46.732Z</time>
      </trkpt>
      <trkpt lat="43.67483854293823" lon="7.326850891113281">
        <ele>17.68</ele>
        <time>2025-02-28T09:34:48.106Z</time>
      </trkpt>
      <trkpt lat="43.67489218711853" lon="7.326904535293579">
        <ele>18.04</ele>
        <time>2025-02-28T09:34:49.483Z</time>
      </trkpt>
      <trkpt lat="43.67494583129883" lon="7.3268938064575195">
        <ele>18.34</ele>
        <time>2025-02-28T09:34:50.863Z</time>
      </trkpt>
      <trkpt lat="43.674988746643066" lon="7.326850891113281">
        <ele>18.59</ele>
        <time>2025-02-28T09:34:52.245Z</time>
      </trkpt>
      <trkpt lat="43.67506384849548" lon="7.326732873916626">
        <ele>18.78</ele>
        <time>2025-02-28T09:34:53.633Z</time>
      </trkpt>
      <trkpt lat="43.67531061172485" lon="7.326689958572388">
        <ele>19.14</ele>
        <time>2025-02-28T09:34:55.033Z</time>
      </trkpt>
      <trkpt lat="43.67533206939697" lon="7.3266685009002686">
        <ele>19.23</ele>
        <time>2025-02-28T09:34:56.434Z</time>
      </trkpt>
      <trkpt lat="43.675514459609985" lon="7.326614856719971">
        <ele>19.43</ele>
        <time>2025-02-28T09:34:57.844Z</time>
      </trkpt>
      <trkpt lat="43.67563247680664" lon="7.326518297195435">
        <ele>19.38</ele>
        <time>2025-02-28T09:34:59.261Z</time>
      </trkpt>
      <trkpt lat="43.675836408510804" lon="7.326292991638184">
        <ele>19.24</ele>
        <time>2025-02-28T09:35:00.691Z</time>
      </trkpt>
      <trkpt lat="43.67594361305237" lon="7.326207160949707">
        <ele>19.14</ele>
        <time>2025-02-28T09:35:02.127Z</time>
      </trkpt>
      <trkpt lat="43.67606163024902" lon="7.326003313064575">
        <ele>18.78</ele>
        <time>2025-02-28T09:35:03.572Z</time>
      </trkpt>
      <trkpt lat="43.67595819756389" lon="7.326181847602129">
        <ele>18.79</ele>
        <time>2025-02-28T09:35:05.025Z</time>
      </trkpt>
      <trkpt lat="43.67606163024902" lon="7.326003313064575">
        <ele>18.78</ele>
        <time>2025-02-28T09:35:06.486Z</time>
      </trkpt>
      <trkpt lat="43.676083171740174" lon="7.325949668884277">
        <ele>18.11</ele>
        <time>2025-02-28T09:35:07.950Z</time>
      </trkpt>
      <trkpt lat="43.67608308792114" lon="7.325949668884277">
        <ele>17.84</ele>
        <time>2025-02-28T09:35:09.414Z</time>
      </trkpt>
      <trkpt lat="43.67616891860962" lon="7.325853109359741">
        <ele>17.56</ele>
        <time>2025-02-28T09:35:10.883Z</time>
      </trkpt>
      <trkpt lat="43.67641576565802" lon="7.325735092163086">
        <ele>17.42</ele>
        <time>2025-02-28T09:35:12.365Z</time>
      </trkpt>
      <trkpt lat="43.676501512527466" lon="7.325692176818848">
        <ele>17.17</ele>
        <time>2025-02-28T09:35:13.851Z</time>
      </trkpt>
      <trkpt lat="43.67672681808472" lon="7.325574159622192">
        <ele>16.8</ele>
        <time>2025-02-28T09:35:15.349Z</time>
      </trkpt>
      <trkpt lat="43.676759004592896" lon="7.325209379196167">
        <ele>16.05</ele>
        <time>2025-02-28T09:35:16.860Z</time>
      </trkpt>
      <trkpt lat="43.676780462265015" lon="7.325166463851929">
        <ele>15.75</ele>
        <time>2025-02-28T09:35:18.373Z</time>
      </trkpt>
      <trkpt lat="43.67696285247803" lon="7.324941158294678">
        <ele>15.37</ele>
        <time>2025-02-28T09:35:19.898Z</time>
      </trkpt>
      <trkpt lat="43.677027225494385" lon="7.324962615966797">
        <ele>15.22</ele>
        <time>2025-02-28T09:35:21.426Z</time>
      </trkpt>
      <trkpt lat="43.6772096157074" lon="7.324962615966797">
        <ele>15.18</ele>
        <time>2025-02-28T09:35:22.963Z</time>
      </trkpt>
      <trkpt lat="43.677306175231934" lon="7.324941158294678">
        <ele>15.09</ele>
        <time>2025-02-28T09:35:24.505Z</time>
      </trkpt>
      <trkpt lat="43.67738127708435" lon="7.324866056442261">
        <ele>14.97</ele>
        <time>2025-02-28T09:35:26.052Z</time>
      </trkpt>
      <trkpt lat="43.67743492126465" lon="7.3248231410980225">
        <ele>14.91</ele>
        <time>2025-02-28T09:35:27.602Z</time>
      </trkpt>
      <trkpt lat="43.677552938461304" lon="7.3248231410980225">
        <ele>14.94</ele>
        <time>2025-02-28T09:35:29.157Z</time>
      </trkpt>
      <trkpt lat="43.6776602268219" lon="7.32488751411438">
        <ele>15.12</ele>
        <time>2025-02-28T09:35:30.718Z</time>
      </trkpt>
      <trkpt lat="43.67783188819885" lon="7.32488751411438">
        <ele>15.29</ele>
        <time>2025-02-28T09:35:32.288Z</time>
      </trkpt>
      <trkpt lat="43.67789626121521" lon="7.324930429458618">
        <ele>15.51</ele>
        <time>2025-02-28T09:35:33.861Z</time>
      </trkpt>
      <trkpt lat="43.67810010910034" lon="7.324984073638916">
        <ele>15.9</ele>
        <time>2025-02-28T09:35:35.444Z</time>
      </trkpt>
      <trkpt lat="43.67822885513306" lon="7.325080633163452">
        <ele>16.14</ele>
        <time>2025-02-28T09:35:37.034Z</time>
      </trkpt>
      <trkpt lat="43.678303956985474" lon="7.325091361999512">
        <ele>16.29</ele>
        <time>2025-02-28T09:35:38.628Z</time>
      </trkpt>
      <trkpt lat="43.67841124534607" lon="7.325016260147095">
        <ele>16.31</ele>
        <time>2025-02-28T09:35:40.228Z</time>
      </trkpt>
      <trkpt lat="43.67843270301819" lon="7.324994802474976">
        <ele>16.47</ele>
        <time>2025-02-28T09:35:41.829Z</time>
      </trkpt>
      <trkpt lat="43.678486347198486" lon="7.324715852737427">
        <ele>16.31</ele>
        <time>2025-02-28T09:35:43.441Z</time>
      </trkpt>
      <trkpt lat="43.67860436439514" lon="7.324587106704712">
        <ele>16.43</ele>
        <time>2025-02-28T09:35:45.060Z</time>
      </trkpt>
      <trkpt lat="43.67890477180481" lon="7.324458360671997">
        <ele>16.73</ele>
        <time>2025-02-28T09:35:46.694Z</time>
      </trkpt>
      <trkpt lat="43.679054975509644" lon="7.324436902999878">
        <ele>17.0</ele>
        <time>2025-02-28T09:35:48.336Z</time>
      </trkpt>
      <trkpt lat="43.67919445037842" lon="7.324512004852295">
        <ele>17.41</ele>
        <time>2025-02-28T09:35:49.985Z</time>
      </trkpt>
      <trkpt lat="43.67931246757507" lon="7.324479818344116">
        <ele>17.75</ele>
        <time>2025-02-28T09:35:51.640Z</time>
      </trkpt>
      <trkpt lat="43.679494857788086" lon="7.324651479721069">
        <ele>18.51</ele>
        <time>2025-02-28T09:35:53.306Z</time>
      </trkpt>
      <trkpt lat="43.67961287498474" lon="7.324683666229248">
        <ele>18.84</ele>
        <time>2025-02-28T09:35:54.978Z</time>
      </trkpt>
      <trkpt lat="43.67964506149292" lon="7.324651479721069">
        <ele>19.11</ele>
        <time>2025-02-28T09:35:56.652Z</time>
      </trkpt>
      <trkpt lat="43.67969870567322" lon="7.324490547180176">
        <ele>19.16</ele>
        <time>2025-02-28T09:35:58.332Z</time>
      </trkpt>
      <trkpt lat="43.6797308921814" lon="7.324436902999878">
        <ele>19.44</ele>
        <time>2025-02-28T09:36:00.014Z</time>
      </trkpt>
      <trkpt lat="43.679773807525635" lon="7.324426174163818">
        <ele>19.79</ele>
        <time>2025-02-28T09:36:01.699Z</time>
      </trkpt>
      <trkpt lat="43.67980599403381" lon="7.324469089508057">
        <ele>20.24</ele>
        <time>2025-02-28T09:36:03.386Z</time>
      </trkpt>
      <trkpt lat="43.67982745170593" lon="7.32463002204895">
        <ele>20.89</ele>
        <time>2025-02-28T09:36:05.079Z</time>
      </trkpt>
      <trkpt lat="43.67992401123047" lon="7.3246729373931885">
        <ele>21.33</ele>
        <time>2025-02-28T09:36:06.777Z</time>
      </trkpt>
      <trkpt lat="43.680020570755005" lon="7.324769496917725">
        <ele>21.9</ele>
        <time>2025-02-28T09:36:08.480Z</time>
      </trkpt>
      <trkpt lat="43.680245876312256" lon="7.3248231410980225">
        <ele>22.53</ele>
        <time>2025-02-28T09:36:10.195Z</time>
      </trkpt>
      <trkpt lat="43.68031024932861" lon="7.324812412261963">
        <ele>22.93</ele>
        <time>2025-02-28T09:36:11.913Z</time>
      </trkpt>
      <trkpt lat="43.68037462234497" lon="7.3247480392456055">
        <ele>23.15</ele>
        <time>2025-02-28T09:36:13.635Z</time>
      </trkpt>
      <trkpt lat="43.680492639541626" lon="7.324469089508057">
        <ele>22.98</ele>
        <time>2025-02-28T09:36:15.368Z</time>
      </trkpt>
      <trkpt lat="43.680535554885864" lon="7.324436902999878">
        <ele>23.34</ele>
        <time>2025-02-28T09:36:17.104Z</time>
      </trkpt>
      <trkpt lat="43.68059992790222" lon="7.324415445327759">
        <ele>23.7</ele>
        <time>2025-02-28T09:36:18.843Z</time>
      </trkpt>
      <trkpt lat="43.68072867393494" lon="7.324436902999878">
        <ele>24.13</ele>
        <time>2025-02-28T09:36:20.588Z</time>
      </trkpt>
      <trkpt lat="43.68086814880371" lon="7.324533462524414">
        <ele>24.63</ele>
        <time>2025-02-28T09:36:22.341Z</time>
      </trkpt>
      <trkpt lat="43.68097543716431" lon="7.324651479721069">
        <ele>25.08</ele>
        <time>2025-02-28T09:36:24.101Z</time>
      </trkpt>
      <trkpt lat="43.68111491203308" lon="7.324608564376831">
        <ele>25.31</ele>
        <time>2025-02-28T09:36:25.868Z</time>
      </trkpt>
      <trkpt lat="43.68115782737732" lon="7.32463002204895">
        <ele>25.56</ele>
        <time>2025-02-28T09:36:27.637Z</time>
      </trkpt>
      <trkpt lat="43.68116855621338" lon="7.324683666229248">
        <ele>25.81</ele>
        <time>2025-02-28T09:36:29.408Z</time>
      </trkpt>
      <trkpt lat="43.68117928504944" lon="7.3248231410980225">
        <ele>26.17</ele>
        <time>2025-02-28T09:36:31.184Z</time>
      </trkpt>
      <trkpt lat="43.68120074272156" lon="7.32487678527832">
        <ele>26.3</ele>
        <time>2025-02-28T09:36:32.962Z</time>
      </trkpt>
      <trkpt lat="43.68136167526245" lon="7.325080633163452">
        <ele>26.52</ele>
        <time>2025-02-28T09:36:34.751Z</time>
      </trkpt>
      <trkpt lat="43.68140459060669" lon="7.325230836868286">
        <ele>26.67</ele>
        <time>2025-02-28T09:36:36.545Z</time>
      </trkpt>
      <trkpt lat="43.681501150131226" lon="7.325305938720703">
        <ele>26.55</ele>
        <time>2025-02-28T09:36:38.345Z</time>
      </trkpt>
      <trkpt lat="43.68160843849182" lon="7.325284481048584">
        <ele>26.07</ele>
        <time>2025-02-28T09:36:40.150Z</time>
      </trkpt>
      <trkpt lat="43.68172645568848" lon="7.3252952098846436">
        <ele>25.59</ele>
        <time>2025-02-28T09:36:41.961Z</time>
      </trkpt>
      <trkpt lat="43.68191957473755" lon="7.325273752212524">
        <ele>25.13</ele>
        <time>2025-02-28T09:36:43.781Z</time>
      </trkpt>
      <trkpt lat="43.682048320770264" lon="7.325177192687988">
        <ele>24.53</ele>
        <time>2025-02-28T09:36:45.609Z</time>
      </trkpt>
      <trkpt lat="43.68216633796692" lon="7.325005531311035">
        <ele>23.75</ele>
        <time>2025-02-28T09:36:47.445Z</time>
      </trkpt>
      <trkpt lat="43.68255257606506" lon="7.324715852737427">
        <ele>22.81</ele>
        <time>2025-02-28T09:36:49.303Z</time>
      </trkpt>
      <trkpt lat="43.68281006813049" lon="7.324662208557129">
        <ele>22.13</ele>
        <time>2025-02-28T09:36:51.173Z</time>
      </trkpt>
      <trkpt lat="43.68297100067139" lon="7.324576377868652">
        <ele>21.54</ele>
        <time>2025-02-28T09:36:53.052Z</time>
      </trkpt>
      <trkpt lat="43.6830997467041" lon="7.324533462524414">
        <ele>20.9</ele>
        <time>2025-02-28T09:36:54.937Z</time>
      </trkpt>
      <trkpt lat="43.68333578109741" lon="7.324683666229248">
        <ele>20.92</ele>
        <time>2025-02-28T09:36:56.835Z</time>
      </trkpt>
      <trkpt lat="43.68338942527771" lon="7.324683666229248">
        <ele>20.34</ele>
        <time>2025-02-28T09:36:58.736Z</time>
      </trkpt>
      <trkpt lat="43.6836040019989" lon="7.324211597442627">
        <ele>18.89</ele>
        <time>2025-02-28T09:37:00.656Z</time>
      </trkpt>
      <trkpt lat="43.68363618850708" lon="7.323932647705078">
        <ele>17.83</ele>
        <time>2025-02-28T09:37:02.586Z</time>
      </trkpt>
      <trkpt lat="43.68367910385132" lon="7.32388973236084">
        <ele>17.13</ele>
        <time>2025-02-28T09:37:04.519Z</time>
      </trkpt>
      <trkpt lat="43.68386149406433" lon="7.32388973236084">
        <ele>16.76</ele>
        <time>2025-02-28T09:37:06.461Z</time>
      </trkpt>
      <trkpt lat="43.683979511260986" lon="7.323932647705078">
        <ele>16.35</ele>
        <time>2025-02-28T09:37:08.409Z</time>
      </trkpt>
      <trkpt lat="43.68407607078552" lon="7.32388973236084">
        <ele>15.75</ele>
        <time>2025-02-28T09:37:10.362Z</time>
      </trkpt>
      <trkpt lat="43.68411898612976" lon="7.323793172836304">
        <ele>15.02</ele>
        <time>2025-02-28T09:37:12.319Z</time>
      </trkpt>
      <trkpt lat="43.68430137634277" lon="7.3236000537872314">
        <ele>14.21</ele>
        <time>2025-02-28T09:37:14.287Z</time>
      </trkpt>
      <trkpt lat="43.68436574935913" lon="7.323460578918457">
        <ele>13.49</ele>
        <time>2025-02-28T09:37:16.261Z</time>
      </trkpt>
      <trkpt lat="43.68435502052307" lon="7.3233747482299805">
        <ele>12.95</ele>
        <time>2025-02-28T09:37:18.238Z</time>
      </trkpt>
      <trkpt lat="43.684258460998535" lon="7.323331832885742">
        <ele>12.51</ele>
        <time>2025-02-28T09:37:20.220Z</time>
      </trkpt>
      <trkpt lat="43.684161901474" lon="7.323288917541504">
        <ele>12.13</ele>
        <time>2025-02-28T09:37:22.207Z</time>
      </trkpt>
      <trkpt lat="43.68415117263794" lon="7.323256731033325">
        <ele>11.84</ele>
        <time>2025-02-28T09:37:24.195Z</time>
      </trkpt>
      <trkpt lat="43.68432283401489" lon="7.323117256164551">
        <ele>11.59</ele>
        <time>2025-02-28T09:37:26.193Z</time>
      </trkpt>
      <trkpt lat="43.68438720703125" lon="7.323095798492432">
        <ele>11.44</ele>
        <time>2025-02-28T09:37:28.194Z</time>
      </trkpt>
      <trkpt lat="43.68458032608032" lon="7.323160171508789">
        <ele>11.41</ele>
        <time>2025-02-28T09:37:30.205Z</time>
      </trkpt>
      <trkpt lat="43.68463397026062" lon="7.323192358016968">
        <ele>11.42</ele>
        <time>2025-02-28T09:37:32.219Z</time>
      </trkpt>
      <trkpt lat="43.68465542793274" lon="7.3234498500823975">
        <ele>11.68</ele>
        <time>2025-02-28T09:37:34.242Z</time>
      </trkpt>
      <trkpt lat="43.6846661567688" lon="7.323503494262695">
        <ele>11.81</ele>
        <time>2025-02-28T09:37:36.267Z</time>
      </trkpt>
      <trkpt lat="43.68469834327698" lon="7.323557138442993">
        <ele>11.98</ele>
        <time>2025-02-28T09:37:38.295Z</time>
      </trkpt>
      <trkpt lat="43.68484854698181" lon="7.323653697967529">
        <ele>12.31</ele>
        <time>2025-02-28T09:37:40.331Z</time>
      </trkpt>
      <trkpt lat="43.68493437767029" lon="7.323750257492065">
        <ele>12.66</ele>
        <time>2025-02-28T09:37:42.372Z</time>
      </trkpt>
      <trkpt lat="43.68514895439148" lon="7.323750257492065">
        <ele>12.95</ele>
        <time>2025-02-28T09:37:44.424Z</time>
      </trkpt>
      <trkpt lat="43.685234785079956" lon="7.323707342147827">
        <ele>13.14</ele>
        <time>2025-02-28T09:37:46.480Z</time>
      </trkpt>
      <trkpt lat="43.685288429260254" lon="7.32364296913147">
        <ele>13.24</ele>
        <time>2025-02-28T09:37:48.540Z</time>
      </trkpt>
      <trkpt lat="43.68532061576843" lon="7.323567867279053">
        <ele>13.29</ele>
        <time>2025-02-28T09:37:50.603Z</time>
      </trkpt>
      <trkpt lat="43.68534207344055" lon="7.323439121246338">
        <ele>13.2</ele>
        <time>2025-02-28T09:37:52.671Z</time>
      </trkpt>
      <trkpt lat="43.68538498878479" lon="7.32338547706604">
        <ele>13.25</ele>
        <time>2025-02-28T09:37:54.741Z</time>
      </trkpt>
      <trkpt lat="43.68547081947327" lon="7.323364019393921">
        <ele>13.38</ele>
        <time>2025-02-28T09:37:56.816Z</time>
      </trkpt>
      <trkpt lat="43.68589997291565" lon="7.3233747482299805">
        <ele>13.99</ele>
        <time>2025-02-28T09:37:58.912Z</time>
      </trkpt>
      <trkpt lat="43.68661880493164" lon="7.3232245445251465">
        <ele>14.15</ele>
        <time>2025-02-28T09:38:01.043Z</time>
      </trkpt>
      <trkpt lat="43.68687629699707" lon="7.323085069656372">
        <ele>14.15</ele>
        <time>2025-02-28T09:38:03.188Z</time>
      </trkpt>
      <trkpt lat="43.687026500701904" lon="7.322859764099121">
        <ele>14.07</ele>
        <time>2025-02-28T09:38:05.344Z</time>
      </trkpt>
      <trkpt lat="43.68704795837402" lon="7.322859764099121">
        <ele>14.12</ele>
        <time>2025-02-28T09:38:07.501Z</time>
      </trkpt>
      <trkpt lat="43.687294721603394" lon="7.322870492935181">
        <ele>14.72</ele>
        <time>2025-02-28T09:38:09.670Z</time>
      </trkpt>
      <trkpt lat="43.68734836578369" lon="7.322827577590942">
        <ele>14.7</ele>
        <time>2025-02-28T09:38:11.842Z</time>
      </trkpt>
      <trkpt lat="43.68739128112793" lon="7.3227739334106445">
        <ele>14.57</ele>
        <time>2025-02-28T09:38:14.017Z</time>
      </trkpt>
      <trkpt lat="43.68739128112793" lon="7.322666645050049">
        <ele>14.2</ele>
        <time>2025-02-28T09:38:16.196Z</time>
      </trkpt>
      <trkpt lat="43.68736990727484" lon="7.322452068328857">
        <ele>13.55</ele>
        <time>2025-02-28T09:38:18.382Z</time>
      </trkpt>
      <trkpt lat="43.68739128112793" lon="7.322205305099487">
        <ele>13.07</ele>
        <time>2025-02-28T09:38:20.577Z</time>
      </trkpt>
      <trkpt lat="43.687273263931274" lon="7.3219263553619385">
        <ele>12.26</ele>
        <time>2025-02-28T09:38:22.784Z</time>
      </trkpt>
      <trkpt lat="43.687251806259155" lon="7.3217761516571045">
        <ele>11.77</ele>
        <time>2025-02-28T09:38:24.996Z</time>
      </trkpt>
      <trkpt lat="43.687273263931274" lon="7.321668863296509">
        <ele>11.33</ele>
        <time>2025-02-28T09:38:27.212Z</time>
      </trkpt>
      <trkpt lat="43.68734836578369" lon="7.321561574935913">
        <ele>10.88</ele>
        <time>2025-02-28T09:38:29.433Z</time>
      </trkpt>
      <trkpt lat="43.68742346763611" lon="7.321497201919556">
        <ele>10.48</ele>
        <time>2025-02-28T09:38:31.659Z</time>
      </trkpt>
      <trkpt lat="43.687509298324585" lon="7.321465015411377">
        <ele>10.09</ele>
        <time>2025-02-28T09:38:33.889Z</time>
      </trkpt>
      <trkpt lat="43.68757367134094" lon="7.321422100067139">
        <ele>9.77</ele>
        <time>2025-02-28T09:38:36.123Z</time>
      </trkpt>
      <trkpt lat="43.68770241737366" lon="7.321432828903198">
        <ele>9.77</ele>
        <time>2025-02-28T09:38:38.363Z</time>
      </trkpt>
      <trkpt lat="43.687777519226074" lon="7.3213791847229">
        <ele>9.5</ele>
        <time>2025-02-28T09:38:40.607Z</time>
      </trkpt>
      <trkpt lat="43.68795990943909" lon="7.321357727050781">
        <ele>9.56</ele>
        <time>2025-02-28T09:38:42.860Z</time>
      </trkpt>
      <trkpt lat="43.688035011291504" lon="7.3213255405426025">
        <ele>9.47</ele>
        <time>2025-02-28T09:38:45.117Z</time>
      </trkpt>
      <trkpt lat="43.68811011314392" lon="7.321261167526245">
        <ele>9.4</ele>
        <time>2025-02-28T09:38:47.378Z</time>
      </trkpt>
      <trkpt lat="43.68820667266846" lon="7.321110963821411">
        <ele>9.18</ele>
        <time>2025-02-28T09:38:49.646Z</time>
      </trkpt>
      <trkpt lat="43.688314044848084" lon="7.321035861968994">
        <ele>9.05</ele>
        <time>2025-02-28T09:38:51.920Z</time>
      </trkpt>
      <trkpt lat="43.68831396102905" lon="7.321035861968994">
        <ele>9.06</ele>
        <time>2025-02-28T09:38:54.194Z</time>
      </trkpt>
      <trkpt lat="43.68839979171753" lon="7.320960760116577">
        <ele>9.04</ele>
        <time>2025-02-28T09:38:56.473Z</time>
      </trkpt>
      <trkpt lat="43.68845343589783" lon="7.320950031280518">
        <ele>9.22</ele>
        <time>2025-02-28T09:38:58.755Z</time>
      </trkpt>
      <trkpt lat="43.688539266586304" lon="7.320971488952637">
        <ele>9.55</ele>
        <time>2025-02-28T09:39:01.041Z</time>
      </trkpt>
      <trkpt lat="43.688753843307495" lon="7.320832014083862">
        <ele>9.7</ele>
        <time>2025-02-28T09:39:03.339Z</time>
      </trkpt>
      <trkpt lat="43.68885040283203" lon="7.320810556411743">
        <ele>10.05</ele>
        <time>2025-02-28T09:39:05.641Z</time>
      </trkpt>
      <trkpt lat="43.68893623352051" lon="7.3207783699035645">
        <ele>10.41</ele>
        <time>2025-02-28T09:39:07.948Z</time>
      </trkpt>
      <trkpt lat="43.689258098602295" lon="7.320574522018433">
        <ele>10.77</ele>
        <time>2025-02-28T09:39:10.272Z</time>
      </trkpt>
      <trkpt lat="43.68936538696289" lon="7.320531606674194">
        <ele>11.12</ele>
        <time>2025-02-28T09:39:12.602Z</time>
      </trkpt>
      <trkpt lat="43.68955850601196" lon="7.320531606674194">
        <ele>11.7</ele>
        <time>2025-02-28T09:39:14.941Z</time>
      </trkpt>
      <trkpt lat="43.689730167388916" lon="7.320424318313599">
        <ele>12.16</ele>
        <time>2025-02-28T09:39:17.289Z</time>
      </trkpt>
      <trkpt lat="43.69012713432312" lon="7.320359945297241">
        <ele>12.98</ele>
        <time>2025-02-28T09:39:19.657Z</time>
      </trkpt>
      <trkpt lat="43.69018077850342" lon="7.32039213180542">
        <ele>13.65</ele>
        <time>2025-02-28T09:39:22.028Z</time>
      </trkpt>
      <trkpt lat="43.69041681289673" lon="7.320424318313599">
        <ele>14.31</ele>
        <time>2025-02-28T09:39:24.410Z</time>
      </trkpt>
      <trkpt lat="43.69063138961792" lon="7.320435047149658">
        <ele>14.89</ele>
        <time>2025-02-28T09:39:26.803Z</time>
      </trkpt>
      <trkpt lat="43.690738677978516" lon="7.3204028606414795">
        <ele>15.5</ele>
        <time>2025-02-28T09:39:29.201Z</time>
      </trkpt>
      <trkpt lat="43.69085669517517" lon="7.320435047149658">
        <ele>16.29</ele>
        <time>2025-02-28T09:39:31.605Z</time>
      </trkpt>
      <trkpt lat="43.69117856025696" lon="7.320595979690552">
        <ele>17.11</ele>
        <time>2025-02-28T09:39:34.026Z</time>
      </trkpt>
      <trkpt lat="43.69131803512573" lon="7.320756912231445">
        <ele>17.99</ele>
        <time>2025-02-28T09:39:36.456Z</time>
      </trkpt>
      <trkpt lat="43.69143605232239" lon="7.320832014083862">
        <ele>18.78</ele>
        <time>2025-02-28T09:39:38.892Z</time>
      </trkpt>
      <trkpt lat="43.6915647983551" lon="7.320864200592041">
        <ele>19.58</ele>
        <time>2025-02-28T09:39:41.335Z</time>
      </trkpt>
      <trkpt lat="43.69165062904358" lon="7.320982217788696">
        <ele>20.62</ele>
        <time>2025-02-28T09:39:43.784Z</time>
      </trkpt>
      <trkpt lat="43.69170427322388" lon="7.321186065673828">
        <ele>21.89</ele>
        <time>2025-02-28T09:39:46.240Z</time>
      </trkpt>
      <trkpt lat="43.69167787022889" lon="7.32108598574996">
        <ele>22.83</ele>
        <time>2025-02-28T09:39:48.700Z</time>
      </trkpt>
      <trkpt lat="43.69260775856674" lon="7.323331832885742">
        <ele>23.89</ele>
        <time>2025-02-28T09:39:51.252Z</time>
      </trkpt>
      <trkpt lat="43.693616185337305" lon="7.3253703117370605">
        <ele>24.45</ele>
        <time>2025-02-28T09:39:53.892Z</time>
      </trkpt>
      <trkpt lat="43.693483332172036" lon="7.326014209538698">
        <ele>26.23</ele>
        <time>2025-02-28T09:39:56.556Z</time>
      </trkpt>
      <trkpt lat="43.693313682451844" lon="7.3263466358184814">
        <ele>27.66</ele>
        <time>2025-02-28T09:39:59.234Z</time>
      </trkpt>
      <trkpt lat="43.69349573738873" lon="7.325989818200469">
        <ele>28.61</ele>
        <time>2025-02-28T09:40:01.928Z</time>
      </trkpt>
      <trkpt lat="43.693313682451844" lon="7.3263466358184814">
        <ele>27.66</ele>
        <time>2025-02-28T09:40:04.637Z</time>
      </trkpt>
      <trkpt lat="43.693002462387085" lon="7.3269689083099365">
        <ele>31.81</ele>
        <time>2025-02-28T09:40:07.373Z</time>
      </trkpt>
      <trkpt lat="43.692991733551025" lon="7.327183485031128">
        <ele>33.02</ele>
        <time>2025-02-28T09:40:10.117Z</time>
      </trkpt>
      <trkpt lat="43.69304537773132" lon="7.327677011489868">
        <ele>34.17</ele>
        <time>2025-02-28T09:40:12.878Z</time>
      </trkpt>
      <trkpt lat="43.693034648895264" lon="7.327859401702881">
        <ele>35.33</ele>
        <time>2025-02-28T09:40:15.646Z</time>
      </trkpt>
      <trkpt lat="43.693034732714295" lon="7.327859401702881">
        <ele>36.4</ele>
        <time>2025-02-28T09:40:18.414Z</time>
      </trkpt>
      <trkpt lat="43.693034732714295" lon="7.32789158821106">
        <ele>37.41</ele>
        <time>2025-02-28T09:40:21.183Z</time>
      </trkpt>
      <trkpt lat="43.69304537773132" lon="7.328052520751953">
        <ele>38.4</ele>
        <time>2025-02-28T09:40:23.958Z</time>
      </trkpt>
      <trkpt lat="43.69305610656738" lon="7.32813835144043">
        <ele>39.28</ele>
        <time>2025-02-28T09:40:26.736Z</time>
      </trkpt>
      <trkpt lat="43.69308829307556" lon="7.328202724456787">
        <ele>40.06</ele>
        <time>2025-02-28T09:40:29.517Z</time>
      </trkpt>
      <trkpt lat="43.69342088699341" lon="7.328749895095825">
        <ele>40.89</ele>
        <time>2025-02-28T09:40:32.323Z</time>
      </trkpt>
      <trkpt lat="43.69344234466553" lon="7.3287928104400635">
        <ele>41.5</ele>
        <time>2025-02-28T09:40:35.131Z</time>
      </trkpt>
      <trkpt lat="43.69344242848456" lon="7.32887864112854">
        <ele>42.03</ele>
        <time>2025-02-28T09:40:37.942Z</time>
      </trkpt>
      <trkpt lat="43.69350160472095" lon="7.328908229246736">
        <ele>42.4</ele>
        <time>2025-02-28T09:40:40.756Z</time>
      </trkpt>
      <trkpt lat="43.69357109069824" lon="7.3289430141448975">
        <ele>42.65</ele>
        <time>2025-02-28T09:40:43.574Z</time>
      </trkpt>
      <trkpt lat="43.693721294403076" lon="7.328975200653076">
        <ele>42.77</ele>
        <time>2025-02-28T09:40:46.399Z</time>
      </trkpt>
      <trkpt lat="43.69386076927185" lon="7.328953742980957">
        <ele>42.78</ele>
        <time>2025-02-28T09:40:49.231Z</time>
      </trkpt>
      <trkpt lat="43.693978786468506" lon="7.3288893699646">
        <ele>42.67</ele>
        <time>2025-02-28T09:40:52.069Z</time>
      </trkpt>
      <trkpt lat="43.694032430648804" lon="7.329007387161255">
        <ele>42.53</ele>
        <time>2025-02-28T09:40:54.912Z</time>
      </trkpt>
      <trkpt lat="43.69405388832092" lon="7.329179048538208">
        <ele>42.25</ele>
        <time>2025-02-28T09:40:57.761Z</time>
      </trkpt>
      <trkpt lat="43.69404315948486" lon="7.329307794570923">
        <ele>41.8</ele>
        <time>2025-02-28T09:41:00.615Z</time>
      </trkpt>
      <trkpt lat="43.69390368461609" lon="7.3297154903411865">
        <ele>41.16</ele>
        <time>2025-02-28T09:41:03.485Z</time>
      </trkpt>
      <trkpt lat="43.69391441345215" lon="7.3297905921936035">
        <ele>40.49</ele>
        <time>2025-02-28T09:41:06.358Z</time>
      </trkpt>
      <trkpt lat="43.69394659996033" lon="7.329833507537842">
        <ele>39.71</ele>
        <time>2025-02-28T09:41:09.233Z</time>
      </trkpt>
      <trkpt lat="43.694010972976685" lon="7.329833507537842">
        <ele>38.85</ele>
        <time>2025-02-28T09:41:12.111Z</time>
      </trkpt>
      <trkpt lat="43.694525957107544" lon="7.329597473144531">
        <ele>37.93</ele>
        <time>2025-02-28T09:41:15.016Z</time>
      </trkpt>
      <trkpt lat="43.69463324546814" lon="7.3295652866363525">
        <ele>36.92</ele>
        <time>2025-02-28T09:41:17.926Z</time>
      </trkpt>
      <trkpt lat="43.694761991500854" lon="7.329576015472412">
        <ele>35.83</ele>
        <time>2025-02-28T09:41:20.842Z</time>
      </trkpt>
      <trkpt lat="43.69493365287781" lon="7.329651117324829">
        <ele>34.65</ele>
        <time>2025-02-28T09:41:23.767Z</time>
      </trkpt>
      <trkpt lat="43.69493432343006" lon="7.329651536419988">
        <ele>33.43</ele>
        <time>2025-02-28T09:41:26.692Z</time>
      </trkpt>
      <trkpt lat="43.69506239891052" lon="7.329736948013306">
        <ele>32.08</ele>
        <time>2025-02-28T09:41:29.624Z</time>
      </trkpt>
      <trkpt lat="43.69511604309082" lon="7.329822778701782">
        <ele>30.62</ele>
        <time>2025-02-28T09:41:32.560Z</time>
      </trkpt>
      <trkpt lat="43.69490146636963" lon="7.329833507537842">
        <ele>29.18</ele>
        <time>2025-02-28T09:41:35.507Z</time>
      </trkpt>
      <trkpt lat="43.694719076156616" lon="7.3299407958984375">
        <ele>27.65</ele>
        <time>2025-02-28T09:41:38.463Z</time>
      </trkpt>
      <trkpt lat="43.694740533828735" lon="7.329983711242676">
        <ele>26.21</ele>
        <time>2025-02-28T09:41:41.421Z</time>
      </trkpt>
      <trkpt lat="43.69481563568115" lon="7.330069541931152">
        <ele>24.74</ele>
        <time>2025-02-28T09:41:44.384Z</time>
      </trkpt>
      <trkpt lat="43.6952502373606" lon="7.330402554944158">
        <ele>23.15</ele>
        <time>2025-02-28T09:41:47.371Z</time>
      </trkpt>
      <trkpt lat="43.69564175605774" lon="7.330702543258667">
        <ele>21.62</ele>
        <time>2025-02-28T09:41:50.380Z</time>
      </trkpt>
      <trkpt lat="43.695770502090454" lon="7.330756187438965">
        <ele>20.21</ele>
        <time>2025-02-28T09:41:53.396Z</time>
      </trkpt>
      <trkpt lat="43.69591819122434" lon="7.330716792494059">
        <ele>18.85</ele>
        <time>2025-02-28T09:41:56.419Z</time>
      </trkpt>
      <trkpt lat="43.69663375429809" lon="7.331904172897339">
        <ele>17.32</ele>
        <time>2025-02-28T09:41:59.497Z</time>
      </trkpt>
      <trkpt lat="43.69663123972714" lon="7.331902496516705">
        <ele>16.06</ele>
        <time>2025-02-28T09:42:02.575Z</time>
      </trkpt>
      <trkpt lat="43.69667172431946" lon="7.331786155700684">
        <ele>14.85</ele>
        <time>2025-02-28T09:42:05.658Z</time>
      </trkpt>
      <trkpt lat="43.69684346951544" lon="7.331560850143433">
        <ele>13.67</ele>
        <time>2025-02-28T09:42:08.752Z</time>
      </trkpt>
      <trkpt lat="43.6968837864697" lon="7.331503182649612">
        <ele>12.58</ele>
        <time>2025-02-28T09:42:11.849Z</time>
      </trkpt>
      <trkpt lat="43.69691848754883" lon="7.331453561782837">
        <ele>11.56</ele>
        <time>2025-02-28T09:42:14.949Z</time>
      </trkpt>
      <trkpt lat="43.69711169041693" lon="7.331292629241943">
        <ele>10.47</ele>
        <time>2025-02-28T09:42:18.060Z</time>
      </trkpt>
      <trkpt lat="43.6971116065979" lon="7.331292629241943">
        <ele>9.58</ele>
        <time>2025-02-28T09:42:21.171Z</time>
      </trkpt>
      <trkpt lat="43.69718679226935" lon="7.331228256225586">
        <ele>8.68</ele>
        <time>2025-02-28T09:42:24.286Z</time>
      </trkpt>
      <trkpt lat="43.69718670845032" lon="7.331228256225586">
        <ele>7.92</ele>
        <time>2025-02-28T09:42:27.401Z</time>
      </trkpt>
      <trkpt lat="43.6971618141979" lon="7.331249546259642">
        <ele>7.24</ele>
        <time>2025-02-28T09:42:30.518Z</time>
      </trkpt>
      <trkpt lat="43.69718679226935" lon="7.331228256225586">
        <ele>8.68</ele>
        <time>2025-02-28T09:42:33.636Z</time>
      </trkpt>
      <trkpt lat="43.69718670845032" lon="7.331228256225586">
        <ele>7.92</ele>
        <time>2025-02-28T09:42:36.754Z</time>
      </trkpt>
      <trkpt lat="43.697497844696045" lon="7.330927848815918">
        <ele>5.45</ele>
        <time>2025-02-28T09:42:39.891Z</time>
      </trkpt>
      <trkpt lat="43.69768023490906" lon="7.330831289291382">
        <ele>5.13</ele>
        <time>2025-02-28T09:42:43.037Z</time>
      </trkpt>
      <trkpt lat="43.69785189628601" lon="7.330809831619263">
        <ele>4.76</ele>
        <time>2025-02-28T09:42:46.192Z</time>
      </trkpt>
      <trkpt lat="43.69803428649902" lon="7.330842018127441">
        <ele>4.27</ele>
        <time>2025-02-28T09:42:49.356Z</time>
      </trkpt>
      <trkpt lat="43.6981285829097" lon="7.3308301996439695">
        <ele>3.93</ele>
        <time>2025-02-28T09:42:52.524Z</time>
      </trkpt>
      <trkpt lat="43.69820594787598" lon="7.330820560455322">
        <ele>3.58</ele>
        <time>2025-02-28T09:42:55.696Z</time>
      </trkpt>
      <trkpt lat="43.69834550656378" lon="7.330766916275024">
        <ele>3.2</ele>
        <time>2025-02-28T09:42:58.875Z</time>
      </trkpt>
      <trkpt lat="43.69835623539984" lon="7.330756187438965">
        <ele>2.97</ele>
        <time>2025-02-28T09:43:02.055Z</time>
      </trkpt>
      <trkpt lat="43.698517084121704" lon="7.330648899078369">
        <ele>2.71</ele>
        <time>2025-02-28T09:43:05.244Z</time>
      </trkpt>
      <trkpt lat="43.6986780166626" lon="7.330487966537476">
        <ele>2.58</ele>
        <time>2025-02-28T09:43:08.442Z</time>
      </trkpt>
      <trkpt lat="43.69878530502319" lon="7.330305576324463">
        <ele>2.46</ele>
        <time>2025-02-28T09:43:11.649Z</time>
      </trkpt>
      <trkpt lat="43.69928956031799" lon="7.329908609390259">
        <ele>2.36</ele>
        <time>2025-02-28T09:43:14.884Z</time>
      </trkpt>
      <trkpt lat="43.69940766133368" lon="7.32987642288208">
        <ele>2.25</ele>
        <time>2025-02-28T09:43:18.125Z</time>
      </trkpt>
      <trkpt lat="43.69953632354736" lon="7.329854965209961">
        <ele>2.15</ele>
        <time>2025-02-28T09:43:21.372Z</time>
      </trkpt>
      <trkpt lat="43.69964361190796" lon="7.329801321029663">
        <ele>2.1</ele>
        <time>2025-02-28T09:43:24.625Z</time>
      </trkpt>
      <trkpt lat="43.69992256164551" lon="7.329844236373901">
        <ele>1.97</ele>
        <time>2025-02-28T09:43:27.892Z</time>
      </trkpt>
      <trkpt lat="43.70014786720276" lon="7.329897880554199">
        <ele>1.86</ele>
        <time>2025-02-28T09:43:31.170Z</time>
      </trkpt>
      <trkpt lat="43.70028734207153" lon="7.329983711242676">
        <ele>1.74</ele>
        <time>2025-02-28T09:43:34.455Z</time>
      </trkpt>
      <trkpt lat="43.70040535926819" lon="7.330112457275391">
        <ele>1.61</ele>
        <time>2025-02-28T09:43:37.748Z</time>
      </trkpt>
      <trkpt lat="43.7006413936615" lon="7.330262660980225">
        <ele>1.34</ele>
        <time>2025-02-28T09:43:41.054Z</time>
      </trkpt>
      <trkpt lat="43.70065220631659" lon="7.330434322357178">
        <ele>1.03</ele>
        <time>2025-02-28T09:43:44.366Z</time>
      </trkpt>
      <trkpt lat="43.70065212249756" lon="7.330434322357178">
        <ele>0.91</ele>
        <time>2025-02-28T09:43:47.678Z</time>
      </trkpt>
      <trkpt lat="43.70067358016968" lon="7.3304665088653564">
        <ele>0.75</ele>
        <time>2025-02-28T09:43:50.991Z</time>
      </trkpt>
      <trkpt lat="43.70080232620239" lon="7.3304665088653564">
        <ele>0.64</ele>
        <time>2025-02-28T09:43:54.311Z</time>
      </trkpt>
      <trkpt lat="43.701006174087524" lon="7.330219745635986">
        <ele>0.6</ele>
        <time>2025-02-28T09:43:57.644Z</time>
      </trkpt>
      <trkpt lat="43.7011992931366" lon="7.329919338226318">
        <ele>0.68</ele>
        <time>2025-02-28T09:44:00.991Z</time>
      </trkpt>
      <trkpt lat="43.701478242874146" lon="7.329651117324829">
        <ele>0.95</ele>
        <time>2025-02-28T09:44:04.355Z</time>
      </trkpt>
      <trkpt lat="43.70160698890686" lon="7.329597473144531">
        <ele>0.87</ele>
        <time>2025-02-28T09:44:07.725Z</time>
      </trkpt>
      <trkpt lat="43.70160698890686" lon="7.329554557800293">
        <ele>0.81</ele>
        <time>2025-02-28T09:44:11.097Z</time>
      </trkpt>
      <trkpt lat="43.70177865028381" lon="7.329307794570923">
        <ele>0.87</ele>
        <time>2025-02-28T09:44:14.481Z</time>
      </trkpt>
      <trkpt lat="43.70178426615894" lon="7.329305028542876">
        <ele>0.85</ele>
        <time>2025-02-28T09:44:17.865Z</time>
      </trkpt>
      <trkpt lat="43.701985850930214" lon="7.329254150390625">
        <ele>0.93</ele>
        <time>2025-02-28T09:44:21.259Z</time>
      </trkpt>
      <trkpt lat="43.70220310986042" lon="7.329398989677429">
        <ele>0.88</ele>
        <time>2025-02-28T09:44:24.665Z</time>
      </trkpt>
      <trkpt lat="43.70241039432585" lon="7.3295532166957855">
        <ele>0.87</ele>
        <time>2025-02-28T09:44:28.083Z</time>
      </trkpt>
      <trkpt lat="43.70242799632251" lon="7.32961893081665">
        <ele>1.02</ele>
        <time>2025-02-28T09:44:31.503Z</time>
      </trkpt>
      <trkpt lat="43.70292437262833" lon="7.330155372619629">
        <ele>1.03</ele>
        <time>2025-02-28T09:44:34.954Z</time>
      </trkpt>
      <trkpt lat="43.7035527639091" lon="7.331060701981187">
        <ele>1.43</ele>
        <time>2025-02-28T09:44:38.450Z</time>
      </trkpt>
      <trkpt lat="43.70373490266502" lon="7.331362366676331">
        <ele>1.76</ele>
        <time>2025-02-28T09:44:41.960Z</time>
      </trkpt>
      <trkpt lat="43.70389776304364" lon="7.331185340881348">
        <ele>2.55</ele>
        <time>2025-02-28T09:44:45.480Z</time>
      </trkpt>
      <trkpt lat="43.70389960706234" lon="7.331183245405555">
        <ele>3.26</ele>
        <time>2025-02-28T09:44:49.000Z</time>
      </trkpt>
      <trkpt lat="43.70388150215149" lon="7.331153154373169">
        <ele>4.11</ele>
        <time>2025-02-28T09:44:52.521Z</time>
      </trkpt>
      <trkpt lat="43.70393514633179" lon="7.331099510192871">
        <ele>5.17</ele>
        <time>2025-02-28T09:44:56.046Z</time>
      </trkpt>
      <trkpt lat="43.703956604003906" lon="7.331153154373169">
        <ele>6.33</ele>
        <time>2025-02-28T09:44:59.573Z</time>
      </trkpt>
      <trkpt lat="43.704053247347474" lon="7.331067323684692">
        <ele>7.75</ele>
        <time>2025-02-28T09:45:03.105Z</time>
      </trkpt>
      <trkpt lat="43.70438575744629" lon="7.330702543258667">
        <ele>9.44</ele>
        <time>2025-02-28T09:45:06.658Z</time>
      </trkpt>
      <trkpt lat="43.704460859298706" lon="7.330648899078369">
        <ele>11.18</ele>
        <time>2025-02-28T09:45:10.215Z</time>
      </trkpt>
      <trkpt lat="43.70453596115112" lon="7.330573797225952">
        <ele>13.13</ele>
        <time>2025-02-28T09:45:13.777Z</time>
      </trkpt>
      <trkpt lat="43.70466470718384" lon="7.330455780029297">
        <ele>15.26</ele>
        <time>2025-02-28T09:45:17.346Z</time>
      </trkpt>
      <trkpt lat="43.70469689369202" lon="7.330402135848999">
        <ele>17.6</ele>
        <time>2025-02-28T09:45:20.918Z</time>
      </trkpt>
      <trkpt lat="43.704707622528076" lon="7.330359220504761">
        <ele>20.16</ele>
        <time>2025-02-28T09:45:24.492Z</time>
      </trkpt>
      <trkpt lat="43.70468616485596" lon="7.3300909996032715">
        <ele>22.97</ele>
        <time>2025-02-28T09:45:28.075Z</time>
      </trkpt>
      <trkpt lat="43.704729080200195" lon="7.329983711242676">
        <ele>25.94</ele>
        <time>2025-02-28T09:45:31.663Z</time>
      </trkpt>
      <trkpt lat="43.70534062385559" lon="7.329243421554565">
        <ele>29.44</ele>
        <time>2025-02-28T09:45:35.290Z</time>
      </trkpt>
      <trkpt lat="43.70602995157242" lon="7.328721983358264">
        <ele>33.15</ele>
        <time>2025-02-28T09:45:38.956Z</time>
      </trkpt>
      <trkpt lat="43.70694198645651" lon="7.328073978424072">
        <ele>37.18</ele>
        <time>2025-02-28T09:45:42.672Z</time>
      </trkpt>
      <trkpt lat="43.707484882324934" lon="7.327301502227783">
        <ele>41.41</ele>
        <time>2025-02-28T09:45:46.426Z</time>
      </trkpt>
      <trkpt lat="43.70795711874962" lon="7.327749179676175">
        <ele>45.33</ele>
        <time>2025-02-28T09:45:50.209Z</time>
      </trkpt>
      <trkpt lat="43.707969188690186" lon="7.327677011489868">
        <ele>49.36</ele>
        <time>2025-02-28T09:45:53.994Z</time>
      </trkpt>
      <trkpt lat="43.70796927250922" lon="7.327677011489868">
        <ele>53.47</ele>
        <time>2025-02-28T09:45:57.779Z</time>
      </trkpt>
      <trkpt lat="43.70818384923041" lon="7.327204942703247">
        <ele>58.14</ele>
        <time>2025-02-28T09:46:01.584Z</time>
      </trkpt>
      <trkpt lat="43.70807697996497" lon="7.32708441093564">
        <ele>62.41</ele>
        <time>2025-02-28T09:46:05.396Z</time>
      </trkpt>
      <trkpt lat="43.70818384923041" lon="7.327204942703247">
        <ele>58.14</ele>
        <time>2025-02-28T09:46:09.214Z</time>
      </trkpt>
      <trkpt lat="43.70826959609985" lon="7.327011823654175">
        <ele>71.48</ele>
        <time>2025-02-28T09:46:13.041Z</time>
      </trkpt>
      <trkpt lat="43.70841979980469" lon="7.326775789260864">
        <ele>76.21</ele>
        <time>2025-02-28T09:46:16.879Z</time>
      </trkpt>
      <trkpt lat="43.708720207214355" lon="7.326990365982056">
        <ele>80.83</ele>
        <time>2025-02-28T09:46:20.733Z</time>
      </trkpt>
      <trkpt lat="43.70908498764038" lon="7.326056957244873">
        <ele>85.69</ele>
        <time>2025-02-28T09:46:24.625Z</time>
      </trkpt>
      <trkpt lat="43.70907425880432" lon="7.326593399047852">
        <ele>90.02</ele>
        <time>2025-02-28T09:46:28.536Z</time>
      </trkpt>
      <trkpt lat="43.70918154716492" lon="7.326217889785767">
        <ele>94.5</ele>
        <time>2025-02-28T09:46:32.461Z</time>
      </trkpt>
      <trkpt lat="43.709267377853394" lon="7.326003313064575">
        <ele>98.87</ele>
        <time>2025-02-28T09:46:36.395Z</time>
      </trkpt>
      <trkpt lat="43.70941758155823" lon="7.325799465179443">
        <ele>103.26</ele>
        <time>2025-02-28T09:46:40.339Z</time>
      </trkpt>
      <trkpt lat="43.70952486991882" lon="7.325799465179443">
        <ele>107.5</ele>
        <time>2025-02-28T09:46:44.289Z</time>
      </trkpt>
      <trkpt lat="43.709728717803955" lon="7.325917482376099">
        <ele>112.01</ele>
        <time>2025-02-28T09:46:48.250Z</time>
      </trkpt>
      <trkpt lat="43.70981454849243" lon="7.325928211212158">
        <ele>115.96</ele>
        <time>2025-02-28T09:46:52.215Z</time>
      </trkpt>
      <trkpt lat="43.70981454849243" lon="7.325981855392456">
        <ele>119.48</ele>
        <time>2025-02-28T09:46:56.182Z</time>
      </trkpt>
      <trkpt lat="43.71019014157355" lon="7.325917482376099">
        <ele>123.61</ele>
        <time>2025-02-28T09:47:00.167Z</time>
      </trkpt>
      <trkpt lat="43.710243701934814" lon="7.326357364654541">
        <ele>126.79</ele>
        <time>2025-02-28T09:47:04.168Z</time>
      </trkpt>
      <trkpt lat="43.710254933685064" lon="7.326441938057542">
        <ele>129.62</ele>
        <time>2025-02-28T09:47:08.172Z</time>
      </trkpt>
      <trkpt lat="43.710255017504096" lon="7.326442021876574">
        <ele>132.26</ele>
        <time>2025-02-28T09:47:12.176Z</time>
      </trkpt>
      <trkpt lat="43.710243701934814" lon="7.326357364654541">
        <ele>126.79</ele>
        <time>2025-02-28T09:47:16.183Z</time>
      </trkpt>
      <trkpt lat="43.71034026145935" lon="7.3263466358184814">
        <ele>137.07</ele>
        <time>2025-02-28T09:47:20.195Z</time>
      </trkpt>
      <trkpt lat="43.710447549819946" lon="7.326647043228149">
        <ele>138.94</ele>
        <time>2025-02-28T09:47:24.219Z</time>
      </trkpt>
      <trkpt lat="43.710490465164185" lon="7.3266685009002686">
        <ele>140.69</ele>
        <time>2025-02-28T09:47:28.245Z</time>
      </trkpt>
      <trkpt lat="43.71052265167236" lon="7.326786518096924">
        <ele>142.18</ele>
        <time>2025-02-28T09:47:32.276Z</time>
      </trkpt>
      <trkpt lat="43.71057629585266" lon="7.327076196670532">
        <ele>143.39</ele>
        <time>2025-02-28T09:47:36.317Z</time>
      </trkpt>
      <trkpt lat="43.71065139770508" lon="7.327355146408081">
        <ele>144.47</ele>
        <time>2025-02-28T09:47:40.369Z</time>
      </trkpt>
      <trkpt lat="43.71076941490173" lon="7.327666282653809">
        <ele>145.49</ele>
        <time>2025-02-28T09:47:44.433Z</time>
      </trkpt>
      <trkpt lat="43.710747957229614" lon="7.327762842178345">
        <ele>146.18</ele>
        <time>2025-02-28T09:47:48.501Z</time>
      </trkpt>
      <trkpt lat="43.71088743209839" lon="7.3280417919158936">
        <ele>146.83</ele>
        <time>2025-02-28T09:47:52.581Z</time>
      </trkpt>
      <trkpt lat="43.710994720458984" lon="7.3281919956207275">
        <ele>147.33</ele>
        <time>2025-02-28T09:47:56.668Z</time>
      </trkpt>
      <trkpt lat="43.711263025179505" lon="7.328513860702515">
        <ele>147.82</ele>
        <time>2025-02-28T09:48:00.773Z</time>
      </trkpt>
      <trkpt lat="43.711445331573486" lon="7.3287177085876465">
        <ele>148.17</ele>
        <time>2025-02-28T09:48:04.889Z</time>
      </trkpt>
      <trkpt lat="43.7115204334259" lon="7.3288679122924805">
        <ele>148.37</ele>
        <time>2025-02-28T09:48:09.012Z</time>
      </trkpt>
      <trkpt lat="43.7115222774446" lon="7.328876964747906">
        <ele>148.49</ele>
        <time>2025-02-28T09:48:13.135Z</time>
      </trkpt>
      <trkpt lat="43.71154189109802" lon="7.328975200653076">
        <ele>148.56</ele>
        <time>2025-02-28T09:48:17.262Z</time>
      </trkpt>
      <trkpt lat="43.71153116226196" lon="7.329039573669434">
        <ele>148.56</ele>
        <time>2025-02-28T09:48:21.391Z</time>
      </trkpt>
      <trkpt lat="43.711702823638916" lon="7.329307794570923">
        <ele>148.73</ele>
        <time>2025-02-28T09:48:25.533Z</time>
      </trkpt>
      <trkpt lat="43.71188529767096" lon="7.329694032669067">
        <ele>148.78</ele>
        <time>2025-02-28T09:48:29.691Z</time>
      </trkpt>
      <trkpt lat="43.71195578947663" lon="7.329771062359214">
        <ele>148.96</ele>
        <time>2025-02-28T09:48:33.854Z</time>
      </trkpt>
      <trkpt lat="43.71195578947663" lon="7.329770978540182">
        <ele>149.12</ele>
        <time>2025-02-28T09:48:38.017Z</time>
      </trkpt>
      <trkpt lat="43.712003231048584" lon="7.329822778701782">
        <ele>149.39</ele>
        <time>2025-02-28T09:48:42.183Z</time>
      </trkpt>
      <trkpt lat="43.71215343475342" lon="7.329919338226318">
        <ele>149.95</ele>
        <time>2025-02-28T09:48:46.357Z</time>
      </trkpt>
      <trkpt lat="43.712228536605835" lon="7.3300158977508545">
        <ele>150.41</ele>
        <time>2025-02-28T09:48:50.536Z</time>
      </trkpt>
      <trkpt lat="43.712475299835205" lon="7.330477237701416">
        <ele>150.91</ele>
        <time>2025-02-28T09:48:54.735Z</time>
      </trkpt>
      <trkpt lat="43.71270068921149" lon="7.330842018127441">
        <ele>151.67</ele>
        <time>2025-02-28T09:48:58.951Z</time>
      </trkpt>
      <trkpt lat="43.712700605392456" lon="7.330842018127441">
        <ele>152.48</ele>
        <time>2025-02-28T09:49:03.167Z</time>
      </trkpt>
      <trkpt lat="43.71270068921149" lon="7.330852746963501">
        <ele>153.42</ele>
        <time>2025-02-28T09:49:07.383Z</time>
      </trkpt>
      <trkpt lat="43.712700605392456" lon="7.330852746963501">
        <ele>154.56</ele>
        <time>2025-02-28T09:49:11.599Z</time>
      </trkpt>
      <trkpt lat="43.71288299560547" lon="7.330970764160156">
        <ele>156.18</ele>
        <time>2025-02-28T09:49:15.825Z</time>
      </trkpt>
      <trkpt lat="43.71315121650696" lon="7.33113169670105">
        <ele>157.99</ele>
        <time>2025-02-28T09:49:20.066Z</time>
      </trkpt>
      <trkpt lat="43.71334433555603" lon="7.331281900405884">
        <ele>159.82</ele>
        <time>2025-02-28T09:49:24.318Z</time>
      </trkpt>
      <trkpt lat="43.71343016624451" lon="7.3313891887664795">
        <ele>161.77</ele>
        <time>2025-02-28T09:49:28.575Z</time>
      </trkpt>
      <trkpt lat="43.71352672576904" lon="7.3315393924713135">
        <ele>164.04</ele>
        <time>2025-02-28T09:49:32.839Z</time>
      </trkpt>
      <trkpt lat="43.71363401412964" lon="7.33162522315979">
        <ele>166.63</ele>
        <time>2025-02-28T09:49:37.109Z</time>
      </trkpt>
      <trkpt lat="43.71376276016235" lon="7.332000732421875">
        <ele>169.32</ele>
        <time>2025-02-28T09:49:41.394Z</time>
      </trkpt>
      <trkpt lat="43.71389150619507" lon="7.332215309143066">
        <ele>172.1</ele>
        <time>2025-02-28T09:49:45.689Z</time>
      </trkpt>
      <trkpt lat="43.71395814232528" lon="7.332272389903665">
        <ele>175.16</ele>
        <time>2025-02-28T09:49:49.988Z</time>
      </trkpt>
      <trkpt lat="43.713966608047485" lon="7.332279682159424">
        <ele>178.39</ele>
        <time>2025-02-28T09:49:54.287Z</time>
      </trkpt>
      <trkpt lat="43.71395814232528" lon="7.332272389903665">
        <ele>175.16</ele>
        <time>2025-02-28T09:49:58.587Z</time>
      </trkpt>
      <trkpt lat="43.71395797468722" lon="7.332272222265601">
        <ele>185.5</ele>
        <time>2025-02-28T09:50:02.887Z</time>
      </trkpt>
      <trkpt lat="43.713966608047485" lon="7.332279682159424">
        <ele>178.39</ele>
        <time>2025-02-28T09:50:07.187Z</time>
      </trkpt>
      <trkpt lat="43.7140417098999" lon="7.332397699356079">
        <ele>193.75</ele>
        <time>2025-02-28T09:50:11.493Z</time>
      </trkpt>
      <trkpt lat="43.714224100112915" lon="7.332719564437866">
        <ele>198.23</ele>
        <time>2025-02-28T09:50:15.813Z</time>
      </trkpt>
      <trkpt lat="43.71434211730957" lon="7.3328375816345215">
        <ele>203.34</ele>
        <time>2025-02-28T09:50:20.141Z</time>
      </trkpt>
      <trkpt lat="43.71439576148987" lon="7.33288049697876">
        <ele>208.48</ele>
        <time>2025-02-28T09:50:24.472Z</time>
      </trkpt>
      <trkpt lat="43.71452450752258" lon="7.33311653137207">
        <ele>213.76</ele>
        <time>2025-02-28T09:50:28.813Z</time>
      </trkpt>
      <trkpt lat="43.71457815170288" lon="7.333320379257202">
        <ele>218.81</ele>
        <time>2025-02-28T09:50:33.162Z</time>
      </trkpt>
      <trkpt lat="43.71466398239136" lon="7.333395481109619">
        <ele>224.52</ele>
        <time>2025-02-28T09:50:37.516Z</time>
      </trkpt>
      <trkpt lat="43.71484637260437" lon="7.33362078666687">
        <ele>230.58</ele>
        <time>2025-02-28T09:50:41.882Z</time>
      </trkpt>
      <trkpt lat="43.71487855911255" lon="7.333717346191406">
        <ele>236.42</ele>
        <time>2025-02-28T09:50:46.252Z</time>
      </trkpt>
      <trkpt lat="43.71531844139099" lon="7.3342108726501465">
        <ele>244.02</ele>
        <time>2025-02-28T09:50:50.649Z</time>
      </trkpt>
      <trkpt lat="43.71543645858765" lon="7.334318161010742">
        <ele>250.59</ele>
        <time>2025-02-28T09:50:55.053Z</time>
      </trkpt>
      <trkpt lat="43.71551156044006" lon="7.33461856842041">
        <ele>257.12</ele>
        <time>2025-02-28T09:50:59.469Z</time>
      </trkpt>
      <trkpt lat="43.71557593345642" lon="7.334532737731934">
        <ele>263.33</ele>
        <time>2025-02-28T09:51:03.889Z</time>
      </trkpt>
      <trkpt lat="43.71561884880066" lon="7.334522008895874">
        <ele>269.48</ele>
        <time>2025-02-28T09:51:08.311Z</time>
      </trkpt>
      <trkpt lat="43.71564030647278" lon="7.334500551223755">
        <ele>275.42</ele>
        <time>2025-02-28T09:51:12.734Z</time>
      </trkpt>
      <trkpt lat="43.715715408325195" lon="7.334393262863159">
        <ele>281.39</ele>
        <time>2025-02-28T09:51:17.163Z</time>
      </trkpt>
      <trkpt lat="43.71579051017761" lon="7.3343825340271">
        <ele>287.33</ele>
        <time>2025-02-28T09:51:21.595Z</time>
      </trkpt>
      <trkpt lat="43.71582269668579" lon="7.334243059158325">
        <ele>293.23</ele>
        <time>2025-02-28T09:51:26.033Z</time>
      </trkpt>
      <trkpt lat="43.71586561203003" lon="7.334307432174683">
        <ele>298.93</ele>
        <time>2025-02-28T09:51:30.474Z</time>
      </trkpt>
      <trkpt lat="43.71587634086609" lon="7.334468364715576">
        <ele>304.44</ele>
        <time>2025-02-28T09:51:34.921Z</time>
      </trkpt>
      <trkpt lat="43.715951442718506" lon="7.334468364715576">
        <ele>309.83</ele>
        <time>2025-02-28T09:51:39.371Z</time>
      </trkpt>
      <trkpt lat="43.71609100140631" lon="7.334468364715576">
        <ele>315.15</ele>
        <time>2025-02-28T09:51:43.828Z</time>
      </trkpt>
      <trkpt lat="43.71608027257025" lon="7.334189414978027">
        <ele>320.77</ele>
        <time>2025-02-28T09:51:48.295Z</time>
      </trkpt>
      <trkpt lat="43.716015899553895" lon="7.3326873779296875">
        <ele>325.88</ele>
        <time>2025-02-28T09:51:52.815Z</time>
      </trkpt>
      <trkpt lat="43.71595152653754" lon="7.332410523667932">
        <ele>331.26</ele>
        <time>2025-02-28T09:51:57.346Z</time>
      </trkpt>
      <trkpt lat="43.71595152653754" lon="7.332410272210836">
        <ele>336.25</ele>
        <time>2025-02-28T09:52:01.877Z</time>
      </trkpt>
      <trkpt lat="43.71587642468512" lon="7.332086563110352">
        <ele>341.47</ele>
        <time>2025-02-28T09:52:06.420Z</time>
      </trkpt>
      <trkpt lat="43.71587634086609" lon="7.331861257553101">
        <ele>346.47</ele>
        <time>2025-02-28T09:52:10.971Z</time>
      </trkpt>
      <trkpt lat="43.71585488319397" lon="7.331904172897339">
        <ele>351.05</ele>
        <time>2025-02-28T09:52:15.524Z</time>
      </trkpt>
      <trkpt lat="43.71576905250549" lon="7.331507205963135">
        <ele>356.02</ele>
        <time>2025-02-28T09:52:20.091Z</time>
      </trkpt>
      <trkpt lat="43.715715408325195" lon="7.330927848815918">
        <ele>361.2</ele>
        <time>2025-02-28T09:52:24.679Z</time>
      </trkpt>
      <trkpt lat="43.715704679489136" lon="7.329758405685425">
        <ele>365.82</ele>
        <time>2025-02-28T09:52:29.309Z</time>
      </trkpt>
      <trkpt lat="43.71568322181702" lon="7.329307794570923">
        <ele>369.82</ele>
        <time>2025-02-28T09:52:33.955Z</time>
      </trkpt>
      <trkpt lat="43.71558666229248" lon="7.328706979751587">
        <ele>373.69</ele>
        <time>2025-02-28T09:52:38.623Z</time>
      </trkpt>
      <trkpt lat="43.71556520462036" lon="7.3284173011779785">
        <ele>377.29</ele>
        <time>2025-02-28T09:52:43.301Z</time>
      </trkpt>
      <trkpt lat="43.71559739112854" lon="7.3281168937683105">
        <ele>380.62</ele>
        <time>2025-02-28T09:52:47.990Z</time>
      </trkpt>
      <trkpt lat="43.71557593345642" lon="7.328020334243774">
        <ele>383.62</ele>
        <time>2025-02-28T09:52:52.682Z</time>
      </trkpt>
      <trkpt lat="43.715543830767274" lon="7.327902317047119">
        <ele>386.35</ele>
        <time>2025-02-28T09:52:57.379Z</time>
      </trkpt>
      <trkpt lat="43.715500831604004" lon="7.327580451965332">
        <ele>388.8</ele>
        <time>2025-02-28T09:53:02.088Z</time>
      </trkpt>
      <trkpt lat="43.715500915423036" lon="7.327580451965332">
        <ele>390.94</ele>
        <time>2025-02-28T09:53:06.797Z</time>
      </trkpt>
      <trkpt lat="43.71541508473456" lon="7.326979637145996">
        <ele>393.03</ele>
        <time>2025-02-28T09:53:11.527Z</time>
      </trkpt>
      <trkpt lat="43.71532925404608" lon="7.326840162277222">
        <ele>394.7</ele>
        <time>2025-02-28T09:53:16.264Z</time>
      </trkpt>
      <trkpt lat="43.715232610702515" lon="7.32662558555603">
        <ele>396.14</ele>
        <time>2025-02-28T09:53:21.010Z</time>
      </trkpt>
      <trkpt lat="43.71531844139099" lon="7.325842380523682">
        <ele>397.24</ele>
        <time>2025-02-28T09:53:25.784Z</time>
      </trkpt>
      <trkpt lat="43.715297067537904" lon="7.325606346130371">
        <ele>397.93</ele>
        <time>2025-02-28T09:53:30.566Z</time>
      </trkpt>
      <trkpt lat="43.715232610702515" lon="7.325456142425537">
        <ele>398.29</ele>
        <time>2025-02-28T09:53:35.355Z</time>
      </trkpt>
      <trkpt lat="43.715189695358276" lon="7.32539176940918">
        <ele>398.35</ele>
        <time>2025-02-28T09:53:40.147Z</time>
      </trkpt>
      <trkpt lat="43.715039575472474" lon="7.325230836868286">
        <ele>398.09</ele>
        <time>2025-02-28T09:53:44.948Z</time>
      </trkpt>
      <trkpt lat="43.71494301594794" lon="7.325005531311035">
        <ele>397.46</ele>
        <time>2025-02-28T09:53:49.758Z</time>
      </trkpt>
      <trkpt lat="43.714942932128906" lon="7.3248231410980225">
        <ele>396.68</ele>
        <time>2025-02-28T09:53:54.575Z</time>
      </trkpt>
      <trkpt lat="43.714996576309204" lon="7.32464075088501">
        <ele>395.59</ele>
        <time>2025-02-28T09:53:59.399Z</time>
      </trkpt>
      <trkpt lat="43.714942932128906" lon="7.324587106704712">
        <ele>394.18</ele>
        <time>2025-02-28T09:54:04.226Z</time>
      </trkpt>
      <trkpt lat="43.714941842481494" lon="7.324582496657968">
        <ele>392.56</ele>
        <time>2025-02-28T09:54:09.053Z</time>
      </trkpt>
      <trkpt lat="43.71492541395128" lon="7.324589788913727">
        <ele>390.67</ele>
        <time>2025-02-28T09:54:13.881Z</time>
      </trkpt>
      <trkpt lat="43.714863890782" lon="7.3242785688489676">
        <ele>388.48</ele>
        <time>2025-02-28T09:54:18.721Z</time>
      </trkpt>
      <trkpt lat="43.714853497222066" lon="7.324134651571512">
        <ele>386.1</ele>
        <time>2025-02-28T09:54:23.566Z</time>
      </trkpt>
      <trkpt lat="43.714891634881496" lon="7.323942957445979">
        <ele>383.44</ele>
        <time>2025-02-28T09:54:28.418Z</time>
      </trkpt>
      <trkpt lat="43.714795745909214" lon="7.323874644935131">
        <ele>380.61</ele>
        <time>2025-02-28T09:54:33.275Z</time>
      </trkpt>
      <trkpt lat="43.71477738954127" lon="7.323822928592563">
        <ele>377.63</ele>
        <time>2025-02-28T09:54:38.134Z</time>
      </trkpt>
      <trkpt lat="43.71483069844544" lon="7.3237802647054195">
        <ele>374.5</ele>
        <time>2025-02-28T09:54:42.996Z</time>
      </trkpt>
      <trkpt lat="43.71497486717999" lon="7.323592510074377">
        <ele>370.92</ele>
        <time>2025-02-28T09:54:47.868Z</time>
      </trkpt>
      <trkpt lat="43.71510495431721" lon="7.323469296097755">
        <ele>367.39</ele>
        <time>2025-02-28T09:54:52.748Z</time>
      </trkpt>
      <trkpt lat="43.715149546042085" lon="7.323444988578558">
        <ele>363.98</ele>
        <time>2025-02-28T09:54:57.630Z</time>
      </trkpt>
      <trkpt lat="43.71524132788181" lon="7.323329905048013">
        <ele>360.38</ele>
        <time>2025-02-28T09:55:02.518Z</time>
      </trkpt>
      <trkpt lat="43.71542346663773" lon="7.3231482692062855">
        <ele>356.9</ele>
        <time>2025-02-28T09:55:07.417Z</time>
      </trkpt>
      <trkpt lat="43.71558238752186" lon="7.322900667786598">
        <ele>353.34</ele>
        <time>2025-02-28T09:55:12.328Z</time>
      </trkpt>
      <trkpt lat="43.71564902365208" lon="7.322687096893787">
        <ele>349.78</ele>
        <time>2025-02-28T09:55:17.247Z</time>
      </trkpt>
      <trkpt lat="43.71569889597595" lon="7.322360621765256">
        <ele>346.15</ele>
        <time>2025-02-28T09:55:22.178Z</time>
      </trkpt>
      <trkpt lat="43.71571163646877" lon="7.3221643175929785">
        <ele>342.6</ele>
        <time>2025-02-28T09:55:27.116Z</time>
      </trkpt>
      <trkpt lat="43.71569755487144" lon="7.321994416415691">
        <ele>339.08</ele>
        <time>2025-02-28T09:55:32.060Z</time>
      </trkpt>
      <trkpt lat="43.71570384129882" lon="7.32153257355094">
        <ele>335.46</ele>
        <time>2025-02-28T09:55:37.020Z</time>
      </trkpt>
      <trkpt lat="43.71565321460366" lon="7.321256557479501">
        <ele>332.03</ele>
        <time>2025-02-28T09:55:41.990Z</time>
      </trkpt>
      <trkpt lat="43.71564768254757" lon="7.320943912491202">
        <ele>328.91</ele>
        <time>2025-02-28T09:55:46.972Z</time>
      </trkpt>
      <trkpt lat="43.71576293371618" lon="7.320375870913267">
        <ele>326.17</ele>
        <time>2025-02-28T09:55:51.975Z</time>
      </trkpt>
      <trkpt lat="43.71590366587043" lon="7.319268034771085">
        <ele>323.59</ele>
        <time>2025-02-28T09:55:57.017Z</time>
      </trkpt>
      <trkpt lat="43.71587634086609" lon="7.3178742080926895">
        <ele>320.64</ele>
        <time>2025-02-28T09:56:02.109Z</time>
      </trkpt>
      <trkpt lat="43.715899055823684" lon="7.317565083503723">
        <ele>318.59</ele>
        <time>2025-02-28T09:56:07.212Z</time>
      </trkpt>
      <trkpt lat="43.71586309745908" lon="7.317183203995228">
        <ele>316.67</ele>
        <time>2025-02-28T09:56:12.329Z</time>
      </trkpt>
      <trkpt lat="43.715888913720846" lon="7.315984508022666">
        <ele>315.38</ele>
        <time>2025-02-28T09:56:17.488Z</time>
      </trkpt>
      <trkpt lat="43.71602050960064" lon="7.315578740090132">
        <ele>314.48</ele>
        <time>2025-02-28T09:56:22.663Z</time>
      </trkpt>
      <trkpt lat="43.71604582294822" lon="7.315540267154574">
        <ele>313.57</ele>
        <time>2025-02-28T09:56:27.840Z</time>
      </trkpt>
      <trkpt lat="43.71609644964337" lon="7.315525934100151">
        <ele>312.93</ele>
        <time>2025-02-28T09:56:33.020Z</time>
      </trkpt>
      <trkpt lat="43.716137520968914" lon="7.315483605489135">
        <ele>312.54</ele>
        <time>2025-02-28T09:56:38.202Z</time>
      </trkpt>
      <trkpt lat="43.71628252789378" lon="7.315099546685815">
        <ele>312.41</ele>
        <time>2025-02-28T09:56:43.399Z</time>
      </trkpt>
      <trkpt lat="43.71631605550647" lon="7.3150542844086885">
        <ele>312.47</ele>
        <time>2025-02-28T09:56:48.599Z</time>
      </trkpt>
      <trkpt lat="43.71631421148777" lon="7.314776172861457">
        <ele>312.68</ele>
        <time>2025-02-28T09:56:53.809Z</time>
      </trkpt>
      <trkpt lat="43.716292921453714" lon="7.3145439103245735">
        <ele>313.19</ele>
        <time>2025-02-28T09:56:59.027Z</time>
      </trkpt>
      <trkpt lat="43.71631069108844" lon="7.314409548416734">
        <ele>313.91</ele>
        <time>2025-02-28T09:57:04.250Z</time>
      </trkpt>
      <trkpt lat="43.7162952683866" lon="7.314276276156306">
        <ele>314.76</ele>
        <time>2025-02-28T09:57:09.478Z</time>
      </trkpt>
      <trkpt lat="43.7163541931659" lon="7.314094807952642">
        <ele>315.83</ele>
        <time>2025-02-28T09:57:14.713Z</time>
      </trkpt>
      <trkpt lat="43.71648570522666" lon="7.313337754458189">
        <ele>317.16</ele>
        <time>2025-02-28T09:57:19.975Z</time>
      </trkpt>
      <trkpt lat="43.71660883538425" lon="7.313083028420806">
        <ele>318.47</ele>
        <time>2025-02-28T09:57:25.248Z</time>
      </trkpt>
      <trkpt lat="43.71660313569009" lon="7.31277734041214">
        <ele>319.75</ele>
        <time>2025-02-28T09:57:30.532Z</time>
      </trkpt>
      <trkpt lat="43.716733725741506" lon="7.3126390390098095">
        <ele>321.08</ele>
        <time>2025-02-28T09:57:35.824Z</time>
      </trkpt>
      <trkpt lat="43.7167807482183" lon="7.31255354359746">
        <ele>322.45</ele>
        <time>2025-02-28T09:57:41.120Z</time>
      </trkpt>
      <trkpt lat="43.716920893639326" lon="7.312056999653578">
        <ele>323.88</ele>
        <time>2025-02-28T09:57:46.435Z</time>
      </trkpt>
      <trkpt lat="43.7170207221061" lon="7.3119510523974895">
        <ele>325.14</ele>
        <time>2025-02-28T09:57:51.756Z</time>
      </trkpt>
      <trkpt lat="43.717035138979554" lon="7.311913836747408">
        <ele>326.5</ele>
        <time>2025-02-28T09:57:57.079Z</time>
      </trkpt>
      <trkpt lat="43.717004377394915" lon="7.311792299151421">
        <ele>327.88</ele>
        <time>2025-02-28T09:58:02.406Z</time>
      </trkpt>
      <trkpt lat="43.71695249341428" lon="7.311710910871625">
        <ele>329.34</ele>
        <time>2025-02-28T09:58:07.737Z</time>
      </trkpt>
      <trkpt lat="43.71694888919592" lon="7.311635138466954">
        <ele>330.66</ele>
        <time>2025-02-28T09:58:13.071Z</time>
      </trkpt>
      <trkpt lat="43.71686825528741" lon="7.311372617259622">
        <ele>332.11</ele>
        <time>2025-02-28T09:58:18.415Z</time>
      </trkpt>
      <trkpt lat="43.71686473488808" lon="7.3112365789711475">
        <ele>333.3</ele>
        <time>2025-02-28T09:58:23.764Z</time>
      </trkpt>
      <trkpt lat="43.71675937436521" lon="7.311080172657967">
        <ele>334.61</ele>
        <time>2025-02-28T09:58:29.120Z</time>
      </trkpt>
      <trkpt lat="43.716709250584245" lon="7.310911109670997">
        <ele>335.75</ele>
        <time>2025-02-28T09:58:34.483Z</time>
      </trkpt>
      <trkpt lat="43.71668100357056" lon="7.310490673407912">
        <ele>336.73</ele>
        <time>2025-02-28T09:58:39.861Z</time>
      </trkpt>
      <trkpt lat="43.7167096696794" lon="7.310326974838972">
        <ele>337.79</ele>
        <time>2025-02-28T09:58:45.245Z</time>
      </trkpt>
      <trkpt lat="43.71673095971346" lon="7.310269474983215">
        <ele>338.8</ele>
        <time>2025-02-28T09:58:50.631Z</time>
      </trkpt>
      <trkpt lat="43.7167910579592" lon="7.3101934511214495">
        <ele>339.75</ele>
        <time>2025-02-28T09:58:56.021Z</time>
      </trkpt>
      <trkpt lat="43.716842103749514" lon="7.310185907408595">
        <ele>340.64</ele>
        <time>2025-02-28T09:59:01.414Z</time>
      </trkpt>
      <trkpt lat="43.71692106127739" lon="7.310210047289729">
        <ele>341.45</ele>
        <time>2025-02-28T09:59:06.811Z</time>
      </trkpt>
      <trkpt lat="43.71698853559792" lon="7.310201665386558">
        <ele>342.24</ele>
        <time>2025-02-28T09:59:12.211Z</time>
      </trkpt>
      <trkpt lat="43.7171967420727" lon="7.310024220496416">
        <ele>343.01</ele>
        <time>2025-02-28T09:59:17.623Z</time>
      </trkpt>
      <trkpt lat="43.71738055720925" lon="7.309731608256698">
        <ele>343.81</ele>
        <time>2025-02-28T09:59:23.049Z</time>
      </trkpt>
      <trkpt lat="43.717400673776865" lon="7.309668492525816">
        <ele>344.54</ele>
        <time>2025-02-28T09:59:28.477Z</time>
      </trkpt>
      <trkpt lat="43.71740570291877" lon="7.309569250792265">
        <ele>345.27</ele>
        <time>2025-02-28T09:59:33.909Z</time>
      </trkpt>
      <trkpt lat="43.71739195659757" lon="7.3095069732517">
        <ele>345.95</ele>
        <time>2025-02-28T09:59:39.343Z</time>
      </trkpt>
      <trkpt lat="43.71735205873847" lon="7.309443103149533">
        <ele>346.59</ele>
        <time>2025-02-28T09:59:44.780Z</time>
      </trkpt>
      <trkpt lat="43.71723236516118" lon="7.309320140630007">
        <ele>347.25</ele>
        <time>2025-02-28T09:59:50.224Z</time>
      </trkpt>
      <trkpt lat="43.717053243890405" lon="7.309187622740865">
        <ele>347.88</ele>
        <time>2025-02-28T09:59:55.678Z</time>
      </trkpt>
      <trkpt lat="43.71699498966336" lon="7.309097349643707">
        <ele>348.43</ele>
        <time>2025-02-28T10:00:01.136Z</time>
      </trkpt>
      <trkpt lat="43.7168703507632" lon="7.308969609439373">
        <ele>348.93</ele>
        <time>2025-02-28T10:00:06.602Z</time>
      </trkpt>
      <trkpt lat="43.716756692156196" lon="7.308905320242047">
        <ele>349.37</ele>
        <time>2025-02-28T10:00:12.074Z</time>
      </trkpt>
      <trkpt lat="43.716567596420646" lon="7.308872547000647">
        <ele>349.75</ele>
        <time>2025-02-28T10:00:17.555Z</time>
      </trkpt>
      <trkpt lat="43.71656734496355" lon="7.308872547000647">
        <ele>350.09</ele>
        <time>2025-02-28T10:00:23.036Z</time>
      </trkpt>
      <trkpt lat="43.716533901169896" lon="7.308779675513506">
        <ele>350.39</ele>
        <time>2025-02-28T10:00:28.521Z</time>
      </trkpt>
      <trkpt lat="43.716573882848024" lon="7.308503743261099">
        <ele>350.67</ele>
        <time>2025-02-28T10:00:34.016Z</time>
      </trkpt>
      <trkpt lat="43.71655569411814" lon="7.308437442407012">
        <ele>350.89</ele>
        <time>2025-02-28T10:00:39.514Z</time>
      </trkpt>
      <trkpt lat="43.71651445515454" lon="7.308391761034727">
        <ele>351.06</ele>
        <time>2025-02-28T10:00:45.014Z</time>
      </trkpt>
      <trkpt lat="43.716404819861054" lon="7.30840609408915">
        <ele>351.16</ele>
        <time>2025-02-28T10:00:50.520Z</time>
      </trkpt>
      <trkpt lat="43.71598840691149" lon="7.308569708839059">
        <ele>351.18</ele>
        <time>2025-02-28T10:00:56.047Z</time>
      </trkpt>
      <trkpt lat="43.71593442745507" lon="7.308560824021697">
        <ele>351.21</ele>
        <time>2025-02-28T10:01:01.577Z</time>
      </trkpt>
      <trkpt lat="43.71588975191116" lon="7.308513885363936">
        <ele>351.21</ele>
        <time>2025-02-28T10:01:07.109Z</time>
      </trkpt>
      <trkpt lat="43.71568146161735" lon="7.308057742193341">
        <ele>351.15</ele>
        <time>2025-02-28T10:01:12.660Z</time>
      </trkpt>
      <trkpt lat="43.715519439429045" lon="7.30764577165246">
        <ele>351.19</ele>
        <time>2025-02-28T10:01:18.228Z</time>
      </trkpt>
      <trkpt lat="43.71541374363005" lon="7.307431194931269">
        <ele>351.17</ele>
        <time>2025-02-28T10:01:23.805Z</time>
      </trkpt>
      <trkpt lat="43.715360183268785" lon="7.307239416986704">
        <ele>351.07</ele>
        <time>2025-02-28T10:01:29.390Z</time>
      </trkpt>
      <trkpt lat="43.71523738838732" lon="7.30663139373064">
        <ele>350.97</ele>
        <time>2025-02-28T10:01:34.997Z</time>
      </trkpt>
      <trkpt lat="43.715253146365285" lon="7.306560315191746">
        <ele>350.71</ele>
        <time>2025-02-28T10:01:40.607Z</time>
      </trkpt>
      <trkpt lat="43.71530729345977" lon="7.306446488946676">
        <ele>350.42</ele>
        <time>2025-02-28T10:01:46.222Z</time>
      </trkpt>
      <trkpt lat="43.71552270837128" lon="7.30613543651998">
        <ele>349.95</ele>
        <time>2025-02-28T10:01:51.852Z</time>
      </trkpt>
      <trkpt lat="43.715561516582966" lon="7.305962685495615">
        <ele>349.53</ele>
        <time>2025-02-28T10:01:57.488Z</time>
      </trkpt>
      <trkpt lat="43.71568246744573" lon="7.305655991658568">
        <ele>349.13</ele>
        <time>2025-02-28T10:02:03.137Z</time>
      </trkpt>
      <trkpt lat="43.7156892567873" lon="7.305517271161079">
        <ele>348.7</ele>
        <time>2025-02-28T10:02:08.791Z</time>
      </trkpt>
      <trkpt lat="43.7156773544848" lon="7.305489191785455">
        <ele>348.24</ele>
        <time>2025-02-28T10:02:14.446Z</time>
      </trkpt>
      <trkpt lat="43.71555984020233" lon="7.3053797241300344">
        <ele>347.66</ele>
        <time>2025-02-28T10:02:20.108Z</time>
      </trkpt>
      <trkpt lat="43.71546311303973" lon="7.3052141815423965">
        <ele>347.05</ele>
        <time>2025-02-28T10:02:25.777Z</time>
      </trkpt>
      <trkpt lat="43.71540770865977" lon="7.305151233449578">
        <ele>346.46</ele>
        <time>2025-02-28T10:02:31.450Z</time>
      </trkpt>
      <trkpt lat="43.715282902121544" lon="7.304875301197171">
        <ele>345.83</ele>
        <time>2025-02-28T10:02:37.134Z</time>
      </trkpt>
      <trkpt lat="43.71516295708716" lon="7.304837414994836">
        <ele>345.13</ele>
        <time>2025-02-28T10:02:42.824Z</time>
      </trkpt>
      <trkpt lat="43.71505533345044" lon="7.304767090827227">
        <ele>344.42</ele>
        <time>2025-02-28T10:02:48.520Z</time>
      </trkpt>
      <trkpt lat="43.71496112085879" lon="7.304733814671636">
        <ele>343.67</ele>
        <time>2025-02-28T10:02:54.221Z</time>
      </trkpt>
      <trkpt lat="43.714947709813714" lon="7.304742028936744">
        <ele>342.92</ele>
        <time>2025-02-28T10:02:59.923Z</time>
      </trkpt>
      <trkpt lat="43.71476850472391" lon="7.304950822144747">
        <ele>341.95</ele>
        <time>2025-02-28T10:03:05.636Z</time>
      </trkpt>
      <trkpt lat="43.71456725522876" lon="7.305086525157094">
        <ele>341.03</ele>
        <time>2025-02-28T10:03:11.360Z</time>
      </trkpt>
      <trkpt lat="43.714518221095204" lon="7.305058445781469">
        <ele>340.14</ele>
        <time>2025-02-28T10:03:17.087Z</time>
      </trkpt>
      <trkpt lat="43.714443957433105" lon="7.304979152977467">
        <ele>339.16</ele>
        <time>2025-02-28T10:03:22.818Z</time>
      </trkpt>
      <trkpt lat="43.71437589637935" lon="7.30483322404325">
        <ele>338.16</ele>
        <time>2025-02-28T10:03:28.555Z</time>
      </trkpt>
      <trkpt lat="43.71431412175298" lon="7.304633064195514">
        <ele>337.12</ele>
        <time>2025-02-28T10:03:34.300Z</time>
      </trkpt>
      <trkpt lat="43.71411387808621" lon="7.304281694814563">
        <ele>336.06</ele>
        <time>2025-02-28T10:03:40.061Z</time>
      </trkpt>
      <trkpt lat="43.71393299661577" lon="7.304003583267331">
        <ele>334.9</ele>
        <time>2025-02-28T10:03:45.835Z</time>
      </trkpt>
      <trkpt lat="43.71387591585517" lon="7.30385891161859">
        <ele>333.7</ele>
        <time>2025-02-28T10:03:51.615Z</time>
      </trkpt>
      <trkpt lat="43.71376007795334" lon="7.303674006834626">
        <ele>332.36</ele>
        <time>2025-02-28T10:03:57.404Z</time>
      </trkpt>
      <trkpt lat="43.7137449067086" lon="7.3035523016005754">
        <ele>330.95</ele>
        <time>2025-02-28T10:04:03.197Z</time>
      </trkpt>
      <trkpt lat="43.713783379644156" lon="7.3033976554870605">
        <ele>329.41</ele>
        <time>2025-02-28T10:04:08.996Z</time>
      </trkpt>
      <trkpt lat="43.713781451806426" lon="7.303337557241321">
        <ele>327.74</ele>
        <time>2025-02-28T10:04:14.797Z</time>
      </trkpt>
      <trkpt lat="43.71375965885818" lon="7.303287014365196">
        <ele>325.91</ele>
        <time>2025-02-28T10:04:20.600Z</time>
      </trkpt>
      <trkpt lat="43.713491689413786" lon="7.302879737690091">
        <ele>323.71</ele>
        <time>2025-02-28T10:04:26.423Z</time>
      </trkpt>
      <trkpt lat="43.71321332640946" lon="7.3026401828974485">
        <ele>321.25</ele>
        <time>2025-02-28T10:04:32.262Z</time>
      </trkpt>
      <trkpt lat="43.71312255039811" lon="7.302502887323499">
        <ele>318.83</ele>
        <time>2025-02-28T10:04:38.108Z</time>
      </trkpt>
      <trkpt lat="43.7130625359714" lon="7.302492158487439">
        <ele>316.41</ele>
        <time>2025-02-28T10:04:43.957Z</time>
      </trkpt>
      <trkpt lat="43.71302808634937" lon="7.302528452128172">
        <ele>313.93</ele>
        <time>2025-02-28T10:04:49.808Z</time>
      </trkpt>
      <trkpt lat="43.71288391761482" lon="7.302724756300449">
        <ele>311.2</ele>
        <time>2025-02-28T10:04:55.669Z</time>
      </trkpt>
      <trkpt lat="43.71277268975973" lon="7.3029756266623735">
        <ele>308.34</ele>
        <time>2025-02-28T10:05:01.540Z</time>
      </trkpt>
      <trkpt lat="43.71269155293703" lon="7.303045196458697">
        <ele>305.4</ele>
        <time>2025-02-28T10:05:07.416Z</time>
      </trkpt>
      <trkpt lat="43.71257169172168" lon="7.303018793463707">
        <ele>302.3</ele>
        <time>2025-02-28T10:05:13.298Z</time>
      </trkpt>
      <trkpt lat="43.712475718930364" lon="7.302944278344512">
        <ele>299.11</ele>
        <time>2025-02-28T10:05:19.185Z</time>
      </trkpt>
      <trkpt lat="43.71239818632603" lon="7.303014183416963">
        <ele>295.83</ele>
        <time>2025-02-28T10:05:25.077Z</time>
      </trkpt>
      <trkpt lat="43.71232216246426" lon="7.303050979971886">
        <ele>292.49</ele>
        <time>2025-02-28T10:05:30.973Z</time>
      </trkpt>
      <trkpt lat="43.71222962625325" lon="7.302997000515461">
        <ele>289.1</ele>
        <time>2025-02-28T10:05:36.873Z</time>
      </trkpt>
      <trkpt lat="43.71216827072203" lon="7.302983338013291">
        <ele>285.73</ele>
        <time>2025-02-28T10:05:42.777Z</time>
      </trkpt>
      <trkpt lat="43.71212895959616" lon="7.303000185638666">
        <ele>282.34</ele>
        <time>2025-02-28T10:05:48.683Z</time>
      </trkpt>
      <trkpt lat="43.71205620467663" lon="7.302887951955199">
        <ele>278.89</ele>
        <time>2025-02-28T10:05:54.594Z</time>
      </trkpt>
      <trkpt lat="43.71198738925159" lon="7.302925838157535">
        <ele>275.36</ele>
        <time>2025-02-28T10:06:00.509Z</time>
      </trkpt>
      <trkpt lat="43.71196157298982" lon="7.302879737690091">
        <ele>271.95</ele>
        <time>2025-02-28T10:06:06.426Z</time>
      </trkpt>
      <trkpt lat="43.71189996600151" lon="7.302848557010293">
        <ele>268.44</ele>
        <time>2025-02-28T10:06:12.346Z</time>
      </trkpt>
      <trkpt lat="43.711828887462616" lon="7.3027421068400145">
        <ele>264.92</ele>
        <time>2025-02-28T10:06:18.271Z</time>
      </trkpt>
      <trkpt lat="43.7118039932102" lon="7.302729533985257">
        <ele>261.46</ele>
        <time>2025-02-28T10:06:24.197Z</time>
      </trkpt>
      <trkpt lat="43.71176308952272" lon="7.302757194265723">
        <ele>257.94</ele>
        <time>2025-02-28T10:06:30.125Z</time>
      </trkpt>
      <trkpt lat="43.71174439787865" lon="7.302742274478078">
        <ele>254.51</ele>
        <time>2025-02-28T10:06:36.055Z</time>
      </trkpt>
      <trkpt lat="43.711648592725396" lon="7.302593411877751">
        <ele>250.83</ele>
        <time>2025-02-28T10:06:41.992Z</time>
      </trkpt>
      <trkpt lat="43.71158572845161" lon="7.302435748279095">
        <ele>247.24</ele>
        <time>2025-02-28T10:06:47.935Z</time>
      </trkpt>
      <trkpt lat="43.71157189831138" lon="7.302160989493132">
        <ele>243.72</ele>
        <time>2025-02-28T10:06:53.888Z</time>
      </trkpt>
      <trkpt lat="43.71147131547332" lon="7.301998380571604">
        <ele>240.07</ele>
        <time>2025-02-28T10:06:59.848Z</time>
      </trkpt>
      <trkpt lat="43.71143829077482" lon="7.301873993128538">
        <ele>236.64</ele>
        <time>2025-02-28T10:07:05.813Z</time>
      </trkpt>
      <trkpt lat="43.71142161078751" lon="7.3018620908260345">
        <ele>233.36</ele>
        <time>2025-02-28T10:07:11.779Z</time>
      </trkpt>
      <trkpt lat="43.71128020808101" lon="7.301892098039389">
        <ele>229.95</ele>
        <time>2025-02-28T10:07:17.752Z</time>
      </trkpt>
      <trkpt lat="43.71120259165764" lon="7.301669726148248">
        <ele>226.61</ele>
        <time>2025-02-28T10:07:23.734Z</time>
      </trkpt>
      <trkpt lat="43.71111273765564" lon="7.301581799983978">
        <ele>223.37</ele>
        <time>2025-02-28T10:07:29.721Z</time>
      </trkpt>
      <trkpt lat="43.71103277429938" lon="7.301541063934565">
        <ele>220.24</ele>
        <time>2025-02-28T10:07:35.712Z</time>
      </trkpt>
      <trkpt lat="43.7109041120857" lon="7.301523210480809">
        <ele>217.14</ele>
        <time>2025-02-28T10:07:41.710Z</time>
      </trkpt>
      <trkpt lat="43.71080939657986" lon="7.301457328721881">
        <ele>214.11</ele>
        <time>2025-02-28T10:07:47.713Z</time>
      </trkpt>
      <trkpt lat="43.7107677385211" lon="7.301388178020716">
        <ele>211.24</ele>
        <time>2025-02-28T10:07:53.719Z</time>
      </trkpt>
      <trkpt lat="43.71065407991409" lon="7.301305532455444">
        <ele>208.33</ele>
        <time>2025-02-28T10:07:59.731Z</time>
      </trkpt>
      <trkpt lat="43.71061535552144" lon="7.301214002072811">
        <ele>205.58</ele>
        <time>2025-02-28T10:08:05.747Z</time>
      </trkpt>
      <trkpt lat="43.71057042852044" lon="7.301203776150942">
        <ele>203.02</ele>
        <time>2025-02-28T10:08:11.765Z</time>
      </trkpt>
      <trkpt lat="43.710509492084384" lon="7.301132446154952">
        <ele>200.46</ele>
        <time>2025-02-28T10:08:17.787Z</time>
      </trkpt>
      <trkpt lat="43.71039541438222" lon="7.3010598588734865">
        <ele>197.93</ele>
        <time>2025-02-28T10:08:23.815Z</time>
      </trkpt>
      <trkpt lat="43.71036565862596" lon="7.300950726494193">
        <ele>195.59</ele>
        <time>2025-02-28T10:08:29.848Z</time>
      </trkpt>
      <trkpt lat="43.71033179573715" lon="7.300955755636096">
        <ele>193.45</ele>
        <time>2025-02-28T10:08:35.882Z</time>
      </trkpt>
      <trkpt lat="43.710278403013945" lon="7.301031276583672">
        <ele>191.47</ele>
        <time>2025-02-28T10:08:41.920Z</time>
      </trkpt>
      <trkpt lat="43.710247641429305" lon="7.300973692908883">
        <ele>189.48</ele>
        <time>2025-02-28T10:08:47.961Z</time>
      </trkpt>
      <trkpt lat="43.71020925231278" lon="7.30112942866981">
        <ele>187.71</ele>
        <time>2025-02-28T10:08:54.007Z</time>
      </trkpt>
      <trkpt lat="43.710189471021295" lon="7.301173433661461">
        <ele>185.95</ele>
        <time>2025-02-28T10:09:00.055Z</time>
      </trkpt>
      <trkpt lat="43.71016533114016" lon="7.3011847492307425">
        <ele>184.24</ele>
        <time>2025-02-28T10:09:06.104Z</time>
      </trkpt>
      <trkpt lat="43.71010162867606" lon="7.301140325143933">
        <ele>182.53</ele>
        <time>2025-02-28T10:09:12.157Z</time>
      </trkpt>
      <trkpt lat="43.70995167642832" lon="7.300847377628088">
        <ele>180.69</ele>
        <time>2025-02-28T10:09:18.223Z</time>
      </trkpt>
      <trkpt lat="43.709830390289426" lon="7.300846204161644">
        <ele>179.11</ele>
        <time>2025-02-28T10:09:24.295Z</time>
      </trkpt>
      <trkpt lat="43.70964213274419" lon="7.300810748711228">
        <ele>177.51</ele>
        <time>2025-02-28T10:09:30.376Z</time>
      </trkpt>
      <trkpt lat="43.70958681218326" lon="7.3008183762431145">
        <ele>176.08</ele>
        <time>2025-02-28T10:09:36.460Z</time>
      </trkpt>
      <trkpt lat="43.70952621102333" lon="7.300849724560976">
        <ele>174.67</ele>
        <time>2025-02-28T10:09:42.547Z</time>
      </trkpt>
      <trkpt lat="43.709247428923845" lon="7.301183743402362">
        <ele>173.3</ele>
        <time>2025-02-28T10:09:48.652Z</time>
      </trkpt>
      <trkpt lat="43.7091185990721" lon="7.30130972340703">
        <ele>171.95</ele>
        <time>2025-02-28T10:09:54.765Z</time>
      </trkpt>
      <trkpt lat="43.70895883999765" lon="7.301432685926557">
        <ele>170.63</ele>
        <time>2025-02-28T10:10:00.887Z</time>
      </trkpt>
      <trkpt lat="43.70883177034557" lon="7.301498902961612">
        <ele>169.36</ele>
        <time>2025-02-28T10:10:07.015Z</time>
      </trkpt>
      <trkpt lat="43.708742167800665" lon="7.301618596538901">
        <ele>168.14</ele>
        <time>2025-02-28T10:10:13.149Z</time>
      </trkpt>
      <trkpt lat="43.70857226662338" lon="7.301773997023702">
        <ele>166.91</ele>
        <time>2025-02-28T10:10:19.293Z</time>
      </trkpt>
      <trkpt lat="43.70828275568783" lon="7.3021916672587395">
        <ele>165.55</ele>
        <time>2025-02-28T10:10:25.458Z</time>
      </trkpt>
      <trkpt lat="43.70823766104877" lon="7.302235420793295">
        <ele>164.32</ele>
        <time>2025-02-28T10:10:31.626Z</time>
      </trkpt>
      <trkpt lat="43.708047894760966" lon="7.302252938970923">
        <ele>162.95</ele>
        <time>2025-02-28T10:10:37.803Z</time>
      </trkpt>
      <trkpt lat="43.70799299329519" lon="7.302242377772927">
        <ele>161.76</ele>
        <time>2025-02-28T10:10:43.983Z</time>
      </trkpt>
      <trkpt lat="43.70789165608585" lon="7.302146656438708">
        <ele>160.58</ele>
        <time>2025-02-28T10:10:50.169Z</time>
      </trkpt>
      <trkpt lat="43.70777439326048" lon="7.3019692953675985">
        <ele>159.44</ele>
        <time>2025-02-28T10:10:56.363Z</time>
      </trkpt>
      <trkpt lat="43.70764941908419" lon="7.3018665332347155">
        <ele>158.3</ele>
        <time>2025-02-28T10:11:02.564Z</time>
      </trkpt>
      <trkpt lat="43.70720526203513" lon="7.30171725153923">
        <ele>157.0</ele>
        <time>2025-02-28T10:11:08.788Z</time>
      </trkpt>
      <trkpt lat="43.70709730312228" lon="7.301658410578966">
        <ele>155.93</ele>
        <time>2025-02-28T10:11:15.017Z</time>
      </trkpt>
      <trkpt lat="43.70693008415401" lon="7.301535280421376">
        <ele>154.9</ele>
        <time>2025-02-28T10:11:21.256Z</time>
      </trkpt>
      <trkpt lat="43.70648559182882" lon="7.301140576601028">
        <ele>153.86</ele>
        <time>2025-02-28T10:11:27.521Z</time>
      </trkpt>
      <trkpt lat="43.70625617913902" lon="7.300881072878838">
        <ele>152.92</ele>
        <time>2025-02-28T10:11:33.800Z</time>
      </trkpt>
      <trkpt lat="43.7061049696058" lon="7.3008345533162355">
        <ele>152.04</ele>
        <time>2025-02-28T10:11:40.087Z</time>
      </trkpt>
      <trkpt lat="43.706049313768744" lon="7.300860704854131">
        <ele>151.22</ele>
        <time>2025-02-28T10:11:46.377Z</time>
      </trkpt>
      <trkpt lat="43.70598033070564" lon="7.300862045958638">
        <ele>150.44</ele>
        <time>2025-02-28T10:11:52.670Z</time>
      </trkpt>
      <trkpt lat="43.70592635124922" lon="7.300801780074835">
        <ele>149.7</ele>
        <time>2025-02-28T10:11:58.966Z</time>
      </trkpt>
      <trkpt lat="43.70589626021683" lon="7.300733216106892">
        <ele>148.98</ele>
        <time>2025-02-28T10:12:05.265Z</time>
      </trkpt>
      <trkpt lat="43.705816213041544" lon="7.300402047112584">
        <ele>148.19</ele>
        <time>2025-02-28T10:12:11.577Z</time>
      </trkpt>
      <trkpt lat="43.7057426199317" lon="7.30027237907052">
        <ele>147.51</ele>
        <time>2025-02-28T10:12:17.895Z</time>
      </trkpt>
      <trkpt lat="43.70559794828296" lon="7.300204150378704">
        <ele>146.88</ele>
        <time>2025-02-28T10:12:24.220Z</time>
      </trkpt>
      <trkpt lat="43.70540264993906" lon="7.300152350217104">
        <ele>146.31</ele>
        <time>2025-02-28T10:12:30.555Z</time>
      </trkpt>
      <trkpt lat="43.70508648455143" lon="7.299977671355009">
        <ele>145.8</ele>
        <time>2025-02-28T10:12:36.907Z</time>
      </trkpt>
      <trkpt lat="43.70465540327132" lon="7.2997042536735535">
        <ele>145.49</ele>
        <time>2025-02-28T10:12:43.282Z</time>
      </trkpt>
      <trkpt lat="43.70441408827901" lon="7.299515325576067">
        <ele>145.0</ele>
        <time>2025-02-28T10:12:49.670Z</time>
      </trkpt>
      <trkpt lat="43.70418936945498" lon="7.299446342512965">
        <ele>144.72</ele>
        <time>2025-02-28T10:12:56.070Z</time>
      </trkpt>
      <trkpt lat="43.704046458005905" lon="7.299373922869563">
        <ele>144.6</ele>
        <time>2025-02-28T10:13:02.477Z</time>
      </trkpt>
      <trkpt lat="43.703932631760836" lon="7.29933762922883">
        <ele>144.52</ele>
        <time>2025-02-28T10:13:08.890Z</time>
      </trkpt>
      <trkpt lat="43.70371067896485" lon="7.299153730273247">
        <ele>144.17</ele>
        <time>2025-02-28T10:13:15.316Z</time>
      </trkpt>
      <trkpt lat="43.703513788059354" lon="7.298887185752392">
        <ele>143.74</ele>
        <time>2025-02-28T10:13:21.755Z</time>
      </trkpt>
      <trkpt lat="43.703414211049676" lon="7.298792554065585">
        <ele>143.55</ele>
        <time>2025-02-28T10:13:28.200Z</time>
      </trkpt>
      <trkpt lat="43.70325135067105" lon="7.298590801656246">
        <ele>143.32</ele>
        <time>2025-02-28T10:13:34.656Z</time>
      </trkpt>
      <trkpt lat="43.70308849029243" lon="7.298483429476619">
        <ele>143.46</ele>
        <time>2025-02-28T10:13:41.121Z</time>
      </trkpt>
      <trkpt lat="43.702955888584256" lon="7.298365328460932">
        <ele>143.6</ele>
        <time>2025-02-28T10:13:47.593Z</time>
      </trkpt>
      <trkpt lat="43.702541403472424" lon="7.298120995983481">
        <ele>143.86</ele>
        <time>2025-02-28T10:13:54.087Z</time>
      </trkpt>
      <trkpt lat="43.70233881287277" lon="7.297971630468965">
        <ele>143.94</ele>
        <time>2025-02-28T10:14:00.593Z</time>
      </trkpt>
      <trkpt lat="43.702197913080454" lon="7.29792108759284">
        <ele>144.25</ele>
        <time>2025-02-28T10:14:07.106Z</time>
      </trkpt>
      <trkpt lat="43.70210990309715" lon="7.297870796173811">
        <ele>144.57</ele>
        <time>2025-02-28T10:14:13.623Z</time>
      </trkpt>
      <trkpt lat="43.702061623334885" lon="7.297862581908703">
        <ele>144.98</ele>
        <time>2025-02-28T10:14:20.143Z</time>
      </trkpt>
      <trkpt lat="43.701860290020704" lon="7.297762418165803">
        <ele>145.37</ele>
        <time>2025-02-28T10:14:26.673Z</time>
      </trkpt>
      <trkpt lat="43.70182114653289" lon="7.2977640107274055">
        <ele>145.88</ele>
        <time>2025-02-28T10:14:33.205Z</time>
      </trkpt>
      <trkpt lat="43.701711846515536" lon="7.297713803127408">
        <ele>146.38</ele>
        <time>2025-02-28T10:14:39.743Z</time>
      </trkpt>
      <trkpt lat="43.70152132585645" lon="7.297595366835594">
        <ele>146.93</ele>
        <time>2025-02-28T10:14:46.291Z</time>
      </trkpt>
      <trkpt lat="43.70145636610687" lon="7.297606347128749">
        <ele>147.65</ele>
        <time>2025-02-28T10:14:52.842Z</time>
      </trkpt>
      <trkpt lat="43.70129182934761" lon="7.297550020739436">
        <ele>148.4</ele>
        <time>2025-02-28T10:14:59.402Z</time>
      </trkpt>
      <trkpt lat="43.701096614822745" lon="7.297506602481008">
        <ele>149.29</ele>
        <time>2025-02-28T10:15:05.971Z</time>
      </trkpt>
      <trkpt lat="43.70095898397267" lon="7.297525545582175">
        <ele>150.3</ele>
        <time>2025-02-28T10:15:12.547Z</time>
      </trkpt>
      <trkpt lat="43.700743149966" lon="7.297431416809559">
        <ele>151.19</ele>
        <time>2025-02-28T10:15:19.134Z</time>
      </trkpt>
      <trkpt lat="43.70069579221308" lon="7.29743049480021">
        <ele>152.13</ele>
        <time>2025-02-28T10:15:25.723Z</time>
      </trkpt>
      <trkpt lat="43.70063150301576" lon="7.29738699272275">
        <ele>153.05</ele>
        <time>2025-02-28T10:15:32.316Z</time>
      </trkpt>
      <trkpt lat="43.700479455292225" lon="7.297389172017574">
        <ele>154.16</ele>
        <time>2025-02-28T10:15:38.916Z</time>
      </trkpt>
      <trkpt lat="43.7004238832742" lon="7.297364193946123">
        <ele>155.18</ele>
        <time>2025-02-28T10:15:45.519Z</time>
      </trkpt>
      <trkpt lat="43.70028851553798" lon="7.297373581677675">
        <ele>156.33</ele>
        <time>2025-02-28T10:15:52.129Z</time>
      </trkpt>
      <trkpt lat="43.70023738592863" lon="7.297335276380181">
        <ele>157.4</ele>
        <time>2025-02-28T10:15:58.742Z</time>
      </trkpt>
      <trkpt lat="43.700163792818785" lon="7.297357069328427">
        <ele>158.64</ele>
        <time>2025-02-28T10:16:05.358Z</time>
      </trkpt>
      <trkpt lat="43.70007259771228" lon="7.297415155917406">
        <ele>160.01</ele>
        <time>2025-02-28T10:16:11.979Z</time>
      </trkpt>
      <trkpt lat="43.69998408481479" lon="7.297426303848624">
        <ele>161.29</ele>
        <time>2025-02-28T10:16:18.605Z</time>
      </trkpt>
      <trkpt lat="43.69989196769893" lon="7.297466117888689">
        <ele>162.65</ele>
        <time>2025-02-28T10:16:25.236Z</time>
      </trkpt>
      <trkpt lat="43.69944336824119" lon="7.297331588342786">
        <ele>163.76</ele>
        <time>2025-02-28T10:16:31.889Z</time>
      </trkpt>
      <trkpt lat="43.69936466217041" lon="7.297389507293701">
        <ele>165.29</ele>
        <time>2025-02-28T10:16:38.546Z</time>
      </trkpt>
      <trkpt lat="43.69912871159613" lon="7.297346591949463">
        <ele>166.62</ele>
        <time>2025-02-28T10:16:45.215Z</time>
      </trkpt>
      <trkpt lat="43.6989785078913" lon="7.297432338818908">
        <ele>168.23</ele>
        <time>2025-02-28T10:16:51.892Z</time>
      </trkpt>
      <trkpt lat="43.69882822036743" lon="7.297518253326416">
        <ele>170.05</ele>
        <time>2025-02-28T10:16:58.577Z</time>
      </trkpt>
      <trkpt lat="43.698669550940394" lon="7.297482127323747">
        <ele>171.66</ele>
        <time>2025-02-28T10:17:05.270Z</time>
      </trkpt>
      <trkpt lat="43.69851063005626" lon="7.297446085140109">
        <ele>173.26</ele>
        <time>2025-02-28T10:17:11.971Z</time>
      </trkpt>
      <trkpt lat="43.69835615158081" lon="7.29741096496582">
        <ele>174.88</ele>
        <time>2025-02-28T10:17:18.679Z</time>
      </trkpt>
      <trkpt lat="43.698227405548096" lon="7.297475337982178">
        <ele>176.72</ele>
        <time>2025-02-28T10:17:25.394Z</time>
      </trkpt>
      <trkpt lat="43.69803445413709" lon="7.297485982999206">
        <ele>178.48</ele>
        <time>2025-02-28T10:17:32.119Z</time>
      </trkpt>
      <trkpt lat="43.69784116744995" lon="7.297496795654297">
        <ele>180.29</ele>
        <time>2025-02-28T10:17:38.853Z</time>
      </trkpt>
      <trkpt lat="43.697605300694704" lon="7.297550356015563">
        <ele>182.33</ele>
        <time>2025-02-28T10:17:45.599Z</time>
      </trkpt>
      <trkpt lat="43.69736909866333" lon="7.297604084014893">
        <ele>184.31</ele>
        <time>2025-02-28T10:17:52.357Z</time>
      </trkpt>
      <trkpt lat="43.69716541841626" lon="7.297593355178833">
        <ele>186.17</ele>
        <time>2025-02-28T10:17:59.124Z</time>
      </trkpt>
      <trkpt lat="43.696961402893066" lon="7.297582626342773">
        <ele>187.89</ele>
        <time>2025-02-28T10:18:05.901Z</time>
      </trkpt>
      <trkpt lat="43.696943717077374" lon="7.297577513381839">
        <ele>189.48</ele>
        <time>2025-02-28T10:18:12.679Z</time>
      </trkpt>
      <trkpt lat="43.69684682227671" lon="7.297549853101373">
        <ele>190.96</ele>
        <time>2025-02-28T10:18:19.462Z</time>
      </trkpt>
      <trkpt lat="43.69684673845768" lon="7.297549853101373">
        <ele>192.4</ele>
        <time>2025-02-28T10:18:26.245Z</time>
      </trkpt>
      <trkpt lat="43.69671916589141" lon="7.297604000195861">
        <ele>193.84</ele>
        <time>2025-02-28T10:18:33.035Z</time>
      </trkpt>
      <trkpt lat="43.69671908207238" lon="7.297604084014893">
        <ele>195.07</ele>
        <time>2025-02-28T10:18:39.825Z</time>
      </trkpt>
      <trkpt lat="43.69677842594683" lon="7.298030471429229">
        <ele>196.7</ele>
        <time>2025-02-28T10:18:46.630Z</time>
      </trkpt>
      <trkpt lat="43.696796698495746" lon="7.298162151128054">
        <ele>197.74</ele>
        <time>2025-02-28T10:18:53.440Z</time>
      </trkpt>
      <trkpt lat="43.696796698495746" lon="7.2981618996709585">
        <ele>198.53</ele>
        <time>2025-02-28T10:19:00.250Z</time>
      </trkpt>
      <trkpt lat="43.69669242762029" lon="7.298571690917015">
        <ele>199.24</ele>
        <time>2025-02-28T10:19:07.075Z</time>
      </trkpt>
      <trkpt lat="43.69664917699993" lon="7.298741424456239">
        <ele>199.68</ele>
        <time>2025-02-28T10:19:13.907Z</time>
      </trkpt>
      <trkpt lat="43.69664926081896" lon="7.298741256818175">
        <ele>199.93</ele>
        <time>2025-02-28T10:19:20.739Z</time>
      </trkpt>
      <trkpt lat="43.69641180150211" lon="7.299026492983103">
        <ele>199.85</ele>
        <time>2025-02-28T10:19:27.586Z</time>
      </trkpt>
      <trkpt lat="43.69635455310345" lon="7.299095224589109">
        <ele>199.67</ele>
        <time>2025-02-28T10:19:34.437Z</time>
      </trkpt>
      <trkpt lat="43.69635455310345" lon="7.299095308408141">
        <ele>199.33</ele>
        <time>2025-02-28T10:19:41.288Z</time>
      </trkpt>
      <trkpt lat="43.69604350067675" lon="7.2990931291133165">
        <ele>198.64</ele>
        <time>2025-02-28T10:19:48.154Z</time>
      </trkpt>
      <trkpt lat="43.69604308158159" lon="7.2990931291133165">
        <ele>197.91</ele>
        <time>2025-02-28T10:19:55.020Z</time>
      </trkpt>
      <trkpt lat="43.69574191980064" lon="7.299019116908312">
        <ele>197.0</ele>
        <time>2025-02-28T10:20:01.901Z</time>
      </trkpt>
      <trkpt lat="43.69570294395089" lon="7.299009561538696">
        <ele>195.88</ele>
        <time>2025-02-28T10:20:08.784Z</time>
      </trkpt>
      <trkpt lat="43.69563102722168" lon="7.299250205978751">
        <ele>194.47</ele>
        <time>2025-02-28T10:20:15.676Z</time>
      </trkpt>
      <trkpt lat="43.69563102722168" lon="7.299364535138011">
        <ele>192.91</ele>
        <time>2025-02-28T10:20:22.572Z</time>
      </trkpt>
      <trkpt lat="43.69563102722168" lon="7.299751695245504">
        <ele>191.05</ele>
        <time>2025-02-28T10:20:29.482Z</time>
      </trkpt>
      <trkpt lat="43.69563102722168" lon="7.300136089324951">
        <ele>189.1</ele>
        <time>2025-02-28T10:20:36.406Z</time>
      </trkpt>
      <trkpt lat="43.6956453602761" lon="7.300559040158987">
        <ele>187.02</ele>
        <time>2025-02-28T10:20:43.345Z</time>
      </trkpt>
      <trkpt lat="43.695659693330526" lon="7.300982074812055">
        <ele>184.72</ele>
        <time>2025-02-28T10:20:50.299Z</time>
      </trkpt>
      <trkpt lat="43.69567394256592" lon="7.3014020919799805">
        <ele>182.31</ele>
        <time>2025-02-28T10:20:57.268Z</time>
      </trkpt>
      <trkpt lat="43.69556665420532" lon="7.301723957061768">
        <ele>179.61</ele>
        <time>2025-02-28T10:21:04.250Z</time>
      </trkpt>
      <trkpt lat="43.69533061981201" lon="7.301831245422363">
        <ele>176.83</ele>
        <time>2025-02-28T10:21:11.244Z</time>
      </trkpt>
      <trkpt lat="43.695105481892824" lon="7.301809787750244">
        <ele>174.09</ele>
        <time>2025-02-28T10:21:18.249Z</time>
      </trkpt>
      <trkpt lat="43.69488000869751" lon="7.301788330078125">
        <ele>171.3</ele>
        <time>2025-02-28T10:21:25.265Z</time>
      </trkpt>
      <trkpt lat="43.694772720336914" lon="7.301831245422363">
        <ele>168.42</ele>
        <time>2025-02-28T10:21:32.286Z</time>
      </trkpt>
      <trkpt lat="43.694751262664795" lon="7.3020243644714355">
        <ele>165.42</ele>
        <time>2025-02-28T10:21:39.314Z</time>
      </trkpt>
      <trkpt lat="43.69483709335327" lon="7.302238941192627">
        <ele>162.44</ele>
        <time>2025-02-28T10:21:46.351Z</time>
      </trkpt>
      <trkpt lat="43.695030212402344" lon="7.302539348602295">
        <ele>159.37</ele>
        <time>2025-02-28T10:21:53.402Z</time>
      </trkpt>
      <trkpt lat="43.69516407139599" lon="7.30268276296556">
        <ele>156.33</ele>
        <time>2025-02-28T10:22:00.462Z</time>
      </trkpt>
      <trkpt lat="43.69529793038964" lon="7.302826177328825">
        <ele>153.3</ele>
        <time>2025-02-28T10:22:07.530Z</time>
      </trkpt>
      <trkpt lat="43.69533061981201" lon="7.302861213684082">
        <ele>150.34</ele>
        <time>2025-02-28T10:22:14.600Z</time>
      </trkpt>
      <trkpt lat="43.69552365504205" lon="7.302997000515461">
        <ele>147.42</ele>
        <time>2025-02-28T10:22:21.681Z</time>
      </trkpt>
      <trkpt lat="43.69571669027209" lon="7.303132871165872">
        <ele>144.41</ele>
        <time>2025-02-28T10:22:28.772Z</time>
      </trkpt>
      <trkpt lat="43.69590997695923" lon="7.303268909454346">
        <ele>141.36</ele>
        <time>2025-02-28T10:22:35.874Z</time>
      </trkpt>
      <trkpt lat="43.696017265319824" lon="7.30341911315918">
        <ele>138.24</ele>
        <time>2025-02-28T10:22:42.983Z</time>
      </trkpt>
      <trkpt lat="43.69595289230347" lon="7.303504943847656">
        <ele>135.13</ele>
        <time>2025-02-28T10:22:50.097Z</time>
      </trkpt>
      <trkpt lat="43.695995807647705" lon="7.303569316864014">
        <ele>132.11</ele>
        <time>2025-02-28T10:22:57.214Z</time>
      </trkpt>
      <trkpt lat="43.69601081125438" lon="7.303655566647649">
        <ele>129.04</ele>
        <time>2025-02-28T10:23:04.334Z</time>
      </trkpt>
      <trkpt lat="43.696038806810975" lon="7.303811218589544">
        <ele>125.92</ele>
        <time>2025-02-28T10:23:11.460Z</time>
      </trkpt>
      <trkpt lat="43.69608163833618" lon="7.304062843322754">
        <ele>122.61</ele>
        <time>2025-02-28T10:23:18.595Z</time>
      </trkpt>
      <trkpt lat="43.69615682400763" lon="7.304052114486694">
        <ele>119.72</ele>
        <time>2025-02-28T10:23:25.734Z</time>
      </trkpt>
      <trkpt lat="43.696264028549194" lon="7.304052114486694">
        <ele>116.81</ele>
        <time>2025-02-28T10:23:32.878Z</time>
      </trkpt>
      <trkpt lat="43.69632840156555" lon="7.304180860519409">
        <ele>113.65</ele>
        <time>2025-02-28T10:23:40.027Z</time>
      </trkpt>
      <trkpt lat="43.696242570877075" lon="7.304255962371826">
        <ele>110.67</ele>
        <time>2025-02-28T10:23:47.181Z</time>
      </trkpt>
      <trkpt lat="43.69630694389343" lon="7.304288148880005">
        <ele>107.73</ele>
        <time>2025-02-28T10:23:54.339Z</time>
      </trkpt>
      <trkpt lat="43.69628548622131" lon="7.3043739795684814">
        <ele>104.73</ele>
        <time>2025-02-28T10:24:01.500Z</time>
      </trkpt>
      <trkpt lat="43.69645714759827" lon="7.30440616607666">
        <ele>101.73</ele>
        <time>2025-02-28T10:24:08.669Z</time>
      </trkpt>
      <trkpt lat="43.696242570877075" lon="7.304502725601196">
        <ele>98.81</ele>
        <time>2025-02-28T10:24:15.849Z</time>
      </trkpt>
      <trkpt lat="43.69616746902466" lon="7.304599285125732">
        <ele>95.83</ele>
        <time>2025-02-28T10:24:23.034Z</time>
      </trkpt>
      <trkpt lat="43.69619965553284" lon="7.304631471633911">
        <ele>92.93</ele>
        <time>2025-02-28T10:24:30.221Z</time>
      </trkpt>
      <trkpt lat="43.69614601135254" lon="7.30466365814209">
        <ele>90.09</ele>
        <time>2025-02-28T10:24:37.411Z</time>
      </trkpt>
      <trkpt lat="43.69619965553284" lon="7.304685115814209">
        <ele>87.16</ele>
        <time>2025-02-28T10:24:44.604Z</time>
      </trkpt>
      <trkpt lat="43.69616746902466" lon="7.304706573486328">
        <ele>84.28</ele>
        <time>2025-02-28T10:24:51.799Z</time>
      </trkpt>
      <trkpt lat="43.69616755284369" lon="7.304706573486328">
        <ele>81.42</ele>
        <time>2025-02-28T10:24:58.994Z</time>
      </trkpt>
      <trkpt lat="43.69606018066406" lon="7.304738759994507">
        <ele>78.58</ele>
        <time>2025-02-28T10:25:06.194Z</time>
      </trkpt>
      <trkpt lat="43.696064203977585" lon="7.304762899875641">
        <ele>75.59</ele>
        <time>2025-02-28T10:25:13.395Z</time>
      </trkpt>
      <trkpt lat="43.69608306325972" lon="7.304867506027222">
        <ele>72.33</ele>
        <time>2025-02-28T10:25:20.600Z</time>
      </trkpt>
      <trkpt lat="43.69639562442899" lon="7.304813442751765">
        <ele>69.24</ele>
        <time>2025-02-28T10:25:27.820Z</time>
      </trkpt>
      <trkpt lat="43.69657943956554" lon="7.304781591519713">
        <ele>66.12</ele>
        <time>2025-02-28T10:25:35.049Z</time>
      </trkpt>
      <trkpt lat="43.696894431486726" lon="7.304790308699012">
        <ele>62.64</ele>
        <time>2025-02-28T10:25:42.294Z</time>
      </trkpt>
      <trkpt lat="43.69716516695917" lon="7.304797684773803">
        <ele>59.28</ele>
        <time>2025-02-28T10:25:49.552Z</time>
      </trkpt>
      <trkpt lat="43.697475800290704" lon="7.304726103320718">
        <ele>56.18</ele>
        <time>2025-02-28T10:25:56.826Z</time>
      </trkpt>
      <trkpt lat="43.69767704978585" lon="7.3046796675771475">
        <ele>53.15</ele>
        <time>2025-02-28T10:26:04.110Z</time>
      </trkpt>
      <trkpt lat="43.69787100702524" lon="7.304631387814879">
        <ele>50.11</ele>
        <time>2025-02-28T10:26:11.403Z</time>
      </trkpt>
      <trkpt lat="43.698033867403865" lon="7.304674303159118">
        <ele>46.95</ele>
        <time>2025-02-28T10:26:18.704Z</time>
      </trkpt>
      <trkpt lat="43.698309883475304" lon="7.304883599281311">
        <ele>43.81</ele>
        <time>2025-02-28T10:26:26.021Z</time>
      </trkpt>
      <trkpt lat="43.69858589954674" lon="7.305092895403504">
        <ele>40.58</ele>
        <time>2025-02-28T10:26:33.353Z</time>
      </trkpt>
      <trkpt lat="43.6988437268883" lon="7.305288361385465">
        <ele>37.28</ele>
        <time>2025-02-28T10:26:40.700Z</time>
      </trkpt>
      <trkpt lat="43.69884967803955" lon="7.305318117141724">
        <ele>34.24</ele>
        <time>2025-02-28T10:26:48.048Z</time>
      </trkpt>
      <trkpt lat="43.698753118515015" lon="7.305682897567749">
        <ele>30.85</ele>
        <time>2025-02-28T10:26:55.410Z</time>
      </trkpt>
      <trkpt lat="43.6986243724823" lon="7.305768728256226">
        <ele>27.77</ele>
        <time>2025-02-28T10:27:02.779Z</time>
      </trkpt>
      <trkpt lat="43.698570728302" lon="7.305833101272583">
        <ele>24.86</ele>
        <time>2025-02-28T10:27:10.151Z</time>
      </trkpt>
      <trkpt lat="43.698570728302" lon="7.306263260543346">
        <ele>21.59</ele>
        <time>2025-02-28T10:27:17.538Z</time>
      </trkpt>
      <trkpt lat="43.698570728302" lon="7.306691408157349">
        <ele>18.52</ele>
        <time>2025-02-28T10:27:24.941Z</time>
      </trkpt>
      <trkpt lat="43.69864583015442" lon="7.3068201541900635">
        <ele>15.91</ele>
        <time>2025-02-28T10:27:32.349Z</time>
      </trkpt>
      <trkpt lat="43.69860291481018" lon="7.306766510009766">
        <ele>13.62</ele>
        <time>2025-02-28T10:27:39.760Z</time>
      </trkpt>
      <trkpt lat="43.698527812957764" lon="7.306852340698242">
        <ele>11.27</ele>
        <time>2025-02-28T10:27:47.176Z</time>
      </trkpt>
      <trkpt lat="43.69854927062988" lon="7.306873798370361">
        <ele>9.21</ele>
        <time>2025-02-28T10:27:54.593Z</time>
      </trkpt>
      <trkpt lat="43.698506355285645" lon="7.3069167137146">
        <ele>7.25</ele>
        <time>2025-02-28T10:28:02.013Z</time>
      </trkpt>
      <trkpt lat="43.698463439941406" lon="7.306873798370361">
        <ele>5.55</ele>
        <time>2025-02-28T10:28:09.436Z</time>
      </trkpt>
      <trkpt lat="43.69837760925293" lon="7.306841611862183">
        <ele>3.99</ele>
        <time>2025-02-28T10:28:16.863Z</time>
      </trkpt>
      <trkpt lat="43.69820611551404" lon="7.306809425354004">
        <ele>2.55</ele>
        <time>2025-02-28T10:28:24.298Z</time>
      </trkpt>
      <trkpt lat="43.698034370318055" lon="7.306777238845825">
        <ele>1.28</ele>
        <time>2025-02-28T10:28:31.742Z</time>
      </trkpt>
      <trkpt lat="43.69784636422992" lon="7.3067503329366446">
        <ele>0.16</ele>
        <time>2025-02-28T10:28:39.195Z</time>
      </trkpt>
      <trkpt lat="43.697669506073" lon="7.3067450523376465">
        <ele>-0.72</ele>
        <time>2025-02-28T10:28:46.657Z</time>
      </trkpt>
      <trkpt lat="43.69758350774646" lon="7.307013692334294">
        <ele>-1.57</ele>
        <time>2025-02-28T10:28:54.129Z</time>
      </trkpt>
      <trkpt lat="43.69749792851508" lon="7.307281494140625">
        <ele>-2.3</ele>
        <time>2025-02-28T10:29:01.612Z</time>
      </trkpt>
      <trkpt lat="43.697476387023926" lon="7.307345867156982">
        <ele>-2.81</ele>
        <time>2025-02-28T10:29:09.097Z</time>
      </trkpt>
      <trkpt lat="43.69743355549872" lon="7.307474613189697">
        <ele>-3.19</ele>
        <time>2025-02-28T10:29:16.587Z</time>
      </trkpt>
      <trkpt lat="43.69741201400757" lon="7.3075175285339355">
        <ele>-3.43</ele>
        <time>2025-02-28T10:29:24.079Z</time>
      </trkpt>
      <trkpt lat="43.697519302368164" lon="7.3076677322387695">
        <ele>-3.59</ele>
        <time>2025-02-28T10:29:31.579Z</time>
      </trkpt>
      <trkpt lat="43.697497844696045" lon="7.307839393615723">
        <ele>-3.6</ele>
        <time>2025-02-28T10:29:39.085Z</time>
      </trkpt>
      <trkpt lat="43.69754076004028" lon="7.307989597320557">
        <ele>-3.55</ele>
        <time>2025-02-28T10:29:46.596Z</time>
      </trkpt>
      <trkpt lat="43.697519302368164" lon="7.307989597320557">
        <ele>-3.39</ele>
        <time>2025-02-28T10:29:54.108Z</time>
      </trkpt>
      <trkpt lat="43.69739055633545" lon="7.30764627456665">
        <ele>-3.12</ele>
        <time>2025-02-28T10:30:01.634Z</time>
      </trkpt>
      <trkpt lat="43.69712241925299" lon="7.307463884353638">
        <ele>-2.76</ele>
        <time>2025-02-28T10:30:09.175Z</time>
      </trkpt>
      <trkpt lat="43.69685411453247" lon="7.307281494140625">
        <ele>-2.31</ele>
        <time>2025-02-28T10:30:16.731Z</time>
      </trkpt>
      <trkpt lat="43.69657541625202" lon="7.307260036468506">
        <ele>-1.9</ele>
        <time>2025-02-28T10:30:24.300Z</time>
      </trkpt>
      <trkpt lat="43.696296801790595" lon="7.307238578796387">
        <ele>-1.45</ele>
        <time>2025-02-28T10:30:31.883Z</time>
      </trkpt>
      <trkpt lat="43.69601810351014" lon="7.307217121124268">
        <ele>-0.89</ele>
        <time>2025-02-28T10:30:39.480Z</time>
      </trkpt>
      <trkpt lat="43.69573948904872" lon="7.30719574727118">
        <ele>-0.36</ele>
        <time>2025-02-28T10:30:47.090Z</time>
      </trkpt>
      <trkpt lat="43.69545936584473" lon="7.307174205780029">
        <ele>0.1</ele>
        <time>2025-02-28T10:30:54.714Z</time>
      </trkpt>
      <trkpt lat="43.69539499282837" lon="7.307131290435791">
        <ele>0.62</ele>
        <time>2025-02-28T10:31:02.341Z</time>
      </trkpt>
      <trkpt lat="43.69535207748413" lon="7.307066917419434">
        <ele>1.15</ele>
        <time>2025-02-28T10:31:09.972Z</time>
      </trkpt>
      <trkpt lat="43.69524738751352" lon="7.307116873562336">
        <ele>1.6</ele>
        <time>2025-02-28T10:31:17.608Z</time>
      </trkpt>
      <trkpt lat="43.69524713605642" lon="7.307117041200399">
        <ele>2.08</ele>
        <time>2025-02-28T10:31:25.244Z</time>
      </trkpt>
      <trkpt lat="43.69509005919099" lon="7.30719574727118">
        <ele>2.46</ele>
        <time>2025-02-28T10:31:32.888Z</time>
      </trkpt>
      <trkpt lat="43.69508980773389" lon="7.307195914909244">
        <ele>2.92</ele>
        <time>2025-02-28T10:31:40.532Z</time>
      </trkpt>
      <trkpt lat="43.69479610584676" lon="7.307335222139955">
        <ele>3.34</ele>
        <time>2025-02-28T10:31:48.191Z</time>
      </trkpt>
      <trkpt lat="43.694502487778664" lon="7.3074745293706656">
        <ele>3.76</ele>
        <time>2025-02-28T10:31:55.866Z</time>
      </trkpt>
      <trkpt lat="43.694208869710565" lon="7.3076138366013765">
        <ele>4.3</ele>
        <time>2025-02-28T10:32:03.556Z</time>
      </trkpt>
      <trkpt lat="43.69391449727118" lon="7.307753562927246">
        <ele>4.63</ele>
        <time>2025-02-28T10:32:11.261Z</time>
      </trkpt>
      <trkpt lat="43.69385012425482" lon="7.307785749435425">
        <ele>5.08</ele>
        <time>2025-02-28T10:32:18.970Z</time>
      </trkpt>
      <trkpt lat="43.69372137822211" lon="7.307850122451782">
        <ele>5.53</ele>
        <time>2025-02-28T10:32:26.685Z</time>
      </trkpt>
      <trkpt lat="43.69360336102545" lon="7.307871580123901">
        <ele>6.0</ele>
        <time>2025-02-28T10:32:34.406Z</time>
      </trkpt>
      <trkpt lat="43.69346380233765" lon="7.3078930377960205">
        <ele>6.41</ele>
        <time>2025-02-28T10:32:42.134Z</time>
      </trkpt>
      <trkpt lat="43.69345307350159" lon="7.308064699172974">
        <ele>6.52</ele>
        <time>2025-02-28T10:32:49.868Z</time>
      </trkpt>
      <trkpt lat="43.69321712292731" lon="7.308182632550597">
        <ele>7.04</ele>
        <time>2025-02-28T10:32:57.614Z</time>
      </trkpt>
      <trkpt lat="43.692981004714966" lon="7.308300733566284">
        <ele>7.5</ele>
        <time>2025-02-28T10:33:05.373Z</time>
      </trkpt>
      <trkpt lat="43.69284152984619" lon="7.308590412139893">
        <ele>7.87</ele>
        <time>2025-02-28T10:33:13.144Z</time>
      </trkpt>
      <trkpt lat="43.69279861450195" lon="7.308783531188965">
        <ele>8.17</ele>
        <time>2025-02-28T10:33:20.922Z</time>
      </trkpt>
      <trkpt lat="43.692787885665894" lon="7.3088157176971436">
        <ele>8.59</ele>
        <time>2025-02-28T10:33:28.701Z</time>
      </trkpt>
      <trkpt lat="43.692723512649536" lon="7.308783531188965">
        <ele>9.09</ele>
        <time>2025-02-28T10:33:36.484Z</time>
      </trkpt>
      <trkpt lat="43.69259476661682" lon="7.308794260025024">
        <ele>9.6</ele>
        <time>2025-02-28T10:33:44.273Z</time>
      </trkpt>
      <trkpt lat="43.69254112243652" lon="7.308772802352905">
        <ele>10.12</ele>
        <time>2025-02-28T10:33:52.065Z</time>
      </trkpt>
      <trkpt lat="43.69235873222351" lon="7.308804988861084">
        <ele>10.68</ele>
        <time>2025-02-28T10:33:59.866Z</time>
      </trkpt>
      <trkpt lat="43.6921763420105" lon="7.3088157176971436">
        <ele>11.29</ele>
        <time>2025-02-28T10:34:07.676Z</time>
      </trkpt>
      <trkpt lat="43.69213342666626" lon="7.308847904205322">
        <ele>11.85</ele>
        <time>2025-02-28T10:34:15.488Z</time>
      </trkpt>
      <trkpt lat="43.69190292432904" lon="7.308810353279114">
        <ele>12.45</ele>
        <time>2025-02-28T10:34:23.312Z</time>
      </trkpt>
      <trkpt lat="43.6916720867157" lon="7.308772802352905">
        <ele>12.89</ele>
        <time>2025-02-28T10:34:31.147Z</time>
      </trkpt>
      <trkpt lat="43.69146295823157" lon="7.30864405632019">
        <ele>13.37</ele>
        <time>2025-02-28T10:34:38.993Z</time>
      </trkpt>
      <trkpt lat="43.691253662109375" lon="7.308515310287476">
        <ele>14.06</ele>
        <time>2025-02-28T10:34:46.850Z</time>
      </trkpt>
      <trkpt lat="43.69104981422424" lon="7.308290004730225">
        <ele>14.91</ele>
        <time>2025-02-28T10:34:54.720Z</time>
      </trkpt>
      <trkpt lat="43.69094252586365" lon="7.308021783828735">
        <ele>15.79</ele>
        <time>2025-02-28T10:35:02.601Z</time>
      </trkpt>
      <trkpt lat="43.690760135650635" lon="7.307957410812378">
        <ele>16.5</ele>
        <time>2025-02-28T10:35:10.491Z</time>
      </trkpt>
      <trkpt lat="43.69063138961792" lon="7.308032512664795">
        <ele>16.98</ele>
        <time>2025-02-28T10:35:18.388Z</time>
      </trkpt>
      <trkpt lat="43.69059920310974" lon="7.30815052986145">
        <ele>17.28</ele>
        <time>2025-02-28T10:35:26.290Z</time>
      </trkpt>
      <trkpt lat="43.69034171104431" lon="7.3081183433532715">
        <ele>17.58</ele>
        <time>2025-02-28T10:35:34.204Z</time>
      </trkpt>
      <trkpt lat="43.690288066864014" lon="7.308182716369629">
        <ele>17.79</ele>
        <time>2025-02-28T10:35:42.122Z</time>
      </trkpt>
      <trkpt lat="43.6900520324707" lon="7.308182716369629">
        <ele>18.0</ele>
        <time>2025-02-28T10:35:50.051Z</time>
      </trkpt>
      <trkpt lat="43.69006276130676" lon="7.308236360549927">
        <ele>18.31</ele>
        <time>2025-02-28T10:35:57.982Z</time>
      </trkpt>
      <trkpt lat="43.690009117126465" lon="7.308300733566284">
        <ele>18.6</ele>
        <time>2025-02-28T10:36:05.917Z</time>
      </trkpt>
      <trkpt lat="43.68979454040527" lon="7.308247089385986">
        <ele>18.97</ele>
        <time>2025-02-28T10:36:13.863Z</time>
      </trkpt>
      <trkpt lat="43.689783811569214" lon="7.3081934452056885">
        <ele>19.25</ele>
        <time>2025-02-28T10:36:21.811Z</time>
      </trkpt>
      <trkpt lat="43.68957996368408" lon="7.308064699172974">
        <ele>19.54</ele>
        <time>2025-02-28T10:36:29.770Z</time>
      </trkpt>
      <trkpt lat="43.689537048339844" lon="7.308011054992676">
        <ele>19.79</ele>
        <time>2025-02-28T10:36:37.731Z</time>
      </trkpt>
      <trkpt lat="43.68936547078192" lon="7.307952046394348">
        <ele>20.06</ele>
        <time>2025-02-28T10:36:45.701Z</time>
      </trkpt>
      <trkpt lat="43.68919372558594" lon="7.3078930377960205">
        <ele>20.29</ele>
        <time>2025-02-28T10:36:53.680Z</time>
      </trkpt>
      <trkpt lat="43.688979148864746" lon="7.307946681976318">
        <ele>20.24</ele>
        <time>2025-02-28T10:37:01.669Z</time>
      </trkpt>
      <trkpt lat="43.68892550468445" lon="7.307978868484497">
        <ele>20.32</ele>
        <time>2025-02-28T10:37:09.661Z</time>
      </trkpt>
      <trkpt lat="43.68883967399597" lon="7.3079681396484375">
        <ele>20.55</ele>
        <time>2025-02-28T10:37:17.657Z</time>
      </trkpt>
      <trkpt lat="43.688764572143555" lon="7.3080432415008545">
        <ele>20.63</ele>
        <time>2025-02-28T10:37:25.658Z</time>
      </trkpt>
      <trkpt lat="43.68868947029114" lon="7.308053970336914">
        <ele>20.73</ele>
        <time>2025-02-28T10:37:33.663Z</time>
      </trkpt>
      <trkpt lat="43.68854999542236" lon="7.30791449546814">
        <ele>21.1</ele>
        <time>2025-02-28T10:37:41.676Z</time>
      </trkpt>
      <trkpt lat="43.688507080078125" lon="7.30790376663208">
        <ele>21.19</ele>
        <time>2025-02-28T10:37:49.691Z</time>
      </trkpt>
      <trkpt lat="43.68837833404541" lon="7.307560443878174">
        <ele>21.95</ele>
        <time>2025-02-28T10:37:57.720Z</time>
      </trkpt>
      <trkpt lat="43.688238859176636" lon="7.307549715042114">
        <ele>21.75</ele>
        <time>2025-02-28T10:38:05.756Z</time>
      </trkpt>
      <trkpt lat="43.68813157081604" lon="7.307571172714233">
        <ele>21.53</ele>
        <time>2025-02-28T10:38:13.797Z</time>
      </trkpt>
      <trkpt lat="43.68809938430786" lon="7.307603359222412">
        <ele>21.32</ele>
        <time>2025-02-28T10:38:21.840Z</time>
      </trkpt>
      <trkpt lat="43.68789553642273" lon="7.3075175285339355">
        <ele>20.93</ele>
        <time>2025-02-28T10:38:29.894Z</time>
      </trkpt>
      <trkpt lat="43.68779897689819" lon="7.307506799697876">
        <ele>20.63</ele>
        <time>2025-02-28T10:38:37.952Z</time>
      </trkpt>
      <trkpt lat="43.68765950202942" lon="7.307378053665161">
        <ele>20.39</ele>
        <time>2025-02-28T10:38:46.019Z</time>
      </trkpt>
      <trkpt lat="43.687530755996704" lon="7.307281494140625">
        <ele>20.1</ele>
        <time>2025-02-28T10:38:54.093Z</time>
      </trkpt>
      <trkpt lat="43.68745565414429" lon="7.307292222976685">
        <ele>19.74</ele>
        <time>2025-02-28T10:39:02.170Z</time>
      </trkpt>
      <trkpt lat="43.68741273880005" lon="7.307249307632446">
        <ele>19.44</ele>
        <time>2025-02-28T10:39:10.250Z</time>
      </trkpt>
      <trkpt lat="43.68741273880005" lon="7.30715274810791">
        <ele>19.22</ele>
        <time>2025-02-28T10:39:18.333Z</time>
      </trkpt>
      <trkpt lat="43.687294721603394" lon="7.306938171386719">
        <ele>19.08</ele>
        <time>2025-02-28T10:39:26.426Z</time>
      </trkpt>
      <trkpt lat="43.687251806259155" lon="7.3069167137146">
        <ele>18.7</ele>
        <time>2025-02-28T10:39:34.521Z</time>
      </trkpt>
      <trkpt lat="43.6871874332428" lon="7.306798696517944">
        <ele>18.41</ele>
        <time>2025-02-28T10:39:42.622Z</time>
      </trkpt>
      <trkpt lat="43.68710160255432" lon="7.306755781173706">
        <ele>17.97</ele>
        <time>2025-02-28T10:39:50.727Z</time>
      </trkpt>
      <trkpt lat="43.686994314193726" lon="7.306798696517944">
        <ele>17.36</ele>
        <time>2025-02-28T10:39:58.837Z</time>
      </trkpt>
      <trkpt lat="43.68683338165283" lon="7.306723594665527">
        <ele>16.82</ele>
        <time>2025-02-28T10:40:06.956Z</time>
      </trkpt>
      <trkpt lat="43.686790466308594" lon="7.30664849281311">
        <ele>16.51</ele>
        <time>2025-02-28T10:40:15.078Z</time>
      </trkpt>
      <trkpt lat="43.68659734725952" lon="7.306476831436157">
        <ele>16.06</ele>
        <time>2025-02-28T10:40:23.211Z</time>
      </trkpt>
      <trkpt lat="43.686511516571045" lon="7.306251525878906">
        <ele>15.88</ele>
        <time>2025-02-28T10:40:31.354Z</time>
      </trkpt>
      <trkpt lat="43.686275482177734" lon="7.305983304977417">
        <ele>15.57</ele>
        <time>2025-02-28T10:40:39.512Z</time>
      </trkpt>
      <trkpt lat="43.6861252784729" lon="7.305833101272583">
        <ele>15.31</ele>
        <time>2025-02-28T10:40:47.679Z</time>
      </trkpt>
      <trkpt lat="43.685985803604126" lon="7.305779457092285">
        <ele>15.12</ele>
        <time>2025-02-28T10:40:55.853Z</time>
      </trkpt>
      <trkpt lat="43.68582487106323" lon="7.305586338043213">
        <ele>15.0</ele>
        <time>2025-02-28T10:41:04.037Z</time>
      </trkpt>
      <trkpt lat="43.685781955718994" lon="7.305479049682617">
        <ele>14.98</ele>
        <time>2025-02-28T10:41:12.226Z</time>
      </trkpt>
      <trkpt lat="43.68581414222717" lon="7.305253744125366">
        <ele>15.21</ele>
        <time>2025-02-28T10:41:20.423Z</time>
      </trkpt>
      <trkpt lat="43.685728311538696" lon="7.305006980895996">
        <ele>15.46</ele>
        <time>2025-02-28T10:41:28.629Z</time>
      </trkpt>
      <trkpt lat="43.68568539619446" lon="7.304792404174805">
        <ele>15.79</ele>
        <time>2025-02-28T10:41:36.843Z</time>
      </trkpt>
      <trkpt lat="43.68558883666992" lon="7.304556369781494">
        <ele>16.05</ele>
        <time>2025-02-28T10:41:45.067Z</time>
      </trkpt>
      <trkpt lat="43.685503005981445" lon="7.304438352584839">
        <ele>16.28</ele>
        <time>2025-02-28T10:41:53.297Z</time>
      </trkpt>
      <trkpt lat="43.68543863296509" lon="7.304288148880005">
        <ele>16.63</ele>
        <time>2025-02-28T10:42:01.533Z</time>
      </trkpt>
      <trkpt lat="43.68537425994873" lon="7.304191589355469">
        <ele>17.05</ele>
        <time>2025-02-28T10:42:09.774Z</time>
      </trkpt>
      <trkpt lat="43.68540644645691" lon="7.30417013168335">
        <ele>17.81</ele>
        <time>2025-02-28T10:42:18.017Z</time>
      </trkpt>
      <trkpt lat="43.685492277145386" lon="7.30417013168335">
        <ele>18.81</ele>
        <time>2025-02-28T10:42:26.264Z</time>
      </trkpt>
      <trkpt lat="43.685535192489624" lon="7.304095029830933">
        <ele>19.8</ele>
        <time>2025-02-28T10:42:34.514Z</time>
      </trkpt>
      <trkpt lat="43.6855673789978" lon="7.30417013168335">
        <ele>20.86</ele>
        <time>2025-02-28T10:42:42.767Z</time>
      </trkpt>
      <trkpt lat="43.68566393852234" lon="7.3042988777160645">
        <ele>22.17</ele>
        <time>2025-02-28T10:42:51.027Z</time>
      </trkpt>
      <trkpt lat="43.6856746673584" lon="7.304266691207886">
        <ele>23.34</ele>
        <time>2025-02-28T10:42:59.288Z</time>
      </trkpt>
      <trkpt lat="43.68564248085022" lon="7.304116487503052">
        <ele>24.47</ele>
        <time>2025-02-28T10:43:07.555Z</time>
      </trkpt>
      <trkpt lat="43.68566393852234" lon="7.304116487503052">
        <ele>25.81</ele>
        <time>2025-02-28T10:43:15.823Z</time>
      </trkpt>
      <trkpt lat="43.68569612503052" lon="7.304180860519409">
        <ele>27.26</ele>
        <time>2025-02-28T10:43:24.093Z</time>
      </trkpt>
      <trkpt lat="43.68582487106323" lon="7.304341793060303">
        <ele>29.01</ele>
        <time>2025-02-28T10:43:32.372Z</time>
      </trkpt>
      <trkpt lat="43.68592143058777" lon="7.304363250732422">
        <ele>30.67</ele>
        <time>2025-02-28T10:43:40.656Z</time>
      </trkpt>
      <trkpt lat="43.685975074768066" lon="7.30441689491272">
        <ele>32.25</ele>
        <time>2025-02-28T10:43:48.943Z</time>
      </trkpt>
      <trkpt lat="43.685996532440186" lon="7.304384708404541">
        <ele>33.84</ele>
        <time>2025-02-28T10:43:57.232Z</time>
      </trkpt>
      <trkpt lat="43.685996532440186" lon="7.304352521896362">
        <ele>35.4</ele>
        <time>2025-02-28T10:44:05.522Z</time>
      </trkpt>
      <trkpt lat="43.68594288825989" lon="7.304116487503052">
        <ele>36.87</ele>
        <time>2025-02-28T10:44:13.821Z</time>
      </trkpt>
      <trkpt lat="43.685996532440186" lon="7.304009199142456">
        <ele>38.55</ele>
        <time>2025-02-28T10:44:22.124Z</time>
      </trkpt>
      <trkpt lat="43.6860716342926" lon="7.303934097290039">
        <ele>40.35</ele>
        <time>2025-02-28T10:44:30.432Z</time>
      </trkpt>
      <trkpt lat="43.6861789226532" lon="7.303977012634277">
        <ele>42.3</ele>
        <time>2025-02-28T10:44:38.745Z</time>
      </trkpt>
      <trkpt lat="43.68618965148926" lon="7.304105758666992">
        <ele>43.97</ele>
        <time>2025-02-28T10:44:47.063Z</time>
      </trkpt>
      <trkpt lat="43.68623265065253" lon="7.304095029830933">
        <ele>45.75</ele>
        <time>2025-02-28T10:44:55.383Z</time>
      </trkpt>
      <trkpt lat="43.686232566833496" lon="7.30366587638855">
        <ele>47.11</ele>
        <time>2025-02-28T10:45:03.718Z</time>
      </trkpt>
      <trkpt lat="43.68629693984985" lon="7.303268909454346">
        <ele>48.32</ele>
        <time>2025-02-28T10:45:12.068Z</time>
      </trkpt>
      <trkpt lat="43.686297023668885" lon="7.303268909454346">
        <ele>49.92</ele>
        <time>2025-02-28T10:45:20.418Z</time>
      </trkpt>
      <trkpt lat="43.68635058403015" lon="7.303097248077393">
        <ele>51.42</ele>
        <time>2025-02-28T10:45:28.774Z</time>
      </trkpt>
      <trkpt lat="43.6864794138819" lon="7.302844785153866">
        <ele>53.17</ele>
        <time>2025-02-28T10:45:37.141Z</time>
      </trkpt>
      <trkpt lat="43.68660807609558" lon="7.302592992782593">
        <ele>55.02</ele>
        <time>2025-02-28T10:45:45.519Z</time>
      </trkpt>
      <trkpt lat="43.68667798116803" lon="7.302356455475092">
        <ele>56.79</ele>
        <time>2025-02-28T10:45:53.906Z</time>
      </trkpt>
      <trkpt lat="43.68674763478339" lon="7.302120923995972">
        <ele>58.39</ele>
        <time>2025-02-28T10:46:02.302Z</time>
      </trkpt>
      <trkpt lat="43.686824664473534" lon="7.301751701161265">
        <ele>59.84</ele>
        <time>2025-02-28T10:46:10.712Z</time>
      </trkpt>
      <trkpt lat="43.68690169416368" lon="7.301382562145591">
        <ele>61.44</ele>
        <time>2025-02-28T10:46:19.136Z</time>
      </trkpt>
      <trkpt lat="43.68697880767286" lon="7.301013423129916">
        <ele>62.88</ele>
        <time>2025-02-28T10:46:27.573Z</time>
      </trkpt>
      <trkpt lat="43.687055837363005" lon="7.300644284114242">
        <ele>64.06</ele>
        <time>2025-02-28T10:46:36.024Z</time>
      </trkpt>
      <trkpt lat="43.68713286705315" lon="7.300275145098567">
        <ele>65.27</ele>
        <time>2025-02-28T10:46:44.489Z</time>
      </trkpt>
      <trkpt lat="43.68720897473395" lon="7.2999107837677">
        <ele>66.6</ele>
        <time>2025-02-28T10:46:52.967Z</time>
      </trkpt>
      <trkpt lat="43.68721970357001" lon="7.299824953079224">
        <ele>67.7</ele>
        <time>2025-02-28T10:47:01.448Z</time>
      </trkpt>
      <trkpt lat="43.687267983332276" lon="7.299615237861872">
        <ele>68.77</ele>
        <time>2025-02-28T10:47:09.937Z</time>
      </trkpt>
      <trkpt lat="43.68731617927551" lon="7.2994065284729">
        <ele>69.69</ele>
        <time>2025-02-28T10:47:18.434Z</time>
      </trkpt>
      <trkpt lat="43.68736990727484" lon="7.299132272601128">
        <ele>70.49</ele>
        <time>2025-02-28T10:47:26.941Z</time>
      </trkpt>
      <trkpt lat="43.68742355145514" lon="7.298859357833862">
        <ele>71.17</ele>
        <time>2025-02-28T10:47:35.458Z</time>
      </trkpt>
      <trkpt lat="43.687487840652466" lon="7.298558950424194">
        <ele>71.81</ele>
        <time>2025-02-28T10:47:43.986Z</time>
      </trkpt>
      <trkpt lat="43.6874879244715" lon="7.298558950424194">
        <ele>72.24</ele>
        <time>2025-02-28T10:47:52.514Z</time>
      </trkpt>
      <trkpt lat="43.68755238130689" lon="7.298252508044243">
        <ele>72.74</ele>
        <time>2025-02-28T10:48:01.053Z</time>
      </trkpt>
      <trkpt lat="43.68761667050421" lon="7.297947406768799">
        <ele>72.88</ele>
        <time>2025-02-28T10:48:09.604Z</time>
      </trkpt>
      <trkpt lat="43.68768649175763" lon="7.297630151733756">
        <ele>72.77</ele>
        <time>2025-02-28T10:48:18.167Z</time>
      </trkpt>
      <trkpt lat="43.68775639683008" lon="7.297312980517745">
        <ele>72.5</ele>
        <time>2025-02-28T10:48:26.741Z</time>
      </trkpt>
      <trkpt lat="43.6878262180835" lon="7.296995809301734">
        <ele>72.27</ele>
        <time>2025-02-28T10:48:35.327Z</time>
      </trkpt>
      <trkpt lat="43.68789553642273" lon="7.2966814041137695">
        <ele>71.96</ele>
        <time>2025-02-28T10:48:43.925Z</time>
      </trkpt>
      <trkpt lat="43.68795999325812" lon="7.296370267868042">
        <ele>71.43</ele>
        <time>2025-02-28T10:48:52.534Z</time>
      </trkpt>
      <trkpt lat="43.688024282455444" lon="7.2961342334747314">
        <ele>70.75</ele>
        <time>2025-02-28T10:49:01.152Z</time>
      </trkpt>
      <trkpt lat="43.68794943206012" lon="7.29609458707273">
        <ele>69.78</ele>
        <time>2025-02-28T10:49:09.774Z</time>
      </trkpt>
      <trkpt lat="43.68794641457498" lon="7.296105567365885">
        <ele>68.7</ele>
        <time>2025-02-28T10:49:18.397Z</time>
      </trkpt>
      <trkpt lat="43.687864104285836" lon="7.29606038890779">
        <ele>67.42</ele>
        <time>2025-02-28T10:49:27.024Z</time>
      </trkpt>
      <trkpt lat="43.68784029968083" lon="7.296221824362874">
        <ele>66.0</ele>
        <time>2025-02-28T10:49:35.657Z</time>
      </trkpt>
      <trkpt lat="43.68774985894561" lon="7.2964380774647">
        <ele>64.38</ele>
        <time>2025-02-28T10:49:44.299Z</time>
      </trkpt>
      <trkpt lat="43.68767945095897" lon="7.296783663332462">
        <ele>62.57</ele>
        <time>2025-02-28T10:49:52.953Z</time>
      </trkpt>
      <trkpt lat="43.687652461230755" lon="7.296844180673361">
        <ele>60.75</ele>
        <time>2025-02-28T10:50:01.610Z</time>
      </trkpt>
      <trkpt lat="43.68761641904712" lon="7.296863542869687">
        <ele>58.84</ele>
        <time>2025-02-28T10:50:10.269Z</time>
      </trkpt>
      <trkpt lat="43.687524469569325" lon="7.296855496242642">
        <ele>56.73</ele>
        <time>2025-02-28T10:50:18.932Z</time>
      </trkpt>
      <trkpt lat="43.68735373020172" lon="7.296766396611929">
        <ele>54.4</ele>
        <time>2025-02-28T10:50:27.604Z</time>
      </trkpt>
      <trkpt lat="43.68730436079204" lon="7.2968086414039135">
        <ele>52.21</ele>
        <time>2025-02-28T10:50:36.279Z</time>
      </trkpt>
      <trkpt lat="43.68710068054497" lon="7.296865722164512">
        <ele>49.67</ele>
        <time>2025-02-28T10:50:44.964Z</time>
      </trkpt>
      <trkpt lat="43.68709716014564" lon="7.296844096854329">
        <ele>47.52</ele>
        <time>2025-02-28T10:50:53.650Z</time>
      </trkpt>
      <trkpt lat="43.687071427702904" lon="7.2968490421772">
        <ele>45.31</ele>
        <time>2025-02-28T10:51:02.337Z</time>
      </trkpt>
      <trkpt lat="43.687003031373024" lon="7.296800594776869">
        <ele>43.02</ele>
        <time>2025-02-28T10:51:11.028Z</time>
      </trkpt>
      <trkpt lat="43.686917619779706" lon="7.296692635864019">
        <ele>40.75</ele>
        <time>2025-02-28T10:51:19.725Z</time>
      </trkpt>
      <trkpt lat="43.68684838525951" lon="7.296497169882059">
        <ele>38.59</ele>
        <time>2025-02-28T10:51:28.430Z</time>
      </trkpt>
      <trkpt lat="43.68682726286352" lon="7.296497086063027">
        <ele>36.47</ele>
        <time>2025-02-28T10:51:37.136Z</time>
      </trkpt>
      <trkpt lat="43.686805637553334" lon="7.296503707766533">
        <ele>34.39</ele>
        <time>2025-02-28T10:51:45.843Z</time>
      </trkpt>
      <trkpt lat="43.68680085986853" lon="7.296530362218618">
        <ele>32.37</ele>
        <time>2025-02-28T10:51:54.551Z</time>
      </trkpt>
      <trkpt lat="43.68675568141043" lon="7.296566069126129">
        <ele>30.34</ele>
        <time>2025-02-28T10:52:03.261Z</time>
      </trkpt>
      <trkpt lat="43.68672760203481" lon="7.296551568433642">
        <ele>28.44</ele>
        <time>2025-02-28T10:52:11.973Z</time>
      </trkpt>
      <trkpt lat="43.68669927120209" lon="7.296575037762523">
        <ele>26.58</ele>
        <time>2025-02-28T10:52:20.686Z</time>
      </trkpt>
      <trkpt lat="43.68666222319007" lon="7.296579899266362">
        <ele>24.79</ele>
        <time>2025-02-28T10:52:29.401Z</time>
      </trkpt>
      <trkpt lat="43.686633221805096" lon="7.296647457405925">
        <ele>23.05</ele>
        <time>2025-02-28T10:52:38.119Z</time>
      </trkpt>
      <trkpt lat="43.68657195009291" lon="7.296684421598911">
        <ele>21.36</ele>
        <time>2025-02-28T10:52:46.840Z</time>
      </trkpt>
      <trkpt lat="43.68654118850827" lon="7.296720463782549">
        <ele>19.83</ele>
        <time>2025-02-28T10:52:55.563Z</time>
      </trkpt>
      <trkpt lat="43.68652299977839" lon="7.29679137468338">
        <ele>18.4</ele>
        <time>2025-02-28T10:53:04.289Z</time>
      </trkpt>
      <trkpt lat="43.686462147161365" lon="7.2968419175595045">
        <ele>17.01</ele>
        <time>2025-02-28T10:53:13.018Z</time>
      </trkpt>
      <trkpt lat="43.686395678669214" lon="7.296730689704418">
        <ele>15.84</ele>
        <time>2025-02-28T10:53:21.752Z</time>
      </trkpt>
      <trkpt lat="43.68634019047022" lon="7.296436401084065">
        <ele>14.9</ele>
        <time>2025-02-28T10:53:30.497Z</time>
      </trkpt>
      <trkpt lat="43.68622452020645" lon="7.296302290633321">
        <ele>13.89</ele>
        <time>2025-02-28T10:53:39.250Z</time>
      </trkpt>
      <trkpt lat="43.68607649579644" lon="7.296222327277064">
        <ele>13.01</ele>
        <time>2025-02-28T10:53:48.010Z</time>
      </trkpt>
      <trkpt lat="43.68601203896105" lon="7.296051839366555">
        <ele>12.3</ele>
        <time>2025-02-28T10:53:56.777Z</time>
      </trkpt>
      <trkpt lat="43.68593014776707" lon="7.296027280390263">
        <ele>11.63</ele>
        <time>2025-02-28T10:54:05.548Z</time>
      </trkpt>
      <trkpt lat="43.685895362868905" lon="7.295992746949196">
        <ele>11.0</ele>
        <time>2025-02-28T10:54:14.322Z</time>
      </trkpt>
      <trkpt lat="43.68588622659445" lon="7.295879423618317">
        <ele>10.38</ele>
        <time>2025-02-28T10:54:23.100Z</time>
      </trkpt>
      <trkpt lat="43.68596107698977" lon="7.295772051438689">
        <ele>9.83</ele>
        <time>2025-02-28T10:54:31.883Z</time>
      </trkpt>
      <trkpt lat="43.685981864109635" lon="7.295720754191279">
        <ele>9.41</ele>
        <time>2025-02-28T10:54:40.668Z</time>
      </trkpt>
      <trkpt lat="43.68597557768226" lon="7.295698709785938">
        <ele>9.08</ele>
        <time>2025-02-28T10:54:49.454Z</time>
      </trkpt>
      <trkpt lat="43.68600122630596" lon="7.295657973736525">
        <ele>8.8</ele>
        <time>2025-02-28T10:54:58.242Z</time>
      </trkpt>
      <trkpt lat="43.68599183857441" lon="7.295613046735525">
        <ele>8.59</ele>
        <time>2025-02-28T10:55:07.031Z</time>
      </trkpt>
      <trkpt lat="43.685913970693946" lon="7.295528138056397">
        <ele>8.4</ele>
        <time>2025-02-28T10:55:15.825Z</time>
      </trkpt>
      <trkpt lat="43.6859233584255" lon="7.295426381751895">
        <ele>8.36</ele>
        <time>2025-02-28T10:55:24.623Z</time>
      </trkpt>
      <trkpt lat="43.68611320853233" lon="7.295204596593976">
        <ele>8.67</ele>
        <time>2025-02-28T10:55:33.433Z</time>
      </trkpt>
      <trkpt lat="43.686258466914296" lon="7.295078532770276">
        <ele>9.0</ele>
        <time>2025-02-28T10:55:42.252Z</time>
      </trkpt>
      <trkpt lat="43.6863705329597" lon="7.294899076223373">
        <ele>9.15</ele>
        <time>2025-02-28T10:55:51.079Z</time>
      </trkpt>
      <trkpt lat="43.68643457069993" lon="7.294824896380305">
        <ele>9.2</ele>
        <time>2025-02-28T10:55:59.910Z</time>
      </trkpt>
      <trkpt lat="43.68643549270928" lon="7.294753901660442">
        <ele>9.23</ele>
        <time>2025-02-28T10:56:08.744Z</time>
      </trkpt>
      <trkpt lat="43.68637933395803" lon="7.294724564999342">
        <ele>9.3</ele>
        <time>2025-02-28T10:56:17.580Z</time>
      </trkpt>
      <trkpt lat="43.68635158985853" lon="7.29466924443841">
        <ele>9.39</ele>
        <time>2025-02-28T10:56:26.419Z</time>
      </trkpt>
      <trkpt lat="43.68640271946788" lon="7.294347546994686">
        <ele>9.34</ele>
        <time>2025-02-28T10:56:35.270Z</time>
      </trkpt>
      <trkpt lat="43.686477737501264" lon="7.294251155108213">
        <ele>9.5</ele>
        <time>2025-02-28T10:56:44.126Z</time>
      </trkpt>
      <trkpt lat="43.68652828037739" lon="7.294099275022745">
        <ele>9.66</ele>
        <time>2025-02-28T10:56:52.988Z</time>
      </trkpt>
      <trkpt lat="43.68658980354667" lon="7.294057533144951">
        <ele>9.97</ele>
        <time>2025-02-28T10:57:01.853Z</time>
      </trkpt>
      <trkpt lat="43.68664906360209" lon="7.293982766568661">
        <ele>10.32</ele>
        <time>2025-02-28T10:57:10.722Z</time>
      </trkpt>
      <trkpt lat="43.6867727804929" lon="7.293894002214074">
        <ele>10.74</ele>
        <time>2025-02-28T10:57:19.598Z</time>
      </trkpt>
      <trkpt lat="43.686819802969694" lon="7.293879669159651">
        <ele>11.25</ele>
        <time>2025-02-28T10:57:28.476Z</time>
      </trkpt>
      <trkpt lat="43.68695382960141" lon="7.293899450451136">
        <ele>11.84</ele>
        <time>2025-02-28T10:57:37.361Z</time>
      </trkpt>
      <trkpt lat="43.68712741881609" lon="7.293827701359987">
        <ele>12.46</ele>
        <time>2025-02-28T10:57:46.255Z</time>
      </trkpt>
      <trkpt lat="43.68719489313662" lon="7.293854355812073">
        <ele>13.23</ele>
        <time>2025-02-28T10:57:55.152Z</time>
      </trkpt>
      <trkpt lat="43.68726530112326" lon="7.293859804049134">
        <ele>14.02</ele>
        <time>2025-02-28T10:58:04.052Z</time>
      </trkpt>
      <trkpt lat="43.68735892698169" lon="7.293936414644122">
        <ele>14.98</ele>
        <time>2025-02-28T10:58:12.958Z</time>
      </trkpt>
      <trkpt lat="43.68746085092425" lon="7.293970193713903">
        <ele>15.91</ele>
        <time>2025-02-28T10:58:21.869Z</time>
      </trkpt>
      <trkpt lat="43.687496641650796" lon="7.293958207592368">
        <ele>16.74</ele>
        <time>2025-02-28T10:58:30.782Z</time>
      </trkpt>
      <trkpt lat="43.687582556158304" lon="7.293873885646462">
        <ele>17.5</ele>
        <time>2025-02-28T10:58:39.700Z</time>
      </trkpt>
      <trkpt lat="43.68760242126882" lon="7.293873718008399">
        <ele>18.35</ele>
        <time>2025-02-28T10:58:48.619Z</time>
      </trkpt>
      <trkpt lat="43.68769562803209" lon="7.294028028845787">
        <ele>19.49</ele>
        <time>2025-02-28T10:58:57.545Z</time>
      </trkpt>
      <trkpt lat="43.68780668824911" lon="7.29412198998034">
        <ele>20.52</ele>
        <time>2025-02-28T10:59:06.477Z</time>
      </trkpt>
      <trkpt lat="43.687958400696516" lon="7.294149650260806">
        <ele>21.35</ele>
        <time>2025-02-28T10:59:15.417Z</time>
      </trkpt>
      <trkpt lat="43.688119584694505" lon="7.294253082945943">
        <ele>22.23</ele>
        <time>2025-02-28T10:59:24.366Z</time>
      </trkpt>
      <trkpt lat="43.68819158524275" lon="7.29426171630621">
        <ele>22.84</ele>
        <time>2025-02-28T10:59:33.318Z</time>
      </trkpt>
      <trkpt lat="43.6882889829576" lon="7.294322904199362">
        <ele>23.43</ele>
        <time>2025-02-28T10:59:42.275Z</time>
      </trkpt>
      <trkpt lat="43.688384871929884" lon="7.294353498145938">
        <ele>23.91</ele>
        <time>2025-02-28T10:59:51.237Z</time>
      </trkpt>
      <trkpt lat="43.68843440897763" lon="7.294395659118891">
        <ele>24.33</ele>
        <time>2025-02-28T11:00:00.202Z</time>
      </trkpt>
      <trkpt lat="43.68840356357396" lon="7.294434132054448">
        <ele>24.81</ele>
        <time>2025-02-28T11:00:09.169Z</time>
      </trkpt>
      <trkpt lat="43.68848109617829" lon="7.294492553919554">
        <ele>25.07</ele>
        <time>2025-02-28T11:00:18.140Z</time>
      </trkpt>
      <trkpt lat="43.68852384388447" lon="7.2944926377385855">
        <ele>25.16</ele>
        <time>2025-02-28T11:00:27.114Z</time>
      </trkpt>
      <trkpt lat="43.688586289063096" lon="7.294568661600351">
        <ele>25.3</ele>
        <time>2025-02-28T11:00:36.092Z</time>
      </trkpt>
      <trkpt lat="43.688645884394646" lon="7.2945632971823215">
        <ele>25.17</ele>
        <time>2025-02-28T11:00:45.073Z</time>
      </trkpt>
      <trkpt lat="43.688642447814345" lon="7.294587856158614">
        <ele>25.14</ele>
        <time>2025-02-28T11:00:54.054Z</time>
      </trkpt>
      <trkpt lat="43.68868066929281" lon="7.294654995203018">
        <ele>25.03</ele>
        <time>2025-02-28T11:01:03.038Z</time>
      </trkpt>
      <trkpt lat="43.68884067982435" lon="7.2947105672210455">
        <ele>24.62</ele>
        <time>2025-02-28T11:01:12.031Z</time>
      </trkpt>
      <trkpt lat="43.68909129872918" lon="7.29472691193223">
        <ele>24.17</ele>
        <time>2025-02-28T11:01:21.036Z</time>
      </trkpt>
      <trkpt lat="43.68941584601998" lon="7.294628759846091">
        <ele>23.7</ele>
        <time>2025-02-28T11:01:30.057Z</time>
      </trkpt>
      <trkpt lat="43.68950184434652" lon="7.294637644663453">
        <ele>23.32</ele>
        <time>2025-02-28T11:01:39.082Z</time>
      </trkpt>
      <trkpt lat="43.68960821069777" lon="7.294607302173972">
        <ele>22.75</ele>
        <time>2025-02-28T11:01:48.113Z</time>
      </trkpt>
      <trkpt lat="43.68969144299626" lon="7.294604703783989">
        <ele>22.19</ele>
        <time>2025-02-28T11:01:57.148Z</time>
      </trkpt>
      <trkpt lat="43.68985120207071" lon="7.294528763741255">
        <ele>21.47</ele>
        <time>2025-02-28T11:02:06.191Z</time>
      </trkpt>
      <trkpt lat="43.689898643642664" lon="7.294482160359621">
        <ele>20.8</ele>
        <time>2025-02-28T11:02:15.237Z</time>
      </trkpt>
      <trkpt lat="43.68997550569475" lon="7.294377218931913">
        <ele>20.07</ele>
        <time>2025-02-28T11:02:24.288Z</time>
      </trkpt>
      <trkpt lat="43.690053625032306" lon="7.294213185086846">
        <ele>19.32</ele>
        <time>2025-02-28T11:02:33.346Z</time>
      </trkpt>
      <trkpt lat="43.69017407298088" lon="7.294022412970662">
        <ele>18.65</ele>
        <time>2025-02-28T11:02:42.413Z</time>
      </trkpt>
      <trkpt lat="43.69022629223764" lon="7.2939548548310995">
        <ele>18.08</ele>
        <time>2025-02-28T11:02:51.484Z</time>
      </trkpt>
      <trkpt lat="43.69029820896685" lon="7.293898360803723">
        <ele>17.58</ele>
        <time>2025-02-28T11:03:00.559Z</time>
      </trkpt>
      <trkpt lat="43.69039921090007" lon="7.29387472383678">
        <ele>17.17</ele>
        <time>2025-02-28T11:03:09.639Z</time>
      </trkpt>
      <trkpt lat="43.690710766240954" lon="7.293885620310903">
        <ele>16.93</ele>
        <time>2025-02-28T11:03:18.734Z</time>
      </trkpt>
      <trkpt lat="43.69080690667033" lon="7.29383029974997">
        <ele>16.43</ele>
        <time>2025-02-28T11:03:27.834Z</time>
      </trkpt>
      <trkpt lat="43.69086725637317" lon="7.293764585629106">
        <ele>16.0</ele>
        <time>2025-02-28T11:03:36.938Z</time>
      </trkpt>
      <trkpt lat="43.69097236543894" lon="7.293602731078863">
        <ele>15.65</ele>
        <time>2025-02-28T11:03:46.050Z</time>
      </trkpt>
      <trkpt lat="43.69117587804794" lon="7.293218420818448">
        <ele>15.22</ele>
        <time>2025-02-28T11:03:55.178Z</time>
      </trkpt>
      <trkpt lat="43.69131434708834" lon="7.292795637622476">
        <ele>15.05</ele>
        <time>2025-02-28T11:04:04.323Z</time>
      </trkpt>
      <trkpt lat="43.6915061250329" lon="7.292348043993115">
        <ele>14.91</ele>
        <time>2025-02-28T11:04:13.486Z</time>
      </trkpt>
      <trkpt lat="43.69174509309232" lon="7.291631642729044">
        <ele>14.86</ele>
        <time>2025-02-28T11:04:22.677Z</time>
      </trkpt>
      <trkpt lat="43.69211180135608" lon="7.291103834286332">
        <ele>14.87</ele>
        <time>2025-02-28T11:04:31.894Z</time>
      </trkpt>
      <trkpt lat="43.692213809117675" lon="7.290990510955453">
        <ele>14.91</ele>
        <time>2025-02-28T11:04:41.118Z</time>
      </trkpt>
      <trkpt lat="43.69225848466158" lon="7.290962431579828">
        <ele>15.06</ele>
        <time>2025-02-28T11:04:50.344Z</time>
      </trkpt>
      <trkpt lat="43.69230357930064" lon="7.290955726057291">
        <ele>15.33</ele>
        <time>2025-02-28T11:04:59.573Z</time>
      </trkpt>
      <trkpt lat="43.69234875775874" lon="7.290967795997858">
        <ele>15.72</ele>
        <time>2025-02-28T11:05:08.804Z</time>
      </trkpt>
      <trkpt lat="43.6924231890589" lon="7.291019763797522">
        <ele>16.24</ele>
        <time>2025-02-28T11:05:18.039Z</time>
      </trkpt>
      <trkpt lat="43.69254087097943" lon="7.29118388146162">
        <ele>16.94</ele>
        <time>2025-02-28T11:05:27.282Z</time>
      </trkpt>
      <trkpt lat="43.692674143239856" lon="7.291473224759102">
        <ele>17.65</ele>
        <time>2025-02-28T11:05:36.537Z</time>
      </trkpt>
      <trkpt lat="43.69271546602249" lon="7.291536508128047">
        <ele>18.19</ele>
        <time>2025-02-28T11:05:45.795Z</time>
      </trkpt>
      <trkpt lat="43.69281915016472" lon="7.291639689356089">
        <ele>18.77</ele>
        <time>2025-02-28T11:05:55.060Z</time>
      </trkpt>
      <trkpt lat="43.692875476554036" lon="7.29173356667161">
        <ele>19.37</ele>
        <time>2025-02-28T11:06:04.329Z</time>
      </trkpt>
      <trkpt lat="43.69292979128659" lon="7.291794586926699">
        <ele>19.97</ele>
        <time>2025-02-28T11:06:13.601Z</time>
      </trkpt>
      <trkpt lat="43.69301067665219" lon="7.29183909483254">
        <ele>20.54</ele>
        <time>2025-02-28T11:06:22.878Z</time>
      </trkpt>
      <trkpt lat="43.69311955757439" lon="7.291872706264257">
        <ele>21.11</ele>
        <time>2025-02-28T11:06:32.160Z</time>
      </trkpt>
      <trkpt lat="43.69331820867956" lon="7.291856026276946">
        <ele>21.69</ele>
        <time>2025-02-28T11:06:41.452Z</time>
      </trkpt>
      <trkpt lat="43.69348207488656" lon="7.291793413460255">
        <ele>22.22</ele>
        <time>2025-02-28T11:06:50.752Z</time>
      </trkpt>
      <trkpt lat="43.69383009150624" lon="7.291507925838232">
        <ele>22.75</ele>
        <time>2025-02-28T11:07:00.072Z</time>
      </trkpt>
      <trkpt lat="43.694114573299885" lon="7.2913717199116945">
        <ele>23.32</ele>
        <time>2025-02-28T11:07:09.407Z</time>
      </trkpt>
      <trkpt lat="43.694302663207054" lon="7.291231406852603">
        <ele>23.86</ele>
        <time>2025-02-28T11:07:18.752Z</time>
      </trkpt>
      <trkpt lat="43.69446803815663" lon="7.2910206858068705">
        <ele>24.36</ele>
        <time>2025-02-28T11:07:28.108Z</time>
      </trkpt>
      <trkpt lat="43.694538194686174" lon="7.290901830419898">
        <ele>24.85</ele>
        <time>2025-02-28T11:07:37.470Z</time>
      </trkpt>
      <trkpt lat="43.69461262598634" lon="7.290746513754129">
        <ele>25.3</ele>
        <time>2025-02-28T11:07:46.838Z</time>
      </trkpt>
      <trkpt lat="43.69468814693391" lon="7.290476784110069">
        <ele>25.72</ele>
        <time>2025-02-28T11:07:56.217Z</time>
      </trkpt>
      <trkpt lat="43.694738605991006" lon="7.2903739381581545">
        <ele>26.08</ele>
        <time>2025-02-28T11:08:05.600Z</time>
      </trkpt>
      <trkpt lat="43.6947629135102" lon="7.290284000337124">
        <ele>26.37</ele>
        <time>2025-02-28T11:08:14.986Z</time>
      </trkpt>
      <trkpt lat="43.69479258544743" lon="7.289971187710762">
        <ele>26.62</ele>
        <time>2025-02-28T11:08:24.384Z</time>
      </trkpt>
      <trkpt lat="43.694816725328565" lon="7.289871862158179">
        <ele>26.83</ele>
        <time>2025-02-28T11:08:33.785Z</time>
      </trkpt>
      <trkpt lat="43.69490750133991" lon="7.289535077288747">
        <ele>27.09</ele>
        <time>2025-02-28T11:08:43.199Z</time>
      </trkpt>
      <trkpt lat="43.6949891410768" lon="7.2893172316253185">
        <ele>27.21</ele>
        <time>2025-02-28T11:08:52.622Z</time>
      </trkpt>
      <trkpt lat="43.69499735534191" lon="7.289212960749865">
        <ele>27.14</ele>
        <time>2025-02-28T11:09:02.049Z</time>
      </trkpt>
      <trkpt lat="43.69503892958164" lon="7.28911061771214">
        <ele>27.0</ele>
        <time>2025-02-28T11:09:11.480Z</time>
      </trkpt>
      <trkpt lat="43.69506927207112" lon="7.288918420672417">
        <ele>26.78</ele>
        <time>2025-02-28T11:09:20.918Z</time>
      </trkpt>
      <trkpt lat="43.69515845552087" lon="7.288672998547554">
        <ele>26.47</ele>
        <time>2025-02-28T11:09:30.365Z</time>
      </trkpt>
      <trkpt lat="43.6952053103596" lon="7.2880741115659475">
        <ele>25.96</ele>
        <time>2025-02-28T11:09:39.834Z</time>
      </trkpt>
      <trkpt lat="43.695249147713184" lon="7.287859451025724">
        <ele>25.41</ele>
        <time>2025-02-28T11:09:49.311Z</time>
      </trkpt>
      <trkpt lat="43.69520061649382" lon="7.28770581074059">
        <ele>24.82</ele>
        <time>2025-02-28T11:09:58.794Z</time>
      </trkpt>
      <trkpt lat="43.695120234042406" lon="7.287611430510879">
        <ele>24.18</ele>
        <time>2025-02-28T11:10:08.282Z</time>
      </trkpt>
      <trkpt lat="43.69509500451386" lon="7.287548566237092">
        <ele>23.47</ele>
        <time>2025-02-28T11:10:17.773Z</time>
      </trkpt>
      <trkpt lat="43.69508486241102" lon="7.2872489131987095">
        <ele>22.58</ele>
        <time>2025-02-28T11:10:27.274Z</time>
      </trkpt>
      <trkpt lat="43.695096261799335" lon="7.287147156894207">
        <ele>21.73</ele>
        <time>2025-02-28T11:10:36.779Z</time>
      </trkpt>
      <trkpt lat="43.695122161880136" lon="7.287075575441122">
        <ele>20.86</ele>
        <time>2025-02-28T11:10:46.287Z</time>
      </trkpt>
      <trkpt lat="43.695104056969285" lon="7.287018746137619">
        <ele>19.96</ele>
        <time>2025-02-28T11:10:55.797Z</time>
      </trkpt>
      <trkpt lat="43.6951186414808" lon="7.286922438070178">
        <ele>19.01</ele>
        <time>2025-02-28T11:11:05.310Z</time>
      </trkpt>
      <trkpt lat="43.695084527134895" lon="7.286863932386041">
        <ele>18.07</ele>
        <time>2025-02-28T11:11:14.826Z</time>
      </trkpt>
      <trkpt lat="43.69509316049516" lon="7.2868027444928885">
        <ele>17.1</ele>
        <time>2025-02-28T11:11:24.344Z</time>
      </trkpt>
      <trkpt lat="43.69505804032087" lon="7.28675639256835">
        <ele>16.12</ele>
        <time>2025-02-28T11:11:33.865Z</time>
      </trkpt>
      <trkpt lat="43.69496961124241" lon="7.286514658480883">
        <ele>15.03</ele>
        <time>2025-02-28T11:11:43.395Z</time>
      </trkpt>
      <trkpt lat="43.694962402805686" lon="7.286249538883567">
        <ele>13.98</ele>
        <time>2025-02-28T11:11:52.935Z</time>
      </trkpt>
      <trkpt lat="43.69499685242772" lon="7.286166558042169">
        <ele>13.05</ele>
        <time>2025-02-28T11:12:02.478Z</time>
      </trkpt>
      <trkpt lat="43.6950150411576" lon="7.285795407369733">
        <ele>11.97</ele>
        <time>2025-02-28T11:12:12.034Z</time>
      </trkpt>
      <trkpt lat="43.69504747912288" lon="7.285748636350036">
        <ele>11.1</ele>
        <time>2025-02-28T11:12:21.593Z</time>
      </trkpt>
      <trkpt lat="43.69507513940334" lon="7.285732124000788">
        <ele>10.27</ele>
        <time>2025-02-28T11:12:31.153Z</time>
      </trkpt>
      <trkpt lat="43.695314694195986" lon="7.285757772624493">
        <ele>9.53</ele>
        <time>2025-02-28T11:12:40.725Z</time>
      </trkpt>
      <trkpt lat="43.695382084697485" lon="7.285727430135012">
        <ele>8.73</ele>
        <time>2025-02-28T11:12:50.300Z</time>
      </trkpt>
      <trkpt lat="43.69554025121033" lon="7.285712007433176">
        <ele>7.97</ele>
        <time>2025-02-28T11:12:59.883Z</time>
      </trkpt>
      <trkpt lat="43.69578240439296" lon="7.285737404599786">
        <ele>7.28</ele>
        <time>2025-02-28T11:13:09.478Z</time>
      </trkpt>
      <trkpt lat="43.695970159024" lon="7.285777721554041">
        <ele>6.63</ele>
        <time>2025-02-28T11:13:19.082Z</time>
      </trkpt>
      <trkpt lat="43.69628934189677" lon="7.2857878636568785">
        <ele>5.96</ele>
        <time>2025-02-28T11:13:28.702Z</time>
      </trkpt>
      <trkpt lat="43.696480533108115" lon="7.285839328542352">
        <ele>5.44</ele>
        <time>2025-02-28T11:13:38.332Z</time>
      </trkpt>
      <trkpt lat="43.696664683520794" lon="7.285863049328327">
        <ele>5.0</ele>
        <time>2025-02-28T11:13:47.971Z</time>
      </trkpt>
      <trkpt lat="43.69684724137187" lon="7.285938234999776">
        <ele>4.59</ele>
        <time>2025-02-28T11:13:57.619Z</time>
      </trkpt>
      <trkpt lat="43.69695872068405" lon="7.285921471193433">
        <ele>4.2</ele>
        <time>2025-02-28T11:14:07.272Z</time>
      </trkpt>
      <trkpt lat="43.69711445644498" lon="7.285963883623481">
        <ele>3.88</ele>
        <time>2025-02-28T11:14:16.933Z</time>
      </trkpt>
      <trkpt lat="43.69729542173445" lon="7.285978384315968">
        <ele>3.62</ele>
        <time>2025-02-28T11:14:26.603Z</time>
      </trkpt>
      <trkpt lat="43.697375720366836" lon="7.286009816452861">
        <ele>3.46</ele>
        <time>2025-02-28T11:14:36.277Z</time>
      </trkpt>
      <trkpt lat="43.69764846749604" lon="7.286025993525982">
        <ele>3.4</ele>
        <time>2025-02-28T11:14:45.965Z</time>
      </trkpt>
      <trkpt lat="43.6977522354573" lon="7.286065639927983">
        <ele>3.3</ele>
        <time>2025-02-28T11:14:55.658Z</time>
      </trkpt>
      <trkpt lat="43.69799070060253" lon="7.286121211946011">
        <ele>3.22</ele>
        <time>2025-02-28T11:15:05.363Z</time>
      </trkpt>
      <trkpt lat="43.69801609776914" lon="7.286121798679233">
        <ele>3.11</ele>
        <time>2025-02-28T11:15:15.069Z</time>
      </trkpt>
      <trkpt lat="43.698058845475316" lon="7.286092462018132">
        <ele>3.02</ele>
        <time>2025-02-28T11:15:24.777Z</time>
      </trkpt>
      <trkpt lat="43.698118859902024" lon="7.285002479329705">
        <ele>2.71</ele>
        <time>2025-02-28T11:15:34.524Z</time>
      </trkpt>
      <trkpt lat="43.69820267893374" lon="7.284265626221895">
        <ele>2.84</ele>
        <time>2025-02-28T11:15:44.298Z</time>
      </trkpt>
      <trkpt lat="43.698200918734074" lon="7.284174095839262">
        <ele>2.91</ele>
        <time>2025-02-28T11:15:54.075Z</time>
      </trkpt>
      <trkpt lat="43.698181472718716" lon="7.284116176888347">
        <ele>2.97</ele>
        <time>2025-02-28T11:16:03.854Z</time>
      </trkpt>
      <trkpt lat="43.69816445745528" lon="7.284100502729416">
        <ele>3.05</ele>
        <time>2025-02-28T11:16:13.634Z</time>
      </trkpt>
      <trkpt lat="43.69808239862323" lon="7.284088600426912">
        <ele>3.11</ele>
        <time>2025-02-28T11:16:23.418Z</time>
      </trkpt>
      <trkpt lat="43.69784954935312" lon="7.2841215413063765">
        <ele>3.16</ele>
        <time>2025-02-28T11:16:33.214Z</time>
      </trkpt>
      <trkpt lat="43.69755023159087" lon="7.284008385613561">
        <ele>3.39</ele>
        <time>2025-02-28T11:16:43.025Z</time>
      </trkpt>
      <trkpt lat="43.69724554941058" lon="7.283950550481677">
        <ele>3.62</ele>
        <time>2025-02-28T11:16:52.851Z</time>
      </trkpt>
      <trkpt lat="43.69693994522095" lon="7.283892631530762">
        <ele>3.86</ele>
        <time>2025-02-28T11:17:02.692Z</time>
      </trkpt>
      <trkpt lat="43.69691848754883" lon="7.283828258514404">
        <ele>4.14</ele>
        <time>2025-02-28T11:17:12.536Z</time>
      </trkpt>
      <trkpt lat="43.696725368499756" lon="7.283785343170166">
        <ele>4.42</ele>
        <time>2025-02-28T11:17:22.389Z</time>
      </trkpt>
      <trkpt lat="43.69647885672748" lon="7.283753156661987">
        <ele>4.73</ele>
        <time>2025-02-28T11:17:32.254Z</time>
      </trkpt>
      <trkpt lat="43.696231842041016" lon="7.283720970153809">
        <ele>4.99</ele>
        <time>2025-02-28T11:17:42.131Z</time>
      </trkpt>
      <trkpt lat="43.6961030960083" lon="7.283613681793213">
        <ele>5.33</ele>
        <time>2025-02-28T11:17:52.016Z</time>
      </trkpt>
      <trkpt lat="43.69591584429145" lon="7.28358811698854">
        <ele>5.56</ele>
        <time>2025-02-28T11:18:01.910Z</time>
      </trkpt>
      <trkpt lat="43.69572825729847" lon="7.2835625521838665">
        <ele>5.81</ele>
        <time>2025-02-28T11:18:11.813Z</time>
      </trkpt>
      <trkpt lat="43.69563102722168" lon="7.2835493087768555">
        <ele>6.09</ele>
        <time>2025-02-28T11:18:21.721Z</time>
      </trkpt>
      <trkpt lat="43.69558819569647" lon="7.283420562744141">
        <ele>6.5</ele>
        <time>2025-02-28T11:18:31.634Z</time>
      </trkpt>
      <trkpt lat="43.695363057777286" lon="7.283356189727783">
        <ele>6.86</ele>
        <time>2025-02-28T11:18:41.558Z</time>
      </trkpt>
      <trkpt lat="43.69513758458197" lon="7.283291816711426">
        <ele>7.18</ele>
        <time>2025-02-28T11:18:51.494Z</time>
      </trkpt>
      <trkpt lat="43.694907082244754" lon="7.283205986022949">
        <ele>7.48</ele>
        <time>2025-02-28T11:19:01.441Z</time>
      </trkpt>
      <trkpt lat="43.69467657990754" lon="7.283120239153504">
        <ele>7.8</ele>
        <time>2025-02-28T11:19:11.400Z</time>
      </trkpt>
      <trkpt lat="43.69444607757032" lon="7.2830344922840595">
        <ele>8.06</ele>
        <time>2025-02-28T11:19:21.371Z</time>
      </trkpt>
      <trkpt lat="43.694214820861816" lon="7.2829484939575195">
        <ele>8.14</ele>
        <time>2025-02-28T11:19:31.353Z</time>
      </trkpt>
      <trkpt lat="43.69421490468085" lon="7.2829484939575195">
        <ele>8.34</ele>
        <time>2025-02-28T11:19:41.335Z</time>
      </trkpt>
      <trkpt lat="43.6940860748291" lon="7.282884120941162">
        <ele>8.47</ele>
        <time>2025-02-28T11:19:51.324Z</time>
      </trkpt>
      <trkpt lat="43.69408615864813" lon="7.282884120941162">
        <ele>8.71</ele>
        <time>2025-02-28T11:20:01.313Z</time>
      </trkpt>
      <trkpt lat="43.693882310763" lon="7.282712459564209">
        <ele>8.93</ele>
        <time>2025-02-28T11:20:11.314Z</time>
      </trkpt>
      <trkpt lat="43.69367846287787" lon="7.282540798187256">
        <ele>9.19</ele>
        <time>2025-02-28T11:20:21.327Z</time>
      </trkpt>
      <trkpt lat="43.69363554753363" lon="7.282476425170898">
        <ele>9.48</ele>
        <time>2025-02-28T11:20:31.343Z</time>
      </trkpt>
      <trkpt lat="43.69345810264349" lon="7.282197726890445">
        <ele>9.74</ele>
        <time>2025-02-28T11:20:41.372Z</time>
      </trkpt>
      <trkpt lat="43.69334586896002" lon="7.282015085220337">
        <ele>10.11</ele>
        <time>2025-02-28T11:20:51.409Z</time>
      </trkpt>
      <trkpt lat="43.693270767107606" lon="7.281811237335205">
        <ele>10.53</ele>
        <time>2025-02-28T11:21:01.455Z</time>
      </trkpt>
      <trkpt lat="43.69310975074768" lon="7.281360626220703">
        <ele>10.87</ele>
        <time>2025-02-28T11:21:11.518Z</time>
      </trkpt>
      <trkpt lat="43.69306683540344" lon="7.281167507171631">
        <ele>11.29</ele>
        <time>2025-02-28T11:21:21.589Z</time>
      </trkpt>
      <trkpt lat="43.69306683540344" lon="7.2808778285980225">
        <ele>11.78</ele>
        <time>2025-02-28T11:21:31.670Z</time>
      </trkpt>
      <trkpt lat="43.69310975074768" lon="7.28069543838501">
        <ele>12.28</ele>
        <time>2025-02-28T11:21:41.758Z</time>
      </trkpt>
      <trkpt lat="43.69330261833966" lon="7.280155140906572">
        <ele>12.89</ele>
        <time>2025-02-28T11:21:51.867Z</time>
      </trkpt>
      <trkpt lat="43.69330236688256" lon="7.280156062915921">
        <ele>13.22</ele>
        <time>2025-02-28T11:22:01.976Z</time>
      </trkpt>
      <trkpt lat="43.69332432746887" lon="7.280094623565674">
        <ele>13.56</ele>
        <time>2025-02-28T11:22:12.088Z</time>
      </trkpt>
      <trkpt lat="43.69353890419006" lon="7.279397249221802">
        <ele>13.89</ele>
        <time>2025-02-28T11:22:22.227Z</time>
      </trkpt>
      <trkpt lat="43.69356036186218" lon="7.279289960861206">
        <ele>14.13</ele>
        <time>2025-02-28T11:22:32.369Z</time>
      </trkpt>
      <trkpt lat="43.69359254837036" lon="7.27918267250061">
        <ele>14.28</ele>
        <time>2025-02-28T11:22:42.516Z</time>
      </trkpt>
      <trkpt lat="43.69364619255066" lon="7.279107570648193">
        <ele>14.49</ele>
        <time>2025-02-28T11:22:52.666Z</time>
      </trkpt>
      <trkpt lat="43.693796480074525" lon="7.279032468795776">
        <ele>14.84</ele>
        <time>2025-02-28T11:23:02.824Z</time>
      </trkpt>
      <trkpt lat="43.693989515304565" lon="7.279000282287598">
        <ele>15.01</ele>
        <time>2025-02-28T11:23:12.992Z</time>
      </trkpt>
      <trkpt lat="43.69416117668152" lon="7.278914451599121">
        <ele>14.9</ele>
        <time>2025-02-28T11:23:23.169Z</time>
      </trkpt>
      <trkpt lat="43.69430065155029" lon="7.278742790222168">
        <ele>14.72</ele>
        <time>2025-02-28T11:23:33.355Z</time>
      </trkpt>
      <trkpt lat="43.69435429573059" lon="7.278807163238525">
        <ele>14.87</ele>
        <time>2025-02-28T11:23:43.544Z</time>
      </trkpt>
      <trkpt lat="43.69436502456665" lon="7.278817892074585">
        <ele>14.83</ele>
        <time>2025-02-28T11:23:53.734Z</time>
      </trkpt>
      <trkpt lat="43.69438648223877" lon="7.278850078582764">
        <ele>14.75</ele>
        <time>2025-02-28T11:24:03.926Z</time>
      </trkpt>
      <trkpt lat="43.69434976950288" lon="7.278895257040858">
        <ele>14.53</ele>
        <time>2025-02-28T11:24:14.120Z</time>
      </trkpt>
      <trkpt lat="43.694349601864815" lon="7.278894921764731">
        <ele>14.14</ele>
        <time>2025-02-28T11:24:24.314Z</time>
      </trkpt>
      <trkpt lat="43.69434951804578" lon="7.278894754126668">
        <ele>13.66</ele>
        <time>2025-02-28T11:24:34.508Z</time>
      </trkpt>
      <trkpt lat="43.69434951804578" lon="7.2788945864886045">
        <ele>13.08</ele>
        <time>2025-02-28T11:24:44.702Z</time>
      </trkpt>
      <trkpt lat="43.69454741477966" lon="7.2786033153533936">
        <ele>12.25</ele>
        <time>2025-02-28T11:24:54.910Z</time>
      </trkpt>
      <trkpt lat="43.69466543197632" lon="7.278367280960083">
        <ele>11.63</ele>
        <time>2025-02-28T11:25:05.128Z</time>
      </trkpt>
      <trkpt lat="43.694751262664795" lon="7.278120517730713">
        <ele>11.01</ele>
        <time>2025-02-28T11:25:15.356Z</time>
      </trkpt>
      <trkpt lat="43.69481563568115" lon="7.277798652648926">
        <ele>10.41</ele>
        <time>2025-02-28T11:25:25.596Z</time>
      </trkpt>
      <trkpt lat="43.69492300786078" lon="7.27694034576416">
        <ele>9.68</ele>
        <time>2025-02-28T11:25:35.867Z</time>
      </trkpt>
      <trkpt lat="43.69493365287781" lon="7.2768330574035645">
        <ele>9.22</ele>
        <time>2025-02-28T11:25:46.142Z</time>
      </trkpt>
      <trkpt lat="43.69491227902472" lon="7.276822328567505">
        <ele>8.83</ele>
        <time>2025-02-28T11:25:56.418Z</time>
      </trkpt>
      <trkpt lat="43.69484790600836" lon="7.276811599731445">
        <ele>8.48</ele>
        <time>2025-02-28T11:26:06.697Z</time>
      </trkpt>
      <trkpt lat="43.69485570117831" lon="7.276743873953819">
        <ele>8.25</ele>
        <time>2025-02-28T11:26:16.978Z</time>
      </trkpt>
      <trkpt lat="43.69483944028616" lon="7.2768365778028965">
        <ele>8.13</ele>
        <time>2025-02-28T11:26:27.263Z</time>
      </trkpt>
      <trkpt lat="43.694852851331234" lon="7.276743706315756">
        <ele>8.08</ele>
        <time>2025-02-28T11:26:37.551Z</time>
      </trkpt>
      <trkpt lat="43.69492946192622" lon="7.2760717291384935">
        <ele>8.18</ele>
        <time>2025-02-28T11:26:47.863Z</time>
      </trkpt>
      <trkpt lat="43.69504722766578" lon="7.274272469803691">
        <ele>8.42</ele>
        <time>2025-02-28T11:26:58.240Z</time>
      </trkpt>
      <trkpt lat="43.695042533800006" lon="7.273805094882846">
        <ele>8.78</ele>
        <time>2025-02-28T11:27:08.633Z</time>
      </trkpt>
      <trkpt lat="43.694992661476135" lon="7.2732241451740265">
        <ele>9.21</ele>
        <time>2025-02-28T11:27:19.047Z</time>
      </trkpt>
      <trkpt lat="43.69500414468348" lon="7.272558957338333">
        <ele>9.67</ele>
        <time>2025-02-28T11:27:29.485Z</time>
      </trkpt>
      <trkpt lat="43.69499584659934" lon="7.272193925455213">
        <ele>9.85</ele>
        <time>2025-02-28T11:27:39.936Z</time>
      </trkpt>
    </trkseg>
  </trk>
</gpx>
