<?xml version="1.0"?>
<gpx xmlns="http://www.topografix.com/GPX/1/1" xmlns:gpxx="http://www.garmin.com/xmlschemas/GpxExtensions/v3" creator="CALTOPO" version="1.1"><metadata><name><![CDATA[Grindstone 100 by UTMB]]></name></metadata><wpt lat="38.465008882998674" lon="-79.24207747552859"><name>Reddish Knob Aid Station #3</name></wpt><wpt lat="38.367043013052374" lon="-79.16448819889756"><name>North River Gap Aid Station # 5 &amp; #14</name></wpt><wpt lat="38.177472462794675" lon="-79.34134711148421"><name>Cold Springs Aid Station #9</name></wpt><wpt lat="38.21335700335732" lon="-79.29587262297852"><name>Dry Branch Gap Aid Station #8 &amp; #10</name></wpt><wpt lat="38.282218591723066" lon="-79.29022172504057"><name>Dowells Draft Aid Station #7</name></wpt><wpt lat="38.32854979569728" lon="-79.27892214627802"><name>Magic Moss Aid Station #12</name></wpt><wpt lat="38.36877981532124" lon="-79.27352781980557"><name>Camp Todd Aid Station #13</name></wpt><wpt lat="38.43177839204174" lon="-79.1276648234839"><name>Wolf Ridge Aid Station #2</name></wpt><wpt lat="38.420409671410475" lon="-79.24944119283292"><name>Little Bald Aid Station #4</name></wpt><wpt lat="38.35838725974515" lon="-79.08344427501949"><name>Start/Finish</name></wpt><wpt lat="38.372607115017516" lon="-79.13928915426192"><name>Lick Run Aid Station #1 &amp; #15</name></wpt><wpt lat="38.32322082184021" lon="-79.20092766896234"><name>Lookout Mtn Aid Station #6</name></wpt><trk><name>Grindstone 100 by UTMB - S/F Nat. Chimneys</name><extensions><gpxx:TrackExtension><gpxx:DisplayColor>DarkBlue</gpxx:DisplayColor></gpxx:TrackExtension></extensions><trkseg><trkpt lat="38.35849" lon="-79.08323"><ele>408.0</ele></trkpt><trkpt lat="38.358920000000005" lon="-79.084"><ele>409.0</ele></trkpt><trkpt lat="38.35891" lon="-79.084"><ele>409.0</ele></trkpt><trkpt lat="38.359260000000006" lon="-79.08368"><ele>410.0</ele></trkpt><trkpt lat="38.359770000000005" lon="-79.08306"><ele>408.0</ele></trkpt><trkpt lat="38.360150000000004" lon="-79.08275"><ele>408.0</ele></trkpt><trkpt lat="38.360510000000005" lon="-79.08225"><ele>408.0</ele></trkpt><trkpt lat="38.36083" lon="-79.08199"><ele>408.0</ele></trkpt><trkpt lat="38.36104" lon="-79.08193"><ele>408.0</ele></trkpt><trkpt lat="38.361180000000004" lon="-79.08181"><ele>407.0</ele></trkpt><trkpt lat="38.36186" lon="-79.0811"><ele>407.0</ele></trkpt><trkpt lat="38.36186" lon="-79.08111000000001"><ele>406.0</ele></trkpt><trkpt lat="38.362220000614826" lon="-79.08069000224546"><ele>406.0</ele></trkpt><trkpt lat="38.36258" lon="-79.08027000000001"><ele>405.0</ele></trkpt><trkpt lat="38.36305000038194" lon="-79.08010500097787"><ele>406.0</ele></trkpt><trkpt lat="38.36352" lon="-79.07994000000001"><ele>405.0</ele></trkpt><trkpt lat="38.363780000000006" lon="-79.07903"><ele>406.0</ele></trkpt><trkpt lat="38.36305" lon="-79.07904"><ele>415.0</ele></trkpt><trkpt lat="38.36305" lon="-79.07905000000001"><ele>415.0</ele></trkpt><trkpt lat="38.36242000037658" lon="-79.078866663502"><ele>419.0</ele></trkpt><trkpt lat="38.36179000046769" lon="-79.07868333019523"><ele>426.0</ele></trkpt><trkpt lat="38.361160000000005" lon="-79.0785"><ele>428.0</ele></trkpt><trkpt lat="38.361160000000005" lon="-79.07851000000001"><ele>428.0</ele></trkpt><trkpt lat="38.36052" lon="-79.07842000000001"><ele>435.0</ele></trkpt><trkpt lat="38.36012" lon="-79.07863"><ele>433.0</ele></trkpt><trkpt lat="38.359790000000004" lon="-79.07859"><ele>433.0</ele></trkpt><trkpt lat="38.35978" lon="-79.07860000000001"><ele>433.0</ele></trkpt><trkpt lat="38.35954" lon="-79.07884"><ele>432.0</ele></trkpt><trkpt lat="38.359190000000005" lon="-79.07874000000001"><ele>436.0</ele></trkpt><trkpt lat="38.3586" lon="-79.07913"><ele>443.0</ele></trkpt><trkpt lat="38.3586" lon="-79.07914000000001"><ele>443.0</ele></trkpt><trkpt lat="38.357890000000005" lon="-79.07911"><ele>450.0</ele></trkpt><trkpt lat="38.35788" lon="-79.07911"><ele>450.0</ele></trkpt><trkpt lat="38.357600000000005" lon="-79.07846"><ele>445.0</ele></trkpt><trkpt lat="38.357600000000005" lon="-79.07847000000001"><ele>445.0</ele></trkpt><trkpt lat="38.35702000182792" lon="-79.07911500509897"><ele>435.0</ele></trkpt><trkpt lat="38.356440000000006" lon="-79.07976000000001"><ele>427.0</ele></trkpt><trkpt lat="38.35645500193696" lon="-79.0804349999558"><ele>423.0</ele></trkpt><trkpt lat="38.35647" lon="-79.08111000000001"><ele>418.0</ele></trkpt><trkpt lat="38.35663000291122" lon="-79.08193999809208"><ele>412.0</ele></trkpt><trkpt lat="38.356790000000004" lon="-79.08277000000001"><ele>410.0</ele></trkpt><trkpt lat="38.35678" lon="-79.08277000000001"><ele>410.0</ele></trkpt><trkpt lat="38.356410000000004" lon="-79.08333"><ele>411.0</ele></trkpt><trkpt lat="38.35676" lon="-79.08337"><ele>411.0</ele></trkpt><trkpt lat="38.35669" lon="-79.08359"><ele>411.0</ele></trkpt><trkpt lat="38.35643" lon="-79.08398000000001"><ele>410.0</ele></trkpt><trkpt lat="38.35649" lon="-79.08426"><ele>410.0</ele></trkpt><trkpt lat="38.35656" lon="-79.08434000000001"><ele>410.0</ele></trkpt><trkpt lat="38.356460000000006" lon="-79.08445"><ele>411.0</ele></trkpt><trkpt lat="38.35633" lon="-79.08478000000001"><ele>411.0</ele></trkpt><trkpt lat="38.35618" lon="-79.0852"><ele>411.0</ele></trkpt><trkpt lat="38.35586" lon="-79.08588"><ele>411.0</ele></trkpt><trkpt lat="38.355650000000004" lon="-79.08614"><ele>411.0</ele></trkpt><trkpt lat="38.35524" lon="-79.08672"><ele>412.0</ele></trkpt><trkpt lat="38.35511" lon="-79.08681"><ele>412.0</ele></trkpt><trkpt lat="38.35492" lon="-79.08679000000001"><ele>412.0</ele></trkpt><trkpt lat="38.35521000000001" lon="-79.08735"><ele>412.0</ele></trkpt><trkpt lat="38.355760000000004" lon="-79.08822"><ele>412.0</ele></trkpt><trkpt lat="38.355790000000006" lon="-79.08841000000001"><ele>412.0</ele></trkpt><trkpt lat="38.355940000000004" lon="-79.08921000000001"><ele>413.0</ele></trkpt><trkpt lat="38.35593" lon="-79.08921000000001"><ele>413.0</ele></trkpt><trkpt lat="38.35587000138163" lon="-79.08978000045379"><ele>413.0</ele></trkpt><trkpt lat="38.355810000000005" lon="-79.09035"><ele>414.0</ele></trkpt><trkpt lat="38.35630000095331" lon="-79.09080999693826"><ele>416.0</ele></trkpt><trkpt lat="38.356790000000004" lon="-79.09127000000001"><ele>415.0</ele></trkpt><trkpt lat="38.356480000000005" lon="-79.09166"><ele>415.0</ele></trkpt><trkpt lat="38.35599333876629" lon="-79.09246001075877"><ele>414.0</ele></trkpt><trkpt lat="38.35550667209696" lon="-79.09326001076298"><ele>415.0</ele></trkpt><trkpt lat="38.35502" lon="-79.09406000000001"><ele>416.0</ele></trkpt><trkpt lat="38.35474000102013" lon="-79.09454000178461"><ele>416.0</ele></trkpt><trkpt lat="38.35446" lon="-79.09502"><ele>417.0</ele></trkpt><trkpt lat="38.354290000000006" lon="-79.09527000000001"><ele>417.0</ele></trkpt><trkpt lat="38.35434" lon="-79.09536"><ele>417.0</ele></trkpt><trkpt lat="38.354510000000005" lon="-79.09554"><ele>417.0</ele></trkpt><trkpt lat="38.3551400017228" lon="-79.09616999455575"><ele>418.0</ele></trkpt><trkpt lat="38.35577" lon="-79.0968"><ele>420.0</ele></trkpt><trkpt lat="38.35633000413352" lon="-79.09736998676821"><ele>421.0</ele></trkpt><trkpt lat="38.35689000550774" lon="-79.09793998235367"><ele>421.0</ele></trkpt><trkpt lat="38.35745000412257" lon="-79.09850998675668"><ele>421.0</ele></trkpt><trkpt lat="38.35801" lon="-79.09908"><ele>422.0</ele></trkpt><trkpt lat="38.358090000000004" lon="-79.09921000000001"><ele>422.0</ele></trkpt><trkpt lat="38.35813" lon="-79.09936"><ele>422.0</ele></trkpt><trkpt lat="38.35813" lon="-79.09952000000001"><ele>422.0</ele></trkpt><trkpt lat="38.35792500244744" lon="-79.10028000217196"><ele>423.0</ele></trkpt><trkpt lat="38.35772" lon="-79.10104000000001"><ele>423.0</ele></trkpt><trkpt lat="38.35772" lon="-79.10105"><ele>423.0</ele></trkpt><trkpt lat="38.357463341840784" lon="-79.1020500070344"><ele>424.0</ele></trkpt><trkpt lat="38.3572066751884" lon="-79.10305000697862"><ele>425.0</ele></trkpt><trkpt lat="38.356950000000005" lon="-79.10405"><ele>426.0</ele></trkpt><trkpt lat="38.35687" lon="-79.10441"><ele>426.0</ele></trkpt><trkpt lat="38.356880000000004" lon="-79.10468"><ele>426.0</ele></trkpt><trkpt lat="38.356970000000004" lon="-79.10485000000001"><ele>426.0</ele></trkpt><trkpt lat="38.357040000000005" lon="-79.1049"><ele>426.0</ele></trkpt><trkpt lat="38.35757" lon="-79.10508"><ele>426.0</ele></trkpt><trkpt lat="38.3577" lon="-79.10517"><ele>426.0</ele></trkpt><trkpt lat="38.35792" lon="-79.1054"><ele>426.0</ele></trkpt><trkpt lat="38.35802" lon="-79.10561000000001"><ele>427.0</ele></trkpt><trkpt lat="38.35812000000001" lon="-79.10593"><ele>427.0</ele></trkpt><trkpt lat="38.35822" lon="-79.10639"><ele>427.0</ele></trkpt><trkpt lat="38.35834000304923" lon="-79.10723999845696"><ele>427.0</ele></trkpt><trkpt lat="38.35846" lon="-79.10809"><ele>428.0</ele></trkpt><trkpt lat="38.358520000000006" lon="-79.10837000000001"><ele>428.0</ele></trkpt><trkpt lat="38.3586" lon="-79.10856000000001"><ele>429.0</ele></trkpt><trkpt lat="38.35871" lon="-79.10871"><ele>429.0</ele></trkpt><trkpt lat="38.35884" lon="-79.10884"><ele>431.0</ele></trkpt><trkpt lat="38.35924" lon="-79.10910000000001"><ele>433.0</ele></trkpt><trkpt lat="38.35945" lon="-79.10915"><ele>434.0</ele></trkpt><trkpt lat="38.360110000096235" lon="-79.10898500150914"><ele>436.0</ele></trkpt><trkpt lat="38.36077" lon="-79.10882000000001"><ele>440.0</ele></trkpt><trkpt lat="38.360980000000005" lon="-79.10884"><ele>441.0</ele></trkpt><trkpt lat="38.36108" lon="-79.10888000000001"><ele>441.0</ele></trkpt><trkpt lat="38.361230000000006" lon="-79.10895000000001"><ele>441.0</ele></trkpt><trkpt lat="38.36139" lon="-79.10912"><ele>440.0</ele></trkpt><trkpt lat="38.361520000000006" lon="-79.10938"><ele>438.0</ele></trkpt><trkpt lat="38.36159" lon="-79.10956"><ele>436.0</ele></trkpt><trkpt lat="38.36162" lon="-79.10985000000001"><ele>434.0</ele></trkpt><trkpt lat="38.36162" lon="-79.11014"><ele>433.0</ele></trkpt><trkpt lat="38.361540000000005" lon="-79.11113"><ele>430.0</ele></trkpt><trkpt lat="38.361580000000004" lon="-79.11131"><ele>429.0</ele></trkpt><trkpt lat="38.361630000000005" lon="-79.11139"><ele>429.0</ele></trkpt><trkpt lat="38.361850000000004" lon="-79.11162"><ele>429.0</ele></trkpt><trkpt lat="38.36204" lon="-79.11171"><ele>428.0</ele></trkpt><trkpt lat="38.362260000000006" lon="-79.11174000000001"><ele>429.0</ele></trkpt><trkpt lat="38.36285" lon="-79.11166"><ele>431.0</ele></trkpt><trkpt lat="38.362950000000005" lon="-79.11171"><ele>432.0</ele></trkpt><trkpt lat="38.36303" lon="-79.1118"><ele>433.0</ele></trkpt><trkpt lat="38.363080000000004" lon="-79.11189"><ele>434.0</ele></trkpt><trkpt lat="38.36314500527946" lon="-79.11300499899512"><ele>436.0</ele></trkpt><trkpt lat="38.36321" lon="-79.11412"><ele>437.0</ele></trkpt><trkpt lat="38.36328" lon="-79.11476"><ele>438.0</ele></trkpt><trkpt lat="38.36335500253239" lon="-79.11552999935093"><ele>440.0</ele></trkpt><trkpt lat="38.36343" lon="-79.11630000000001"><ele>441.0</ele></trkpt><trkpt lat="38.363550000000004" lon="-79.11717"><ele>444.0</ele></trkpt><trkpt lat="38.36366" lon="-79.11826"><ele>446.0</ele></trkpt><trkpt lat="38.363710000000005" lon="-79.11869"><ele>447.0</ele></trkpt><trkpt lat="38.36394333868541" lon="-79.11948332824036"><ele>444.0</ele></trkpt><trkpt lat="38.364176672025195" lon="-79.12027666159554"><ele>443.0</ele></trkpt><trkpt lat="38.36441000000001" lon="-79.12107"><ele>445.0</ele></trkpt><trkpt lat="38.364670002298396" lon="-79.12180499737158"><ele>450.0</ele></trkpt><trkpt lat="38.36493" lon="-79.12254"><ele>454.0</ele></trkpt><trkpt lat="38.365320000000004" lon="-79.12335"><ele>452.0</ele></trkpt><trkpt lat="38.365770000000005" lon="-79.12415"><ele>449.0</ele></trkpt><trkpt lat="38.36583" lon="-79.12434"><ele>449.0</ele></trkpt><trkpt lat="38.36596" lon="-79.12505"><ele>451.0</ele></trkpt><trkpt lat="38.36614500127135" lon="-79.12557999886988"><ele>452.0</ele></trkpt><trkpt lat="38.366330000000005" lon="-79.12611000000001"><ele>451.0</ele></trkpt><trkpt lat="38.366350000000004" lon="-79.12634000000001"><ele>451.0</ele></trkpt><trkpt lat="38.36627" lon="-79.12661"><ele>451.0</ele></trkpt><trkpt lat="38.366020000000006" lon="-79.12716"><ele>452.0</ele></trkpt><trkpt lat="38.36591000000001" lon="-79.12734"><ele>453.0</ele></trkpt><trkpt lat="38.36574" lon="-79.12751"><ele>454.0</ele></trkpt><trkpt lat="38.365210000000005" lon="-79.12786000000001"><ele>459.0</ele></trkpt><trkpt lat="38.365050000000004" lon="-79.128"><ele>462.0</ele></trkpt><trkpt lat="38.36488000000001" lon="-79.12826000000001"><ele>468.0</ele></trkpt><trkpt lat="38.36446" lon="-79.12903"><ele>474.0</ele></trkpt><trkpt lat="38.36422" lon="-79.12943000000001"><ele>479.0</ele></trkpt><trkpt lat="38.36399" lon="-79.12966"><ele>483.0</ele></trkpt><trkpt lat="38.36357" lon="-79.12999"><ele>486.0</ele></trkpt><trkpt lat="38.363600002581585" lon="-79.13076999962078"><ele>490.0</ele></trkpt><trkpt lat="38.36363" lon="-79.13155"><ele>491.0</ele></trkpt><trkpt lat="38.36368" lon="-79.1319"><ele>491.0</ele></trkpt><trkpt lat="38.363960000000006" lon="-79.13239"><ele>494.0</ele></trkpt><trkpt lat="38.364070000000005" lon="-79.13266"><ele>494.0</ele></trkpt><trkpt lat="38.364110000000004" lon="-79.13302"><ele>495.0</ele></trkpt><trkpt lat="38.364140000000006" lon="-79.13310000000001"><ele>495.0</ele></trkpt><trkpt lat="38.364250000000006" lon="-79.1332"><ele>496.0</ele></trkpt><trkpt lat="38.36444" lon="-79.13324"><ele>497.0</ele></trkpt><trkpt lat="38.36466" lon="-79.13337000000001"><ele>497.0</ele></trkpt><trkpt lat="38.36496" lon="-79.13356"><ele>498.0</ele></trkpt><trkpt lat="38.36502" lon="-79.13364"><ele>498.0</ele></trkpt><trkpt lat="38.365170000000006" lon="-79.13387"><ele>499.0</ele></trkpt><trkpt lat="38.365390000000005" lon="-79.13445"><ele>503.0</ele></trkpt><trkpt lat="38.36571" lon="-79.13508"><ele>503.0</ele></trkpt><trkpt lat="38.36583" lon="-79.13539"><ele>501.0</ele></trkpt><trkpt lat="38.36594" lon="-79.13552"><ele>501.0</ele></trkpt><trkpt lat="38.366080000000004" lon="-79.13563"><ele>500.0</ele></trkpt><trkpt lat="38.366290000000006" lon="-79.13588"><ele>498.0</ele></trkpt><trkpt lat="38.36638000000001" lon="-79.13593"><ele>498.0</ele></trkpt><trkpt lat="38.36648" lon="-79.13588"><ele>497.0</ele></trkpt><trkpt lat="38.36656" lon="-79.13579"><ele>497.0</ele></trkpt><trkpt lat="38.36674" lon="-79.13525000000001"><ele>491.0</ele></trkpt><trkpt lat="38.36684" lon="-79.13504"><ele>491.0</ele></trkpt><trkpt lat="38.36701" lon="-79.13485"><ele>490.0</ele></trkpt><trkpt lat="38.367290000000004" lon="-79.13472"><ele>490.0</ele></trkpt><trkpt lat="38.36739" lon="-79.13471000000001"><ele>490.0</ele></trkpt><trkpt lat="38.36777" lon="-79.13476"><ele>488.0</ele></trkpt><trkpt lat="38.368" lon="-79.13486"><ele>487.0</ele></trkpt><trkpt lat="38.368230000000004" lon="-79.13503"><ele>484.0</ele></trkpt><trkpt lat="38.368500000000004" lon="-79.13539"><ele>482.0</ele></trkpt><trkpt lat="38.368640000000006" lon="-79.13579"><ele>482.0</ele></trkpt><trkpt lat="38.36867" lon="-79.13611"><ele>483.0</ele></trkpt><trkpt lat="38.368660000000006" lon="-79.13637"><ele>486.0</ele></trkpt><trkpt lat="38.368680000000005" lon="-79.13659000000001"><ele>486.0</ele></trkpt><trkpt lat="38.368770000000005" lon="-79.137"><ele>490.0</ele></trkpt><trkpt lat="38.368930000000006" lon="-79.13754"><ele>495.0</ele></trkpt><trkpt lat="38.369150000000005" lon="-79.13803"><ele>499.0</ele></trkpt><trkpt lat="38.36936" lon="-79.13839"><ele>502.0</ele></trkpt><trkpt lat="38.369510000000005" lon="-79.13865000000001"><ele>505.0</ele></trkpt><trkpt lat="38.36966" lon="-79.13879"><ele>506.0</ele></trkpt><trkpt lat="38.36983" lon="-79.13893"><ele>508.0</ele></trkpt><trkpt lat="38.37026" lon="-79.13910000000001"><ele>512.0</ele></trkpt><trkpt lat="38.37032000000001" lon="-79.13911"><ele>512.0</ele></trkpt><trkpt lat="38.370380000000004" lon="-79.13910000000001"><ele>512.0</ele></trkpt><trkpt lat="38.37102" lon="-79.13879"><ele>517.0</ele></trkpt><trkpt lat="38.37113" lon="-79.1387"><ele>518.0</ele></trkpt><trkpt lat="38.37125" lon="-79.13843"><ele>521.0</ele></trkpt><trkpt lat="38.37133" lon="-79.1383"><ele>521.0</ele></trkpt><trkpt lat="38.37154" lon="-79.13816000000001"><ele>523.0</ele></trkpt><trkpt lat="38.37196" lon="-79.13767"><ele>527.0</ele></trkpt><trkpt lat="38.372080000000004" lon="-79.13767"><ele>527.0</ele></trkpt><trkpt lat="38.37232" lon="-79.13776"><ele>528.0</ele></trkpt><trkpt lat="38.372400000000006" lon="-79.1379"><ele>529.0</ele></trkpt><trkpt lat="38.372420000000005" lon="-79.13812"><ele>531.0</ele></trkpt><trkpt lat="38.37239" lon="-79.13857"><ele>533.0</ele></trkpt><trkpt lat="38.372420000000005" lon="-79.13910000000001"><ele>534.0</ele></trkpt><trkpt lat="38.37243" lon="-79.13915"><ele>535.0</ele></trkpt><trkpt lat="38.37247" lon="-79.1392"><ele>535.0</ele></trkpt><trkpt lat="38.37254" lon="-79.13925"><ele>535.0</ele></trkpt><trkpt lat="38.37277" lon="-79.13921"><ele>535.0</ele></trkpt><trkpt lat="38.37265" lon="-79.13928"><ele>536.0</ele></trkpt><trkpt lat="38.372620000000005" lon="-79.13933"><ele>536.0</ele></trkpt><trkpt lat="38.372640000000004" lon="-79.13942"><ele>537.0</ele></trkpt><trkpt lat="38.372840000000004" lon="-79.13955"><ele>539.0</ele></trkpt><trkpt lat="38.37306" lon="-79.13977000000001"><ele>541.0</ele></trkpt><trkpt lat="38.37315" lon="-79.13991"><ele>545.0</ele></trkpt><trkpt lat="38.373360000000005" lon="-79.14045"><ele>549.0</ele></trkpt><trkpt lat="38.37341" lon="-79.14053000000001"><ele>550.0</ele></trkpt><trkpt lat="38.373520000000006" lon="-79.14058"><ele>551.0</ele></trkpt><trkpt lat="38.37391" lon="-79.14067"><ele>555.0</ele></trkpt><trkpt lat="38.374080000000006" lon="-79.14076"><ele>556.0</ele></trkpt><trkpt lat="38.37427" lon="-79.14099"><ele>559.0</ele></trkpt><trkpt lat="38.374570000000006" lon="-79.14157"><ele>569.0</ele></trkpt><trkpt lat="38.3746" lon="-79.14166"><ele>569.0</ele></trkpt><trkpt lat="38.37462" lon="-79.1418"><ele>571.0</ele></trkpt><trkpt lat="38.3746" lon="-79.14189"><ele>573.0</ele></trkpt><trkpt lat="38.37444" lon="-79.14215"><ele>578.0</ele></trkpt><trkpt lat="38.374410000000005" lon="-79.14223000000001"><ele>578.0</ele></trkpt><trkpt lat="38.374390000000005" lon="-79.14233"><ele>579.0</ele></trkpt><trkpt lat="38.3744" lon="-79.14242"><ele>580.0</ele></trkpt><trkpt lat="38.37447" lon="-79.14255"><ele>581.0</ele></trkpt><trkpt lat="38.374570000000006" lon="-79.14265"><ele>582.0</ele></trkpt><trkpt lat="38.374930000000006" lon="-79.14287"><ele>587.0</ele></trkpt><trkpt lat="38.37507" lon="-79.14296"><ele>589.0</ele></trkpt><trkpt lat="38.37520000000001" lon="-79.14317000000001"><ele>591.0</ele></trkpt><trkpt lat="38.37523" lon="-79.14327"><ele>592.0</ele></trkpt><trkpt lat="38.37527" lon="-79.14377"><ele>592.0</ele></trkpt><trkpt lat="38.37523" lon="-79.14416"><ele>592.0</ele></trkpt><trkpt lat="38.37525" lon="-79.14439"><ele>594.0</ele></trkpt><trkpt lat="38.37523" lon="-79.14444"><ele>595.0</ele></trkpt><trkpt lat="38.3751" lon="-79.14466"><ele>598.0</ele></trkpt><trkpt lat="38.37492" lon="-79.14502"><ele>604.0</ele></trkpt><trkpt lat="38.374900000000004" lon="-79.14514000000001"><ele>604.0</ele></trkpt><trkpt lat="38.374900000000004" lon="-79.14533"><ele>607.0</ele></trkpt><trkpt lat="38.374860000000005" lon="-79.14546"><ele>608.0</ele></trkpt><trkpt lat="38.37473000000001" lon="-79.14572000000001"><ele>612.0</ele></trkpt><trkpt lat="38.37471" lon="-79.14582"><ele>614.0</ele></trkpt><trkpt lat="38.37473000000001" lon="-79.14601"><ele>616.0</ele></trkpt><trkpt lat="38.37478" lon="-79.14617000000001"><ele>617.0</ele></trkpt><trkpt lat="38.374860000000005" lon="-79.14626000000001"><ele>618.0</ele></trkpt><trkpt lat="38.3751" lon="-79.14645"><ele>622.0</ele></trkpt><trkpt lat="38.375260000000004" lon="-79.14663"><ele>626.0</ele></trkpt><trkpt lat="38.375330000000005" lon="-79.14677"><ele>627.0</ele></trkpt><trkpt lat="38.37538" lon="-79.14721"><ele>632.0</ele></trkpt><trkpt lat="38.37556" lon="-79.14761"><ele>643.0</ele></trkpt><trkpt lat="38.37557" lon="-79.14796000000001"><ele>653.0</ele></trkpt><trkpt lat="38.375690000000006" lon="-79.14815"><ele>661.0</ele></trkpt><trkpt lat="38.37576" lon="-79.14842"><ele>664.0</ele></trkpt><trkpt lat="38.37583" lon="-79.14859000000001"><ele>670.0</ele></trkpt><trkpt lat="38.37586" lon="-79.14873"><ele>673.0</ele></trkpt><trkpt lat="38.37585" lon="-79.14891"><ele>684.0</ele></trkpt><trkpt lat="38.37586" lon="-79.14904"><ele>684.0</ele></trkpt><trkpt lat="38.37595" lon="-79.1494"><ele>690.0</ele></trkpt><trkpt lat="38.376270000000005" lon="-79.15016"><ele>713.0</ele></trkpt><trkpt lat="38.376290000000004" lon="-79.1503"><ele>718.0</ele></trkpt><trkpt lat="38.37626" lon="-79.15057"><ele>726.0</ele></trkpt><trkpt lat="38.37628" lon="-79.15075"><ele>730.0</ele></trkpt><trkpt lat="38.37632" lon="-79.15085"><ele>732.0</ele></trkpt><trkpt lat="38.37653" lon="-79.15079"><ele>732.0</ele></trkpt><trkpt lat="38.37698" lon="-79.15048"><ele>732.0</ele></trkpt><trkpt lat="38.37726" lon="-79.15026"><ele>732.0</ele></trkpt><trkpt lat="38.37726" lon="-79.15027"><ele>732.0</ele></trkpt><trkpt lat="38.37769" lon="-79.14986"><ele>736.0</ele></trkpt><trkpt lat="38.3781350005252" lon="-79.14961000139182"><ele>735.0</ele></trkpt><trkpt lat="38.37858000000001" lon="-79.14936"><ele>736.0</ele></trkpt><trkpt lat="38.37926" lon="-79.14904"><ele>735.0</ele></trkpt><trkpt lat="38.37937" lon="-79.14901"><ele>735.0</ele></trkpt><trkpt lat="38.379630000000006" lon="-79.149"><ele>737.0</ele></trkpt><trkpt lat="38.379920000000006" lon="-79.14891"><ele>738.0</ele></trkpt><trkpt lat="38.38035" lon="-79.14865"><ele>737.0</ele></trkpt><trkpt lat="38.38102000000001" lon="-79.14815"><ele>727.0</ele></trkpt><trkpt lat="38.38132" lon="-79.14802"><ele>727.0</ele></trkpt><trkpt lat="38.38195" lon="-79.14766"><ele>726.0</ele></trkpt><trkpt lat="38.38253" lon="-79.14744"><ele>723.0</ele></trkpt><trkpt lat="38.382810000000006" lon="-79.14739"><ele>721.0</ele></trkpt><trkpt lat="38.38344" lon="-79.14708"><ele>720.0</ele></trkpt><trkpt lat="38.3838" lon="-79.14680000000001"><ele>720.0</ele></trkpt><trkpt lat="38.38389" lon="-79.14667"><ele>721.0</ele></trkpt><trkpt lat="38.38398" lon="-79.14645"><ele>725.0</ele></trkpt><trkpt lat="38.384060000000005" lon="-79.14635000000001"><ele>726.0</ele></trkpt><trkpt lat="38.38423" lon="-79.14616000000001"><ele>728.0</ele></trkpt><trkpt lat="38.384890000000006" lon="-79.14569"><ele>735.0</ele></trkpt><trkpt lat="38.385290000000005" lon="-79.14547"><ele>737.0</ele></trkpt><trkpt lat="38.38541" lon="-79.14542"><ele>738.0</ele></trkpt><trkpt lat="38.38595" lon="-79.14528"><ele>738.0</ele></trkpt><trkpt lat="38.386540000000004" lon="-79.14506"><ele>733.0</ele></trkpt><trkpt lat="38.386810000000004" lon="-79.14493"><ele>731.0</ele></trkpt><trkpt lat="38.38759" lon="-79.14439"><ele>738.0</ele></trkpt><trkpt lat="38.38806" lon="-79.14412"><ele>740.0</ele></trkpt><trkpt lat="38.38834000000001" lon="-79.14412"><ele>741.0</ele></trkpt><trkpt lat="38.388450000000006" lon="-79.14408"><ele>742.0</ele></trkpt><trkpt lat="38.3887" lon="-79.14394"><ele>741.0</ele></trkpt><trkpt lat="38.389140000000005" lon="-79.14372"><ele>735.0</ele></trkpt><trkpt lat="38.389700000000005" lon="-79.14358"><ele>730.0</ele></trkpt><trkpt lat="38.39023500007642" lon="-79.14340000135229"><ele>732.0</ele></trkpt><trkpt lat="38.39077" lon="-79.14322"><ele>737.0</ele></trkpt><trkpt lat="38.39108" lon="-79.14309"><ele>736.0</ele></trkpt><trkpt lat="38.39143" lon="-79.14291"><ele>734.0</ele></trkpt><trkpt lat="38.391540000000006" lon="-79.14287"><ele>734.0</ele></trkpt><trkpt lat="38.39191" lon="-79.14291"><ele>736.0</ele></trkpt><trkpt lat="38.392010000000006" lon="-79.14290000000001"><ele>737.0</ele></trkpt><trkpt lat="38.392140000000005" lon="-79.14282"><ele>738.0</ele></trkpt><trkpt lat="38.392360000000004" lon="-79.14273"><ele>737.0</ele></trkpt><trkpt lat="38.39275000000001" lon="-79.14283"><ele>735.0</ele></trkpt><trkpt lat="38.39316" lon="-79.14309"><ele>730.0</ele></trkpt><trkpt lat="38.39338" lon="-79.14309"><ele>730.0</ele></trkpt><trkpt lat="38.39345" lon="-79.14305"><ele>730.0</ele></trkpt><trkpt lat="38.393730000000005" lon="-79.14281000000001"><ele>731.0</ele></trkpt><trkpt lat="38.39385" lon="-79.14268000000001"><ele>731.0</ele></trkpt><trkpt lat="38.39408" lon="-79.14237"><ele>731.0</ele></trkpt><trkpt lat="38.394070000000006" lon="-79.14237"><ele>731.0</ele></trkpt><trkpt lat="38.39432" lon="-79.14206"><ele>731.0</ele></trkpt><trkpt lat="38.39448" lon="-79.14189"><ele>731.0</ele></trkpt><trkpt lat="38.394580000000005" lon="-79.14184"><ele>732.0</ele></trkpt><trkpt lat="38.39538" lon="-79.14148"><ele>734.0</ele></trkpt><trkpt lat="38.39562" lon="-79.14134"><ele>735.0</ele></trkpt><trkpt lat="38.39582" lon="-79.14120000000001"><ele>737.0</ele></trkpt><trkpt lat="38.39636" lon="-79.14097000000001"><ele>737.0</ele></trkpt><trkpt lat="38.396440000000005" lon="-79.14086"><ele>737.0</ele></trkpt><trkpt lat="38.39656" lon="-79.14086"><ele>737.0</ele></trkpt><trkpt lat="38.39674" lon="-79.14093000000001"><ele>737.0</ele></trkpt><trkpt lat="38.39725" lon="-79.1409"><ele>736.0</ele></trkpt><trkpt lat="38.39763000000001" lon="-79.14099"><ele>734.0</ele></trkpt><trkpt lat="38.397780000000004" lon="-79.14095"><ele>731.0</ele></trkpt><trkpt lat="38.3979" lon="-79.14086"><ele>729.0</ele></trkpt><trkpt lat="38.39799" lon="-79.14085"><ele>728.0</ele></trkpt><trkpt lat="38.39818" lon="-79.14094"><ele>727.0</ele></trkpt><trkpt lat="38.39837" lon="-79.14094"><ele>726.0</ele></trkpt><trkpt lat="38.398790000000005" lon="-79.14085"><ele>724.0</ele></trkpt><trkpt lat="38.39904000000001" lon="-79.14075000000001"><ele>720.0</ele></trkpt><trkpt lat="38.399280000000005" lon="-79.14055"><ele>719.0</ele></trkpt><trkpt lat="38.399660000000004" lon="-79.14045"><ele>715.0</ele></trkpt><trkpt lat="38.39994" lon="-79.14022000000001"><ele>716.0</ele></trkpt><trkpt lat="38.400240000000004" lon="-79.14004000000001"><ele>718.0</ele></trkpt><trkpt lat="38.4003" lon="-79.13995000000001"><ele>720.0</ele></trkpt><trkpt lat="38.400400000000005" lon="-79.13973"><ele>720.0</ele></trkpt><trkpt lat="38.400490000000005" lon="-79.1396"><ele>721.0</ele></trkpt><trkpt lat="38.40072" lon="-79.13951"><ele>722.0</ele></trkpt><trkpt lat="38.40119" lon="-79.13937"><ele>726.0</ele></trkpt><trkpt lat="38.40146" lon="-79.13927000000001"><ele>728.0</ele></trkpt><trkpt lat="38.401450000000004" lon="-79.13927000000001"><ele>728.0</ele></trkpt><trkpt lat="38.40173" lon="-79.13916"><ele>730.0</ele></trkpt><trkpt lat="38.40204000000001" lon="-79.13901000000001"><ele>732.0</ele></trkpt><trkpt lat="38.40232" lon="-79.13888"><ele>733.0</ele></trkpt><trkpt lat="38.402460000000005" lon="-79.13884"><ele>734.0</ele></trkpt><trkpt lat="38.402730000000005" lon="-79.1388"><ele>736.0</ele></trkpt><trkpt lat="38.402840000000005" lon="-79.13875"><ele>736.0</ele></trkpt><trkpt lat="38.40307" lon="-79.13852"><ele>736.0</ele></trkpt><trkpt lat="38.40343" lon="-79.13826"><ele>735.0</ele></trkpt><trkpt lat="38.403780000000005" lon="-79.13784000000001"><ele>730.0</ele></trkpt><trkpt lat="38.404410000000006" lon="-79.13727"><ele>723.0</ele></trkpt><trkpt lat="38.40478" lon="-79.13705"><ele>719.0</ele></trkpt><trkpt lat="38.4052" lon="-79.13696"><ele>714.0</ele></trkpt><trkpt lat="38.405330000000006" lon="-79.13696"><ele>714.0</ele></trkpt><trkpt lat="38.40572" lon="-79.13696"><ele>712.0</ele></trkpt><trkpt lat="38.405820000000006" lon="-79.137"><ele>711.0</ele></trkpt><trkpt lat="38.40592" lon="-79.13708000000001"><ele>711.0</ele></trkpt><trkpt lat="38.40601" lon="-79.13709"><ele>710.0</ele></trkpt><trkpt lat="38.40616" lon="-79.13709"><ele>709.0</ele></trkpt><trkpt lat="38.40625" lon="-79.13705"><ele>707.0</ele></trkpt><trkpt lat="38.406580000000005" lon="-79.13682"><ele>704.0</ele></trkpt><trkpt lat="38.406740000000006" lon="-79.13669"><ele>702.0</ele></trkpt><trkpt lat="38.40686" lon="-79.13655"><ele>702.0</ele></trkpt><trkpt lat="38.40711" lon="-79.13637"><ele>700.0</ele></trkpt><trkpt lat="38.40726" lon="-79.13623000000001"><ele>699.0</ele></trkpt><trkpt lat="38.407410000000006" lon="-79.13596000000001"><ele>695.0</ele></trkpt><trkpt lat="38.40749" lon="-79.13584"><ele>693.0</ele></trkpt><trkpt lat="38.40755" lon="-79.1358"><ele>693.0</ele></trkpt><trkpt lat="38.408010000000004" lon="-79.13561"><ele>688.0</ele></trkpt><trkpt lat="38.40829" lon="-79.13543"><ele>687.0</ele></trkpt><trkpt lat="38.408390000000004" lon="-79.13538000000001"><ele>686.0</ele></trkpt><trkpt lat="38.40879" lon="-79.13526"><ele>685.0</ele></trkpt><trkpt lat="38.4089" lon="-79.13517"><ele>685.0</ele></trkpt><trkpt lat="38.409060000000004" lon="-79.13499"><ele>684.0</ele></trkpt><trkpt lat="38.409400000000005" lon="-79.13481"><ele>680.0</ele></trkpt><trkpt lat="38.40959" lon="-79.13476"><ele>679.0</ele></trkpt><trkpt lat="38.409870000000005" lon="-79.13475000000001"><ele>678.0</ele></trkpt><trkpt lat="38.40999" lon="-79.13476"><ele>679.0</ele></trkpt><trkpt lat="38.410560000000004" lon="-79.13521"><ele>680.0</ele></trkpt><trkpt lat="38.41095" lon="-79.1353"><ele>675.0</ele></trkpt><trkpt lat="38.41114" lon="-79.13548"><ele>672.0</ele></trkpt><trkpt lat="38.411260000000006" lon="-79.13556000000001"><ele>671.0</ele></trkpt><trkpt lat="38.411500000000004" lon="-79.13561"><ele>668.0</ele></trkpt><trkpt lat="38.411950000000004" lon="-79.13562"><ele>665.0</ele></trkpt><trkpt lat="38.41207" lon="-79.13574000000001"><ele>662.0</ele></trkpt><trkpt lat="38.41219" lon="-79.13593"><ele>660.0</ele></trkpt><trkpt lat="38.412310000000005" lon="-79.13645000000001"><ele>658.0</ele></trkpt><trkpt lat="38.412420000000004" lon="-79.13652"><ele>657.0</ele></trkpt><trkpt lat="38.41259" lon="-79.13656"><ele>657.0</ele></trkpt><trkpt lat="38.41272" lon="-79.13655"><ele>655.0</ele></trkpt><trkpt lat="38.41277" lon="-79.13661"><ele>655.0</ele></trkpt><trkpt lat="38.412960000000005" lon="-79.13651"><ele>653.0</ele></trkpt><trkpt lat="38.41299" lon="-79.13656"><ele>653.0</ele></trkpt><trkpt lat="38.41299" lon="-79.13669"><ele>652.0</ele></trkpt><trkpt lat="38.41313" lon="-79.13664"><ele>651.0</ele></trkpt><trkpt lat="38.41339" lon="-79.13639"><ele>649.0</ele></trkpt><trkpt lat="38.413360000000004" lon="-79.13619000000001"><ele>649.0</ele></trkpt><trkpt lat="38.41357" lon="-79.13596000000001"><ele>649.0</ele></trkpt><trkpt lat="38.41395" lon="-79.13569000000001"><ele>651.0</ele></trkpt><trkpt lat="38.414100000000005" lon="-79.1357"><ele>651.0</ele></trkpt><trkpt lat="38.41436" lon="-79.13552"><ele>651.0</ele></trkpt><trkpt lat="38.414590000000004" lon="-79.13525000000001"><ele>651.0</ele></trkpt><trkpt lat="38.41467" lon="-79.13511000000001"><ele>651.0</ele></trkpt><trkpt lat="38.41496" lon="-79.1349"><ele>653.0</ele></trkpt><trkpt lat="38.41526" lon="-79.13486"><ele>655.0</ele></trkpt><trkpt lat="38.415580000000006" lon="-79.1349"><ele>656.0</ele></trkpt><trkpt lat="38.41568" lon="-79.13481"><ele>657.0</ele></trkpt><trkpt lat="38.41586" lon="-79.13476"><ele>658.0</ele></trkpt><trkpt lat="38.415910000000004" lon="-79.13481"><ele>658.0</ele></trkpt><trkpt lat="38.41606" lon="-79.13467"><ele>658.0</ele></trkpt><trkpt lat="38.416090000000004" lon="-79.13467"><ele>658.0</ele></trkpt><trkpt lat="38.41619" lon="-79.13455"><ele>659.0</ele></trkpt><trkpt lat="38.4163" lon="-79.1345"><ele>659.0</ele></trkpt><trkpt lat="38.41666" lon="-79.13413000000001"><ele>660.0</ele></trkpt><trkpt lat="38.41693" lon="-79.134"><ele>662.0</ele></trkpt><trkpt lat="38.416920000000005" lon="-79.134"><ele>662.0</ele></trkpt><trkpt lat="38.41705" lon="-79.134"><ele>662.0</ele></trkpt><trkpt lat="38.41723" lon="-79.13378"><ele>663.0</ele></trkpt><trkpt lat="38.4174" lon="-79.13373"><ele>663.0</ele></trkpt><trkpt lat="38.41781" lon="-79.13346"><ele>663.0</ele></trkpt><trkpt lat="38.41805" lon="-79.13311"><ele>662.0</ele></trkpt><trkpt lat="38.41817" lon="-79.13283000000001"><ele>660.0</ele></trkpt><trkpt lat="38.41816" lon="-79.13271"><ele>660.0</ele></trkpt><trkpt lat="38.41825" lon="-79.13243"><ele>660.0</ele></trkpt><trkpt lat="38.418470000000006" lon="-79.13221"><ele>660.0</ele></trkpt><trkpt lat="38.418600000000005" lon="-79.13216000000001"><ele>660.0</ele></trkpt><trkpt lat="38.41906" lon="-79.13221"><ele>660.0</ele></trkpt><trkpt lat="38.41917" lon="-79.13234000000001"><ele>660.0</ele></trkpt><trkpt lat="38.41931" lon="-79.13238000000001"><ele>659.0</ele></trkpt><trkpt lat="38.41933" lon="-79.13243"><ele>659.0</ele></trkpt><trkpt lat="38.4194" lon="-79.13248"><ele>659.0</ele></trkpt><trkpt lat="38.41964" lon="-79.13248"><ele>659.0</ele></trkpt><trkpt lat="38.42005" lon="-79.13239"><ele>656.0</ele></trkpt><trkpt lat="38.420100000000005" lon="-79.13243"><ele>655.0</ele></trkpt><trkpt lat="38.42029" lon="-79.13239"><ele>654.0</ele></trkpt><trkpt lat="38.420480000000005" lon="-79.1323"><ele>653.0</ele></trkpt><trkpt lat="38.42063" lon="-79.1323"><ele>653.0</ele></trkpt><trkpt lat="38.42085" lon="-79.13212"><ele>652.0</ele></trkpt><trkpt lat="38.42105" lon="-79.13176"><ele>650.0</ele></trkpt><trkpt lat="38.42112" lon="-79.13172"><ele>650.0</ele></trkpt><trkpt lat="38.421170000000004" lon="-79.13172"><ele>650.0</ele></trkpt><trkpt lat="38.421260000000004" lon="-79.13159"><ele>649.0</ele></trkpt><trkpt lat="38.421290000000006" lon="-79.1316"><ele>649.0</ele></trkpt><trkpt lat="38.42152" lon="-79.13141"><ele>648.0</ele></trkpt><trkpt lat="38.4217" lon="-79.13136"><ele>648.0</ele></trkpt><trkpt lat="38.421800000000005" lon="-79.13128"><ele>648.0</ele></trkpt><trkpt lat="38.42255" lon="-79.13118"><ele>648.0</ele></trkpt><trkpt lat="38.42282" lon="-79.13091"><ele>646.0</ele></trkpt><trkpt lat="38.422990000000006" lon="-79.13092"><ele>645.0</ele></trkpt><trkpt lat="38.42347" lon="-79.13087"><ele>641.0</ele></trkpt><trkpt lat="38.42371" lon="-79.13074"><ele>641.0</ele></trkpt><trkpt lat="38.423860000000005" lon="-79.13056"><ele>639.0</ele></trkpt><trkpt lat="38.4239" lon="-79.13033"><ele>639.0</ele></trkpt><trkpt lat="38.42405" lon="-79.13024"><ele>638.0</ele></trkpt><trkpt lat="38.424200000000006" lon="-79.13006"><ele>637.0</ele></trkpt><trkpt lat="38.42434" lon="-79.13007"><ele>636.0</ele></trkpt><trkpt lat="38.42445" lon="-79.13002"><ele>636.0</ele></trkpt><trkpt lat="38.42461" lon="-79.13007"><ele>635.0</ele></trkpt><trkpt lat="38.424890000000005" lon="-79.13002"><ele>634.0</ele></trkpt><trkpt lat="38.424980000000005" lon="-79.13006"><ele>634.0</ele></trkpt><trkpt lat="38.425160000000005" lon="-79.12997"><ele>634.0</ele></trkpt><trkpt lat="38.42539" lon="-79.12992000000001"><ele>632.0</ele></trkpt><trkpt lat="38.425700000000006" lon="-79.12996000000001"><ele>631.0</ele></trkpt><trkpt lat="38.42568" lon="-79.13001000000001"><ele>631.0</ele></trkpt><trkpt lat="38.42535" lon="-79.1302"><ele>629.0</ele></trkpt><trkpt lat="38.425230000000006" lon="-79.13025"><ele>628.0</ele></trkpt><trkpt lat="38.42521" lon="-79.13032000000001"><ele>627.0</ele></trkpt><trkpt lat="38.42493" lon="-79.13047"><ele>625.0</ele></trkpt><trkpt lat="38.424820000000004" lon="-79.13047"><ele>624.0</ele></trkpt><trkpt lat="38.424710000000005" lon="-79.13043"><ele>624.0</ele></trkpt><trkpt lat="38.4247" lon="-79.13047"><ele>624.0</ele></trkpt><trkpt lat="38.42474" lon="-79.13055"><ele>622.0</ele></trkpt><trkpt lat="38.424870000000006" lon="-79.13061"><ele>621.0</ele></trkpt><trkpt lat="38.42502" lon="-79.13061"><ele>620.0</ele></trkpt><trkpt lat="38.425180000000005" lon="-79.13069"><ele>618.0</ele></trkpt><trkpt lat="38.42549" lon="-79.13073"><ele>616.0</ele></trkpt><trkpt lat="38.425560000000004" lon="-79.13078"><ele>616.0</ele></trkpt><trkpt lat="38.42582" lon="-79.13064"><ele>615.0</ele></trkpt><trkpt lat="38.425900000000006" lon="-79.13069"><ele>614.0</ele></trkpt><trkpt lat="38.426300000000005" lon="-79.13059000000001"><ele>613.0</ele></trkpt><trkpt lat="38.426320000000004" lon="-79.1307"><ele>613.0</ele></trkpt><trkpt lat="38.42624" lon="-79.13073"><ele>613.0</ele></trkpt><trkpt lat="38.42622" lon="-79.13078"><ele>611.0</ele></trkpt><trkpt lat="38.42597000000001" lon="-79.13099000000001"><ele>610.0</ele></trkpt><trkpt lat="38.42584" lon="-79.131"><ele>609.0</ele></trkpt><trkpt lat="38.425720000000005" lon="-79.13109"><ele>609.0</ele></trkpt><trkpt lat="38.42562" lon="-79.13105"><ele>608.0</ele></trkpt><trkpt lat="38.42559" lon="-79.13109"><ele>608.0</ele></trkpt><trkpt lat="38.42564" lon="-79.13114"><ele>608.0</ele></trkpt><trkpt lat="38.42586" lon="-79.13115"><ele>607.0</ele></trkpt><trkpt lat="38.42593" lon="-79.13123"><ele>604.0</ele></trkpt><trkpt lat="38.42602" lon="-79.13127"><ele>604.0</ele></trkpt><trkpt lat="38.42584" lon="-79.13128"><ele>602.0</ele></trkpt><trkpt lat="38.425720000000005" lon="-79.13141"><ele>601.0</ele></trkpt><trkpt lat="38.425700000000006" lon="-79.13153000000001"><ele>601.0</ele></trkpt><trkpt lat="38.42564" lon="-79.13154"><ele>600.0</ele></trkpt><trkpt lat="38.4256" lon="-79.13164"><ele>600.0</ele></trkpt><trkpt lat="38.42551" lon="-79.13167"><ele>598.0</ele></trkpt><trkpt lat="38.425450000000005" lon="-79.13172"><ele>598.0</ele></trkpt><trkpt lat="38.42544" lon="-79.13181"><ele>598.0</ele></trkpt><trkpt lat="38.42553" lon="-79.13185"><ele>597.0</ele></trkpt><trkpt lat="38.42553" lon="-79.13189000000001"><ele>597.0</ele></trkpt><trkpt lat="38.42541000000001" lon="-79.13193000000001"><ele>595.0</ele></trkpt><trkpt lat="38.42546" lon="-79.13194"><ele>595.0</ele></trkpt><trkpt lat="38.425580000000004" lon="-79.13194"><ele>594.0</ele></trkpt><trkpt lat="38.425810000000006" lon="-79.13168"><ele>592.0</ele></trkpt><trkpt lat="38.42587" lon="-79.13181"><ele>591.0</ele></trkpt><trkpt lat="38.42597000000001" lon="-79.13194"><ele>590.0</ele></trkpt><trkpt lat="38.42618" lon="-79.13194"><ele>587.0</ele></trkpt><trkpt lat="38.42629" lon="-79.13181"><ele>587.0</ele></trkpt><trkpt lat="38.4264" lon="-79.13176"><ele>585.0</ele></trkpt><trkpt lat="38.42647" lon="-79.13171000000001"><ele>585.0</ele></trkpt><trkpt lat="38.42647" lon="-79.13164"><ele>585.0</ele></trkpt><trkpt lat="38.42674" lon="-79.13141"><ele>582.0</ele></trkpt><trkpt lat="38.42674" lon="-79.13132"><ele>582.0</ele></trkpt><trkpt lat="38.4268" lon="-79.13126000000001"><ele>582.0</ele></trkpt><trkpt lat="38.426930000000006" lon="-79.13091"><ele>578.0</ele></trkpt><trkpt lat="38.427020000000006" lon="-79.13087"><ele>578.0</ele></trkpt><trkpt lat="38.427020000000006" lon="-79.13082"><ele>578.0</ele></trkpt><trkpt lat="38.427080000000004" lon="-79.13077000000001"><ele>577.0</ele></trkpt><trkpt lat="38.42716" lon="-79.13047"><ele>576.0</ele></trkpt><trkpt lat="38.427130000000005" lon="-79.13032000000001"><ele>575.0</ele></trkpt><trkpt lat="38.42707" lon="-79.13015"><ele>575.0</ele></trkpt><trkpt lat="38.42716" lon="-79.13005000000001"><ele>574.0</ele></trkpt><trkpt lat="38.427130000000005" lon="-79.12988"><ele>573.0</ele></trkpt><trkpt lat="38.427240000000005" lon="-79.12979"><ele>572.0</ele></trkpt><trkpt lat="38.42725" lon="-79.12966"><ele>572.0</ele></trkpt><trkpt lat="38.427290000000006" lon="-79.12957"><ele>572.0</ele></trkpt><trkpt lat="38.42748" lon="-79.12935"><ele>571.0</ele></trkpt><trkpt lat="38.42754" lon="-79.12912"><ele>571.0</ele></trkpt><trkpt lat="38.42752" lon="-79.12899"><ele>569.0</ele></trkpt><trkpt lat="38.42759" lon="-79.12882"><ele>569.0</ele></trkpt><trkpt lat="38.427580000000006" lon="-79.12876"><ele>569.0</ele></trkpt><trkpt lat="38.42777" lon="-79.12844000000001"><ele>568.0</ele></trkpt><trkpt lat="38.42784" lon="-79.12836"><ele>567.0</ele></trkpt><trkpt lat="38.42788" lon="-79.12837"><ele>567.0</ele></trkpt><trkpt lat="38.42794000000001" lon="-79.12826000000001"><ele>567.0</ele></trkpt><trkpt lat="38.42828" lon="-79.128"><ele>564.0</ele></trkpt><trkpt lat="38.42837" lon="-79.12799000000001"><ele>562.0</ele></trkpt><trkpt lat="38.42835" lon="-79.12827"><ele>561.0</ele></trkpt><trkpt lat="38.428270000000005" lon="-79.12840000000001"><ele>560.0</ele></trkpt><trkpt lat="38.42817" lon="-79.12877"><ele>558.0</ele></trkpt><trkpt lat="38.42813" lon="-79.12882"><ele>558.0</ele></trkpt><trkpt lat="38.42815" lon="-79.12925000000001"><ele>556.0</ele></trkpt><trkpt lat="38.428050000000006" lon="-79.12931"><ele>556.0</ele></trkpt><trkpt lat="38.428050000000006" lon="-79.12939"><ele>556.0</ele></trkpt><trkpt lat="38.428180000000005" lon="-79.12947000000001"><ele>556.0</ele></trkpt><trkpt lat="38.428230000000006" lon="-79.12953"><ele>556.0</ele></trkpt><trkpt lat="38.42815" lon="-79.12984"><ele>558.0</ele></trkpt><trkpt lat="38.42817" lon="-79.12988"><ele>558.0</ele></trkpt><trkpt lat="38.428340000000006" lon="-79.12961"><ele>560.0</ele></trkpt><trkpt lat="38.42851" lon="-79.12948"><ele>560.0</ele></trkpt><trkpt lat="38.42862" lon="-79.1293"><ele>561.0</ele></trkpt><trkpt lat="38.42875" lon="-79.12917"><ele>560.0</ele></trkpt><trkpt lat="38.428960000000004" lon="-79.12908"><ele>560.0</ele></trkpt><trkpt lat="38.42909" lon="-79.1289"><ele>559.0</ele></trkpt><trkpt lat="38.4292" lon="-79.12885"><ele>559.0</ele></trkpt><trkpt lat="38.42927" lon="-79.12872"><ele>559.0</ele></trkpt><trkpt lat="38.42958" lon="-79.12854"><ele>559.0</ele></trkpt><trkpt lat="38.429660000000005" lon="-79.12841"><ele>558.0</ele></trkpt><trkpt lat="38.42972" lon="-79.12841"><ele>558.0</ele></trkpt><trkpt lat="38.42981" lon="-79.12835000000001"><ele>557.0</ele></trkpt><trkpt lat="38.429930000000006" lon="-79.12844000000001"><ele>557.0</ele></trkpt><trkpt lat="38.43014" lon="-79.12835000000001"><ele>557.0</ele></trkpt><trkpt lat="38.430130000000005" lon="-79.12835000000001"><ele>557.0</ele></trkpt><trkpt lat="38.430310000000006" lon="-79.12826000000001"><ele>556.0</ele></trkpt><trkpt lat="38.43041" lon="-79.12799000000001"><ele>555.0</ele></trkpt><trkpt lat="38.430580000000006" lon="-79.12787"><ele>554.0</ele></trkpt><trkpt lat="38.4307" lon="-79.12787"><ele>554.0</ele></trkpt><trkpt lat="38.43083" lon="-79.12769"><ele>553.0</ele></trkpt><trkpt lat="38.430930000000004" lon="-79.12769"><ele>553.0</ele></trkpt><trkpt lat="38.43108" lon="-79.12755"><ele>552.0</ele></trkpt><trkpt lat="38.43117" lon="-79.12756"><ele>552.0</ele></trkpt><trkpt lat="38.431360000000005" lon="-79.12769"><ele>552.0</ele></trkpt><trkpt lat="38.43146" lon="-79.12769"><ele>552.0</ele></trkpt><trkpt lat="38.431490000000004" lon="-79.12768000000001"><ele>552.0</ele></trkpt><trkpt lat="38.43153" lon="-79.12751"><ele>552.0</ele></trkpt><trkpt lat="38.43159" lon="-79.12747"><ele>553.0</ele></trkpt><trkpt lat="38.43177" lon="-79.12767000000001"><ele>553.0</ele></trkpt><trkpt lat="38.43164" lon="-79.12784"><ele>554.0</ele></trkpt><trkpt lat="38.43166" lon="-79.12796"><ele>554.0</ele></trkpt><trkpt lat="38.431810000000006" lon="-79.12783"><ele>555.0</ele></trkpt><trkpt lat="38.43184" lon="-79.128"><ele>556.0</ele></trkpt><trkpt lat="38.43169" lon="-79.12823"><ele>557.0</ele></trkpt><trkpt lat="38.43164" lon="-79.12854"><ele>557.0</ele></trkpt><trkpt lat="38.431630000000006" lon="-79.12876"><ele>557.0</ele></trkpt><trkpt lat="38.431650000000005" lon="-79.12885"><ele>557.0</ele></trkpt><trkpt lat="38.431740000000005" lon="-79.12899"><ele>557.0</ele></trkpt><trkpt lat="38.431850000000004" lon="-79.12908"><ele>557.0</ele></trkpt><trkpt lat="38.43195" lon="-79.12926"><ele>557.0</ele></trkpt><trkpt lat="38.43204" lon="-79.12948"><ele>559.0</ele></trkpt><trkpt lat="38.43206" lon="-79.12957"><ele>559.0</ele></trkpt><trkpt lat="38.432010000000005" lon="-79.12975"><ele>559.0</ele></trkpt><trkpt lat="38.431900000000006" lon="-79.12997"><ele>560.0</ele></trkpt><trkpt lat="38.431560000000005" lon="-79.13033"><ele>562.0</ele></trkpt><trkpt lat="38.431380000000004" lon="-79.13069"><ele>563.0</ele></trkpt><trkpt lat="38.43095" lon="-79.13132"><ele>567.0</ele></trkpt><trkpt lat="38.430640000000004" lon="-79.13185"><ele>569.0</ele></trkpt><trkpt lat="38.43047" lon="-79.1323"><ele>571.0</ele></trkpt><trkpt lat="38.43036" lon="-79.13248"><ele>571.0</ele></trkpt><trkpt lat="38.430240000000005" lon="-79.13288"><ele>574.0</ele></trkpt><trkpt lat="38.43012" lon="-79.13342"><ele>575.0</ele></trkpt><trkpt lat="38.43005" lon="-79.13361"><ele>576.0</ele></trkpt><trkpt lat="38.42996" lon="-79.13382"><ele>577.0</ele></trkpt><trkpt lat="38.42962" lon="-79.13437"><ele>580.0</ele></trkpt><trkpt lat="38.42949" lon="-79.13486"><ele>581.0</ele></trkpt><trkpt lat="38.42947" lon="-79.13503"><ele>582.0</ele></trkpt><trkpt lat="38.429480000000005" lon="-79.13535"><ele>584.0</ele></trkpt><trkpt lat="38.429370000000006" lon="-79.13547000000001"><ele>584.0</ele></trkpt><trkpt lat="38.42929" lon="-79.13561"><ele>584.0</ele></trkpt><trkpt lat="38.42927" lon="-79.1357"><ele>585.0</ele></trkpt><trkpt lat="38.429100000000005" lon="-79.13607"><ele>587.0</ele></trkpt><trkpt lat="38.429030000000004" lon="-79.13637"><ele>588.0</ele></trkpt><trkpt lat="38.42897" lon="-79.13649000000001"><ele>588.0</ele></trkpt><trkpt lat="38.42897" lon="-79.13650000000001"><ele>588.0</ele></trkpt><trkpt lat="38.42887" lon="-79.13672000000001"><ele>588.0</ele></trkpt><trkpt lat="38.428790000000006" lon="-79.13696"><ele>591.0</ele></trkpt><trkpt lat="38.428760000000004" lon="-79.13753000000001"><ele>591.0</ele></trkpt><trkpt lat="38.42889" lon="-79.13802000000001"><ele>593.0</ele></trkpt><trkpt lat="38.429010000000005" lon="-79.13826"><ele>594.0</ele></trkpt><trkpt lat="38.429120000000005" lon="-79.13838000000001"><ele>595.0</ele></trkpt><trkpt lat="38.4292" lon="-79.13878000000001"><ele>595.0</ele></trkpt><trkpt lat="38.42936" lon="-79.13883000000001"><ele>595.0</ele></trkpt><trkpt lat="38.42967" lon="-79.13901000000001"><ele>596.0</ele></trkpt><trkpt lat="38.429770000000005" lon="-79.13884"><ele>597.0</ele></trkpt><trkpt lat="38.42982000000001" lon="-79.13883000000001"><ele>597.0</ele></trkpt><trkpt lat="38.429860000000005" lon="-79.13871"><ele>598.0</ele></trkpt><trkpt lat="38.429880000000004" lon="-79.13849"><ele>600.0</ele></trkpt><trkpt lat="38.42992" lon="-79.13834"><ele>600.0</ele></trkpt><trkpt lat="38.430080000000004" lon="-79.13812"><ele>602.0</ele></trkpt><trkpt lat="38.43018" lon="-79.13803"><ele>604.0</ele></trkpt><trkpt lat="38.430240000000005" lon="-79.13803"><ele>604.0</ele></trkpt><trkpt lat="38.43028" lon="-79.13804"><ele>605.0</ele></trkpt><trkpt lat="38.43027" lon="-79.13820000000001"><ele>606.0</ele></trkpt><trkpt lat="38.430150000000005" lon="-79.13858"><ele>606.0</ele></trkpt><trkpt lat="38.43016" lon="-79.13879"><ele>609.0</ele></trkpt><trkpt lat="38.43021" lon="-79.13893"><ele>609.0</ele></trkpt><trkpt lat="38.43027" lon="-79.13897"><ele>609.0</ele></trkpt><trkpt lat="38.43045" lon="-79.13902"><ele>611.0</ele></trkpt><trkpt lat="38.430530000000005" lon="-79.13911"><ele>611.0</ele></trkpt><trkpt lat="38.43054" lon="-79.13937"><ele>612.0</ele></trkpt><trkpt lat="38.43059" lon="-79.13938"><ele>612.0</ele></trkpt><trkpt lat="38.43077" lon="-79.1392"><ele>615.0</ele></trkpt><trkpt lat="38.4309" lon="-79.13911"><ele>616.0</ele></trkpt><trkpt lat="38.431070000000005" lon="-79.13906"><ele>617.0</ele></trkpt><trkpt lat="38.43131" lon="-79.13889"><ele>621.0</ele></trkpt><trkpt lat="38.431340000000006" lon="-79.13892000000001"><ele>621.0</ele></trkpt><trkpt lat="38.431360000000005" lon="-79.13902"><ele>622.0</ele></trkpt><trkpt lat="38.43116000170026" lon="-79.13966500200414"><ele>627.0</ele></trkpt><trkpt lat="38.430960000000006" lon="-79.14031"><ele>634.0</ele></trkpt><trkpt lat="38.43094" lon="-79.14041"><ele>634.0</ele></trkpt><trkpt lat="38.430960000000006" lon="-79.14049"><ele>635.0</ele></trkpt><trkpt lat="38.431050000000006" lon="-79.14049"><ele>636.0</ele></trkpt><trkpt lat="38.431180000000005" lon="-79.14036"><ele>637.0</ele></trkpt><trkpt lat="38.43131" lon="-79.14027"><ele>637.0</ele></trkpt><trkpt lat="38.432140000000004" lon="-79.13995000000001"><ele>644.0</ele></trkpt><trkpt lat="38.432370000000006" lon="-79.13996"><ele>646.0</ele></trkpt><trkpt lat="38.43247" lon="-79.14"><ele>647.0</ele></trkpt><trkpt lat="38.4326" lon="-79.14014"><ele>648.0</ele></trkpt><trkpt lat="38.432840000000006" lon="-79.14026000000001"><ele>651.0</ele></trkpt><trkpt lat="38.43291" lon="-79.14037"><ele>652.0</ele></trkpt><trkpt lat="38.433" lon="-79.14046"><ele>654.0</ele></trkpt><trkpt lat="38.43303" lon="-79.14084000000001"><ele>656.0</ele></trkpt><trkpt lat="38.43303" lon="-79.14108"><ele>658.0</ele></trkpt><trkpt lat="38.433080000000004" lon="-79.14122"><ele>659.0</ele></trkpt><trkpt lat="38.43316" lon="-79.14138000000001"><ele>660.0</ele></trkpt><trkpt lat="38.433440000000004" lon="-79.14175"><ele>665.0</ele></trkpt><trkpt lat="38.433530000000005" lon="-79.14197"><ele>666.0</ele></trkpt><trkpt lat="38.43379" lon="-79.14219"><ele>670.0</ele></trkpt><trkpt lat="38.43399" lon="-79.14228"><ele>670.0</ele></trkpt><trkpt lat="38.434050000000006" lon="-79.14237"><ele>675.0</ele></trkpt><trkpt lat="38.43423000000001" lon="-79.14241000000001"><ele>675.0</ele></trkpt><trkpt lat="38.43428" lon="-79.14250000000001"><ele>676.0</ele></trkpt><trkpt lat="38.43404" lon="-79.1426"><ele>677.0</ele></trkpt><trkpt lat="38.43386" lon="-79.14263000000001"><ele>678.0</ele></trkpt><trkpt lat="38.43368" lon="-79.14269"><ele>680.0</ele></trkpt><trkpt lat="38.433620000000005" lon="-79.14274"><ele>681.0</ele></trkpt><trkpt lat="38.43352" lon="-79.14277000000001"><ele>682.0</ele></trkpt><trkpt lat="38.43348" lon="-79.14283"><ele>682.0</ele></trkpt><trkpt lat="38.433510000000005" lon="-79.14291"><ele>683.0</ele></trkpt><trkpt lat="38.43374" lon="-79.143"><ele>685.0</ele></trkpt><trkpt lat="38.43388" lon="-79.14319"><ele>686.0</ele></trkpt><trkpt lat="38.434050000000006" lon="-79.14353000000001"><ele>689.0</ele></trkpt><trkpt lat="38.434050000000006" lon="-79.14358"><ele>689.0</ele></trkpt><trkpt lat="38.433980000000005" lon="-79.14376"><ele>691.0</ele></trkpt><trkpt lat="38.43401" lon="-79.14385"><ele>691.0</ele></trkpt><trkpt lat="38.434140000000006" lon="-79.14394"><ele>692.0</ele></trkpt><trkpt lat="38.43428" lon="-79.14421"><ele>694.0</ele></trkpt><trkpt lat="38.434200000000004" lon="-79.14443"><ele>695.0</ele></trkpt><trkpt lat="38.43412" lon="-79.14451000000001"><ele>696.0</ele></trkpt><trkpt lat="38.43406" lon="-79.14462"><ele>696.0</ele></trkpt><trkpt lat="38.43395" lon="-79.14478000000001"><ele>697.0</ele></trkpt><trkpt lat="38.433800000000005" lon="-79.14488"><ele>698.0</ele></trkpt><trkpt lat="38.43366" lon="-79.14505000000001"><ele>700.0</ele></trkpt><trkpt lat="38.433670000000006" lon="-79.14511"><ele>700.0</ele></trkpt><trkpt lat="38.433890000000005" lon="-79.14505000000001"><ele>702.0</ele></trkpt><trkpt lat="38.43403" lon="-79.14505000000001"><ele>703.0</ele></trkpt><trkpt lat="38.434090000000005" lon="-79.14501000000001"><ele>704.0</ele></trkpt><trkpt lat="38.43422" lon="-79.14502"><ele>705.0</ele></trkpt><trkpt lat="38.4343" lon="-79.14502"><ele>705.0</ele></trkpt><trkpt lat="38.43439" lon="-79.14497"><ele>706.0</ele></trkpt><trkpt lat="38.434580000000004" lon="-79.14497"><ele>707.0</ele></trkpt><trkpt lat="38.43469" lon="-79.14493"><ele>708.0</ele></trkpt><trkpt lat="38.43486" lon="-79.14484"><ele>710.0</ele></trkpt><trkpt lat="38.435100000000006" lon="-79.14447000000001"><ele>711.0</ele></trkpt><trkpt lat="38.435430000000004" lon="-79.14421"><ele>715.0</ele></trkpt><trkpt lat="38.435700000000004" lon="-79.14411000000001"><ele>717.0</ele></trkpt><trkpt lat="38.435840000000006" lon="-79.14411000000001"><ele>717.0</ele></trkpt><trkpt lat="38.435930000000006" lon="-79.14412"><ele>718.0</ele></trkpt><trkpt lat="38.435970000000005" lon="-79.14417"><ele>718.0</ele></trkpt><trkpt lat="38.436060000000005" lon="-79.14421"><ele>718.0</ele></trkpt><trkpt lat="38.4361" lon="-79.14421"><ele>719.0</ele></trkpt><trkpt lat="38.43612" lon="-79.14412"><ele>719.0</ele></trkpt><trkpt lat="38.436260000000004" lon="-79.14384000000001"><ele>720.0</ele></trkpt><trkpt lat="38.43636" lon="-79.1439"><ele>722.0</ele></trkpt><trkpt lat="38.436330000000005" lon="-79.14408"><ele>722.0</ele></trkpt><trkpt lat="38.43632" lon="-79.14434"><ele>724.0</ele></trkpt><trkpt lat="38.43629" lon="-79.14439"><ele>724.0</ele></trkpt><trkpt lat="38.4363" lon="-79.14453"><ele>725.0</ele></trkpt><trkpt lat="38.43627" lon="-79.14462"><ele>725.0</ele></trkpt><trkpt lat="38.436220000000006" lon="-79.14466"><ele>725.0</ele></trkpt><trkpt lat="38.436130000000006" lon="-79.14466"><ele>726.0</ele></trkpt><trkpt lat="38.436080000000004" lon="-79.14465000000001"><ele>726.0</ele></trkpt><trkpt lat="38.435950000000005" lon="-79.14466"><ele>727.0</ele></trkpt><trkpt lat="38.43589" lon="-79.14474000000001"><ele>728.0</ele></trkpt><trkpt lat="38.435770000000005" lon="-79.14496000000001"><ele>729.0</ele></trkpt><trkpt lat="38.43571" lon="-79.14511"><ele>730.0</ele></trkpt><trkpt lat="38.43571" lon="-79.14519"><ele>732.0</ele></trkpt><trkpt lat="38.435750000000006" lon="-79.14532000000001"><ele>732.0</ele></trkpt><trkpt lat="38.43576" lon="-79.14542"><ele>734.0</ele></trkpt><trkpt lat="38.435790000000004" lon="-79.14550000000001"><ele>734.0</ele></trkpt><trkpt lat="38.43589" lon="-79.1456"><ele>736.0</ele></trkpt><trkpt lat="38.435970000000005" lon="-79.14582"><ele>737.0</ele></trkpt><trkpt lat="38.43596" lon="-79.14596"><ele>737.0</ele></trkpt><trkpt lat="38.435860000000005" lon="-79.14608000000001"><ele>737.0</ele></trkpt><trkpt lat="38.435770000000005" lon="-79.1461"><ele>738.0</ele></trkpt><trkpt lat="38.435520000000004" lon="-79.14605"><ele>738.0</ele></trkpt><trkpt lat="38.43542" lon="-79.14609"><ele>739.0</ele></trkpt><trkpt lat="38.435370000000006" lon="-79.14617000000001"><ele>740.0</ele></trkpt><trkpt lat="38.435280000000006" lon="-79.14637"><ele>740.0</ele></trkpt><trkpt lat="38.43525" lon="-79.14641"><ele>740.0</ele></trkpt><trkpt lat="38.43516" lon="-79.14645"><ele>741.0</ele></trkpt><trkpt lat="38.43507" lon="-79.14657000000001"><ele>741.0</ele></trkpt><trkpt lat="38.435030000000005" lon="-79.14668"><ele>742.0</ele></trkpt><trkpt lat="38.43489" lon="-79.14681"><ele>743.0</ele></trkpt><trkpt lat="38.43486" lon="-79.1469"><ele>744.0</ele></trkpt><trkpt lat="38.43489" lon="-79.14703"><ele>745.0</ele></trkpt><trkpt lat="38.435" lon="-79.14726"><ele>746.0</ele></trkpt><trkpt lat="38.43466" lon="-79.14762"><ele>746.0</ele></trkpt><trkpt lat="38.43455" lon="-79.14796000000001"><ele>749.0</ele></trkpt><trkpt lat="38.43459" lon="-79.14816"><ele>751.0</ele></trkpt><trkpt lat="38.434650000000005" lon="-79.14824"><ele>752.0</ele></trkpt><trkpt lat="38.43469" lon="-79.14811"><ele>753.0</ele></trkpt><trkpt lat="38.43475" lon="-79.14802"><ele>754.0</ele></trkpt><trkpt lat="38.434810000000006" lon="-79.14805000000001"><ele>755.0</ele></trkpt><trkpt lat="38.434920000000005" lon="-79.14814000000001"><ele>756.0</ele></trkpt><trkpt lat="38.434960000000004" lon="-79.14811"><ele>757.0</ele></trkpt><trkpt lat="38.43511" lon="-79.14819"><ele>758.0</ele></trkpt><trkpt lat="38.43524" lon="-79.14838"><ele>759.0</ele></trkpt><trkpt lat="38.43536" lon="-79.14847"><ele>761.0</ele></trkpt><trkpt lat="38.435770000000005" lon="-79.14859000000001"><ele>765.0</ele></trkpt><trkpt lat="38.43591" lon="-79.14886000000001"><ele>766.0</ele></trkpt><trkpt lat="38.436020000000006" lon="-79.149"><ele>767.0</ele></trkpt><trkpt lat="38.43607" lon="-79.1491"><ele>768.0</ele></trkpt><trkpt lat="38.436060000000005" lon="-79.14927"><ele>769.0</ele></trkpt><trkpt lat="38.43619" lon="-79.1494"><ele>771.0</ele></trkpt><trkpt lat="38.436350000000004" lon="-79.14949"><ele>772.0</ele></trkpt><trkpt lat="38.43695" lon="-79.15013"><ele>778.0</ele></trkpt><trkpt lat="38.43715" lon="-79.15069000000001"><ele>785.0</ele></trkpt><trkpt lat="38.43715" lon="-79.15079"><ele>785.0</ele></trkpt><trkpt lat="38.437070000000006" lon="-79.15089"><ele>786.0</ele></trkpt><trkpt lat="38.437050000000006" lon="-79.15125"><ele>788.0</ele></trkpt><trkpt lat="38.436980000000005" lon="-79.15178"><ele>792.0</ele></trkpt><trkpt lat="38.43701" lon="-79.15191"><ele>792.0</ele></trkpt><trkpt lat="38.43692" lon="-79.15204"><ele>793.0</ele></trkpt><trkpt lat="38.436730000000004" lon="-79.15245"><ele>795.0</ele></trkpt><trkpt lat="38.436710000000005" lon="-79.15267"><ele>796.0</ele></trkpt><trkpt lat="38.43688" lon="-79.15302000000001"><ele>801.0</ele></trkpt><trkpt lat="38.43706" lon="-79.15317"><ele>803.0</ele></trkpt><trkpt lat="38.437160000000006" lon="-79.15321"><ele>803.0</ele></trkpt><trkpt lat="38.437180000000005" lon="-79.15321"><ele>804.0</ele></trkpt><trkpt lat="38.4371" lon="-79.15289000000001"><ele>805.0</ele></trkpt><trkpt lat="38.43724" lon="-79.15271000000001"><ele>808.0</ele></trkpt><trkpt lat="38.43735" lon="-79.15245"><ele>811.0</ele></trkpt><trkpt lat="38.437400000000004" lon="-79.15228"><ele>812.0</ele></trkpt><trkpt lat="38.438" lon="-79.15196"><ele>820.0</ele></trkpt><trkpt lat="38.43831" lon="-79.15195000000001"><ele>822.0</ele></trkpt><trkpt lat="38.438430000000004" lon="-79.15182"><ele>823.0</ele></trkpt><trkpt lat="38.438520000000004" lon="-79.1516"><ele>824.0</ele></trkpt><trkpt lat="38.438570000000006" lon="-79.15155"><ele>824.0</ele></trkpt><trkpt lat="38.43867" lon="-79.15155"><ele>824.0</ele></trkpt><trkpt lat="38.438840000000006" lon="-79.15123000000001"><ele>829.0</ele></trkpt><trkpt lat="38.438860000000005" lon="-79.15106"><ele>829.0</ele></trkpt><trkpt lat="38.43891" lon="-79.15096000000001"><ele>830.0</ele></trkpt><trkpt lat="38.43905" lon="-79.15075"><ele>832.0</ele></trkpt><trkpt lat="38.43909" lon="-79.15066"><ele>833.0</ele></trkpt><trkpt lat="38.439220000000006" lon="-79.15051000000001"><ele>835.0</ele></trkpt><trkpt lat="38.43936" lon="-79.15042000000001"><ele>837.0</ele></trkpt><trkpt lat="38.439530000000005" lon="-79.15039"><ele>837.0</ele></trkpt><trkpt lat="38.439690000000006" lon="-79.15044"><ele>840.0</ele></trkpt><trkpt lat="38.439870000000006" lon="-79.15101"><ele>845.0</ele></trkpt><trkpt lat="38.43992" lon="-79.15195000000001"><ele>846.0</ele></trkpt><trkpt lat="38.44001" lon="-79.15227"><ele>846.0</ele></trkpt><trkpt lat="38.4401" lon="-79.15285"><ele>848.0</ele></trkpt><trkpt lat="38.44037" lon="-79.15366"><ele>841.0</ele></trkpt><trkpt lat="38.440430000000006" lon="-79.15397"><ele>840.0</ele></trkpt><trkpt lat="38.44059" lon="-79.15431000000001"><ele>841.0</ele></trkpt><trkpt lat="38.44064" lon="-79.1546"><ele>842.0</ele></trkpt><trkpt lat="38.44064" lon="-79.15504"><ele>845.0</ele></trkpt><trkpt lat="38.4406" lon="-79.15527"><ele>847.0</ele></trkpt><trkpt lat="38.4406" lon="-79.15545"><ele>849.0</ele></trkpt><trkpt lat="38.440650000000005" lon="-79.15553000000001"><ele>850.0</ele></trkpt><trkpt lat="38.440650000000005" lon="-79.15581"><ele>851.0</ele></trkpt><trkpt lat="38.44073" lon="-79.15648"><ele>852.0</ele></trkpt><trkpt lat="38.44084" lon="-79.15675"><ele>853.0</ele></trkpt><trkpt lat="38.44088" lon="-79.15707"><ele>855.0</ele></trkpt><trkpt lat="38.44107" lon="-79.15769"><ele>856.0</ele></trkpt><trkpt lat="38.44147" lon="-79.1584"><ele>856.0</ele></trkpt><trkpt lat="38.44162" lon="-79.15872"><ele>858.0</ele></trkpt><trkpt lat="38.44183" lon="-79.15943"><ele>867.0</ele></trkpt><trkpt lat="38.44227" lon="-79.16037"><ele>878.0</ele></trkpt><trkpt lat="38.442460002660695" lon="-79.1611599979561"><ele>884.0</ele></trkpt><trkpt lat="38.44265" lon="-79.16195"><ele>889.0</ele></trkpt><trkpt lat="38.442710000000005" lon="-79.16243"><ele>889.0</ele></trkpt><trkpt lat="38.442690000000006" lon="-79.16278000000001"><ele>888.0</ele></trkpt><trkpt lat="38.44274" lon="-79.16301"><ele>887.0</ele></trkpt><trkpt lat="38.442730000000005" lon="-79.16318000000001"><ele>886.0</ele></trkpt><trkpt lat="38.44279" lon="-79.16337"><ele>884.0</ele></trkpt><trkpt lat="38.442890000000006" lon="-79.16346"><ele>881.0</ele></trkpt><trkpt lat="38.442890000000006" lon="-79.16351"><ele>881.0</ele></trkpt><trkpt lat="38.44285" lon="-79.1636"><ele>880.0</ele></trkpt><trkpt lat="38.44294" lon="-79.16382"><ele>877.0</ele></trkpt><trkpt lat="38.442930000000004" lon="-79.16387"><ele>877.0</ele></trkpt><trkpt lat="38.44299" lon="-79.16404"><ele>873.0</ele></trkpt><trkpt lat="38.443020000000004" lon="-79.16438000000001"><ele>870.0</ele></trkpt><trkpt lat="38.44326" lon="-79.16520000000001"><ele>875.0</ele></trkpt><trkpt lat="38.4437" lon="-79.16596000000001"><ele>882.0</ele></trkpt><trkpt lat="38.443810000000006" lon="-79.16642"><ele>882.0</ele></trkpt><trkpt lat="38.44404" lon="-79.16668"><ele>879.0</ele></trkpt><trkpt lat="38.444230000000005" lon="-79.167"><ele>877.0</ele></trkpt><trkpt lat="38.44447" lon="-79.16757000000001"><ele>875.0</ele></trkpt><trkpt lat="38.444610000000004" lon="-79.16802000000001"><ele>875.0</ele></trkpt><trkpt lat="38.44462" lon="-79.16812"><ele>875.0</ele></trkpt><trkpt lat="38.444720000000004" lon="-79.16865"><ele>875.0</ele></trkpt><trkpt lat="38.44498" lon="-79.16928"><ele>872.0</ele></trkpt><trkpt lat="38.445040000000006" lon="-79.16965"><ele>872.0</ele></trkpt><trkpt lat="38.445150000000005" lon="-79.17009"><ele>870.0</ele></trkpt><trkpt lat="38.44511" lon="-79.17026000000001"><ele>866.0</ele></trkpt><trkpt lat="38.445240000000005" lon="-79.17094"><ele>858.0</ele></trkpt><trkpt lat="38.445350000000005" lon="-79.17115000000001"><ele>855.0</ele></trkpt><trkpt lat="38.44568" lon="-79.17202"><ele>853.0</ele></trkpt><trkpt lat="38.445890000000006" lon="-79.17228"><ele>854.0</ele></trkpt><trkpt lat="38.44599" lon="-79.17255"><ele>855.0</ele></trkpt><trkpt lat="38.446290000000005" lon="-79.17317000000001"><ele>856.0</ele></trkpt><trkpt lat="38.44632" lon="-79.17330000000001"><ele>856.0</ele></trkpt><trkpt lat="38.44641" lon="-79.17425"><ele>854.0</ele></trkpt><trkpt lat="38.44653" lon="-79.17460000000001"><ele>853.0</ele></trkpt><trkpt lat="38.446565001475335" lon="-79.17518500006706"><ele>853.0</ele></trkpt><trkpt lat="38.446600000000004" lon="-79.17577"><ele>853.0</ele></trkpt><trkpt lat="38.44668" lon="-79.1764"><ele>859.0</ele></trkpt><trkpt lat="38.446760000000005" lon="-79.17644"><ele>863.0</ele></trkpt><trkpt lat="38.44679" lon="-79.17649"><ele>863.0</ele></trkpt><trkpt lat="38.446960000000004" lon="-79.17707"><ele>869.0</ele></trkpt><trkpt lat="38.447120000000005" lon="-79.17787000000001"><ele>874.0</ele></trkpt><trkpt lat="38.44724" lon="-79.17833"><ele>879.0</ele></trkpt><trkpt lat="38.44737000000001" lon="-79.17863000000001"><ele>887.0</ele></trkpt><trkpt lat="38.44746000000001" lon="-79.17904"><ele>893.0</ele></trkpt><trkpt lat="38.44741000600436" lon="-79.17988000104295"><ele>896.0</ele></trkpt><trkpt lat="38.44736000601156" lon="-79.18072000092197"><ele>894.0</ele></trkpt><trkpt lat="38.44731" lon="-79.18156"><ele>901.0</ele></trkpt><trkpt lat="38.44722" lon="-79.18209"><ele>904.0</ele></trkpt><trkpt lat="38.447070000000004" lon="-79.18321"><ele>912.0</ele></trkpt><trkpt lat="38.44711" lon="-79.18352"><ele>913.0</ele></trkpt><trkpt lat="38.44706" lon="-79.18401"><ele>915.0</ele></trkpt><trkpt lat="38.44698" lon="-79.18432"><ele>920.0</ele></trkpt><trkpt lat="38.447" lon="-79.18504"><ele>930.0</ele></trkpt><trkpt lat="38.446920000000006" lon="-79.18513"><ele>930.0</ele></trkpt><trkpt lat="38.44688" lon="-79.18576"><ele>937.0</ele></trkpt><trkpt lat="38.446870000000004" lon="-79.18669000000001"><ele>945.0</ele></trkpt><trkpt lat="38.44690000000001" lon="-79.18719"><ele>951.0</ele></trkpt><trkpt lat="38.447070000000004" lon="-79.18768"><ele>957.0</ele></trkpt><trkpt lat="38.44758" lon="-79.18841"><ele>972.0</ele></trkpt><trkpt lat="38.44785" lon="-79.18935"><ele>979.0</ele></trkpt><trkpt lat="38.44813500180975" lon="-79.18998999762755"><ele>984.0</ele></trkpt><trkpt lat="38.448420000000006" lon="-79.19063000000001"><ele>986.0</ele></trkpt><trkpt lat="38.44847" lon="-79.19068"><ele>986.0</ele></trkpt><trkpt lat="38.44849" lon="-79.19085000000001"><ele>987.0</ele></trkpt><trkpt lat="38.4485" lon="-79.19185"><ele>990.0</ele></trkpt><trkpt lat="38.448570000000004" lon="-79.19199"><ele>991.0</ele></trkpt><trkpt lat="38.44861" lon="-79.19225"><ele>992.0</ele></trkpt><trkpt lat="38.44865" lon="-79.19283"><ele>996.0</ele></trkpt><trkpt lat="38.44874" lon="-79.19363000000001"><ele>1001.0</ele></trkpt><trkpt lat="38.44874" lon="-79.19387"><ele>1001.0</ele></trkpt><trkpt lat="38.44865" lon="-79.19431"><ele>1006.0</ele></trkpt><trkpt lat="38.448600000000006" lon="-79.19449"><ele>1009.0</ele></trkpt><trkpt lat="38.448510000000006" lon="-79.19471"><ele>1011.0</ele></trkpt><trkpt lat="38.44847" lon="-79.19493"><ele>1018.0</ele></trkpt><trkpt lat="38.448310000000006" lon="-79.19521"><ele>1024.0</ele></trkpt><trkpt lat="38.44814" lon="-79.19579"><ele>1032.0</ele></trkpt><trkpt lat="38.448080000000004" lon="-79.19592"><ele>1032.0</ele></trkpt><trkpt lat="38.447900000000004" lon="-79.19618000000001"><ele>1038.0</ele></trkpt><trkpt lat="38.4478" lon="-79.19637"><ele>1047.0</ele></trkpt><trkpt lat="38.447700000000005" lon="-79.19651"><ele>1047.0</ele></trkpt><trkpt lat="38.44735" lon="-79.19686"><ele>1053.0</ele></trkpt><trkpt lat="38.44708" lon="-79.19708"><ele>1062.0</ele></trkpt><trkpt lat="38.44682" lon="-79.19718"><ele>1068.0</ele></trkpt><trkpt lat="38.446690000000004" lon="-79.19722"><ele>1069.0</ele></trkpt><trkpt lat="38.44644" lon="-79.19722"><ele>1078.0</ele></trkpt><trkpt lat="38.44615" lon="-79.19726"><ele>1086.0</ele></trkpt><trkpt lat="38.4459" lon="-79.1974"><ele>1095.0</ele></trkpt><trkpt lat="38.445600000000006" lon="-79.19749"><ele>1104.0</ele></trkpt><trkpt lat="38.445100000000004" lon="-79.19735"><ele>1115.0</ele></trkpt><trkpt lat="38.444950000000006" lon="-79.19739000000001"><ele>1118.0</ele></trkpt><trkpt lat="38.444660000000006" lon="-79.19753"><ele>1123.0</ele></trkpt><trkpt lat="38.44451" lon="-79.19767"><ele>1127.0</ele></trkpt><trkpt lat="38.44433" lon="-79.19776"><ele>1131.0</ele></trkpt><trkpt lat="38.44424" lon="-79.19785"><ele>1132.0</ele></trkpt><trkpt lat="38.44406" lon="-79.19807"><ele>1139.0</ele></trkpt><trkpt lat="38.44397" lon="-79.19837000000001"><ele>1142.0</ele></trkpt><trkpt lat="38.444" lon="-79.19852"><ele>1144.0</ele></trkpt><trkpt lat="38.443940000000005" lon="-79.19865"><ele>1145.0</ele></trkpt><trkpt lat="38.44384" lon="-79.19872000000001"><ele>1146.0</ele></trkpt><trkpt lat="38.44412000084296" lon="-79.19919999790447"><ele>1149.0</ele></trkpt><trkpt lat="38.4444" lon="-79.19968"><ele>1154.0</ele></trkpt><trkpt lat="38.4446" lon="-79.19991"><ele>1156.0</ele></trkpt><trkpt lat="38.444720000000004" lon="-79.20009"><ele>1159.0</ele></trkpt><trkpt lat="38.44527" lon="-79.20079000000001"><ele>1163.0</ele></trkpt><trkpt lat="38.445350000000005" lon="-79.20093"><ele>1163.0</ele></trkpt><trkpt lat="38.44538" lon="-79.20116"><ele>1163.0</ele></trkpt><trkpt lat="38.44534" lon="-79.20156"><ele>1164.0</ele></trkpt><trkpt lat="38.44534" lon="-79.20219"><ele>1165.0</ele></trkpt><trkpt lat="38.445310000000006" lon="-79.20251"><ele>1165.0</ele></trkpt><trkpt lat="38.445310000000006" lon="-79.20277"><ele>1165.0</ele></trkpt><trkpt lat="38.445370000000004" lon="-79.20325000000001"><ele>1166.0</ele></trkpt><trkpt lat="38.445370000000004" lon="-79.20371"><ele>1166.0</ele></trkpt><trkpt lat="38.44547" lon="-79.20437000000001"><ele>1165.0</ele></trkpt><trkpt lat="38.44549000000001" lon="-79.20490000000001"><ele>1163.0</ele></trkpt><trkpt lat="38.445570000000004" lon="-79.20532"><ele>1163.0</ele></trkpt><trkpt lat="38.44565" lon="-79.20546"><ele>1163.0</ele></trkpt><trkpt lat="38.44577" lon="-79.20586"><ele>1164.0</ele></trkpt><trkpt lat="38.44603" lon="-79.2064"><ele>1165.0</ele></trkpt><trkpt lat="38.446160000000006" lon="-79.20679000000001"><ele>1165.0</ele></trkpt><trkpt lat="38.44637" lon="-79.20774"><ele>1160.0</ele></trkpt><trkpt lat="38.446470000000005" lon="-79.20855"><ele>1152.0</ele></trkpt><trkpt lat="38.44648" lon="-79.20876000000001"><ele>1151.0</ele></trkpt><trkpt lat="38.446780000000004" lon="-79.20963"><ele>1143.0</ele></trkpt><trkpt lat="38.446870000000004" lon="-79.2098"><ele>1141.0</ele></trkpt><trkpt lat="38.446940000000005" lon="-79.20988000000001"><ele>1140.0</ele></trkpt><trkpt lat="38.44727" lon="-79.21011"><ele>1133.0</ele></trkpt><trkpt lat="38.447790000000005" lon="-79.21056"><ele>1127.0</ele></trkpt><trkpt lat="38.44816" lon="-79.21078"><ele>1122.0</ele></trkpt><trkpt lat="38.448640000000005" lon="-79.21123"><ele>1111.0</ele></trkpt><trkpt lat="38.44887000000001" lon="-79.21154"><ele>1112.0</ele></trkpt><trkpt lat="38.44894" lon="-79.21168"><ele>1113.0</ele></trkpt><trkpt lat="38.44896000000001" lon="-79.21177"><ele>1114.0</ele></trkpt><trkpt lat="38.44901" lon="-79.21177"><ele>1115.0</ele></trkpt><trkpt lat="38.44906" lon="-79.21198000000001"><ele>1118.0</ele></trkpt><trkpt lat="38.4491" lon="-79.21207000000001"><ele>1118.0</ele></trkpt><trkpt lat="38.44921" lon="-79.21222"><ele>1119.0</ele></trkpt><trkpt lat="38.44937" lon="-79.21262"><ele>1124.0</ele></trkpt><trkpt lat="38.44944" lon="-79.21307"><ele>1127.0</ele></trkpt><trkpt lat="38.44941" lon="-79.21329"><ele>1128.0</ele></trkpt><trkpt lat="38.44941" lon="-79.21351"><ele>1128.0</ele></trkpt><trkpt lat="38.449510000000004" lon="-79.2145"><ele>1129.0</ele></trkpt><trkpt lat="38.44933" lon="-79.21509"><ele>1132.0</ele></trkpt><trkpt lat="38.44932" lon="-79.21518"><ele>1132.0</ele></trkpt><trkpt lat="38.44941" lon="-79.2154"><ele>1133.0</ele></trkpt><trkpt lat="38.44948" lon="-79.2158"><ele>1131.0</ele></trkpt><trkpt lat="38.44961" lon="-79.21621"><ele>1126.0</ele></trkpt><trkpt lat="38.44964" lon="-79.21642"><ele>1124.0</ele></trkpt><trkpt lat="38.44973" lon="-79.21677000000001"><ele>1121.0</ele></trkpt><trkpt lat="38.449830000000006" lon="-79.2171"><ele>1119.0</ele></trkpt><trkpt lat="38.449920000000006" lon="-79.21723"><ele>1118.0</ele></trkpt><trkpt lat="38.449940000000005" lon="-79.21732"><ele>1117.0</ele></trkpt><trkpt lat="38.44995" lon="-79.21754"><ele>1117.0</ele></trkpt><trkpt lat="38.45015" lon="-79.21808"><ele>1116.0</ele></trkpt><trkpt lat="38.45026000140245" lon="-79.21865999897253"><ele>1118.0</ele></trkpt><trkpt lat="38.45037000000001" lon="-79.21924000000001"><ele>1122.0</ele></trkpt><trkpt lat="38.450500000000005" lon="-79.21961"><ele>1125.0</ele></trkpt><trkpt lat="38.450750000000006" lon="-79.22024"><ele>1129.0</ele></trkpt><trkpt lat="38.4508" lon="-79.22028"><ele>1132.0</ele></trkpt><trkpt lat="38.451010000000004" lon="-79.22036"><ele>1133.0</ele></trkpt><trkpt lat="38.451130000000006" lon="-79.2205"><ele>1135.0</ele></trkpt><trkpt lat="38.45138" lon="-79.22113"><ele>1136.0</ele></trkpt><trkpt lat="38.45147" lon="-79.22153"><ele>1135.0</ele></trkpt><trkpt lat="38.45158" lon="-79.22184"><ele>1131.0</ele></trkpt><trkpt lat="38.45186" lon="-79.22233"><ele>1130.0</ele></trkpt><trkpt lat="38.45212" lon="-79.22269"><ele>1131.0</ele></trkpt><trkpt lat="38.4523" lon="-79.22305"><ele>1134.0</ele></trkpt><trkpt lat="38.45237" lon="-79.22323"><ele>1135.0</ele></trkpt><trkpt lat="38.452510000000004" lon="-79.22386"><ele>1136.0</ele></trkpt><trkpt lat="38.452630000000006" lon="-79.22426"><ele>1137.0</ele></trkpt><trkpt lat="38.4527" lon="-79.2248"><ele>1140.0</ele></trkpt><trkpt lat="38.45272000000001" lon="-79.22569"><ele>1147.0</ele></trkpt><trkpt lat="38.45275" lon="-79.22595000000001"><ele>1149.0</ele></trkpt><trkpt lat="38.452850000000005" lon="-79.22609000000001"><ele>1150.0</ele></trkpt><trkpt lat="38.45309" lon="-79.22658000000001"><ele>1148.0</ele></trkpt><trkpt lat="38.453120000000006" lon="-79.22673"><ele>1148.0</ele></trkpt><trkpt lat="38.4534" lon="-79.22734000000001"><ele>1147.0</ele></trkpt><trkpt lat="38.45353" lon="-79.22770000000001"><ele>1143.0</ele></trkpt><trkpt lat="38.4536" lon="-79.22775"><ele>1143.0</ele></trkpt><trkpt lat="38.45376" lon="-79.22783000000001"><ele>1143.0</ele></trkpt><trkpt lat="38.454440000000005" lon="-79.22851"><ele>1138.0</ele></trkpt><trkpt lat="38.454800000000006" lon="-79.22878"><ele>1143.0</ele></trkpt><trkpt lat="38.45508" lon="-79.22892"><ele>1152.0</ele></trkpt><trkpt lat="38.45524" lon="-79.22896"><ele>1155.0</ele></trkpt><trkpt lat="38.455450000000006" lon="-79.22918"><ele>1159.0</ele></trkpt><trkpt lat="38.45552" lon="-79.22923"><ele>1159.0</ele></trkpt><trkpt lat="38.455780000000004" lon="-79.22932"><ele>1164.0</ele></trkpt><trkpt lat="38.45615" lon="-79.22954"><ele>1172.0</ele></trkpt><trkpt lat="38.45664" lon="-79.22986"><ele>1183.0</ele></trkpt><trkpt lat="38.457060000000006" lon="-79.23021"><ele>1194.0</ele></trkpt><trkpt lat="38.45713000000001" lon="-79.23026"><ele>1196.0</ele></trkpt><trkpt lat="38.457620000000006" lon="-79.23071"><ele>1204.0</ele></trkpt><trkpt lat="38.45794" lon="-79.23125"><ele>1209.0</ele></trkpt><trkpt lat="38.458270000000006" lon="-79.23174"><ele>1214.0</ele></trkpt><trkpt lat="38.45841" lon="-79.23201"><ele>1217.0</ele></trkpt><trkpt lat="38.45861" lon="-79.23223"><ele>1222.0</ele></trkpt><trkpt lat="38.45886" lon="-79.23245"><ele>1228.0</ele></trkpt><trkpt lat="38.459360000000004" lon="-79.23281"><ele>1237.0</ele></trkpt><trkpt lat="38.45956" lon="-79.233"><ele>1241.0</ele></trkpt><trkpt lat="38.45969" lon="-79.23308"><ele>1243.0</ele></trkpt><trkpt lat="38.45996" lon="-79.23312"><ele>1246.0</ele></trkpt><trkpt lat="38.46023" lon="-79.23321"><ele>1249.0</ele></trkpt><trkpt lat="38.46029" lon="-79.23331"><ele>1253.0</ele></trkpt><trkpt lat="38.46029" lon="-79.23344"><ele>1254.0</ele></trkpt><trkpt lat="38.46032" lon="-79.23357"><ele>1255.0</ele></trkpt><trkpt lat="38.460390000000004" lon="-79.23363"><ele>1256.0</ele></trkpt><trkpt lat="38.460440000000006" lon="-79.23376"><ele>1258.0</ele></trkpt><trkpt lat="38.460420000000006" lon="-79.23398"><ele>1260.0</ele></trkpt><trkpt lat="38.46052" lon="-79.23429"><ele>1261.0</ele></trkpt><trkpt lat="38.46065" lon="-79.23483"><ele>1259.0</ele></trkpt><trkpt lat="38.460770000000004" lon="-79.23524"><ele>1257.0</ele></trkpt><trkpt lat="38.460860000000004" lon="-79.23573"><ele>1256.0</ele></trkpt><trkpt lat="38.46092" lon="-79.23631"><ele>1259.0</ele></trkpt><trkpt lat="38.46099" lon="-79.23667"><ele>1262.0</ele></trkpt><trkpt lat="38.460950000000004" lon="-79.23698"><ele>1268.0</ele></trkpt><trkpt lat="38.46112" lon="-79.23792"><ele>1283.0</ele></trkpt><trkpt lat="38.46119" lon="-79.23813000000001"><ele>1283.0</ele></trkpt><trkpt lat="38.461420000000004" lon="-79.23855"><ele>1287.0</ele></trkpt><trkpt lat="38.46173" lon="-79.23939"><ele>1287.0</ele></trkpt><trkpt lat="38.461780000000005" lon="-79.23957"><ele>1287.0</ele></trkpt><trkpt lat="38.46184" lon="-79.23971"><ele>1288.0</ele></trkpt><trkpt lat="38.461920000000006" lon="-79.2398"><ele>1288.0</ele></trkpt><trkpt lat="38.4622" lon="-79.24002"><ele>1290.0</ele></trkpt><trkpt lat="38.46249" lon="-79.24033"><ele>1292.0</ele></trkpt><trkpt lat="38.46276" lon="-79.24078"><ele>1296.0</ele></trkpt><trkpt lat="38.463190000000004" lon="-79.24127"><ele>1301.0</ele></trkpt><trkpt lat="38.463530000000006" lon="-79.24154"><ele>1304.0</ele></trkpt><trkpt lat="38.463570000000004" lon="-79.24168"><ele>1304.0</ele></trkpt><trkpt lat="38.463680000000004" lon="-79.24173"><ele>1303.0</ele></trkpt><trkpt lat="38.464560000000006" lon="-79.24191"><ele>1295.0</ele></trkpt><trkpt lat="38.464780000000005" lon="-79.24199"><ele>1294.0</ele></trkpt><trkpt lat="38.46513" lon="-79.24205"><ele>1293.0</ele></trkpt><trkpt lat="38.465" lon="-79.24213"><ele>1293.0</ele></trkpt><trkpt lat="38.46499" lon="-79.24213"><ele>1293.0</ele></trkpt><trkpt lat="38.464850000000006" lon="-79.24225000000001"><ele>1293.0</ele></trkpt><trkpt lat="38.464780000000005" lon="-79.24226"><ele>1293.0</ele></trkpt><trkpt lat="38.46425" lon="-79.24262"><ele>1290.0</ele></trkpt><trkpt lat="38.463840000000005" lon="-79.24297"><ele>1286.0</ele></trkpt><trkpt lat="38.46327500152773" lon="-79.24357000470265"><ele>1282.0</ele></trkpt><trkpt lat="38.46271" lon="-79.24417000000001"><ele>1279.0</ele></trkpt><trkpt lat="38.46262" lon="-79.24419"><ele>1279.0</ele></trkpt><trkpt lat="38.462540000000004" lon="-79.24418"><ele>1278.0</ele></trkpt><trkpt lat="38.46202" lon="-79.24374"><ele>1274.0</ele></trkpt><trkpt lat="38.46168" lon="-79.24347"><ele>1273.0</ele></trkpt><trkpt lat="38.460950000000004" lon="-79.24306"><ele>1273.0</ele></trkpt><trkpt lat="38.460210000000004" lon="-79.24275"><ele>1273.0</ele></trkpt><trkpt lat="38.460040000000006" lon="-79.24271"><ele>1273.0</ele></trkpt><trkpt lat="38.45966000000001" lon="-79.24254"><ele>1273.0</ele></trkpt><trkpt lat="38.45951" lon="-79.24253"><ele>1273.0</ele></trkpt><trkpt lat="38.45899" lon="-79.24244"><ele>1273.0</ele></trkpt><trkpt lat="38.458650000000006" lon="-79.24239"><ele>1274.0</ele></trkpt><trkpt lat="38.457840000000004" lon="-79.24239"><ele>1276.0</ele></trkpt><trkpt lat="38.457480000000004" lon="-79.24244"><ele>1277.0</ele></trkpt><trkpt lat="38.45684" lon="-79.24262"><ele>1281.0</ele></trkpt><trkpt lat="38.456520000000005" lon="-79.24275"><ele>1282.0</ele></trkpt><trkpt lat="38.45601000047331" lon="-79.24308000232605"><ele>1283.0</ele></trkpt><trkpt lat="38.4555" lon="-79.24341000000001"><ele>1282.0</ele></trkpt><trkpt lat="38.455270000000006" lon="-79.2436"><ele>1282.0</ele></trkpt><trkpt lat="38.45516000000001" lon="-79.24374"><ele>1282.0</ele></trkpt><trkpt lat="38.45477" lon="-79.24440000000001"><ele>1280.0</ele></trkpt><trkpt lat="38.4547" lon="-79.24454"><ele>1279.0</ele></trkpt><trkpt lat="38.454350000000005" lon="-79.24508"><ele>1275.0</ele></trkpt><trkpt lat="38.454240000000006" lon="-79.24534000000001"><ele>1273.0</ele></trkpt><trkpt lat="38.45405000403101" lon="-79.24631000238965"><ele>1266.0</ele></trkpt><trkpt lat="38.453860000000006" lon="-79.24728"><ele>1261.0</ele></trkpt><trkpt lat="38.45387" lon="-79.24772"><ele>1258.0</ele></trkpt><trkpt lat="38.454" lon="-79.24875"><ele>1252.0</ele></trkpt><trkpt lat="38.45402" lon="-79.2492"><ele>1250.0</ele></trkpt><trkpt lat="38.454" lon="-79.24948"><ele>1248.0</ele></trkpt><trkpt lat="38.454" lon="-79.24949000000001"><ele>1248.0</ele></trkpt><trkpt lat="38.454" lon="-79.24965"><ele>1248.0</ele></trkpt><trkpt lat="38.453970000000005" lon="-79.24983"><ele>1245.0</ele></trkpt><trkpt lat="38.45385" lon="-79.25027"><ele>1243.0</ele></trkpt><trkpt lat="38.45369" lon="-79.25041"><ele>1242.0</ele></trkpt><trkpt lat="38.453480000000006" lon="-79.25053000000001"><ele>1240.0</ele></trkpt><trkpt lat="38.452940000000005" lon="-79.25071000000001"><ele>1236.0</ele></trkpt><trkpt lat="38.45239" lon="-79.25076"><ele>1230.0</ele></trkpt><trkpt lat="38.45203" lon="-79.25082"><ele>1225.0</ele></trkpt><trkpt lat="38.45179" lon="-79.25081"><ele>1223.0</ele></trkpt><trkpt lat="38.45161" lon="-79.25085"><ele>1221.0</ele></trkpt><trkpt lat="38.451260000000005" lon="-79.25081"><ele>1217.0</ele></trkpt><trkpt lat="38.4512" lon="-79.25085"><ele>1217.0</ele></trkpt><trkpt lat="38.4512" lon="-79.25099"><ele>1215.0</ele></trkpt><trkpt lat="38.4513" lon="-79.25104"><ele>1214.0</ele></trkpt><trkpt lat="38.451950000000004" lon="-79.25121"><ele>1208.0</ele></trkpt><trkpt lat="38.45228" lon="-79.25135"><ele>1205.0</ele></trkpt><trkpt lat="38.45239" lon="-79.25144"><ele>1205.0</ele></trkpt><trkpt lat="38.45255" lon="-79.25157"><ele>1204.0</ele></trkpt><trkpt lat="38.452980000000004" lon="-79.25229"><ele>1197.0</ele></trkpt><trkpt lat="38.45297" lon="-79.25229"><ele>1200.0</ele></trkpt><trkpt lat="38.4523500008611" lon="-79.25188499662708"><ele>1202.0</ele></trkpt><trkpt lat="38.451730000000005" lon="-79.25148"><ele>1201.0</ele></trkpt><trkpt lat="38.450936667917574" lon="-79.25186334176146"><ele>1194.0</ele></trkpt><trkpt lat="38.45014333458615" lon="-79.25224667509373"><ele>1188.0</ele></trkpt><trkpt lat="38.44935" lon="-79.25263000000001"><ele>1185.0</ele></trkpt><trkpt lat="38.44866500023025" lon="-79.25277500413715"><ele>1181.0</ele></trkpt><trkpt lat="38.44798000028181" lon="-79.25292000552145"><ele>1178.0</ele></trkpt><trkpt lat="38.44729500015466" lon="-79.25306500415303"><ele>1176.0</ele></trkpt><trkpt lat="38.44661" lon="-79.25321000000001"><ele>1173.0</ele></trkpt><trkpt lat="38.44597000003573" lon="-79.25302499832772"><ele>1171.0</ele></trkpt><trkpt lat="38.445330000000006" lon="-79.25284"><ele>1166.0</ele></trkpt><trkpt lat="38.445330000000006" lon="-79.25285000000001"><ele>1166.0</ele></trkpt><trkpt lat="38.44457999997477" lon="-79.2528866674305"><ele>1155.0</ele></trkpt><trkpt lat="38.44382999993812" lon="-79.25292333409895"><ele>1152.0</ele></trkpt><trkpt lat="38.44308" lon="-79.25296"><ele>1146.0</ele></trkpt><trkpt lat="38.442480000798795" lon="-79.25325667157371"><ele>1142.0</ele></trkpt><trkpt lat="38.441880000849565" lon="-79.2535533382152"><ele>1137.0</ele></trkpt><trkpt lat="38.441280000000006" lon="-79.25385"><ele>1129.0</ele></trkpt><trkpt lat="38.440643334648335" lon="-79.25424000686594"><ele>1127.0</ele></trkpt><trkpt lat="38.44000666800397" lon="-79.25463000685218"><ele>1119.0</ele></trkpt><trkpt lat="38.439370000000004" lon="-79.25502"><ele>1112.0</ele></trkpt><trkpt lat="38.43936" lon="-79.25502"><ele>1111.0</ele></trkpt><trkpt lat="38.43860000007302" lon="-79.255090001471"><ele>1106.0</ele></trkpt><trkpt lat="38.437840000104416" lon="-79.2551600014681"><ele>1108.0</ele></trkpt><trkpt lat="38.43708" lon="-79.25523000000001"><ele>1115.0</ele></trkpt><trkpt lat="38.43636500019885" lon="-79.25499999771381"><ele>1121.0</ele></trkpt><trkpt lat="38.43565" lon="-79.25477000000001"><ele>1125.0</ele></trkpt><trkpt lat="38.435095000174954" lon="-79.25462499890773"><ele>1129.0</ele></trkpt><trkpt lat="38.434540000000005" lon="-79.25448"><ele>1132.0</ele></trkpt><trkpt lat="38.43367750062108" lon="-79.25470000788299"><ele>1132.0</ele></trkpt><trkpt lat="38.432815000830814" lon="-79.25492001050976"><ele>1133.0</ele></trkpt><trkpt lat="38.431952500629215" lon="-79.25514000788061"><ele>1141.0</ele></trkpt><trkpt lat="38.431090000000005" lon="-79.25536000000001"><ele>1152.0</ele></trkpt><trkpt lat="38.43108" lon="-79.25536000000001"><ele>1152.0</ele></trkpt><trkpt lat="38.430546667838385" lon="-79.25499332793711"><ele>1159.0</ele></trkpt><trkpt lat="38.430013334534195" lon="-79.25462666129057"><ele>1163.0</ele></trkpt><trkpt lat="38.429480000000005" lon="-79.25426"><ele>1166.0</ele></trkpt><trkpt lat="38.42898600862611" lon="-79.2535479805321"><ele>1165.0</ele></trkpt><trkpt lat="38.42849201294399" lon="-79.25283597080552"><ele>1169.0</ele></trkpt><trkpt lat="38.427998012953765" lon="-79.25212397082004"><ele>1173.0</ele></trkpt><trkpt lat="38.42750400865558" lon="-79.25141198057541"><ele>1180.0</ele></trkpt><trkpt lat="38.42701" lon="-79.25070000000001"><ele>1185.0</ele></trkpt><trkpt lat="38.42613333338241" lon="-79.25076000145536"><ele>1184.0</ele></trkpt><trkpt lat="38.425256666734235" lon="-79.25082000145407"><ele>1179.0</ele></trkpt><trkpt lat="38.424380000000006" lon="-79.25088000000001"><ele>1173.0</ele></trkpt><trkpt lat="38.4235900029126" lon="-79.25040248433594"><ele>1172.0</ele></trkpt><trkpt lat="38.42280000388758" lon="-79.24992497911744"><ele>1178.0</ele></trkpt><trkpt lat="38.422010002925035" lon="-79.24944748434399"><ele>1189.0</ele></trkpt><trkpt lat="38.421220000000005" lon="-79.24897"><ele>1199.0</ele></trkpt><trkpt lat="38.42047000113159" lon="-79.24933667428584"><ele>1208.0</ele></trkpt><trkpt lat="38.41972000112071" lon="-79.24970334095771"><ele>1213.0</ele></trkpt><trkpt lat="38.41897" lon="-79.25007000000001"><ele>1219.0</ele></trkpt><trkpt lat="38.41835666748394" lon="-79.25037667186479"><ele>1220.0</ele></trkpt><trkpt lat="38.417743334168726" lon="-79.25068333852231"><ele>1224.0</ele></trkpt><trkpt lat="38.41713" lon="-79.25099"><ele>1226.0</ele></trkpt><trkpt lat="38.41640000070595" lon="-79.25139500408717"><ele>1231.0</ele></trkpt><trkpt lat="38.415670000000006" lon="-79.2518"><ele>1235.0</ele></trkpt><trkpt lat="38.415005000629826" lon="-79.25220500376848"><ele>1230.0</ele></trkpt><trkpt lat="38.41434" lon="-79.25261"><ele>1241.0</ele></trkpt><trkpt lat="38.41364000016391" lon="-79.25274333591436"><ele>1243.0</ele></trkpt><trkpt lat="38.412940000176754" lon="-79.25287666924521"><ele>1236.0</ele></trkpt><trkpt lat="38.412240000000004" lon="-79.25301"><ele>1231.0</ele></trkpt><trkpt lat="38.41223" lon="-79.25301"><ele>1231.0</ele></trkpt><trkpt lat="38.41164666721315" lon="-79.25326667081653"><ele>1228.0</ele></trkpt><trkpt lat="38.41106333386653" lon="-79.25352333748899"><ele>1223.0</ele></trkpt><trkpt lat="38.41048" lon="-79.25378"><ele>1221.0</ele></trkpt><trkpt lat="38.41048" lon="-79.25379000000001"><ele>1221.0</ele></trkpt><trkpt lat="38.409830000631324" lon="-79.25405667145276"><ele>1225.0</ele></trkpt><trkpt lat="38.40918000065843" lon="-79.25432333810824"><ele>1223.0</ele></trkpt><trkpt lat="38.408530000000006" lon="-79.25459000000001"><ele>1224.0</ele></trkpt><trkpt lat="38.407733333539646" lon="-79.2547000024109"><ele>1223.0</ele></trkpt><trkpt lat="38.40693666697647" lon="-79.25481000239657"><ele>1233.0</ele></trkpt><trkpt lat="38.40614" lon="-79.25492000000001"><ele>1244.0</ele></trkpt><trkpt lat="38.40552000057119" lon="-79.2551950022482"><ele>1254.0</ele></trkpt><trkpt lat="38.404900000000005" lon="-79.25547"><ele>1254.0</ele></trkpt><trkpt lat="38.404203333388615" lon="-79.25541999903858"><ele>1259.0</ele></trkpt><trkpt lat="38.40350666675596" lon="-79.25536999904105"><ele>1265.0</ele></trkpt><trkpt lat="38.40281" lon="-79.25532000000001"><ele>1271.0</ele></trkpt><trkpt lat="38.40226333436364" lon="-79.25567667209442"><ele>1280.0</ele></trkpt><trkpt lat="38.40171666764642" lon="-79.256033338794"><ele>1284.0</ele></trkpt><trkpt lat="38.40117" lon="-79.25639000000001"><ele>1284.0</ele></trkpt><trkpt lat="38.40053500014164" lon="-79.25661000195471"><ele>1286.0</ele></trkpt><trkpt lat="38.3999" lon="-79.25683000000001"><ele>1286.0</ele></trkpt><trkpt lat="38.39927666757304" lon="-79.25716000570083"><ele>1285.0</ele></trkpt><trkpt lat="38.39865333422086" lon="-79.25749000571074"><ele>1284.0</ele></trkpt><trkpt lat="38.398030000000006" lon="-79.25782000000001"><ele>1285.0</ele></trkpt><trkpt lat="38.39734" lon="-79.25749"><ele>1291.0</ele></trkpt><trkpt lat="38.39746" lon="-79.2583"><ele>1300.0</ele></trkpt><trkpt lat="38.39746" lon="-79.25831000000001"><ele>1300.0</ele></trkpt><trkpt lat="38.39698500029803" lon="-79.25843000072858"><ele>1302.0</ele></trkpt><trkpt lat="38.396510000000006" lon="-79.25855"><ele>1303.0</ele></trkpt><trkpt lat="38.39589000062879" lon="-79.2581599966447"><ele>1311.0</ele></trkpt><trkpt lat="38.395270000000004" lon="-79.25777000000001"><ele>1316.0</ele></trkpt><trkpt lat="38.39522" lon="-79.25779"><ele>1310.0</ele></trkpt><trkpt lat="38.39526" lon="-79.25766"><ele>1308.0</ele></trkpt><trkpt lat="38.39526" lon="-79.25753"><ele>1307.0</ele></trkpt><trkpt lat="38.39522" lon="-79.25739"><ele>1306.0</ele></trkpt><trkpt lat="38.395160000000004" lon="-79.2573"><ele>1306.0</ele></trkpt><trkpt lat="38.394670000000005" lon="-79.25685"><ele>1297.0</ele></trkpt><trkpt lat="38.394510000000004" lon="-79.2566"><ele>1292.0</ele></trkpt><trkpt lat="38.394380000000005" lon="-79.25628"><ele>1285.0</ele></trkpt><trkpt lat="38.394290000000005" lon="-79.256"><ele>1283.0</ele></trkpt><trkpt lat="38.39421" lon="-79.25546000000001"><ele>1270.0</ele></trkpt><trkpt lat="38.394035001537226" lon="-79.25485499847488"><ele>1261.0</ele></trkpt><trkpt lat="38.393860000000004" lon="-79.25425000000001"><ele>1252.0</ele></trkpt><trkpt lat="38.393730000000005" lon="-79.25385"><ele>1247.0</ele></trkpt><trkpt lat="38.393660000000004" lon="-79.25372"><ele>1245.0</ele></trkpt><trkpt lat="38.39341" lon="-79.25341"><ele>1239.0</ele></trkpt><trkpt lat="38.39322000000001" lon="-79.25301"><ele>1232.0</ele></trkpt><trkpt lat="38.39311" lon="-79.25268000000001"><ele>1225.0</ele></trkpt><trkpt lat="38.39298" lon="-79.25202"><ele>1215.0</ele></trkpt><trkpt lat="38.393" lon="-79.2518"><ele>1213.0</ele></trkpt><trkpt lat="38.39305" lon="-79.25166"><ele>1205.0</ele></trkpt><trkpt lat="38.393100000000004" lon="-79.25157"><ele>1205.0</ele></trkpt><trkpt lat="38.39318" lon="-79.25148"><ele>1204.0</ele></trkpt><trkpt lat="38.393460000000005" lon="-79.25131"><ele>1197.0</ele></trkpt><trkpt lat="38.39426" lon="-79.25112"><ele>1180.0</ele></trkpt><trkpt lat="38.39435" lon="-79.25108"><ele>1178.0</ele></trkpt><trkpt lat="38.39434" lon="-79.25099"><ele>1178.0</ele></trkpt><trkpt lat="38.394310000000004" lon="-79.25094"><ele>1173.0</ele></trkpt><trkpt lat="38.393930000000005" lon="-79.25059"><ele>1164.0</ele></trkpt><trkpt lat="38.393800000000006" lon="-79.25041"><ele>1161.0</ele></trkpt><trkpt lat="38.39361" lon="-79.24987"><ele>1147.0</ele></trkpt><trkpt lat="38.3935" lon="-79.24937000000001"><ele>1136.0</ele></trkpt><trkpt lat="38.393260000000005" lon="-79.24875"><ele>1127.0</ele></trkpt><trkpt lat="38.39325" lon="-79.24867"><ele>1127.0</ele></trkpt><trkpt lat="38.393280000000004" lon="-79.24856000000001"><ele>1125.0</ele></trkpt><trkpt lat="38.393510000000006" lon="-79.24802000000001"><ele>1119.0</ele></trkpt><trkpt lat="38.39352" lon="-79.24761000000001"><ele>1114.0</ele></trkpt><trkpt lat="38.393480000000004" lon="-79.24705"><ele>1113.0</ele></trkpt><trkpt lat="38.393550000000005" lon="-79.2466"><ele>1111.0</ele></trkpt><trkpt lat="38.39356" lon="-79.24623000000001"><ele>1110.0</ele></trkpt><trkpt lat="38.3935" lon="-79.24588"><ele>1109.0</ele></trkpt><trkpt lat="38.393240000000006" lon="-79.2449"><ele>1108.0</ele></trkpt><trkpt lat="38.393150000000006" lon="-79.24423"><ele>1107.0</ele></trkpt><trkpt lat="38.393170000000005" lon="-79.2441"><ele>1106.0</ele></trkpt><trkpt lat="38.39325" lon="-79.24382"><ele>1104.0</ele></trkpt><trkpt lat="38.393350000000005" lon="-79.2436"><ele>1101.0</ele></trkpt><trkpt lat="38.39357500191199" lon="-79.24295000168384"><ele>1097.0</ele></trkpt><trkpt lat="38.393800000000006" lon="-79.2423"><ele>1096.0</ele></trkpt><trkpt lat="38.393820000000005" lon="-79.24213"><ele>1096.0</ele></trkpt><trkpt lat="38.39383" lon="-79.24177"><ele>1093.0</ele></trkpt><trkpt lat="38.39401" lon="-79.24065"><ele>1095.0</ele></trkpt><trkpt lat="38.39408" lon="-79.24038"><ele>1096.0</ele></trkpt><trkpt lat="38.39421" lon="-79.24006"><ele>1096.0</ele></trkpt><trkpt lat="38.39441" lon="-79.23984"><ele>1094.0</ele></trkpt><trkpt lat="38.39475" lon="-79.23931"><ele>1089.0</ele></trkpt><trkpt lat="38.395" lon="-79.23868"><ele>1083.0</ele></trkpt><trkpt lat="38.39511" lon="-79.23832"><ele>1082.0</ele></trkpt><trkpt lat="38.395160000000004" lon="-79.23792"><ele>1081.0</ele></trkpt><trkpt lat="38.39517" lon="-79.23746000000001"><ele>1083.0</ele></trkpt><trkpt lat="38.39522" lon="-79.23687000000001"><ele>1088.0</ele></trkpt><trkpt lat="38.39542" lon="-79.23644"><ele>1095.0</ele></trkpt><trkpt lat="38.39567" lon="-79.23603"><ele>1099.0</ele></trkpt><trkpt lat="38.39578" lon="-79.23577"><ele>1101.0</ele></trkpt><trkpt lat="38.395810000000004" lon="-79.23559"><ele>1100.0</ele></trkpt><trkpt lat="38.395810000000004" lon="-79.23544000000001"><ele>1099.0</ele></trkpt><trkpt lat="38.39584" lon="-79.23523"><ele>1097.0</ele></trkpt><trkpt lat="38.395830000000004" lon="-79.23509"><ele>1096.0</ele></trkpt><trkpt lat="38.395700000000005" lon="-79.2346"><ele>1090.0</ele></trkpt><trkpt lat="38.395320000000005" lon="-79.23397000000001"><ele>1074.0</ele></trkpt><trkpt lat="38.395030000000006" lon="-79.23322"><ele>1057.0</ele></trkpt><trkpt lat="38.3949" lon="-79.23273"><ele>1051.0</ele></trkpt><trkpt lat="38.39475" lon="-79.23245"><ele>1047.0</ele></trkpt><trkpt lat="38.39457" lon="-79.23201"><ele>1046.0</ele></trkpt><trkpt lat="38.39437" lon="-79.2313"><ele>1048.0</ele></trkpt><trkpt lat="38.39388" lon="-79.23035"><ele>1052.0</ele></trkpt><trkpt lat="38.39378000000001" lon="-79.23004"><ele>1052.0</ele></trkpt><trkpt lat="38.393710000000006" lon="-79.22942"><ele>1052.0</ele></trkpt><trkpt lat="38.393350000000005" lon="-79.22842"><ele>1054.0</ele></trkpt><trkpt lat="38.393040000000006" lon="-79.22789"><ele>1058.0</ele></trkpt><trkpt lat="38.392770001446394" lon="-79.22730999787174"><ele>1061.0</ele></trkpt><trkpt lat="38.392500000000005" lon="-79.22673"><ele>1064.0</ele></trkpt><trkpt lat="38.39222" lon="-79.22627"><ele>1066.0</ele></trkpt><trkpt lat="38.392100000000006" lon="-79.22596"><ele>1067.0</ele></trkpt><trkpt lat="38.392010000000006" lon="-79.2256"><ele>1067.0</ele></trkpt><trkpt lat="38.391960000000005" lon="-79.22548"><ele>1067.0</ele></trkpt><trkpt lat="38.391420000000004" lon="-79.22476"><ele>1068.0</ele></trkpt><trkpt lat="38.39087" lon="-79.22467"><ele>1061.0</ele></trkpt><trkpt lat="38.39034000062961" lon="-79.2242849971783"><ele>1053.0</ele></trkpt><trkpt lat="38.389810000000004" lon="-79.2239"><ele>1050.0</ele></trkpt><trkpt lat="38.38939000273578" lon="-79.22333332676176"><ele>1047.0</ele></trkpt><trkpt lat="38.388970002743584" lon="-79.22276666010568"><ele>1042.0</ele></trkpt><trkpt lat="38.38855" lon="-79.2222"><ele>1038.0</ele></trkpt><trkpt lat="38.388510000000004" lon="-79.22210000000001"><ele>1036.0</ele></trkpt><trkpt lat="38.388490000000004" lon="-79.22195"><ele>1036.0</ele></trkpt><trkpt lat="38.38846" lon="-79.22166"><ele>1034.0</ele></trkpt><trkpt lat="38.38834000000001" lon="-79.22118"><ele>1030.0</ele></trkpt><trkpt lat="38.388380000000005" lon="-79.22086"><ele>1028.0</ele></trkpt><trkpt lat="38.388380000000005" lon="-79.22068"><ele>1027.0</ele></trkpt><trkpt lat="38.38833" lon="-79.22032"><ele>1025.0</ele></trkpt><trkpt lat="38.38833" lon="-79.22014"><ele>1025.0</ele></trkpt><trkpt lat="38.388400000000004" lon="-79.2196"><ele>1021.0</ele></trkpt><trkpt lat="38.38841" lon="-79.2192"><ele>1017.0</ele></trkpt><trkpt lat="38.38837" lon="-79.21853"><ele>1013.0</ele></trkpt><trkpt lat="38.38835" lon="-79.21844"><ele>1012.0</ele></trkpt><trkpt lat="38.38832" lon="-79.21843000000001"><ele>1012.0</ele></trkpt><trkpt lat="38.38823" lon="-79.21843000000001"><ele>1011.0</ele></trkpt><trkpt lat="38.387600000000006" lon="-79.21849"><ele>1003.0</ele></trkpt><trkpt lat="38.387460000000004" lon="-79.21853"><ele>998.0</ele></trkpt><trkpt lat="38.38725" lon="-79.21866"><ele>998.0</ele></trkpt><trkpt lat="38.386990000000004" lon="-79.21871"><ele>984.0</ele></trkpt><trkpt lat="38.386720000000004" lon="-79.21875"><ele>980.0</ele></trkpt><trkpt lat="38.38633" lon="-79.21866"><ele>974.0</ele></trkpt><trkpt lat="38.38627" lon="-79.21862"><ele>972.0</ele></trkpt><trkpt lat="38.386230000000005" lon="-79.21857"><ele>971.0</ele></trkpt><trkpt lat="38.38618" lon="-79.21844"><ele>971.0</ele></trkpt><trkpt lat="38.386100000000006" lon="-79.21834000000001"><ele>967.0</ele></trkpt><trkpt lat="38.38586" lon="-79.21813"><ele>963.0</ele></trkpt><trkpt lat="38.38559" lon="-79.21795"><ele>955.0</ele></trkpt><trkpt lat="38.38543000000001" lon="-79.21795"><ele>952.0</ele></trkpt><trkpt lat="38.38521" lon="-79.2179"><ele>947.0</ele></trkpt><trkpt lat="38.38506" lon="-79.21772"><ele>940.0</ele></trkpt><trkpt lat="38.38474" lon="-79.21742"><ele>933.0</ele></trkpt><trkpt lat="38.384640000000005" lon="-79.21732"><ele>931.0</ele></trkpt><trkpt lat="38.384280000000004" lon="-79.21701"><ele>927.0</ele></trkpt><trkpt lat="38.38418" lon="-79.21687"><ele>925.0</ele></trkpt><trkpt lat="38.383970000000005" lon="-79.21642"><ele>919.0</ele></trkpt><trkpt lat="38.383630000000004" lon="-79.21594"><ele>919.0</ele></trkpt><trkpt lat="38.38334500107784" lon="-79.21544499811411"><ele>923.0</ele></trkpt><trkpt lat="38.38306" lon="-79.21495"><ele>921.0</ele></trkpt><trkpt lat="38.383" lon="-79.21481"><ele>920.0</ele></trkpt><trkpt lat="38.382960000000004" lon="-79.21463"><ele>919.0</ele></trkpt><trkpt lat="38.38286" lon="-79.21437"><ele>916.0</ele></trkpt><trkpt lat="38.382810000000006" lon="-79.21414"><ele>915.0</ele></trkpt><trkpt lat="38.38257" lon="-79.21338"><ele>904.0</ele></trkpt><trkpt lat="38.38245000142653" lon="-79.21281499939529"><ele>894.0</ele></trkpt><trkpt lat="38.38233" lon="-79.21225000000001"><ele>883.0</ele></trkpt><trkpt lat="38.38213000149373" lon="-79.21165499832524"><ele>880.0</ele></trkpt><trkpt lat="38.381930000000004" lon="-79.21106"><ele>878.0</ele></trkpt><trkpt lat="38.38172" lon="-79.21025"><ele>876.0</ele></trkpt><trkpt lat="38.38161" lon="-79.20998"><ele>874.0</ele></trkpt><trkpt lat="38.38152" lon="-79.20958"><ele>873.0</ele></trkpt><trkpt lat="38.38147" lon="-79.20944"><ele>873.0</ele></trkpt><trkpt lat="38.3811" lon="-79.2089"><ele>877.0</ele></trkpt><trkpt lat="38.38082" lon="-79.20863"><ele>884.0</ele></trkpt><trkpt lat="38.380660000000006" lon="-79.20841"><ele>887.0</ele></trkpt><trkpt lat="38.380590000000005" lon="-79.20828"><ele>888.0</ele></trkpt><trkpt lat="38.380520000000004" lon="-79.20809000000001"><ele>888.0</ele></trkpt><trkpt lat="38.38045" lon="-79.20756"><ele>886.0</ele></trkpt><trkpt lat="38.38026000133646" lon="-79.20699999854239"><ele>886.0</ele></trkpt><trkpt lat="38.38007" lon="-79.20644"><ele>889.0</ele></trkpt><trkpt lat="38.37989" lon="-79.20599"><ele>891.0</ele></trkpt><trkpt lat="38.37961000000001" lon="-79.20546"><ele>888.0</ele></trkpt><trkpt lat="38.379310000000004" lon="-79.20469000000001"><ele>875.0</ele></trkpt><trkpt lat="38.37903" lon="-79.2042"><ele>868.0</ele></trkpt><trkpt lat="38.378800000000005" lon="-79.20389"><ele>866.0</ele></trkpt><trkpt lat="38.37865" lon="-79.20362"><ele>864.0</ele></trkpt><trkpt lat="38.378600000000006" lon="-79.20344"><ele>862.0</ele></trkpt><trkpt lat="38.378400000000006" lon="-79.20317"><ele>855.0</ele></trkpt><trkpt lat="38.37827" lon="-79.20277"><ele>849.0</ele></trkpt><trkpt lat="38.378170000000004" lon="-79.20264"><ele>843.0</ele></trkpt><trkpt lat="38.37762" lon="-79.20214"><ele>834.0</ele></trkpt><trkpt lat="38.37733" lon="-79.20181000000001"><ele>832.0</ele></trkpt><trkpt lat="38.37695" lon="-79.20157"><ele>819.0</ele></trkpt><trkpt lat="38.37669" lon="-79.20134"><ele>813.0</ele></trkpt><trkpt lat="38.37617" lon="-79.20103"><ele>805.0</ele></trkpt><trkpt lat="38.37588" lon="-79.2008"><ele>799.0</ele></trkpt><trkpt lat="38.375640000000004" lon="-79.20053"><ele>794.0</ele></trkpt><trkpt lat="38.375400000000006" lon="-79.20043000000001"><ele>790.0</ele></trkpt><trkpt lat="38.37529" lon="-79.20030000000001"><ele>784.0</ele></trkpt><trkpt lat="38.375" lon="-79.19986"><ele>778.0</ele></trkpt><trkpt lat="38.37494" lon="-79.19981"><ele>778.0</ele></trkpt><trkpt lat="38.37471" lon="-79.19976000000001"><ele>773.0</ele></trkpt><trkpt lat="38.374570000000006" lon="-79.19968"><ele>769.0</ele></trkpt><trkpt lat="38.37416" lon="-79.19955"><ele>766.0</ele></trkpt><trkpt lat="38.37407" lon="-79.19949000000001"><ele>766.0</ele></trkpt><trkpt lat="38.373830000000005" lon="-79.19922000000001"><ele>767.0</ele></trkpt><trkpt lat="38.37362" lon="-79.19893"><ele>770.0</ele></trkpt><trkpt lat="38.373340000000006" lon="-79.19874"><ele>773.0</ele></trkpt><trkpt lat="38.37313" lon="-79.19852"><ele>777.0</ele></trkpt><trkpt lat="38.37276000000001" lon="-79.19846000000001"><ele>787.0</ele></trkpt><trkpt lat="38.37234" lon="-79.19821"><ele>791.0</ele></trkpt><trkpt lat="38.372240000000005" lon="-79.19811"><ele>792.0</ele></trkpt><trkpt lat="38.371940001268186" lon="-79.19755499762505"><ele>788.0</ele></trkpt><trkpt lat="38.371640000000006" lon="-79.197"><ele>783.0</ele></trkpt><trkpt lat="38.371590000000005" lon="-79.1965"><ele>780.0</ele></trkpt><trkpt lat="38.37156" lon="-79.19641"><ele>780.0</ele></trkpt><trkpt lat="38.371460000000006" lon="-79.19628"><ele>777.0</ele></trkpt><trkpt lat="38.37135" lon="-79.1962"><ele>775.0</ele></trkpt><trkpt lat="38.370900000000006" lon="-79.19609000000001"><ele>769.0</ele></trkpt><trkpt lat="38.37070000000001" lon="-79.19596"><ele>767.0</ele></trkpt><trkpt lat="38.37039" lon="-79.1957"><ele>762.0</ele></trkpt><trkpt lat="38.370450000000005" lon="-79.19574"><ele>761.0</ele></trkpt><trkpt lat="38.37055" lon="-79.19574"><ele>759.0</ele></trkpt><trkpt lat="38.37057" lon="-79.19565"><ele>757.0</ele></trkpt><trkpt lat="38.37051" lon="-79.1953"><ele>750.0</ele></trkpt><trkpt lat="38.37051" lon="-79.19516"><ele>743.0</ele></trkpt><trkpt lat="38.37057" lon="-79.19479000000001"><ele>739.0</ele></trkpt><trkpt lat="38.370580000000004" lon="-79.19453"><ele>734.0</ele></trkpt><trkpt lat="38.37062" lon="-79.19423"><ele>731.0</ele></trkpt><trkpt lat="38.370810000000006" lon="-79.19368"><ele>728.0</ele></trkpt><trkpt lat="38.3708" lon="-79.1935"><ele>728.0</ele></trkpt><trkpt lat="38.37068" lon="-79.19302"><ele>729.0</ele></trkpt><trkpt lat="38.37059" lon="-79.19282000000001"><ele>731.0</ele></trkpt><trkpt lat="38.37041" lon="-79.19252"><ele>733.0</ele></trkpt><trkpt lat="38.370140000000006" lon="-79.19202"><ele>740.0</ele></trkpt><trkpt lat="38.36995" lon="-79.19176"><ele>745.0</ele></trkpt><trkpt lat="38.369350000000004" lon="-79.19104"><ele>763.0</ele></trkpt><trkpt lat="38.3693" lon="-79.19094000000001"><ele>763.0</ele></trkpt><trkpt lat="38.36912" lon="-79.19041"><ele>773.0</ele></trkpt><trkpt lat="38.36869" lon="-79.18956"><ele>785.0</ele></trkpt><trkpt lat="38.36847" lon="-79.18898"><ele>792.0</ele></trkpt><trkpt lat="38.36835000000001" lon="-79.18862"><ele>792.0</ele></trkpt><trkpt lat="38.36825" lon="-79.18817"><ele>794.0</ele></trkpt><trkpt lat="38.36825" lon="-79.18795"><ele>796.0</ele></trkpt><trkpt lat="38.3682" lon="-79.1875"><ele>800.0</ele></trkpt><trkpt lat="38.368120000000005" lon="-79.18723"><ele>801.0</ele></trkpt><trkpt lat="38.368010000000005" lon="-79.18692"><ele>800.0</ele></trkpt><trkpt lat="38.36771" lon="-79.18644"><ele>801.0</ele></trkpt><trkpt lat="38.367360000000005" lon="-79.18567"><ele>807.0</ele></trkpt><trkpt lat="38.36732000000001" lon="-79.18553"><ele>808.0</ele></trkpt><trkpt lat="38.36726" lon="-79.18504"><ele>814.0</ele></trkpt><trkpt lat="38.36721" lon="-79.18485000000001"><ele>815.0</ele></trkpt><trkpt lat="38.366890000000005" lon="-79.18414000000001"><ele>821.0</ele></trkpt><trkpt lat="38.366870000000006" lon="-79.18401"><ele>820.0</ele></trkpt><trkpt lat="38.366890000000005" lon="-79.18384"><ele>817.0</ele></trkpt><trkpt lat="38.36693" lon="-79.1837"><ele>816.0</ele></trkpt><trkpt lat="38.36712" lon="-79.18329"><ele>809.0</ele></trkpt><trkpt lat="38.36733" lon="-79.18267"><ele>806.0</ele></trkpt><trkpt lat="38.36767000095152" lon="-79.18221000208948"><ele>807.0</ele></trkpt><trkpt lat="38.368010000000005" lon="-79.18175000000001"><ele>804.0</ele></trkpt><trkpt lat="38.36813" lon="-79.18155"><ele>798.0</ele></trkpt><trkpt lat="38.36822" lon="-79.18128"><ele>794.0</ele></trkpt><trkpt lat="38.36827" lon="-79.18102"><ele>790.0</ele></trkpt><trkpt lat="38.36833" lon="-79.18026"><ele>781.0</ele></trkpt><trkpt lat="38.36851" lon="-79.17967"><ele>777.0</ele></trkpt><trkpt lat="38.36876" lon="-79.17913"><ele>765.0</ele></trkpt><trkpt lat="38.3688" lon="-79.179"><ele>764.0</ele></trkpt><trkpt lat="38.36881" lon="-79.17891"><ele>760.0</ele></trkpt><trkpt lat="38.368790000000004" lon="-79.17868"><ele>756.0</ele></trkpt><trkpt lat="38.36894" lon="-79.17773000000001"><ele>748.0</ele></trkpt><trkpt lat="38.36905" lon="-79.17743"><ele>744.0</ele></trkpt><trkpt lat="38.369200000000006" lon="-79.1769"><ele>727.0</ele></trkpt><trkpt lat="38.36934" lon="-79.17622"><ele>715.0</ele></trkpt><trkpt lat="38.36939" lon="-79.17609"><ele>713.0</ele></trkpt><trkpt lat="38.369510000000005" lon="-79.17591"><ele>709.0</ele></trkpt><trkpt lat="38.369580000000006" lon="-79.17573"><ele>706.0</ele></trkpt><trkpt lat="38.369620000000005" lon="-79.17536000000001"><ele>700.0</ele></trkpt><trkpt lat="38.369600000000005" lon="-79.1751"><ele>698.0</ele></trkpt><trkpt lat="38.369620000000005" lon="-79.17500000000001"><ele>696.0</ele></trkpt><trkpt lat="38.369795001469875" lon="-79.17442500117455"><ele>688.0</ele></trkpt><trkpt lat="38.36997" lon="-79.17385"><ele>676.0</ele></trkpt><trkpt lat="38.37026" lon="-79.17305"><ele>657.0</ele></trkpt><trkpt lat="38.370490000000004" lon="-79.17233"><ele>642.0</ele></trkpt><trkpt lat="38.370740000000005" lon="-79.17131"><ele>629.0</ele></trkpt><trkpt lat="38.370900000000006" lon="-79.17089"><ele>624.0</ele></trkpt><trkpt lat="38.37102" lon="-79.17049"><ele>620.0</ele></trkpt><trkpt lat="38.371080000000006" lon="-79.16986"><ele>610.0</ele></trkpt><trkpt lat="38.37107" lon="-79.16924"><ele>608.0</ele></trkpt><trkpt lat="38.37109" lon="-79.16889"><ele>605.0</ele></trkpt><trkpt lat="38.37135" lon="-79.16816"><ele>593.0</ele></trkpt><trkpt lat="38.37158" lon="-79.16758"><ele>584.0</ele></trkpt><trkpt lat="38.37165" lon="-79.16727"><ele>578.0</ele></trkpt><trkpt lat="38.371640000000006" lon="-79.16713"><ele>573.0</ele></trkpt><trkpt lat="38.37138" lon="-79.16646"><ele>563.0</ele></trkpt><trkpt lat="38.371300000000005" lon="-79.16633"><ele>561.0</ele></trkpt><trkpt lat="38.37125" lon="-79.16628"><ele>558.0</ele></trkpt><trkpt lat="38.37102" lon="-79.16619"><ele>554.0</ele></trkpt><trkpt lat="38.370720000000006" lon="-79.16597"><ele>547.0</ele></trkpt><trkpt lat="38.370610000000006" lon="-79.16593"><ele>547.0</ele></trkpt><trkpt lat="38.37035" lon="-79.16609000000001"><ele>540.0</ele></trkpt><trkpt lat="38.370250000000006" lon="-79.1661"><ele>540.0</ele></trkpt><trkpt lat="38.370110000000004" lon="-79.1661"><ele>536.0</ele></trkpt><trkpt lat="38.36974" lon="-79.16597"><ele>530.0</ele></trkpt><trkpt lat="38.3693" lon="-79.16574"><ele>522.0</ele></trkpt><trkpt lat="38.36918" lon="-79.1657"><ele>522.0</ele></trkpt><trkpt lat="38.368730000000006" lon="-79.1657"><ele>513.0</ele></trkpt><trkpt lat="38.368660000000006" lon="-79.16574"><ele>511.0</ele></trkpt><trkpt lat="38.368610000000004" lon="-79.16579"><ele>510.0</ele></trkpt><trkpt lat="38.368570000000005" lon="-79.16588"><ele>509.0</ele></trkpt><trkpt lat="38.368550000000006" lon="-79.16633"><ele>506.0</ele></trkpt><trkpt lat="38.36853" lon="-79.16642"><ele>506.0</ele></trkpt><trkpt lat="38.3684" lon="-79.16665"><ele>506.0</ele></trkpt><trkpt lat="38.36825" lon="-79.16682"><ele>505.0</ele></trkpt><trkpt lat="38.36816" lon="-79.16690000000001"><ele>504.0</ele></trkpt><trkpt lat="38.368080000000006" lon="-79.16691"><ele>503.0</ele></trkpt><trkpt lat="38.36793" lon="-79.16687"><ele>502.0</ele></trkpt><trkpt lat="38.36782" lon="-79.16677"><ele>501.0</ele></trkpt><trkpt lat="38.36778" lon="-79.16669"><ele>501.0</ele></trkpt><trkpt lat="38.36771" lon="-79.16638"><ele>499.0</ele></trkpt><trkpt lat="38.36771" lon="-79.1662"><ele>499.0</ele></trkpt><trkpt lat="38.36775" lon="-79.16584"><ele>498.0</ele></trkpt><trkpt lat="38.36775" lon="-79.1657"><ele>497.0</ele></trkpt><trkpt lat="38.367720000000006" lon="-79.16552"><ele>497.0</ele></trkpt><trkpt lat="38.367560000000005" lon="-79.16521"><ele>495.0</ele></trkpt><trkpt lat="38.367340000000006" lon="-79.16495"><ele>494.0</ele></trkpt><trkpt lat="38.36722" lon="-79.1648"><ele>493.0</ele></trkpt><trkpt lat="38.36713" lon="-79.16476"><ele>493.0</ele></trkpt><trkpt lat="38.366960000000006" lon="-79.1648"><ele>492.0</ele></trkpt><trkpt lat="38.36692" lon="-79.16475000000001"><ele>492.0</ele></trkpt><trkpt lat="38.366910000000004" lon="-79.16458"><ele>491.0</ele></trkpt><trkpt lat="38.36693" lon="-79.16454"><ele>491.0</ele></trkpt><trkpt lat="38.36701" lon="-79.16449"><ele>491.0</ele></trkpt><trkpt lat="38.366870000000006" lon="-79.16453000000001"><ele>490.0</ele></trkpt><trkpt lat="38.366980000000005" lon="-79.16552"><ele>493.0</ele></trkpt><trkpt lat="38.36699" lon="-79.16587000000001"><ele>493.0</ele></trkpt><trkpt lat="38.3668250049554" lon="-79.16695000245018"><ele>499.0</ele></trkpt><trkpt lat="38.36666" lon="-79.16803"><ele>506.0</ele></trkpt><trkpt lat="38.36656" lon="-79.16824000000001"><ele>508.0</ele></trkpt><trkpt lat="38.366460000000004" lon="-79.16834"><ele>507.0</ele></trkpt><trkpt lat="38.36634" lon="-79.16833000000001"><ele>507.0</ele></trkpt><trkpt lat="38.36623" lon="-79.16825"><ele>505.0</ele></trkpt><trkpt lat="38.36596" lon="-79.16816"><ele>503.0</ele></trkpt><trkpt lat="38.365840000000006" lon="-79.16816"><ele>503.0</ele></trkpt><trkpt lat="38.365660000000005" lon="-79.16817"><ele>502.0</ele></trkpt><trkpt lat="38.365390000000005" lon="-79.16834"><ele>503.0</ele></trkpt><trkpt lat="38.36535000000001" lon="-79.16848"><ele>503.0</ele></trkpt><trkpt lat="38.36536" lon="-79.16866"><ele>503.0</ele></trkpt><trkpt lat="38.36547" lon="-79.16892"><ele>503.0</ele></trkpt><trkpt lat="38.36558" lon="-79.16924"><ele>503.0</ele></trkpt><trkpt lat="38.3656" lon="-79.16969"><ele>501.0</ele></trkpt><trkpt lat="38.36554" lon="-79.17005"><ele>501.0</ele></trkpt><trkpt lat="38.3654" lon="-79.17035000000001"><ele>500.0</ele></trkpt><trkpt lat="38.3652" lon="-79.17053"><ele>499.0</ele></trkpt><trkpt lat="38.364830000000005" lon="-79.1708"><ele>497.0</ele></trkpt><trkpt lat="38.364290000000004" lon="-79.17108"><ele>495.0</ele></trkpt><trkpt lat="38.36413" lon="-79.17112"><ele>495.0</ele></trkpt><trkpt lat="38.363490000000006" lon="-79.17147000000001"><ele>497.0</ele></trkpt><trkpt lat="38.36292" lon="-79.17165"><ele>497.0</ele></trkpt><trkpt lat="38.36256" lon="-79.17188"><ele>496.0</ele></trkpt><trkpt lat="38.36252" lon="-79.17196000000001"><ele>495.0</ele></trkpt><trkpt lat="38.36234" lon="-79.17211"><ele>494.0</ele></trkpt><trkpt lat="38.36231" lon="-79.17218000000001"><ele>493.0</ele></trkpt><trkpt lat="38.362300000000005" lon="-79.17215"><ele>493.0</ele></trkpt><trkpt lat="38.362320000000004" lon="-79.17205000000001"><ele>492.0</ele></trkpt><trkpt lat="38.362350000000006" lon="-79.17198"><ele>492.0</ele></trkpt><trkpt lat="38.36218" lon="-79.17179"><ele>492.0</ele></trkpt><trkpt lat="38.36202" lon="-79.17172000000001"><ele>492.0</ele></trkpt><trkpt lat="38.36178" lon="-79.17179"><ele>493.0</ele></trkpt><trkpt lat="38.36139" lon="-79.17201"><ele>497.0</ele></trkpt><trkpt lat="38.360934999976266" lon="-79.17214500087853"><ele>502.0</ele></trkpt><trkpt lat="38.36048" lon="-79.17228"><ele>507.0</ele></trkpt><trkpt lat="38.36023" lon="-79.17241000000001"><ele>510.0</ele></trkpt><trkpt lat="38.36009000000001" lon="-79.17233"><ele>512.0</ele></trkpt><trkpt lat="38.3598" lon="-79.17215"><ele>515.0</ele></trkpt><trkpt lat="38.35965" lon="-79.17191000000001"><ele>521.0</ele></trkpt><trkpt lat="38.35958" lon="-79.17162"><ele>524.0</ele></trkpt><trkpt lat="38.359320000000004" lon="-79.17112"><ele>531.0</ele></trkpt><trkpt lat="38.35893" lon="-79.1708"><ele>535.0</ele></trkpt><trkpt lat="38.358720000000005" lon="-79.1708"><ele>537.0</ele></trkpt><trkpt lat="38.35866" lon="-79.17089"><ele>538.0</ele></trkpt><trkpt lat="38.35866" lon="-79.17112"><ele>540.0</ele></trkpt><trkpt lat="38.35862" lon="-79.17139"><ele>542.0</ele></trkpt><trkpt lat="38.358470000000004" lon="-79.1717"><ele>545.0</ele></trkpt><trkpt lat="38.35826" lon="-79.17188"><ele>545.0</ele></trkpt><trkpt lat="38.35817" lon="-79.17184"><ele>545.0</ele></trkpt><trkpt lat="38.35804" lon="-79.17174"><ele>545.0</ele></trkpt><trkpt lat="38.35788" lon="-79.17143"><ele>546.0</ele></trkpt><trkpt lat="38.35786" lon="-79.17093000000001"><ele>552.0</ele></trkpt><trkpt lat="38.35772" lon="-79.17071"><ele>555.0</ele></trkpt><trkpt lat="38.35752" lon="-79.17059"><ele>557.0</ele></trkpt><trkpt lat="38.35736" lon="-79.17031"><ele>559.0</ele></trkpt><trkpt lat="38.35736" lon="-79.17013"><ele>560.0</ele></trkpt><trkpt lat="38.35739" lon="-79.16994000000001"><ele>561.0</ele></trkpt><trkpt lat="38.35748" lon="-79.16986"><ele>562.0</ele></trkpt><trkpt lat="38.357890000000005" lon="-79.16915"><ele>565.0</ele></trkpt><trkpt lat="38.35804" lon="-79.16905000000001"><ele>566.0</ele></trkpt><trkpt lat="38.35837" lon="-79.16896000000001"><ele>568.0</ele></trkpt><trkpt lat="38.35873" lon="-79.16897"><ele>571.0</ele></trkpt><trkpt lat="38.35951" lon="-79.16928"><ele>572.0</ele></trkpt><trkpt lat="38.359910000000006" lon="-79.16964"><ele>569.0</ele></trkpt><trkpt lat="38.36012" lon="-79.16995"><ele>567.0</ele></trkpt><trkpt lat="38.36032" lon="-79.17030000000001"><ele>566.0</ele></trkpt><trkpt lat="38.36048" lon="-79.17036"><ele>567.0</ele></trkpt><trkpt lat="38.36066" lon="-79.1704"><ele>568.0</ele></trkpt><trkpt lat="38.36088" lon="-79.17035000000001"><ele>571.0</ele></trkpt><trkpt lat="38.361290000000004" lon="-79.17009"><ele>576.0</ele></trkpt><trkpt lat="38.36141000000001" lon="-79.16999000000001"><ele>578.0</ele></trkpt><trkpt lat="38.361520000000006" lon="-79.16982"><ele>581.0</ele></trkpt><trkpt lat="38.36151" lon="-79.16955"><ele>584.0</ele></trkpt><trkpt lat="38.3613" lon="-79.16942"><ele>584.0</ele></trkpt><trkpt lat="38.36084" lon="-79.16929"><ele>582.0</ele></trkpt><trkpt lat="38.36059" lon="-79.16911"><ele>580.0</ele></trkpt><trkpt lat="38.36043" lon="-79.16888"><ele>581.0</ele></trkpt><trkpt lat="38.360220000000005" lon="-79.16869000000001"><ele>585.0</ele></trkpt><trkpt lat="38.35967" lon="-79.16798"><ele>600.0</ele></trkpt><trkpt lat="38.35938" lon="-79.16784000000001"><ele>604.0</ele></trkpt><trkpt lat="38.35886" lon="-79.16739000000001"><ele>604.0</ele></trkpt><trkpt lat="38.358340000000005" lon="-79.16709"><ele>603.0</ele></trkpt><trkpt lat="38.358050000000006" lon="-79.16686"><ele>609.0</ele></trkpt><trkpt lat="38.3577" lon="-79.16672000000001"><ele>614.0</ele></trkpt><trkpt lat="38.35719" lon="-79.16677"><ele>631.0</ele></trkpt><trkpt lat="38.35676" lon="-79.16677"><ele>639.0</ele></trkpt><trkpt lat="38.35638" lon="-79.16682"><ele>643.0</ele></trkpt><trkpt lat="38.3562" lon="-79.16682"><ele>644.0</ele></trkpt><trkpt lat="38.356120000000004" lon="-79.16686"><ele>647.0</ele></trkpt><trkpt lat="38.356030000000004" lon="-79.16683"><ele>647.0</ele></trkpt><trkpt lat="38.35593" lon="-79.16678"><ele>649.0</ele></trkpt><trkpt lat="38.355920000000005" lon="-79.16673"><ele>649.0</ele></trkpt><trkpt lat="38.35595" lon="-79.16669"><ele>649.0</ele></trkpt><trkpt lat="38.356190000000005" lon="-79.16655"><ele>651.0</ele></trkpt><trkpt lat="38.35629" lon="-79.16651"><ele>652.0</ele></trkpt><trkpt lat="38.356460000000006" lon="-79.16637"><ele>653.0</ele></trkpt><trkpt lat="38.35652" lon="-79.16636000000001"><ele>654.0</ele></trkpt><trkpt lat="38.35661" lon="-79.1662"><ele>655.0</ele></trkpt><trkpt lat="38.35674" lon="-79.1661"><ele>656.0</ele></trkpt><trkpt lat="38.3568" lon="-79.16601"><ele>657.0</ele></trkpt><trkpt lat="38.356950000000005" lon="-79.16557"><ele>665.0</ele></trkpt><trkpt lat="38.35699" lon="-79.16534"><ele>667.0</ele></trkpt><trkpt lat="38.356970000000004" lon="-79.1653"><ele>667.0</ele></trkpt><trkpt lat="38.35692" lon="-79.16534"><ele>668.0</ele></trkpt><trkpt lat="38.35674" lon="-79.16557"><ele>671.0</ele></trkpt><trkpt lat="38.35654" lon="-79.16574"><ele>673.0</ele></trkpt><trkpt lat="38.356370000000005" lon="-79.16587000000001"><ele>675.0</ele></trkpt><trkpt lat="38.356260000000006" lon="-79.16588"><ele>677.0</ele></trkpt><trkpt lat="38.35587" lon="-79.16578000000001"><ele>685.0</ele></trkpt><trkpt lat="38.35555" lon="-79.16562"><ele>690.0</ele></trkpt><trkpt lat="38.35508" lon="-79.16551000000001"><ele>699.0</ele></trkpt><trkpt lat="38.354800000000004" lon="-79.16543"><ele>704.0</ele></trkpt><trkpt lat="38.354200000000006" lon="-79.16543"><ele>717.0</ele></trkpt><trkpt lat="38.35401" lon="-79.16552"><ele>719.0</ele></trkpt><trkpt lat="38.35349500068607" lon="-79.16594500308953"><ele>725.0</ele></trkpt><trkpt lat="38.35298" lon="-79.16637"><ele>727.0</ele></trkpt><trkpt lat="38.35239" lon="-79.16703000000001"><ele>737.0</ele></trkpt><trkpt lat="38.352160000000005" lon="-79.16722"><ele>740.0</ele></trkpt><trkpt lat="38.35177" lon="-79.16739000000001"><ele>740.0</ele></trkpt><trkpt lat="38.35141" lon="-79.16749"><ele>736.0</ele></trkpt><trkpt lat="38.350640000000006" lon="-79.16789"><ele>740.0</ele></trkpt><trkpt lat="38.350370000000005" lon="-79.16793000000001"><ele>737.0</ele></trkpt><trkpt lat="38.35016" lon="-79.16799"><ele>735.0</ele></trkpt><trkpt lat="38.349610000000006" lon="-79.1683"><ele>734.0</ele></trkpt><trkpt lat="38.349360000000004" lon="-79.16851000000001"><ele>731.0</ele></trkpt><trkpt lat="38.34895" lon="-79.16860000000001"><ele>728.0</ele></trkpt><trkpt lat="38.34826" lon="-79.16909000000001"><ele>722.0</ele></trkpt><trkpt lat="38.347570000000005" lon="-79.16973"><ele>714.0</ele></trkpt><trkpt lat="38.34723" lon="-79.16986"><ele>709.0</ele></trkpt><trkpt lat="38.347120000000004" lon="-79.17"><ele>708.0</ele></trkpt><trkpt lat="38.346990000000005" lon="-79.17030000000001"><ele>707.0</ele></trkpt><trkpt lat="38.34691" lon="-79.17076"><ele>710.0</ele></trkpt><trkpt lat="38.3468" lon="-79.17121"><ele>713.0</ele></trkpt><trkpt lat="38.346540000000005" lon="-79.17179"><ele>716.0</ele></trkpt><trkpt lat="38.346270000000004" lon="-79.17224"><ele>720.0</ele></trkpt><trkpt lat="38.34576500096726" lon="-79.1727300034671"><ele>727.0</ele></trkpt><trkpt lat="38.34526" lon="-79.17322"><ele>732.0</ele></trkpt><trkpt lat="38.345090000000006" lon="-79.17362"><ele>735.0</ele></trkpt><trkpt lat="38.34503" lon="-79.17398"><ele>737.0</ele></trkpt><trkpt lat="38.34476" lon="-79.17466"><ele>741.0</ele></trkpt><trkpt lat="38.344570000000004" lon="-79.17497"><ele>744.0</ele></trkpt><trkpt lat="38.344500000000004" lon="-79.17515"><ele>746.0</ele></trkpt><trkpt lat="38.344590000000004" lon="-79.17614"><ele>749.0</ele></trkpt><trkpt lat="38.34469" lon="-79.17667"><ele>753.0</ele></trkpt><trkpt lat="38.344800000000006" lon="-79.17774"><ele>762.0</ele></trkpt><trkpt lat="38.34479" lon="-79.17792"><ele>763.0</ele></trkpt><trkpt lat="38.344750000000005" lon="-79.17801"><ele>764.0</ele></trkpt><trkpt lat="38.34467" lon="-79.17806"><ele>765.0</ele></trkpt><trkpt lat="38.344500000000004" lon="-79.1781"><ele>768.0</ele></trkpt><trkpt lat="38.344300000000004" lon="-79.17806"><ele>769.0</ele></trkpt><trkpt lat="38.343920000000004" lon="-79.17791000000001"><ele>775.0</ele></trkpt><trkpt lat="38.34342" lon="-79.17779"><ele>781.0</ele></trkpt><trkpt lat="38.34313" lon="-79.17774"><ele>783.0</ele></trkpt><trkpt lat="38.342890000000004" lon="-79.17782000000001"><ele>785.0</ele></trkpt><trkpt lat="38.342510000000004" lon="-79.17806"><ele>789.0</ele></trkpt><trkpt lat="38.342270000000006" lon="-79.17829"><ele>791.0</ele></trkpt><trkpt lat="38.342040000000004" lon="-79.17886"><ele>793.0</ele></trkpt><trkpt lat="38.34194" lon="-79.17896"><ele>795.0</ele></trkpt><trkpt lat="38.34181" lon="-79.17894000000001"><ele>796.0</ele></trkpt><trkpt lat="38.3416" lon="-79.17855"><ele>800.0</ele></trkpt><trkpt lat="38.34151000000001" lon="-79.17841"><ele>800.0</ele></trkpt><trkpt lat="38.34138" lon="-79.17832000000001"><ele>800.0</ele></trkpt><trkpt lat="38.34125" lon="-79.17824"><ele>800.0</ele></trkpt><trkpt lat="38.341120000000004" lon="-79.1781"><ele>802.0</ele></trkpt><trkpt lat="38.34096" lon="-79.17801"><ele>803.0</ele></trkpt><trkpt lat="38.340810000000005" lon="-79.17788"><ele>804.0</ele></trkpt><trkpt lat="38.34062" lon="-79.17774"><ele>805.0</ele></trkpt><trkpt lat="38.340390000000006" lon="-79.17765"><ele>804.0</ele></trkpt><trkpt lat="38.340180000000004" lon="-79.17761"><ele>804.0</ele></trkpt><trkpt lat="38.34" lon="-79.17756"><ele>803.0</ele></trkpt><trkpt lat="38.33979" lon="-79.17765"><ele>803.0</ele></trkpt><trkpt lat="38.33945000000001" lon="-79.17782000000001"><ele>805.0</ele></trkpt><trkpt lat="38.33925" lon="-79.17819"><ele>803.0</ele></trkpt><trkpt lat="38.33917" lon="-79.17841"><ele>801.0</ele></trkpt><trkpt lat="38.33892" lon="-79.17868"><ele>798.0</ele></trkpt><trkpt lat="38.33878" lon="-79.17873"><ele>798.0</ele></trkpt><trkpt lat="38.338640000000005" lon="-79.17865"><ele>795.0</ele></trkpt><trkpt lat="38.337990000000005" lon="-79.17854000000001"><ele>792.0</ele></trkpt><trkpt lat="38.337610000000005" lon="-79.17859"><ele>788.0</ele></trkpt><trkpt lat="38.337430000000005" lon="-79.17877"><ele>785.0</ele></trkpt><trkpt lat="38.33731" lon="-79.17878"><ele>784.0</ele></trkpt><trkpt lat="38.337120000000006" lon="-79.17887"><ele>782.0</ele></trkpt><trkpt lat="38.33675" lon="-79.17882"><ele>779.0</ele></trkpt><trkpt lat="38.336470000000006" lon="-79.17882"><ele>777.0</ele></trkpt><trkpt lat="38.33623" lon="-79.17891"><ele>775.0</ele></trkpt><trkpt lat="38.33592" lon="-79.17913"><ele>771.0</ele></trkpt><trkpt lat="38.335660000000004" lon="-79.17944"><ele>769.0</ele></trkpt><trkpt lat="38.33534" lon="-79.17953"><ele>765.0</ele></trkpt><trkpt lat="38.334830000000004" lon="-79.17905"><ele>759.0</ele></trkpt><trkpt lat="38.33469" lon="-79.17918"><ele>758.0</ele></trkpt><trkpt lat="38.334590000000006" lon="-79.17922"><ele>758.0</ele></trkpt><trkpt lat="38.33428" lon="-79.17953"><ele>759.0</ele></trkpt><trkpt lat="38.33404" lon="-79.17971"><ele>761.0</ele></trkpt><trkpt lat="38.333690000000004" lon="-79.17989"><ele>765.0</ele></trkpt><trkpt lat="38.333470000000005" lon="-79.18007"><ele>769.0</ele></trkpt><trkpt lat="38.33299" lon="-79.1803"><ele>778.0</ele></trkpt><trkpt lat="38.33279" lon="-79.18082000000001"><ele>782.0</ele></trkpt><trkpt lat="38.33245" lon="-79.18146"><ele>789.0</ele></trkpt><trkpt lat="38.33229" lon="-79.18213"><ele>789.0</ele></trkpt><trkpt lat="38.33202" lon="-79.18253"><ele>791.0</ele></trkpt><trkpt lat="38.331830000000004" lon="-79.18307"><ele>793.0</ele></trkpt><trkpt lat="38.331500000000005" lon="-79.18339"><ele>791.0</ele></trkpt><trkpt lat="38.33084000117856" lon="-79.18392500490215"><ele>791.0</ele></trkpt><trkpt lat="38.330180000000006" lon="-79.18446"><ele>779.0</ele></trkpt><trkpt lat="38.3295" lon="-79.18517"><ele>772.0</ele></trkpt><trkpt lat="38.32907333583069" lon="-79.18571333974263"><ele>771.0</ele></trkpt><trkpt lat="38.32864666915465" lon="-79.18625667308781"><ele>772.0</ele></trkpt><trkpt lat="38.32822" lon="-79.1868"><ele>780.0</ele></trkpt><trkpt lat="38.32795" lon="-79.18777"><ele>785.0</ele></trkpt><trkpt lat="38.327955002889574" lon="-79.18859499993768"><ele>781.0</ele></trkpt><trkpt lat="38.327960000000004" lon="-79.18942000000001"><ele>776.0</ele></trkpt><trkpt lat="38.32779000376226" lon="-79.19036000214452"><ele>771.0</ele></trkpt><trkpt lat="38.32762" lon="-79.19130000000001"><ele>770.0</ele></trkpt><trkpt lat="38.32755000358431" lon="-79.19222000100812"><ele>769.0</ele></trkpt><trkpt lat="38.32748" lon="-79.19314"><ele>769.0</ele></trkpt><trkpt lat="38.32733667241636" lon="-79.19396333662519"><ele>773.0</ele></trkpt><trkpt lat="38.32719333907685" lon="-79.19478666999397"><ele>778.0</ele></trkpt><trkpt lat="38.32705" lon="-79.19561"><ele>790.0</ele></trkpt><trkpt lat="38.327070000000006" lon="-79.19614"><ele>797.0</ele></trkpt><trkpt lat="38.326800000000006" lon="-79.19677"><ele>803.0</ele></trkpt><trkpt lat="38.326570000000004" lon="-79.19718"><ele>807.0</ele></trkpt><trkpt lat="38.326370000000004" lon="-79.19735"><ele>810.0</ele></trkpt><trkpt lat="38.32623" lon="-79.1974"><ele>812.0</ele></trkpt><trkpt lat="38.326040000000006" lon="-79.1974"><ele>812.0</ele></trkpt><trkpt lat="38.32567" lon="-79.19735"><ele>817.0</ele></trkpt><trkpt lat="38.32525000059736" lon="-79.1976600016565"><ele>821.0</ele></trkpt><trkpt lat="38.324830000000006" lon="-79.19797000000001"><ele>818.0</ele></trkpt><trkpt lat="38.32473" lon="-79.19806000000001"><ele>817.0</ele></trkpt><trkpt lat="38.324670000000005" lon="-79.19829"><ele>815.0</ele></trkpt><trkpt lat="38.324540000000006" lon="-79.19861"><ele>814.0</ele></trkpt><trkpt lat="38.32442" lon="-79.19883"><ele>811.0</ele></trkpt><trkpt lat="38.324090000000005" lon="-79.19955"><ele>804.0</ele></trkpt><trkpt lat="38.323840000000004" lon="-79.19999"><ele>798.0</ele></trkpt><trkpt lat="38.323800000000006" lon="-79.20017"><ele>797.0</ele></trkpt><trkpt lat="38.323550000000004" lon="-79.20049"><ele>794.0</ele></trkpt><trkpt lat="38.323330000000006" lon="-79.20071"><ele>792.0</ele></trkpt><trkpt lat="38.3232" lon="-79.20095"><ele>791.0</ele></trkpt><trkpt lat="38.32289" lon="-79.20139"><ele>790.0</ele></trkpt><trkpt lat="38.32285" lon="-79.20160000000001"><ele>790.0</ele></trkpt><trkpt lat="38.32289" lon="-79.20192"><ele>790.0</ele></trkpt><trkpt lat="38.322880000000005" lon="-79.20200000000001"><ele>790.0</ele></trkpt><trkpt lat="38.32284000000001" lon="-79.2021"><ele>791.0</ele></trkpt><trkpt lat="38.322630000000004" lon="-79.20231000000001"><ele>791.0</ele></trkpt><trkpt lat="38.322480000000006" lon="-79.20240000000001"><ele>791.0</ele></trkpt><trkpt lat="38.322140000000005" lon="-79.20281"><ele>792.0</ele></trkpt><trkpt lat="38.32204" lon="-79.2029"><ele>793.0</ele></trkpt><trkpt lat="38.32151000039779" lon="-79.20315000176528"><ele>798.0</ele></trkpt><trkpt lat="38.320980000000006" lon="-79.2034"><ele>803.0</ele></trkpt><trkpt lat="38.320730000000005" lon="-79.20348000000001"><ele>806.0</ele></trkpt><trkpt lat="38.3205" lon="-79.20366000000001"><ele>808.0</ele></trkpt><trkpt lat="38.32041" lon="-79.2038"><ele>811.0</ele></trkpt><trkpt lat="38.32038" lon="-79.20398"><ele>813.0</ele></trkpt><trkpt lat="38.32038" lon="-79.20424000000001"><ele>814.0</ele></trkpt><trkpt lat="38.320440000000005" lon="-79.20496"><ele>820.0</ele></trkpt><trkpt lat="38.32043" lon="-79.20537"><ele>823.0</ele></trkpt><trkpt lat="38.32039" lon="-79.2059"><ele>828.0</ele></trkpt><trkpt lat="38.320170000000005" lon="-79.2068"><ele>834.0</ele></trkpt><trkpt lat="38.320040000000006" lon="-79.20706000000001"><ele>837.0</ele></trkpt><trkpt lat="38.319950000000006" lon="-79.2072"><ele>837.0</ele></trkpt><trkpt lat="38.319840000000006" lon="-79.20729"><ele>839.0</ele></trkpt><trkpt lat="38.31983" lon="-79.20792"><ele>844.0</ele></trkpt><trkpt lat="38.319840000000006" lon="-79.20833"><ele>845.0</ele></trkpt><trkpt lat="38.31987" lon="-79.20863"><ele>846.0</ele></trkpt><trkpt lat="38.319880000000005" lon="-79.20913"><ele>845.0</ele></trkpt><trkpt lat="38.319860000000006" lon="-79.20939000000001"><ele>844.0</ele></trkpt><trkpt lat="38.31976" lon="-79.21007"><ele>844.0</ele></trkpt><trkpt lat="38.31958" lon="-79.21115"><ele>845.0</ele></trkpt><trkpt lat="38.319570000000006" lon="-79.21136000000001"><ele>845.0</ele></trkpt><trkpt lat="38.3196" lon="-79.21163"><ele>845.0</ele></trkpt><trkpt lat="38.319570000000006" lon="-79.21182"><ele>844.0</ele></trkpt><trkpt lat="38.319325002304396" lon="-79.2125550024508"><ele>842.0</ele></trkpt><trkpt lat="38.31908" lon="-79.21329"><ele>842.0</ele></trkpt><trkpt lat="38.319030000000005" lon="-79.21338"><ele>841.0</ele></trkpt><trkpt lat="38.31882" lon="-79.21365"><ele>840.0</ele></trkpt><trkpt lat="38.318740000000005" lon="-79.21382000000001"><ele>840.0</ele></trkpt><trkpt lat="38.31853000143184" lon="-79.21438500143027"><ele>842.0</ele></trkpt><trkpt lat="38.31832" lon="-79.21495"><ele>846.0</ele></trkpt><trkpt lat="38.318070000000006" lon="-79.21526"><ele>848.0</ele></trkpt><trkpt lat="38.31774" lon="-79.21575"><ele>853.0</ele></trkpt><trkpt lat="38.31743" lon="-79.21612"><ele>857.0</ele></trkpt><trkpt lat="38.317190000000004" lon="-79.21637000000001"><ele>860.0</ele></trkpt><trkpt lat="38.316680000000005" lon="-79.21692"><ele>867.0</ele></trkpt><trkpt lat="38.31631" lon="-79.21727000000001"><ele>875.0</ele></trkpt><trkpt lat="38.316010000000006" lon="-79.21759"><ele>880.0</ele></trkpt><trkpt lat="38.315810000000006" lon="-79.21789000000001"><ele>883.0</ele></trkpt><trkpt lat="38.3157" lon="-79.21816000000001"><ele>884.0</ele></trkpt><trkpt lat="38.31551" lon="-79.21848"><ele>889.0</ele></trkpt><trkpt lat="38.31532" lon="-79.21875"><ele>891.0</ele></trkpt><trkpt lat="38.31508" lon="-79.21900000000001"><ele>891.0</ele></trkpt><trkpt lat="38.31508" lon="-79.21901000000001"><ele>891.0</ele></trkpt><trkpt lat="38.314980000000006" lon="-79.21925"><ele>890.0</ele></trkpt><trkpt lat="38.3149" lon="-79.22001"><ele>887.0</ele></trkpt><trkpt lat="38.314690000000006" lon="-79.2205"><ele>885.0</ele></trkpt><trkpt lat="38.31456" lon="-79.221"><ele>885.0</ele></trkpt><trkpt lat="38.31446000237971" lon="-79.22175000109527"><ele>882.0</ele></trkpt><trkpt lat="38.31436" lon="-79.22250000000001"><ele>882.0</ele></trkpt><trkpt lat="38.314330000000005" lon="-79.22333"><ele>883.0</ele></trkpt><trkpt lat="38.314260000000004" lon="-79.22380000000001"><ele>882.0</ele></trkpt><trkpt lat="38.314150000000005" lon="-79.22417"><ele>881.0</ele></trkpt><trkpt lat="38.313950000000006" lon="-79.22468"><ele>880.0</ele></trkpt><trkpt lat="38.31374" lon="-79.22516"><ele>881.0</ele></trkpt><trkpt lat="38.31363" lon="-79.22528000000001"><ele>882.0</ele></trkpt><trkpt lat="38.313480000000006" lon="-79.22533"><ele>884.0</ele></trkpt><trkpt lat="38.31289" lon="-79.22533"><ele>889.0</ele></trkpt><trkpt lat="38.31282" lon="-79.22538"><ele>890.0</ele></trkpt><trkpt lat="38.31273" lon="-79.22548"><ele>891.0</ele></trkpt><trkpt lat="38.312670000000004" lon="-79.22564000000001"><ele>892.0</ele></trkpt><trkpt lat="38.312400000000004" lon="-79.22654"><ele>899.0</ele></trkpt><trkpt lat="38.312270000000005" lon="-79.22717"><ele>904.0</ele></trkpt><trkpt lat="38.31219" lon="-79.22731"><ele>906.0</ele></trkpt><trkpt lat="38.31208" lon="-79.2274"><ele>907.0</ele></trkpt><trkpt lat="38.311980000000005" lon="-79.22744"><ele>907.0</ele></trkpt><trkpt lat="38.31188" lon="-79.22758"><ele>910.0</ele></trkpt><trkpt lat="38.311870000000006" lon="-79.22789"><ele>912.0</ele></trkpt><trkpt lat="38.31192" lon="-79.2282"><ele>913.0</ele></trkpt><trkpt lat="38.31203" lon="-79.22847"><ele>915.0</ele></trkpt><trkpt lat="38.312110000000004" lon="-79.22861"><ele>918.0</ele></trkpt><trkpt lat="38.31259" lon="-79.22924"><ele>925.0</ele></trkpt><trkpt lat="38.31275" lon="-79.22954"><ele>927.0</ele></trkpt><trkpt lat="38.31291" lon="-79.23"><ele>930.0</ele></trkpt><trkpt lat="38.31302" lon="-79.23057"><ele>933.0</ele></trkpt><trkpt lat="38.31306" lon="-79.23067"><ele>935.0</ele></trkpt><trkpt lat="38.31322" lon="-79.23089"><ele>936.0</ele></trkpt><trkpt lat="38.31347" lon="-79.23112"><ele>938.0</ele></trkpt><trkpt lat="38.31362" lon="-79.23133"><ele>938.0</ele></trkpt><trkpt lat="38.31395500098004" lon="-79.23182499762434"><ele>936.0</ele></trkpt><trkpt lat="38.31429" lon="-79.23232"><ele>934.0</ele></trkpt><trkpt lat="38.314400000000006" lon="-79.23259"><ele>934.0</ele></trkpt><trkpt lat="38.31456" lon="-79.23313"><ele>935.0</ele></trkpt><trkpt lat="38.31461" lon="-79.23336"><ele>935.0</ele></trkpt><trkpt lat="38.314620000000005" lon="-79.23362"><ele>936.0</ele></trkpt><trkpt lat="38.31465" lon="-79.23375"><ele>937.0</ele></trkpt><trkpt lat="38.314910000000005" lon="-79.23461"><ele>946.0</ele></trkpt><trkpt lat="38.31501" lon="-79.23479"><ele>949.0</ele></trkpt><trkpt lat="38.31537" lon="-79.23535000000001"><ele>959.0</ele></trkpt><trkpt lat="38.31544" lon="-79.2355"><ele>960.0</ele></trkpt><trkpt lat="38.31564" lon="-79.23603"><ele>969.0</ele></trkpt><trkpt lat="38.31597" lon="-79.23648"><ele>977.0</ele></trkpt><trkpt lat="38.31633" lon="-79.23747"><ele>986.0</ele></trkpt><trkpt lat="38.316720004367426" lon="-79.23818665896928"><ele>991.0</ele></trkpt><trkpt lat="38.31711000437422" lon="-79.23890332564832"><ele>998.0</ele></trkpt><trkpt lat="38.3175" lon="-79.23962"><ele>1003.0</ele></trkpt><trkpt lat="38.31783" lon="-79.24037000000001"><ele>1016.0</ele></trkpt><trkpt lat="38.317980000000006" lon="-79.24078"><ele>1022.0</ele></trkpt><trkpt lat="38.31819" lon="-79.24155"><ele>1033.0</ele></trkpt><trkpt lat="38.3183" lon="-79.24213"><ele>1040.0</ele></trkpt><trkpt lat="38.318310000000004" lon="-79.24235"><ele>1044.0</ele></trkpt><trkpt lat="38.3183" lon="-79.24248"><ele>1044.0</ele></trkpt><trkpt lat="38.31817" lon="-79.24284"><ele>1049.0</ele></trkpt><trkpt lat="38.318070000000006" lon="-79.24325"><ele>1051.0</ele></trkpt><trkpt lat="38.317795001357695" lon="-79.2438100020703"><ele>1047.0</ele></trkpt><trkpt lat="38.31752" lon="-79.24437"><ele>1041.0</ele></trkpt><trkpt lat="38.31747" lon="-79.24454"><ele>1039.0</ele></trkpt><trkpt lat="38.317400000000006" lon="-79.24468"><ele>1038.0</ele></trkpt><trkpt lat="38.3173" lon="-79.24508"><ele>1040.0</ele></trkpt><trkpt lat="38.317220000000006" lon="-79.24529000000001"><ele>1043.0</ele></trkpt><trkpt lat="38.317060000000005" lon="-79.24547000000001"><ele>1043.0</ele></trkpt><trkpt lat="38.31698" lon="-79.24566"><ele>1041.0</ele></trkpt><trkpt lat="38.316900000000004" lon="-79.24593"><ele>1035.0</ele></trkpt><trkpt lat="38.31656" lon="-79.24669"><ele>1021.0</ele></trkpt><trkpt lat="38.31634000155299" lon="-79.2473000019247"><ele>1014.0</ele></trkpt><trkpt lat="38.316120000000005" lon="-79.24791"><ele>1004.0</ele></trkpt><trkpt lat="38.31603000815599" lon="-79.24889000241107"><ele>996.0</ele></trkpt><trkpt lat="38.31594000815797" lon="-79.2498700023894"><ele>997.0</ele></trkpt><trkpt lat="38.315850000000005" lon="-79.25085"><ele>998.0</ele></trkpt><trkpt lat="38.315670000000004" lon="-79.25103"><ele>998.0</ele></trkpt><trkpt lat="38.31537" lon="-79.25162"><ele>999.0</ele></trkpt><trkpt lat="38.3151" lon="-79.25202"><ele>998.0</ele></trkpt><trkpt lat="38.31494" lon="-79.2527"><ele>996.0</ele></trkpt><trkpt lat="38.31472" lon="-79.25328"><ele>996.0</ele></trkpt><trkpt lat="38.31454" lon="-79.25403"><ele>996.0</ele></trkpt><trkpt lat="38.31419" lon="-79.25488"><ele>997.0</ele></trkpt><trkpt lat="38.313810000000004" lon="-79.25551"><ele>1003.0</ele></trkpt><trkpt lat="38.313935002769554" lon="-79.25631499873248"><ele>1008.0</ele></trkpt><trkpt lat="38.314060000000005" lon="-79.25712"><ele>1013.0</ele></trkpt><trkpt lat="38.31398" lon="-79.25779"><ele>1019.0</ele></trkpt><trkpt lat="38.313340000000004" lon="-79.25833"><ele>1017.0</ele></trkpt><trkpt lat="38.31302" lon="-79.25837000000001"><ele>1015.0</ele></trkpt><trkpt lat="38.312920000000005" lon="-79.25842"><ele>1014.0</ele></trkpt><trkpt lat="38.31288" lon="-79.25858000000001"><ele>1013.0</ele></trkpt><trkpt lat="38.313" lon="-79.2591"><ele>1009.0</ele></trkpt><trkpt lat="38.313280000000006" lon="-79.26008"><ele>1003.0</ele></trkpt><trkpt lat="38.31344" lon="-79.26097"><ele>997.0</ele></trkpt><trkpt lat="38.31344" lon="-79.26133"><ele>995.0</ele></trkpt><trkpt lat="38.31353" lon="-79.26164"><ele>992.0</ele></trkpt><trkpt lat="38.31363" lon="-79.26169"><ele>991.0</ele></trkpt><trkpt lat="38.31389" lon="-79.26129"><ele>988.0</ele></trkpt><trkpt lat="38.31405" lon="-79.2607"><ele>985.0</ele></trkpt><trkpt lat="38.31421" lon="-79.26043"><ele>984.0</ele></trkpt><trkpt lat="38.31456" lon="-79.26008"><ele>979.0</ele></trkpt><trkpt lat="38.31458000000001" lon="-79.26022"><ele>976.0</ele></trkpt><trkpt lat="38.314330000000005" lon="-79.26083000000001"><ele>970.0</ele></trkpt><trkpt lat="38.314220000000006" lon="-79.26187"><ele>960.0</ele></trkpt><trkpt lat="38.31419" lon="-79.26235000000001"><ele>957.0</ele></trkpt><trkpt lat="38.314130000000006" lon="-79.26272"><ele>953.0</ele></trkpt><trkpt lat="38.31378" lon="-79.26298000000001"><ele>949.0</ele></trkpt><trkpt lat="38.31317000000001" lon="-79.26321"><ele>943.0</ele></trkpt><trkpt lat="38.312960000000004" lon="-79.26343"><ele>941.0</ele></trkpt><trkpt lat="38.312720000000006" lon="-79.2638"><ele>939.0</ele></trkpt><trkpt lat="38.31253" lon="-79.26388"><ele>938.0</ele></trkpt><trkpt lat="38.311870000000006" lon="-79.26428"><ele>932.0</ele></trkpt><trkpt lat="38.31167000000001" lon="-79.26459000000001"><ele>931.0</ele></trkpt><trkpt lat="38.31127" lon="-79.26508000000001"><ele>927.0</ele></trkpt><trkpt lat="38.311170000000004" lon="-79.26528"><ele>926.0</ele></trkpt><trkpt lat="38.3104" lon="-79.26549"><ele>922.0</ele></trkpt><trkpt lat="38.31003000170479" lon="-79.2661200031801"><ele>917.0</ele></trkpt><trkpt lat="38.30966" lon="-79.26675"><ele>913.0</ele></trkpt><trkpt lat="38.30897" lon="-79.26715"><ele>908.0</ele></trkpt><trkpt lat="38.30868" lon="-79.26812000000001"><ele>897.0</ele></trkpt><trkpt lat="38.308600000000006" lon="-79.26828"><ele>895.0</ele></trkpt><trkpt lat="38.30795000238673" lon="-79.26901500648125"><ele>888.0</ele></trkpt><trkpt lat="38.307300000000005" lon="-79.26975"><ele>879.0</ele></trkpt><trkpt lat="38.306740000000005" lon="-79.26978000000001"><ele>876.0</ele></trkpt><trkpt lat="38.3063200003388" lon="-79.27006000161732"><ele>870.0</ele></trkpt><trkpt lat="38.3059" lon="-79.27034"><ele>866.0</ele></trkpt><trkpt lat="38.30561" lon="-79.27016"><ele>863.0</ele></trkpt><trkpt lat="38.3053" lon="-79.27010000000001"><ele>859.0</ele></trkpt><trkpt lat="38.304990000000004" lon="-79.27006"><ele>858.0</ele></trkpt><trkpt lat="38.30489" lon="-79.27014000000001"><ele>858.0</ele></trkpt><trkpt lat="38.30494" lon="-79.27025"><ele>855.0</ele></trkpt><trkpt lat="38.305530000000005" lon="-79.27082"><ele>849.0</ele></trkpt><trkpt lat="38.305710000000005" lon="-79.27122"><ele>846.0</ele></trkpt><trkpt lat="38.305890000000005" lon="-79.27181"><ele>841.0</ele></trkpt><trkpt lat="38.306090000000005" lon="-79.27287000000001"><ele>833.0</ele></trkpt><trkpt lat="38.306140000000006" lon="-79.27351"><ele>830.0</ele></trkpt><trkpt lat="38.30592" lon="-79.27392"><ele>826.0</ele></trkpt><trkpt lat="38.30575" lon="-79.27441"><ele>823.0</ele></trkpt><trkpt lat="38.30559" lon="-79.27499"><ele>822.0</ele></trkpt><trkpt lat="38.30538000000001" lon="-79.27508"><ele>820.0</ele></trkpt><trkpt lat="38.30525" lon="-79.27517"><ele>818.0</ele></trkpt><trkpt lat="38.30518" lon="-79.2753"><ele>818.0</ele></trkpt><trkpt lat="38.30512" lon="-79.27561"><ele>816.0</ele></trkpt><trkpt lat="38.3051" lon="-79.27619"><ele>812.0</ele></trkpt><trkpt lat="38.30503" lon="-79.27642"><ele>811.0</ele></trkpt><trkpt lat="38.304790000000004" lon="-79.27686000000001"><ele>813.0</ele></trkpt><trkpt lat="38.30456" lon="-79.27745"><ele>814.0</ele></trkpt><trkpt lat="38.30424" lon="-79.27816"><ele>810.0</ele></trkpt><trkpt lat="38.30404" lon="-79.27848"><ele>805.0</ele></trkpt><trkpt lat="38.30384" lon="-79.27861"><ele>804.0</ele></trkpt><trkpt lat="38.303290000000004" lon="-79.27887000000001"><ele>797.0</ele></trkpt><trkpt lat="38.302820000000004" lon="-79.27866"><ele>794.0</ele></trkpt><trkpt lat="38.302130000000005" lon="-79.27839"><ele>787.0</ele></trkpt><trkpt lat="38.30196" lon="-79.27843"><ele>785.0</ele></trkpt><trkpt lat="38.30154" lon="-79.2788"><ele>779.0</ele></trkpt><trkpt lat="38.30111" lon="-79.27901"><ele>776.0</ele></trkpt><trkpt lat="38.300790000000006" lon="-79.27947"><ele>770.0</ele></trkpt><trkpt lat="38.300540000000005" lon="-79.27968000000001"><ele>768.0</ele></trkpt><trkpt lat="38.30046" lon="-79.27986000000001"><ele>766.0</ele></trkpt><trkpt lat="38.30050000000001" lon="-79.28"><ele>766.0</ele></trkpt><trkpt lat="38.300940000000004" lon="-79.28019"><ele>760.0</ele></trkpt><trkpt lat="38.301210000000005" lon="-79.28054"><ele>755.0</ele></trkpt><trkpt lat="38.30156" lon="-79.28072"><ele>752.0</ele></trkpt><trkpt lat="38.3018" lon="-79.28089"><ele>751.0</ele></trkpt><trkpt lat="38.302260000000004" lon="-79.28134"><ele>746.0</ele></trkpt><trkpt lat="38.30237" lon="-79.28156000000001"><ele>744.0</ele></trkpt><trkpt lat="38.30241" lon="-79.28179"><ele>743.0</ele></trkpt><trkpt lat="38.30232" lon="-79.28198"><ele>740.0</ele></trkpt><trkpt lat="38.3021" lon="-79.28193"><ele>738.0</ele></trkpt><trkpt lat="38.30163" lon="-79.28192"><ele>732.0</ele></trkpt><trkpt lat="38.301280000000006" lon="-79.28206"><ele>730.0</ele></trkpt><trkpt lat="38.30083500029239" lon="-79.28235000182093"><ele>725.0</ele></trkpt><trkpt lat="38.30039" lon="-79.28264"><ele>720.0</ele></trkpt><trkpt lat="38.299820000000004" lon="-79.28286"><ele>715.0</ele></trkpt><trkpt lat="38.2993600003516" lon="-79.2831500018421"><ele>711.0</ele></trkpt><trkpt lat="38.2989" lon="-79.28344000000001"><ele>706.0</ele></trkpt><trkpt lat="38.298680000000004" lon="-79.28344000000001"><ele>705.0</ele></trkpt><trkpt lat="38.29836" lon="-79.28335000000001"><ele>702.0</ele></trkpt><trkpt lat="38.29786" lon="-79.28330000000001"><ele>699.0</ele></trkpt><trkpt lat="38.29737" lon="-79.28345"><ele>696.0</ele></trkpt><trkpt lat="38.2971" lon="-79.28358"><ele>695.0</ele></trkpt><trkpt lat="38.29679" lon="-79.2838"><ele>692.0</ele></trkpt><trkpt lat="38.296470000788716" lon="-79.2842400019859"><ele>690.0</ele></trkpt><trkpt lat="38.296150000000004" lon="-79.28468000000001"><ele>689.0</ele></trkpt><trkpt lat="38.296170000000004" lon="-79.28488"><ele>688.0</ele></trkpt><trkpt lat="38.29612" lon="-79.2851"><ele>687.0</ele></trkpt><trkpt lat="38.295970000000004" lon="-79.2852"><ele>686.0</ele></trkpt><trkpt lat="38.29581" lon="-79.28537"><ele>686.0</ele></trkpt><trkpt lat="38.29527750446609" lon="-79.28596251304867"><ele>681.0</ele></trkpt><trkpt lat="38.29474500595208" lon="-79.28655501740103"><ele>676.0</ele></trkpt><trkpt lat="38.29421250445805" lon="-79.28714751305728"><ele>673.0</ele></trkpt><trkpt lat="38.29368" lon="-79.28774"><ele>669.0</ele></trkpt><trkpt lat="38.293290000000006" lon="-79.28792"><ele>666.0</ele></trkpt><trkpt lat="38.29301" lon="-79.28823000000001"><ele>665.0</ele></trkpt><trkpt lat="38.292750000000005" lon="-79.28823000000001"><ele>665.0</ele></trkpt><trkpt lat="38.29222" lon="-79.28833"><ele>664.0</ele></trkpt><trkpt lat="38.29151" lon="-79.28851"><ele>663.0</ele></trkpt><trkpt lat="38.29128" lon="-79.28842"><ele>661.0</ele></trkpt><trkpt lat="38.29074500020566" lon="-79.28859500126532"><ele>658.0</ele></trkpt><trkpt lat="38.29021" lon="-79.28877"><ele>656.0</ele></trkpt><trkpt lat="38.289440000000006" lon="-79.28913"><ele>651.0</ele></trkpt><trkpt lat="38.288900000198275" lon="-79.28935500168097"><ele>649.0</ele></trkpt><trkpt lat="38.288360000000004" lon="-79.28958"><ele>647.0</ele></trkpt><trkpt lat="38.287800000000004" lon="-79.28971"><ele>643.0</ele></trkpt><trkpt lat="38.287690000000005" lon="-79.28977"><ele>641.0</ele></trkpt><trkpt lat="38.2875" lon="-79.2898"><ele>638.0</ele></trkpt><trkpt lat="38.28735" lon="-79.28971"><ele>636.0</ele></trkpt><trkpt lat="38.287110000000006" lon="-79.28949"><ele>633.0</ele></trkpt><trkpt lat="38.28696" lon="-79.28930000000001"><ele>631.0</ele></trkpt><trkpt lat="38.28638" lon="-79.289"><ele>627.0</ele></trkpt><trkpt lat="38.285910000027535" lon="-79.28906500041955"><ele>623.0</ele></trkpt><trkpt lat="38.28544" lon="-79.28913"><ele>620.0</ele></trkpt><trkpt lat="38.284710000000004" lon="-79.28917000000001"><ele>613.0</ele></trkpt><trkpt lat="38.284090000000006" lon="-79.28898000000001"><ele>608.0</ele></trkpt><trkpt lat="38.28401" lon="-79.28909"><ele>608.0</ele></trkpt><trkpt lat="38.28374" lon="-79.28922"><ele>609.0</ele></trkpt><trkpt lat="38.283370000000005" lon="-79.28927"><ele>611.0</ele></trkpt><trkpt lat="38.28298" lon="-79.28949"><ele>613.0</ele></trkpt><trkpt lat="38.2826" lon="-79.28977"><ele>612.0</ele></trkpt><trkpt lat="38.282300000000006" lon="-79.29007"><ele>610.0</ele></trkpt><trkpt lat="38.282230000000006" lon="-79.29016"><ele>610.0</ele></trkpt><trkpt lat="38.28213" lon="-79.29035"><ele>608.0</ele></trkpt><trkpt lat="38.281363335198684" lon="-79.29081667651279"><ele>595.0</ele></trkpt><trkpt lat="38.28059666854889" lon="-79.29128334316903"><ele>591.0</ele></trkpt><trkpt lat="38.279830000000004" lon="-79.29175000000001"><ele>598.0</ele></trkpt><trkpt lat="38.27982" lon="-79.29175000000001"><ele>599.0</ele></trkpt><trkpt lat="38.279920000000004" lon="-79.29245"><ele>620.0</ele></trkpt><trkpt lat="38.27991" lon="-79.29245"><ele>620.0</ele></trkpt><trkpt lat="38.27945500003038" lon="-79.29228499893507"><ele>634.0</ele></trkpt><trkpt lat="38.279" lon="-79.29212000000001"><ele>643.0</ele></trkpt><trkpt lat="38.27858500419736" lon="-79.291129994432"><ele>648.0</ele></trkpt><trkpt lat="38.27817" lon="-79.29014000000001"><ele>656.0</ele></trkpt><trkpt lat="38.27759000097451" lon="-79.29058500345181"><ele>662.0</ele></trkpt><trkpt lat="38.277010000000004" lon="-79.29103"><ele>650.0</ele></trkpt><trkpt lat="38.277" lon="-79.29104000000001"><ele>650.0</ele></trkpt><trkpt lat="38.27679500320798" lon="-79.2919050023041"><ele>660.0</ele></trkpt><trkpt lat="38.276590000000006" lon="-79.29277"><ele>649.0</ele></trkpt><trkpt lat="38.27684" lon="-79.29342000000001"><ele>647.0</ele></trkpt><trkpt lat="38.27653" lon="-79.29397"><ele>639.0</ele></trkpt><trkpt lat="38.276663341052355" lon="-79.29492332986985"><ele>624.0</ele></trkpt><trkpt lat="38.276796674391" lon="-79.29587666324099"><ele>619.0</ele></trkpt><trkpt lat="38.27693" lon="-79.29683"><ele>601.0</ele></trkpt><trkpt lat="38.27637000068541" lon="-79.29727500355514"><ele>608.0</ele></trkpt><trkpt lat="38.27581" lon="-79.29772000000001"><ele>600.0</ele></trkpt><trkpt lat="38.275415001597345" lon="-79.29711499677643"><ele>595.0</ele></trkpt><trkpt lat="38.275020000000005" lon="-79.29651000000001"><ele>592.0</ele></trkpt><trkpt lat="38.274980000000006" lon="-79.29655000000001"><ele>589.0</ele></trkpt><trkpt lat="38.274840000000005" lon="-79.2963"><ele>591.0</ele></trkpt><trkpt lat="38.274440000000006" lon="-79.29612"><ele>596.0</ele></trkpt><trkpt lat="38.27389" lon="-79.29607"><ele>597.0</ele></trkpt><trkpt lat="38.27332000225837" lon="-79.29554999180347"><ele>599.0</ele></trkpt><trkpt lat="38.272750002221784" lon="-79.2950299917702"><ele>601.0</ele></trkpt><trkpt lat="38.272180000000006" lon="-79.29451"><ele>602.0</ele></trkpt><trkpt lat="38.27165" lon="-79.29418000000001"><ele>603.0</ele></trkpt><trkpt lat="38.271460000000005" lon="-79.29389"><ele>604.0</ele></trkpt><trkpt lat="38.270700000000005" lon="-79.29352"><ele>606.0</ele></trkpt><trkpt lat="38.27051" lon="-79.29294"><ele>608.0</ele></trkpt><trkpt lat="38.26994500014845" lon="-79.2927599986032"><ele>609.0</ele></trkpt><trkpt lat="38.269380000000005" lon="-79.29258"><ele>611.0</ele></trkpt><trkpt lat="38.26894" lon="-79.29230000000001"><ele>612.0</ele></trkpt><trkpt lat="38.268332502171155" lon="-79.2918874896529"><ele>615.0</ele></trkpt><trkpt lat="38.267725002898175" lon="-79.29147498620628"><ele>617.0</ele></trkpt><trkpt lat="38.267117502181115" lon="-79.29106248965995"><ele>619.0</ele></trkpt><trkpt lat="38.266510000000004" lon="-79.29065"><ele>623.0</ele></trkpt><trkpt lat="38.26603" lon="-79.29043"><ele>626.0</ele></trkpt><trkpt lat="38.265260000000005" lon="-79.29034"><ele>628.0</ele></trkpt><trkpt lat="38.265150000000006" lon="-79.29017"><ele>629.0</ele></trkpt><trkpt lat="38.264659999866964" lon="-79.29013999978928"><ele>632.0</ele></trkpt><trkpt lat="38.26417" lon="-79.29011000000001"><ele>634.0</ele></trkpt><trkpt lat="38.263630000000006" lon="-79.29016"><ele>635.0</ele></trkpt><trkpt lat="38.26316500030736" lon="-79.29031500092368"><ele>639.0</ele></trkpt><trkpt lat="38.2627" lon="-79.29047000000001"><ele>641.0</ele></trkpt><trkpt lat="38.26212500045373" lon="-79.29078500247527"><ele>646.0</ele></trkpt><trkpt lat="38.26155" lon="-79.2911"><ele>656.0</ele></trkpt><trkpt lat="38.26131" lon="-79.29128"><ele>660.0</ele></trkpt><trkpt lat="38.260470000000005" lon="-79.29145000000001"><ele>671.0</ele></trkpt><trkpt lat="38.260160000000006" lon="-79.29148"><ele>674.0</ele></trkpt><trkpt lat="38.26015" lon="-79.29148"><ele>674.0</ele></trkpt><trkpt lat="38.25959000001732" lon="-79.29154000046225"><ele>679.0</ele></trkpt><trkpt lat="38.25903" lon="-79.2916"><ele>686.0</ele></trkpt><trkpt lat="38.25845500012168" lon="-79.29180000159947"><ele>692.0</ele></trkpt><trkpt lat="38.25788" lon="-79.292"><ele>698.0</ele></trkpt><trkpt lat="38.257090001232754" lon="-79.29148499447071"><ele>710.0</ele></trkpt><trkpt lat="38.2563" lon="-79.29097"><ele>730.0</ele></trkpt><trkpt lat="38.25603" lon="-79.29142"><ele>740.0</ele></trkpt><trkpt lat="38.25607" lon="-79.29222"><ele>749.0</ele></trkpt><trkpt lat="38.25546000001487" lon="-79.29208499885291"><ele>760.0</ele></trkpt><trkpt lat="38.254850000000005" lon="-79.29195"><ele>771.0</ele></trkpt><trkpt lat="38.254250000000006" lon="-79.29227"><ele>781.0</ele></trkpt><trkpt lat="38.25348" lon="-79.29181000000001"><ele>796.0</ele></trkpt><trkpt lat="38.25325" lon="-79.29137"><ele>802.0</ele></trkpt><trkpt lat="38.25324500181862" lon="-79.29071499973497"><ele>811.0</ele></trkpt><trkpt lat="38.253240000000005" lon="-79.29006000000001"><ele>820.0</ele></trkpt><trkpt lat="38.2530250010761" lon="-79.28952999814669"><ele>829.0</ele></trkpt><trkpt lat="38.252810000000004" lon="-79.289"><ele>834.0</ele></trkpt><trkpt lat="38.252460000000006" lon="-79.28832000000001"><ele>837.0</ele></trkpt><trkpt lat="38.2518400001992" lon="-79.28807999793503"><ele>836.0</ele></trkpt><trkpt lat="38.25122" lon="-79.28784"><ele>838.0</ele></trkpt><trkpt lat="38.25057333483459" lon="-79.28741999252881"><ele>831.0</ele></trkpt><trkpt lat="38.24992666817231" lon="-79.28699999253178"><ele>826.0</ele></trkpt><trkpt lat="38.249280000000006" lon="-79.28658"><ele>823.0</ele></trkpt><trkpt lat="38.2486" lon="-79.28601"><ele>828.0</ele></trkpt><trkpt lat="38.2479300013943" lon="-79.28544999489131"><ele>832.0</ele></trkpt><trkpt lat="38.247260000000004" lon="-79.28489"><ele>842.0</ele></trkpt><trkpt lat="38.246415000280486" lon="-79.28460999672777"><ele>859.0</ele></trkpt><trkpt lat="38.24557" lon="-79.28433000000001"><ele>874.0</ele></trkpt><trkpt lat="38.244780000000006" lon="-79.28407"><ele>886.0</ele></trkpt><trkpt lat="38.24436" lon="-79.28344000000001"><ele>902.0</ele></trkpt><trkpt lat="38.24397333751857" lon="-79.2827366591625"><ele>914.0</ele></trkpt><trkpt lat="38.24358667083969" lon="-79.28203332580705"><ele>923.0</ele></trkpt><trkpt lat="38.2432" lon="-79.28133000000001"><ele>937.0</ele></trkpt><trkpt lat="38.242740000000005" lon="-79.2809"><ele>944.0</ele></trkpt><trkpt lat="38.24246" lon="-79.28112"><ele>952.0</ele></trkpt><trkpt lat="38.24218000132997" lon="-79.28168000215776"><ele>958.0</ele></trkpt><trkpt lat="38.2419" lon="-79.28224"><ele>966.0</ele></trkpt><trkpt lat="38.241380000220715" lon="-79.28190499743938"><ele>979.0</ele></trkpt><trkpt lat="38.240860000000005" lon="-79.28157"><ele>990.0</ele></trkpt><trkpt lat="38.240410000000004" lon="-79.28157"><ele>996.0</ele></trkpt><trkpt lat="38.23984" lon="-79.28224"><ele>1010.0</ele></trkpt><trkpt lat="38.2395" lon="-79.28232000000001"><ele>1014.0</ele></trkpt><trkpt lat="38.23894000000001" lon="-79.283"><ele>1024.0</ele></trkpt><trkpt lat="38.238800000000005" lon="-79.28313"><ele>1028.0</ele></trkpt><trkpt lat="38.238960000000006" lon="-79.28264"><ele>1032.0</ele></trkpt><trkpt lat="38.239160000000005" lon="-79.28193"><ele>1042.0</ele></trkpt><trkpt lat="38.23959" lon="-79.28139"><ele>1054.0</ele></trkpt><trkpt lat="38.23969" lon="-79.28058"><ele>1066.0</ele></trkpt><trkpt lat="38.240140000000004" lon="-79.27995"><ele>1076.0</ele></trkpt><trkpt lat="38.24089" lon="-79.27942"><ele>1093.0</ele></trkpt><trkpt lat="38.24103000165762" lon="-79.27879500120167"><ele>1100.0</ele></trkpt><trkpt lat="38.241170000000004" lon="-79.27817"><ele>1109.0</ele></trkpt><trkpt lat="38.240740000817105" lon="-79.2785950024634"><ele>1113.0</ele></trkpt><trkpt lat="38.24031" lon="-79.27902"><ele>1112.0</ele></trkpt><trkpt lat="38.24004" lon="-79.27907"><ele>1110.0</ele></trkpt><trkpt lat="38.23939" lon="-79.27969"><ele>1108.0</ele></trkpt><trkpt lat="38.238850000000006" lon="-79.28058"><ele>1108.0</ele></trkpt><trkpt lat="38.23831500093961" lon="-79.28103000324339"><ele>1105.0</ele></trkpt><trkpt lat="38.23778" lon="-79.28148"><ele>1100.0</ele></trkpt><trkpt lat="38.236990000000006" lon="-79.28174000000001"><ele>1100.0</ele></trkpt><trkpt lat="38.236520000000006" lon="-79.2822"><ele>1102.0</ele></trkpt><trkpt lat="38.23594000000001" lon="-79.28233"><ele>1097.0</ele></trkpt><trkpt lat="38.23512" lon="-79.28276000000001"><ele>1084.0</ele></trkpt><trkpt lat="38.23457000076455" lon="-79.28306333793063"><ele>1068.0</ele></trkpt><trkpt lat="38.23402000074841" lon="-79.28336667127279"><ele>1049.0</ele></trkpt><trkpt lat="38.233470000000004" lon="-79.28367"><ele>1036.0</ele></trkpt><trkpt lat="38.23309000045228" lon="-79.28400500177145"><ele>1035.0</ele></trkpt><trkpt lat="38.232710000000004" lon="-79.28434"><ele>1033.0</ele></trkpt><trkpt lat="38.232275000234615" lon="-79.28456500133552"><ele>1033.0</ele></trkpt><trkpt lat="38.231840000000005" lon="-79.28479"><ele>1031.0</ele></trkpt><trkpt lat="38.2310700005984" lon="-79.2850566723149"><ele>1014.0</ele></trkpt><trkpt lat="38.23030000059345" lon="-79.28532333898318"><ele>1007.0</ele></trkpt><trkpt lat="38.229530000000004" lon="-79.28559000000001"><ele>1010.0</ele></trkpt><trkpt lat="38.22870666823528" lon="-79.28601667631354"><ele>1018.0</ele></trkpt><trkpt lat="38.227883334926055" lon="-79.28644334296753"><ele>1016.0</ele></trkpt><trkpt lat="38.22706" lon="-79.28687000000001"><ele>1009.0</ele></trkpt><trkpt lat="38.22664" lon="-79.28712"><ele>1008.0</ele></trkpt><trkpt lat="38.226350000000004" lon="-79.28739"><ele>1005.0</ele></trkpt><trkpt lat="38.225930000000005" lon="-79.28743"><ele>996.0</ele></trkpt><trkpt lat="38.22561" lon="-79.28725"><ele>987.0</ele></trkpt><trkpt lat="38.225155000209" lon="-79.28715999947161"><ele>978.0</ele></trkpt><trkpt lat="38.224700000000006" lon="-79.28707"><ele>974.0</ele></trkpt><trkpt lat="38.22458" lon="-79.28707"><ele>974.0</ele></trkpt><trkpt lat="38.22415" lon="-79.28716"><ele>976.0</ele></trkpt><trkpt lat="38.22366" lon="-79.28739"><ele>981.0</ele></trkpt><trkpt lat="38.22323" lon="-79.28766"><ele>979.0</ele></trkpt><trkpt lat="38.222590000000004" lon="-79.28814000000001"><ele>960.0</ele></trkpt><trkpt lat="38.222260000000006" lon="-79.28842"><ele>952.0</ele></trkpt><trkpt lat="38.22170500147853" lon="-79.28902500469599"><ele>948.0</ele></trkpt><trkpt lat="38.22115" lon="-79.28963"><ele>946.0</ele></trkpt><trkpt lat="38.22048" lon="-79.29023000000001"><ele>941.0</ele></trkpt><trkpt lat="38.22023" lon="-79.29101"><ele>932.0</ele></trkpt><trkpt lat="38.220020000000005" lon="-79.29132000000001"><ele>928.0</ele></trkpt><trkpt lat="38.21916" lon="-79.29141000000001"><ele>915.0</ele></trkpt><trkpt lat="38.2184" lon="-79.29164"><ele>912.0</ele></trkpt><trkpt lat="38.21791499986411" lon="-79.29173500066734"><ele>909.0</ele></trkpt><trkpt lat="38.21743" lon="-79.29183"><ele>910.0</ele></trkpt><trkpt lat="38.21703" lon="-79.29204"><ele>912.0</ele></trkpt><trkpt lat="38.21667" lon="-79.29227"><ele>903.0</ele></trkpt><trkpt lat="38.216090000857875" lon="-79.29259667190075"><ele>887.0</ele></trkpt><trkpt lat="38.215510000810475" lon="-79.29292333859405"><ele>871.0</ele></trkpt><trkpt lat="38.21493" lon="-79.29325"><ele>854.0</ele></trkpt><trkpt lat="38.21493" lon="-79.29326"><ele>853.0</ele></trkpt><trkpt lat="38.2146750011136" lon="-79.29378500195386"><ele>837.0</ele></trkpt><trkpt lat="38.214420000000004" lon="-79.29431000000001"><ele>824.0</ele></trkpt><trkpt lat="38.2145" lon="-79.29441000000001"><ele>822.0</ele></trkpt><trkpt lat="38.214670000000005" lon="-79.29451"><ele>819.0</ele></trkpt><trkpt lat="38.214850000000006" lon="-79.29455"><ele>818.0</ele></trkpt><trkpt lat="38.21511" lon="-79.29454000000001"><ele>816.0</ele></trkpt><trkpt lat="38.21547" lon="-79.29442"><ele>814.0</ele></trkpt><trkpt lat="38.215650000000004" lon="-79.29446"><ele>812.0</ele></trkpt><trkpt lat="38.21571" lon="-79.29451"><ele>812.0</ele></trkpt><trkpt lat="38.21575" lon="-79.29455"><ele>811.0</ele></trkpt><trkpt lat="38.215740000000004" lon="-79.29473"><ele>808.0</ele></trkpt><trkpt lat="38.215700000000005" lon="-79.29477"><ele>808.0</ele></trkpt><trkpt lat="38.21566" lon="-79.29478"><ele>807.0</ele></trkpt><trkpt lat="38.215430000000005" lon="-79.29477"><ele>803.0</ele></trkpt><trkpt lat="38.21538" lon="-79.29477"><ele>803.0</ele></trkpt><trkpt lat="38.215340000000005" lon="-79.29481000000001"><ele>802.0</ele></trkpt><trkpt lat="38.21493" lon="-79.29536"><ele>797.0</ele></trkpt><trkpt lat="38.214780000000005" lon="-79.29553"><ele>797.0</ele></trkpt><trkpt lat="38.214580000000005" lon="-79.29567"><ele>794.0</ele></trkpt><trkpt lat="38.21434" lon="-79.29576"><ele>793.0</ele></trkpt><trkpt lat="38.21383" lon="-79.2958"><ele>788.0</ele></trkpt><trkpt lat="38.21336" lon="-79.29588000000001"><ele>787.0</ele></trkpt><trkpt lat="38.21285" lon="-79.29625"><ele>795.0</ele></trkpt><trkpt lat="38.21224" lon="-79.29634"><ele>802.0</ele></trkpt><trkpt lat="38.211470000000006" lon="-79.29612"><ele>812.0</ele></trkpt><trkpt lat="38.21099" lon="-79.29604"><ele>816.0</ele></trkpt><trkpt lat="38.210620000000006" lon="-79.29612"><ele>812.0</ele></trkpt><trkpt lat="38.21041" lon="-79.29634"><ele>810.0</ele></trkpt><trkpt lat="38.20995000287128" lon="-79.29716500524184"><ele>799.0</ele></trkpt><trkpt lat="38.20949" lon="-79.29799000000001"><ele>789.0</ele></trkpt><trkpt lat="38.209300000000006" lon="-79.2984"><ele>785.0</ele></trkpt><trkpt lat="38.209" lon="-79.29836"><ele>778.0</ele></trkpt><trkpt lat="38.208580000000005" lon="-79.298"><ele>773.0</ele></trkpt><trkpt lat="38.208420000000004" lon="-79.29818"><ele>774.0</ele></trkpt><trkpt lat="38.207980000000006" lon="-79.29871"><ele>782.0</ele></trkpt><trkpt lat="38.207750000000004" lon="-79.2988"><ele>787.0</ele></trkpt><trkpt lat="38.207460000000005" lon="-79.29858"><ele>792.0</ele></trkpt><trkpt lat="38.20701000193187" lon="-79.29790999589969"><ele>803.0</ele></trkpt><trkpt lat="38.20656" lon="-79.29724"><ele>814.0</ele></trkpt><trkpt lat="38.206010000000006" lon="-79.29693"><ele>826.0</ele></trkpt><trkpt lat="38.206430000000005" lon="-79.29656"><ele>835.0</ele></trkpt><trkpt lat="38.206430000000005" lon="-79.29643"><ele>837.0</ele></trkpt><trkpt lat="38.205850000000005" lon="-79.29638000000001"><ele>842.0</ele></trkpt><trkpt lat="38.20553" lon="-79.29644"><ele>847.0</ele></trkpt><trkpt lat="38.205090000000006" lon="-79.29686000000001"><ele>861.0</ele></trkpt><trkpt lat="38.2049" lon="-79.2971"><ele>864.0</ele></trkpt><trkpt lat="38.20432" lon="-79.29679"><ele>871.0</ele></trkpt><trkpt lat="38.203810000000004" lon="-79.29665"><ele>882.0</ele></trkpt><trkpt lat="38.20337" lon="-79.29634"><ele>886.0</ele></trkpt><trkpt lat="38.20287000109421" lon="-79.29584999670915"><ele>893.0</ele></trkpt><trkpt lat="38.20237" lon="-79.29536"><ele>909.0</ele></trkpt><trkpt lat="38.20190000128208" lon="-79.29481999656612"><ele>916.0</ele></trkpt><trkpt lat="38.20143" lon="-79.29428"><ele>922.0</ele></trkpt><trkpt lat="38.20087" lon="-79.29395000000001"><ele>924.0</ele></trkpt><trkpt lat="38.20031" lon="-79.29365"><ele>939.0</ele></trkpt><trkpt lat="38.19973" lon="-79.29307"><ele>951.0</ele></trkpt><trkpt lat="38.199200000000005" lon="-79.2928"><ele>965.0</ele></trkpt><trkpt lat="38.1987" lon="-79.29227"><ele>977.0</ele></trkpt><trkpt lat="38.19829" lon="-79.29195"><ele>983.0</ele></trkpt><trkpt lat="38.197970000000005" lon="-79.29191"><ele>986.0</ele></trkpt><trkpt lat="38.19764" lon="-79.29195"><ele>990.0</ele></trkpt><trkpt lat="38.19715" lon="-79.29259"><ele>997.0</ele></trkpt><trkpt lat="38.19684" lon="-79.29316"><ele>1006.0</ele></trkpt><trkpt lat="38.196270000000005" lon="-79.29325"><ele>1016.0</ele></trkpt><trkpt lat="38.19563" lon="-79.29299"><ele>1024.0</ele></trkpt><trkpt lat="38.19503" lon="-79.29262"><ele>1034.0</ele></trkpt><trkpt lat="38.19436" lon="-79.29239000000001"><ele>1041.0</ele></trkpt><trkpt lat="38.193845000060705" lon="-79.29230499940387"><ele>1049.0</ele></trkpt><trkpt lat="38.19333" lon="-79.29222"><ele>1057.0</ele></trkpt><trkpt lat="38.19288000027473" lon="-79.29244500136024"><ele>1062.0</ele></trkpt><trkpt lat="38.19243" lon="-79.29267"><ele>1066.0</ele></trkpt><trkpt lat="38.19196" lon="-79.29298"><ele>1072.0</ele></trkpt><trkpt lat="38.19196" lon="-79.29347000000001"><ele>1076.0</ele></trkpt><trkpt lat="38.192260000000005" lon="-79.29433"><ele>1086.0</ele></trkpt><trkpt lat="38.19165" lon="-79.29491"><ele>1094.0</ele></trkpt><trkpt lat="38.19111" lon="-79.29513"><ele>1101.0</ele></trkpt><trkpt lat="38.190490000000004" lon="-79.29559"><ele>1108.0</ele></trkpt><trkpt lat="38.190380000000005" lon="-79.29624000000001"><ele>1113.0</ele></trkpt><trkpt lat="38.190470000000005" lon="-79.29665"><ele>1116.0</ele></trkpt><trkpt lat="38.19088" lon="-79.29732000000001"><ele>1124.0</ele></trkpt><trkpt lat="38.191" lon="-79.29768"><ele>1128.0</ele></trkpt><trkpt lat="38.190870000000004" lon="-79.29782"><ele>1130.0</ele></trkpt><trkpt lat="38.19018499982229" lon="-79.2977949997583"><ele>1137.0</ele></trkpt><trkpt lat="38.1895" lon="-79.29777"><ele>1143.0</ele></trkpt><trkpt lat="38.188770000000005" lon="-79.29805"><ele>1151.0</ele></trkpt><trkpt lat="38.188550000000006" lon="-79.2984"><ele>1154.0</ele></trkpt><trkpt lat="38.18838" lon="-79.29903"><ele>1158.0</ele></trkpt><trkpt lat="38.1884" lon="-79.29947"><ele>1161.0</ele></trkpt><trkpt lat="38.188370000000006" lon="-79.29997"><ele>1167.0</ele></trkpt><trkpt lat="38.188190000000006" lon="-79.30046"><ele>1172.0</ele></trkpt><trkpt lat="38.187470000000005" lon="-79.3005"><ele>1179.0</ele></trkpt><trkpt lat="38.186890000000005" lon="-79.30055"><ele>1185.0</ele></trkpt><trkpt lat="38.18647" lon="-79.30082"><ele>1191.0</ele></trkpt><trkpt lat="38.18621" lon="-79.30103000000001"><ele>1196.0</ele></trkpt><trkpt lat="38.185880000000004" lon="-79.30109"><ele>1197.0</ele></trkpt><trkpt lat="38.185210000000005" lon="-79.30095"><ele>1205.0</ele></trkpt><trkpt lat="38.184450000000005" lon="-79.30118"><ele>1214.0</ele></trkpt><trkpt lat="38.184160000000006" lon="-79.30149"><ele>1217.0</ele></trkpt><trkpt lat="38.183820000000004" lon="-79.30193000000001"><ele>1219.0</ele></trkpt><trkpt lat="38.18341500160133" lon="-79.30255500355943"><ele>1221.0</ele></trkpt><trkpt lat="38.18301" lon="-79.30318000000001"><ele>1227.0</ele></trkpt><trkpt lat="38.182790000000004" lon="-79.30375000000001"><ele>1233.0</ele></trkpt><trkpt lat="38.18258" lon="-79.30417000000001"><ele>1237.0</ele></trkpt><trkpt lat="38.18231" lon="-79.30457000000001"><ele>1237.0</ele></trkpt><trkpt lat="38.18182" lon="-79.3048"><ele>1233.0</ele></trkpt><trkpt lat="38.18117" lon="-79.30538"><ele>1225.0</ele></trkpt><trkpt lat="38.18059" lon="-79.30601"><ele>1220.0</ele></trkpt><trkpt lat="38.18019" lon="-79.30619"><ele>1216.0</ele></trkpt><trkpt lat="38.17958500001238" lon="-79.30639000171261"><ele>1211.0</ele></trkpt><trkpt lat="38.17898" lon="-79.30659"><ele>1209.0</ele></trkpt><trkpt lat="38.17824" lon="-79.30722"><ele>1209.0</ele></trkpt><trkpt lat="38.17763" lon="-79.30771"><ele>1211.0</ele></trkpt><trkpt lat="38.177220000000005" lon="-79.30829"><ele>1215.0</ele></trkpt><trkpt lat="38.177060000000004" lon="-79.30829"><ele>1216.0</ele></trkpt><trkpt lat="38.17701" lon="-79.30856"><ele>1218.0</ele></trkpt><trkpt lat="38.17645" lon="-79.30932"><ele>1228.0</ele></trkpt><trkpt lat="38.176120000000004" lon="-79.30968"><ele>1230.0</ele></trkpt><trkpt lat="38.17559" lon="-79.30990000000001"><ele>1232.0</ele></trkpt><trkpt lat="38.175200000000004" lon="-79.30986"><ele>1234.0</ele></trkpt><trkpt lat="38.174980000000005" lon="-79.30993000000001"><ele>1234.0</ele></trkpt><trkpt lat="38.17497" lon="-79.30993000000001"><ele>1234.0</ele></trkpt><trkpt lat="38.174230000372134" lon="-79.31015667128928"><ele>1238.0</ele></trkpt><trkpt lat="38.17349000030857" lon="-79.31038333797535"><ele>1240.0</ele></trkpt><trkpt lat="38.17275" lon="-79.31061000000001"><ele>1243.0</ele></trkpt><trkpt lat="38.17217" lon="-79.31044"><ele>1246.0</ele></trkpt><trkpt lat="38.17156000021173" lon="-79.31060666946296"><ele>1249.0</ele></trkpt><trkpt lat="38.17095000018791" lon="-79.31077333613612"><ele>1254.0</ele></trkpt><trkpt lat="38.17034" lon="-79.31094"><ele>1256.0</ele></trkpt><trkpt lat="38.16961500021675" lon="-79.31124500310847"><ele>1261.0</ele></trkpt><trkpt lat="38.168890000000005" lon="-79.31155000000001"><ele>1265.0</ele></trkpt><trkpt lat="38.168440000000004" lon="-79.31161"><ele>1267.0</ele></trkpt><trkpt lat="38.16800500040289" lon="-79.31186000141264"><ele>1269.0</ele></trkpt><trkpt lat="38.167570000000005" lon="-79.31211"><ele>1272.0</ele></trkpt><trkpt lat="38.167030000000004" lon="-79.31235000000001"><ele>1275.0</ele></trkpt><trkpt lat="38.166534999914994" lon="-79.31222499911303"><ele>1277.0</ele></trkpt><trkpt lat="38.16604" lon="-79.3121"><ele>1280.0</ele></trkpt><trkpt lat="38.16525" lon="-79.31233"><ele>1283.0</ele></trkpt><trkpt lat="38.16512" lon="-79.31255"><ele>1288.0</ele></trkpt><trkpt lat="38.16498" lon="-79.31294000000001"><ele>1293.0</ele></trkpt><trkpt lat="38.1649" lon="-79.31330000000001"><ele>1298.0</ele></trkpt><trkpt lat="38.164820000000006" lon="-79.31389"><ele>1307.0</ele></trkpt><trkpt lat="38.164820000000006" lon="-79.31416"><ele>1311.0</ele></trkpt><trkpt lat="38.16487" lon="-79.31443"><ele>1317.0</ele></trkpt><trkpt lat="38.16496" lon="-79.31465"><ele>1320.0</ele></trkpt><trkpt lat="38.165060000000004" lon="-79.31479"><ele>1322.0</ele></trkpt><trkpt lat="38.16528" lon="-79.31492"><ele>1323.0</ele></trkpt><trkpt lat="38.16534" lon="-79.31502"><ele>1323.0</ele></trkpt><trkpt lat="38.164570000000005" lon="-79.31532"><ele>1315.0</ele></trkpt><trkpt lat="38.164320000000004" lon="-79.31635"><ele>1305.0</ele></trkpt><trkpt lat="38.16427" lon="-79.31636"><ele>1305.0</ele></trkpt><trkpt lat="38.164280000000005" lon="-79.31654"><ele>1305.0</ele></trkpt><trkpt lat="38.164100000000005" lon="-79.31715000000001"><ele>1283.0</ele></trkpt><trkpt lat="38.16407" lon="-79.31772000000001"><ele>1283.0</ele></trkpt><trkpt lat="38.16407" lon="-79.31773000000001"><ele>1282.0</ele></trkpt><trkpt lat="38.16404" lon="-79.31845000000001"><ele>1282.0</ele></trkpt><trkpt lat="38.164080000000006" lon="-79.31873"><ele>1282.0</ele></trkpt><trkpt lat="38.164030000000004" lon="-79.31895"><ele>1282.0</ele></trkpt><trkpt lat="38.16405" lon="-79.31904"><ele>1282.0</ele></trkpt><trkpt lat="38.164010000000005" lon="-79.31930000000001"><ele>1282.0</ele></trkpt><trkpt lat="38.16393" lon="-79.31962"><ele>1282.0</ele></trkpt><trkpt lat="38.16389" lon="-79.31993000000001"><ele>1213.0</ele></trkpt><trkpt lat="38.163940000000004" lon="-79.32016"><ele>1213.0</ele></trkpt><trkpt lat="38.16396" lon="-79.32043"><ele>1213.0</ele></trkpt><trkpt lat="38.164080000000006" lon="-79.32074"><ele>1213.0</ele></trkpt><trkpt lat="38.16418" lon="-79.32083"><ele>1213.0</ele></trkpt><trkpt lat="38.164280000000005" lon="-79.32102"><ele>1213.0</ele></trkpt><trkpt lat="38.1644" lon="-79.32119"><ele>1213.0</ele></trkpt><trkpt lat="38.16483" lon="-79.32164"><ele>1213.0</ele></trkpt><trkpt lat="38.16498" lon="-79.32195"><ele>1213.0</ele></trkpt><trkpt lat="38.16525" lon="-79.32267"><ele>1213.0</ele></trkpt><trkpt lat="38.16534" lon="-79.32285"><ele>1213.0</ele></trkpt><trkpt lat="38.165620000000004" lon="-79.32321"><ele>1213.0</ele></trkpt><trkpt lat="38.165800000000004" lon="-79.32355000000001"><ele>1213.0</ele></trkpt><trkpt lat="38.16573" lon="-79.32378000000001"><ele>1213.0</ele></trkpt><trkpt lat="38.16561" lon="-79.32392"><ele>1213.0</ele></trkpt><trkpt lat="38.165400000000005" lon="-79.32405"><ele>1213.0</ele></trkpt><trkpt lat="38.164750000000005" lon="-79.32446"><ele>1213.0</ele></trkpt><trkpt lat="38.16471000000001" lon="-79.32458000000001"><ele>1213.0</ele></trkpt><trkpt lat="38.16469" lon="-79.32477"><ele>1213.0</ele></trkpt><trkpt lat="38.16476" lon="-79.32508"><ele>1213.0</ele></trkpt><trkpt lat="38.16508" lon="-79.32575000000001"><ele>1213.0</ele></trkpt><trkpt lat="38.165290000000006" lon="-79.32607"><ele>1015.0</ele></trkpt><trkpt lat="38.165400000000005" lon="-79.32634"><ele>1015.0</ele></trkpt><trkpt lat="38.16565000000001" lon="-79.32665"><ele>1015.0</ele></trkpt><trkpt lat="38.16593" lon="-79.32687"><ele>1015.0</ele></trkpt><trkpt lat="38.166140000000006" lon="-79.32715"><ele>1015.0</ele></trkpt><trkpt lat="38.166340000000005" lon="-79.32728"><ele>1015.0</ele></trkpt><trkpt lat="38.16664" lon="-79.32755"><ele>1015.0</ele></trkpt><trkpt lat="38.16704" lon="-79.32773"><ele>1015.0</ele></trkpt><trkpt lat="38.167410000000004" lon="-79.32796"><ele>1015.0</ele></trkpt><trkpt lat="38.16783" lon="-79.32812000000001"><ele>1015.0</ele></trkpt><trkpt lat="38.16803" lon="-79.32825000000001"><ele>1015.0</ele></trkpt><trkpt lat="38.16827" lon="-79.32831"><ele>1015.0</ele></trkpt><trkpt lat="38.168490000000006" lon="-79.32852000000001"><ele>1015.0</ele></trkpt><trkpt lat="38.168690000000005" lon="-79.32857000000001"><ele>1015.0</ele></trkpt><trkpt lat="38.16877" lon="-79.32862"><ele>1015.0</ele></trkpt><trkpt lat="38.16886" lon="-79.32863"><ele>1015.0</ele></trkpt><trkpt lat="38.16912000000001" lon="-79.3289"><ele>1015.0</ele></trkpt><trkpt lat="38.169290000000004" lon="-79.32906000000001"><ele>1015.0</ele></trkpt><trkpt lat="38.16895" lon="-79.32961"><ele>1015.0</ele></trkpt><trkpt lat="38.16872" lon="-79.32984"><ele>1015.0</ele></trkpt><trkpt lat="38.167970000000004" lon="-79.3301"><ele>1015.0</ele></trkpt><trkpt lat="38.167680000000004" lon="-79.33041"><ele>1015.0</ele></trkpt><trkpt lat="38.16762000000001" lon="-79.33064"><ele>1015.0</ele></trkpt><trkpt lat="38.167660000000005" lon="-79.33086"><ele>1015.0</ele></trkpt><trkpt lat="38.16781" lon="-79.33136"><ele>1015.0</ele></trkpt><trkpt lat="38.16814000164543" lon="-79.33197999722255"><ele>1015.0</ele></trkpt><trkpt lat="38.168470000000006" lon="-79.33260000000001"><ele>830.0</ele></trkpt><trkpt lat="38.16857" lon="-79.33359"><ele>830.0</ele></trkpt><trkpt lat="38.16879" lon="-79.33412000000001"><ele>830.0</ele></trkpt><trkpt lat="38.16886" lon="-79.33462"><ele>830.0</ele></trkpt><trkpt lat="38.16904" lon="-79.33507"><ele>830.0</ele></trkpt><trkpt lat="38.16928" lon="-79.33543"><ele>830.0</ele></trkpt><trkpt lat="38.16931" lon="-79.33583"><ele>830.0</ele></trkpt><trkpt lat="38.168960000000006" lon="-79.33624"><ele>830.0</ele></trkpt><trkpt lat="38.169050000000006" lon="-79.33646"><ele>830.0</ele></trkpt><trkpt lat="38.169540000000005" lon="-79.33681"><ele>830.0</ele></trkpt><trkpt lat="38.169920000000005" lon="-79.33697000000001"><ele>830.0</ele></trkpt><trkpt lat="38.170320000000004" lon="-79.33717"><ele>830.0</ele></trkpt><trkpt lat="38.170480000000005" lon="-79.33717"><ele>830.0</ele></trkpt><trkpt lat="38.17078" lon="-79.33725000000001"><ele>830.0</ele></trkpt><trkpt lat="38.171040000000005" lon="-79.33722"><ele>830.0</ele></trkpt><trkpt lat="38.171350000000004" lon="-79.33726"><ele>830.0</ele></trkpt><trkpt lat="38.17202" lon="-79.33753"><ele>830.0</ele></trkpt><trkpt lat="38.1724" lon="-79.3378"><ele>830.0</ele></trkpt><trkpt lat="38.1726" lon="-79.33781"><ele>830.0</ele></trkpt><trkpt lat="38.172920000000005" lon="-79.33793"><ele>830.0</ele></trkpt><trkpt lat="38.17327" lon="-79.33811"><ele>830.0</ele></trkpt><trkpt lat="38.173700000000004" lon="-79.33887"><ele>830.0</ele></trkpt><trkpt lat="38.17396" lon="-79.33897"><ele>725.0</ele></trkpt><trkpt lat="38.174130000000005" lon="-79.33919"><ele>725.0</ele></trkpt><trkpt lat="38.17427" lon="-79.33923"><ele>725.0</ele></trkpt><trkpt lat="38.17466" lon="-79.33946"><ele>725.0</ele></trkpt><trkpt lat="38.17492" lon="-79.33969"><ele>725.0</ele></trkpt><trkpt lat="38.175200000000004" lon="-79.33986"><ele>725.0</ele></trkpt><trkpt lat="38.17544" lon="-79.34013"><ele>725.0</ele></trkpt><trkpt lat="38.175650000000005" lon="-79.34039000000001"><ele>725.0</ele></trkpt><trkpt lat="38.176010000000005" lon="-79.34049"><ele>725.0</ele></trkpt><trkpt lat="38.17625" lon="-79.34062"><ele>725.0</ele></trkpt><trkpt lat="38.176410000000004" lon="-79.3408"><ele>725.0</ele></trkpt><trkpt lat="38.17643" lon="-79.34102"><ele>725.0</ele></trkpt><trkpt lat="38.17656" lon="-79.34116"><ele>725.0</ele></trkpt><trkpt lat="38.176770000000005" lon="-79.34129"><ele>725.0</ele></trkpt><trkpt lat="38.1771" lon="-79.34138"><ele>725.0</ele></trkpt><trkpt lat="38.17723" lon="-79.34125"><ele>725.0</ele></trkpt><trkpt lat="38.17747" lon="-79.34134"><ele>725.0</ele></trkpt><trkpt lat="38.177990000756374" lon="-79.34092000299042"><ele>722.0</ele></trkpt><trkpt lat="38.17851" lon="-79.3405"><ele>718.0</ele></trkpt><trkpt lat="38.17851" lon="-79.34051000000001"><ele>718.0</ele></trkpt><trkpt lat="38.17908000086021" lon="-79.34005000362833"><ele>715.0</ele></trkpt><trkpt lat="38.17965" lon="-79.33959"><ele>714.0</ele></trkpt><trkpt lat="38.18" lon="-79.33937"><ele>713.0</ele></trkpt><trkpt lat="38.18047" lon="-79.33918000000001"><ele>712.0</ele></trkpt><trkpt lat="38.180800000000005" lon="-79.33909000000001"><ele>710.0</ele></trkpt><trkpt lat="38.181110000000004" lon="-79.33905"><ele>709.0</ele></trkpt><trkpt lat="38.18173666671543" lon="-79.3389933343062"><ele>704.0</ele></trkpt><trkpt lat="38.182363333403615" lon="-79.3389366676376"><ele>698.0</ele></trkpt><trkpt lat="38.182990000000004" lon="-79.33888"><ele>693.0</ele></trkpt><trkpt lat="38.183440000000004" lon="-79.33883"><ele>692.0</ele></trkpt><trkpt lat="38.18375" lon="-79.33873000000001"><ele>688.0</ele></trkpt><trkpt lat="38.184050000000006" lon="-79.33857"><ele>687.0</ele></trkpt><trkpt lat="38.1846" lon="-79.33826"><ele>683.0</ele></trkpt><trkpt lat="38.18513500046728" lon="-79.3379400023303"><ele>679.0</ele></trkpt><trkpt lat="38.18567" lon="-79.33762"><ele>676.0</ele></trkpt><trkpt lat="38.186280000000004" lon="-79.33722"><ele>672.0</ele></trkpt><trkpt lat="38.18681" lon="-79.33681"><ele>670.0</ele></trkpt><trkpt lat="38.187250000000006" lon="-79.33627000000001"><ele>667.0</ele></trkpt><trkpt lat="38.187400000000004" lon="-79.3361"><ele>666.0</ele></trkpt><trkpt lat="38.187650000000005" lon="-79.33592"><ele>665.0</ele></trkpt><trkpt lat="38.18782" lon="-79.33583"><ele>661.0</ele></trkpt><trkpt lat="38.18802" lon="-79.33578"><ele>661.0</ele></trkpt><trkpt lat="38.18824" lon="-79.33579"><ele>661.0</ele></trkpt><trkpt lat="38.18833" lon="-79.33583"><ele>659.0</ele></trkpt><trkpt lat="38.18874" lon="-79.33613000000001"><ele>658.0</ele></trkpt><trkpt lat="38.18918" lon="-79.33636000000001"><ele>656.0</ele></trkpt><trkpt lat="38.189960000000006" lon="-79.33663"><ele>650.0</ele></trkpt><trkpt lat="38.190710001253805" lon="-79.33694499026531"><ele>647.0</ele></trkpt><trkpt lat="38.19146000166609" lon="-79.33725998701782"><ele>643.0</ele></trkpt><trkpt lat="38.19221000123679" lon="-79.33757499025783"><ele>638.0</ele></trkpt><trkpt lat="38.19296000000001" lon="-79.33789"><ele>635.0</ele></trkpt><trkpt lat="38.19361000025027" lon="-79.33817999736421"><ele>632.0</ele></trkpt><trkpt lat="38.19426" lon="-79.33847"><ele>627.0</ele></trkpt><trkpt lat="38.194810000000004" lon="-79.33878"><ele>625.0</ele></trkpt><trkpt lat="38.19538500060093" lon="-79.33917999678764"><ele>621.0</ele></trkpt><trkpt lat="38.19596000000001" lon="-79.33958000000001"><ele>619.0</ele></trkpt><trkpt lat="38.196130000000004" lon="-79.33967000000001"><ele>619.0</ele></trkpt><trkpt lat="38.19644" lon="-79.33976000000001"><ele>619.0</ele></trkpt><trkpt lat="38.19666" lon="-79.33973"><ele>620.0</ele></trkpt><trkpt lat="38.19691" lon="-79.33968"><ele>620.0</ele></trkpt><trkpt lat="38.19724" lon="-79.33942"><ele>622.0</ele></trkpt><trkpt lat="38.197430000000004" lon="-79.33922000000001"><ele>622.0</ele></trkpt><trkpt lat="38.19778" lon="-79.33874"><ele>623.0</ele></trkpt><trkpt lat="38.19815000315021" lon="-79.33813000620901"><ele>623.0</ele></trkpt><trkpt lat="38.198520003144345" lon="-79.33752000621872"><ele>623.0</ele></trkpt><trkpt lat="38.198890000000006" lon="-79.33691"><ele>624.0</ele></trkpt><trkpt lat="38.19912" lon="-79.33672"><ele>622.0</ele></trkpt><trkpt lat="38.199690000000004" lon="-79.33639000000001"><ele>616.0</ele></trkpt><trkpt lat="38.20027" lon="-79.3361"><ele>609.0</ele></trkpt><trkpt lat="38.20049" lon="-79.33601"><ele>608.0</ele></trkpt><trkpt lat="38.201" lon="-79.33583"><ele>607.0</ele></trkpt><trkpt lat="38.201330000000006" lon="-79.33569"><ele>608.0</ele></trkpt><trkpt lat="38.20158" lon="-79.33552"><ele>608.0</ele></trkpt><trkpt lat="38.2019" lon="-79.33525"><ele>609.0</ele></trkpt><trkpt lat="38.202090000000005" lon="-79.33511"><ele>610.0</ele></trkpt><trkpt lat="38.202380000000005" lon="-79.33498"><ele>611.0</ele></trkpt><trkpt lat="38.20296000021191" lon="-79.33473500196988"><ele>614.0</ele></trkpt><trkpt lat="38.203540000000004" lon="-79.33449"><ele>614.0</ele></trkpt><trkpt lat="38.20404500023177" lon="-79.33438000072377"><ele>615.0</ele></trkpt><trkpt lat="38.204550000000005" lon="-79.33427"><ele>614.0</ele></trkpt><trkpt lat="38.204800000000006" lon="-79.33418"><ele>613.0</ele></trkpt><trkpt lat="38.205040000000004" lon="-79.33408"><ele>612.0</ele></trkpt><trkpt lat="38.20548" lon="-79.33386"><ele>611.0</ele></trkpt><trkpt lat="38.20627" lon="-79.33340000000001"><ele>612.0</ele></trkpt><trkpt lat="38.20671000018215" lon="-79.33320500116945"><ele>614.0</ele></trkpt><trkpt lat="38.207150000000006" lon="-79.33301"><ele>621.0</ele></trkpt><trkpt lat="38.20741" lon="-79.33275"><ele>626.0</ele></trkpt><trkpt lat="38.207550000000005" lon="-79.33252"><ele>629.0</ele></trkpt><trkpt lat="38.20763" lon="-79.33225"><ele>630.0</ele></trkpt><trkpt lat="38.20768" lon="-79.33193"><ele>630.0</ele></trkpt><trkpt lat="38.20772" lon="-79.3314"><ele>630.0</ele></trkpt><trkpt lat="38.207710000000006" lon="-79.33095"><ele>628.0</ele></trkpt><trkpt lat="38.207640000000005" lon="-79.33055"><ele>626.0</ele></trkpt><trkpt lat="38.207480000000004" lon="-79.33005"><ele>624.0</ele></trkpt><trkpt lat="38.207480000000004" lon="-79.32993"><ele>623.0</ele></trkpt><trkpt lat="38.20752" lon="-79.32983"><ele>623.0</ele></trkpt><trkpt lat="38.20756" lon="-79.32978"><ele>623.0</ele></trkpt><trkpt lat="38.207660000000004" lon="-79.32974"><ele>622.0</ele></trkpt><trkpt lat="38.20813500007446" lon="-79.32984999928753"><ele>620.0</ele></trkpt><trkpt lat="38.20861" lon="-79.32996"><ele>622.0</ele></trkpt><trkpt lat="38.208890000000004" lon="-79.32996"><ele>624.0</ele></trkpt><trkpt lat="38.20909" lon="-79.32992"><ele>627.0</ele></trkpt><trkpt lat="38.209880000000005" lon="-79.32965"><ele>631.0</ele></trkpt><trkpt lat="38.210420000000006" lon="-79.32943"><ele>629.0</ele></trkpt><trkpt lat="38.2109" lon="-79.32934"><ele>627.0</ele></trkpt><trkpt lat="38.21135999989808" lon="-79.32929000032826"><ele>626.0</ele></trkpt><trkpt lat="38.21182" lon="-79.32924000000001"><ele>625.0</ele></trkpt><trkpt lat="38.21232999995113" lon="-79.32908500113201"><ele>625.0</ele></trkpt><trkpt lat="38.21284" lon="-79.32893"><ele>624.0</ele></trkpt><trkpt lat="38.213210000000004" lon="-79.32889"><ele>624.0</ele></trkpt><trkpt lat="38.21354" lon="-79.32889"><ele>623.0</ele></trkpt><trkpt lat="38.21369" lon="-79.32893"><ele>623.0</ele></trkpt><trkpt lat="38.214150000079194" lon="-79.3290649991472"><ele>621.0</ele></trkpt><trkpt lat="38.21461" lon="-79.3292"><ele>620.0</ele></trkpt><trkpt lat="38.21504" lon="-79.32925"><ele>618.0</ele></trkpt><trkpt lat="38.215300000000006" lon="-79.32928000000001"><ele>617.0</ele></trkpt><trkpt lat="38.21585000012958" lon="-79.32924500025663"><ele>614.0</ele></trkpt><trkpt lat="38.2164" lon="-79.32921"><ele>610.0</ele></trkpt><trkpt lat="38.216590000000004" lon="-79.32916"><ele>608.0</ele></trkpt><trkpt lat="38.216770000000004" lon="-79.32907"><ele>604.0</ele></trkpt><trkpt lat="38.217020000000005" lon="-79.32879000000001"><ele>601.0</ele></trkpt><trkpt lat="38.21728" lon="-79.32812000000001"><ele>594.0</ele></trkpt><trkpt lat="38.21752" lon="-79.32764"><ele>587.0</ele></trkpt><trkpt lat="38.217650000000006" lon="-79.3275"><ele>585.0</ele></trkpt><trkpt lat="38.21772" lon="-79.32746"><ele>584.0</ele></trkpt><trkpt lat="38.21791" lon="-79.32737"><ele>582.0</ele></trkpt><trkpt lat="38.218070000000004" lon="-79.32728"><ele>582.0</ele></trkpt><trkpt lat="38.21831" lon="-79.3271"><ele>582.0</ele></trkpt><trkpt lat="38.218700000000005" lon="-79.32655000000001"><ele>588.0</ele></trkpt><trkpt lat="38.21893" lon="-79.32615000000001"><ele>591.0</ele></trkpt><trkpt lat="38.218920000000004" lon="-79.32615000000001"><ele>591.0</ele></trkpt><trkpt lat="38.21928500166734" lon="-79.32554500284478"><ele>598.0</ele></trkpt><trkpt lat="38.21965" lon="-79.32494000000001"><ele>600.0</ele></trkpt><trkpt lat="38.2197" lon="-79.32482"><ele>600.0</ele></trkpt><trkpt lat="38.21981" lon="-79.32441"><ele>596.0</ele></trkpt><trkpt lat="38.219930000000005" lon="-79.32419"><ele>593.0</ele></trkpt><trkpt lat="38.22008" lon="-79.32400000000001"><ele>592.0</ele></trkpt><trkpt lat="38.220710000000004" lon="-79.32334"><ele>590.0</ele></trkpt><trkpt lat="38.22047500312109" lon="-79.3224899974587"><ele>593.0</ele></trkpt><trkpt lat="38.220240000000004" lon="-79.32164"><ele>597.0</ele></trkpt><trkpt lat="38.21985500363039" lon="-79.32071999522796"><ele>600.0</ele></trkpt><trkpt lat="38.21947" lon="-79.3198"><ele>603.0</ele></trkpt><trkpt lat="38.219300000000004" lon="-79.31948000000001"><ele>604.0</ele></trkpt><trkpt lat="38.219120000000004" lon="-79.31921000000001"><ele>604.0</ele></trkpt><trkpt lat="38.21862" lon="-79.31859"><ele>605.0</ele></trkpt><trkpt lat="38.218250000416944" lon="-79.31824999820365"><ele>606.0</ele></trkpt><trkpt lat="38.21788" lon="-79.31791000000001"><ele>607.0</ele></trkpt><trkpt lat="38.21766" lon="-79.31765"><ele>608.0</ele></trkpt><trkpt lat="38.21759" lon="-79.31747"><ele>609.0</ele></trkpt><trkpt lat="38.21757" lon="-79.31734"><ele>609.0</ele></trkpt><trkpt lat="38.21755" lon="-79.31662"><ele>613.0</ele></trkpt><trkpt lat="38.217490000000005" lon="-79.31648000000001"><ele>614.0</ele></trkpt><trkpt lat="38.217380000000006" lon="-79.31633000000001"><ele>615.0</ele></trkpt><trkpt lat="38.217040000000004" lon="-79.31623"><ele>618.0</ele></trkpt><trkpt lat="38.21689000000001" lon="-79.31622"><ele>618.0</ele></trkpt><trkpt lat="38.216640000000005" lon="-79.31626"><ele>621.0</ele></trkpt><trkpt lat="38.216570000000004" lon="-79.31626"><ele>621.0</ele></trkpt><trkpt lat="38.216390000000004" lon="-79.31613"><ele>624.0</ele></trkpt><trkpt lat="38.21631" lon="-79.316"><ele>624.0</ele></trkpt><trkpt lat="38.216280000000005" lon="-79.31582"><ele>625.0</ele></trkpt><trkpt lat="38.216280000000005" lon="-79.31573"><ele>625.0</ele></trkpt><trkpt lat="38.21636" lon="-79.31524"><ele>628.0</ele></trkpt><trkpt lat="38.21636" lon="-79.31505"><ele>628.0</ele></trkpt><trkpt lat="38.216280000000005" lon="-79.31425"><ele>634.0</ele></trkpt><trkpt lat="38.21634" lon="-79.31385"><ele>636.0</ele></trkpt><trkpt lat="38.21627" lon="-79.31371"><ele>637.0</ele></trkpt><trkpt lat="38.21622" lon="-79.31367"><ele>638.0</ele></trkpt><trkpt lat="38.216" lon="-79.31362"><ele>638.0</ele></trkpt><trkpt lat="38.215860000000006" lon="-79.31354"><ele>640.0</ele></trkpt><trkpt lat="38.21573" lon="-79.31335"><ele>641.0</ele></trkpt><trkpt lat="38.21569" lon="-79.31317"><ele>643.0</ele></trkpt><trkpt lat="38.21569" lon="-79.31282"><ele>644.0</ele></trkpt><trkpt lat="38.21564" lon="-79.31251"><ele>646.0</ele></trkpt><trkpt lat="38.215450000000004" lon="-79.31209000000001"><ele>650.0</ele></trkpt><trkpt lat="38.21542" lon="-79.31192"><ele>651.0</ele></trkpt><trkpt lat="38.21536000179071" lon="-79.31126999944951"><ele>654.0</ele></trkpt><trkpt lat="38.215300000000006" lon="-79.31062"><ele>659.0</ele></trkpt><trkpt lat="38.21517" lon="-79.31003000000001"><ele>663.0</ele></trkpt><trkpt lat="38.215050000000005" lon="-79.30959"><ele>665.0</ele></trkpt><trkpt lat="38.214760000000005" lon="-79.30897"><ele>670.0</ele></trkpt><trkpt lat="38.214580000000005" lon="-79.30824000000001"><ele>675.0</ele></trkpt><trkpt lat="38.214220000000005" lon="-79.30722"><ele>681.0</ele></trkpt><trkpt lat="38.21407000000001" lon="-79.30641"><ele>686.0</ele></trkpt><trkpt lat="38.214090000000006" lon="-79.30628"><ele>686.0</ele></trkpt><trkpt lat="38.214290000000005" lon="-79.30602"><ele>688.0</ele></trkpt><trkpt lat="38.21477000086487" lon="-79.30557000296261"><ele>692.0</ele></trkpt><trkpt lat="38.215250000000005" lon="-79.30512"><ele>697.0</ele></trkpt><trkpt lat="38.21565500100873" lon="-79.30464500258299"><ele>701.0</ele></trkpt><trkpt lat="38.216060000000006" lon="-79.30417000000001"><ele>705.0</ele></trkpt><trkpt lat="38.21647" lon="-79.30376000000001"><ele>709.0</ele></trkpt><trkpt lat="38.21649" lon="-79.30372000000001"><ele>709.0</ele></trkpt><trkpt lat="38.216480000000004" lon="-79.30345000000001"><ele>711.0</ele></trkpt><trkpt lat="38.216530000000006" lon="-79.30324"><ele>711.0</ele></trkpt><trkpt lat="38.216680000000004" lon="-79.30287000000001"><ele>714.0</ele></trkpt><trkpt lat="38.21688" lon="-79.30252"><ele>718.0</ele></trkpt><trkpt lat="38.21688" lon="-79.30244"><ele>718.0</ele></trkpt><trkpt lat="38.21683" lon="-79.30220000000001"><ele>719.0</ele></trkpt><trkpt lat="38.21687" lon="-79.30202000000001"><ele>720.0</ele></trkpt><trkpt lat="38.216930000000005" lon="-79.30197000000001"><ele>721.0</ele></trkpt><trkpt lat="38.217270000000006" lon="-79.30181"><ele>725.0</ele></trkpt><trkpt lat="38.21734" lon="-79.30176"><ele>725.0</ele></trkpt><trkpt lat="38.217360000000006" lon="-79.30159"><ele>725.0</ele></trkpt><trkpt lat="38.21734" lon="-79.30149"><ele>726.0</ele></trkpt><trkpt lat="38.217110000000005" lon="-79.30109"><ele>728.0</ele></trkpt><trkpt lat="38.21708" lon="-79.301"><ele>728.0</ele></trkpt><trkpt lat="38.21705" lon="-79.30081000000001"><ele>730.0</ele></trkpt><trkpt lat="38.21707" lon="-79.30059"><ele>732.0</ele></trkpt><trkpt lat="38.21725" lon="-79.30019"><ele>734.0</ele></trkpt><trkpt lat="38.21728" lon="-79.30006"><ele>736.0</ele></trkpt><trkpt lat="38.217310000000005" lon="-79.29992"><ele>736.0</ele></trkpt><trkpt lat="38.21732" lon="-79.29960000000001"><ele>738.0</ele></trkpt><trkpt lat="38.21728" lon="-79.29947"><ele>739.0</ele></trkpt><trkpt lat="38.217240000000004" lon="-79.29943"><ele>739.0</ele></trkpt><trkpt lat="38.216910000000006" lon="-79.2993"><ele>742.0</ele></trkpt><trkpt lat="38.216820000000006" lon="-79.29924000000001"><ele>743.0</ele></trkpt><trkpt lat="38.21676" lon="-79.29911000000001"><ele>744.0</ele></trkpt><trkpt lat="38.216750000000005" lon="-79.29902000000001"><ele>745.0</ele></trkpt><trkpt lat="38.21678" lon="-79.29868"><ele>747.0</ele></trkpt><trkpt lat="38.216770000000004" lon="-79.29862"><ele>747.0</ele></trkpt><trkpt lat="38.216710000000006" lon="-79.2985"><ele>748.0</ele></trkpt><trkpt lat="38.21658" lon="-79.29842000000001"><ele>749.0</ele></trkpt><trkpt lat="38.21642000000001" lon="-79.29836"><ele>751.0</ele></trkpt><trkpt lat="38.21638" lon="-79.29831"><ele>752.0</ele></trkpt><trkpt lat="38.21631" lon="-79.29787"><ele>754.0</ele></trkpt><trkpt lat="38.216210000000004" lon="-79.29773"><ele>755.0</ele></trkpt><trkpt lat="38.21609" lon="-79.29764"><ele>756.0</ele></trkpt><trkpt lat="38.215680000000006" lon="-79.2975"><ele>759.0</ele></trkpt><trkpt lat="38.215430000000005" lon="-79.29728"><ele>762.0</ele></trkpt><trkpt lat="38.21535" lon="-79.29719"><ele>762.0</ele></trkpt><trkpt lat="38.215250000000005" lon="-79.29701"><ele>765.0</ele></trkpt><trkpt lat="38.215180000000004" lon="-79.29679"><ele>766.0</ele></trkpt><trkpt lat="38.215160000000004" lon="-79.29652"><ele>768.0</ele></trkpt><trkpt lat="38.215180000000004" lon="-79.29638000000001"><ele>770.0</ele></trkpt><trkpt lat="38.21513" lon="-79.29625"><ele>771.0</ele></trkpt><trkpt lat="38.215030000000006" lon="-79.29624000000001"><ele>771.0</ele></trkpt><trkpt lat="38.2147" lon="-79.29643"><ele>773.0</ele></trkpt><trkpt lat="38.21455" lon="-79.29648"><ele>774.0</ele></trkpt><trkpt lat="38.214490000000005" lon="-79.29648"><ele>775.0</ele></trkpt><trkpt lat="38.21412" lon="-79.2963"><ele>778.0</ele></trkpt><trkpt lat="38.21383" lon="-79.29612"><ele>780.0</ele></trkpt><trkpt lat="38.213480000000004" lon="-79.29598"><ele>786.0</ele></trkpt><trkpt lat="38.21336" lon="-79.29588000000001"><ele>787.0</ele></trkpt><trkpt lat="38.21383" lon="-79.2958"><ele>788.0</ele></trkpt><trkpt lat="38.21434" lon="-79.29576"><ele>793.0</ele></trkpt><trkpt lat="38.214580000000005" lon="-79.29567"><ele>794.0</ele></trkpt><trkpt lat="38.214780000000005" lon="-79.29553"><ele>797.0</ele></trkpt><trkpt lat="38.21493" lon="-79.29536"><ele>797.0</ele></trkpt><trkpt lat="38.215340000000005" lon="-79.29481000000001"><ele>802.0</ele></trkpt><trkpt lat="38.21538" lon="-79.29477"><ele>803.0</ele></trkpt><trkpt lat="38.215430000000005" lon="-79.29477"><ele>803.0</ele></trkpt><trkpt lat="38.21566" lon="-79.29478"><ele>807.0</ele></trkpt><trkpt lat="38.215700000000005" lon="-79.29477"><ele>808.0</ele></trkpt><trkpt lat="38.215740000000004" lon="-79.29473"><ele>808.0</ele></trkpt><trkpt lat="38.21575" lon="-79.29455"><ele>811.0</ele></trkpt><trkpt lat="38.21571" lon="-79.29451"><ele>812.0</ele></trkpt><trkpt lat="38.215650000000004" lon="-79.29446"><ele>812.0</ele></trkpt><trkpt lat="38.21547" lon="-79.29442"><ele>814.0</ele></trkpt><trkpt lat="38.21511" lon="-79.29454000000001"><ele>816.0</ele></trkpt><trkpt lat="38.214850000000006" lon="-79.29455"><ele>818.0</ele></trkpt><trkpt lat="38.214670000000005" lon="-79.29451"><ele>819.0</ele></trkpt><trkpt lat="38.2145" lon="-79.29441000000001"><ele>822.0</ele></trkpt><trkpt lat="38.214420000000004" lon="-79.29431000000001"><ele>824.0</ele></trkpt><trkpt lat="38.21468000119433" lon="-79.2937800018877"><ele>837.0</ele></trkpt><trkpt lat="38.214940000000006" lon="-79.29325"><ele>855.0</ele></trkpt><trkpt lat="38.21571500089016" lon="-79.29281000464691"><ele>877.0</ele></trkpt><trkpt lat="38.21649" lon="-79.29237"><ele>900.0</ele></trkpt><trkpt lat="38.21649" lon="-79.29238000000001"><ele>899.0</ele></trkpt><trkpt lat="38.21703" lon="-79.29204"><ele>912.0</ele></trkpt><trkpt lat="38.21743" lon="-79.29183"><ele>909.0</ele></trkpt><trkpt lat="38.21791500021246" lon="-79.2917350005991"><ele>909.0</ele></trkpt><trkpt lat="38.2184" lon="-79.29164"><ele>912.0</ele></trkpt><trkpt lat="38.21916" lon="-79.29141000000001"><ele>915.0</ele></trkpt><trkpt lat="38.220020000000005" lon="-79.29132000000001"><ele>928.0</ele></trkpt><trkpt lat="38.22023" lon="-79.29101"><ele>934.0</ele></trkpt><trkpt lat="38.22048" lon="-79.29023000000001"><ele>941.0</ele></trkpt><trkpt lat="38.22115" lon="-79.28963"><ele>946.0</ele></trkpt><trkpt lat="38.221705001626646" lon="-79.28902500453452"><ele>948.0</ele></trkpt><trkpt lat="38.222260000000006" lon="-79.28842"><ele>952.0</ele></trkpt><trkpt lat="38.222590000000004" lon="-79.28814000000001"><ele>961.0</ele></trkpt><trkpt lat="38.22323" lon="-79.28766"><ele>980.0</ele></trkpt><trkpt lat="38.22366" lon="-79.28739"><ele>980.0</ele></trkpt><trkpt lat="38.22415" lon="-79.28716"><ele>976.0</ele></trkpt><trkpt lat="38.22458" lon="-79.28707"><ele>974.0</ele></trkpt><trkpt lat="38.224700000000006" lon="-79.28707"><ele>974.0</ele></trkpt><trkpt lat="38.22493" lon="-79.28712"><ele>975.0</ele></trkpt><trkpt lat="38.22561" lon="-79.28725"><ele>987.0</ele></trkpt><trkpt lat="38.225930000000005" lon="-79.28743"><ele>996.0</ele></trkpt><trkpt lat="38.226350000000004" lon="-79.28739"><ele>1006.0</ele></trkpt><trkpt lat="38.22664" lon="-79.28712"><ele>1008.0</ele></trkpt><trkpt lat="38.22706" lon="-79.28687000000001"><ele>1009.0</ele></trkpt><trkpt lat="38.22788333485365" lon="-79.28644334300505"><ele>1016.0</ele></trkpt><trkpt lat="38.22870666816289" lon="-79.28601667635105"><ele>1018.0</ele></trkpt><trkpt lat="38.229530000000004" lon="-79.28559000000001"><ele>1009.0</ele></trkpt><trkpt lat="38.23030000060825" lon="-79.28532333897806"><ele>1007.0</ele></trkpt><trkpt lat="38.2310700006132" lon="-79.28505667230976"><ele>1019.0</ele></trkpt><trkpt lat="38.231840000000005" lon="-79.28479"><ele>1031.0</ele></trkpt><trkpt lat="38.23227500019492" lon="-79.28456500135607"><ele>1033.0</ele></trkpt><trkpt lat="38.232710000000004" lon="-79.28434"><ele>1034.0</ele></trkpt><trkpt lat="38.23309000049987" lon="-79.28400500172947"><ele>1035.0</ele></trkpt><trkpt lat="38.233470000000004" lon="-79.28367"><ele>1037.0</ele></trkpt><trkpt lat="38.23402000079679" lon="-79.28336667124611"><ele>1051.0</ele></trkpt><trkpt lat="38.234570000812916" lon="-79.28306333790394"><ele>1071.0</ele></trkpt><trkpt lat="38.23512" lon="-79.28276000000001"><ele>1084.0</ele></trkpt><trkpt lat="38.23594000000001" lon="-79.28233"><ele>1097.0</ele></trkpt><trkpt lat="38.236520000000006" lon="-79.2822"><ele>1102.0</ele></trkpt><trkpt lat="38.236990000000006" lon="-79.28174000000001"><ele>1100.0</ele></trkpt><trkpt lat="38.23778" lon="-79.28148"><ele>1101.0</ele></trkpt><trkpt lat="38.23831500077856" lon="-79.28103000337883"><ele>1105.0</ele></trkpt><trkpt lat="38.238850000000006" lon="-79.28058"><ele>1108.0</ele></trkpt><trkpt lat="38.23939" lon="-79.27969"><ele>1108.0</ele></trkpt><trkpt lat="38.24004" lon="-79.27907"><ele>1110.0</ele></trkpt><trkpt lat="38.24031" lon="-79.27902"><ele>1112.0</ele></trkpt><trkpt lat="38.24074000071548" lon="-79.27859500256386"><ele>1112.0</ele></trkpt><trkpt lat="38.241170000000004" lon="-79.27817"><ele>1109.0</ele></trkpt><trkpt lat="38.24103000165679" lon="-79.2787950012054"><ele>1100.0</ele></trkpt><trkpt lat="38.24089" lon="-79.27942"><ele>1093.0</ele></trkpt><trkpt lat="38.240140000000004" lon="-79.27995"><ele>1076.0</ele></trkpt><trkpt lat="38.23969" lon="-79.28058"><ele>1065.0</ele></trkpt><trkpt lat="38.23959" lon="-79.28139"><ele>1054.0</ele></trkpt><trkpt lat="38.239160000000005" lon="-79.28193"><ele>1042.0</ele></trkpt><trkpt lat="38.238960000000006" lon="-79.28264"><ele>1032.0</ele></trkpt><trkpt lat="38.238800000000005" lon="-79.28313"><ele>1025.0</ele></trkpt><trkpt lat="38.23894000000001" lon="-79.283"><ele>1024.0</ele></trkpt><trkpt lat="38.2395" lon="-79.28232000000001"><ele>1014.0</ele></trkpt><trkpt lat="38.23984" lon="-79.28224"><ele>1010.0</ele></trkpt><trkpt lat="38.240410000000004" lon="-79.28157"><ele>995.0</ele></trkpt><trkpt lat="38.240860000000005" lon="-79.28157"><ele>986.0</ele></trkpt><trkpt lat="38.2413800007315" lon="-79.28190499776845"><ele>979.0</ele></trkpt><trkpt lat="38.2419" lon="-79.28224"><ele>966.0</ele></trkpt><trkpt lat="38.242180001330915" lon="-79.28168000215587"><ele>958.0</ele></trkpt><trkpt lat="38.24246" lon="-79.28112"><ele>948.0</ele></trkpt><trkpt lat="38.242740000000005" lon="-79.2809"><ele>944.0</ele></trkpt><trkpt lat="38.2432" lon="-79.28133000000001"><ele>935.0</ele></trkpt><trkpt lat="38.243586670876205" lon="-79.28203332587344"><ele>921.0</ele></trkpt><trkpt lat="38.24397333755507" lon="-79.28273665922889"><ele>904.0</ele></trkpt><trkpt lat="38.24436" lon="-79.28344000000001"><ele>902.0</ele></trkpt><trkpt lat="38.244780000000006" lon="-79.28407"><ele>886.0</ele></trkpt><trkpt lat="38.24557" lon="-79.28433000000001"><ele>874.0</ele></trkpt><trkpt lat="38.246415000384765" lon="-79.2846099967623"><ele>859.0</ele></trkpt><trkpt lat="38.247260000000004" lon="-79.28489"><ele>842.0</ele></trkpt><trkpt lat="38.24793000126672" lon="-79.28544999478468"><ele>832.0</ele></trkpt><trkpt lat="38.2486" lon="-79.28601"><ele>828.0</ele></trkpt><trkpt lat="38.249280000000006" lon="-79.28658"><ele>823.0</ele></trkpt><trkpt lat="38.249926668159105" lon="-79.2869999925232"><ele>826.0</ele></trkpt><trkpt lat="38.25057333482139" lon="-79.28741999252024"><ele>832.0</ele></trkpt><trkpt lat="38.25122" lon="-79.28784"><ele>838.0</ele></trkpt><trkpt lat="38.25184000028958" lon="-79.28807999797002"><ele>836.0</ele></trkpt><trkpt lat="38.252460000000006" lon="-79.28832000000001"><ele>837.0</ele></trkpt><trkpt lat="38.252810000000004" lon="-79.289"><ele>833.0</ele></trkpt><trkpt lat="38.253025001307556" lon="-79.2895299987173"><ele>824.0</ele></trkpt><trkpt lat="38.253240000000005" lon="-79.29006000000001"><ele>817.0</ele></trkpt><trkpt lat="38.25324500182198" lon="-79.29071500017491"><ele>810.0</ele></trkpt><trkpt lat="38.25325" lon="-79.29137"><ele>802.0</ele></trkpt><trkpt lat="38.25348" lon="-79.29181000000001"><ele>792.0</ele></trkpt><trkpt lat="38.254250000000006" lon="-79.29227"><ele>779.0</ele></trkpt><trkpt lat="38.254850000000005" lon="-79.29195"><ele>766.0</ele></trkpt><trkpt lat="38.25546000013978" lon="-79.29208499888055"><ele>760.0</ele></trkpt><trkpt lat="38.25607" lon="-79.29222"><ele>748.0</ele></trkpt><trkpt lat="38.25603" lon="-79.29142"><ele>735.0</ele></trkpt><trkpt lat="38.2563" lon="-79.29097"><ele>730.0</ele></trkpt><trkpt lat="38.257090001017964" lon="-79.29148499433069"><ele>710.0</ele></trkpt><trkpt lat="38.25788" lon="-79.292"><ele>698.0</ele></trkpt><trkpt lat="38.25845500021776" lon="-79.29180000156606"><ele>691.0</ele></trkpt><trkpt lat="38.25903" lon="-79.2916"><ele>685.0</ele></trkpt><trkpt lat="38.25975000012766" lon="-79.29152500073243"><ele>679.0</ele></trkpt><trkpt lat="38.260470000000005" lon="-79.29145000000001"><ele>669.0</ele></trkpt><trkpt lat="38.26131" lon="-79.29128"><ele>658.0</ele></trkpt><trkpt lat="38.26155" lon="-79.2911"><ele>655.0</ele></trkpt><trkpt lat="38.26212500038833" lon="-79.29078500251111"><ele>645.0</ele></trkpt><trkpt lat="38.2627" lon="-79.29047000000001"><ele>641.0</ele></trkpt><trkpt lat="38.26316499989654" lon="-79.29031500106063"><ele>638.0</ele></trkpt><trkpt lat="38.263630000000006" lon="-79.29016"><ele>635.0</ele></trkpt><trkpt lat="38.26417" lon="-79.29011000000001"><ele>634.0</ele></trkpt><trkpt lat="38.264660000140665" lon="-79.290139999806"><ele>631.0</ele></trkpt><trkpt lat="38.265150000000006" lon="-79.29017"><ele>629.0</ele></trkpt><trkpt lat="38.265260000000005" lon="-79.29034"><ele>628.0</ele></trkpt><trkpt lat="38.26603" lon="-79.29043"><ele>626.0</ele></trkpt><trkpt lat="38.266510000000004" lon="-79.29065"><ele>623.0</ele></trkpt><trkpt lat="38.26711750216108" lon="-79.29106248964632"><ele>619.0</ele></trkpt><trkpt lat="38.26772500287814" lon="-79.29147498619268"><ele>617.0</ele></trkpt><trkpt lat="38.26833250215112" lon="-79.29188748963928"><ele>615.0</ele></trkpt><trkpt lat="38.26894" lon="-79.29230000000001"><ele>612.0</ele></trkpt><trkpt lat="38.269380000000005" lon="-79.29258"><ele>611.0</ele></trkpt><trkpt lat="38.26994500012655" lon="-79.29275999859622"><ele>609.0</ele></trkpt><trkpt lat="38.27051" lon="-79.29294"><ele>608.0</ele></trkpt><trkpt lat="38.270700000000005" lon="-79.29352"><ele>606.0</ele></trkpt><trkpt lat="38.271460000000005" lon="-79.29389"><ele>604.0</ele></trkpt><trkpt lat="38.27165" lon="-79.29418000000001"><ele>603.0</ele></trkpt><trkpt lat="38.272180000000006" lon="-79.29451"><ele>602.0</ele></trkpt><trkpt lat="38.272750002331485" lon="-79.29502999187028"><ele>601.0</ele></trkpt><trkpt lat="38.273320002368074" lon="-79.29554999190354"><ele>599.0</ele></trkpt><trkpt lat="38.27389" lon="-79.29607"><ele>597.0</ele></trkpt><trkpt lat="38.274440000000006" lon="-79.29612"><ele>595.0</ele></trkpt><trkpt lat="38.274840000000005" lon="-79.2963"><ele>591.0</ele></trkpt><trkpt lat="38.27485" lon="-79.29632000000001"><ele>591.0</ele></trkpt><trkpt lat="38.27541000188692" lon="-79.29699999466426"><ele>595.0</ele></trkpt><trkpt lat="38.27597" lon="-79.29768"><ele>602.0</ele></trkpt><trkpt lat="38.27640500094104" lon="-79.29716500330372"><ele>610.0</ele></trkpt><trkpt lat="38.27684" lon="-79.29665"><ele>609.0</ele></trkpt><trkpt lat="38.27676000750202" lon="-79.2957099979583"><ele>620.0</ele></trkpt><trkpt lat="38.27668000750452" lon="-79.29476999798786"><ele>624.0</ele></trkpt><trkpt lat="38.2766" lon="-79.29383"><ele>641.0</ele></trkpt><trkpt lat="38.276810000000005" lon="-79.29325"><ele>648.0</ele></trkpt><trkpt lat="38.2768" lon="-79.29325"><ele>648.0</ele></trkpt><trkpt lat="38.27667" lon="-79.29248000000001"><ele>652.0</ele></trkpt><trkpt lat="38.276895002689606" lon="-79.29168500243713"><ele>658.0</ele></trkpt><trkpt lat="38.277120000000004" lon="-79.29089"><ele>652.0</ele></trkpt><trkpt lat="38.27711" lon="-79.29089"><ele>652.0</ele></trkpt><trkpt lat="38.277725000371134" lon="-79.29058000264428"><ele>659.0</ele></trkpt><trkpt lat="38.27834" lon="-79.29027"><ele>650.0</ele></trkpt><trkpt lat="38.27834" lon="-79.29028000000001"><ele>650.0</ele></trkpt><trkpt lat="38.27875000386537" lon="-79.29123999447182"><ele>646.0</ele></trkpt><trkpt lat="38.279160000000005" lon="-79.29220000000001"><ele>639.0</ele></trkpt><trkpt lat="38.27915" lon="-79.29220000000001"><ele>639.0</ele></trkpt><trkpt lat="38.27994" lon="-79.29226000000001"><ele>615.0</ele></trkpt><trkpt lat="38.280030000000004" lon="-79.29173"><ele>595.0</ele></trkpt><trkpt lat="38.28002" lon="-79.29173"><ele>595.0</ele></trkpt><trkpt lat="38.28074666856244" lon="-79.29125000964848"><ele>591.0</ele></trkpt><trkpt lat="38.28147333516937" lon="-79.2907700096881"><ele>596.0</ele></trkpt><trkpt lat="38.2822" lon="-79.29029000000001"><ele>607.0</ele></trkpt><trkpt lat="38.28217" lon="-79.29027"><ele>609.0</ele></trkpt><trkpt lat="38.282230000000006" lon="-79.29016"><ele>610.0</ele></trkpt><trkpt lat="38.282300000000006" lon="-79.29007"><ele>610.0</ele></trkpt><trkpt lat="38.2826" lon="-79.28977"><ele>612.0</ele></trkpt><trkpt lat="38.28298" lon="-79.28949"><ele>613.0</ele></trkpt><trkpt lat="38.283370000000005" lon="-79.28927"><ele>611.0</ele></trkpt><trkpt lat="38.28374" lon="-79.28922"><ele>609.0</ele></trkpt><trkpt lat="38.28401" lon="-79.28909"><ele>608.0</ele></trkpt><trkpt lat="38.284090000000006" lon="-79.28898000000001"><ele>608.0</ele></trkpt><trkpt lat="38.284710000000004" lon="-79.28917000000001"><ele>613.0</ele></trkpt><trkpt lat="38.28544" lon="-79.28913"><ele>620.0</ele></trkpt><trkpt lat="38.28591000000835" lon="-79.28906500042221"><ele>623.0</ele></trkpt><trkpt lat="38.28638" lon="-79.289"><ele>627.0</ele></trkpt><trkpt lat="38.28696" lon="-79.28930000000001"><ele>631.0</ele></trkpt><trkpt lat="38.287110000000006" lon="-79.28949"><ele>633.0</ele></trkpt><trkpt lat="38.28735" lon="-79.28971"><ele>636.0</ele></trkpt><trkpt lat="38.2875" lon="-79.2898"><ele>638.0</ele></trkpt><trkpt lat="38.287690000000005" lon="-79.28977"><ele>641.0</ele></trkpt><trkpt lat="38.287800000000004" lon="-79.28971"><ele>643.0</ele></trkpt><trkpt lat="38.288360000000004" lon="-79.28958"><ele>647.0</ele></trkpt><trkpt lat="38.28890000023144" lon="-79.28935500166715"><ele>649.0</ele></trkpt><trkpt lat="38.289440000000006" lon="-79.28913"><ele>651.0</ele></trkpt><trkpt lat="38.29021" lon="-79.28877"><ele>656.0</ele></trkpt><trkpt lat="38.2907450000543" lon="-79.28859500131483"><ele>658.0</ele></trkpt><trkpt lat="38.29128" lon="-79.28842"><ele>661.0</ele></trkpt><trkpt lat="38.29151" lon="-79.28851"><ele>663.0</ele></trkpt><trkpt lat="38.29222" lon="-79.28833"><ele>664.0</ele></trkpt><trkpt lat="38.292750000000005" lon="-79.28823000000001"><ele>665.0</ele></trkpt><trkpt lat="38.29301" lon="-79.28823000000001"><ele>665.0</ele></trkpt><trkpt lat="38.293290000000006" lon="-79.28792"><ele>666.0</ele></trkpt><trkpt lat="38.29368" lon="-79.28774"><ele>669.0</ele></trkpt><trkpt lat="38.29421250447395" lon="-79.2871475130396"><ele>673.0</ele></trkpt><trkpt lat="38.294745005967975" lon="-79.28655501738335"><ele>677.0</ele></trkpt><trkpt lat="38.295277504481994" lon="-79.28596251303101"><ele>681.0</ele></trkpt><trkpt lat="38.29581" lon="-79.28537"><ele>686.0</ele></trkpt><trkpt lat="38.295970000000004" lon="-79.2852"><ele>686.0</ele></trkpt><trkpt lat="38.29612" lon="-79.2851"><ele>687.0</ele></trkpt><trkpt lat="38.296170000000004" lon="-79.28488"><ele>688.0</ele></trkpt><trkpt lat="38.296150000000004" lon="-79.28466"><ele>689.0</ele></trkpt><trkpt lat="38.29647000101427" lon="-79.28423000158804"><ele>691.0</ele></trkpt><trkpt lat="38.29679" lon="-79.2838"><ele>692.0</ele></trkpt><trkpt lat="38.2971" lon="-79.28358"><ele>696.0</ele></trkpt><trkpt lat="38.29737" lon="-79.28345"><ele>697.0</ele></trkpt><trkpt lat="38.29786" lon="-79.28330000000001"><ele>699.0</ele></trkpt><trkpt lat="38.29836" lon="-79.28335000000001"><ele>703.0</ele></trkpt><trkpt lat="38.298680000000004" lon="-79.28344000000001"><ele>705.0</ele></trkpt><trkpt lat="38.2989" lon="-79.28344000000001"><ele>707.0</ele></trkpt><trkpt lat="38.29936000036234" lon="-79.28315000183532"><ele>711.0</ele></trkpt><trkpt lat="38.299820000000004" lon="-79.28286"><ele>715.0</ele></trkpt><trkpt lat="38.30039" lon="-79.28264"><ele>721.0</ele></trkpt><trkpt lat="38.30083500042155" lon="-79.28235000173676"><ele>726.0</ele></trkpt><trkpt lat="38.301280000000006" lon="-79.28206"><ele>731.0</ele></trkpt><trkpt lat="38.30163" lon="-79.28192"><ele>735.0</ele></trkpt><trkpt lat="38.3021" lon="-79.28193"><ele>739.0</ele></trkpt><trkpt lat="38.30232" lon="-79.28198"><ele>742.0</ele></trkpt><trkpt lat="38.30241" lon="-79.28179"><ele>743.0</ele></trkpt><trkpt lat="38.30237" lon="-79.28156000000001"><ele>746.0</ele></trkpt><trkpt lat="38.302260000000004" lon="-79.28134"><ele>747.0</ele></trkpt><trkpt lat="38.3018" lon="-79.28089"><ele>751.0</ele></trkpt><trkpt lat="38.30156" lon="-79.28072"><ele>753.0</ele></trkpt><trkpt lat="38.301210000000005" lon="-79.28054"><ele>757.0</ele></trkpt><trkpt lat="38.300940000000004" lon="-79.28019"><ele>760.0</ele></trkpt><trkpt lat="38.30050000000001" lon="-79.28"><ele>766.0</ele></trkpt><trkpt lat="38.30046" lon="-79.27986000000001"><ele>767.0</ele></trkpt><trkpt lat="38.300540000000005" lon="-79.27968000000001"><ele>768.0</ele></trkpt><trkpt lat="38.300790000000006" lon="-79.27947"><ele>770.0</ele></trkpt><trkpt lat="38.30111" lon="-79.27901"><ele>776.0</ele></trkpt><trkpt lat="38.30154" lon="-79.2788"><ele>780.0</ele></trkpt><trkpt lat="38.30196" lon="-79.27843"><ele>786.0</ele></trkpt><trkpt lat="38.302130000000005" lon="-79.27839"><ele>788.0</ele></trkpt><trkpt lat="38.302820000000004" lon="-79.27866"><ele>794.0</ele></trkpt><trkpt lat="38.303290000000004" lon="-79.27887000000001"><ele>799.0</ele></trkpt><trkpt lat="38.30384" lon="-79.27861"><ele>805.0</ele></trkpt><trkpt lat="38.30404" lon="-79.27848"><ele>806.0</ele></trkpt><trkpt lat="38.30424" lon="-79.27816"><ele>811.0</ele></trkpt><trkpt lat="38.30456" lon="-79.27745"><ele>814.0</ele></trkpt><trkpt lat="38.304790000000004" lon="-79.27686000000001"><ele>813.0</ele></trkpt><trkpt lat="38.30503" lon="-79.27642"><ele>811.0</ele></trkpt><trkpt lat="38.3051" lon="-79.27619"><ele>812.0</ele></trkpt><trkpt lat="38.30512" lon="-79.27561"><ele>817.0</ele></trkpt><trkpt lat="38.30518" lon="-79.2753"><ele>818.0</ele></trkpt><trkpt lat="38.30525" lon="-79.27517"><ele>819.0</ele></trkpt><trkpt lat="38.30538000000001" lon="-79.27508"><ele>821.0</ele></trkpt><trkpt lat="38.30559" lon="-79.27499"><ele>822.0</ele></trkpt><trkpt lat="38.30575" lon="-79.27441"><ele>824.0</ele></trkpt><trkpt lat="38.30592" lon="-79.27392"><ele>826.0</ele></trkpt><trkpt lat="38.306140000000006" lon="-79.27351"><ele>830.0</ele></trkpt><trkpt lat="38.306090000000005" lon="-79.27287000000001"><ele>834.0</ele></trkpt><trkpt lat="38.305890000000005" lon="-79.27181"><ele>843.0</ele></trkpt><trkpt lat="38.305710000000005" lon="-79.27122"><ele>846.0</ele></trkpt><trkpt lat="38.305530000000005" lon="-79.27082"><ele>850.0</ele></trkpt><trkpt lat="38.30494" lon="-79.27025"><ele>858.0</ele></trkpt><trkpt lat="38.30489" lon="-79.27014000000001"><ele>858.0</ele></trkpt><trkpt lat="38.304990000000004" lon="-79.27006"><ele>858.0</ele></trkpt><trkpt lat="38.3053" lon="-79.27010000000001"><ele>860.0</ele></trkpt><trkpt lat="38.30561" lon="-79.27016"><ele>863.0</ele></trkpt><trkpt lat="38.3059" lon="-79.27034"><ele>867.0</ele></trkpt><trkpt lat="38.30632000032675" lon="-79.27006000162537"><ele>872.0</ele></trkpt><trkpt lat="38.306740000000005" lon="-79.26978000000001"><ele>876.0</ele></trkpt><trkpt lat="38.307300000000005" lon="-79.26975"><ele>880.0</ele></trkpt><trkpt lat="38.307760001158194" lon="-79.26922500334317"><ele>887.0</ele></trkpt><trkpt lat="38.308220000000006" lon="-79.26870000000001"><ele>892.0</ele></trkpt><trkpt lat="38.308220000000006" lon="-79.26871000000001"><ele>892.0</ele></trkpt><trkpt lat="38.308600000000006" lon="-79.26828"><ele>896.0</ele></trkpt><trkpt lat="38.30868" lon="-79.26812000000001"><ele>898.0</ele></trkpt><trkpt lat="38.3095" lon="-79.26847000000001"><ele>887.0</ele></trkpt><trkpt lat="38.30977" lon="-79.26863"><ele>883.0</ele></trkpt><trkpt lat="38.31002" lon="-79.2684"><ele>881.0</ele></trkpt><trkpt lat="38.31027" lon="-79.26808000000001"><ele>878.0</ele></trkpt><trkpt lat="38.31053" lon="-79.26791"><ele>874.0</ele></trkpt><trkpt lat="38.310860000000005" lon="-79.26795000000001"><ele>869.0</ele></trkpt><trkpt lat="38.311170000000004" lon="-79.26827"><ele>864.0</ele></trkpt><trkpt lat="38.311400000000006" lon="-79.26849"><ele>862.0</ele></trkpt><trkpt lat="38.31159" lon="-79.26836"><ele>861.0</ele></trkpt><trkpt lat="38.3117" lon="-79.2681"><ele>857.0</ele></trkpt><trkpt lat="38.31186" lon="-79.26751"><ele>853.0</ele></trkpt><trkpt lat="38.31213" lon="-79.26729"><ele>849.0</ele></trkpt><trkpt lat="38.31233" lon="-79.26742"><ele>845.0</ele></trkpt><trkpt lat="38.31275000273031" lon="-79.26821999539227"><ele>838.0</ele></trkpt><trkpt lat="38.31317000000001" lon="-79.26902000000001"><ele>829.0</ele></trkpt><trkpt lat="38.31362" lon="-79.26956000000001"><ele>822.0</ele></trkpt><trkpt lat="38.31394" lon="-79.26962"><ele>819.0</ele></trkpt><trkpt lat="38.314420000000005" lon="-79.26939"><ele>813.0</ele></trkpt><trkpt lat="38.31465" lon="-79.26935"><ele>812.0</ele></trkpt><trkpt lat="38.31512" lon="-79.26961"><ele>807.0</ele></trkpt><trkpt lat="38.315900000000006" lon="-79.26973000000001"><ele>801.0</ele></trkpt><trkpt lat="38.316320000000005" lon="-79.26975"><ele>797.0</ele></trkpt><trkpt lat="38.316520000000004" lon="-79.26997"><ele>795.0</ele></trkpt><trkpt lat="38.31721" lon="-79.27011"><ele>788.0</ele></trkpt><trkpt lat="38.317800000000005" lon="-79.27028"><ele>784.0</ele></trkpt><trkpt lat="38.318340000000006" lon="-79.27051"><ele>780.0</ele></trkpt><trkpt lat="38.318670000000004" lon="-79.27072000000001"><ele>779.0</ele></trkpt><trkpt lat="38.3187" lon="-79.27104000000001"><ele>778.0</ele></trkpt><trkpt lat="38.318470000000005" lon="-79.27149"><ele>775.0</ele></trkpt><trkpt lat="38.318120000730396" lon="-79.27185500159015"><ele>771.0</ele></trkpt><trkpt lat="38.31777" lon="-79.27222"><ele>766.0</ele></trkpt><trkpt lat="38.31763" lon="-79.27248"><ele>764.0</ele></trkpt><trkpt lat="38.317820000000005" lon="-79.27284"><ele>763.0</ele></trkpt><trkpt lat="38.31814" lon="-79.27319"><ele>765.0</ele></trkpt><trkpt lat="38.31841" lon="-79.27338"><ele>766.0</ele></trkpt><trkpt lat="38.31866" lon="-79.27364"><ele>767.0</ele></trkpt><trkpt lat="38.318850000000005" lon="-79.27378"><ele>768.0</ele></trkpt><trkpt lat="38.31898" lon="-79.27369"><ele>768.0</ele></trkpt><trkpt lat="38.319160000000004" lon="-79.2736"><ele>769.0</ele></trkpt><trkpt lat="38.31949" lon="-79.27364"><ele>772.0</ele></trkpt><trkpt lat="38.319700000000005" lon="-79.27382"><ele>775.0</ele></trkpt><trkpt lat="38.31976" lon="-79.27404"><ele>776.0</ele></trkpt><trkpt lat="38.319840000000006" lon="-79.27413"><ele>776.0</ele></trkpt><trkpt lat="38.32011" lon="-79.27404"><ele>775.0</ele></trkpt><trkpt lat="38.320750000000004" lon="-79.27413"><ele>779.0</ele></trkpt><trkpt lat="38.32097" lon="-79.274"><ele>779.0</ele></trkpt><trkpt lat="38.321000000000005" lon="-79.27379"><ele>778.0</ele></trkpt><trkpt lat="38.32119" lon="-79.27351"><ele>779.0</ele></trkpt><trkpt lat="38.3213" lon="-79.27338"><ele>779.0</ele></trkpt><trkpt lat="38.32141" lon="-79.27338"><ele>780.0</ele></trkpt><trkpt lat="38.32208" lon="-79.27396"><ele>789.0</ele></trkpt><trkpt lat="38.32236" lon="-79.274"><ele>790.0</ele></trkpt><trkpt lat="38.322790000000005" lon="-79.27350000000001"><ele>794.0</ele></trkpt><trkpt lat="38.3233" lon="-79.27345000000001"><ele>792.0</ele></trkpt><trkpt lat="38.32383" lon="-79.27364"><ele>789.0</ele></trkpt><trkpt lat="38.32433500040602" lon="-79.27328500256394"><ele>786.0</ele></trkpt><trkpt lat="38.32484" lon="-79.27293"><ele>784.0</ele></trkpt><trkpt lat="38.32519500116427" lon="-79.27238500281773"><ele>782.0</ele></trkpt><trkpt lat="38.32555" lon="-79.27184000000001"><ele>782.0</ele></trkpt><trkpt lat="38.325770000000006" lon="-79.2714"><ele>783.0</ele></trkpt><trkpt lat="38.32589" lon="-79.27028"><ele>780.0</ele></trkpt><trkpt lat="38.32621" lon="-79.26975"><ele>774.0</ele></trkpt><trkpt lat="38.32631000000001" lon="-79.27023000000001"><ele>771.0</ele></trkpt><trkpt lat="38.32634" lon="-79.27081000000001"><ele>765.0</ele></trkpt><trkpt lat="38.326440000000005" lon="-79.27128"><ele>762.0</ele></trkpt><trkpt lat="38.32665" lon="-79.27159"><ele>759.0</ele></trkpt><trkpt lat="38.32618" lon="-79.2723"><ele>756.0</ele></trkpt><trkpt lat="38.32607" lon="-79.27301000000001"><ele>752.0</ele></trkpt><trkpt lat="38.325880000000005" lon="-79.27329"><ele>752.0</ele></trkpt><trkpt lat="38.32564" lon="-79.27351"><ele>751.0</ele></trkpt><trkpt lat="38.32551" lon="-79.27377000000001"><ele>749.0</ele></trkpt><trkpt lat="38.325500000000005" lon="-79.27413"><ele>745.0</ele></trkpt><trkpt lat="38.3256" lon="-79.27458"><ele>741.0</ele></trkpt><trkpt lat="38.325810000000004" lon="-79.27498000000001"><ele>737.0</ele></trkpt><trkpt lat="38.325790000000005" lon="-79.27525"><ele>737.0</ele></trkpt><trkpt lat="38.325480000000006" lon="-79.2753"><ele>736.0</ele></trkpt><trkpt lat="38.3256" lon="-79.27597"><ele>729.0</ele></trkpt><trkpt lat="38.32591500112287" lon="-79.27648999769868"><ele>722.0</ele></trkpt><trkpt lat="38.32623" lon="-79.27701"><ele>715.0</ele></trkpt><trkpt lat="38.326530000000005" lon="-79.27772"><ele>712.0</ele></trkpt><trkpt lat="38.32699" lon="-79.27776"><ele>710.0</ele></trkpt><trkpt lat="38.327440000234745" lon="-79.27753500138708"><ele>708.0</ele></trkpt><trkpt lat="38.327890000000004" lon="-79.27731"><ele>708.0</ele></trkpt><trkpt lat="38.328100000000006" lon="-79.27735000000001"><ele>707.0</ele></trkpt><trkpt lat="38.32830000115054" lon="-79.27786999857165"><ele>707.0</ele></trkpt><trkpt lat="38.328500000000005" lon="-79.27839"><ele>706.0</ele></trkpt><trkpt lat="38.328500000000005" lon="-79.27906"><ele>704.0</ele></trkpt><trkpt lat="38.32862" lon="-79.27866"><ele>703.0</ele></trkpt><trkpt lat="38.32864" lon="-79.27839"><ele>701.0</ele></trkpt><trkpt lat="38.3286" lon="-79.27786"><ele>696.0</ele></trkpt><trkpt lat="38.328610000000005" lon="-79.27705"><ele>689.0</ele></trkpt><trkpt lat="38.3286" lon="-79.27682"><ele>686.0</ele></trkpt><trkpt lat="38.32847" lon="-79.27604000000001"><ele>681.0</ele></trkpt><trkpt lat="38.32847" lon="-79.27592000000001"><ele>681.0</ele></trkpt><trkpt lat="38.32847" lon="-79.27604000000001"><ele>681.0</ele></trkpt><trkpt lat="38.32849" lon="-79.27543"><ele>679.0</ele></trkpt><trkpt lat="38.328520000000005" lon="-79.27513"><ele>679.0</ele></trkpt><trkpt lat="38.32858" lon="-79.27489000000001"><ele>678.0</ele></trkpt><trkpt lat="38.32864" lon="-79.27472"><ele>677.0</ele></trkpt><trkpt lat="38.32885" lon="-79.27428"><ele>676.0</ele></trkpt><trkpt lat="38.328970000000005" lon="-79.27409"><ele>676.0</ele></trkpt><trkpt lat="38.32938000143766" lon="-79.27351000326789"><ele>676.0</ele></trkpt><trkpt lat="38.32979" lon="-79.27293"><ele>675.0</ele></trkpt><trkpt lat="38.32997" lon="-79.27266"><ele>674.0</ele></trkpt><trkpt lat="38.330180000000006" lon="-79.27221"><ele>673.0</ele></trkpt><trkpt lat="38.330360000000006" lon="-79.27167"><ele>673.0</ele></trkpt><trkpt lat="38.330560000000006" lon="-79.27122"><ele>672.0</ele></trkpt><trkpt lat="38.33077000136048" lon="-79.27066500146896"><ele>671.0</ele></trkpt><trkpt lat="38.330980000000004" lon="-79.27011"><ele>671.0</ele></trkpt><trkpt lat="38.3314" lon="-79.26912"><ele>670.0</ele></trkpt><trkpt lat="38.33147" lon="-79.26894"><ele>670.0</ele></trkpt><trkpt lat="38.33164" lon="-79.26818"><ele>668.0</ele></trkpt><trkpt lat="38.33176500354444" lon="-79.26726500165243"><ele>668.0</ele></trkpt><trkpt lat="38.33189" lon="-79.26635"><ele>665.0</ele></trkpt><trkpt lat="38.332080000000005" lon="-79.26584000000001"><ele>663.0</ele></trkpt><trkpt lat="38.332240000000006" lon="-79.26549"><ele>663.0</ele></trkpt><trkpt lat="38.332440001052596" lon="-79.26497500161055"><ele>664.0</ele></trkpt><trkpt lat="38.332640000000005" lon="-79.26446"><ele>663.0</ele></trkpt><trkpt lat="38.33306" lon="-79.26348"><ele>661.0</ele></trkpt><trkpt lat="38.333400000000005" lon="-79.26258"><ele>661.0</ele></trkpt><trkpt lat="38.33382" lon="-79.2616"><ele>659.0</ele></trkpt><trkpt lat="38.334010000000006" lon="-79.26111"><ele>656.0</ele></trkpt><trkpt lat="38.334070000000004" lon="-79.26089"><ele>656.0</ele></trkpt><trkpt lat="38.33409" lon="-79.26052"><ele>654.0</ele></trkpt><trkpt lat="38.33408500232408" lon="-79.25977999981838"><ele>651.0</ele></trkpt><trkpt lat="38.33408" lon="-79.25904000000001"><ele>650.0</ele></trkpt><trkpt lat="38.33417" lon="-79.25815"><ele>649.0</ele></trkpt><trkpt lat="38.33435" lon="-79.25726"><ele>649.0</ele></trkpt><trkpt lat="38.33472000412981" lon="-79.2562700051395"><ele>648.0</ele></trkpt><trkpt lat="38.33509" lon="-79.25528000000001"><ele>647.0</ele></trkpt><trkpt lat="38.33533500102064" lon="-79.25477000189869"><ele>646.0</ele></trkpt><trkpt lat="38.33558" lon="-79.25426"><ele>645.0</ele></trkpt><trkpt lat="38.33569" lon="-79.25385"><ele>645.0</ele></trkpt><trkpt lat="38.335710000000006" lon="-79.25291"><ele>644.0</ele></trkpt><trkpt lat="38.3357" lon="-79.25207"><ele>643.0</ele></trkpt><trkpt lat="38.335730000000005" lon="-79.25133000000001"><ele>642.0</ele></trkpt><trkpt lat="38.335730000000005" lon="-79.25134000000001"><ele>642.0</ele></trkpt><trkpt lat="38.33574667304373" lon="-79.25047333378778"><ele>640.0</ele></trkpt><trkpt lat="38.33576333970932" lon="-79.24960666717676"><ele>638.0</ele></trkpt><trkpt lat="38.33578" lon="-79.24874000000001"><ele>637.0</ele></trkpt><trkpt lat="38.33574" lon="-79.2479"><ele>638.0</ele></trkpt><trkpt lat="38.33574" lon="-79.24741"><ele>637.0</ele></trkpt><trkpt lat="38.33576" lon="-79.24696"><ele>637.0</ele></trkpt><trkpt lat="38.33581" lon="-79.24650000000001"><ele>636.0</ele></trkpt><trkpt lat="38.335860000000004" lon="-79.24575"><ele>635.0</ele></trkpt><trkpt lat="38.33583" lon="-79.24535"><ele>635.0</ele></trkpt><trkpt lat="38.335750000000004" lon="-79.24472"><ele>636.0</ele></trkpt><trkpt lat="38.335800000000006" lon="-79.24459"><ele>636.0</ele></trkpt><trkpt lat="38.33587" lon="-79.24455"><ele>636.0</ele></trkpt><trkpt lat="38.33603" lon="-79.24458000000001"><ele>636.0</ele></trkpt><trkpt lat="38.336130000000004" lon="-79.24455"><ele>636.0</ele></trkpt><trkpt lat="38.33653" lon="-79.24468"><ele>636.0</ele></trkpt><trkpt lat="38.337110001443186" lon="-79.24509332671023"><ele>638.0</ele></trkpt><trkpt lat="38.337690001435625" lon="-79.2455066600381"><ele>639.0</ele></trkpt><trkpt lat="38.33827" lon="-79.24592000000001"><ele>640.0</ele></trkpt><trkpt lat="38.33881" lon="-79.24623000000001"><ele>641.0</ele></trkpt><trkpt lat="38.33903" lon="-79.24629"><ele>641.0</ele></trkpt><trkpt lat="38.339360000000006" lon="-79.24634"><ele>641.0</ele></trkpt><trkpt lat="38.33952" lon="-79.24633"><ele>641.0</ele></trkpt><trkpt lat="38.3399" lon="-79.24611"><ele>641.0</ele></trkpt><trkpt lat="38.34011" lon="-79.24606"><ele>641.0</ele></trkpt><trkpt lat="38.34026" lon="-79.24606"><ele>641.0</ele></trkpt><trkpt lat="38.34075" lon="-79.24615"><ele>643.0</ele></trkpt><trkpt lat="38.34132" lon="-79.24633"><ele>644.0</ele></trkpt><trkpt lat="38.341660000000005" lon="-79.24656"><ele>645.0</ele></trkpt><trkpt lat="38.34181" lon="-79.24669"><ele>645.0</ele></trkpt><trkpt lat="38.342110000000005" lon="-79.24705"><ele>646.0</ele></trkpt><trkpt lat="38.34257000197001" lon="-79.2477199958385"><ele>647.0</ele></trkpt><trkpt lat="38.343030000000006" lon="-79.24839"><ele>649.0</ele></trkpt><trkpt lat="38.34349000435901" lon="-79.24910665756023"><ele>650.0</ele></trkpt><trkpt lat="38.34395000435643" lon="-79.24982332422273"><ele>651.0</ele></trkpt><trkpt lat="38.34441" lon="-79.25054"><ele>652.0</ele></trkpt><trkpt lat="38.3446850015788" lon="-79.25116499744566"><ele>653.0</ele></trkpt><trkpt lat="38.34496" lon="-79.25179"><ele>654.0</ele></trkpt><trkpt lat="38.34521" lon="-79.25224"><ele>655.0</ele></trkpt><trkpt lat="38.34534" lon="-79.25241000000001"><ele>655.0</ele></trkpt><trkpt lat="38.34554" lon="-79.25251"><ele>656.0</ele></trkpt><trkpt lat="38.345670000000005" lon="-79.25255"><ele>656.0</ele></trkpt><trkpt lat="38.346160000000005" lon="-79.2526"><ele>657.0</ele></trkpt><trkpt lat="38.346810000000005" lon="-79.25273"><ele>658.0</ele></trkpt><trkpt lat="38.34698" lon="-79.25273"><ele>658.0</ele></trkpt><trkpt lat="38.3472" lon="-79.25269"><ele>658.0</ele></trkpt><trkpt lat="38.347350000000006" lon="-79.2526"><ele>659.0</ele></trkpt><trkpt lat="38.347750000000005" lon="-79.25233"><ele>659.0</ele></trkpt><trkpt lat="38.34798" lon="-79.25215"><ele>660.0</ele></trkpt><trkpt lat="38.348200000000006" lon="-79.25202"><ele>660.0</ele></trkpt><trkpt lat="38.34857" lon="-79.25197"><ele>661.0</ele></trkpt><trkpt lat="38.34872" lon="-79.25206"><ele>661.0</ele></trkpt><trkpt lat="38.34892" lon="-79.25224"><ele>661.0</ele></trkpt><trkpt lat="38.34902" lon="-79.25238"><ele>662.0</ele></trkpt><trkpt lat="38.34942" lon="-79.253"><ele>664.0</ele></trkpt><trkpt lat="38.34991" lon="-79.25363"><ele>665.0</ele></trkpt><trkpt lat="38.35011" lon="-79.25378"><ele>665.0</ele></trkpt><trkpt lat="38.350300000000004" lon="-79.2539"><ele>665.0</ele></trkpt><trkpt lat="38.35072" lon="-79.25403"><ele>666.0</ele></trkpt><trkpt lat="38.35117000023479" lon="-79.25420999892035"><ele>668.0</ele></trkpt><trkpt lat="38.351620000000004" lon="-79.25439"><ele>668.0</ele></trkpt><trkpt lat="38.35202" lon="-79.25457"><ele>669.0</ele></trkpt><trkpt lat="38.352810000000005" lon="-79.25497"><ele>670.0</ele></trkpt><trkpt lat="38.35323000019296" lon="-79.25521999850682"><ele>671.0</ele></trkpt><trkpt lat="38.35365" lon="-79.25547"><ele>672.0</ele></trkpt><trkpt lat="38.35428" lon="-79.25596"><ele>673.0</ele></trkpt><trkpt lat="38.35468000068857" lon="-79.25635999779941"><ele>674.0</ele></trkpt><trkpt lat="38.35508" lon="-79.25676"><ele>675.0</ele></trkpt><trkpt lat="38.35546" lon="-79.25711000000001"><ele>676.0</ele></trkpt><trkpt lat="38.355940000000004" lon="-79.25735"><ele>676.0</ele></trkpt><trkpt lat="38.35636" lon="-79.25748"><ele>677.0</ele></trkpt><trkpt lat="38.35661" lon="-79.25756000000001"><ele>677.0</ele></trkpt><trkpt lat="38.35716" lon="-79.25793"><ele>680.0</ele></trkpt><trkpt lat="38.357865001371835" lon="-79.25850999430546"><ele>682.0</ele></trkpt><trkpt lat="38.35857" lon="-79.25909"><ele>684.0</ele></trkpt><trkpt lat="38.35884" lon="-79.25935000000001"><ele>686.0</ele></trkpt><trkpt lat="38.359120000000004" lon="-79.25949"><ele>686.0</ele></trkpt><trkpt lat="38.35927" lon="-79.25954"><ele>687.0</ele></trkpt><trkpt lat="38.359500000000004" lon="-79.25958"><ele>687.0</ele></trkpt><trkpt lat="38.35962" lon="-79.25963"><ele>687.0</ele></trkpt><trkpt lat="38.35996" lon="-79.25999"><ele>688.0</ele></trkpt><trkpt lat="38.36045" lon="-79.26038000000001"><ele>690.0</ele></trkpt><trkpt lat="38.360670000000006" lon="-79.26049"><ele>690.0</ele></trkpt><trkpt lat="38.361290000000004" lon="-79.26079"><ele>692.0</ele></trkpt><trkpt lat="38.36146" lon="-79.26088"><ele>692.0</ele></trkpt><trkpt lat="38.361880000000006" lon="-79.26137"><ele>694.0</ele></trkpt><trkpt lat="38.362190000000005" lon="-79.26191"><ele>696.0</ele></trkpt><trkpt lat="38.36236" lon="-79.26227"><ele>697.0</ele></trkpt><trkpt lat="38.362480000000005" lon="-79.26258"><ele>698.0</ele></trkpt><trkpt lat="38.362880000000004" lon="-79.26352"><ele>698.0</ele></trkpt><trkpt lat="38.36308000228464" lon="-79.2642399983099"><ele>699.0</ele></trkpt><trkpt lat="38.36328" lon="-79.26496"><ele>700.0</ele></trkpt><trkpt lat="38.36359" lon="-79.26589000000001"><ele>701.0</ele></trkpt><trkpt lat="38.36381" lon="-79.2663"><ele>703.0</ele></trkpt><trkpt lat="38.36404" lon="-79.26662"><ele>703.0</ele></trkpt><trkpt lat="38.364160000000005" lon="-79.26693"><ele>704.0</ele></trkpt><trkpt lat="38.364160000000005" lon="-79.26707"><ele>704.0</ele></trkpt><trkpt lat="38.36413" lon="-79.26719000000001"><ele>704.0</ele></trkpt><trkpt lat="38.36383" lon="-79.26750000000001"><ele>704.0</ele></trkpt><trkpt lat="38.36368" lon="-79.26774"><ele>704.0</ele></trkpt><trkpt lat="38.36361" lon="-79.26799000000001"><ele>704.0</ele></trkpt><trkpt lat="38.36361" lon="-79.26805"><ele>704.0</ele></trkpt><trkpt lat="38.363640000000004" lon="-79.26818"><ele>704.0</ele></trkpt><trkpt lat="38.36379" lon="-79.26841"><ele>704.0</ele></trkpt><trkpt lat="38.363910000000004" lon="-79.26858"><ele>704.0</ele></trkpt><trkpt lat="38.364375001101976" lon="-79.26909999660754"><ele>706.0</ele></trkpt><trkpt lat="38.36484" lon="-79.26962"><ele>708.0</ele></trkpt><trkpt lat="38.365010000000005" lon="-79.26979"><ele>708.0</ele></trkpt><trkpt lat="38.36531" lon="-79.27002"><ele>710.0</ele></trkpt><trkpt lat="38.36596" lon="-79.27042"><ele>712.0</ele></trkpt><trkpt lat="38.36625" lon="-79.27065"><ele>712.0</ele></trkpt><trkpt lat="38.36656" lon="-79.27097"><ele>713.0</ele></trkpt><trkpt lat="38.367090000000005" lon="-79.27175000000001"><ele>714.0</ele></trkpt><trkpt lat="38.36728" lon="-79.27195"><ele>715.0</ele></trkpt><trkpt lat="38.36772500082204" lon="-79.27239499724487"><ele>716.0</ele></trkpt><trkpt lat="38.368170000000006" lon="-79.27284"><ele>717.0</ele></trkpt><trkpt lat="38.368750000000006" lon="-79.27346"><ele>719.0</ele></trkpt><trkpt lat="38.368880000000004" lon="-79.27363000000001"><ele>719.0</ele></trkpt><trkpt lat="38.36907" lon="-79.27346"><ele>719.0</ele></trkpt><trkpt lat="38.369260000000004" lon="-79.27334"><ele>719.0</ele></trkpt><trkpt lat="38.36954" lon="-79.27333"><ele>717.0</ele></trkpt><trkpt lat="38.36963" lon="-79.27337"><ele>718.0</ele></trkpt><trkpt lat="38.36984" lon="-79.2736"><ele>723.0</ele></trkpt><trkpt lat="38.369980000000005" lon="-79.27390000000001"><ele>729.0</ele></trkpt><trkpt lat="38.37019" lon="-79.27413"><ele>734.0</ele></trkpt><trkpt lat="38.3703" lon="-79.27423"><ele>736.0</ele></trkpt><trkpt lat="38.370470000000005" lon="-79.27427"><ele>740.0</ele></trkpt><trkpt lat="38.3706" lon="-79.27439000000001"><ele>742.0</ele></trkpt><trkpt lat="38.37059" lon="-79.27458"><ele>745.0</ele></trkpt><trkpt lat="38.370720000000006" lon="-79.27475000000001"><ele>746.0</ele></trkpt><trkpt lat="38.37082" lon="-79.27481"><ele>747.0</ele></trkpt><trkpt lat="38.37107" lon="-79.27481"><ele>749.0</ele></trkpt><trkpt lat="38.37129" lon="-79.27488000000001"><ele>751.0</ele></trkpt><trkpt lat="38.37191" lon="-79.27449"><ele>751.0</ele></trkpt><trkpt lat="38.372260000000004" lon="-79.27409"><ele>751.0</ele></trkpt><trkpt lat="38.3725" lon="-79.27386000000001"><ele>751.0</ele></trkpt><trkpt lat="38.37285" lon="-79.27337"><ele>751.0</ele></trkpt><trkpt lat="38.37306" lon="-79.27297"><ele>751.0</ele></trkpt><trkpt lat="38.373450000000005" lon="-79.27261"><ele>751.0</ele></trkpt><trkpt lat="38.37370000000001" lon="-79.27243"><ele>751.0</ele></trkpt><trkpt lat="38.37406" lon="-79.27199"><ele>868.0</ele></trkpt><trkpt lat="38.37422" lon="-79.27175000000001"><ele>868.0</ele></trkpt><trkpt lat="38.374370000000006" lon="-79.27141"><ele>868.0</ele></trkpt><trkpt lat="38.374460000000006" lon="-79.27087"><ele>868.0</ele></trkpt><trkpt lat="38.374480000000005" lon="-79.27023000000001"><ele>868.0</ele></trkpt><trkpt lat="38.37445" lon="-79.26989"><ele>868.0</ele></trkpt><trkpt lat="38.374340000000004" lon="-79.26953"><ele>868.0</ele></trkpt><trkpt lat="38.374280000000006" lon="-79.26921"><ele>868.0</ele></trkpt><trkpt lat="38.37427" lon="-79.26867"><ele>868.0</ele></trkpt><trkpt lat="38.374280000000006" lon="-79.2685"><ele>868.0</ele></trkpt><trkpt lat="38.37451" lon="-79.26753000000001"><ele>868.0</ele></trkpt><trkpt lat="38.37451" lon="-79.26754000000001"><ele>868.0</ele></trkpt><trkpt lat="38.374550000000006" lon="-79.26738"><ele>868.0</ele></trkpt><trkpt lat="38.37467" lon="-79.26661"><ele>868.0</ele></trkpt><trkpt lat="38.37485" lon="-79.26595"><ele>894.0</ele></trkpt><trkpt lat="38.37498" lon="-79.26561000000001"><ele>894.0</ele></trkpt><trkpt lat="38.37529" lon="-79.26499000000001"><ele>894.0</ele></trkpt><trkpt lat="38.3755" lon="-79.26477000000001"><ele>894.0</ele></trkpt><trkpt lat="38.375710000000005" lon="-79.26443"><ele>894.0</ele></trkpt><trkpt lat="38.37585" lon="-79.26405000000001"><ele>894.0</ele></trkpt><trkpt lat="38.376070000000006" lon="-79.26365000000001"><ele>894.0</ele></trkpt><trkpt lat="38.37615" lon="-79.26334"><ele>894.0</ele></trkpt><trkpt lat="38.376250000000006" lon="-79.26271000000001"><ele>894.0</ele></trkpt><trkpt lat="38.37642" lon="-79.26237"><ele>894.0</ele></trkpt><trkpt lat="38.37653" lon="-79.26235000000001"><ele>894.0</ele></trkpt><trkpt lat="38.3766" lon="-79.26236"><ele>894.0</ele></trkpt><trkpt lat="38.376760000000004" lon="-79.2625"><ele>894.0</ele></trkpt><trkpt lat="38.37707" lon="-79.26271000000001"><ele>894.0</ele></trkpt><trkpt lat="38.37718" lon="-79.26272"><ele>894.0</ele></trkpt><trkpt lat="38.377300000000005" lon="-79.26267"><ele>894.0</ele></trkpt><trkpt lat="38.37794" lon="-79.26219"><ele>1044.0</ele></trkpt><trkpt lat="38.37809" lon="-79.26204000000001"><ele>1044.0</ele></trkpt><trkpt lat="38.378330000000005" lon="-79.26169"><ele>1044.0</ele></trkpt><trkpt lat="38.378620000000005" lon="-79.26119000000001"><ele>1044.0</ele></trkpt><trkpt lat="38.378840000000004" lon="-79.26093"><ele>1044.0</ele></trkpt><trkpt lat="38.379290000000005" lon="-79.26052"><ele>1044.0</ele></trkpt><trkpt lat="38.379340000000006" lon="-79.26052"><ele>1044.0</ele></trkpt><trkpt lat="38.37941" lon="-79.26062"><ele>1044.0</ele></trkpt><trkpt lat="38.37946" lon="-79.26097"><ele>1044.0</ele></trkpt><trkpt lat="38.37952000000001" lon="-79.26114000000001"><ele>1044.0</ele></trkpt><trkpt lat="38.37962" lon="-79.2612"><ele>1044.0</ele></trkpt><trkpt lat="38.379810000000006" lon="-79.2612"><ele>1044.0</ele></trkpt><trkpt lat="38.37988" lon="-79.26115"><ele>1044.0</ele></trkpt><trkpt lat="38.37998" lon="-79.26106"><ele>1044.0</ele></trkpt><trkpt lat="38.38013" lon="-79.26087000000001"><ele>1044.0</ele></trkpt><trkpt lat="38.3804" lon="-79.26038000000001"><ele>1044.0</ele></trkpt><trkpt lat="38.38049" lon="-79.26026"><ele>1044.0</ele></trkpt><trkpt lat="38.380750000000006" lon="-79.26011000000001"><ele>1044.0</ele></trkpt><trkpt lat="38.38101" lon="-79.2599"><ele>1044.0</ele></trkpt><trkpt lat="38.381130000000006" lon="-79.25985"><ele>1044.0</ele></trkpt><trkpt lat="38.38134" lon="-79.25967"><ele>1044.0</ele></trkpt><trkpt lat="38.38148" lon="-79.25963"><ele>1044.0</ele></trkpt><trkpt lat="38.38159" lon="-79.25963"><ele>1044.0</ele></trkpt><trkpt lat="38.381710000000005" lon="-79.25971000000001"><ele>1044.0</ele></trkpt><trkpt lat="38.38195" lon="-79.26008"><ele>1044.0</ele></trkpt><trkpt lat="38.38201" lon="-79.26048"><ele>1044.0</ele></trkpt><trkpt lat="38.3821" lon="-79.26075"><ele>1044.0</ele></trkpt><trkpt lat="38.382200000000005" lon="-79.26093"><ele>1044.0</ele></trkpt><trkpt lat="38.3823" lon="-79.26106"><ele>1044.0</ele></trkpt><trkpt lat="38.38257" lon="-79.26124"><ele>1044.0</ele></trkpt><trkpt lat="38.38335" lon="-79.26151"><ele>1044.0</ele></trkpt><trkpt lat="38.383590000000005" lon="-79.2616"><ele>1044.0</ele></trkpt><trkpt lat="38.38369" lon="-79.26161"><ele>1044.0</ele></trkpt><trkpt lat="38.384130000000006" lon="-79.26164"><ele>1044.0</ele></trkpt><trkpt lat="38.384510000000006" lon="-79.26159000000001"><ele>1190.0</ele></trkpt><trkpt lat="38.384750000000004" lon="-79.26151"><ele>1190.0</ele></trkpt><trkpt lat="38.3851" lon="-79.26134"><ele>1190.0</ele></trkpt><trkpt lat="38.385180000000005" lon="-79.26134"><ele>1190.0</ele></trkpt><trkpt lat="38.38532" lon="-79.26142"><ele>1190.0</ele></trkpt><trkpt lat="38.38539" lon="-79.26151"><ele>1190.0</ele></trkpt><trkpt lat="38.38548" lon="-79.26172000000001"><ele>1190.0</ele></trkpt><trkpt lat="38.38557" lon="-79.26205"><ele>1190.0</ele></trkpt><trkpt lat="38.385740000000006" lon="-79.26258"><ele>1190.0</ele></trkpt><trkpt lat="38.38595" lon="-79.26347000000001"><ele>1190.0</ele></trkpt><trkpt lat="38.38608" lon="-79.26383000000001"><ele>1190.0</ele></trkpt><trkpt lat="38.38626" lon="-79.26451"><ele>1190.0</ele></trkpt><trkpt lat="38.38624" lon="-79.26483"><ele>1190.0</ele></trkpt><trkpt lat="38.38613" lon="-79.26523"><ele>1190.0</ele></trkpt><trkpt lat="38.385960000000004" lon="-79.26576"><ele>1194.0</ele></trkpt><trkpt lat="38.3857" lon="-79.2663"><ele>1202.0</ele></trkpt><trkpt lat="38.385650000000005" lon="-79.26647000000001"><ele>1203.0</ele></trkpt><trkpt lat="38.38562" lon="-79.26678000000001"><ele>1208.0</ele></trkpt><trkpt lat="38.38564" lon="-79.2668"><ele>1208.0</ele></trkpt><trkpt lat="38.3857" lon="-79.26684"><ele>1209.0</ele></trkpt><trkpt lat="38.385740000000006" lon="-79.26683000000001"><ele>1209.0</ele></trkpt><trkpt lat="38.38584" lon="-79.2667"><ele>1213.0</ele></trkpt><trkpt lat="38.38597" lon="-79.26638000000001"><ele>1217.0</ele></trkpt><trkpt lat="38.38618" lon="-79.26611000000001"><ele>1221.0</ele></trkpt><trkpt lat="38.386340000000004" lon="-79.26581"><ele>1224.0</ele></trkpt><trkpt lat="38.386610000000005" lon="-79.26545"><ele>1224.0</ele></trkpt><trkpt lat="38.386880000000005" lon="-79.265"><ele>1224.0</ele></trkpt><trkpt lat="38.387060000000005" lon="-79.26446"><ele>1224.0</ele></trkpt><trkpt lat="38.3872" lon="-79.26415"><ele>1224.0</ele></trkpt><trkpt lat="38.38723" lon="-79.26405000000001"><ele>1224.0</ele></trkpt><trkpt lat="38.38727" lon="-79.26375"><ele>1224.0</ele></trkpt><trkpt lat="38.38731000000001" lon="-79.26361"><ele>1224.0</ele></trkpt><trkpt lat="38.38740000000001" lon="-79.26348"><ele>1224.0</ele></trkpt><trkpt lat="38.387550000000005" lon="-79.26339"><ele>1224.0</ele></trkpt><trkpt lat="38.387640000000005" lon="-79.26335"><ele>1224.0</ele></trkpt><trkpt lat="38.38779" lon="-79.26334"><ele>1224.0</ele></trkpt><trkpt lat="38.388000000000005" lon="-79.26343"><ele>1224.0</ele></trkpt><trkpt lat="38.388560000000005" lon="-79.26335"><ele>1224.0</ele></trkpt><trkpt lat="38.38913" lon="-79.26334"><ele>1224.0</ele></trkpt><trkpt lat="38.38928000000001" lon="-79.26326"><ele>1224.0</ele></trkpt><trkpt lat="38.38947" lon="-79.26308"><ele>1224.0</ele></trkpt><trkpt lat="38.38984000000001" lon="-79.26285"><ele>1302.0</ele></trkpt><trkpt lat="38.39009" lon="-79.26281"><ele>1302.0</ele></trkpt><trkpt lat="38.390510000000006" lon="-79.26276"><ele>1302.0</ele></trkpt><trkpt lat="38.39063" lon="-79.26264"><ele>1302.0</ele></trkpt><trkpt lat="38.3909" lon="-79.26227"><ele>1302.0</ele></trkpt><trkpt lat="38.390950000000004" lon="-79.26222000000001"><ele>1302.0</ele></trkpt><trkpt lat="38.39121" lon="-79.26209"><ele>1302.0</ele></trkpt><trkpt lat="38.39128" lon="-79.26205"><ele>1302.0</ele></trkpt><trkpt lat="38.391580000000005" lon="-79.26168000000001"><ele>1302.0</ele></trkpt><trkpt lat="38.39177" lon="-79.26151"><ele>1302.0</ele></trkpt><trkpt lat="38.39197" lon="-79.26151"><ele>1302.0</ele></trkpt><trkpt lat="38.39235" lon="-79.26137"><ele>1302.0</ele></trkpt><trkpt lat="38.39249" lon="-79.26129"><ele>1302.0</ele></trkpt><trkpt lat="38.392570000000006" lon="-79.2612"><ele>1302.0</ele></trkpt><trkpt lat="38.39264" lon="-79.26111"><ele>1302.0</ele></trkpt><trkpt lat="38.392790000000005" lon="-79.26075"><ele>1302.0</ele></trkpt><trkpt lat="38.392790000000005" lon="-79.26052"><ele>1302.0</ele></trkpt><trkpt lat="38.39284" lon="-79.26031"><ele>1302.0</ele></trkpt><trkpt lat="38.392920000000004" lon="-79.26020000000001"><ele>1302.0</ele></trkpt><trkpt lat="38.39305" lon="-79.26008"><ele>1302.0</ele></trkpt><trkpt lat="38.3934" lon="-79.25986"><ele>1305.0</ele></trkpt><trkpt lat="38.393440000000005" lon="-79.25980000000001"><ele>1306.0</ele></trkpt><trkpt lat="38.39347" lon="-79.25963"><ele>1308.0</ele></trkpt><trkpt lat="38.393570000000004" lon="-79.25945"><ele>1310.0</ele></trkpt><trkpt lat="38.393600000000006" lon="-79.25901"><ele>1315.0</ele></trkpt><trkpt lat="38.3937" lon="-79.25868000000001"><ele>1317.0</ele></trkpt><trkpt lat="38.393710000000006" lon="-79.25842"><ele>1319.0</ele></trkpt><trkpt lat="38.39383" lon="-79.25801000000001"><ele>1320.0</ele></trkpt><trkpt lat="38.39392" lon="-79.25784"><ele>1320.0</ele></trkpt><trkpt lat="38.394070000000006" lon="-79.25775"><ele>1320.0</ele></trkpt><trkpt lat="38.39432" lon="-79.25775"><ele>1318.0</ele></trkpt><trkpt lat="38.394650000000006" lon="-79.2577"><ele>1315.0</ele></trkpt><trkpt lat="38.39484" lon="-79.25776"><ele>1314.0</ele></trkpt><trkpt lat="38.39509" lon="-79.25775"><ele>1311.0</ele></trkpt><trkpt lat="38.39522" lon="-79.25779"><ele>1310.0</ele></trkpt><trkpt lat="38.39526" lon="-79.25766"><ele>1308.0</ele></trkpt><trkpt lat="38.39526" lon="-79.25753"><ele>1307.0</ele></trkpt><trkpt lat="38.39522" lon="-79.25739"><ele>1306.0</ele></trkpt><trkpt lat="38.395160000000004" lon="-79.2573"><ele>1305.0</ele></trkpt><trkpt lat="38.394670000000005" lon="-79.25685"><ele>1297.0</ele></trkpt><trkpt lat="38.394510000000004" lon="-79.2566"><ele>1292.0</ele></trkpt><trkpt lat="38.394380000000005" lon="-79.25628"><ele>1285.0</ele></trkpt><trkpt lat="38.394290000000005" lon="-79.256"><ele>1278.0</ele></trkpt><trkpt lat="38.39421" lon="-79.25546000000001"><ele>1270.0</ele></trkpt><trkpt lat="38.394035001537226" lon="-79.25485499847488"><ele>1260.0</ele></trkpt><trkpt lat="38.393860000000004" lon="-79.25425000000001"><ele>1252.0</ele></trkpt><trkpt lat="38.393730000000005" lon="-79.25385"><ele>1247.0</ele></trkpt><trkpt lat="38.393660000000004" lon="-79.25372"><ele>1243.0</ele></trkpt><trkpt lat="38.39341" lon="-79.25341"><ele>1237.0</ele></trkpt><trkpt lat="38.393370000000004" lon="-79.25334000000001"><ele>1237.0</ele></trkpt><trkpt lat="38.39322000000001" lon="-79.25301"><ele>1232.0</ele></trkpt><trkpt lat="38.39311" lon="-79.25268000000001"><ele>1223.0</ele></trkpt><trkpt lat="38.39298" lon="-79.25202"><ele>1215.0</ele></trkpt><trkpt lat="38.393" lon="-79.2518"><ele>1213.0</ele></trkpt><trkpt lat="38.39305" lon="-79.25166"><ele>1205.0</ele></trkpt><trkpt lat="38.393100000000004" lon="-79.25157"><ele>1205.0</ele></trkpt><trkpt lat="38.39318" lon="-79.25148"><ele>1204.0</ele></trkpt><trkpt lat="38.393460000000005" lon="-79.25131"><ele>1197.0</ele></trkpt><trkpt lat="38.39426" lon="-79.25112"><ele>1181.0</ele></trkpt><trkpt lat="38.39435" lon="-79.25108"><ele>1178.0</ele></trkpt><trkpt lat="38.39434" lon="-79.25099"><ele>1178.0</ele></trkpt><trkpt lat="38.394310000000004" lon="-79.25094"><ele>1173.0</ele></trkpt><trkpt lat="38.393930000000005" lon="-79.25059"><ele>1164.0</ele></trkpt><trkpt lat="38.393800000000006" lon="-79.25041"><ele>1161.0</ele></trkpt><trkpt lat="38.39361" lon="-79.24987"><ele>1147.0</ele></trkpt><trkpt lat="38.3935" lon="-79.24937000000001"><ele>1136.0</ele></trkpt><trkpt lat="38.393260000000005" lon="-79.24875"><ele>1127.0</ele></trkpt><trkpt lat="38.39325" lon="-79.24867"><ele>1127.0</ele></trkpt><trkpt lat="38.393280000000004" lon="-79.24856000000001"><ele>1125.0</ele></trkpt><trkpt lat="38.393510000000006" lon="-79.24802000000001"><ele>1119.0</ele></trkpt><trkpt lat="38.39352" lon="-79.24761000000001"><ele>1114.0</ele></trkpt><trkpt lat="38.393480000000004" lon="-79.24705"><ele>1113.0</ele></trkpt><trkpt lat="38.393550000000005" lon="-79.2466"><ele>1111.0</ele></trkpt><trkpt lat="38.39356" lon="-79.24623000000001"><ele>1110.0</ele></trkpt><trkpt lat="38.3935" lon="-79.24588"><ele>1109.0</ele></trkpt><trkpt lat="38.393240000000006" lon="-79.2449"><ele>1108.0</ele></trkpt><trkpt lat="38.393150000000006" lon="-79.24423"><ele>1107.0</ele></trkpt><trkpt lat="38.393170000000005" lon="-79.2441"><ele>1106.0</ele></trkpt><trkpt lat="38.39325" lon="-79.24382"><ele>1104.0</ele></trkpt><trkpt lat="38.393350000000005" lon="-79.2436"><ele>1101.0</ele></trkpt><trkpt lat="38.39357500191199" lon="-79.24295000168384"><ele>1097.0</ele></trkpt><trkpt lat="38.393800000000006" lon="-79.2423"><ele>1096.0</ele></trkpt><trkpt lat="38.393820000000005" lon="-79.24213"><ele>1096.0</ele></trkpt><trkpt lat="38.39383" lon="-79.24177"><ele>1093.0</ele></trkpt><trkpt lat="38.39401" lon="-79.24065"><ele>1095.0</ele></trkpt><trkpt lat="38.39408" lon="-79.24038"><ele>1096.0</ele></trkpt><trkpt lat="38.39421" lon="-79.24006"><ele>1096.0</ele></trkpt><trkpt lat="38.39441" lon="-79.23984"><ele>1094.0</ele></trkpt><trkpt lat="38.39475" lon="-79.23931"><ele>1089.0</ele></trkpt><trkpt lat="38.395" lon="-79.23868"><ele>1083.0</ele></trkpt><trkpt lat="38.39511" lon="-79.23832"><ele>1082.0</ele></trkpt><trkpt lat="38.395160000000004" lon="-79.23792"><ele>1081.0</ele></trkpt><trkpt lat="38.39517" lon="-79.23746000000001"><ele>1083.0</ele></trkpt><trkpt lat="38.39522" lon="-79.23687000000001"><ele>1088.0</ele></trkpt><trkpt lat="38.39542" lon="-79.23644"><ele>1095.0</ele></trkpt><trkpt lat="38.39567" lon="-79.23603"><ele>1099.0</ele></trkpt><trkpt lat="38.39578" lon="-79.23577"><ele>1101.0</ele></trkpt><trkpt lat="38.395810000000004" lon="-79.23559"><ele>1100.0</ele></trkpt><trkpt lat="38.395810000000004" lon="-79.23544000000001"><ele>1099.0</ele></trkpt><trkpt lat="38.39584" lon="-79.23523"><ele>1097.0</ele></trkpt><trkpt lat="38.395830000000004" lon="-79.23509"><ele>1096.0</ele></trkpt><trkpt lat="38.395700000000005" lon="-79.2346"><ele>1090.0</ele></trkpt><trkpt lat="38.395320000000005" lon="-79.23397000000001"><ele>1074.0</ele></trkpt><trkpt lat="38.395030000000006" lon="-79.23322"><ele>1057.0</ele></trkpt><trkpt lat="38.3949" lon="-79.23273"><ele>1051.0</ele></trkpt><trkpt lat="38.39475" lon="-79.23245"><ele>1047.0</ele></trkpt><trkpt lat="38.39457" lon="-79.23201"><ele>1046.0</ele></trkpt><trkpt lat="38.39437" lon="-79.2313"><ele>1048.0</ele></trkpt><trkpt lat="38.39388" lon="-79.23035"><ele>1052.0</ele></trkpt><trkpt lat="38.39378000000001" lon="-79.23004"><ele>1052.0</ele></trkpt><trkpt lat="38.393710000000006" lon="-79.22942"><ele>1052.0</ele></trkpt><trkpt lat="38.393350000000005" lon="-79.22842"><ele>1054.0</ele></trkpt><trkpt lat="38.393040000000006" lon="-79.22789"><ele>1058.0</ele></trkpt><trkpt lat="38.392770001446394" lon="-79.22730999787174"><ele>1061.0</ele></trkpt><trkpt lat="38.392500000000005" lon="-79.22673"><ele>1064.0</ele></trkpt><trkpt lat="38.39222" lon="-79.22627"><ele>1066.0</ele></trkpt><trkpt lat="38.392100000000006" lon="-79.22596"><ele>1067.0</ele></trkpt><trkpt lat="38.392010000000006" lon="-79.2256"><ele>1067.0</ele></trkpt><trkpt lat="38.391960000000005" lon="-79.22548"><ele>1067.0</ele></trkpt><trkpt lat="38.391420000000004" lon="-79.22476"><ele>1068.0</ele></trkpt><trkpt lat="38.39087" lon="-79.22467"><ele>1061.0</ele></trkpt><trkpt lat="38.39034000062961" lon="-79.2242849971783"><ele>1053.0</ele></trkpt><trkpt lat="38.389810000000004" lon="-79.2239"><ele>1050.0</ele></trkpt><trkpt lat="38.38939000273578" lon="-79.22333332676176"><ele>1047.0</ele></trkpt><trkpt lat="38.388970002743584" lon="-79.22276666010568"><ele>1042.0</ele></trkpt><trkpt lat="38.38855" lon="-79.2222"><ele>1038.0</ele></trkpt><trkpt lat="38.388510000000004" lon="-79.22210000000001"><ele>1036.0</ele></trkpt><trkpt lat="38.38846" lon="-79.22166"><ele>1033.0</ele></trkpt><trkpt lat="38.38834000000001" lon="-79.22118"><ele>1030.0</ele></trkpt><trkpt lat="38.388380000000005" lon="-79.22086"><ele>1028.0</ele></trkpt><trkpt lat="38.388380000000005" lon="-79.22068"><ele>1027.0</ele></trkpt><trkpt lat="38.38833" lon="-79.22032"><ele>1025.0</ele></trkpt><trkpt lat="38.38833" lon="-79.22014"><ele>1025.0</ele></trkpt><trkpt lat="38.388400000000004" lon="-79.2196"><ele>1021.0</ele></trkpt><trkpt lat="38.38841" lon="-79.2192"><ele>1017.0</ele></trkpt><trkpt lat="38.38837" lon="-79.21853"><ele>1013.0</ele></trkpt><trkpt lat="38.38835" lon="-79.21844"><ele>1012.0</ele></trkpt><trkpt lat="38.38832" lon="-79.21843000000001"><ele>1012.0</ele></trkpt><trkpt lat="38.38823" lon="-79.21843000000001"><ele>1011.0</ele></trkpt><trkpt lat="38.387600000000006" lon="-79.21849"><ele>1001.0</ele></trkpt><trkpt lat="38.387460000000004" lon="-79.21853"><ele>998.0</ele></trkpt><trkpt lat="38.38725" lon="-79.21866"><ele>998.0</ele></trkpt><trkpt lat="38.386990000000004" lon="-79.21871"><ele>984.0</ele></trkpt><trkpt lat="38.386720000000004" lon="-79.21875"><ele>980.0</ele></trkpt><trkpt lat="38.38633" lon="-79.21866"><ele>972.0</ele></trkpt><trkpt lat="38.38627" lon="-79.21862"><ele>971.0</ele></trkpt><trkpt lat="38.386230000000005" lon="-79.21857"><ele>971.0</ele></trkpt><trkpt lat="38.38618" lon="-79.21844"><ele>967.0</ele></trkpt><trkpt lat="38.386100000000006" lon="-79.21834000000001"><ele>967.0</ele></trkpt><trkpt lat="38.38586" lon="-79.21813"><ele>963.0</ele></trkpt><trkpt lat="38.38559" lon="-79.21795"><ele>955.0</ele></trkpt><trkpt lat="38.38543000000001" lon="-79.21795"><ele>949.0</ele></trkpt><trkpt lat="38.38521" lon="-79.2179"><ele>947.0</ele></trkpt><trkpt lat="38.38506" lon="-79.21772"><ele>940.0</ele></trkpt><trkpt lat="38.38474" lon="-79.21742"><ele>932.0</ele></trkpt><trkpt lat="38.384640000000005" lon="-79.21732"><ele>931.0</ele></trkpt><trkpt lat="38.384280000000004" lon="-79.21701"><ele>926.0</ele></trkpt><trkpt lat="38.38418" lon="-79.21687"><ele>922.0</ele></trkpt><trkpt lat="38.383970000000005" lon="-79.21642"><ele>918.0</ele></trkpt><trkpt lat="38.383630000000004" lon="-79.21594"><ele>919.0</ele></trkpt><trkpt lat="38.38334500107784" lon="-79.21544499811411"><ele>923.0</ele></trkpt><trkpt lat="38.38306" lon="-79.21495"><ele>921.0</ele></trkpt><trkpt lat="38.383" lon="-79.21481"><ele>920.0</ele></trkpt><trkpt lat="38.382960000000004" lon="-79.21463"><ele>919.0</ele></trkpt><trkpt lat="38.38286" lon="-79.21437"><ele>916.0</ele></trkpt><trkpt lat="38.382810000000006" lon="-79.21414"><ele>915.0</ele></trkpt><trkpt lat="38.38257" lon="-79.21338"><ele>904.0</ele></trkpt><trkpt lat="38.38245000142653" lon="-79.21281499939529"><ele>894.0</ele></trkpt><trkpt lat="38.38233" lon="-79.21225000000001"><ele>883.0</ele></trkpt><trkpt lat="38.38213000149373" lon="-79.21165499832524"><ele>880.0</ele></trkpt><trkpt lat="38.381930000000004" lon="-79.21106"><ele>878.0</ele></trkpt><trkpt lat="38.38172" lon="-79.21025"><ele>876.0</ele></trkpt><trkpt lat="38.38161" lon="-79.20998"><ele>874.0</ele></trkpt><trkpt lat="38.38152" lon="-79.20958"><ele>873.0</ele></trkpt><trkpt lat="38.38147" lon="-79.20944"><ele>874.0</ele></trkpt><trkpt lat="38.3811" lon="-79.2089"><ele>878.0</ele></trkpt><trkpt lat="38.38082" lon="-79.20863"><ele>884.0</ele></trkpt><trkpt lat="38.380660000000006" lon="-79.20841"><ele>887.0</ele></trkpt><trkpt lat="38.380590000000005" lon="-79.20828"><ele>888.0</ele></trkpt><trkpt lat="38.380520000000004" lon="-79.20809000000001"><ele>888.0</ele></trkpt><trkpt lat="38.38045" lon="-79.20756"><ele>886.0</ele></trkpt><trkpt lat="38.38026000133646" lon="-79.20699999854239"><ele>886.0</ele></trkpt><trkpt lat="38.38007" lon="-79.20644"><ele>889.0</ele></trkpt><trkpt lat="38.37989" lon="-79.20599"><ele>891.0</ele></trkpt><trkpt lat="38.37961000000001" lon="-79.20546"><ele>887.0</ele></trkpt><trkpt lat="38.379310000000004" lon="-79.20469000000001"><ele>874.0</ele></trkpt><trkpt lat="38.37903" lon="-79.2042"><ele>868.0</ele></trkpt><trkpt lat="38.378800000000005" lon="-79.20389"><ele>866.0</ele></trkpt><trkpt lat="38.37865" lon="-79.20362"><ele>863.0</ele></trkpt><trkpt lat="38.378600000000006" lon="-79.20344"><ele>861.0</ele></trkpt><trkpt lat="38.378400000000006" lon="-79.20317"><ele>855.0</ele></trkpt><trkpt lat="38.37827" lon="-79.20277"><ele>844.0</ele></trkpt><trkpt lat="38.378170000000004" lon="-79.20264"><ele>843.0</ele></trkpt><trkpt lat="38.37762" lon="-79.20214"><ele>834.0</ele></trkpt><trkpt lat="38.37733" lon="-79.20181000000001"><ele>830.0</ele></trkpt><trkpt lat="38.37695" lon="-79.20157"><ele>819.0</ele></trkpt><trkpt lat="38.37669" lon="-79.20134"><ele>812.0</ele></trkpt><trkpt lat="38.37617" lon="-79.20103"><ele>805.0</ele></trkpt><trkpt lat="38.37588" lon="-79.2008"><ele>799.0</ele></trkpt><trkpt lat="38.375640000000004" lon="-79.20053"><ele>794.0</ele></trkpt><trkpt lat="38.375400000000006" lon="-79.20043000000001"><ele>790.0</ele></trkpt><trkpt lat="38.37529" lon="-79.20030000000001"><ele>784.0</ele></trkpt><trkpt lat="38.375" lon="-79.19986"><ele>778.0</ele></trkpt><trkpt lat="38.37494" lon="-79.19981"><ele>778.0</ele></trkpt><trkpt lat="38.37471" lon="-79.19976000000001"><ele>773.0</ele></trkpt><trkpt lat="38.374570000000006" lon="-79.19968"><ele>769.0</ele></trkpt><trkpt lat="38.37416" lon="-79.19955"><ele>766.0</ele></trkpt><trkpt lat="38.37407" lon="-79.19949000000001"><ele>766.0</ele></trkpt><trkpt lat="38.373830000000005" lon="-79.19922000000001"><ele>767.0</ele></trkpt><trkpt lat="38.37362" lon="-79.19893"><ele>770.0</ele></trkpt><trkpt lat="38.373340000000006" lon="-79.19874"><ele>775.0</ele></trkpt><trkpt lat="38.37313" lon="-79.19852"><ele>777.0</ele></trkpt><trkpt lat="38.37276000000001" lon="-79.19846000000001"><ele>787.0</ele></trkpt><trkpt lat="38.37234" lon="-79.19821"><ele>792.0</ele></trkpt><trkpt lat="38.372240000000005" lon="-79.19811"><ele>792.0</ele></trkpt><trkpt lat="38.371940001268186" lon="-79.19755499762505"><ele>788.0</ele></trkpt><trkpt lat="38.371640000000006" lon="-79.197"><ele>783.0</ele></trkpt><trkpt lat="38.371590000000005" lon="-79.1965"><ele>780.0</ele></trkpt><trkpt lat="38.37156" lon="-79.19641"><ele>779.0</ele></trkpt><trkpt lat="38.371460000000006" lon="-79.19628"><ele>777.0</ele></trkpt><trkpt lat="38.37135" lon="-79.1962"><ele>775.0</ele></trkpt><trkpt lat="38.370900000000006" lon="-79.19609000000001"><ele>769.0</ele></trkpt><trkpt lat="38.37070000000001" lon="-79.19596"><ele>765.0</ele></trkpt><trkpt lat="38.37039" lon="-79.1957"><ele>761.0</ele></trkpt><trkpt lat="38.370450000000005" lon="-79.19574"><ele>759.0</ele></trkpt><trkpt lat="38.37055" lon="-79.19574"><ele>757.0</ele></trkpt><trkpt lat="38.37057" lon="-79.19565"><ele>757.0</ele></trkpt><trkpt lat="38.37051" lon="-79.1953"><ele>750.0</ele></trkpt><trkpt lat="38.37051" lon="-79.19516"><ele>743.0</ele></trkpt><trkpt lat="38.37057" lon="-79.19479000000001"><ele>737.0</ele></trkpt><trkpt lat="38.370580000000004" lon="-79.19453"><ele>733.0</ele></trkpt><trkpt lat="38.37062" lon="-79.19423"><ele>731.0</ele></trkpt><trkpt lat="38.370810000000006" lon="-79.19368"><ele>728.0</ele></trkpt><trkpt lat="38.3708" lon="-79.1935"><ele>728.0</ele></trkpt><trkpt lat="38.37068" lon="-79.19302"><ele>729.0</ele></trkpt><trkpt lat="38.37059" lon="-79.19282000000001"><ele>731.0</ele></trkpt><trkpt lat="38.37041" lon="-79.19252"><ele>733.0</ele></trkpt><trkpt lat="38.370140000000006" lon="-79.19202"><ele>740.0</ele></trkpt><trkpt lat="38.36995" lon="-79.19176"><ele>745.0</ele></trkpt><trkpt lat="38.369350000000004" lon="-79.19104"><ele>763.0</ele></trkpt><trkpt lat="38.3693" lon="-79.19094000000001"><ele>763.0</ele></trkpt><trkpt lat="38.36912" lon="-79.19041"><ele>773.0</ele></trkpt><trkpt lat="38.36869" lon="-79.18956"><ele>786.0</ele></trkpt><trkpt lat="38.36847" lon="-79.18898"><ele>792.0</ele></trkpt><trkpt lat="38.36835000000001" lon="-79.18862"><ele>792.0</ele></trkpt><trkpt lat="38.36825" lon="-79.18817"><ele>794.0</ele></trkpt><trkpt lat="38.36825" lon="-79.18795"><ele>796.0</ele></trkpt><trkpt lat="38.3682" lon="-79.1875"><ele>800.0</ele></trkpt><trkpt lat="38.368120000000005" lon="-79.18723"><ele>801.0</ele></trkpt><trkpt lat="38.368010000000005" lon="-79.18692"><ele>800.0</ele></trkpt><trkpt lat="38.36771" lon="-79.18644"><ele>803.0</ele></trkpt><trkpt lat="38.367360000000005" lon="-79.18567"><ele>808.0</ele></trkpt><trkpt lat="38.36732000000001" lon="-79.18553"><ele>808.0</ele></trkpt><trkpt lat="38.36726" lon="-79.18504"><ele>814.0</ele></trkpt><trkpt lat="38.36721" lon="-79.18485000000001"><ele>815.0</ele></trkpt><trkpt lat="38.366890000000005" lon="-79.18414000000001"><ele>821.0</ele></trkpt><trkpt lat="38.366870000000006" lon="-79.18401"><ele>819.0</ele></trkpt><trkpt lat="38.366890000000005" lon="-79.18384"><ele>816.0</ele></trkpt><trkpt lat="38.36693" lon="-79.1837"><ele>816.0</ele></trkpt><trkpt lat="38.36712" lon="-79.18329"><ele>808.0</ele></trkpt><trkpt lat="38.36733" lon="-79.18267"><ele>806.0</ele></trkpt><trkpt lat="38.36767000095152" lon="-79.18221000208948"><ele>807.0</ele></trkpt><trkpt lat="38.368010000000005" lon="-79.18175000000001"><ele>804.0</ele></trkpt><trkpt lat="38.36813" lon="-79.18155"><ele>798.0</ele></trkpt><trkpt lat="38.36822" lon="-79.18128"><ele>794.0</ele></trkpt><trkpt lat="38.36827" lon="-79.18102"><ele>790.0</ele></trkpt><trkpt lat="38.36834" lon="-79.18022"><ele>781.0</ele></trkpt><trkpt lat="38.36834" lon="-79.18023000000001"><ele>781.0</ele></trkpt><trkpt lat="38.36851" lon="-79.17967"><ele>777.0</ele></trkpt><trkpt lat="38.36876" lon="-79.17913"><ele>767.0</ele></trkpt><trkpt lat="38.3688" lon="-79.179"><ele>765.0</ele></trkpt><trkpt lat="38.36881" lon="-79.17891"><ele>764.0</ele></trkpt><trkpt lat="38.368790000000004" lon="-79.17868"><ele>757.0</ele></trkpt><trkpt lat="38.36894" lon="-79.17773000000001"><ele>749.0</ele></trkpt><trkpt lat="38.36905" lon="-79.17743"><ele>744.0</ele></trkpt><trkpt lat="38.369200000000006" lon="-79.1769"><ele>732.0</ele></trkpt><trkpt lat="38.36934" lon="-79.17622"><ele>716.0</ele></trkpt><trkpt lat="38.36939" lon="-79.17609"><ele>714.0</ele></trkpt><trkpt lat="38.369510000000005" lon="-79.17591"><ele>711.0</ele></trkpt><trkpt lat="38.369580000000006" lon="-79.17573"><ele>708.0</ele></trkpt><trkpt lat="38.369620000000005" lon="-79.17536000000001"><ele>701.0</ele></trkpt><trkpt lat="38.369600000000005" lon="-79.1751"><ele>698.0</ele></trkpt><trkpt lat="38.369620000000005" lon="-79.17500000000001"><ele>696.0</ele></trkpt><trkpt lat="38.369795001469875" lon="-79.17442500117455"><ele>688.0</ele></trkpt><trkpt lat="38.36997" lon="-79.17385"><ele>677.0</ele></trkpt><trkpt lat="38.37026" lon="-79.17305"><ele>662.0</ele></trkpt><trkpt lat="38.370490000000004" lon="-79.17233"><ele>644.0</ele></trkpt><trkpt lat="38.370740000000005" lon="-79.17131"><ele>630.0</ele></trkpt><trkpt lat="38.370900000000006" lon="-79.17089"><ele>625.0</ele></trkpt><trkpt lat="38.37102" lon="-79.17049"><ele>620.0</ele></trkpt><trkpt lat="38.371080000000006" lon="-79.16986"><ele>611.0</ele></trkpt><trkpt lat="38.37107" lon="-79.16924"><ele>608.0</ele></trkpt><trkpt lat="38.37109" lon="-79.16889"><ele>606.0</ele></trkpt><trkpt lat="38.37135" lon="-79.16816"><ele>595.0</ele></trkpt><trkpt lat="38.37158" lon="-79.16758"><ele>584.0</ele></trkpt><trkpt lat="38.37165" lon="-79.16727"><ele>578.0</ele></trkpt><trkpt lat="38.371640000000006" lon="-79.16713"><ele>573.0</ele></trkpt><trkpt lat="38.37149" lon="-79.16673"><ele>567.0</ele></trkpt><trkpt lat="38.37138" lon="-79.16646"><ele>563.0</ele></trkpt><trkpt lat="38.371300000000005" lon="-79.16633"><ele>561.0</ele></trkpt><trkpt lat="38.37125" lon="-79.16628"><ele>561.0</ele></trkpt><trkpt lat="38.37102" lon="-79.16619"><ele>556.0</ele></trkpt><trkpt lat="38.370720000000006" lon="-79.16597"><ele>549.0</ele></trkpt><trkpt lat="38.370610000000006" lon="-79.16593"><ele>547.0</ele></trkpt><trkpt lat="38.37035" lon="-79.16609000000001"><ele>540.0</ele></trkpt><trkpt lat="38.370250000000006" lon="-79.1661"><ele>540.0</ele></trkpt><trkpt lat="38.370110000000004" lon="-79.1661"><ele>536.0</ele></trkpt><trkpt lat="38.36974" lon="-79.16597"><ele>532.0</ele></trkpt><trkpt lat="38.3693" lon="-79.16574"><ele>522.0</ele></trkpt><trkpt lat="38.36918" lon="-79.1657"><ele>522.0</ele></trkpt><trkpt lat="38.368730000000006" lon="-79.1657"><ele>513.0</ele></trkpt><trkpt lat="38.368660000000006" lon="-79.16574"><ele>513.0</ele></trkpt><trkpt lat="38.368610000000004" lon="-79.16579"><ele>511.0</ele></trkpt><trkpt lat="38.368570000000005" lon="-79.16588"><ele>510.0</ele></trkpt><trkpt lat="38.368550000000006" lon="-79.16633"><ele>506.0</ele></trkpt><trkpt lat="38.36853" lon="-79.16642"><ele>506.0</ele></trkpt><trkpt lat="38.3684" lon="-79.16665"><ele>506.0</ele></trkpt><trkpt lat="38.36825" lon="-79.16682"><ele>506.0</ele></trkpt><trkpt lat="38.36816" lon="-79.16690000000001"><ele>505.0</ele></trkpt><trkpt lat="38.368080000000006" lon="-79.16691"><ele>504.0</ele></trkpt><trkpt lat="38.36793" lon="-79.16687"><ele>502.0</ele></trkpt><trkpt lat="38.36782" lon="-79.16677"><ele>501.0</ele></trkpt><trkpt lat="38.36778" lon="-79.16669"><ele>501.0</ele></trkpt><trkpt lat="38.36771" lon="-79.16638"><ele>500.0</ele></trkpt><trkpt lat="38.36771" lon="-79.1662"><ele>499.0</ele></trkpt><trkpt lat="38.36775" lon="-79.16584"><ele>498.0</ele></trkpt><trkpt lat="38.36775" lon="-79.1657"><ele>498.0</ele></trkpt><trkpt lat="38.367720000000006" lon="-79.16552"><ele>497.0</ele></trkpt><trkpt lat="38.367560000000005" lon="-79.16521"><ele>495.0</ele></trkpt><trkpt lat="38.36722" lon="-79.1648"><ele>493.0</ele></trkpt><trkpt lat="38.36713" lon="-79.16476"><ele>493.0</ele></trkpt><trkpt lat="38.366960000000006" lon="-79.1648"><ele>492.0</ele></trkpt><trkpt lat="38.36692" lon="-79.16475000000001"><ele>492.0</ele></trkpt><trkpt lat="38.366910000000004" lon="-79.16458"><ele>491.0</ele></trkpt><trkpt lat="38.36693" lon="-79.16454"><ele>491.0</ele></trkpt><trkpt lat="38.36701" lon="-79.16449"><ele>491.0</ele></trkpt><trkpt lat="38.366870000000006" lon="-79.16453000000001"><ele>490.0</ele></trkpt><trkpt lat="38.366820000000004" lon="-79.16439000000001"><ele>489.0</ele></trkpt><trkpt lat="38.366690000000006" lon="-79.16413"><ele>489.0</ele></trkpt><trkpt lat="38.366460000000004" lon="-79.16387"><ele>487.0</ele></trkpt><trkpt lat="38.366350000000004" lon="-79.16368"><ele>485.0</ele></trkpt><trkpt lat="38.3661" lon="-79.16301"><ele>482.0</ele></trkpt><trkpt lat="38.36594" lon="-79.16285"><ele>481.0</ele></trkpt><trkpt lat="38.366240000000005" lon="-79.16278000000001"><ele>481.0</ele></trkpt><trkpt lat="38.366440000000004" lon="-79.16278000000001"><ele>482.0</ele></trkpt><trkpt lat="38.366620000000005" lon="-79.1628"><ele>482.0</ele></trkpt><trkpt lat="38.36724500041844" lon="-79.16314999692051"><ele>482.0</ele></trkpt><trkpt lat="38.36787" lon="-79.16350000000001"><ele>484.0</ele></trkpt><trkpt lat="38.36824" lon="-79.1636"><ele>485.0</ele></trkpt><trkpt lat="38.368460000000006" lon="-79.16364"><ele>485.0</ele></trkpt><trkpt lat="38.36865" lon="-79.16364"><ele>485.0</ele></trkpt><trkpt lat="38.36885" lon="-79.16364"><ele>485.0</ele></trkpt><trkpt lat="38.36929000000001" lon="-79.16355"><ele>486.0</ele></trkpt><trkpt lat="38.36968" lon="-79.16342"><ele>486.0</ele></trkpt><trkpt lat="38.36981" lon="-79.16337"><ele>487.0</ele></trkpt><trkpt lat="38.37046" lon="-79.16297"><ele>488.0</ele></trkpt><trkpt lat="38.37095" lon="-79.1627"><ele>491.0</ele></trkpt><trkpt lat="38.371280000000006" lon="-79.16257"><ele>492.0</ele></trkpt><trkpt lat="38.3716" lon="-79.16257"><ele>494.0</ele></trkpt><trkpt lat="38.371970000000005" lon="-79.1627"><ele>495.0</ele></trkpt><trkpt lat="38.37220000000001" lon="-79.16269000000001"><ele>495.0</ele></trkpt><trkpt lat="38.37236" lon="-79.16266"><ele>495.0</ele></trkpt><trkpt lat="38.372690000000006" lon="-79.16252"><ele>494.0</ele></trkpt><trkpt lat="38.373340000000006" lon="-79.16229000000001"><ele>494.0</ele></trkpt><trkpt lat="38.37389" lon="-79.16203"><ele>495.0</ele></trkpt><trkpt lat="38.37404" lon="-79.16194"><ele>495.0</ele></trkpt><trkpt lat="38.37422" lon="-79.1618"><ele>495.0</ele></trkpt><trkpt lat="38.374635000907595" lon="-79.16137500229381"><ele>495.0</ele></trkpt><trkpt lat="38.37505" lon="-79.16095"><ele>497.0</ele></trkpt><trkpt lat="38.37525" lon="-79.16078"><ele>498.0</ele></trkpt><trkpt lat="38.37545" lon="-79.16069"><ele>499.0</ele></trkpt><trkpt lat="38.37567000000001" lon="-79.16065"><ele>500.0</ele></trkpt><trkpt lat="38.376360000000005" lon="-79.16077"><ele>503.0</ele></trkpt><trkpt lat="38.376720000000006" lon="-79.16095"><ele>506.0</ele></trkpt><trkpt lat="38.37733499999912" lon="-79.16108999879077"><ele>509.0</ele></trkpt><trkpt lat="38.377950000000006" lon="-79.16123"><ele>510.0</ele></trkpt><trkpt lat="38.37809" lon="-79.16123"><ele>510.0</ele></trkpt><trkpt lat="38.37843" lon="-79.16118"><ele>510.0</ele></trkpt><trkpt lat="38.37867" lon="-79.16108000000001"><ele>510.0</ele></trkpt><trkpt lat="38.37904" lon="-79.16082"><ele>508.0</ele></trkpt><trkpt lat="38.37941" lon="-79.16046"><ele>508.0</ele></trkpt><trkpt lat="38.37968" lon="-79.16028"><ele>508.0</ele></trkpt><trkpt lat="38.38036666776599" lon="-79.15992334009475"><ele>510.0</ele></trkpt><trkpt lat="38.38105333445136" lon="-79.15956667341847"><ele>511.0</ele></trkpt><trkpt lat="38.38174" lon="-79.15921"><ele>512.0</ele></trkpt><trkpt lat="38.3823" lon="-79.15886"><ele>513.0</ele></trkpt><trkpt lat="38.38253" lon="-79.15876"><ele>514.0</ele></trkpt><trkpt lat="38.3828" lon="-79.15872"><ele>514.0</ele></trkpt><trkpt lat="38.382940000000005" lon="-79.15872"><ele>515.0</ele></trkpt><trkpt lat="38.383630000000004" lon="-79.15881"><ele>520.0</ele></trkpt><trkpt lat="38.38450000031917" lon="-79.15902499744428"><ele>528.0</ele></trkpt><trkpt lat="38.38537" lon="-79.15924000000001"><ele>533.0</ele></trkpt><trkpt lat="38.3862" lon="-79.15939"><ele>534.0</ele></trkpt><trkpt lat="38.38702500044049" lon="-79.15957999349334"><ele>537.0</ele></trkpt><trkpt lat="38.387850000574296" lon="-79.1597699913213"><ele>540.0</ele></trkpt><trkpt lat="38.38867500040144" lon="-79.15995999348412"><ele>545.0</ele></trkpt><trkpt lat="38.389500000000005" lon="-79.16015"><ele>546.0</ele></trkpt><trkpt lat="38.389790000000005" lon="-79.16014000000001"><ele>545.0</ele></trkpt><trkpt lat="38.39024999987377" lon="-79.16005500056968"><ele>544.0</ele></trkpt><trkpt lat="38.390710000000006" lon="-79.15997"><ele>544.0</ele></trkpt><trkpt lat="38.390890000000006" lon="-79.15988"><ele>544.0</ele></trkpt><trkpt lat="38.39155" lon="-79.15942000000001"><ele>544.0</ele></trkpt><trkpt lat="38.39166" lon="-79.15939"><ele>544.0</ele></trkpt><trkpt lat="38.391760000000005" lon="-79.15939"><ele>543.0</ele></trkpt><trkpt lat="38.39186" lon="-79.15942000000001"><ele>543.0</ele></trkpt><trkpt lat="38.39199" lon="-79.15948"><ele>543.0</ele></trkpt><trkpt lat="38.3924" lon="-79.15983"><ele>543.0</ele></trkpt><trkpt lat="38.392860000000006" lon="-79.16015"><ele>542.0</ele></trkpt><trkpt lat="38.39294" lon="-79.16015"><ele>542.0</ele></trkpt><trkpt lat="38.39307" lon="-79.16006"><ele>542.0</ele></trkpt><trkpt lat="38.39342500064974" lon="-79.15967500186842"><ele>541.0</ele></trkpt><trkpt lat="38.39378000000001" lon="-79.15929000000001"><ele>539.0</ele></trkpt><trkpt lat="38.39385" lon="-79.15912"><ele>539.0</ele></trkpt><trkpt lat="38.39385" lon="-79.15876"><ele>537.0</ele></trkpt><trkpt lat="38.393800000000006" lon="-79.15791"><ele>535.0</ele></trkpt><trkpt lat="38.39376" lon="-79.15759000000001"><ele>534.0</ele></trkpt><trkpt lat="38.393620000000006" lon="-79.1572"><ele>534.0</ele></trkpt><trkpt lat="38.393530000000005" lon="-79.1571"><ele>534.0</ele></trkpt><trkpt lat="38.39341" lon="-79.15687000000001"><ele>534.0</ele></trkpt><trkpt lat="38.39336" lon="-79.1567"><ele>533.0</ele></trkpt><trkpt lat="38.393370000000004" lon="-79.15657"><ele>533.0</ele></trkpt><trkpt lat="38.393420000000006" lon="-79.15648"><ele>532.0</ele></trkpt><trkpt lat="38.393530000000005" lon="-79.15642000000001"><ele>532.0</ele></trkpt><trkpt lat="38.393640000000005" lon="-79.15642000000001"><ele>532.0</ele></trkpt><trkpt lat="38.394235000185574" lon="-79.1564949994032"><ele>533.0</ele></trkpt><trkpt lat="38.394830000000006" lon="-79.15657"><ele>535.0</ele></trkpt><trkpt lat="38.39515" lon="-79.15657"><ele>536.0</ele></trkpt><trkpt lat="38.39547" lon="-79.15648"><ele>536.0</ele></trkpt><trkpt lat="38.395680000000006" lon="-79.15642000000001"><ele>538.0</ele></trkpt><trkpt lat="38.39602" lon="-79.15621"><ele>538.0</ele></trkpt><trkpt lat="38.396010000000004" lon="-79.15621"><ele>538.0</ele></trkpt><trkpt lat="38.3962" lon="-79.15613"><ele>539.0</ele></trkpt><trkpt lat="38.39636" lon="-79.15599"><ele>539.0</ele></trkpt><trkpt lat="38.39683" lon="-79.1555"><ele>541.0</ele></trkpt><trkpt lat="38.39692" lon="-79.15544000000001"><ele>541.0</ele></trkpt><trkpt lat="38.39678" lon="-79.1554"><ele>540.0</ele></trkpt><trkpt lat="38.39660000000001" lon="-79.15539000000001"><ele>540.0</ele></trkpt><trkpt lat="38.396390000000004" lon="-79.15518"><ele>540.0</ele></trkpt><trkpt lat="38.396240000000006" lon="-79.15513"><ele>539.0</ele></trkpt><trkpt lat="38.39587" lon="-79.15518"><ele>539.0</ele></trkpt><trkpt lat="38.39567" lon="-79.15517000000001"><ele>538.0</ele></trkpt><trkpt lat="38.39528" lon="-79.15531"><ele>537.0</ele></trkpt><trkpt lat="38.39515" lon="-79.15531"><ele>537.0</ele></trkpt><trkpt lat="38.39493" lon="-79.15522"><ele>538.0</ele></trkpt><trkpt lat="38.394870000000004" lon="-79.15518"><ele>539.0</ele></trkpt><trkpt lat="38.394830000000006" lon="-79.15513"><ele>539.0</ele></trkpt><trkpt lat="38.39484" lon="-79.15509"><ele>539.0</ele></trkpt><trkpt lat="38.39488" lon="-79.15504"><ele>539.0</ele></trkpt><trkpt lat="38.395160000000004" lon="-79.15487"><ele>540.0</ele></trkpt><trkpt lat="38.39551" lon="-79.15473"><ele>543.0</ele></trkpt><trkpt lat="38.395770000000006" lon="-79.15455"><ele>544.0</ele></trkpt><trkpt lat="38.3962" lon="-79.15444000000001"><ele>546.0</ele></trkpt><trkpt lat="38.396510000000006" lon="-79.15433"><ele>547.0</ele></trkpt><trkpt lat="38.39669000000001" lon="-79.15433"><ele>549.0</ele></trkpt><trkpt lat="38.39676" lon="-79.15427000000001"><ele>549.0</ele></trkpt><trkpt lat="38.39697" lon="-79.15378000000001"><ele>550.0</ele></trkpt><trkpt lat="38.39706" lon="-79.15338000000001"><ele>551.0</ele></trkpt><trkpt lat="38.39725" lon="-79.15285"><ele>553.0</ele></trkpt><trkpt lat="38.39739" lon="-79.15257000000001"><ele>555.0</ele></trkpt><trkpt lat="38.39759" lon="-79.15222"><ele>559.0</ele></trkpt><trkpt lat="38.397580000000005" lon="-79.15214"><ele>559.0</ele></trkpt><trkpt lat="38.397510000000004" lon="-79.15213"><ele>560.0</ele></trkpt><trkpt lat="38.39726" lon="-79.15227"><ele>561.0</ele></trkpt><trkpt lat="38.396950000000004" lon="-79.15253000000001"><ele>562.0</ele></trkpt><trkpt lat="38.39654" lon="-79.15272"><ele>564.0</ele></trkpt><trkpt lat="38.396280000000004" lon="-79.15289000000001"><ele>564.0</ele></trkpt><trkpt lat="38.39574" lon="-79.1533"><ele>567.0</ele></trkpt><trkpt lat="38.39528" lon="-79.15352"><ele>569.0</ele></trkpt><trkpt lat="38.39504" lon="-79.15357"><ele>570.0</ele></trkpt><trkpt lat="38.39473" lon="-79.15361"><ele>572.0</ele></trkpt><trkpt lat="38.39455" lon="-79.15361"><ele>574.0</ele></trkpt><trkpt lat="38.394450000000006" lon="-79.15353"><ele>574.0</ele></trkpt><trkpt lat="38.394380000000005" lon="-79.15343"><ele>576.0</ele></trkpt><trkpt lat="38.394400000000005" lon="-79.15334"><ele>577.0</ele></trkpt><trkpt lat="38.39484" lon="-79.15312"><ele>581.0</ele></trkpt><trkpt lat="38.39504" lon="-79.15298"><ele>582.0</ele></trkpt><trkpt lat="38.39518" lon="-79.15285"><ele>583.0</ele></trkpt><trkpt lat="38.395610000000005" lon="-79.15227"><ele>586.0</ele></trkpt><trkpt lat="38.395860000000006" lon="-79.15182"><ele>589.0</ele></trkpt><trkpt lat="38.395950000000006" lon="-79.15173"><ele>590.0</ele></trkpt><trkpt lat="38.396240000000006" lon="-79.15159000000001"><ele>592.0</ele></trkpt><trkpt lat="38.39634" lon="-79.15151"><ele>593.0</ele></trkpt><trkpt lat="38.396480000000004" lon="-79.15127000000001"><ele>594.0</ele></trkpt><trkpt lat="38.39649" lon="-79.15119"><ele>594.0</ele></trkpt><trkpt lat="38.396460000000005" lon="-79.1511"><ele>592.0</ele></trkpt><trkpt lat="38.396260000000005" lon="-79.15088"><ele>592.0</ele></trkpt><trkpt lat="38.396080000000005" lon="-79.15075"><ele>591.0</ele></trkpt><trkpt lat="38.395770000000006" lon="-79.15042000000001"><ele>591.0</ele></trkpt><trkpt lat="38.3954" lon="-79.15008"><ele>593.0</ele></trkpt><trkpt lat="38.39535" lon="-79.15002000000001"><ele>594.0</ele></trkpt><trkpt lat="38.39531" lon="-79.14986"><ele>595.0</ele></trkpt><trkpt lat="38.39533" lon="-79.14973"><ele>595.0</ele></trkpt><trkpt lat="38.39533" lon="-79.14974000000001"><ele>595.0</ele></trkpt><trkpt lat="38.395360000000004" lon="-79.14968"><ele>595.0</ele></trkpt><trkpt lat="38.39547" lon="-79.14963"><ele>596.0</ele></trkpt><trkpt lat="38.395520000000005" lon="-79.14954"><ele>596.0</ele></trkpt><trkpt lat="38.39553" lon="-79.14945"><ele>598.0</ele></trkpt><trkpt lat="38.39551" lon="-79.14936"><ele>598.0</ele></trkpt><trkpt lat="38.39547" lon="-79.14931"><ele>598.0</ele></trkpt><trkpt lat="38.39531" lon="-79.14936"><ele>599.0</ele></trkpt><trkpt lat="38.394940000000005" lon="-79.1494"><ele>602.0</ele></trkpt><trkpt lat="38.39488" lon="-79.14936"><ele>603.0</ele></trkpt><trkpt lat="38.39486" lon="-79.14927"><ele>604.0</ele></trkpt><trkpt lat="38.394890000000004" lon="-79.14919"><ele>604.0</ele></trkpt><trkpt lat="38.39504" lon="-79.14909"><ele>605.0</ele></trkpt><trkpt lat="38.39522" lon="-79.14878"><ele>607.0</ele></trkpt><trkpt lat="38.39537" lon="-79.14841000000001"><ele>611.0</ele></trkpt><trkpt lat="38.39544" lon="-79.1481"><ele>613.0</ele></trkpt><trkpt lat="38.39582" lon="-79.14734"><ele>620.0</ele></trkpt><trkpt lat="38.39596" lon="-79.14722"><ele>622.0</ele></trkpt><trkpt lat="38.396080000000005" lon="-79.14716"><ele>622.0</ele></trkpt><trkpt lat="38.396260000000005" lon="-79.14712"><ele>623.0</ele></trkpt><trkpt lat="38.396330000000006" lon="-79.14707000000001"><ele>624.0</ele></trkpt><trkpt lat="38.39641" lon="-79.14694"><ele>626.0</ele></trkpt><trkpt lat="38.39643" lon="-79.14685"><ele>626.0</ele></trkpt><trkpt lat="38.39643" lon="-79.14667"><ele>628.0</ele></trkpt><trkpt lat="38.396350000000005" lon="-79.14658"><ele>628.0</ele></trkpt><trkpt lat="38.39613000000001" lon="-79.14676"><ele>630.0</ele></trkpt><trkpt lat="38.395830000000004" lon="-79.14685"><ele>632.0</ele></trkpt><trkpt lat="38.395430000000005" lon="-79.14712"><ele>634.0</ele></trkpt><trkpt lat="38.395050000000005" lon="-79.14734"><ele>636.0</ele></trkpt><trkpt lat="38.394940000000005" lon="-79.14735"><ele>636.0</ele></trkpt><trkpt lat="38.394830000000006" lon="-79.14734"><ele>636.0</ele></trkpt><trkpt lat="38.39475" lon="-79.14725"><ele>636.0</ele></trkpt><trkpt lat="38.39471" lon="-79.14716"><ele>637.0</ele></trkpt><trkpt lat="38.3947" lon="-79.14708"><ele>637.0</ele></trkpt><trkpt lat="38.39472000000001" lon="-79.14686"><ele>639.0</ele></trkpt><trkpt lat="38.3947" lon="-79.14676"><ele>639.0</ele></trkpt><trkpt lat="38.394650000000006" lon="-79.14672"><ele>639.0</ele></trkpt><trkpt lat="38.39448" lon="-79.14663"><ele>639.0</ele></trkpt><trkpt lat="38.394380000000005" lon="-79.14659"><ele>640.0</ele></trkpt><trkpt lat="38.3943" lon="-79.14662000000001"><ele>640.0</ele></trkpt><trkpt lat="38.39374" lon="-79.14684000000001"><ele>644.0</ele></trkpt><trkpt lat="38.393640000000005" lon="-79.14685"><ele>645.0</ele></trkpt><trkpt lat="38.39361" lon="-79.14681"><ele>645.0</ele></trkpt><trkpt lat="38.39359" lon="-79.14672"><ele>646.0</ele></trkpt><trkpt lat="38.39363" lon="-79.14658"><ele>646.0</ele></trkpt><trkpt lat="38.39368" lon="-79.14649"><ele>646.0</ele></trkpt><trkpt lat="38.39378000000001" lon="-79.14636"><ele>647.0</ele></trkpt><trkpt lat="38.393980000000006" lon="-79.14622"><ele>650.0</ele></trkpt><trkpt lat="38.39421" lon="-79.14578"><ele>652.0</ele></trkpt><trkpt lat="38.39448" lon="-79.14546"><ele>658.0</ele></trkpt><trkpt lat="38.39457" lon="-79.14532000000001"><ele>660.0</ele></trkpt><trkpt lat="38.394650000000006" lon="-79.14514000000001"><ele>660.0</ele></trkpt><trkpt lat="38.394690000000004" lon="-79.14475"><ele>663.0</ele></trkpt><trkpt lat="38.394850000000005" lon="-79.14413"><ele>667.0</ele></trkpt><trkpt lat="38.39495" lon="-79.14395"><ele>668.0</ele></trkpt><trkpt lat="38.39567" lon="-79.14327"><ele>675.0</ele></trkpt><trkpt lat="38.395860000000006" lon="-79.14314"><ele>678.0</ele></trkpt><trkpt lat="38.3962" lon="-79.143"><ele>681.0</ele></trkpt><trkpt lat="38.39631" lon="-79.14291"><ele>683.0</ele></trkpt><trkpt lat="38.396550000000005" lon="-79.14269"><ele>686.0</ele></trkpt><trkpt lat="38.39674" lon="-79.14256"><ele>688.0</ele></trkpt><trkpt lat="38.397200000000005" lon="-79.14251"><ele>690.0</ele></trkpt><trkpt lat="38.39734" lon="-79.14246"><ele>691.0</ele></trkpt><trkpt lat="38.39763000000001" lon="-79.14233"><ele>694.0</ele></trkpt><trkpt lat="38.39784" lon="-79.14219"><ele>696.0</ele></trkpt><trkpt lat="38.39826" lon="-79.14184"><ele>700.0</ele></trkpt><trkpt lat="38.39885" lon="-79.14153"><ele>706.0</ele></trkpt><trkpt lat="38.39909" lon="-79.14134"><ele>708.0</ele></trkpt><trkpt lat="38.399390000000004" lon="-79.14102000000001"><ele>711.0</ele></trkpt><trkpt lat="38.399570000000004" lon="-79.14076"><ele>712.0</ele></trkpt><trkpt lat="38.399820000000005" lon="-79.14030000000001"><ele>714.0</ele></trkpt><trkpt lat="38.399660000000004" lon="-79.14045"><ele>715.0</ele></trkpt><trkpt lat="38.399280000000005" lon="-79.14055"><ele>719.0</ele></trkpt><trkpt lat="38.39904000000001" lon="-79.14075000000001"><ele>723.0</ele></trkpt><trkpt lat="38.398790000000005" lon="-79.14085"><ele>724.0</ele></trkpt><trkpt lat="38.39837" lon="-79.14094"><ele>726.0</ele></trkpt><trkpt lat="38.39818" lon="-79.14094"><ele>727.0</ele></trkpt><trkpt lat="38.39799" lon="-79.14085"><ele>729.0</ele></trkpt><trkpt lat="38.3979" lon="-79.14086"><ele>731.0</ele></trkpt><trkpt lat="38.397780000000004" lon="-79.14095"><ele>731.0</ele></trkpt><trkpt lat="38.39763000000001" lon="-79.14099"><ele>734.0</ele></trkpt><trkpt lat="38.39725" lon="-79.1409"><ele>736.0</ele></trkpt><trkpt lat="38.39674" lon="-79.14093000000001"><ele>737.0</ele></trkpt><trkpt lat="38.39656" lon="-79.14086"><ele>737.0</ele></trkpt><trkpt lat="38.396440000000005" lon="-79.14086"><ele>737.0</ele></trkpt><trkpt lat="38.39636" lon="-79.14097000000001"><ele>737.0</ele></trkpt><trkpt lat="38.39582" lon="-79.14120000000001"><ele>736.0</ele></trkpt><trkpt lat="38.39562" lon="-79.14134"><ele>735.0</ele></trkpt><trkpt lat="38.39538" lon="-79.14148"><ele>733.0</ele></trkpt><trkpt lat="38.394580000000005" lon="-79.14184"><ele>731.0</ele></trkpt><trkpt lat="38.39448" lon="-79.14189"><ele>731.0</ele></trkpt><trkpt lat="38.39432" lon="-79.14206"><ele>731.0</ele></trkpt><trkpt lat="38.39385" lon="-79.14268000000001"><ele>731.0</ele></trkpt><trkpt lat="38.393730000000005" lon="-79.14281000000001"><ele>731.0</ele></trkpt><trkpt lat="38.39345" lon="-79.14305"><ele>730.0</ele></trkpt><trkpt lat="38.39338" lon="-79.14309"><ele>730.0</ele></trkpt><trkpt lat="38.39316" lon="-79.14309"><ele>730.0</ele></trkpt><trkpt lat="38.39275000000001" lon="-79.14283"><ele>735.0</ele></trkpt><trkpt lat="38.392360000000004" lon="-79.14273"><ele>736.0</ele></trkpt><trkpt lat="38.392" lon="-79.14259000000001"><ele>729.0</ele></trkpt><trkpt lat="38.391940000000005" lon="-79.14251"><ele>727.0</ele></trkpt><trkpt lat="38.3919" lon="-79.14242"><ele>727.0</ele></trkpt><trkpt lat="38.39157500265477" lon="-79.14163499656169"><ele>711.0</ele></trkpt><trkpt lat="38.39125000000001" lon="-79.14085"><ele>687.0</ele></trkpt><trkpt lat="38.39083" lon="-79.14045"><ele>671.0</ele></trkpt><trkpt lat="38.39118667377172" lon="-79.13953334246203"><ele>655.0</ele></trkpt><trkpt lat="38.39154334040496" lon="-79.13861667588145"><ele>639.0</ele></trkpt><trkpt lat="38.3919" lon="-79.13770000000001"><ele>627.0</ele></trkpt><trkpt lat="38.392045003368274" lon="-79.13680500200641"><ele>619.0</ele></trkpt><trkpt lat="38.39219000000001" lon="-79.13591000000001"><ele>613.0</ele></trkpt><trkpt lat="38.39251500118912" lon="-79.1353700025094"><ele>607.0</ele></trkpt><trkpt lat="38.39284" lon="-79.13483000000001"><ele>596.0</ele></trkpt><trkpt lat="38.39302500426119" lon="-79.1338300024861"><ele>577.0</ele></trkpt><trkpt lat="38.39321" lon="-79.13283000000001"><ele>572.0</ele></trkpt><trkpt lat="38.39265000342409" lon="-79.13193499310294"><ele>561.0</ele></trkpt><trkpt lat="38.39209" lon="-79.13104000000001"><ele>552.0</ele></trkpt><trkpt lat="38.391860001712374" lon="-79.1304149981563"><ele>545.0</ele></trkpt><trkpt lat="38.391630000000006" lon="-79.12979"><ele>538.0</ele></trkpt><trkpt lat="38.39128" lon="-79.12956000000001"><ele>533.0</ele></trkpt><trkpt lat="38.39085" lon="-79.12955000000001"><ele>527.0</ele></trkpt><trkpt lat="38.39086" lon="-79.12957"><ele>527.0</ele></trkpt><trkpt lat="38.390800000000006" lon="-79.12966"><ele>526.0</ele></trkpt><trkpt lat="38.39078000000001" lon="-79.12975"><ele>526.0</ele></trkpt><trkpt lat="38.39083" lon="-79.12993"><ele>524.0</ele></trkpt><trkpt lat="38.39083" lon="-79.12998"><ele>524.0</ele></trkpt><trkpt lat="38.39079" lon="-79.13011"><ele>523.0</ele></trkpt><trkpt lat="38.39056" lon="-79.13024"><ele>522.0</ele></trkpt><trkpt lat="38.390370000000004" lon="-79.13047"><ele>520.0</ele></trkpt><trkpt lat="38.390240000000006" lon="-79.1306"><ele>519.0</ele></trkpt><trkpt lat="38.3902" lon="-79.1306"><ele>519.0</ele></trkpt><trkpt lat="38.390130000000006" lon="-79.13055"><ele>519.0</ele></trkpt><trkpt lat="38.39007" lon="-79.13043"><ele>519.0</ele></trkpt><trkpt lat="38.389950000000006" lon="-79.13033"><ele>519.0</ele></trkpt><trkpt lat="38.389810000000004" lon="-79.13029"><ele>518.0</ele></trkpt><trkpt lat="38.389210000000006" lon="-79.13047"><ele>513.0</ele></trkpt><trkpt lat="38.38897" lon="-79.13064"><ele>513.0</ele></trkpt><trkpt lat="38.38890000000001" lon="-79.13064"><ele>513.0</ele></trkpt><trkpt lat="38.388830000000006" lon="-79.13056"><ele>513.0</ele></trkpt><trkpt lat="38.388690000000004" lon="-79.1302"><ele>515.0</ele></trkpt><trkpt lat="38.388580000000005" lon="-79.13002"><ele>517.0</ele></trkpt><trkpt lat="38.388380000000005" lon="-79.12989"><ele>518.0</ele></trkpt><trkpt lat="38.388180000000006" lon="-79.12988"><ele>519.0</ele></trkpt><trkpt lat="38.38801" lon="-79.12988"><ele>518.0</ele></trkpt><trkpt lat="38.3877" lon="-79.13005000000001"><ele>516.0</ele></trkpt><trkpt lat="38.387370000000004" lon="-79.13017"><ele>515.0</ele></trkpt><trkpt lat="38.38736" lon="-79.13017"><ele>515.0</ele></trkpt><trkpt lat="38.386630000000004" lon="-79.13034"><ele>512.0</ele></trkpt><trkpt lat="38.38649" lon="-79.13044000000001"><ele>511.0</ele></trkpt><trkpt lat="38.38631" lon="-79.13073"><ele>510.0</ele></trkpt><trkpt lat="38.386190000000006" lon="-79.13078"><ele>510.0</ele></trkpt><trkpt lat="38.38579" lon="-79.13078"><ele>510.0</ele></trkpt><trkpt lat="38.38566" lon="-79.13082"><ele>510.0</ele></trkpt><trkpt lat="38.38561" lon="-79.13086000000001"><ele>510.0</ele></trkpt><trkpt lat="38.38539" lon="-79.13113000000001"><ele>512.0</ele></trkpt><trkpt lat="38.385290000000005" lon="-79.13122000000001"><ele>513.0</ele></trkpt><trkpt lat="38.384980000000006" lon="-79.13139000000001"><ele>514.0</ele></trkpt><trkpt lat="38.38479" lon="-79.13158"><ele>514.0</ele></trkpt><trkpt lat="38.38465" lon="-79.13181"><ele>513.0</ele></trkpt><trkpt lat="38.38458" lon="-79.13203"><ele>512.0</ele></trkpt><trkpt lat="38.384570000000004" lon="-79.13221"><ele>512.0</ele></trkpt><trkpt lat="38.384530000000005" lon="-79.13231"><ele>511.0</ele></trkpt><trkpt lat="38.384440000000005" lon="-79.13243"><ele>511.0</ele></trkpt><trkpt lat="38.3843" lon="-79.13247000000001"><ele>512.0</ele></trkpt><trkpt lat="38.38412" lon="-79.13235"><ele>512.0</ele></trkpt><trkpt lat="38.383990000000004" lon="-79.13234000000001"><ele>513.0</ele></trkpt><trkpt lat="38.38393000000001" lon="-79.13235"><ele>513.0</ele></trkpt><trkpt lat="38.383790000000005" lon="-79.13248"><ele>515.0</ele></trkpt><trkpt lat="38.383720000000004" lon="-79.13257"><ele>515.0</ele></trkpt><trkpt lat="38.383590000000005" lon="-79.13284"><ele>517.0</ele></trkpt><trkpt lat="38.38349" lon="-79.1332"><ele>519.0</ele></trkpt><trkpt lat="38.383370000000006" lon="-79.13333"><ele>520.0</ele></trkpt><trkpt lat="38.383250000000004" lon="-79.13337000000001"><ele>521.0</ele></trkpt><trkpt lat="38.38290000000001" lon="-79.13307"><ele>524.0</ele></trkpt><trkpt lat="38.38284" lon="-79.13306"><ele>524.0</ele></trkpt><trkpt lat="38.38273" lon="-79.13307"><ele>525.0</ele></trkpt><trkpt lat="38.38264" lon="-79.1332"><ele>526.0</ele></trkpt><trkpt lat="38.3825" lon="-79.13350000000001"><ele>527.0</ele></trkpt><trkpt lat="38.382380000000005" lon="-79.13387"><ele>526.0</ele></trkpt><trkpt lat="38.382340000000006" lon="-79.13409"><ele>526.0</ele></trkpt><trkpt lat="38.38228" lon="-79.13418"><ele>526.0</ele></trkpt><trkpt lat="38.38217" lon="-79.13427"><ele>526.0</ele></trkpt><trkpt lat="38.38199" lon="-79.13423"><ele>526.0</ele></trkpt><trkpt lat="38.381820000000005" lon="-79.13423"><ele>527.0</ele></trkpt><trkpt lat="38.381600000000006" lon="-79.13432"><ele>527.0</ele></trkpt><trkpt lat="38.381510000000006" lon="-79.1344"><ele>526.0</ele></trkpt><trkpt lat="38.381400000000006" lon="-79.13455"><ele>525.0</ele></trkpt><trkpt lat="38.3812" lon="-79.1349"><ele>523.0</ele></trkpt><trkpt lat="38.38109" lon="-79.13512"><ele>523.0</ele></trkpt><trkpt lat="38.380950000000006" lon="-79.1353"><ele>523.0</ele></trkpt><trkpt lat="38.38085" lon="-79.1353"><ele>523.0</ele></trkpt><trkpt lat="38.380630000000004" lon="-79.13499"><ele>526.0</ele></trkpt><trkpt lat="38.38055000000001" lon="-79.1349"><ele>526.0</ele></trkpt><trkpt lat="38.380430000000004" lon="-79.13486"><ele>527.0</ele></trkpt><trkpt lat="38.380250000000004" lon="-79.13498000000001"><ele>527.0</ele></trkpt><trkpt lat="38.38011" lon="-79.13517"><ele>526.0</ele></trkpt><trkpt lat="38.37991" lon="-79.13535"><ele>524.0</ele></trkpt><trkpt lat="38.37966" lon="-79.13548"><ele>523.0</ele></trkpt><trkpt lat="38.37895" lon="-79.13567"><ele>515.0</ele></trkpt><trkpt lat="38.378730000000004" lon="-79.13579"><ele>512.0</ele></trkpt><trkpt lat="38.378530000000005" lon="-79.13597"><ele>511.0</ele></trkpt><trkpt lat="38.37847" lon="-79.13601000000001"><ele>511.0</ele></trkpt><trkpt lat="38.378370000000004" lon="-79.13599"><ele>511.0</ele></trkpt><trkpt lat="38.3782" lon="-79.13593"><ele>512.0</ele></trkpt><trkpt lat="38.3781" lon="-79.13597"><ele>513.0</ele></trkpt><trkpt lat="38.37805" lon="-79.13602"><ele>513.0</ele></trkpt><trkpt lat="38.37774" lon="-79.13669"><ele>517.0</ele></trkpt><trkpt lat="38.3776" lon="-79.13683"><ele>518.0</ele></trkpt><trkpt lat="38.37753" lon="-79.13686000000001"><ele>518.0</ele></trkpt><trkpt lat="38.377500000000005" lon="-79.13682"><ele>518.0</ele></trkpt><trkpt lat="38.37731" lon="-79.13642"><ele>520.0</ele></trkpt><trkpt lat="38.37716" lon="-79.13637"><ele>521.0</ele></trkpt><trkpt lat="38.376540000000006" lon="-79.13669"><ele>514.0</ele></trkpt><trkpt lat="38.376340000000006" lon="-79.13691"><ele>513.0</ele></trkpt><trkpt lat="38.37617" lon="-79.13713000000001"><ele>513.0</ele></trkpt><trkpt lat="38.375980000000006" lon="-79.13728"><ele>515.0</ele></trkpt><trkpt lat="38.37576" lon="-79.13736"><ele>518.0</ele></trkpt><trkpt lat="38.375280000000004" lon="-79.13745"><ele>522.0</ele></trkpt><trkpt lat="38.37469" lon="-79.13821"><ele>526.0</ele></trkpt><trkpt lat="38.37464000000001" lon="-79.13825000000001"><ele>526.0</ele></trkpt><trkpt lat="38.374520000000004" lon="-79.13829000000001"><ele>528.0</ele></trkpt><trkpt lat="38.374460000000006" lon="-79.13829000000001"><ele>528.0</ele></trkpt><trkpt lat="38.374300000000005" lon="-79.13821"><ele>529.0</ele></trkpt><trkpt lat="38.37413" lon="-79.13812"><ele>531.0</ele></trkpt><trkpt lat="38.374030000000005" lon="-79.13808"><ele>533.0</ele></trkpt><trkpt lat="38.37393" lon="-79.13808"><ele>533.0</ele></trkpt><trkpt lat="38.373850000000004" lon="-79.13817"><ele>534.0</ele></trkpt><trkpt lat="38.373780000000004" lon="-79.13834"><ele>535.0</ele></trkpt><trkpt lat="38.373650000000005" lon="-79.13858"><ele>535.0</ele></trkpt><trkpt lat="38.37342" lon="-79.13888"><ele>535.0</ele></trkpt><trkpt lat="38.37332" lon="-79.13897"><ele>535.0</ele></trkpt><trkpt lat="38.373180000000005" lon="-79.13906"><ele>535.0</ele></trkpt><trkpt lat="38.37277" lon="-79.13921"><ele>535.0</ele></trkpt><trkpt lat="38.372550000000004" lon="-79.13925"><ele>535.0</ele></trkpt><trkpt lat="38.37247" lon="-79.1392"><ele>535.0</ele></trkpt><trkpt lat="38.37243" lon="-79.13915"><ele>535.0</ele></trkpt><trkpt lat="38.372420000000005" lon="-79.13910000000001"><ele>534.0</ele></trkpt><trkpt lat="38.37239" lon="-79.13857"><ele>533.0</ele></trkpt><trkpt lat="38.372420000000005" lon="-79.13812"><ele>531.0</ele></trkpt><trkpt lat="38.372400000000006" lon="-79.1379"><ele>529.0</ele></trkpt><trkpt lat="38.37232" lon="-79.13776"><ele>528.0</ele></trkpt><trkpt lat="38.372080000000004" lon="-79.13767"><ele>527.0</ele></trkpt><trkpt lat="38.37196" lon="-79.13767"><ele>527.0</ele></trkpt><trkpt lat="38.37154" lon="-79.13816000000001"><ele>523.0</ele></trkpt><trkpt lat="38.37133" lon="-79.1383"><ele>521.0</ele></trkpt><trkpt lat="38.37125" lon="-79.13843"><ele>521.0</ele></trkpt><trkpt lat="38.37113" lon="-79.1387"><ele>518.0</ele></trkpt><trkpt lat="38.37102" lon="-79.13879"><ele>517.0</ele></trkpt><trkpt lat="38.370380000000004" lon="-79.13910000000001"><ele>512.0</ele></trkpt><trkpt lat="38.37032000000001" lon="-79.13911"><ele>512.0</ele></trkpt><trkpt lat="38.37026" lon="-79.13910000000001"><ele>512.0</ele></trkpt><trkpt lat="38.36983" lon="-79.13893"><ele>508.0</ele></trkpt><trkpt lat="38.36966" lon="-79.13879"><ele>506.0</ele></trkpt><trkpt lat="38.369510000000005" lon="-79.13865000000001"><ele>505.0</ele></trkpt><trkpt lat="38.36936" lon="-79.13839"><ele>502.0</ele></trkpt><trkpt lat="38.369150000000005" lon="-79.13803"><ele>499.0</ele></trkpt><trkpt lat="38.368930000000006" lon="-79.13754"><ele>495.0</ele></trkpt><trkpt lat="38.368770000000005" lon="-79.137"><ele>490.0</ele></trkpt><trkpt lat="38.368680000000005" lon="-79.13659000000001"><ele>486.0</ele></trkpt><trkpt lat="38.368660000000006" lon="-79.13637"><ele>486.0</ele></trkpt><trkpt lat="38.36867" lon="-79.13611"><ele>483.0</ele></trkpt><trkpt lat="38.368640000000006" lon="-79.13579"><ele>482.0</ele></trkpt><trkpt lat="38.368500000000004" lon="-79.13539"><ele>482.0</ele></trkpt><trkpt lat="38.36834" lon="-79.13517"><ele>483.0</ele></trkpt><trkpt lat="38.368230000000004" lon="-79.13503"><ele>484.0</ele></trkpt><trkpt lat="38.368" lon="-79.13486"><ele>487.0</ele></trkpt><trkpt lat="38.36777" lon="-79.13476"><ele>488.0</ele></trkpt><trkpt lat="38.36739" lon="-79.13471000000001"><ele>490.0</ele></trkpt><trkpt lat="38.367290000000004" lon="-79.13472"><ele>490.0</ele></trkpt><trkpt lat="38.36701" lon="-79.13485"><ele>490.0</ele></trkpt><trkpt lat="38.36684" lon="-79.13504"><ele>491.0</ele></trkpt><trkpt lat="38.36674" lon="-79.13525000000001"><ele>491.0</ele></trkpt><trkpt lat="38.36656" lon="-79.13579"><ele>497.0</ele></trkpt><trkpt lat="38.36648" lon="-79.13588"><ele>497.0</ele></trkpt><trkpt lat="38.36638000000001" lon="-79.13593"><ele>498.0</ele></trkpt><trkpt lat="38.366290000000006" lon="-79.13588"><ele>498.0</ele></trkpt><trkpt lat="38.366080000000004" lon="-79.13563"><ele>500.0</ele></trkpt><trkpt lat="38.36594" lon="-79.13552"><ele>501.0</ele></trkpt><trkpt lat="38.36583" lon="-79.13539"><ele>501.0</ele></trkpt><trkpt lat="38.36571" lon="-79.13508"><ele>503.0</ele></trkpt><trkpt lat="38.365390000000005" lon="-79.13445"><ele>503.0</ele></trkpt><trkpt lat="38.365170000000006" lon="-79.13387"><ele>499.0</ele></trkpt><trkpt lat="38.36496" lon="-79.13356"><ele>498.0</ele></trkpt><trkpt lat="38.36466" lon="-79.13337000000001"><ele>497.0</ele></trkpt><trkpt lat="38.36444" lon="-79.13324"><ele>497.0</ele></trkpt><trkpt lat="38.364250000000006" lon="-79.1332"><ele>496.0</ele></trkpt><trkpt lat="38.364140000000006" lon="-79.13310000000001"><ele>495.0</ele></trkpt><trkpt lat="38.364110000000004" lon="-79.13302"><ele>495.0</ele></trkpt><trkpt lat="38.364070000000005" lon="-79.13266"><ele>494.0</ele></trkpt><trkpt lat="38.363960000000006" lon="-79.13239"><ele>494.0</ele></trkpt><trkpt lat="38.36368" lon="-79.1319"><ele>491.0</ele></trkpt><trkpt lat="38.363640000000004" lon="-79.13168"><ele>491.0</ele></trkpt><trkpt lat="38.36363" lon="-79.13155"><ele>491.0</ele></trkpt><trkpt lat="38.36360000258588" lon="-79.13076999973266"><ele>490.0</ele></trkpt><trkpt lat="38.36357" lon="-79.12999"><ele>486.0</ele></trkpt><trkpt lat="38.36399" lon="-79.12966"><ele>482.0</ele></trkpt><trkpt lat="38.36422" lon="-79.12943000000001"><ele>479.0</ele></trkpt><trkpt lat="38.36446" lon="-79.12903"><ele>474.0</ele></trkpt><trkpt lat="38.36488000000001" lon="-79.12826000000001"><ele>464.0</ele></trkpt><trkpt lat="38.365050000000004" lon="-79.128"><ele>462.0</ele></trkpt><trkpt lat="38.365210000000005" lon="-79.12786000000001"><ele>459.0</ele></trkpt><trkpt lat="38.36574" lon="-79.12751"><ele>454.0</ele></trkpt><trkpt lat="38.36591000000001" lon="-79.12734"><ele>453.0</ele></trkpt><trkpt lat="38.366020000000006" lon="-79.12716"><ele>452.0</ele></trkpt><trkpt lat="38.36627" lon="-79.12661"><ele>451.0</ele></trkpt><trkpt lat="38.366350000000004" lon="-79.12634000000001"><ele>451.0</ele></trkpt><trkpt lat="38.366350000000004" lon="-79.12626"><ele>451.0</ele></trkpt><trkpt lat="38.366330000000005" lon="-79.12611000000001"><ele>451.0</ele></trkpt><trkpt lat="38.36614500111455" lon="-79.1255799984207"><ele>452.0</ele></trkpt><trkpt lat="38.36596" lon="-79.12505"><ele>451.0</ele></trkpt><trkpt lat="38.36583" lon="-79.12434"><ele>449.0</ele></trkpt><trkpt lat="38.365770000000005" lon="-79.12415"><ele>449.0</ele></trkpt><trkpt lat="38.365320000000004" lon="-79.12335"><ele>452.0</ele></trkpt><trkpt lat="38.36493" lon="-79.12254"><ele>454.0</ele></trkpt><trkpt lat="38.364670002290076" lon="-79.12180499734804"><ele>450.0</ele></trkpt><trkpt lat="38.36441000000001" lon="-79.12107"><ele>445.0</ele></trkpt><trkpt lat="38.36417667200593" lon="-79.12027666153003"><ele>443.0</ele></trkpt><trkpt lat="38.36394333866614" lon="-79.11948332817484"><ele>444.0</ele></trkpt><trkpt lat="38.363710000000005" lon="-79.11869"><ele>447.0</ele></trkpt><trkpt lat="38.36363000246406" lon="-79.11792999926568"><ele>445.0</ele></trkpt><trkpt lat="38.363550000000004" lon="-79.11717"><ele>444.0</ele></trkpt><trkpt lat="38.36343" lon="-79.11630000000001"><ele>441.0</ele></trkpt><trkpt lat="38.36335500250342" lon="-79.11552999905344"><ele>440.0</ele></trkpt><trkpt lat="38.36328" lon="-79.11476"><ele>438.0</ele></trkpt><trkpt lat="38.36321" lon="-79.11412"><ele>437.0</ele></trkpt><trkpt lat="38.363145005279875" lon="-79.11300499900238"><ele>436.0</ele></trkpt><trkpt lat="38.363080000000004" lon="-79.11189"><ele>433.0</ele></trkpt><trkpt lat="38.36303" lon="-79.1118"><ele>433.0</ele></trkpt><trkpt lat="38.362950000000005" lon="-79.11171"><ele>432.0</ele></trkpt><trkpt lat="38.36285" lon="-79.11166"><ele>431.0</ele></trkpt><trkpt lat="38.362260000000006" lon="-79.11174000000001"><ele>429.0</ele></trkpt><trkpt lat="38.36204" lon="-79.11171"><ele>428.0</ele></trkpt><trkpt lat="38.361850000000004" lon="-79.11162"><ele>429.0</ele></trkpt><trkpt lat="38.361630000000005" lon="-79.11139"><ele>429.0</ele></trkpt><trkpt lat="38.361580000000004" lon="-79.11131"><ele>429.0</ele></trkpt><trkpt lat="38.361540000000005" lon="-79.11113"><ele>430.0</ele></trkpt><trkpt lat="38.36162" lon="-79.11014"><ele>434.0</ele></trkpt><trkpt lat="38.36162" lon="-79.10985000000001"><ele>434.0</ele></trkpt><trkpt lat="38.36159" lon="-79.10956"><ele>437.0</ele></trkpt><trkpt lat="38.361520000000006" lon="-79.10938"><ele>438.0</ele></trkpt><trkpt lat="38.36139" lon="-79.10912"><ele>440.0</ele></trkpt><trkpt lat="38.361230000000006" lon="-79.10895000000001"><ele>441.0</ele></trkpt><trkpt lat="38.36108" lon="-79.10888000000001"><ele>441.0</ele></trkpt><trkpt lat="38.360980000000005" lon="-79.10884"><ele>441.0</ele></trkpt><trkpt lat="38.36077" lon="-79.10882000000001"><ele>440.0</ele></trkpt><trkpt lat="38.360110000135" lon="-79.10898500149945"><ele>436.0</ele></trkpt><trkpt lat="38.35945" lon="-79.10915"><ele>434.0</ele></trkpt><trkpt lat="38.35924" lon="-79.10910000000001"><ele>433.0</ele></trkpt><trkpt lat="38.35884" lon="-79.10884"><ele>431.0</ele></trkpt><trkpt lat="38.35871" lon="-79.10871"><ele>429.0</ele></trkpt><trkpt lat="38.3586" lon="-79.10856000000001"><ele>429.0</ele></trkpt><trkpt lat="38.358520000000006" lon="-79.10837000000001"><ele>428.0</ele></trkpt><trkpt lat="38.35846" lon="-79.10809"><ele>428.0</ele></trkpt><trkpt lat="38.35834000308709" lon="-79.10723999872525"><ele>427.0</ele></trkpt><trkpt lat="38.35822" lon="-79.10639"><ele>427.0</ele></trkpt><trkpt lat="38.35812000000001" lon="-79.10593"><ele>427.0</ele></trkpt><trkpt lat="38.35802" lon="-79.10561000000001"><ele>427.0</ele></trkpt><trkpt lat="38.35792" lon="-79.1054"><ele>426.0</ele></trkpt><trkpt lat="38.3577" lon="-79.10517"><ele>426.0</ele></trkpt><trkpt lat="38.35757" lon="-79.10508"><ele>426.0</ele></trkpt><trkpt lat="38.357040000000005" lon="-79.1049"><ele>426.0</ele></trkpt><trkpt lat="38.356970000000004" lon="-79.10485000000001"><ele>426.0</ele></trkpt><trkpt lat="38.356880000000004" lon="-79.10468"><ele>426.0</ele></trkpt><trkpt lat="38.356860000000005" lon="-79.10456"><ele>426.0</ele></trkpt><trkpt lat="38.356860000000005" lon="-79.10455"><ele>426.0</ele></trkpt><trkpt lat="38.35687" lon="-79.10441"><ele>426.0</ele></trkpt><trkpt lat="38.356950000000005" lon="-79.10405"><ele>426.0</ele></trkpt><trkpt lat="38.357186013946674" lon="-79.10314401179839"><ele>425.0</ele></trkpt><trkpt lat="38.35742202092206" lon="-79.10223801769007"><ele>424.0</ele></trkpt><trkpt lat="38.357658020926024" lon="-79.10133201767516"><ele>424.0</ele></trkpt><trkpt lat="38.35789401395848" lon="-79.10042601175371"><ele>423.0</ele></trkpt><trkpt lat="38.35813" lon="-79.09952000000001"><ele>422.0</ele></trkpt><trkpt lat="38.35813" lon="-79.09936"><ele>422.0</ele></trkpt><trkpt lat="38.358090000000004" lon="-79.09921000000001"><ele>422.0</ele></trkpt><trkpt lat="38.35801" lon="-79.09908"><ele>422.0</ele></trkpt><trkpt lat="38.35745000414467" lon="-79.09850998677918"><ele>421.0</ele></trkpt><trkpt lat="38.35689000552985" lon="-79.09793998237616"><ele>421.0</ele></trkpt><trkpt lat="38.35633000415562" lon="-79.0973699867907"><ele>421.0</ele></trkpt><trkpt lat="38.35577" lon="-79.0968"><ele>420.0</ele></trkpt><trkpt lat="38.35514000164806" lon="-79.09616999448102"><ele>418.0</ele></trkpt><trkpt lat="38.354510000000005" lon="-79.09554"><ele>417.0</ele></trkpt><trkpt lat="38.35434" lon="-79.09536"><ele>417.0</ele></trkpt><trkpt lat="38.354290000000006" lon="-79.09527000000001"><ele>417.0</ele></trkpt><trkpt lat="38.35446" lon="-79.09502"><ele>417.0</ele></trkpt><trkpt lat="38.35474000093663" lon="-79.09454000192775"><ele>416.0</ele></trkpt><trkpt lat="38.35502" lon="-79.09406000000001"><ele>416.0</ele></trkpt><trkpt lat="38.35550667210475" lon="-79.09326001075017"><ele>415.0</ele></trkpt><trkpt lat="38.35599333877407" lon="-79.09246001074597"><ele>414.0</ele></trkpt><trkpt lat="38.356480000000005" lon="-79.09166"><ele>415.0</ele></trkpt><trkpt lat="38.356790000000004" lon="-79.09127000000001"><ele>415.0</ele></trkpt><trkpt lat="38.35631000085026" lon="-79.09081999700763"><ele>416.0</ele></trkpt><trkpt lat="38.355830000000005" lon="-79.09037000000001"><ele>414.0</ele></trkpt><trkpt lat="38.35582" lon="-79.09037000000001"><ele>414.0</ele></trkpt><trkpt lat="38.355970000000006" lon="-79.08933"><ele>413.0</ele></trkpt><trkpt lat="38.35651" lon="-79.08963"><ele>413.0</ele></trkpt><trkpt lat="38.356790000000004" lon="-79.08915"><ele>412.0</ele></trkpt><trkpt lat="38.35678" lon="-79.08915"><ele>412.0</ele></trkpt><trkpt lat="38.35689500185375" lon="-79.08849000102559"><ele>411.0</ele></trkpt><trkpt lat="38.35701" lon="-79.08783000000001"><ele>412.0</ele></trkpt><trkpt lat="38.35741" lon="-79.08685000000001"><ele>410.0</ele></trkpt><trkpt lat="38.357710000000004" lon="-79.08577000000001"><ele>409.0</ele></trkpt><trkpt lat="38.3577" lon="-79.08577000000001"><ele>409.0</ele></trkpt><trkpt lat="38.35812000000001" lon="-79.08491000000001"><ele>410.0</ele></trkpt><trkpt lat="38.358520000000006" lon="-79.08426"><ele>409.0</ele></trkpt><trkpt lat="38.358470000000004" lon="-79.08339000000001"><ele>409.0</ele></trkpt></trkseg></trk></gpx>