<?xml version="1.0" encoding="UTF-8"?>
<gpx xmlns="http://www.topografix.com/GPX/1/1" xmlns:gpsies="https://www.gpsies.com/GPX/1/0" creator="AllTrails https://www.alltrails.com/ - 55K BARILOCHE BY UTMB" version="1.1" xmlns:xsi="http://www.w3.org/2001/XMLSchema-instance" xsi:schemaLocation="http://www.topografix.com/GPX/1/1 http://www.topografix.com/GPX/1/1/gpx.xsd https://www.gpsies.com/GPX/1/0 https://www.gpsies.com/gpsies.xsd">
  <metadata>
    <name>55K BARILOCHE BY UTMB</name>
    <link href="https://www.gpsies.com/">
      <text>55K BARILOCHE BY UTMB on AllTrails</text>
    </link>
    <time>2025-11-18T16:30:15Z</time>
  </metadata>
  <trk>
    <name>55K BARILOCHE BY UTMB on AllTrails</name>
    <trkseg>
      <trkpt lat="-41.2439068" lon="-71.4545197">
        <ele>814.00000</ele>
      </trkpt>
      <trkpt lat="-41.2440477" lon="-71.4546564">
        <ele>815.00000</ele>
      </trkpt>
      <trkpt lat="-41.2439085" lon="-71.4548973">
        <ele>814.00000</ele>
      </trkpt>
      <trkpt lat="-41.2433161" lon="-71.4545301">
        <ele>811.00000</ele>
      </trkpt>
      <trkpt lat="-41.2431703" lon="-71.4549471">
        <ele>810.00000</ele>
      </trkpt>
      <trkpt lat="-41.2430391" lon="-71.4553791">
        <ele>810.00000</ele>
      </trkpt>
      <trkpt lat="-41.2429504" lon="-71.4557116">
        <ele>810.00000</ele>
      </trkpt>
      <trkpt lat="-41.2429322" lon="-71.4560079">
        <ele>811.00000</ele>
      </trkpt>
      <trkpt lat="-41.2429226" lon="-71.4564819">
        <ele>812.00000</ele>
      </trkpt>
      <trkpt lat="-41.2430017" lon="-71.4569129">
        <ele>813.00000</ele>
      </trkpt>
      <trkpt lat="-41.2429125" lon="-71.4572878">
        <ele>814.00000</ele>
      </trkpt>
      <trkpt lat="-41.2427677" lon="-71.4578922">
        <ele>813.00000</ele>
      </trkpt>
      <trkpt lat="-41.2426389" lon="-71.4583598">
        <ele>813.00000</ele>
      </trkpt>
      <trkpt lat="-41.2425453" lon="-71.4589211">
        <ele>812.00000</ele>
      </trkpt>
      <trkpt lat="-41.2424980" lon="-71.4592779">
        <ele>811.00000</ele>
      </trkpt>
      <trkpt lat="-41.2424539" lon="-71.4596407">
        <ele>812.00000</ele>
      </trkpt>
      <trkpt lat="-41.2424008" lon="-71.4599895">
        <ele>813.00000</ele>
      </trkpt>
      <trkpt lat="-41.2425010" lon="-71.4600956">
        <ele>814.00000</ele>
      </trkpt>
      <trkpt lat="-41.2425593" lon="-71.4601620">
        <ele>815.00000</ele>
      </trkpt>
      <trkpt lat="-41.2426360" lon="-71.4601700">
        <ele>815.00000</ele>
      </trkpt>
      <trkpt lat="-41.2427293" lon="-71.4600702">
        <ele>815.00000</ele>
      </trkpt>
      <trkpt lat="-41.2427956" lon="-71.4599843">
        <ele>815.00000</ele>
      </trkpt>
      <trkpt lat="-41.2428911" lon="-71.4598689">
        <ele>815.00000</ele>
      </trkpt>
      <trkpt lat="-41.2429524" lon="-71.4597171">
        <ele>815.00000</ele>
      </trkpt>
      <trkpt lat="-41.2431090" lon="-71.4593681">
        <ele>815.00000</ele>
      </trkpt>
      <trkpt lat="-41.2432246" lon="-71.4591554">
        <ele>815.00000</ele>
      </trkpt>
      <trkpt lat="-41.2433155" lon="-71.4589240">
        <ele>815.00000</ele>
      </trkpt>
      <trkpt lat="-41.2434108" lon="-71.4586949">
        <ele>817.00000</ele>
      </trkpt>
      <trkpt lat="-41.2435124" lon="-71.4582607">
        <ele>819.00000</ele>
      </trkpt>
      <trkpt lat="-41.2436600" lon="-71.4579307">
        <ele>820.00000</ele>
      </trkpt>
      <trkpt lat="-41.2437434" lon="-71.4576080">
        <ele>820.00000</ele>
      </trkpt>
      <trkpt lat="-41.2438296" lon="-71.4574058">
        <ele>819.00000</ele>
      </trkpt>
      <trkpt lat="-41.2439288" lon="-71.4572002">
        <ele>819.00000</ele>
      </trkpt>
      <trkpt lat="-41.2440240" lon="-71.4569974">
        <ele>819.00000</ele>
      </trkpt>
      <trkpt lat="-41.2441371" lon="-71.4567542">
        <ele>818.00000</ele>
      </trkpt>
      <trkpt lat="-41.2443411" lon="-71.4564081">
        <ele>819.00000</ele>
      </trkpt>
      <trkpt lat="-41.2444497" lon="-71.4562621">
        <ele>820.00000</ele>
      </trkpt>
      <trkpt lat="-41.2445181" lon="-71.4561456">
        <ele>820.00000</ele>
      </trkpt>
      <trkpt lat="-41.2446329" lon="-71.4559636">
        <ele>821.00000</ele>
      </trkpt>
      <trkpt lat="-41.2447062" lon="-71.4558852">
        <ele>821.00000</ele>
      </trkpt>
      <trkpt lat="-41.2447674" lon="-71.4558129">
        <ele>821.00000</ele>
      </trkpt>
      <trkpt lat="-41.2447879" lon="-71.4557712">
        <ele>821.00000</ele>
      </trkpt>
      <trkpt lat="-41.2448051" lon="-71.4556579">
        <ele>820.00000</ele>
      </trkpt>
      <trkpt lat="-41.2448281" lon="-71.4552983">
        <ele>819.00000</ele>
      </trkpt>
      <trkpt lat="-41.2448500" lon="-71.4551508">
        <ele>819.00000</ele>
      </trkpt>
      <trkpt lat="-41.2448853" lon="-71.4549424">
        <ele>819.00000</ele>
      </trkpt>
      <trkpt lat="-41.2449251" lon="-71.4547052">
        <ele>820.00000</ele>
      </trkpt>
      <trkpt lat="-41.2449719" lon="-71.4544506">
        <ele>821.00000</ele>
      </trkpt>
      <trkpt lat="-41.2451045" lon="-71.4540789">
        <ele>823.00000</ele>
      </trkpt>
      <trkpt lat="-41.2451665" lon="-71.4539855">
        <ele>824.00000</ele>
      </trkpt>
      <trkpt lat="-41.2452127" lon="-71.4538695">
        <ele>825.00000</ele>
      </trkpt>
      <trkpt lat="-41.2452555" lon="-71.4536808">
        <ele>824.00000</ele>
      </trkpt>
      <trkpt lat="-41.2453118" lon="-71.4535243">
        <ele>823.00000</ele>
      </trkpt>
      <trkpt lat="-41.2453667" lon="-71.4534114">
        <ele>822.00000</ele>
      </trkpt>
      <trkpt lat="-41.2454198" lon="-71.4533011">
        <ele>822.00000</ele>
      </trkpt>
      <trkpt lat="-41.2455100" lon="-71.4532980">
        <ele>822.00000</ele>
      </trkpt>
      <trkpt lat="-41.2456616" lon="-71.4534470">
        <ele>824.00000</ele>
      </trkpt>
      <trkpt lat="-41.2458049" lon="-71.4535512">
        <ele>825.00000</ele>
      </trkpt>
      <trkpt lat="-41.2459850" lon="-71.4536877">
        <ele>825.00000</ele>
      </trkpt>
      <trkpt lat="-41.2461114" lon="-71.4538319">
        <ele>825.00000</ele>
      </trkpt>
      <trkpt lat="-41.2462917" lon="-71.4539243">
        <ele>827.00000</ele>
      </trkpt>
      <trkpt lat="-41.2464518" lon="-71.4541298">
        <ele>829.00000</ele>
      </trkpt>
      <trkpt lat="-41.2465704" lon="-71.4542685">
        <ele>830.00000</ele>
      </trkpt>
      <trkpt lat="-41.2466701" lon="-71.4543064">
        <ele>831.00000</ele>
      </trkpt>
      <trkpt lat="-41.2468053" lon="-71.4545193">
        <ele>833.00000</ele>
      </trkpt>
      <trkpt lat="-41.2469096" lon="-71.4546450">
        <ele>834.00000</ele>
      </trkpt>
      <trkpt lat="-41.2470049" lon="-71.4547349">
        <ele>835.00000</ele>
      </trkpt>
      <trkpt lat="-41.2471580" lon="-71.4548825">
        <ele>835.00000</ele>
      </trkpt>
      <trkpt lat="-41.2473652" lon="-71.4551327">
        <ele>835.00000</ele>
      </trkpt>
      <trkpt lat="-41.2475040" lon="-71.4553111">
        <ele>835.00000</ele>
      </trkpt>
      <trkpt lat="-41.2475718" lon="-71.4553830">
        <ele>835.00000</ele>
      </trkpt>
      <trkpt lat="-41.2476525" lon="-71.4554505">
        <ele>835.00000</ele>
      </trkpt>
      <trkpt lat="-41.2477296" lon="-71.4555305">
        <ele>835.00000</ele>
      </trkpt>
      <trkpt lat="-41.2478115" lon="-71.4556070">
        <ele>835.00000</ele>
      </trkpt>
      <trkpt lat="-41.2478813" lon="-71.4556628">
        <ele>836.00000</ele>
      </trkpt>
      <trkpt lat="-41.2479582" lon="-71.4557030">
        <ele>836.00000</ele>
      </trkpt>
      <trkpt lat="-41.2480721" lon="-71.4558088">
        <ele>837.00000</ele>
      </trkpt>
      <trkpt lat="-41.2481790" lon="-71.4559364">
        <ele>837.00000</ele>
      </trkpt>
      <trkpt lat="-41.2482443" lon="-71.4560415">
        <ele>837.00000</ele>
      </trkpt>
      <trkpt lat="-41.2483154" lon="-71.4562063">
        <ele>837.00000</ele>
      </trkpt>
      <trkpt lat="-41.2483966" lon="-71.4563596">
        <ele>836.00000</ele>
      </trkpt>
      <trkpt lat="-41.2484866" lon="-71.4564963">
        <ele>835.00000</ele>
      </trkpt>
      <trkpt lat="-41.2485625" lon="-71.4565971">
        <ele>835.00000</ele>
      </trkpt>
      <trkpt lat="-41.2486683" lon="-71.4567377">
        <ele>835.00000</ele>
      </trkpt>
      <trkpt lat="-41.2487308" lon="-71.4568478">
        <ele>835.00000</ele>
      </trkpt>
      <trkpt lat="-41.2488007" lon="-71.4570128">
        <ele>836.00000</ele>
      </trkpt>
      <trkpt lat="-41.2488721" lon="-71.4571357">
        <ele>836.00000</ele>
      </trkpt>
      <trkpt lat="-41.2489496" lon="-71.4573213">
        <ele>837.00000</ele>
      </trkpt>
      <trkpt lat="-41.2490475" lon="-71.4574778">
        <ele>837.00000</ele>
      </trkpt>
      <trkpt lat="-41.2491517" lon="-71.4576444">
        <ele>837.00000</ele>
      </trkpt>
      <trkpt lat="-41.2492277" lon="-71.4577658">
        <ele>837.00000</ele>
      </trkpt>
      <trkpt lat="-41.2493205" lon="-71.4579127">
        <ele>838.00000</ele>
      </trkpt>
      <trkpt lat="-41.2494693" lon="-71.4581443">
        <ele>839.00000</ele>
      </trkpt>
      <trkpt lat="-41.2495521" lon="-71.4582580">
        <ele>839.00000</ele>
      </trkpt>
      <trkpt lat="-41.2496405" lon="-71.4583995">
        <ele>839.00000</ele>
      </trkpt>
      <trkpt lat="-41.2497235" lon="-71.4585211">
        <ele>839.00000</ele>
      </trkpt>
      <trkpt lat="-41.2498108" lon="-71.4586754">
        <ele>839.00000</ele>
      </trkpt>
      <trkpt lat="-41.2499050" lon="-71.4588725">
        <ele>839.00000</ele>
      </trkpt>
      <trkpt lat="-41.2499603" lon="-71.4590448">
        <ele>839.00000</ele>
      </trkpt>
      <trkpt lat="-41.2500314" lon="-71.4591922">
        <ele>840.00000</ele>
      </trkpt>
      <trkpt lat="-41.2500857" lon="-71.4593062">
        <ele>841.00000</ele>
      </trkpt>
      <trkpt lat="-41.2501451" lon="-71.4594867">
        <ele>841.00000</ele>
      </trkpt>
      <trkpt lat="-41.2501981" lon="-71.4596839">
        <ele>841.00000</ele>
      </trkpt>
      <trkpt lat="-41.2502481" lon="-71.4599026">
        <ele>841.00000</ele>
      </trkpt>
      <trkpt lat="-41.2502884" lon="-71.4600291">
        <ele>841.00000</ele>
      </trkpt>
      <trkpt lat="-41.2503160" lon="-71.4601127">
        <ele>841.00000</ele>
      </trkpt>
      <trkpt lat="-41.2503749" lon="-71.4602481">
        <ele>841.00000</ele>
      </trkpt>
      <trkpt lat="-41.2504319" lon="-71.4604511">
        <ele>840.00000</ele>
      </trkpt>
      <trkpt lat="-41.2504314" lon="-71.4605372">
        <ele>839.00000</ele>
      </trkpt>
      <trkpt lat="-41.2504196" lon="-71.4606595">
        <ele>839.00000</ele>
      </trkpt>
      <trkpt lat="-41.2503269" lon="-71.4608452">
        <ele>838.00000</ele>
      </trkpt>
      <trkpt lat="-41.2502365" lon="-71.4609362">
        <ele>838.00000</ele>
      </trkpt>
      <trkpt lat="-41.2501158" lon="-71.4610981">
        <ele>838.00000</ele>
      </trkpt>
      <trkpt lat="-41.2499078" lon="-71.4613537">
        <ele>837.00000</ele>
      </trkpt>
      <trkpt lat="-41.2498022" lon="-71.4614837">
        <ele>837.00000</ele>
      </trkpt>
      <trkpt lat="-41.2496939" lon="-71.4615891">
        <ele>837.00000</ele>
      </trkpt>
      <trkpt lat="-41.2495720" lon="-71.4617207">
        <ele>837.00000</ele>
      </trkpt>
      <trkpt lat="-41.2494524" lon="-71.4617954">
        <ele>836.00000</ele>
      </trkpt>
      <trkpt lat="-41.2493299" lon="-71.4619332">
        <ele>836.00000</ele>
      </trkpt>
      <trkpt lat="-41.2491776" lon="-71.4621306">
        <ele>835.00000</ele>
      </trkpt>
      <trkpt lat="-41.2489838" lon="-71.4623656">
        <ele>834.00000</ele>
      </trkpt>
      <trkpt lat="-41.2487212" lon="-71.4625865">
        <ele>833.00000</ele>
      </trkpt>
      <trkpt lat="-41.2485498" lon="-71.4627614">
        <ele>832.00000</ele>
      </trkpt>
      <trkpt lat="-41.2484054" lon="-71.4628805">
        <ele>831.00000</ele>
      </trkpt>
      <trkpt lat="-41.2482242" lon="-71.4630706">
        <ele>831.00000</ele>
      </trkpt>
      <trkpt lat="-41.2480430" lon="-71.4632952">
        <ele>830.00000</ele>
      </trkpt>
      <trkpt lat="-41.2478208" lon="-71.4635364">
        <ele>828.00000</ele>
      </trkpt>
      <trkpt lat="-41.2477602" lon="-71.4636156">
        <ele>827.00000</ele>
      </trkpt>
      <trkpt lat="-41.2476388" lon="-71.4637517">
        <ele>826.00000</ele>
      </trkpt>
      <trkpt lat="-41.2474860" lon="-71.4639026">
        <ele>826.00000</ele>
      </trkpt>
      <trkpt lat="-41.2473056" lon="-71.4640927">
        <ele>826.00000</ele>
      </trkpt>
      <trkpt lat="-41.2470678" lon="-71.4643069">
        <ele>825.00000</ele>
      </trkpt>
      <trkpt lat="-41.2469088" lon="-71.4644280">
        <ele>824.00000</ele>
      </trkpt>
      <trkpt lat="-41.2468528" lon="-71.4644858">
        <ele>824.00000</ele>
      </trkpt>
      <trkpt lat="-41.2467286" lon="-71.4645585">
        <ele>824.00000</ele>
      </trkpt>
      <trkpt lat="-41.2466456" lon="-71.4646676">
        <ele>824.00000</ele>
      </trkpt>
      <trkpt lat="-41.2465295" lon="-71.4648268">
        <ele>824.00000</ele>
      </trkpt>
      <trkpt lat="-41.2464451" lon="-71.4649083">
        <ele>824.00000</ele>
      </trkpt>
      <trkpt lat="-41.2463961" lon="-71.4649626">
        <ele>824.00000</ele>
      </trkpt>
      <trkpt lat="-41.2463431" lon="-71.4650554">
        <ele>824.00000</ele>
      </trkpt>
      <trkpt lat="-41.2463342" lon="-71.4651477">
        <ele>824.00000</ele>
      </trkpt>
      <trkpt lat="-41.2463342" lon="-71.4652384">
        <ele>825.00000</ele>
      </trkpt>
      <trkpt lat="-41.2463401" lon="-71.4653824">
        <ele>825.00000</ele>
      </trkpt>
      <trkpt lat="-41.2463815" lon="-71.4654168">
        <ele>825.00000</ele>
      </trkpt>
      <trkpt lat="-41.2464537" lon="-71.4654369">
        <ele>825.00000</ele>
      </trkpt>
      <trkpt lat="-41.2465017" lon="-71.4654454">
        <ele>825.00000</ele>
      </trkpt>
      <trkpt lat="-41.2465570" lon="-71.4654776">
        <ele>825.00000</ele>
      </trkpt>
      <trkpt lat="-41.2466350" lon="-71.4654967">
        <ele>825.00000</ele>
      </trkpt>
      <trkpt lat="-41.2467463" lon="-71.4655308">
        <ele>826.00000</ele>
      </trkpt>
      <trkpt lat="-41.2468235" lon="-71.4655349">
        <ele>826.00000</ele>
      </trkpt>
      <trkpt lat="-41.2469125" lon="-71.4655171">
        <ele>826.00000</ele>
      </trkpt>
      <trkpt lat="-41.2470004" lon="-71.4655110">
        <ele>827.00000</ele>
      </trkpt>
      <trkpt lat="-41.2470905" lon="-71.4655524">
        <ele>827.00000</ele>
      </trkpt>
      <trkpt lat="-41.2471691" lon="-71.4656014">
        <ele>826.00000</ele>
      </trkpt>
      <trkpt lat="-41.2472193" lon="-71.4656679">
        <ele>826.00000</ele>
      </trkpt>
      <trkpt lat="-41.2472557" lon="-71.4657411">
        <ele>826.00000</ele>
      </trkpt>
      <trkpt lat="-41.2473016" lon="-71.4657931">
        <ele>826.00000</ele>
      </trkpt>
      <trkpt lat="-41.2474151" lon="-71.4658052">
        <ele>826.00000</ele>
      </trkpt>
      <trkpt lat="-41.2474886" lon="-71.4658227">
        <ele>826.00000</ele>
      </trkpt>
      <trkpt lat="-41.2475508" lon="-71.4658560">
        <ele>825.00000</ele>
      </trkpt>
      <trkpt lat="-41.2476117" lon="-71.4660106">
        <ele>825.00000</ele>
      </trkpt>
      <trkpt lat="-41.2476622" lon="-71.4660956">
        <ele>825.00000</ele>
      </trkpt>
      <trkpt lat="-41.2477136" lon="-71.4662128">
        <ele>825.00000</ele>
      </trkpt>
      <trkpt lat="-41.2477573" lon="-71.4662757">
        <ele>826.00000</ele>
      </trkpt>
      <trkpt lat="-41.2478169" lon="-71.4663218">
        <ele>826.00000</ele>
      </trkpt>
      <trkpt lat="-41.2479052" lon="-71.4663692">
        <ele>826.00000</ele>
      </trkpt>
      <trkpt lat="-41.2479664" lon="-71.4663915">
        <ele>826.00000</ele>
      </trkpt>
      <trkpt lat="-41.2480426" lon="-71.4664294">
        <ele>826.00000</ele>
      </trkpt>
      <trkpt lat="-41.2480905" lon="-71.4664613">
        <ele>826.00000</ele>
      </trkpt>
      <trkpt lat="-41.2482064" lon="-71.4665203">
        <ele>826.00000</ele>
      </trkpt>
      <trkpt lat="-41.2483218" lon="-71.4665836">
        <ele>826.00000</ele>
      </trkpt>
      <trkpt lat="-41.2484146" lon="-71.4666289">
        <ele>826.00000</ele>
      </trkpt>
      <trkpt lat="-41.2485071" lon="-71.4666744">
        <ele>826.00000</ele>
      </trkpt>
      <trkpt lat="-41.2485651" lon="-71.4667028">
        <ele>826.00000</ele>
      </trkpt>
      <trkpt lat="-41.2486453" lon="-71.4667488">
        <ele>826.00000</ele>
      </trkpt>
      <trkpt lat="-41.2487073" lon="-71.4668636">
        <ele>826.00000</ele>
      </trkpt>
      <trkpt lat="-41.2487594" lon="-71.4669752">
        <ele>827.00000</ele>
      </trkpt>
      <trkpt lat="-41.2487614" lon="-71.4669826">
        <ele>827.00000</ele>
      </trkpt>
      <trkpt lat="-41.2487967" lon="-71.4670304">
        <ele>827.00000</ele>
      </trkpt>
      <trkpt lat="-41.2488389" lon="-71.4670694">
        <ele>828.00000</ele>
      </trkpt>
      <trkpt lat="-41.2488877" lon="-71.4671044">
        <ele>828.00000</ele>
      </trkpt>
      <trkpt lat="-41.2489513" lon="-71.4670966">
        <ele>828.00000</ele>
      </trkpt>
      <trkpt lat="-41.2489972" lon="-71.4670926">
        <ele>828.00000</ele>
      </trkpt>
      <trkpt lat="-41.2491016" lon="-71.4670857">
        <ele>828.00000</ele>
      </trkpt>
      <trkpt lat="-41.2491761" lon="-71.4670400">
        <ele>828.00000</ele>
      </trkpt>
      <trkpt lat="-41.2492363" lon="-71.4669793">
        <ele>828.00000</ele>
      </trkpt>
      <trkpt lat="-41.2492910" lon="-71.4669377">
        <ele>828.00000</ele>
      </trkpt>
      <trkpt lat="-41.2493674" lon="-71.4668870">
        <ele>828.00000</ele>
      </trkpt>
      <trkpt lat="-41.2494503" lon="-71.4668092">
        <ele>827.00000</ele>
      </trkpt>
      <trkpt lat="-41.2495546" lon="-71.4666960">
        <ele>827.00000</ele>
      </trkpt>
      <trkpt lat="-41.2495589" lon="-71.4666935">
        <ele>827.00000</ele>
      </trkpt>
      <trkpt lat="-41.2496309" lon="-71.4666540">
        <ele>827.00000</ele>
      </trkpt>
      <trkpt lat="-41.2496904" lon="-71.4666331">
        <ele>827.00000</ele>
      </trkpt>
      <trkpt lat="-41.2496924" lon="-71.4666332">
        <ele>827.00000</ele>
      </trkpt>
      <trkpt lat="-41.2497869" lon="-71.4666097">
        <ele>827.00000</ele>
      </trkpt>
      <trkpt lat="-41.2498529" lon="-71.4666006">
        <ele>827.00000</ele>
      </trkpt>
      <trkpt lat="-41.2499185" lon="-71.4666252">
        <ele>827.00000</ele>
      </trkpt>
      <trkpt lat="-41.2499938" lon="-71.4666611">
        <ele>827.00000</ele>
      </trkpt>
      <trkpt lat="-41.2500620" lon="-71.4666195">
        <ele>827.00000</ele>
      </trkpt>
      <trkpt lat="-41.2501587" lon="-71.4665529">
        <ele>827.00000</ele>
      </trkpt>
      <trkpt lat="-41.2502815" lon="-71.4664815">
        <ele>828.00000</ele>
      </trkpt>
      <trkpt lat="-41.2503155" lon="-71.4664039">
        <ele>829.00000</ele>
      </trkpt>
      <trkpt lat="-41.2503798" lon="-71.4662599">
        <ele>829.00000</ele>
      </trkpt>
      <trkpt lat="-41.2504345" lon="-71.4661508">
        <ele>830.00000</ele>
      </trkpt>
      <trkpt lat="-41.2504531" lon="-71.4660524">
        <ele>830.00000</ele>
      </trkpt>
      <trkpt lat="-41.2504950" lon="-71.4659627">
        <ele>830.00000</ele>
      </trkpt>
      <trkpt lat="-41.2505693" lon="-71.4658643">
        <ele>830.00000</ele>
      </trkpt>
      <trkpt lat="-41.2506293" lon="-71.4657673">
        <ele>830.00000</ele>
      </trkpt>
      <trkpt lat="-41.2507615" lon="-71.4657997">
        <ele>830.00000</ele>
      </trkpt>
      <trkpt lat="-41.2508736" lon="-71.4659037">
        <ele>829.00000</ele>
      </trkpt>
      <trkpt lat="-41.2510825" lon="-71.4660322">
        <ele>829.00000</ele>
      </trkpt>
      <trkpt lat="-41.2512529" lon="-71.4662277">
        <ele>829.00000</ele>
      </trkpt>
      <trkpt lat="-41.2513779" lon="-71.4663809">
        <ele>829.00000</ele>
      </trkpt>
      <trkpt lat="-41.2515540" lon="-71.4665421">
        <ele>828.00000</ele>
      </trkpt>
      <trkpt lat="-41.2517574" lon="-71.4665313">
        <ele>828.00000</ele>
      </trkpt>
      <trkpt lat="-41.2519623" lon="-71.4664443">
        <ele>828.00000</ele>
      </trkpt>
      <trkpt lat="-41.2520889" lon="-71.4664304">
        <ele>828.00000</ele>
      </trkpt>
      <trkpt lat="-41.2521871" lon="-71.4664267">
        <ele>828.00000</ele>
      </trkpt>
      <trkpt lat="-41.2523332" lon="-71.4664803">
        <ele>829.00000</ele>
      </trkpt>
      <trkpt lat="-41.2524691" lon="-71.4665017">
        <ele>829.00000</ele>
      </trkpt>
      <trkpt lat="-41.2526514" lon="-71.4664614">
        <ele>829.00000</ele>
      </trkpt>
      <trkpt lat="-41.2527129" lon="-71.4664607">
        <ele>829.00000</ele>
      </trkpt>
      <trkpt lat="-41.2527797" lon="-71.4666096">
        <ele>830.00000</ele>
      </trkpt>
      <trkpt lat="-41.2528516" lon="-71.4667489">
        <ele>830.00000</ele>
      </trkpt>
      <trkpt lat="-41.2529460" lon="-71.4668778">
        <ele>830.00000</ele>
      </trkpt>
      <trkpt lat="-41.2530214" lon="-71.4669543">
        <ele>830.00000</ele>
      </trkpt>
      <trkpt lat="-41.2531636" lon="-71.4669532">
        <ele>831.00000</ele>
      </trkpt>
      <trkpt lat="-41.2533073" lon="-71.4668027">
        <ele>831.00000</ele>
      </trkpt>
      <trkpt lat="-41.2534045" lon="-71.4666365">
        <ele>832.00000</ele>
      </trkpt>
      <trkpt lat="-41.2534524" lon="-71.4665301">
        <ele>832.00000</ele>
      </trkpt>
      <trkpt lat="-41.2535526" lon="-71.4665367">
        <ele>833.00000</ele>
      </trkpt>
      <trkpt lat="-41.2536690" lon="-71.4665073">
        <ele>833.00000</ele>
      </trkpt>
      <trkpt lat="-41.2536974" lon="-71.4663865">
        <ele>834.00000</ele>
      </trkpt>
      <trkpt lat="-41.2537285" lon="-71.4662247">
        <ele>834.00000</ele>
      </trkpt>
      <trkpt lat="-41.2537959" lon="-71.4660594">
        <ele>835.00000</ele>
      </trkpt>
      <trkpt lat="-41.2538557" lon="-71.4659429">
        <ele>835.00000</ele>
      </trkpt>
      <trkpt lat="-41.2539171" lon="-71.4658516">
        <ele>836.00000</ele>
      </trkpt>
      <trkpt lat="-41.2539771" lon="-71.4657771">
        <ele>836.00000</ele>
      </trkpt>
      <trkpt lat="-41.2540523" lon="-71.4657284">
        <ele>836.00000</ele>
      </trkpt>
      <trkpt lat="-41.2541119" lon="-71.4656719">
        <ele>836.00000</ele>
      </trkpt>
      <trkpt lat="-41.2541280" lon="-71.4656099">
        <ele>836.00000</ele>
      </trkpt>
      <trkpt lat="-41.2540904" lon="-71.4655208">
        <ele>836.00000</ele>
      </trkpt>
      <trkpt lat="-41.2540550" lon="-71.4654528">
        <ele>836.00000</ele>
      </trkpt>
      <trkpt lat="-41.2540523" lon="-71.4654414">
        <ele>836.00000</ele>
      </trkpt>
      <trkpt lat="-41.2539968" lon="-71.4652949">
        <ele>836.00000</ele>
      </trkpt>
      <trkpt lat="-41.2539200" lon="-71.4652297">
        <ele>837.00000</ele>
      </trkpt>
      <trkpt lat="-41.2538170" lon="-71.4651645">
        <ele>836.00000</ele>
      </trkpt>
      <trkpt lat="-41.2537317" lon="-71.4650480">
        <ele>836.00000</ele>
      </trkpt>
      <trkpt lat="-41.2536849" lon="-71.4649116">
        <ele>836.00000</ele>
      </trkpt>
      <trkpt lat="-41.2537006" lon="-71.4648267">
        <ele>836.00000</ele>
      </trkpt>
      <trkpt lat="-41.2537006" lon="-71.4647491">
        <ele>837.00000</ele>
      </trkpt>
      <trkpt lat="-41.2536628" lon="-71.4647063">
        <ele>837.00000</ele>
      </trkpt>
      <trkpt lat="-41.2535659" lon="-71.4646802">
        <ele>836.00000</ele>
      </trkpt>
      <trkpt lat="-41.2534656" lon="-71.4646450">
        <ele>835.00000</ele>
      </trkpt>
      <trkpt lat="-41.2534588" lon="-71.4646388">
        <ele>835.00000</ele>
      </trkpt>
      <trkpt lat="-41.2533933" lon="-71.4645733">
        <ele>835.00000</ele>
      </trkpt>
      <trkpt lat="-41.2533289" lon="-71.4645043">
        <ele>834.00000</ele>
      </trkpt>
      <trkpt lat="-41.2532310" lon="-71.4643593">
        <ele>835.00000</ele>
      </trkpt>
      <trkpt lat="-41.2531391" lon="-71.4642457">
        <ele>835.00000</ele>
      </trkpt>
      <trkpt lat="-41.2530706" lon="-71.4641445">
        <ele>835.00000</ele>
      </trkpt>
      <trkpt lat="-41.2529596" lon="-71.4640175">
        <ele>835.00000</ele>
      </trkpt>
      <trkpt lat="-41.2528796" lon="-71.4639211">
        <ele>835.00000</ele>
      </trkpt>
      <trkpt lat="-41.2527901" lon="-71.4638038">
        <ele>836.00000</ele>
      </trkpt>
      <trkpt lat="-41.2526940" lon="-71.4636820">
        <ele>837.00000</ele>
      </trkpt>
      <trkpt lat="-41.2525440" lon="-71.4634570">
        <ele>838.00000</ele>
      </trkpt>
      <trkpt lat="-41.2523822" lon="-71.4632997">
        <ele>839.00000</ele>
      </trkpt>
      <trkpt lat="-41.2522029" lon="-71.4631268">
        <ele>841.00000</ele>
      </trkpt>
      <trkpt lat="-41.2520913" lon="-71.4630055">
        <ele>842.00000</ele>
      </trkpt>
      <trkpt lat="-41.2519528" lon="-71.4628788">
        <ele>842.00000</ele>
      </trkpt>
      <trkpt lat="-41.2517921" lon="-71.4627288">
        <ele>843.00000</ele>
      </trkpt>
      <trkpt lat="-41.2517805" lon="-71.4627093">
        <ele>843.00000</ele>
      </trkpt>
      <trkpt lat="-41.2516786" lon="-71.4626094">
        <ele>843.00000</ele>
      </trkpt>
      <trkpt lat="-41.2516707" lon="-71.4625945">
        <ele>843.00000</ele>
      </trkpt>
      <trkpt lat="-41.2514772" lon="-71.4624251">
        <ele>843.00000</ele>
      </trkpt>
      <trkpt lat="-41.2513339" lon="-71.4622196">
        <ele>844.00000</ele>
      </trkpt>
      <trkpt lat="-41.2512257" lon="-71.4620358">
        <ele>845.00000</ele>
      </trkpt>
      <trkpt lat="-41.2511461" lon="-71.4618308">
        <ele>846.00000</ele>
      </trkpt>
      <trkpt lat="-41.2510705" lon="-71.4616146">
        <ele>845.00000</ele>
      </trkpt>
      <trkpt lat="-41.2509174" lon="-71.4613867">
        <ele>843.00000</ele>
      </trkpt>
      <trkpt lat="-41.2508235" lon="-71.4612957">
        <ele>842.00000</ele>
      </trkpt>
      <trkpt lat="-41.2507138" lon="-71.4611939">
        <ele>840.00000</ele>
      </trkpt>
      <trkpt lat="-41.2506491" lon="-71.4610383">
        <ele>840.00000</ele>
      </trkpt>
      <trkpt lat="-41.2505804" lon="-71.4609230">
        <ele>839.00000</ele>
      </trkpt>
      <trkpt lat="-41.2505475" lon="-71.4607844">
        <ele>839.00000</ele>
      </trkpt>
      <trkpt lat="-41.2505392" lon="-71.4606581">
        <ele>839.00000</ele>
      </trkpt>
      <trkpt lat="-41.2505516" lon="-71.4605669">
        <ele>839.00000</ele>
      </trkpt>
      <trkpt lat="-41.2505967" lon="-71.4604213">
        <ele>841.00000</ele>
      </trkpt>
      <trkpt lat="-41.2506616" lon="-71.4602996">
        <ele>843.00000</ele>
      </trkpt>
      <trkpt lat="-41.2506905" lon="-71.4602463">
        <ele>843.00000</ele>
      </trkpt>
      <trkpt lat="-41.2507601" lon="-71.4602262">
        <ele>844.00000</ele>
      </trkpt>
      <trkpt lat="-41.2508972" lon="-71.4602008">
        <ele>844.00000</ele>
      </trkpt>
      <trkpt lat="-41.2509857" lon="-71.4601523">
        <ele>844.00000</ele>
      </trkpt>
      <trkpt lat="-41.2510874" lon="-71.4600968">
        <ele>844.00000</ele>
      </trkpt>
      <trkpt lat="-41.2511800" lon="-71.4600548">
        <ele>845.00000</ele>
      </trkpt>
      <trkpt lat="-41.2512591" lon="-71.4600177">
        <ele>846.00000</ele>
      </trkpt>
      <trkpt lat="-41.2513853" lon="-71.4599742">
        <ele>848.00000</ele>
      </trkpt>
      <trkpt lat="-41.2514931" lon="-71.4599599">
        <ele>848.00000</ele>
      </trkpt>
      <trkpt lat="-41.2515995" lon="-71.4599810">
        <ele>848.00000</ele>
      </trkpt>
      <trkpt lat="-41.2517322" lon="-71.4600217">
        <ele>849.00000</ele>
      </trkpt>
      <trkpt lat="-41.2517947" lon="-71.4600755">
        <ele>849.00000</ele>
      </trkpt>
      <trkpt lat="-41.2518817" lon="-71.4601207">
        <ele>849.00000</ele>
      </trkpt>
      <trkpt lat="-41.2520103" lon="-71.4601894">
        <ele>850.00000</ele>
      </trkpt>
      <trkpt lat="-41.2521042" lon="-71.4602460">
        <ele>850.00000</ele>
      </trkpt>
      <trkpt lat="-41.2522035" lon="-71.4602960">
        <ele>849.00000</ele>
      </trkpt>
      <trkpt lat="-41.2522969" lon="-71.4603953">
        <ele>849.00000</ele>
      </trkpt>
      <trkpt lat="-41.2523897" lon="-71.4604692">
        <ele>848.00000</ele>
      </trkpt>
      <trkpt lat="-41.2524764" lon="-71.4605437">
        <ele>848.00000</ele>
      </trkpt>
      <trkpt lat="-41.2525396" lon="-71.4606310">
        <ele>847.00000</ele>
      </trkpt>
      <trkpt lat="-41.2525838" lon="-71.4607009">
        <ele>847.00000</ele>
      </trkpt>
      <trkpt lat="-41.2526445" lon="-71.4608220">
        <ele>846.00000</ele>
      </trkpt>
      <trkpt lat="-41.2527093" lon="-71.4608701">
        <ele>846.00000</ele>
      </trkpt>
      <trkpt lat="-41.2527996" lon="-71.4609152">
        <ele>845.00000</ele>
      </trkpt>
      <trkpt lat="-41.2528996" lon="-71.4608914">
        <ele>845.00000</ele>
      </trkpt>
      <trkpt lat="-41.2529201" lon="-71.4608379">
        <ele>845.00000</ele>
      </trkpt>
      <trkpt lat="-41.2528996" lon="-71.4607170">
        <ele>846.00000</ele>
      </trkpt>
      <trkpt lat="-41.2528342" lon="-71.4605833">
        <ele>846.00000</ele>
      </trkpt>
      <trkpt lat="-41.2527617" lon="-71.4604318">
        <ele>847.00000</ele>
      </trkpt>
      <trkpt lat="-41.2526926" lon="-71.4602431">
        <ele>847.00000</ele>
      </trkpt>
      <trkpt lat="-41.2526684" lon="-71.4601595">
        <ele>847.00000</ele>
      </trkpt>
      <trkpt lat="-41.2525645" lon="-71.4599114">
        <ele>848.00000</ele>
      </trkpt>
      <trkpt lat="-41.2524684" lon="-71.4596813">
        <ele>850.00000</ele>
      </trkpt>
      <trkpt lat="-41.2523608" lon="-71.4594389">
        <ele>850.00000</ele>
      </trkpt>
      <trkpt lat="-41.2522224" lon="-71.4591552">
        <ele>851.00000</ele>
      </trkpt>
      <trkpt lat="-41.2521616" lon="-71.4590171">
        <ele>851.00000</ele>
      </trkpt>
      <trkpt lat="-41.2520666" lon="-71.4587378">
        <ele>851.00000</ele>
      </trkpt>
      <trkpt lat="-41.2519818" lon="-71.4584786">
        <ele>850.00000</ele>
      </trkpt>
      <trkpt lat="-41.2518700" lon="-71.4581723">
        <ele>849.00000</ele>
      </trkpt>
      <trkpt lat="-41.2517674" lon="-71.4578790">
        <ele>849.00000</ele>
      </trkpt>
      <trkpt lat="-41.2516289" lon="-71.4574385">
        <ele>850.00000</ele>
      </trkpt>
      <trkpt lat="-41.2515251" lon="-71.4572068">
        <ele>853.00000</ele>
      </trkpt>
      <trkpt lat="-41.2514365" lon="-71.4569581">
        <ele>854.00000</ele>
      </trkpt>
      <trkpt lat="-41.2513516" lon="-71.4567340">
        <ele>852.00000</ele>
      </trkpt>
      <trkpt lat="-41.2512507" lon="-71.4564725">
        <ele>850.00000</ele>
      </trkpt>
      <trkpt lat="-41.2511919" lon="-71.4561980">
        <ele>850.00000</ele>
      </trkpt>
      <trkpt lat="-41.2510671" lon="-71.4556355">
        <ele>848.00000</ele>
      </trkpt>
      <trkpt lat="-41.2510169" lon="-71.4554197">
        <ele>847.00000</ele>
      </trkpt>
      <trkpt lat="-41.2510201" lon="-71.4552511">
        <ele>846.00000</ele>
      </trkpt>
      <trkpt lat="-41.2511693" lon="-71.4552166">
        <ele>846.00000</ele>
      </trkpt>
      <trkpt lat="-41.2513388" lon="-71.4551461">
        <ele>846.00000</ele>
      </trkpt>
      <trkpt lat="-41.2513572" lon="-71.4549239">
        <ele>845.00000</ele>
      </trkpt>
      <trkpt lat="-41.2513756" lon="-71.4546702">
        <ele>845.00000</ele>
      </trkpt>
      <trkpt lat="-41.2513901" lon="-71.4545074">
        <ele>845.00000</ele>
      </trkpt>
      <trkpt lat="-41.2513966" lon="-71.4544242">
        <ele>846.00000</ele>
      </trkpt>
      <trkpt lat="-41.2514236" lon="-71.4544516">
        <ele>846.00000</ele>
      </trkpt>
      <trkpt lat="-41.2514523" lon="-71.4544736">
        <ele>847.00000</ele>
      </trkpt>
      <trkpt lat="-41.2514637" lon="-71.4544867">
        <ele>847.00000</ele>
      </trkpt>
      <trkpt lat="-41.2514894" lon="-71.4545143">
        <ele>847.00000</ele>
      </trkpt>
      <trkpt lat="-41.2515254" lon="-71.4545227">
        <ele>848.00000</ele>
      </trkpt>
      <trkpt lat="-41.2515361" lon="-71.4545148">
        <ele>848.00000</ele>
      </trkpt>
      <trkpt lat="-41.2515472" lon="-71.4544555">
        <ele>848.00000</ele>
      </trkpt>
      <trkpt lat="-41.2515655" lon="-71.4544025">
        <ele>849.00000</ele>
      </trkpt>
      <trkpt lat="-41.2515656" lon="-71.4543512">
        <ele>850.00000</ele>
      </trkpt>
      <trkpt lat="-41.2515809" lon="-71.4543296">
        <ele>851.00000</ele>
      </trkpt>
      <trkpt lat="-41.2516234" lon="-71.4543225">
        <ele>852.00000</ele>
      </trkpt>
      <trkpt lat="-41.2516673" lon="-71.4543219">
        <ele>852.00000</ele>
      </trkpt>
      <trkpt lat="-41.2517037" lon="-71.4542803">
        <ele>854.00000</ele>
      </trkpt>
      <trkpt lat="-41.2517318" lon="-71.4542533">
        <ele>855.00000</ele>
      </trkpt>
      <trkpt lat="-41.2517473" lon="-71.4542039">
        <ele>857.00000</ele>
      </trkpt>
      <trkpt lat="-41.2517818" lon="-71.4541536">
        <ele>858.00000</ele>
      </trkpt>
      <trkpt lat="-41.2518077" lon="-71.4541353">
        <ele>860.00000</ele>
      </trkpt>
      <trkpt lat="-41.2518487" lon="-71.4541362">
        <ele>861.00000</ele>
      </trkpt>
      <trkpt lat="-41.2518926" lon="-71.4541521">
        <ele>862.00000</ele>
      </trkpt>
      <trkpt lat="-41.2519353" lon="-71.4541767">
        <ele>863.00000</ele>
      </trkpt>
      <trkpt lat="-41.2519947" lon="-71.4541804">
        <ele>864.00000</ele>
      </trkpt>
      <trkpt lat="-41.2520319" lon="-71.4541852">
        <ele>865.00000</ele>
      </trkpt>
      <trkpt lat="-41.2520617" lon="-71.4541812">
        <ele>866.00000</ele>
      </trkpt>
      <trkpt lat="-41.2521135" lon="-71.4542093">
        <ele>866.00000</ele>
      </trkpt>
      <trkpt lat="-41.2521773" lon="-71.4542458">
        <ele>867.00000</ele>
      </trkpt>
      <trkpt lat="-41.2522335" lon="-71.4542829">
        <ele>868.00000</ele>
      </trkpt>
      <trkpt lat="-41.2522759" lon="-71.4542935">
        <ele>869.00000</ele>
      </trkpt>
      <trkpt lat="-41.2523330" lon="-71.4542994">
        <ele>870.00000</ele>
      </trkpt>
      <trkpt lat="-41.2523843" lon="-71.4542902">
        <ele>871.00000</ele>
      </trkpt>
      <trkpt lat="-41.2524790" lon="-71.4542722">
        <ele>874.00000</ele>
      </trkpt>
      <trkpt lat="-41.2525672" lon="-71.4542639">
        <ele>876.00000</ele>
      </trkpt>
      <trkpt lat="-41.2526087" lon="-71.4542580">
        <ele>877.00000</ele>
      </trkpt>
      <trkpt lat="-41.2526860" lon="-71.4542601">
        <ele>879.00000</ele>
      </trkpt>
      <trkpt lat="-41.2527805" lon="-71.4542639">
        <ele>882.00000</ele>
      </trkpt>
      <trkpt lat="-41.2528623" lon="-71.4542592">
        <ele>884.00000</ele>
      </trkpt>
      <trkpt lat="-41.2529164" lon="-71.4542570">
        <ele>886.00000</ele>
      </trkpt>
      <trkpt lat="-41.2529674" lon="-71.4542590">
        <ele>887.00000</ele>
      </trkpt>
      <trkpt lat="-41.2530007" lon="-71.4542546">
        <ele>888.00000</ele>
      </trkpt>
      <trkpt lat="-41.2530332" lon="-71.4542428">
        <ele>890.00000</ele>
      </trkpt>
      <trkpt lat="-41.2531010" lon="-71.4542470">
        <ele>891.00000</ele>
      </trkpt>
      <trkpt lat="-41.2531422" lon="-71.4542470">
        <ele>892.00000</ele>
      </trkpt>
      <trkpt lat="-41.2531812" lon="-71.4542482">
        <ele>893.00000</ele>
      </trkpt>
      <trkpt lat="-41.2532270" lon="-71.4542494">
        <ele>894.00000</ele>
      </trkpt>
      <trkpt lat="-41.2532601" lon="-71.4542447">
        <ele>895.00000</ele>
      </trkpt>
      <trkpt lat="-41.2532994" lon="-71.4542359">
        <ele>896.00000</ele>
      </trkpt>
      <trkpt lat="-41.2533230" lon="-71.4542327">
        <ele>897.00000</ele>
      </trkpt>
      <trkpt lat="-41.2533447" lon="-71.4542259">
        <ele>897.00000</ele>
      </trkpt>
      <trkpt lat="-41.2533701" lon="-71.4542219">
        <ele>897.00000</ele>
      </trkpt>
      <trkpt lat="-41.2533977" lon="-71.4542139">
        <ele>898.00000</ele>
      </trkpt>
      <trkpt lat="-41.2534052" lon="-71.4541904">
        <ele>898.00000</ele>
      </trkpt>
      <trkpt lat="-41.2534091" lon="-71.4541539">
        <ele>899.00000</ele>
      </trkpt>
      <trkpt lat="-41.2534083" lon="-71.4541204">
        <ele>901.00000</ele>
      </trkpt>
      <trkpt lat="-41.2534112" lon="-71.4540878">
        <ele>901.00000</ele>
      </trkpt>
      <trkpt lat="-41.2534305" lon="-71.4540667">
        <ele>902.00000</ele>
      </trkpt>
      <trkpt lat="-41.2534690" lon="-71.4540777">
        <ele>902.00000</ele>
      </trkpt>
      <trkpt lat="-41.2534946" lon="-71.4540919">
        <ele>902.00000</ele>
      </trkpt>
      <trkpt lat="-41.2535189" lon="-71.4540986">
        <ele>902.00000</ele>
      </trkpt>
      <trkpt lat="-41.2535609" lon="-71.4541001">
        <ele>902.00000</ele>
      </trkpt>
      <trkpt lat="-41.2535992" lon="-71.4540969">
        <ele>903.00000</ele>
      </trkpt>
      <trkpt lat="-41.2536449" lon="-71.4540932">
        <ele>903.00000</ele>
      </trkpt>
      <trkpt lat="-41.2537030" lon="-71.4540706">
        <ele>903.00000</ele>
      </trkpt>
      <trkpt lat="-41.2537479" lon="-71.4540495">
        <ele>904.00000</ele>
      </trkpt>
      <trkpt lat="-41.2538035" lon="-71.4540294">
        <ele>904.00000</ele>
      </trkpt>
      <trkpt lat="-41.2538371" lon="-71.4540153">
        <ele>904.00000</ele>
      </trkpt>
      <trkpt lat="-41.2538850" lon="-71.4539992">
        <ele>905.00000</ele>
      </trkpt>
      <trkpt lat="-41.2539270" lon="-71.4539872">
        <ele>905.00000</ele>
      </trkpt>
      <trkpt lat="-41.2539652" lon="-71.4539805">
        <ele>904.00000</ele>
      </trkpt>
      <trkpt lat="-41.2539995" lon="-71.4539694">
        <ele>904.00000</ele>
      </trkpt>
      <trkpt lat="-41.2540271" lon="-71.4539543">
        <ele>904.00000</ele>
      </trkpt>
      <trkpt lat="-41.2540419" lon="-71.4539411">
        <ele>904.00000</ele>
      </trkpt>
      <trkpt lat="-41.2540445" lon="-71.4539122">
        <ele>905.00000</ele>
      </trkpt>
      <trkpt lat="-41.2540386" lon="-71.4538870">
        <ele>905.00000</ele>
      </trkpt>
      <trkpt lat="-41.2540200" lon="-71.4538592">
        <ele>906.00000</ele>
      </trkpt>
      <trkpt lat="-41.2540052" lon="-71.4538399">
        <ele>907.00000</ele>
      </trkpt>
      <trkpt lat="-41.2539968" lon="-71.4538061">
        <ele>908.00000</ele>
      </trkpt>
      <trkpt lat="-41.2539895" lon="-71.4537785">
        <ele>908.00000</ele>
      </trkpt>
      <trkpt lat="-41.2539998" lon="-71.4537632">
        <ele>908.00000</ele>
      </trkpt>
      <trkpt lat="-41.2540156" lon="-71.4537351">
        <ele>909.00000</ele>
      </trkpt>
      <trkpt lat="-41.2540137" lon="-71.4537061">
        <ele>909.00000</ele>
      </trkpt>
      <trkpt lat="-41.2540034" lon="-71.4536583">
        <ele>911.00000</ele>
      </trkpt>
      <trkpt lat="-41.2539937" lon="-71.4536281">
        <ele>911.00000</ele>
      </trkpt>
      <trkpt lat="-41.2539796" lon="-71.4535909">
        <ele>912.00000</ele>
      </trkpt>
      <trkpt lat="-41.2539639" lon="-71.4535583">
        <ele>913.00000</ele>
      </trkpt>
      <trkpt lat="-41.2539385" lon="-71.4535441">
        <ele>914.00000</ele>
      </trkpt>
      <trkpt lat="-41.2539122" lon="-71.4535329">
        <ele>915.00000</ele>
      </trkpt>
      <trkpt lat="-41.2539002" lon="-71.4535230">
        <ele>915.00000</ele>
      </trkpt>
      <trkpt lat="-41.2538865" lon="-71.4534986">
        <ele>916.00000</ele>
      </trkpt>
      <trkpt lat="-41.2538764" lon="-71.4534740">
        <ele>917.00000</ele>
      </trkpt>
      <trkpt lat="-41.2538669" lon="-71.4534490">
        <ele>918.00000</ele>
      </trkpt>
      <trkpt lat="-41.2538757" lon="-71.4534159">
        <ele>918.00000</ele>
      </trkpt>
      <trkpt lat="-41.2538787" lon="-71.4533886">
        <ele>918.00000</ele>
      </trkpt>
      <trkpt lat="-41.2538820" lon="-71.4533654">
        <ele>919.00000</ele>
      </trkpt>
      <trkpt lat="-41.2538771" lon="-71.4533246">
        <ele>920.00000</ele>
      </trkpt>
      <trkpt lat="-41.2538803" lon="-71.4532834">
        <ele>921.00000</ele>
      </trkpt>
      <trkpt lat="-41.2538798" lon="-71.4532441">
        <ele>922.00000</ele>
      </trkpt>
      <trkpt lat="-41.2538820" lon="-71.4532041">
        <ele>923.00000</ele>
      </trkpt>
      <trkpt lat="-41.2538797" lon="-71.4531672">
        <ele>924.00000</ele>
      </trkpt>
      <trkpt lat="-41.2538772" lon="-71.4531318">
        <ele>925.00000</ele>
      </trkpt>
      <trkpt lat="-41.2538783" lon="-71.4530878">
        <ele>926.00000</ele>
      </trkpt>
      <trkpt lat="-41.2538819" lon="-71.4530519">
        <ele>927.00000</ele>
      </trkpt>
      <trkpt lat="-41.2538806" lon="-71.4530309">
        <ele>927.00000</ele>
      </trkpt>
      <trkpt lat="-41.2538678" lon="-71.4529890">
        <ele>929.00000</ele>
      </trkpt>
      <trkpt lat="-41.2538572" lon="-71.4529528">
        <ele>930.00000</ele>
      </trkpt>
      <trkpt lat="-41.2538471" lon="-71.4529099">
        <ele>931.00000</ele>
      </trkpt>
      <trkpt lat="-41.2538326" lon="-71.4528453">
        <ele>933.00000</ele>
      </trkpt>
      <trkpt lat="-41.2538212" lon="-71.4528063">
        <ele>935.00000</ele>
      </trkpt>
      <trkpt lat="-41.2538045" lon="-71.4527481">
        <ele>936.00000</ele>
      </trkpt>
      <trkpt lat="-41.2537927" lon="-71.4526928">
        <ele>938.00000</ele>
      </trkpt>
      <trkpt lat="-41.2537803" lon="-71.4526514">
        <ele>939.00000</ele>
      </trkpt>
      <trkpt lat="-41.2537758" lon="-71.4526181">
        <ele>940.00000</ele>
      </trkpt>
      <trkpt lat="-41.2537691" lon="-71.4525853">
        <ele>941.00000</ele>
      </trkpt>
      <trkpt lat="-41.2537572" lon="-71.4525485">
        <ele>942.00000</ele>
      </trkpt>
      <trkpt lat="-41.2537608" lon="-71.4525004">
        <ele>943.00000</ele>
      </trkpt>
      <trkpt lat="-41.2537724" lon="-71.4524429">
        <ele>943.00000</ele>
      </trkpt>
      <trkpt lat="-41.2537755" lon="-71.4523860">
        <ele>944.00000</ele>
      </trkpt>
      <trkpt lat="-41.2537844" lon="-71.4523146">
        <ele>945.00000</ele>
      </trkpt>
      <trkpt lat="-41.2537828" lon="-71.4522743">
        <ele>946.00000</ele>
      </trkpt>
      <trkpt lat="-41.2537947" lon="-71.4522164">
        <ele>947.00000</ele>
      </trkpt>
      <trkpt lat="-41.2537966" lon="-71.4521731">
        <ele>948.00000</ele>
      </trkpt>
      <trkpt lat="-41.2537888" lon="-71.4521126">
        <ele>949.00000</ele>
      </trkpt>
      <trkpt lat="-41.2537906" lon="-71.4520556">
        <ele>950.00000</ele>
      </trkpt>
      <trkpt lat="-41.2537829" lon="-71.4520016">
        <ele>951.00000</ele>
      </trkpt>
      <trkpt lat="-41.2537791" lon="-71.4519687">
        <ele>952.00000</ele>
      </trkpt>
      <trkpt lat="-41.2537456" lon="-71.4519033">
        <ele>954.00000</ele>
      </trkpt>
      <trkpt lat="-41.2537201" lon="-71.4518582">
        <ele>956.00000</ele>
      </trkpt>
      <trkpt lat="-41.2536966" lon="-71.4518166">
        <ele>957.00000</ele>
      </trkpt>
      <trkpt lat="-41.2536705" lon="-71.4517898">
        <ele>959.00000</ele>
      </trkpt>
      <trkpt lat="-41.2536369" lon="-71.4517509">
        <ele>961.00000</ele>
      </trkpt>
      <trkpt lat="-41.2536175" lon="-71.4517197">
        <ele>962.00000</ele>
      </trkpt>
      <trkpt lat="-41.2536143" lon="-71.4516723">
        <ele>963.00000</ele>
      </trkpt>
      <trkpt lat="-41.2536097" lon="-71.4516260">
        <ele>964.00000</ele>
      </trkpt>
      <trkpt lat="-41.2536087" lon="-71.4515655">
        <ele>966.00000</ele>
      </trkpt>
      <trkpt lat="-41.2536011" lon="-71.4514935">
        <ele>968.00000</ele>
      </trkpt>
      <trkpt lat="-41.2535885" lon="-71.4514490">
        <ele>969.00000</ele>
      </trkpt>
      <trkpt lat="-41.2535633" lon="-71.4514044">
        <ele>971.00000</ele>
      </trkpt>
      <trkpt lat="-41.2535411" lon="-71.4513687">
        <ele>972.00000</ele>
      </trkpt>
      <trkpt lat="-41.2535157" lon="-71.4513439">
        <ele>973.00000</ele>
      </trkpt>
      <trkpt lat="-41.2535024" lon="-71.4513062">
        <ele>974.00000</ele>
      </trkpt>
      <trkpt lat="-41.2535310" lon="-71.4512168">
        <ele>976.00000</ele>
      </trkpt>
      <trkpt lat="-41.2535527" lon="-71.4511460">
        <ele>978.00000</ele>
      </trkpt>
      <trkpt lat="-41.2535979" lon="-71.4510619">
        <ele>980.00000</ele>
      </trkpt>
      <trkpt lat="-41.2536252" lon="-71.4509845">
        <ele>981.00000</ele>
      </trkpt>
      <trkpt lat="-41.2536382" lon="-71.4508769">
        <ele>984.00000</ele>
      </trkpt>
      <trkpt lat="-41.2536375" lon="-71.4508094">
        <ele>986.00000</ele>
      </trkpt>
      <trkpt lat="-41.2536320" lon="-71.4507581">
        <ele>987.00000</ele>
      </trkpt>
      <trkpt lat="-41.2536222" lon="-71.4507172">
        <ele>989.00000</ele>
      </trkpt>
      <trkpt lat="-41.2536007" lon="-71.4506755">
        <ele>990.00000</ele>
      </trkpt>
      <trkpt lat="-41.2535988" lon="-71.4506182">
        <ele>992.00000</ele>
      </trkpt>
      <trkpt lat="-41.2536098" lon="-71.4505772">
        <ele>994.00000</ele>
      </trkpt>
      <trkpt lat="-41.2536353" lon="-71.4505664">
        <ele>994.00000</ele>
      </trkpt>
      <trkpt lat="-41.2536749" lon="-71.4505660">
        <ele>995.00000</ele>
      </trkpt>
      <trkpt lat="-41.2537124" lon="-71.4505690">
        <ele>995.00000</ele>
      </trkpt>
      <trkpt lat="-41.2537392" lon="-71.4505734">
        <ele>995.00000</ele>
      </trkpt>
      <trkpt lat="-41.2537641" lon="-71.4505238">
        <ele>998.00000</ele>
      </trkpt>
      <trkpt lat="-41.2537762" lon="-71.4504805">
        <ele>1000.0000</ele>
      </trkpt>
      <trkpt lat="-41.2537933" lon="-71.4504364">
        <ele>1002.0000</ele>
      </trkpt>
      <trkpt lat="-41.2538081" lon="-71.4504186">
        <ele>1003.0000</ele>
      </trkpt>
      <trkpt lat="-41.2538362" lon="-71.4504214">
        <ele>1003.0000</ele>
      </trkpt>
      <trkpt lat="-41.2538576" lon="-71.4504204">
        <ele>1004.0000</ele>
      </trkpt>
      <trkpt lat="-41.2538809" lon="-71.4504298">
        <ele>1004.0000</ele>
      </trkpt>
      <trkpt lat="-41.2539168" lon="-71.4504616">
        <ele>1002.0000</ele>
      </trkpt>
      <trkpt lat="-41.2539496" lon="-71.4504617">
        <ele>1002.0000</ele>
      </trkpt>
      <trkpt lat="-41.2539806" lon="-71.4504604">
        <ele>1002.0000</ele>
      </trkpt>
      <trkpt lat="-41.2539964" lon="-71.4504638">
        <ele>1002.0000</ele>
      </trkpt>
      <trkpt lat="-41.2540208" lon="-71.4504784">
        <ele>1001.0000</ele>
      </trkpt>
      <trkpt lat="-41.2540498" lon="-71.4504888">
        <ele>1001.0000</ele>
      </trkpt>
      <trkpt lat="-41.2540742" lon="-71.4504883">
        <ele>1000.0000</ele>
      </trkpt>
      <trkpt lat="-41.2541141" lon="-71.4504565">
        <ele>1002.0000</ele>
      </trkpt>
      <trkpt lat="-41.2541387" lon="-71.4504360">
        <ele>1002.0000</ele>
      </trkpt>
      <trkpt lat="-41.2541647" lon="-71.4504101">
        <ele>1003.0000</ele>
      </trkpt>
      <trkpt lat="-41.2541970" lon="-71.4503864">
        <ele>1004.0000</ele>
      </trkpt>
      <trkpt lat="-41.2541964" lon="-71.4503537">
        <ele>1006.0000</ele>
      </trkpt>
      <trkpt lat="-41.2541865" lon="-71.4503258">
        <ele>1007.0000</ele>
      </trkpt>
      <trkpt lat="-41.2541738" lon="-71.4502883">
        <ele>1009.0000</ele>
      </trkpt>
      <trkpt lat="-41.2541683" lon="-71.4502572">
        <ele>1010.0000</ele>
      </trkpt>
      <trkpt lat="-41.2541600" lon="-71.4502215">
        <ele>1012.0000</ele>
      </trkpt>
      <trkpt lat="-41.2541541" lon="-71.4501718">
        <ele>1013.0000</ele>
      </trkpt>
      <trkpt lat="-41.2541577" lon="-71.4501367">
        <ele>1015.0000</ele>
      </trkpt>
      <trkpt lat="-41.2541812" lon="-71.4501037">
        <ele>1016.0000</ele>
      </trkpt>
      <trkpt lat="-41.2542098" lon="-71.4501066">
        <ele>1016.0000</ele>
      </trkpt>
      <trkpt lat="-41.2542234" lon="-71.4500958">
        <ele>1016.0000</ele>
      </trkpt>
      <trkpt lat="-41.2541957" lon="-71.4500649">
        <ele>1017.0000</ele>
      </trkpt>
      <trkpt lat="-41.2541768" lon="-71.4500399">
        <ele>1018.0000</ele>
      </trkpt>
      <trkpt lat="-41.2541557" lon="-71.4500058">
        <ele>1019.0000</ele>
      </trkpt>
      <trkpt lat="-41.2541432" lon="-71.4499911">
        <ele>1020.0000</ele>
      </trkpt>
      <trkpt lat="-41.2541270" lon="-71.4499650">
        <ele>1020.0000</ele>
      </trkpt>
      <trkpt lat="-41.2541147" lon="-71.4499260">
        <ele>1022.0000</ele>
      </trkpt>
      <trkpt lat="-41.2541140" lon="-71.4498862">
        <ele>1023.0000</ele>
      </trkpt>
      <trkpt lat="-41.2541091" lon="-71.4498302">
        <ele>1025.0000</ele>
      </trkpt>
      <trkpt lat="-41.2541219" lon="-71.4497814">
        <ele>1027.0000</ele>
      </trkpt>
      <trkpt lat="-41.2541341" lon="-71.4497325">
        <ele>1029.0000</ele>
      </trkpt>
      <trkpt lat="-41.2541716" lon="-71.4497131">
        <ele>1030.0000</ele>
      </trkpt>
      <trkpt lat="-41.2542205" lon="-71.4497287">
        <ele>1030.0000</ele>
      </trkpt>
      <trkpt lat="-41.2542668" lon="-71.4497319">
        <ele>1031.0000</ele>
      </trkpt>
      <trkpt lat="-41.2543172" lon="-71.4497296">
        <ele>1031.0000</ele>
      </trkpt>
      <trkpt lat="-41.2543556" lon="-71.4497434">
        <ele>1031.0000</ele>
      </trkpt>
      <trkpt lat="-41.2543872" lon="-71.4497419">
        <ele>1032.0000</ele>
      </trkpt>
      <trkpt lat="-41.2544213" lon="-71.4497179">
        <ele>1034.0000</ele>
      </trkpt>
      <trkpt lat="-41.2544224" lon="-71.4496820">
        <ele>1035.0000</ele>
      </trkpt>
      <trkpt lat="-41.2544166" lon="-71.4496020">
        <ele>1039.0000</ele>
      </trkpt>
      <trkpt lat="-41.2544208" lon="-71.4495690">
        <ele>1040.0000</ele>
      </trkpt>
      <trkpt lat="-41.2544433" lon="-71.4495186">
        <ele>1043.0000</ele>
      </trkpt>
      <trkpt lat="-41.2544612" lon="-71.4494724">
        <ele>1045.0000</ele>
      </trkpt>
      <trkpt lat="-41.2544807" lon="-71.4494290">
        <ele>1047.0000</ele>
      </trkpt>
      <trkpt lat="-41.2544982" lon="-71.4494147">
        <ele>1048.0000</ele>
      </trkpt>
      <trkpt lat="-41.2545291" lon="-71.4494159">
        <ele>1048.0000</ele>
      </trkpt>
      <trkpt lat="-41.2545639" lon="-71.4494138">
        <ele>1048.0000</ele>
      </trkpt>
      <trkpt lat="-41.2545789" lon="-71.4494127">
        <ele>1048.0000</ele>
      </trkpt>
      <trkpt lat="-41.2545740" lon="-71.4493849">
        <ele>1049.0000</ele>
      </trkpt>
      <trkpt lat="-41.2545834" lon="-71.4493305">
        <ele>1052.0000</ele>
      </trkpt>
      <trkpt lat="-41.2545809" lon="-71.4493029">
        <ele>1053.0000</ele>
      </trkpt>
      <trkpt lat="-41.2545842" lon="-71.4492662">
        <ele>1055.0000</ele>
      </trkpt>
      <trkpt lat="-41.2545782" lon="-71.4492505">
        <ele>1056.0000</ele>
      </trkpt>
      <trkpt lat="-41.2545735" lon="-71.4492248">
        <ele>1057.0000</ele>
      </trkpt>
      <trkpt lat="-41.2545931" lon="-71.4491819">
        <ele>1059.0000</ele>
      </trkpt>
      <trkpt lat="-41.2546163" lon="-71.4491621">
        <ele>1060.0000</ele>
      </trkpt>
      <trkpt lat="-41.2546459" lon="-71.4491610">
        <ele>1061.0000</ele>
      </trkpt>
      <trkpt lat="-41.2546799" lon="-71.4491662">
        <ele>1061.0000</ele>
      </trkpt>
      <trkpt lat="-41.2547126" lon="-71.4491716">
        <ele>1061.0000</ele>
      </trkpt>
      <trkpt lat="-41.2547552" lon="-71.4491818">
        <ele>1061.0000</ele>
      </trkpt>
      <trkpt lat="-41.2547895" lon="-71.4491808">
        <ele>1060.0000</ele>
      </trkpt>
      <trkpt lat="-41.2548340" lon="-71.4491653">
        <ele>1061.0000</ele>
      </trkpt>
      <trkpt lat="-41.2548653" lon="-71.4491530">
        <ele>1062.0000</ele>
      </trkpt>
      <trkpt lat="-41.2548938" lon="-71.4491569">
        <ele>1061.0000</ele>
      </trkpt>
      <trkpt lat="-41.2549322" lon="-71.4491349">
        <ele>1062.0000</ele>
      </trkpt>
      <trkpt lat="-41.2549476" lon="-71.4491152">
        <ele>1064.0000</ele>
      </trkpt>
      <trkpt lat="-41.2549536" lon="-71.4490904">
        <ele>1065.0000</ele>
      </trkpt>
      <trkpt lat="-41.2549597" lon="-71.4490294">
        <ele>1068.0000</ele>
      </trkpt>
      <trkpt lat="-41.2549568" lon="-71.4489941">
        <ele>1070.0000</ele>
      </trkpt>
      <trkpt lat="-41.2549512" lon="-71.4489198">
        <ele>1073.0000</ele>
      </trkpt>
      <trkpt lat="-41.2549452" lon="-71.4488723">
        <ele>1076.0000</ele>
      </trkpt>
      <trkpt lat="-41.2549350" lon="-71.4488353">
        <ele>1077.0000</ele>
      </trkpt>
      <trkpt lat="-41.2549221" lon="-71.4488116">
        <ele>1078.0000</ele>
      </trkpt>
      <trkpt lat="-41.2549087" lon="-71.4487781">
        <ele>1079.0000</ele>
      </trkpt>
      <trkpt lat="-41.2548730" lon="-71.4487412">
        <ele>1080.0000</ele>
      </trkpt>
      <trkpt lat="-41.2548542" lon="-71.4487081">
        <ele>1081.0000</ele>
      </trkpt>
      <trkpt lat="-41.2548401" lon="-71.4486794">
        <ele>1082.0000</ele>
      </trkpt>
      <trkpt lat="-41.2548167" lon="-71.4486327">
        <ele>1084.0000</ele>
      </trkpt>
      <trkpt lat="-41.2548038" lon="-71.4485792">
        <ele>1085.0000</ele>
      </trkpt>
      <trkpt lat="-41.2548231" lon="-71.4485370">
        <ele>1087.0000</ele>
      </trkpt>
      <trkpt lat="-41.2548632" lon="-71.4484680">
        <ele>1089.0000</ele>
      </trkpt>
      <trkpt lat="-41.2548866" lon="-71.4484161">
        <ele>1091.0000</ele>
      </trkpt>
      <trkpt lat="-41.2549049" lon="-71.4483684">
        <ele>1093.0000</ele>
      </trkpt>
      <trkpt lat="-41.2549108" lon="-71.4483311">
        <ele>1094.0000</ele>
      </trkpt>
      <trkpt lat="-41.2549013" lon="-71.4482962">
        <ele>1095.0000</ele>
      </trkpt>
      <trkpt lat="-41.2548840" lon="-71.4482543">
        <ele>1096.0000</ele>
      </trkpt>
      <trkpt lat="-41.2548805" lon="-71.4482001">
        <ele>1098.0000</ele>
      </trkpt>
      <trkpt lat="-41.2548847" lon="-71.4481515">
        <ele>1100.0000</ele>
      </trkpt>
      <trkpt lat="-41.2549192" lon="-71.4481354">
        <ele>1101.0000</ele>
      </trkpt>
      <trkpt lat="-41.2549517" lon="-71.4481231">
        <ele>1102.0000</ele>
      </trkpt>
      <trkpt lat="-41.2549766" lon="-71.4481257">
        <ele>1102.0000</ele>
      </trkpt>
      <trkpt lat="-41.2549892" lon="-71.4480915">
        <ele>1103.0000</ele>
      </trkpt>
      <trkpt lat="-41.2550008" lon="-71.4480514">
        <ele>1105.0000</ele>
      </trkpt>
      <trkpt lat="-41.2550098" lon="-71.4480258">
        <ele>1105.0000</ele>
      </trkpt>
      <trkpt lat="-41.2549992" lon="-71.4480054">
        <ele>1106.0000</ele>
      </trkpt>
      <trkpt lat="-41.2549786" lon="-71.4479519">
        <ele>1108.0000</ele>
      </trkpt>
      <trkpt lat="-41.2549497" lon="-71.4479121">
        <ele>1108.0000</ele>
      </trkpt>
      <trkpt lat="-41.2549254" lon="-71.4478898">
        <ele>1109.0000</ele>
      </trkpt>
      <trkpt lat="-41.2548956" lon="-71.4478249">
        <ele>1111.0000</ele>
      </trkpt>
      <trkpt lat="-41.2548630" lon="-71.4477893">
        <ele>1111.0000</ele>
      </trkpt>
      <trkpt lat="-41.2548533" lon="-71.4477567">
        <ele>1112.0000</ele>
      </trkpt>
      <trkpt lat="-41.2548546" lon="-71.4477007">
        <ele>1113.0000</ele>
      </trkpt>
      <trkpt lat="-41.2548726" lon="-71.4476309">
        <ele>1115.0000</ele>
      </trkpt>
      <trkpt lat="-41.2548895" lon="-71.4475706">
        <ele>1117.0000</ele>
      </trkpt>
      <trkpt lat="-41.2549104" lon="-71.4475088">
        <ele>1119.0000</ele>
      </trkpt>
      <trkpt lat="-41.2549182" lon="-71.4474438">
        <ele>1120.0000</ele>
      </trkpt>
      <trkpt lat="-41.2549206" lon="-71.4473987">
        <ele>1121.0000</ele>
      </trkpt>
      <trkpt lat="-41.2549223" lon="-71.4473514">
        <ele>1122.0000</ele>
      </trkpt>
      <trkpt lat="-41.2549144" lon="-71.4473133">
        <ele>1123.0000</ele>
      </trkpt>
      <trkpt lat="-41.2548975" lon="-71.4472798">
        <ele>1123.0000</ele>
      </trkpt>
      <trkpt lat="-41.2548825" lon="-71.4472459">
        <ele>1124.0000</ele>
      </trkpt>
      <trkpt lat="-41.2548738" lon="-71.4472191">
        <ele>1124.0000</ele>
      </trkpt>
      <trkpt lat="-41.2548793" lon="-71.4471560">
        <ele>1124.0000</ele>
      </trkpt>
      <trkpt lat="-41.2548991" lon="-71.4471139">
        <ele>1125.0000</ele>
      </trkpt>
      <trkpt lat="-41.2549351" lon="-71.4470532">
        <ele>1126.0000</ele>
      </trkpt>
      <trkpt lat="-41.2549738" lon="-71.4469873">
        <ele>1127.0000</ele>
      </trkpt>
      <trkpt lat="-41.2550073" lon="-71.4469880">
        <ele>1127.0000</ele>
      </trkpt>
      <trkpt lat="-41.2550415" lon="-71.4469796">
        <ele>1127.0000</ele>
      </trkpt>
      <trkpt lat="-41.2550714" lon="-71.4469624">
        <ele>1127.0000</ele>
      </trkpt>
      <trkpt lat="-41.2551027" lon="-71.4469554">
        <ele>1127.0000</ele>
      </trkpt>
      <trkpt lat="-41.2551375" lon="-71.4469560">
        <ele>1126.0000</ele>
      </trkpt>
      <trkpt lat="-41.2551637" lon="-71.4469112">
        <ele>1126.0000</ele>
      </trkpt>
      <trkpt lat="-41.2551775" lon="-71.4468712">
        <ele>1126.0000</ele>
      </trkpt>
      <trkpt lat="-41.2551931" lon="-71.4468257">
        <ele>1126.0000</ele>
      </trkpt>
      <trkpt lat="-41.2552316" lon="-71.4468480">
        <ele>1126.0000</ele>
      </trkpt>
      <trkpt lat="-41.2552558" lon="-71.4468613">
        <ele>1126.0000</ele>
      </trkpt>
      <trkpt lat="-41.2552781" lon="-71.4468266">
        <ele>1126.0000</ele>
      </trkpt>
      <trkpt lat="-41.2552889" lon="-71.4467967">
        <ele>1126.0000</ele>
      </trkpt>
      <trkpt lat="-41.2553261" lon="-71.4467838">
        <ele>1126.0000</ele>
      </trkpt>
      <trkpt lat="-41.2553760" lon="-71.4467732">
        <ele>1126.0000</ele>
      </trkpt>
      <trkpt lat="-41.2554048" lon="-71.4467647">
        <ele>1126.0000</ele>
      </trkpt>
      <trkpt lat="-41.2554346" lon="-71.4467533">
        <ele>1125.0000</ele>
      </trkpt>
      <trkpt lat="-41.2554577" lon="-71.4467398">
        <ele>1125.0000</ele>
      </trkpt>
      <trkpt lat="-41.2554634" lon="-71.4466868">
        <ele>1126.0000</ele>
      </trkpt>
      <trkpt lat="-41.2554699" lon="-71.4466481">
        <ele>1126.0000</ele>
      </trkpt>
      <trkpt lat="-41.2554787" lon="-71.4466010">
        <ele>1126.0000</ele>
      </trkpt>
      <trkpt lat="-41.2554998" lon="-71.4465545">
        <ele>1126.0000</ele>
      </trkpt>
      <trkpt lat="-41.2555216" lon="-71.4465067">
        <ele>1126.0000</ele>
      </trkpt>
      <trkpt lat="-41.2555236" lon="-71.4465042">
        <ele>1126.0000</ele>
      </trkpt>
      <trkpt lat="-41.2555389" lon="-71.4464638">
        <ele>1126.0000</ele>
      </trkpt>
      <trkpt lat="-41.2555574" lon="-71.4464361">
        <ele>1126.0000</ele>
      </trkpt>
      <trkpt lat="-41.2555942" lon="-71.4464112">
        <ele>1126.0000</ele>
      </trkpt>
      <trkpt lat="-41.2556301" lon="-71.4464275">
        <ele>1126.0000</ele>
      </trkpt>
      <trkpt lat="-41.2556636" lon="-71.4464391">
        <ele>1126.0000</ele>
      </trkpt>
      <trkpt lat="-41.2556882" lon="-71.4464425">
        <ele>1126.0000</ele>
      </trkpt>
      <trkpt lat="-41.2557192" lon="-71.4464388">
        <ele>1126.0000</ele>
      </trkpt>
      <trkpt lat="-41.2557483" lon="-71.4464028">
        <ele>1126.0000</ele>
      </trkpt>
      <trkpt lat="-41.2557782" lon="-71.4463546">
        <ele>1127.0000</ele>
      </trkpt>
      <trkpt lat="-41.2557925" lon="-71.4463151">
        <ele>1127.0000</ele>
      </trkpt>
      <trkpt lat="-41.2558227" lon="-71.4462642">
        <ele>1128.0000</ele>
      </trkpt>
      <trkpt lat="-41.2558481" lon="-71.4462315">
        <ele>1129.0000</ele>
      </trkpt>
      <trkpt lat="-41.2558833" lon="-71.4461888">
        <ele>1129.0000</ele>
      </trkpt>
      <trkpt lat="-41.2559196" lon="-71.4461568">
        <ele>1129.0000</ele>
      </trkpt>
      <trkpt lat="-41.2559478" lon="-71.4461307">
        <ele>1129.0000</ele>
      </trkpt>
      <trkpt lat="-41.2559628" lon="-71.4460925">
        <ele>1130.0000</ele>
      </trkpt>
      <trkpt lat="-41.2559916" lon="-71.4460241">
        <ele>1130.0000</ele>
      </trkpt>
      <trkpt lat="-41.2560272" lon="-71.4460081">
        <ele>1130.0000</ele>
      </trkpt>
      <trkpt lat="-41.2560547" lon="-71.4459832">
        <ele>1130.0000</ele>
      </trkpt>
      <trkpt lat="-41.2560858" lon="-71.4459324">
        <ele>1131.0000</ele>
      </trkpt>
      <trkpt lat="-41.2561129" lon="-71.4458882">
        <ele>1131.0000</ele>
      </trkpt>
      <trkpt lat="-41.2561406" lon="-71.4458175">
        <ele>1131.0000</ele>
      </trkpt>
      <trkpt lat="-41.2561720" lon="-71.4458079">
        <ele>1131.0000</ele>
      </trkpt>
      <trkpt lat="-41.2562035" lon="-71.4457913">
        <ele>1131.0000</ele>
      </trkpt>
      <trkpt lat="-41.2562071" lon="-71.4457892">
        <ele>1131.0000</ele>
      </trkpt>
      <trkpt lat="-41.2562372" lon="-71.4457843">
        <ele>1131.0000</ele>
      </trkpt>
      <trkpt lat="-41.2562652" lon="-71.4457860">
        <ele>1130.0000</ele>
      </trkpt>
      <trkpt lat="-41.2562985" lon="-71.4457867">
        <ele>1130.0000</ele>
      </trkpt>
      <trkpt lat="-41.2563402" lon="-71.4457596">
        <ele>1130.0000</ele>
      </trkpt>
      <trkpt lat="-41.2563808" lon="-71.4457247">
        <ele>1130.0000</ele>
      </trkpt>
      <trkpt lat="-41.2564145" lon="-71.4456915">
        <ele>1130.0000</ele>
      </trkpt>
      <trkpt lat="-41.2564358" lon="-71.4456616">
        <ele>1130.0000</ele>
      </trkpt>
      <trkpt lat="-41.2564701" lon="-71.4456297">
        <ele>1130.0000</ele>
      </trkpt>
      <trkpt lat="-41.2565170" lon="-71.4456528">
        <ele>1129.0000</ele>
      </trkpt>
      <trkpt lat="-41.2565608" lon="-71.4456309">
        <ele>1129.0000</ele>
      </trkpt>
      <trkpt lat="-41.2566104" lon="-71.4456082">
        <ele>1129.0000</ele>
      </trkpt>
      <trkpt lat="-41.2566517" lon="-71.4455924">
        <ele>1129.0000</ele>
      </trkpt>
      <trkpt lat="-41.2566960" lon="-71.4455642">
        <ele>1129.0000</ele>
      </trkpt>
      <trkpt lat="-41.2567107" lon="-71.4455360">
        <ele>1129.0000</ele>
      </trkpt>
      <trkpt lat="-41.2567241" lon="-71.4454987">
        <ele>1130.0000</ele>
      </trkpt>
      <trkpt lat="-41.2567582" lon="-71.4454658">
        <ele>1129.0000</ele>
      </trkpt>
      <trkpt lat="-41.2567932" lon="-71.4454439">
        <ele>1129.0000</ele>
      </trkpt>
      <trkpt lat="-41.2568157" lon="-71.4454025">
        <ele>1130.0000</ele>
      </trkpt>
      <trkpt lat="-41.2568383" lon="-71.4453623">
        <ele>1130.0000</ele>
      </trkpt>
      <trkpt lat="-41.2568537" lon="-71.4453289">
        <ele>1130.0000</ele>
      </trkpt>
      <trkpt lat="-41.2568931" lon="-71.4452945">
        <ele>1130.0000</ele>
      </trkpt>
      <trkpt lat="-41.2569385" lon="-71.4452600">
        <ele>1130.0000</ele>
      </trkpt>
      <trkpt lat="-41.2569790" lon="-71.4452326">
        <ele>1130.0000</ele>
      </trkpt>
      <trkpt lat="-41.2569997" lon="-71.4452066">
        <ele>1130.0000</ele>
      </trkpt>
      <trkpt lat="-41.2570219" lon="-71.4451852">
        <ele>1130.0000</ele>
      </trkpt>
      <trkpt lat="-41.2570467" lon="-71.4451489">
        <ele>1131.0000</ele>
      </trkpt>
      <trkpt lat="-41.2570383" lon="-71.4451072">
        <ele>1132.0000</ele>
      </trkpt>
      <trkpt lat="-41.2570218" lon="-71.4450734">
        <ele>1133.0000</ele>
      </trkpt>
      <trkpt lat="-41.2570092" lon="-71.4450460">
        <ele>1134.0000</ele>
      </trkpt>
      <trkpt lat="-41.2569949" lon="-71.4450051">
        <ele>1135.0000</ele>
      </trkpt>
      <trkpt lat="-41.2569704" lon="-71.4449620">
        <ele>1137.0000</ele>
      </trkpt>
      <trkpt lat="-41.2569571" lon="-71.4449261">
        <ele>1137.0000</ele>
      </trkpt>
      <trkpt lat="-41.2569451" lon="-71.4448996">
        <ele>1138.0000</ele>
      </trkpt>
      <trkpt lat="-41.2569389" lon="-71.4448400">
        <ele>1139.0000</ele>
      </trkpt>
      <trkpt lat="-41.2569350" lon="-71.4447889">
        <ele>1140.0000</ele>
      </trkpt>
      <trkpt lat="-41.2569349" lon="-71.4447348">
        <ele>1140.0000</ele>
      </trkpt>
      <trkpt lat="-41.2569430" lon="-71.4446842">
        <ele>1141.0000</ele>
      </trkpt>
      <trkpt lat="-41.2569535" lon="-71.4446357">
        <ele>1142.0000</ele>
      </trkpt>
      <trkpt lat="-41.2569594" lon="-71.4446046">
        <ele>1143.0000</ele>
      </trkpt>
      <trkpt lat="-41.2569600" lon="-71.4445610">
        <ele>1143.0000</ele>
      </trkpt>
      <trkpt lat="-41.2569568" lon="-71.4445167">
        <ele>1144.0000</ele>
      </trkpt>
      <trkpt lat="-41.2569591" lon="-71.4444715">
        <ele>1145.0000</ele>
      </trkpt>
      <trkpt lat="-41.2569558" lon="-71.4444381">
        <ele>1146.0000</ele>
      </trkpt>
      <trkpt lat="-41.2569643" lon="-71.4444012">
        <ele>1146.0000</ele>
      </trkpt>
      <trkpt lat="-41.2570020" lon="-71.4443642">
        <ele>1146.0000</ele>
      </trkpt>
      <trkpt lat="-41.2570273" lon="-71.4443546">
        <ele>1146.0000</ele>
      </trkpt>
      <trkpt lat="-41.2570770" lon="-71.4443485">
        <ele>1146.0000</ele>
      </trkpt>
      <trkpt lat="-41.2571037" lon="-71.4443385">
        <ele>1146.0000</ele>
      </trkpt>
      <trkpt lat="-41.2571352" lon="-71.4442963">
        <ele>1147.0000</ele>
      </trkpt>
      <trkpt lat="-41.2571752" lon="-71.4442479">
        <ele>1147.0000</ele>
      </trkpt>
      <trkpt lat="-41.2572111" lon="-71.4442015">
        <ele>1148.0000</ele>
      </trkpt>
      <trkpt lat="-41.2572347" lon="-71.4441665">
        <ele>1148.0000</ele>
      </trkpt>
      <trkpt lat="-41.2572696" lon="-71.4441410">
        <ele>1149.0000</ele>
      </trkpt>
      <trkpt lat="-41.2573141" lon="-71.4441163">
        <ele>1150.0000</ele>
      </trkpt>
      <trkpt lat="-41.2573599" lon="-71.4440932">
        <ele>1150.0000</ele>
      </trkpt>
      <trkpt lat="-41.2573863" lon="-71.4440520">
        <ele>1151.0000</ele>
      </trkpt>
      <trkpt lat="-41.2574161" lon="-71.4440064">
        <ele>1152.0000</ele>
      </trkpt>
      <trkpt lat="-41.2574311" lon="-71.4439879">
        <ele>1152.0000</ele>
      </trkpt>
      <trkpt lat="-41.2574770" lon="-71.4439928">
        <ele>1152.0000</ele>
      </trkpt>
      <trkpt lat="-41.2574959" lon="-71.4440012">
        <ele>1152.0000</ele>
      </trkpt>
      <trkpt lat="-41.2575225" lon="-71.4440366">
        <ele>1150.0000</ele>
      </trkpt>
      <trkpt lat="-41.2575525" lon="-71.4440506">
        <ele>1150.0000</ele>
      </trkpt>
      <trkpt lat="-41.2576056" lon="-71.4440464">
        <ele>1149.0000</ele>
      </trkpt>
      <trkpt lat="-41.2576607" lon="-71.4440420">
        <ele>1148.0000</ele>
      </trkpt>
      <trkpt lat="-41.2577025" lon="-71.4440321">
        <ele>1147.0000</ele>
      </trkpt>
      <trkpt lat="-41.2577412" lon="-71.4440081">
        <ele>1147.0000</ele>
      </trkpt>
      <trkpt lat="-41.2577801" lon="-71.4439884">
        <ele>1147.0000</ele>
      </trkpt>
      <trkpt lat="-41.2578142" lon="-71.4439655">
        <ele>1147.0000</ele>
      </trkpt>
      <trkpt lat="-41.2578265" lon="-71.4439564">
        <ele>1147.0000</ele>
      </trkpt>
      <trkpt lat="-41.2578232" lon="-71.4439026">
        <ele>1149.0000</ele>
      </trkpt>
      <trkpt lat="-41.2578240" lon="-71.4438539">
        <ele>1151.0000</ele>
      </trkpt>
      <trkpt lat="-41.2578198" lon="-71.4438249">
        <ele>1152.0000</ele>
      </trkpt>
      <trkpt lat="-41.2578002" lon="-71.4437869">
        <ele>1153.0000</ele>
      </trkpt>
      <trkpt lat="-41.2577882" lon="-71.4437451">
        <ele>1154.0000</ele>
      </trkpt>
      <trkpt lat="-41.2577752" lon="-71.4436853">
        <ele>1156.0000</ele>
      </trkpt>
      <trkpt lat="-41.2577960" lon="-71.4436424">
        <ele>1157.0000</ele>
      </trkpt>
      <trkpt lat="-41.2578207" lon="-71.4436139">
        <ele>1158.0000</ele>
      </trkpt>
      <trkpt lat="-41.2578404" lon="-71.4435862">
        <ele>1158.0000</ele>
      </trkpt>
      <trkpt lat="-41.2578902" lon="-71.4435769">
        <ele>1158.0000</ele>
      </trkpt>
      <trkpt lat="-41.2579311" lon="-71.4435381">
        <ele>1159.0000</ele>
      </trkpt>
      <trkpt lat="-41.2579841" lon="-71.4435038">
        <ele>1159.0000</ele>
      </trkpt>
      <trkpt lat="-41.2579996" lon="-71.4434793">
        <ele>1160.0000</ele>
      </trkpt>
      <trkpt lat="-41.2580005" lon="-71.4434375">
        <ele>1161.0000</ele>
      </trkpt>
      <trkpt lat="-41.2579973" lon="-71.4433884">
        <ele>1163.0000</ele>
      </trkpt>
      <trkpt lat="-41.2579959" lon="-71.4433678">
        <ele>1163.0000</ele>
      </trkpt>
      <trkpt lat="-41.2580187" lon="-71.4433152">
        <ele>1164.0000</ele>
      </trkpt>
      <trkpt lat="-41.2580283" lon="-71.4432803">
        <ele>1165.0000</ele>
      </trkpt>
      <trkpt lat="-41.2580385" lon="-71.4432423">
        <ele>1166.0000</ele>
      </trkpt>
      <trkpt lat="-41.2580456" lon="-71.4432073">
        <ele>1167.0000</ele>
      </trkpt>
      <trkpt lat="-41.2580486" lon="-71.4431682">
        <ele>1168.0000</ele>
      </trkpt>
      <trkpt lat="-41.2580470" lon="-71.4431338">
        <ele>1169.0000</ele>
      </trkpt>
      <trkpt lat="-41.2580462" lon="-71.4431002">
        <ele>1170.0000</ele>
      </trkpt>
      <trkpt lat="-41.2580305" lon="-71.4430780">
        <ele>1171.0000</ele>
      </trkpt>
      <trkpt lat="-41.2580174" lon="-71.4430570">
        <ele>1172.0000</ele>
      </trkpt>
      <trkpt lat="-41.2579939" lon="-71.4430449">
        <ele>1172.0000</ele>
      </trkpt>
      <trkpt lat="-41.2579843" lon="-71.4430263">
        <ele>1173.0000</ele>
      </trkpt>
      <trkpt lat="-41.2579862" lon="-71.4429969">
        <ele>1174.0000</ele>
      </trkpt>
      <trkpt lat="-41.2580037" lon="-71.4429556">
        <ele>1175.0000</ele>
      </trkpt>
      <trkpt lat="-41.2580284" lon="-71.4429343">
        <ele>1175.0000</ele>
      </trkpt>
      <trkpt lat="-41.2580585" lon="-71.4428992">
        <ele>1176.0000</ele>
      </trkpt>
      <trkpt lat="-41.2580731" lon="-71.4428727">
        <ele>1176.0000</ele>
      </trkpt>
      <trkpt lat="-41.2580820" lon="-71.4428249">
        <ele>1177.0000</ele>
      </trkpt>
      <trkpt lat="-41.2580772" lon="-71.4427630">
        <ele>1179.0000</ele>
      </trkpt>
      <trkpt lat="-41.2580731" lon="-71.4427174">
        <ele>1180.0000</ele>
      </trkpt>
      <trkpt lat="-41.2580861" lon="-71.4426617">
        <ele>1181.0000</ele>
      </trkpt>
      <trkpt lat="-41.2581091" lon="-71.4426230">
        <ele>1182.0000</ele>
      </trkpt>
      <trkpt lat="-41.2581193" lon="-71.4425646">
        <ele>1183.0000</ele>
      </trkpt>
      <trkpt lat="-41.2581239" lon="-71.4425286">
        <ele>1184.0000</ele>
      </trkpt>
      <trkpt lat="-41.2581313" lon="-71.4424861">
        <ele>1184.0000</ele>
      </trkpt>
      <trkpt lat="-41.2581361" lon="-71.4424559">
        <ele>1184.0000</ele>
      </trkpt>
      <trkpt lat="-41.2581300" lon="-71.4424285">
        <ele>1185.0000</ele>
      </trkpt>
      <trkpt lat="-41.2581117" lon="-71.4424061">
        <ele>1186.0000</ele>
      </trkpt>
      <trkpt lat="-41.2580997" lon="-71.4423868">
        <ele>1186.0000</ele>
      </trkpt>
      <trkpt lat="-41.2581143" lon="-71.4423386">
        <ele>1187.0000</ele>
      </trkpt>
      <trkpt lat="-41.2581294" lon="-71.4422928">
        <ele>1187.0000</ele>
      </trkpt>
      <trkpt lat="-41.2581434" lon="-71.4422366">
        <ele>1187.0000</ele>
      </trkpt>
      <trkpt lat="-41.2581579" lon="-71.4421853">
        <ele>1187.0000</ele>
      </trkpt>
      <trkpt lat="-41.2581667" lon="-71.4421057">
        <ele>1188.0000</ele>
      </trkpt>
      <trkpt lat="-41.2581739" lon="-71.4420306">
        <ele>1190.0000</ele>
      </trkpt>
      <trkpt lat="-41.2581707" lon="-71.4419862">
        <ele>1190.0000</ele>
      </trkpt>
      <trkpt lat="-41.2581592" lon="-71.4419462">
        <ele>1191.0000</ele>
      </trkpt>
      <trkpt lat="-41.2581460" lon="-71.4418946">
        <ele>1193.0000</ele>
      </trkpt>
      <trkpt lat="-41.2581304" lon="-71.4418388">
        <ele>1194.0000</ele>
      </trkpt>
      <trkpt lat="-41.2581141" lon="-71.4418032">
        <ele>1195.0000</ele>
      </trkpt>
      <trkpt lat="-41.2581026" lon="-71.4417785">
        <ele>1196.0000</ele>
      </trkpt>
      <trkpt lat="-41.2580827" lon="-71.4417339">
        <ele>1197.0000</ele>
      </trkpt>
      <trkpt lat="-41.2580832" lon="-71.4416938">
        <ele>1198.0000</ele>
      </trkpt>
      <trkpt lat="-41.2580913" lon="-71.4416490">
        <ele>1198.0000</ele>
      </trkpt>
      <trkpt lat="-41.2581074" lon="-71.4416157">
        <ele>1199.0000</ele>
      </trkpt>
      <trkpt lat="-41.2581258" lon="-71.4415713">
        <ele>1199.0000</ele>
      </trkpt>
      <trkpt lat="-41.2581518" lon="-71.4415226">
        <ele>1200.0000</ele>
      </trkpt>
      <trkpt lat="-41.2581674" lon="-71.4414428">
        <ele>1202.0000</ele>
      </trkpt>
      <trkpt lat="-41.2581663" lon="-71.4413888">
        <ele>1203.0000</ele>
      </trkpt>
      <trkpt lat="-41.2581727" lon="-71.4413430">
        <ele>1204.0000</ele>
      </trkpt>
      <trkpt lat="-41.2581797" lon="-71.4412844">
        <ele>1206.0000</ele>
      </trkpt>
      <trkpt lat="-41.2581845" lon="-71.4412298">
        <ele>1207.0000</ele>
      </trkpt>
      <trkpt lat="-41.2581958" lon="-71.4411904">
        <ele>1208.0000</ele>
      </trkpt>
      <trkpt lat="-41.2581883" lon="-71.4411588">
        <ele>1209.0000</ele>
      </trkpt>
      <trkpt lat="-41.2581879" lon="-71.4411188">
        <ele>1210.0000</ele>
      </trkpt>
      <trkpt lat="-41.2582070" lon="-71.4410927">
        <ele>1211.0000</ele>
      </trkpt>
      <trkpt lat="-41.2582172" lon="-71.4410751">
        <ele>1211.0000</ele>
      </trkpt>
      <trkpt lat="-41.2582288" lon="-71.4410279">
        <ele>1213.0000</ele>
      </trkpt>
      <trkpt lat="-41.2582402" lon="-71.4409930">
        <ele>1214.0000</ele>
      </trkpt>
      <trkpt lat="-41.2582532" lon="-71.4409374">
        <ele>1215.0000</ele>
      </trkpt>
      <trkpt lat="-41.2582845" lon="-71.4409219">
        <ele>1215.0000</ele>
      </trkpt>
      <trkpt lat="-41.2583176" lon="-71.4409044">
        <ele>1216.0000</ele>
      </trkpt>
      <trkpt lat="-41.2583351" lon="-71.4408862">
        <ele>1216.0000</ele>
      </trkpt>
      <trkpt lat="-41.2583555" lon="-71.4408836">
        <ele>1215.0000</ele>
      </trkpt>
      <trkpt lat="-41.2583842" lon="-71.4408604">
        <ele>1215.0000</ele>
      </trkpt>
      <trkpt lat="-41.2583774" lon="-71.4407999">
        <ele>1217.0000</ele>
      </trkpt>
      <trkpt lat="-41.2583789" lon="-71.4407359">
        <ele>1220.0000</ele>
      </trkpt>
      <trkpt lat="-41.2583695" lon="-71.4406622">
        <ele>1223.0000</ele>
      </trkpt>
      <trkpt lat="-41.2583662" lon="-71.4406273">
        <ele>1224.0000</ele>
      </trkpt>
      <trkpt lat="-41.2583515" lon="-71.4405869">
        <ele>1226.0000</ele>
      </trkpt>
      <trkpt lat="-41.2583465" lon="-71.4405486">
        <ele>1227.0000</ele>
      </trkpt>
      <trkpt lat="-41.2583361" lon="-71.4405081">
        <ele>1229.0000</ele>
      </trkpt>
      <trkpt lat="-41.2583059" lon="-71.4404831">
        <ele>1230.0000</ele>
      </trkpt>
      <trkpt lat="-41.2582791" lon="-71.4404601">
        <ele>1231.0000</ele>
      </trkpt>
      <trkpt lat="-41.2582482" lon="-71.4404271">
        <ele>1232.0000</ele>
      </trkpt>
      <trkpt lat="-41.2582215" lon="-71.4404271">
        <ele>1232.0000</ele>
      </trkpt>
      <trkpt lat="-41.2581968" lon="-71.4404295">
        <ele>1233.0000</ele>
      </trkpt>
      <trkpt lat="-41.2581915" lon="-71.4403918">
        <ele>1234.0000</ele>
      </trkpt>
      <trkpt lat="-41.2581847" lon="-71.4403513">
        <ele>1235.0000</ele>
      </trkpt>
      <trkpt lat="-41.2581721" lon="-71.4403178">
        <ele>1236.0000</ele>
      </trkpt>
      <trkpt lat="-41.2581782" lon="-71.4402841">
        <ele>1237.0000</ele>
      </trkpt>
      <trkpt lat="-41.2581787" lon="-71.4402578">
        <ele>1238.0000</ele>
      </trkpt>
      <trkpt lat="-41.2581515" lon="-71.4402343">
        <ele>1238.0000</ele>
      </trkpt>
      <trkpt lat="-41.2581198" lon="-71.4402035">
        <ele>1240.0000</ele>
      </trkpt>
      <trkpt lat="-41.2581222" lon="-71.4401565">
        <ele>1241.0000</ele>
      </trkpt>
      <trkpt lat="-41.2581266" lon="-71.4401082">
        <ele>1242.0000</ele>
      </trkpt>
      <trkpt lat="-41.2581077" lon="-71.4400528">
        <ele>1244.0000</ele>
      </trkpt>
      <trkpt lat="-41.2580802" lon="-71.4399971">
        <ele>1246.0000</ele>
      </trkpt>
      <trkpt lat="-41.2580560" lon="-71.4399410">
        <ele>1248.0000</ele>
      </trkpt>
      <trkpt lat="-41.2580352" lon="-71.4398989">
        <ele>1249.0000</ele>
      </trkpt>
      <trkpt lat="-41.2580159" lon="-71.4398735">
        <ele>1250.0000</ele>
      </trkpt>
      <trkpt lat="-41.2579855" lon="-71.4398757">
        <ele>1250.0000</ele>
      </trkpt>
      <trkpt lat="-41.2579519" lon="-71.4398770">
        <ele>1250.0000</ele>
      </trkpt>
      <trkpt lat="-41.2579322" lon="-71.4398725">
        <ele>1250.0000</ele>
      </trkpt>
      <trkpt lat="-41.2579176" lon="-71.4398463">
        <ele>1251.0000</ele>
      </trkpt>
      <trkpt lat="-41.2579145" lon="-71.4398167">
        <ele>1251.0000</ele>
      </trkpt>
      <trkpt lat="-41.2579129" lon="-71.4397755">
        <ele>1252.0000</ele>
      </trkpt>
      <trkpt lat="-41.2579103" lon="-71.4397017">
        <ele>1254.0000</ele>
      </trkpt>
      <trkpt lat="-41.2578957" lon="-71.4396621">
        <ele>1255.0000</ele>
      </trkpt>
      <trkpt lat="-41.2578774" lon="-71.4396085">
        <ele>1256.0000</ele>
      </trkpt>
      <trkpt lat="-41.2578512" lon="-71.4395609">
        <ele>1257.0000</ele>
      </trkpt>
      <trkpt lat="-41.2578124" lon="-71.4394957">
        <ele>1258.0000</ele>
      </trkpt>
      <trkpt lat="-41.2577989" lon="-71.4394766">
        <ele>1259.0000</ele>
      </trkpt>
      <trkpt lat="-41.2577843" lon="-71.4394422">
        <ele>1259.0000</ele>
      </trkpt>
      <trkpt lat="-41.2577799" lon="-71.4394080">
        <ele>1260.0000</ele>
      </trkpt>
      <trkpt lat="-41.2577914" lon="-71.4393766">
        <ele>1261.0000</ele>
      </trkpt>
      <trkpt lat="-41.2578068" lon="-71.4393503">
        <ele>1261.0000</ele>
      </trkpt>
      <trkpt lat="-41.2578031" lon="-71.4392851">
        <ele>1263.0000</ele>
      </trkpt>
      <trkpt lat="-41.2577965" lon="-71.4392346">
        <ele>1264.0000</ele>
      </trkpt>
      <trkpt lat="-41.2577920" lon="-71.4392031">
        <ele>1265.0000</ele>
      </trkpt>
      <trkpt lat="-41.2577899" lon="-71.4391422">
        <ele>1266.0000</ele>
      </trkpt>
      <trkpt lat="-41.2577851" lon="-71.4391122">
        <ele>1267.0000</ele>
      </trkpt>
      <trkpt lat="-41.2577804" lon="-71.4390747">
        <ele>1268.0000</ele>
      </trkpt>
      <trkpt lat="-41.2577185" lon="-71.4390858">
        <ele>1268.0000</ele>
      </trkpt>
      <trkpt lat="-41.2576672" lon="-71.4390877">
        <ele>1268.0000</ele>
      </trkpt>
      <trkpt lat="-41.2576250" lon="-71.4390906">
        <ele>1269.0000</ele>
      </trkpt>
      <trkpt lat="-41.2575908" lon="-71.4390865">
        <ele>1269.0000</ele>
      </trkpt>
      <trkpt lat="-41.2575452" lon="-71.4390890">
        <ele>1269.0000</ele>
      </trkpt>
      <trkpt lat="-41.2575106" lon="-71.4390901">
        <ele>1270.0000</ele>
      </trkpt>
      <trkpt lat="-41.2574500" lon="-71.4391014">
        <ele>1269.0000</ele>
      </trkpt>
      <trkpt lat="-41.2574062" lon="-71.4391094">
        <ele>1269.0000</ele>
      </trkpt>
      <trkpt lat="-41.2573603" lon="-71.4391487">
        <ele>1268.0000</ele>
      </trkpt>
      <trkpt lat="-41.2573213" lon="-71.4391735">
        <ele>1268.0000</ele>
      </trkpt>
      <trkpt lat="-41.2572733" lon="-71.4391877">
        <ele>1268.0000</ele>
      </trkpt>
      <trkpt lat="-41.2572405" lon="-71.4392018">
        <ele>1268.0000</ele>
      </trkpt>
      <trkpt lat="-41.2572142" lon="-71.4392165">
        <ele>1267.0000</ele>
      </trkpt>
      <trkpt lat="-41.2571781" lon="-71.4392387">
        <ele>1267.0000</ele>
      </trkpt>
      <trkpt lat="-41.2571560" lon="-71.4392501">
        <ele>1267.0000</ele>
      </trkpt>
      <trkpt lat="-41.2571230" lon="-71.4392739">
        <ele>1266.0000</ele>
      </trkpt>
      <trkpt lat="-41.2570893" lon="-71.4392904">
        <ele>1266.0000</ele>
      </trkpt>
      <trkpt lat="-41.2570498" lon="-71.4392992">
        <ele>1266.0000</ele>
      </trkpt>
      <trkpt lat="-41.2569930" lon="-71.4393109">
        <ele>1265.0000</ele>
      </trkpt>
      <trkpt lat="-41.2569545" lon="-71.4393130">
        <ele>1265.0000</ele>
      </trkpt>
      <trkpt lat="-41.2569258" lon="-71.4393145">
        <ele>1265.0000</ele>
      </trkpt>
      <trkpt lat="-41.2568947" lon="-71.4393158">
        <ele>1265.0000</ele>
      </trkpt>
      <trkpt lat="-41.2568567" lon="-71.4393128">
        <ele>1265.0000</ele>
      </trkpt>
      <trkpt lat="-41.2568341" lon="-71.4393117">
        <ele>1265.0000</ele>
      </trkpt>
      <trkpt lat="-41.2568117" lon="-71.4393073">
        <ele>1265.0000</ele>
      </trkpt>
      <trkpt lat="-41.2567928" lon="-71.4393000">
        <ele>1265.0000</ele>
      </trkpt>
      <trkpt lat="-41.2567620" lon="-71.4392879">
        <ele>1266.0000</ele>
      </trkpt>
      <trkpt lat="-41.2567359" lon="-71.4392763">
        <ele>1266.0000</ele>
      </trkpt>
      <trkpt lat="-41.2567144" lon="-71.4392720">
        <ele>1266.0000</ele>
      </trkpt>
      <trkpt lat="-41.2566846" lon="-71.4392616">
        <ele>1266.0000</ele>
      </trkpt>
      <trkpt lat="-41.2566642" lon="-71.4392523">
        <ele>1266.0000</ele>
      </trkpt>
      <trkpt lat="-41.2566473" lon="-71.4392418">
        <ele>1266.0000</ele>
      </trkpt>
      <trkpt lat="-41.2566052" lon="-71.4392178">
        <ele>1266.0000</ele>
      </trkpt>
      <trkpt lat="-41.2565539" lon="-71.4392064">
        <ele>1266.0000</ele>
      </trkpt>
      <trkpt lat="-41.2565148" lon="-71.4391930">
        <ele>1267.0000</ele>
      </trkpt>
      <trkpt lat="-41.2564781" lon="-71.4391781">
        <ele>1267.0000</ele>
      </trkpt>
      <trkpt lat="-41.2564318" lon="-71.4391777">
        <ele>1267.0000</ele>
      </trkpt>
      <trkpt lat="-41.2563973" lon="-71.4391856">
        <ele>1266.0000</ele>
      </trkpt>
      <trkpt lat="-41.2563664" lon="-71.4392008">
        <ele>1266.0000</ele>
      </trkpt>
      <trkpt lat="-41.2563297" lon="-71.4392168">
        <ele>1266.0000</ele>
      </trkpt>
      <trkpt lat="-41.2563006" lon="-71.4392268">
        <ele>1266.0000</ele>
      </trkpt>
      <trkpt lat="-41.2562753" lon="-71.4392421">
        <ele>1265.0000</ele>
      </trkpt>
      <trkpt lat="-41.2562582" lon="-71.4392666">
        <ele>1265.0000</ele>
      </trkpt>
      <trkpt lat="-41.2562390" lon="-71.4392905">
        <ele>1264.0000</ele>
      </trkpt>
      <trkpt lat="-41.2562364" lon="-71.4393128">
        <ele>1264.0000</ele>
      </trkpt>
      <trkpt lat="-41.2562257" lon="-71.4393371">
        <ele>1264.0000</ele>
      </trkpt>
      <trkpt lat="-41.2562152" lon="-71.4393595">
        <ele>1263.0000</ele>
      </trkpt>
      <trkpt lat="-41.2561990" lon="-71.4393871">
        <ele>1263.0000</ele>
      </trkpt>
      <trkpt lat="-41.2561707" lon="-71.4394281">
        <ele>1261.0000</ele>
      </trkpt>
      <trkpt lat="-41.2561618" lon="-71.4394525">
        <ele>1261.0000</ele>
      </trkpt>
      <trkpt lat="-41.2561427" lon="-71.4394822">
        <ele>1260.0000</ele>
      </trkpt>
      <trkpt lat="-41.2561151" lon="-71.4395099">
        <ele>1260.0000</ele>
      </trkpt>
      <trkpt lat="-41.2560936" lon="-71.4395395">
        <ele>1259.0000</ele>
      </trkpt>
      <trkpt lat="-41.2560742" lon="-71.4395610">
        <ele>1259.0000</ele>
      </trkpt>
      <trkpt lat="-41.2560495" lon="-71.4395784">
        <ele>1258.0000</ele>
      </trkpt>
      <trkpt lat="-41.2560279" lon="-71.4395898">
        <ele>1258.0000</ele>
      </trkpt>
      <trkpt lat="-41.2559992" lon="-71.4396049">
        <ele>1257.0000</ele>
      </trkpt>
      <trkpt lat="-41.2559747" lon="-71.4396126">
        <ele>1257.0000</ele>
      </trkpt>
      <trkpt lat="-41.2559623" lon="-71.4396294">
        <ele>1256.0000</ele>
      </trkpt>
      <trkpt lat="-41.2559368" lon="-71.4396591">
        <ele>1255.0000</ele>
      </trkpt>
      <trkpt lat="-41.2559112" lon="-71.4396847">
        <ele>1255.0000</ele>
      </trkpt>
      <trkpt lat="-41.2558920" lon="-71.4397106">
        <ele>1254.0000</ele>
      </trkpt>
      <trkpt lat="-41.2558754" lon="-71.4397261">
        <ele>1253.0000</ele>
      </trkpt>
      <trkpt lat="-41.2558462" lon="-71.4397468">
        <ele>1252.0000</ele>
      </trkpt>
      <trkpt lat="-41.2558274" lon="-71.4397633">
        <ele>1252.0000</ele>
      </trkpt>
      <trkpt lat="-41.2557953" lon="-71.4397815">
        <ele>1251.0000</ele>
      </trkpt>
      <trkpt lat="-41.2557820" lon="-71.4397950">
        <ele>1250.0000</ele>
      </trkpt>
      <trkpt lat="-41.2557565" lon="-71.4398119">
        <ele>1249.0000</ele>
      </trkpt>
      <trkpt lat="-41.2557389" lon="-71.4398362">
        <ele>1249.0000</ele>
      </trkpt>
      <trkpt lat="-41.2557219" lon="-71.4398569">
        <ele>1248.0000</ele>
      </trkpt>
      <trkpt lat="-41.2556981" lon="-71.4398750">
        <ele>1247.0000</ele>
      </trkpt>
      <trkpt lat="-41.2556788" lon="-71.4398997">
        <ele>1246.0000</ele>
      </trkpt>
      <trkpt lat="-41.2556635" lon="-71.4399199">
        <ele>1246.0000</ele>
      </trkpt>
      <trkpt lat="-41.2556502" lon="-71.4399292">
        <ele>1245.0000</ele>
      </trkpt>
      <trkpt lat="-41.2556352" lon="-71.4399290">
        <ele>1245.0000</ele>
      </trkpt>
      <trkpt lat="-41.2556054" lon="-71.4399269">
        <ele>1244.0000</ele>
      </trkpt>
      <trkpt lat="-41.2555761" lon="-71.4399140">
        <ele>1244.0000</ele>
      </trkpt>
      <trkpt lat="-41.2555350" lon="-71.4399027">
        <ele>1244.0000</ele>
      </trkpt>
      <trkpt lat="-41.2555111" lon="-71.4398920">
        <ele>1244.0000</ele>
      </trkpt>
      <trkpt lat="-41.2554894" lon="-71.4398830">
        <ele>1244.0000</ele>
      </trkpt>
      <trkpt lat="-41.2554689" lon="-71.4398695">
        <ele>1244.0000</ele>
      </trkpt>
      <trkpt lat="-41.2554412" lon="-71.4398598">
        <ele>1245.0000</ele>
      </trkpt>
      <trkpt lat="-41.2554274" lon="-71.4398485">
        <ele>1245.0000</ele>
      </trkpt>
      <trkpt lat="-41.2554123" lon="-71.4398419">
        <ele>1245.0000</ele>
      </trkpt>
      <trkpt lat="-41.2553973" lon="-71.4398304">
        <ele>1245.0000</ele>
      </trkpt>
      <trkpt lat="-41.2553740" lon="-71.4398276">
        <ele>1245.0000</ele>
      </trkpt>
      <trkpt lat="-41.2553530" lon="-71.4398218">
        <ele>1245.0000</ele>
      </trkpt>
      <trkpt lat="-41.2553291" lon="-71.4398092">
        <ele>1246.0000</ele>
      </trkpt>
      <trkpt lat="-41.2553024" lon="-71.4398043">
        <ele>1246.0000</ele>
      </trkpt>
      <trkpt lat="-41.2552775" lon="-71.4397932">
        <ele>1246.0000</ele>
      </trkpt>
      <trkpt lat="-41.2552430" lon="-71.4397824">
        <ele>1246.0000</ele>
      </trkpt>
      <trkpt lat="-41.2552242" lon="-71.4397802">
        <ele>1246.0000</ele>
      </trkpt>
      <trkpt lat="-41.2551962" lon="-71.4397751">
        <ele>1245.0000</ele>
      </trkpt>
      <trkpt lat="-41.2551695" lon="-71.4397686">
        <ele>1245.0000</ele>
      </trkpt>
      <trkpt lat="-41.2551507" lon="-71.4397663">
        <ele>1245.0000</ele>
      </trkpt>
      <trkpt lat="-41.2551348" lon="-71.4397562">
        <ele>1245.0000</ele>
      </trkpt>
      <trkpt lat="-41.2551158" lon="-71.4397571">
        <ele>1244.0000</ele>
      </trkpt>
      <trkpt lat="-41.2550894" lon="-71.4397638">
        <ele>1244.0000</ele>
      </trkpt>
      <trkpt lat="-41.2550667" lon="-71.4397708">
        <ele>1243.0000</ele>
      </trkpt>
      <trkpt lat="-41.2550453" lon="-71.4397763">
        <ele>1243.0000</ele>
      </trkpt>
      <trkpt lat="-41.2550243" lon="-71.4397793">
        <ele>1243.0000</ele>
      </trkpt>
      <trkpt lat="-41.2550053" lon="-71.4397834">
        <ele>1243.0000</ele>
      </trkpt>
      <trkpt lat="-41.2549885" lon="-71.4397814">
        <ele>1242.0000</ele>
      </trkpt>
      <trkpt lat="-41.2549724" lon="-71.4397826">
        <ele>1242.0000</ele>
      </trkpt>
      <trkpt lat="-41.2549628" lon="-71.4397815">
        <ele>1242.0000</ele>
      </trkpt>
      <trkpt lat="-41.2549468" lon="-71.4397827">
        <ele>1241.0000</ele>
      </trkpt>
      <trkpt lat="-41.2549280" lon="-71.4397772">
        <ele>1241.0000</ele>
      </trkpt>
      <trkpt lat="-41.2549148" lon="-71.4397756">
        <ele>1241.0000</ele>
      </trkpt>
      <trkpt lat="-41.2549042" lon="-71.4397727">
        <ele>1241.0000</ele>
      </trkpt>
      <trkpt lat="-41.2548912" lon="-71.4397695">
        <ele>1240.0000</ele>
      </trkpt>
      <trkpt lat="-41.2548721" lon="-71.4397656">
        <ele>1240.0000</ele>
      </trkpt>
      <trkpt lat="-41.2548535" lon="-71.4397569">
        <ele>1240.0000</ele>
      </trkpt>
      <trkpt lat="-41.2548407" lon="-71.4397374">
        <ele>1240.0000</ele>
      </trkpt>
      <trkpt lat="-41.2548294" lon="-71.4397130">
        <ele>1240.0000</ele>
      </trkpt>
      <trkpt lat="-41.2548253" lon="-71.4396755">
        <ele>1241.0000</ele>
      </trkpt>
      <trkpt lat="-41.2548338" lon="-71.4396213">
        <ele>1243.0000</ele>
      </trkpt>
      <trkpt lat="-41.2548313" lon="-71.4395908">
        <ele>1244.0000</ele>
      </trkpt>
      <trkpt lat="-41.2548333" lon="-71.4395530">
        <ele>1245.0000</ele>
      </trkpt>
      <trkpt lat="-41.2548416" lon="-71.4395170">
        <ele>1246.0000</ele>
      </trkpt>
      <trkpt lat="-41.2548545" lon="-71.4394902">
        <ele>1247.0000</ele>
      </trkpt>
      <trkpt lat="-41.2548684" lon="-71.4394689">
        <ele>1247.0000</ele>
      </trkpt>
      <trkpt lat="-41.2548736" lon="-71.4394423">
        <ele>1248.0000</ele>
      </trkpt>
      <trkpt lat="-41.2548646" lon="-71.4394234">
        <ele>1249.0000</ele>
      </trkpt>
      <trkpt lat="-41.2548491" lon="-71.4393996">
        <ele>1249.0000</ele>
      </trkpt>
      <trkpt lat="-41.2548529" lon="-71.4393718">
        <ele>1250.0000</ele>
      </trkpt>
      <trkpt lat="-41.2548638" lon="-71.4393256">
        <ele>1251.0000</ele>
      </trkpt>
      <trkpt lat="-41.2548701" lon="-71.4392861">
        <ele>1252.0000</ele>
      </trkpt>
      <trkpt lat="-41.2548700" lon="-71.4392559">
        <ele>1253.0000</ele>
      </trkpt>
      <trkpt lat="-41.2548697" lon="-71.4392273">
        <ele>1254.0000</ele>
      </trkpt>
      <trkpt lat="-41.2548593" lon="-71.4391993">
        <ele>1254.0000</ele>
      </trkpt>
      <trkpt lat="-41.2548591" lon="-71.4391676">
        <ele>1255.0000</ele>
      </trkpt>
      <trkpt lat="-41.2548648" lon="-71.4391337">
        <ele>1256.0000</ele>
      </trkpt>
      <trkpt lat="-41.2548681" lon="-71.4390775">
        <ele>1257.0000</ele>
      </trkpt>
      <trkpt lat="-41.2548696" lon="-71.4390414">
        <ele>1257.0000</ele>
      </trkpt>
      <trkpt lat="-41.2548727" lon="-71.4390048">
        <ele>1258.0000</ele>
      </trkpt>
      <trkpt lat="-41.2548851" lon="-71.4389661">
        <ele>1259.0000</ele>
      </trkpt>
      <trkpt lat="-41.2549038" lon="-71.4389453">
        <ele>1259.0000</ele>
      </trkpt>
      <trkpt lat="-41.2549333" lon="-71.4389100">
        <ele>1260.0000</ele>
      </trkpt>
      <trkpt lat="-41.2549517" lon="-71.4388722">
        <ele>1261.0000</ele>
      </trkpt>
      <trkpt lat="-41.2549813" lon="-71.4388176">
        <ele>1262.0000</ele>
      </trkpt>
      <trkpt lat="-41.2550042" lon="-71.4387820">
        <ele>1263.0000</ele>
      </trkpt>
      <trkpt lat="-41.2550195" lon="-71.4387556">
        <ele>1264.0000</ele>
      </trkpt>
      <trkpt lat="-41.2550320" lon="-71.4387306">
        <ele>1264.0000</ele>
      </trkpt>
      <trkpt lat="-41.2550489" lon="-71.4386922">
        <ele>1265.0000</ele>
      </trkpt>
      <trkpt lat="-41.2550436" lon="-71.4386595">
        <ele>1266.0000</ele>
      </trkpt>
      <trkpt lat="-41.2550469" lon="-71.4386273">
        <ele>1266.0000</ele>
      </trkpt>
      <trkpt lat="-41.2550511" lon="-71.4385874">
        <ele>1267.0000</ele>
      </trkpt>
      <trkpt lat="-41.2550605" lon="-71.4385546">
        <ele>1268.0000</ele>
      </trkpt>
      <trkpt lat="-41.2550840" lon="-71.4385179">
        <ele>1269.0000</ele>
      </trkpt>
      <trkpt lat="-41.2551204" lon="-71.4384922">
        <ele>1270.0000</ele>
      </trkpt>
      <trkpt lat="-41.2551434" lon="-71.4384797">
        <ele>1271.0000</ele>
      </trkpt>
      <trkpt lat="-41.2551827" lon="-71.4384614">
        <ele>1272.0000</ele>
      </trkpt>
      <trkpt lat="-41.2552157" lon="-71.4384472">
        <ele>1273.0000</ele>
      </trkpt>
      <trkpt lat="-41.2552528" lon="-71.4384387">
        <ele>1275.0000</ele>
      </trkpt>
      <trkpt lat="-41.2552828" lon="-71.4384371">
        <ele>1276.0000</ele>
      </trkpt>
      <trkpt lat="-41.2553165" lon="-71.4384412">
        <ele>1277.0000</ele>
      </trkpt>
      <trkpt lat="-41.2553427" lon="-71.4384258">
        <ele>1278.0000</ele>
      </trkpt>
      <trkpt lat="-41.2553696" lon="-71.4384078">
        <ele>1279.0000</ele>
      </trkpt>
      <trkpt lat="-41.2553962" lon="-71.4383840">
        <ele>1281.0000</ele>
      </trkpt>
      <trkpt lat="-41.2554344" lon="-71.4383715">
        <ele>1283.0000</ele>
      </trkpt>
      <trkpt lat="-41.2554625" lon="-71.4383589">
        <ele>1284.0000</ele>
      </trkpt>
      <trkpt lat="-41.2554792" lon="-71.4383433">
        <ele>1285.0000</ele>
      </trkpt>
      <trkpt lat="-41.2554959" lon="-71.4383277">
        <ele>1286.0000</ele>
      </trkpt>
      <trkpt lat="-41.2555138" lon="-71.4383085">
        <ele>1287.0000</ele>
      </trkpt>
      <trkpt lat="-41.2555641" lon="-71.4382925">
        <ele>1289.0000</ele>
      </trkpt>
      <trkpt lat="-41.2555950" lon="-71.4382907">
        <ele>1290.0000</ele>
      </trkpt>
      <trkpt lat="-41.2556257" lon="-71.4382828">
        <ele>1290.0000</ele>
      </trkpt>
      <trkpt lat="-41.2556653" lon="-71.4382833">
        <ele>1290.0000</ele>
      </trkpt>
      <trkpt lat="-41.2557106" lon="-71.4382871">
        <ele>1291.0000</ele>
      </trkpt>
      <trkpt lat="-41.2557524" lon="-71.4382904">
        <ele>1291.0000</ele>
      </trkpt>
      <trkpt lat="-41.2557936" lon="-71.4383036">
        <ele>1291.0000</ele>
      </trkpt>
      <trkpt lat="-41.2558238" lon="-71.4383127">
        <ele>1291.0000</ele>
      </trkpt>
      <trkpt lat="-41.2558724" lon="-71.4383145">
        <ele>1291.0000</ele>
      </trkpt>
      <trkpt lat="-41.2559022" lon="-71.4383111">
        <ele>1291.0000</ele>
      </trkpt>
      <trkpt lat="-41.2559294" lon="-71.4382947">
        <ele>1291.0000</ele>
      </trkpt>
      <trkpt lat="-41.2559641" lon="-71.4382754">
        <ele>1292.0000</ele>
      </trkpt>
      <trkpt lat="-41.2559874" lon="-71.4382722">
        <ele>1292.0000</ele>
      </trkpt>
      <trkpt lat="-41.2560162" lon="-71.4382748">
        <ele>1292.0000</ele>
      </trkpt>
      <trkpt lat="-41.2560795" lon="-71.4382589">
        <ele>1293.0000</ele>
      </trkpt>
      <trkpt lat="-41.2561384" lon="-71.4382526">
        <ele>1293.0000</ele>
      </trkpt>
      <trkpt lat="-41.2561685" lon="-71.4382319">
        <ele>1294.0000</ele>
      </trkpt>
      <trkpt lat="-41.2562030" lon="-71.4382141">
        <ele>1295.0000</ele>
      </trkpt>
      <trkpt lat="-41.2562331" lon="-71.4381906">
        <ele>1296.0000</ele>
      </trkpt>
      <trkpt lat="-41.2562759" lon="-71.4381590">
        <ele>1297.0000</ele>
      </trkpt>
      <trkpt lat="-41.2563161" lon="-71.4381278">
        <ele>1299.0000</ele>
      </trkpt>
      <trkpt lat="-41.2563558" lon="-71.4380949">
        <ele>1300.0000</ele>
      </trkpt>
      <trkpt lat="-41.2564274" lon="-71.4380484">
        <ele>1302.0000</ele>
      </trkpt>
      <trkpt lat="-41.2564515" lon="-71.4380200">
        <ele>1303.0000</ele>
      </trkpt>
      <trkpt lat="-41.2564806" lon="-71.4379933">
        <ele>1304.0000</ele>
      </trkpt>
      <trkpt lat="-41.2564960" lon="-71.4379736">
        <ele>1304.0000</ele>
      </trkpt>
      <trkpt lat="-41.2565315" lon="-71.4379474">
        <ele>1305.0000</ele>
      </trkpt>
      <trkpt lat="-41.2565764" lon="-71.4379416">
        <ele>1306.0000</ele>
      </trkpt>
      <trkpt lat="-41.2566170" lon="-71.4379412">
        <ele>1306.0000</ele>
      </trkpt>
      <trkpt lat="-41.2566695" lon="-71.4379037">
        <ele>1307.0000</ele>
      </trkpt>
      <trkpt lat="-41.2567090" lon="-71.4378773">
        <ele>1308.0000</ele>
      </trkpt>
      <trkpt lat="-41.2567435" lon="-71.4378537">
        <ele>1308.0000</ele>
      </trkpt>
      <trkpt lat="-41.2567789" lon="-71.4378450">
        <ele>1308.0000</ele>
      </trkpt>
      <trkpt lat="-41.2568410" lon="-71.4378248">
        <ele>1308.0000</ele>
      </trkpt>
      <trkpt lat="-41.2568967" lon="-71.4378123">
        <ele>1308.0000</ele>
      </trkpt>
      <trkpt lat="-41.2569297" lon="-71.4378008">
        <ele>1309.0000</ele>
      </trkpt>
      <trkpt lat="-41.2569642" lon="-71.4377584">
        <ele>1310.0000</ele>
      </trkpt>
      <trkpt lat="-41.2569970" lon="-71.4377194">
        <ele>1312.0000</ele>
      </trkpt>
      <trkpt lat="-41.2570458" lon="-71.4376780">
        <ele>1314.0000</ele>
      </trkpt>
      <trkpt lat="-41.2570989" lon="-71.4376285">
        <ele>1316.0000</ele>
      </trkpt>
      <trkpt lat="-41.2571536" lon="-71.4375857">
        <ele>1317.0000</ele>
      </trkpt>
      <trkpt lat="-41.2571975" lon="-71.4375417">
        <ele>1318.0000</ele>
      </trkpt>
      <trkpt lat="-41.2572608" lon="-71.4375093">
        <ele>1319.0000</ele>
      </trkpt>
      <trkpt lat="-41.2573161" lon="-71.4374626">
        <ele>1321.0000</ele>
      </trkpt>
      <trkpt lat="-41.2573954" lon="-71.4373603">
        <ele>1323.0000</ele>
      </trkpt>
      <trkpt lat="-41.2574470" lon="-71.4372956">
        <ele>1324.0000</ele>
      </trkpt>
      <trkpt lat="-41.2575007" lon="-71.4372127">
        <ele>1325.0000</ele>
      </trkpt>
      <trkpt lat="-41.2575766" lon="-71.4371680">
        <ele>1324.0000</ele>
      </trkpt>
      <trkpt lat="-41.2576562" lon="-71.4371020">
        <ele>1324.0000</ele>
      </trkpt>
      <trkpt lat="-41.2577204" lon="-71.4370332">
        <ele>1323.0000</ele>
      </trkpt>
      <trkpt lat="-41.2577677" lon="-71.4369977">
        <ele>1323.0000</ele>
      </trkpt>
      <trkpt lat="-41.2578231" lon="-71.4369585">
        <ele>1323.0000</ele>
      </trkpt>
      <trkpt lat="-41.2579100" lon="-71.4369120">
        <ele>1322.0000</ele>
      </trkpt>
      <trkpt lat="-41.2579778" lon="-71.4368649">
        <ele>1321.0000</ele>
      </trkpt>
      <trkpt lat="-41.2580577" lon="-71.4367889">
        <ele>1321.0000</ele>
      </trkpt>
      <trkpt lat="-41.2581307" lon="-71.4367200">
        <ele>1322.0000</ele>
      </trkpt>
      <trkpt lat="-41.2581974" lon="-71.4366465">
        <ele>1323.0000</ele>
      </trkpt>
      <trkpt lat="-41.2582763" lon="-71.4365422">
        <ele>1324.0000</ele>
      </trkpt>
      <trkpt lat="-41.2583421" lon="-71.4364428">
        <ele>1325.0000</ele>
      </trkpt>
      <trkpt lat="-41.2583820" lon="-71.4363510">
        <ele>1326.0000</ele>
      </trkpt>
      <trkpt lat="-41.2584243" lon="-71.4362829">
        <ele>1325.0000</ele>
      </trkpt>
      <trkpt lat="-41.2584356" lon="-71.4362115">
        <ele>1325.0000</ele>
      </trkpt>
      <trkpt lat="-41.2584875" lon="-71.4361641">
        <ele>1325.0000</ele>
      </trkpt>
      <trkpt lat="-41.2585075" lon="-71.4361147">
        <ele>1325.0000</ele>
      </trkpt>
      <trkpt lat="-41.2584955" lon="-71.4360426">
        <ele>1325.0000</ele>
      </trkpt>
      <trkpt lat="-41.2584916" lon="-71.4359922">
        <ele>1325.0000</ele>
      </trkpt>
      <trkpt lat="-41.2584501" lon="-71.4359897">
        <ele>1325.0000</ele>
      </trkpt>
      <trkpt lat="-41.2584076" lon="-71.4359315">
        <ele>1325.0000</ele>
      </trkpt>
      <trkpt lat="-41.2583745" lon="-71.4358755">
        <ele>1325.0000</ele>
      </trkpt>
      <trkpt lat="-41.2583514" lon="-71.4358456">
        <ele>1325.0000</ele>
      </trkpt>
      <trkpt lat="-41.2583485" lon="-71.4357669">
        <ele>1326.0000</ele>
      </trkpt>
      <trkpt lat="-41.2583360" lon="-71.4356645">
        <ele>1327.0000</ele>
      </trkpt>
      <trkpt lat="-41.2583373" lon="-71.4356079">
        <ele>1328.0000</ele>
      </trkpt>
      <trkpt lat="-41.2583402" lon="-71.4355417">
        <ele>1329.0000</ele>
      </trkpt>
      <trkpt lat="-41.2583320" lon="-71.4354942">
        <ele>1331.0000</ele>
      </trkpt>
      <trkpt lat="-41.2583224" lon="-71.4354336">
        <ele>1334.0000</ele>
      </trkpt>
      <trkpt lat="-41.2583230" lon="-71.4353740">
        <ele>1336.0000</ele>
      </trkpt>
      <trkpt lat="-41.2582989" lon="-71.4353164">
        <ele>1338.0000</ele>
      </trkpt>
      <trkpt lat="-41.2582602" lon="-71.4352320">
        <ele>1341.0000</ele>
      </trkpt>
      <trkpt lat="-41.2582806" lon="-71.4351688">
        <ele>1344.0000</ele>
      </trkpt>
      <trkpt lat="-41.2582879" lon="-71.4350940">
        <ele>1347.0000</ele>
      </trkpt>
      <trkpt lat="-41.2582927" lon="-71.4349987">
        <ele>1351.0000</ele>
      </trkpt>
      <trkpt lat="-41.2582988" lon="-71.4349398">
        <ele>1354.0000</ele>
      </trkpt>
      <trkpt lat="-41.2583053" lon="-71.4348408">
        <ele>1358.0000</ele>
      </trkpt>
      <trkpt lat="-41.2583283" lon="-71.4347589">
        <ele>1362.0000</ele>
      </trkpt>
      <trkpt lat="-41.2583467" lon="-71.4346752">
        <ele>1366.0000</ele>
      </trkpt>
      <trkpt lat="-41.2583212" lon="-71.4346297">
        <ele>1368.0000</ele>
      </trkpt>
      <trkpt lat="-41.2583115" lon="-71.4345930">
        <ele>1370.0000</ele>
      </trkpt>
      <trkpt lat="-41.2582714" lon="-71.4345779">
        <ele>1370.0000</ele>
      </trkpt>
      <trkpt lat="-41.2582414" lon="-71.4345651">
        <ele>1370.0000</ele>
      </trkpt>
      <trkpt lat="-41.2582001" lon="-71.4345439">
        <ele>1370.0000</ele>
      </trkpt>
      <trkpt lat="-41.2581743" lon="-71.4345379">
        <ele>1370.0000</ele>
      </trkpt>
      <trkpt lat="-41.2581307" lon="-71.4345190">
        <ele>1371.0000</ele>
      </trkpt>
      <trkpt lat="-41.2581146" lon="-71.4344620">
        <ele>1373.0000</ele>
      </trkpt>
      <trkpt lat="-41.2581010" lon="-71.4344103">
        <ele>1376.0000</ele>
      </trkpt>
      <trkpt lat="-41.2580852" lon="-71.4343416">
        <ele>1379.0000</ele>
      </trkpt>
      <trkpt lat="-41.2580431" lon="-71.4343255">
        <ele>1379.0000</ele>
      </trkpt>
      <trkpt lat="-41.2579987" lon="-71.4342931">
        <ele>1379.0000</ele>
      </trkpt>
      <trkpt lat="-41.2579618" lon="-71.4342750">
        <ele>1378.0000</ele>
      </trkpt>
      <trkpt lat="-41.2579490" lon="-71.4342050">
        <ele>1382.0000</ele>
      </trkpt>
      <trkpt lat="-41.2579399" lon="-71.4341063">
        <ele>1386.0000</ele>
      </trkpt>
      <trkpt lat="-41.2579328" lon="-71.4340300">
        <ele>1389.0000</ele>
      </trkpt>
      <trkpt lat="-41.2579124" lon="-71.4339453">
        <ele>1392.0000</ele>
      </trkpt>
      <trkpt lat="-41.2578879" lon="-71.4338958">
        <ele>1393.0000</ele>
      </trkpt>
      <trkpt lat="-41.2578525" lon="-71.4338259">
        <ele>1395.0000</ele>
      </trkpt>
      <trkpt lat="-41.2578273" lon="-71.4337916">
        <ele>1395.0000</ele>
      </trkpt>
      <trkpt lat="-41.2578105" lon="-71.4337587">
        <ele>1396.0000</ele>
      </trkpt>
      <trkpt lat="-41.2577855" lon="-71.4337202">
        <ele>1396.0000</ele>
      </trkpt>
      <trkpt lat="-41.2577917" lon="-71.4336302">
        <ele>1399.0000</ele>
      </trkpt>
      <trkpt lat="-41.2577885" lon="-71.4334987">
        <ele>1402.0000</ele>
      </trkpt>
      <trkpt lat="-41.2577802" lon="-71.4334099">
        <ele>1404.0000</ele>
      </trkpt>
      <trkpt lat="-41.2577476" lon="-71.4333475">
        <ele>1404.0000</ele>
      </trkpt>
      <trkpt lat="-41.2577242" lon="-71.4332710">
        <ele>1405.0000</ele>
      </trkpt>
      <trkpt lat="-41.2576870" lon="-71.4331983">
        <ele>1405.0000</ele>
      </trkpt>
      <trkpt lat="-41.2577217" lon="-71.4330796">
        <ele>1408.0000</ele>
      </trkpt>
      <trkpt lat="-41.2577482" lon="-71.4329828">
        <ele>1411.0000</ele>
      </trkpt>
      <trkpt lat="-41.2577892" lon="-71.4329479">
        <ele>1413.0000</ele>
      </trkpt>
      <trkpt lat="-41.2578191" lon="-71.4329341">
        <ele>1414.0000</ele>
      </trkpt>
      <trkpt lat="-41.2578036" lon="-71.4328674">
        <ele>1415.0000</ele>
      </trkpt>
      <trkpt lat="-41.2578041" lon="-71.4327838">
        <ele>1417.0000</ele>
      </trkpt>
      <trkpt lat="-41.2578071" lon="-71.4326873">
        <ele>1419.0000</ele>
      </trkpt>
      <trkpt lat="-41.2578405" lon="-71.4325853">
        <ele>1422.0000</ele>
      </trkpt>
      <trkpt lat="-41.2578534" lon="-71.4325149">
        <ele>1424.0000</ele>
      </trkpt>
      <trkpt lat="-41.2578577" lon="-71.4324257">
        <ele>1426.0000</ele>
      </trkpt>
      <trkpt lat="-41.2579024" lon="-71.4323778">
        <ele>1428.0000</ele>
      </trkpt>
      <trkpt lat="-41.2579208" lon="-71.4323345">
        <ele>1429.0000</ele>
      </trkpt>
      <trkpt lat="-41.2579533" lon="-71.4322626">
        <ele>1431.0000</ele>
      </trkpt>
      <trkpt lat="-41.2580089" lon="-71.4322537">
        <ele>1433.0000</ele>
      </trkpt>
      <trkpt lat="-41.2580702" lon="-71.4322898">
        <ele>1434.0000</ele>
      </trkpt>
      <trkpt lat="-41.2581390" lon="-71.4323335">
        <ele>1434.0000</ele>
      </trkpt>
      <trkpt lat="-41.2582024" lon="-71.4323938">
        <ele>1434.0000</ele>
      </trkpt>
      <trkpt lat="-41.2582766" lon="-71.4324261">
        <ele>1436.0000</ele>
      </trkpt>
      <trkpt lat="-41.2583469" lon="-71.4324573">
        <ele>1436.0000</ele>
      </trkpt>
      <trkpt lat="-41.2584094" lon="-71.4324718">
        <ele>1438.0000</ele>
      </trkpt>
      <trkpt lat="-41.2585007" lon="-71.4324720">
        <ele>1441.0000</ele>
      </trkpt>
      <trkpt lat="-41.2585609" lon="-71.4324740">
        <ele>1443.0000</ele>
      </trkpt>
      <trkpt lat="-41.2586397" lon="-71.4324558">
        <ele>1447.0000</ele>
      </trkpt>
      <trkpt lat="-41.2587047" lon="-71.4324369">
        <ele>1449.0000</ele>
      </trkpt>
      <trkpt lat="-41.2588051" lon="-71.4323909">
        <ele>1454.0000</ele>
      </trkpt>
      <trkpt lat="-41.2588755" lon="-71.4323426">
        <ele>1457.0000</ele>
      </trkpt>
      <trkpt lat="-41.2589443" lon="-71.4322839">
        <ele>1461.0000</ele>
      </trkpt>
      <trkpt lat="-41.2589796" lon="-71.4322280">
        <ele>1464.0000</ele>
      </trkpt>
      <trkpt lat="-41.2590548" lon="-71.4322276">
        <ele>1468.0000</ele>
      </trkpt>
      <trkpt lat="-41.2591611" lon="-71.4321981">
        <ele>1474.0000</ele>
      </trkpt>
      <trkpt lat="-41.2592370" lon="-71.4321697">
        <ele>1476.0000</ele>
      </trkpt>
      <trkpt lat="-41.2593039" lon="-71.4321000">
        <ele>1479.0000</ele>
      </trkpt>
      <trkpt lat="-41.2593766" lon="-71.4320669">
        <ele>1481.0000</ele>
      </trkpt>
      <trkpt lat="-41.2594678" lon="-71.4320275">
        <ele>1482.0000</ele>
      </trkpt>
      <trkpt lat="-41.2595452" lon="-71.4320240">
        <ele>1481.0000</ele>
      </trkpt>
      <trkpt lat="-41.2596099" lon="-71.4320309">
        <ele>1480.0000</ele>
      </trkpt>
      <trkpt lat="-41.2596816" lon="-71.4319760">
        <ele>1480.0000</ele>
      </trkpt>
      <trkpt lat="-41.2597324" lon="-71.4319427">
        <ele>1479.0000</ele>
      </trkpt>
      <trkpt lat="-41.2597745" lon="-71.4318920">
        <ele>1481.0000</ele>
      </trkpt>
      <trkpt lat="-41.2597626" lon="-71.4318509">
        <ele>1483.0000</ele>
      </trkpt>
      <trkpt lat="-41.2597320" lon="-71.4318019">
        <ele>1486.0000</ele>
      </trkpt>
      <trkpt lat="-41.2597232" lon="-71.4317999">
        <ele>1486.0000</ele>
      </trkpt>
      <trkpt lat="-41.2596716" lon="-71.4317636">
        <ele>1488.0000</ele>
      </trkpt>
      <trkpt lat="-41.2596696" lon="-71.4317571">
        <ele>1488.0000</ele>
      </trkpt>
      <trkpt lat="-41.2596540" lon="-71.4317381">
        <ele>1489.0000</ele>
      </trkpt>
      <trkpt lat="-41.2596312" lon="-71.4316799">
        <ele>1491.0000</ele>
      </trkpt>
      <trkpt lat="-41.2596849" lon="-71.4316479">
        <ele>1493.0000</ele>
      </trkpt>
      <trkpt lat="-41.2596994" lon="-71.4315995">
        <ele>1495.0000</ele>
      </trkpt>
      <trkpt lat="-41.2597626" lon="-71.4315945">
        <ele>1495.0000</ele>
      </trkpt>
      <trkpt lat="-41.2597843" lon="-71.4315863">
        <ele>1495.0000</ele>
      </trkpt>
      <trkpt lat="-41.2597814" lon="-71.4315294">
        <ele>1499.0000</ele>
      </trkpt>
      <trkpt lat="-41.2597703" lon="-71.4314823">
        <ele>1501.0000</ele>
      </trkpt>
      <trkpt lat="-41.2597573" lon="-71.4314407">
        <ele>1504.0000</ele>
      </trkpt>
      <trkpt lat="-41.2597448" lon="-71.4314008">
        <ele>1506.0000</ele>
      </trkpt>
      <trkpt lat="-41.2597271" lon="-71.4313615">
        <ele>1509.0000</ele>
      </trkpt>
      <trkpt lat="-41.2597088" lon="-71.4313044">
        <ele>1510.0000</ele>
      </trkpt>
      <trkpt lat="-41.2596941" lon="-71.4312742">
        <ele>1511.0000</ele>
      </trkpt>
      <trkpt lat="-41.2596495" lon="-71.4312341">
        <ele>1512.0000</ele>
      </trkpt>
      <trkpt lat="-41.2596098" lon="-71.4312049">
        <ele>1513.0000</ele>
      </trkpt>
      <trkpt lat="-41.2595819" lon="-71.4311782">
        <ele>1514.0000</ele>
      </trkpt>
      <trkpt lat="-41.2595390" lon="-71.4311606">
        <ele>1514.0000</ele>
      </trkpt>
      <trkpt lat="-41.2595538" lon="-71.4310890">
        <ele>1517.0000</ele>
      </trkpt>
      <trkpt lat="-41.2595733" lon="-71.4310267">
        <ele>1519.0000</ele>
      </trkpt>
      <trkpt lat="-41.2596168" lon="-71.4309792">
        <ele>1522.0000</ele>
      </trkpt>
      <trkpt lat="-41.2596265" lon="-71.4309422">
        <ele>1523.0000</ele>
      </trkpt>
      <trkpt lat="-41.2596328" lon="-71.4309210">
        <ele>1524.0000</ele>
      </trkpt>
      <trkpt lat="-41.2596907" lon="-71.4308999">
        <ele>1526.0000</ele>
      </trkpt>
      <trkpt lat="-41.2597356" lon="-71.4309074">
        <ele>1527.0000</ele>
      </trkpt>
      <trkpt lat="-41.2598196" lon="-71.4308977">
        <ele>1529.0000</ele>
      </trkpt>
      <trkpt lat="-41.2598707" lon="-71.4308771">
        <ele>1531.0000</ele>
      </trkpt>
      <trkpt lat="-41.2599115" lon="-71.4308506">
        <ele>1533.0000</ele>
      </trkpt>
      <trkpt lat="-41.2599434" lon="-71.4308760">
        <ele>1533.0000</ele>
      </trkpt>
      <trkpt lat="-41.2599468" lon="-71.4308768">
        <ele>1533.0000</ele>
      </trkpt>
      <trkpt lat="-41.2600059" lon="-71.4308815">
        <ele>1534.0000</ele>
      </trkpt>
      <trkpt lat="-41.2600361" lon="-71.4308704">
        <ele>1534.0000</ele>
      </trkpt>
      <trkpt lat="-41.2600834" lon="-71.4308179">
        <ele>1535.0000</ele>
      </trkpt>
      <trkpt lat="-41.2601278" lon="-71.4307510">
        <ele>1537.0000</ele>
      </trkpt>
      <trkpt lat="-41.2601667" lon="-71.4306773">
        <ele>1539.0000</ele>
      </trkpt>
      <trkpt lat="-41.2602050" lon="-71.4306030">
        <ele>1542.0000</ele>
      </trkpt>
      <trkpt lat="-41.2602485" lon="-71.4305240">
        <ele>1544.0000</ele>
      </trkpt>
      <trkpt lat="-41.2602566" lon="-71.4304758">
        <ele>1545.0000</ele>
      </trkpt>
      <trkpt lat="-41.2602476" lon="-71.4303965">
        <ele>1547.0000</ele>
      </trkpt>
      <trkpt lat="-41.2602632" lon="-71.4303443">
        <ele>1549.0000</ele>
      </trkpt>
      <trkpt lat="-41.2602596" lon="-71.4302984">
        <ele>1550.0000</ele>
      </trkpt>
      <trkpt lat="-41.2602284" lon="-71.4302757">
        <ele>1551.0000</ele>
      </trkpt>
      <trkpt lat="-41.2602034" lon="-71.4302756">
        <ele>1551.0000</ele>
      </trkpt>
      <trkpt lat="-41.2601918" lon="-71.4302441">
        <ele>1553.0000</ele>
      </trkpt>
      <trkpt lat="-41.2602015" lon="-71.4302054">
        <ele>1554.0000</ele>
      </trkpt>
      <trkpt lat="-41.2601944" lon="-71.4301699">
        <ele>1555.0000</ele>
      </trkpt>
      <trkpt lat="-41.2601797" lon="-71.4301299">
        <ele>1557.0000</ele>
      </trkpt>
      <trkpt lat="-41.2601680" lon="-71.4301004">
        <ele>1558.0000</ele>
      </trkpt>
      <trkpt lat="-41.2601475" lon="-71.4300580">
        <ele>1560.0000</ele>
      </trkpt>
      <trkpt lat="-41.2601325" lon="-71.4299987">
        <ele>1562.0000</ele>
      </trkpt>
      <trkpt lat="-41.2601253" lon="-71.4299619">
        <ele>1564.0000</ele>
      </trkpt>
      <trkpt lat="-41.2601237" lon="-71.4299167">
        <ele>1566.0000</ele>
      </trkpt>
      <trkpt lat="-41.2601093" lon="-71.4298443">
        <ele>1569.0000</ele>
      </trkpt>
      <trkpt lat="-41.2600652" lon="-71.4298318">
        <ele>1571.0000</ele>
      </trkpt>
      <trkpt lat="-41.2600081" lon="-71.4298091">
        <ele>1573.0000</ele>
      </trkpt>
      <trkpt lat="-41.2600216" lon="-71.4297671">
        <ele>1575.0000</ele>
      </trkpt>
      <trkpt lat="-41.2600437" lon="-71.4297087">
        <ele>1576.0000</ele>
      </trkpt>
      <trkpt lat="-41.2600502" lon="-71.4296371">
        <ele>1579.0000</ele>
      </trkpt>
      <trkpt lat="-41.2600626" lon="-71.4295458">
        <ele>1581.0000</ele>
      </trkpt>
      <trkpt lat="-41.2600738" lon="-71.4294481">
        <ele>1584.0000</ele>
      </trkpt>
      <trkpt lat="-41.2600593" lon="-71.4293891">
        <ele>1587.0000</ele>
      </trkpt>
      <trkpt lat="-41.2600698" lon="-71.4293281">
        <ele>1588.0000</ele>
      </trkpt>
      <trkpt lat="-41.2600858" lon="-71.4292390">
        <ele>1590.0000</ele>
      </trkpt>
      <trkpt lat="-41.2600906" lon="-71.4291888">
        <ele>1591.0000</ele>
      </trkpt>
      <trkpt lat="-41.2600849" lon="-71.4291236">
        <ele>1594.0000</ele>
      </trkpt>
      <trkpt lat="-41.2600760" lon="-71.4290877">
        <ele>1595.0000</ele>
      </trkpt>
      <trkpt lat="-41.2600620" lon="-71.4290245">
        <ele>1597.0000</ele>
      </trkpt>
      <trkpt lat="-41.2600304" lon="-71.4289458">
        <ele>1599.0000</ele>
      </trkpt>
      <trkpt lat="-41.2600330" lon="-71.4288900">
        <ele>1601.0000</ele>
      </trkpt>
      <trkpt lat="-41.2600582" lon="-71.4288095">
        <ele>1603.0000</ele>
      </trkpt>
      <trkpt lat="-41.2600813" lon="-71.4287599">
        <ele>1605.0000</ele>
      </trkpt>
      <trkpt lat="-41.2601022" lon="-71.4286864">
        <ele>1607.0000</ele>
      </trkpt>
      <trkpt lat="-41.2601190" lon="-71.4286530">
        <ele>1608.0000</ele>
      </trkpt>
      <trkpt lat="-41.2601620" lon="-71.4285925">
        <ele>1609.0000</ele>
      </trkpt>
      <trkpt lat="-41.2602221" lon="-71.4285559">
        <ele>1609.0000</ele>
      </trkpt>
      <trkpt lat="-41.2602837" lon="-71.4285023">
        <ele>1610.0000</ele>
      </trkpt>
      <trkpt lat="-41.2603405" lon="-71.4284524">
        <ele>1609.0000</ele>
      </trkpt>
      <trkpt lat="-41.2603442" lon="-71.4284485">
        <ele>1609.0000</ele>
      </trkpt>
      <trkpt lat="-41.2603910" lon="-71.4283892">
        <ele>1609.0000</ele>
      </trkpt>
      <trkpt lat="-41.2604636" lon="-71.4283285">
        <ele>1608.0000</ele>
      </trkpt>
      <trkpt lat="-41.2604930" lon="-71.4282915">
        <ele>1609.0000</ele>
      </trkpt>
      <trkpt lat="-41.2605377" lon="-71.4282225">
        <ele>1610.0000</ele>
      </trkpt>
      <trkpt lat="-41.2605948" lon="-71.4281802">
        <ele>1610.0000</ele>
      </trkpt>
      <trkpt lat="-41.2606699" lon="-71.4281448">
        <ele>1609.0000</ele>
      </trkpt>
      <trkpt lat="-41.2607529" lon="-71.4281167">
        <ele>1607.0000</ele>
      </trkpt>
      <trkpt lat="-41.2608205" lon="-71.4281301">
        <ele>1604.0000</ele>
      </trkpt>
      <trkpt lat="-41.2608882" lon="-71.4281435">
        <ele>1603.0000</ele>
      </trkpt>
      <trkpt lat="-41.2609339" lon="-71.4281381">
        <ele>1604.0000</ele>
      </trkpt>
      <trkpt lat="-41.2610025" lon="-71.4281355">
        <ele>1604.0000</ele>
      </trkpt>
      <trkpt lat="-41.2610335" lon="-71.4281075">
        <ele>1605.0000</ele>
      </trkpt>
      <trkpt lat="-41.2610368" lon="-71.4281059">
        <ele>1605.0000</ele>
      </trkpt>
      <trkpt lat="-41.2610859" lon="-71.4280597">
        <ele>1606.0000</ele>
      </trkpt>
      <trkpt lat="-41.2611589" lon="-71.4280619">
        <ele>1607.0000</ele>
      </trkpt>
      <trkpt lat="-41.2612284" lon="-71.4280732">
        <ele>1607.0000</ele>
      </trkpt>
      <trkpt lat="-41.2612931" lon="-71.4280857">
        <ele>1607.0000</ele>
      </trkpt>
      <trkpt lat="-41.2613975" lon="-71.4280800">
        <ele>1609.0000</ele>
      </trkpt>
      <trkpt lat="-41.2614634" lon="-71.4280362">
        <ele>1611.0000</ele>
      </trkpt>
      <trkpt lat="-41.2615090" lon="-71.4280282">
        <ele>1612.0000</ele>
      </trkpt>
      <trkpt lat="-41.2615626" lon="-71.4280196">
        <ele>1613.0000</ele>
      </trkpt>
      <trkpt lat="-41.2616271" lon="-71.4280275">
        <ele>1614.0000</ele>
      </trkpt>
      <trkpt lat="-41.2616650" lon="-71.4280410">
        <ele>1614.0000</ele>
      </trkpt>
      <trkpt lat="-41.2617126" lon="-71.4280307">
        <ele>1613.0000</ele>
      </trkpt>
      <trkpt lat="-41.2618079" lon="-71.4280337">
        <ele>1612.0000</ele>
      </trkpt>
      <trkpt lat="-41.2618650" lon="-71.4280565">
        <ele>1610.0000</ele>
      </trkpt>
      <trkpt lat="-41.2619229" lon="-71.4281008">
        <ele>1607.0000</ele>
      </trkpt>
      <trkpt lat="-41.2619985" lon="-71.4281112">
        <ele>1605.0000</ele>
      </trkpt>
      <trkpt lat="-41.2621045" lon="-71.4281097">
        <ele>1604.0000</ele>
      </trkpt>
      <trkpt lat="-41.2621768" lon="-71.4281241">
        <ele>1602.0000</ele>
      </trkpt>
      <trkpt lat="-41.2622416" lon="-71.4281534">
        <ele>1600.0000</ele>
      </trkpt>
      <trkpt lat="-41.2622951" lon="-71.4281942">
        <ele>1599.0000</ele>
      </trkpt>
      <trkpt lat="-41.2623341" lon="-71.4282427">
        <ele>1596.0000</ele>
      </trkpt>
      <trkpt lat="-41.2623563" lon="-71.4282525">
        <ele>1596.0000</ele>
      </trkpt>
      <trkpt lat="-41.2623932" lon="-71.4282518">
        <ele>1596.0000</ele>
      </trkpt>
      <trkpt lat="-41.2624509" lon="-71.4282513">
        <ele>1596.0000</ele>
      </trkpt>
      <trkpt lat="-41.2624837" lon="-71.4282751">
        <ele>1595.0000</ele>
      </trkpt>
      <trkpt lat="-41.2625745" lon="-71.4283008">
        <ele>1596.0000</ele>
      </trkpt>
      <trkpt lat="-41.2626558" lon="-71.4283196">
        <ele>1597.0000</ele>
      </trkpt>
      <trkpt lat="-41.2627218" lon="-71.4283303">
        <ele>1598.0000</ele>
      </trkpt>
      <trkpt lat="-41.2627582" lon="-71.4283272">
        <ele>1599.0000</ele>
      </trkpt>
      <trkpt lat="-41.2628298" lon="-71.4282979">
        <ele>1601.0000</ele>
      </trkpt>
      <trkpt lat="-41.2628734" lon="-71.4282833">
        <ele>1601.0000</ele>
      </trkpt>
      <trkpt lat="-41.2629110" lon="-71.4282581">
        <ele>1602.0000</ele>
      </trkpt>
      <trkpt lat="-41.2629452" lon="-71.4282332">
        <ele>1603.0000</ele>
      </trkpt>
      <trkpt lat="-41.2629382" lon="-71.4282020">
        <ele>1605.0000</ele>
      </trkpt>
      <trkpt lat="-41.2629184" lon="-71.4281501">
        <ele>1608.0000</ele>
      </trkpt>
      <trkpt lat="-41.2629372" lon="-71.4280783">
        <ele>1611.0000</ele>
      </trkpt>
      <trkpt lat="-41.2629823" lon="-71.4279759">
        <ele>1615.0000</ele>
      </trkpt>
      <trkpt lat="-41.2630156" lon="-71.4279236">
        <ele>1616.0000</ele>
      </trkpt>
      <trkpt lat="-41.2630844" lon="-71.4278346">
        <ele>1619.0000</ele>
      </trkpt>
      <trkpt lat="-41.2631120" lon="-71.4277829">
        <ele>1621.0000</ele>
      </trkpt>
      <trkpt lat="-41.2631492" lon="-71.4277535">
        <ele>1621.0000</ele>
      </trkpt>
      <trkpt lat="-41.2631842" lon="-71.4277568">
        <ele>1621.0000</ele>
      </trkpt>
      <trkpt lat="-41.2632193" lon="-71.4277442">
        <ele>1621.0000</ele>
      </trkpt>
      <trkpt lat="-41.2632762" lon="-71.4277085">
        <ele>1623.0000</ele>
      </trkpt>
      <trkpt lat="-41.2633282" lon="-71.4276835">
        <ele>1624.0000</ele>
      </trkpt>
      <trkpt lat="-41.2633960" lon="-71.4276616">
        <ele>1624.0000</ele>
      </trkpt>
      <trkpt lat="-41.2634573" lon="-71.4276556">
        <ele>1623.0000</ele>
      </trkpt>
      <trkpt lat="-41.2634977" lon="-71.4276422">
        <ele>1624.0000</ele>
      </trkpt>
      <trkpt lat="-41.2635037" lon="-71.4276413">
        <ele>1624.0000</ele>
      </trkpt>
      <trkpt lat="-41.2635327" lon="-71.4276228">
        <ele>1624.0000</ele>
      </trkpt>
      <trkpt lat="-41.2635387" lon="-71.4276219">
        <ele>1624.0000</ele>
      </trkpt>
      <trkpt lat="-41.2635884" lon="-71.4275865">
        <ele>1625.0000</ele>
      </trkpt>
      <trkpt lat="-41.2636445" lon="-71.4275588">
        <ele>1626.0000</ele>
      </trkpt>
      <trkpt lat="-41.2637227" lon="-71.4275141">
        <ele>1628.0000</ele>
      </trkpt>
      <trkpt lat="-41.2638111" lon="-71.4274685">
        <ele>1630.0000</ele>
      </trkpt>
      <trkpt lat="-41.2638869" lon="-71.4274384">
        <ele>1631.0000</ele>
      </trkpt>
      <trkpt lat="-41.2639589" lon="-71.4274181">
        <ele>1633.0000</ele>
      </trkpt>
      <trkpt lat="-41.2640300" lon="-71.4273778">
        <ele>1636.0000</ele>
      </trkpt>
      <trkpt lat="-41.2640674" lon="-71.4273501">
        <ele>1638.0000</ele>
      </trkpt>
      <trkpt lat="-41.2641557" lon="-71.4272910">
        <ele>1641.0000</ele>
      </trkpt>
      <trkpt lat="-41.2642306" lon="-71.4272737">
        <ele>1641.0000</ele>
      </trkpt>
      <trkpt lat="-41.2642824" lon="-71.4272515">
        <ele>1641.0000</ele>
      </trkpt>
      <trkpt lat="-41.2643679" lon="-71.4272458">
        <ele>1640.0000</ele>
      </trkpt>
      <trkpt lat="-41.2644160" lon="-71.4272405">
        <ele>1639.0000</ele>
      </trkpt>
      <trkpt lat="-41.2644561" lon="-71.4272333">
        <ele>1639.0000</ele>
      </trkpt>
      <trkpt lat="-41.2644854" lon="-71.4271873">
        <ele>1639.0000</ele>
      </trkpt>
      <trkpt lat="-41.2644971" lon="-71.4271409">
        <ele>1640.0000</ele>
      </trkpt>
      <trkpt lat="-41.2644806" lon="-71.4270969">
        <ele>1641.0000</ele>
      </trkpt>
      <trkpt lat="-41.2644725" lon="-71.4270670">
        <ele>1642.0000</ele>
      </trkpt>
      <trkpt lat="-41.2644925" lon="-71.4270354">
        <ele>1642.0000</ele>
      </trkpt>
      <trkpt lat="-41.2645047" lon="-71.4269854">
        <ele>1643.0000</ele>
      </trkpt>
      <trkpt lat="-41.2644856" lon="-71.4269083">
        <ele>1645.0000</ele>
      </trkpt>
      <trkpt lat="-41.2644482" lon="-71.4268656">
        <ele>1647.0000</ele>
      </trkpt>
      <trkpt lat="-41.2644277" lon="-71.4268285">
        <ele>1648.0000</ele>
      </trkpt>
      <trkpt lat="-41.2644145" lon="-71.4267689">
        <ele>1650.0000</ele>
      </trkpt>
      <trkpt lat="-41.2644084" lon="-71.4267289">
        <ele>1652.0000</ele>
      </trkpt>
      <trkpt lat="-41.2644023" lon="-71.4266808">
        <ele>1653.0000</ele>
      </trkpt>
      <trkpt lat="-41.2643751" lon="-71.4266595">
        <ele>1654.0000</ele>
      </trkpt>
      <trkpt lat="-41.2643435" lon="-71.4266446">
        <ele>1656.0000</ele>
      </trkpt>
      <trkpt lat="-41.2643603" lon="-71.4265666">
        <ele>1658.0000</ele>
      </trkpt>
      <trkpt lat="-41.2643797" lon="-71.4265156">
        <ele>1660.0000</ele>
      </trkpt>
      <trkpt lat="-41.2644019" lon="-71.4264398">
        <ele>1663.0000</ele>
      </trkpt>
      <trkpt lat="-41.2643817" lon="-71.4263860">
        <ele>1665.0000</ele>
      </trkpt>
      <trkpt lat="-41.2643862" lon="-71.4263275">
        <ele>1667.0000</ele>
      </trkpt>
      <trkpt lat="-41.2643973" lon="-71.4262495">
        <ele>1670.0000</ele>
      </trkpt>
      <trkpt lat="-41.2643826" lon="-71.4262052">
        <ele>1671.0000</ele>
      </trkpt>
      <trkpt lat="-41.2643718" lon="-71.4261573">
        <ele>1673.0000</ele>
      </trkpt>
      <trkpt lat="-41.2643408" lon="-71.4260889">
        <ele>1676.0000</ele>
      </trkpt>
      <trkpt lat="-41.2643122" lon="-71.4260344">
        <ele>1678.0000</ele>
      </trkpt>
      <trkpt lat="-41.2642894" lon="-71.4259605">
        <ele>1681.0000</ele>
      </trkpt>
      <trkpt lat="-41.2642714" lon="-71.4259046">
        <ele>1684.0000</ele>
      </trkpt>
      <trkpt lat="-41.2642459" lon="-71.4258355">
        <ele>1687.0000</ele>
      </trkpt>
      <trkpt lat="-41.2642118" lon="-71.4257614">
        <ele>1689.0000</ele>
      </trkpt>
      <trkpt lat="-41.2642135" lon="-71.4256952">
        <ele>1690.0000</ele>
      </trkpt>
      <trkpt lat="-41.2642109" lon="-71.4256591">
        <ele>1690.0000</ele>
      </trkpt>
      <trkpt lat="-41.2642466" lon="-71.4255969">
        <ele>1691.0000</ele>
      </trkpt>
      <trkpt lat="-41.2642830" lon="-71.4255513">
        <ele>1691.0000</ele>
      </trkpt>
      <trkpt lat="-41.2643306" lon="-71.4255113">
        <ele>1691.0000</ele>
      </trkpt>
      <trkpt lat="-41.2643584" lon="-71.4254725">
        <ele>1692.0000</ele>
      </trkpt>
      <trkpt lat="-41.2644048" lon="-71.4254204">
        <ele>1692.0000</ele>
      </trkpt>
      <trkpt lat="-41.2643947" lon="-71.4253141">
        <ele>1694.0000</ele>
      </trkpt>
      <trkpt lat="-41.2643621" lon="-71.4252657">
        <ele>1695.0000</ele>
      </trkpt>
      <trkpt lat="-41.2643413" lon="-71.4251646">
        <ele>1697.0000</ele>
      </trkpt>
      <trkpt lat="-41.2643142" lon="-71.4250681">
        <ele>1700.0000</ele>
      </trkpt>
      <trkpt lat="-41.2642821" lon="-71.4249825">
        <ele>1702.0000</ele>
      </trkpt>
      <trkpt lat="-41.2642481" lon="-71.4248893">
        <ele>1704.0000</ele>
      </trkpt>
      <trkpt lat="-41.2642149" lon="-71.4248006">
        <ele>1707.0000</ele>
      </trkpt>
      <trkpt lat="-41.2642017" lon="-71.4247119">
        <ele>1709.0000</ele>
      </trkpt>
      <trkpt lat="-41.2641704" lon="-71.4246108">
        <ele>1712.0000</ele>
      </trkpt>
      <trkpt lat="-41.2641426" lon="-71.4244705">
        <ele>1716.0000</ele>
      </trkpt>
      <trkpt lat="-41.2641240" lon="-71.4244019">
        <ele>1718.0000</ele>
      </trkpt>
      <trkpt lat="-41.2640850" lon="-71.4243026">
        <ele>1722.0000</ele>
      </trkpt>
      <trkpt lat="-41.2640467" lon="-71.4241963">
        <ele>1726.0000</ele>
      </trkpt>
      <trkpt lat="-41.2640336" lon="-71.4240733">
        <ele>1730.0000</ele>
      </trkpt>
      <trkpt lat="-41.2639847" lon="-71.4239693">
        <ele>1733.0000</ele>
      </trkpt>
      <trkpt lat="-41.2639510" lon="-71.4238732">
        <ele>1737.0000</ele>
      </trkpt>
      <trkpt lat="-41.2639433" lon="-71.4237614">
        <ele>1741.0000</ele>
      </trkpt>
      <trkpt lat="-41.2639378" lon="-71.4236233">
        <ele>1745.0000</ele>
      </trkpt>
      <trkpt lat="-41.2639341" lon="-71.4234976">
        <ele>1749.0000</ele>
      </trkpt>
      <trkpt lat="-41.2639374" lon="-71.4233670">
        <ele>1754.0000</ele>
      </trkpt>
      <trkpt lat="-41.2639315" lon="-71.4232655">
        <ele>1758.0000</ele>
      </trkpt>
      <trkpt lat="-41.2639255" lon="-71.4231616">
        <ele>1763.0000</ele>
      </trkpt>
      <trkpt lat="-41.2639312" lon="-71.4230510">
        <ele>1767.0000</ele>
      </trkpt>
      <trkpt lat="-41.2639344" lon="-71.4229478">
        <ele>1771.0000</ele>
      </trkpt>
      <trkpt lat="-41.2639174" lon="-71.4228360">
        <ele>1775.0000</ele>
      </trkpt>
      <trkpt lat="-41.2639292" lon="-71.4226521">
        <ele>1781.0000</ele>
      </trkpt>
      <trkpt lat="-41.2639242" lon="-71.4225280">
        <ele>1785.0000</ele>
      </trkpt>
      <trkpt lat="-41.2639238" lon="-71.4223969">
        <ele>1789.0000</ele>
      </trkpt>
      <trkpt lat="-41.2639428" lon="-71.4222607">
        <ele>1792.0000</ele>
      </trkpt>
      <trkpt lat="-41.2639858" lon="-71.4220424">
        <ele>1797.0000</ele>
      </trkpt>
      <trkpt lat="-41.2639752" lon="-71.4218609">
        <ele>1805.0000</ele>
      </trkpt>
      <trkpt lat="-41.2639638" lon="-71.4217260">
        <ele>1812.0000</ele>
      </trkpt>
      <trkpt lat="-41.2639524" lon="-71.4216036">
        <ele>1818.0000</ele>
      </trkpt>
      <trkpt lat="-41.2639268" lon="-71.4214854">
        <ele>1824.0000</ele>
      </trkpt>
      <trkpt lat="-41.2638551" lon="-71.4213516">
        <ele>1833.0000</ele>
      </trkpt>
      <trkpt lat="-41.2638510" lon="-71.4213437">
        <ele>1833.0000</ele>
      </trkpt>
      <trkpt lat="-41.2637913" lon="-71.4212256">
        <ele>1839.0000</ele>
      </trkpt>
      <trkpt lat="-41.2637331" lon="-71.4211179">
        <ele>1844.0000</ele>
      </trkpt>
      <trkpt lat="-41.2636928" lon="-71.4210369">
        <ele>1847.0000</ele>
      </trkpt>
      <trkpt lat="-41.2636483" lon="-71.4209119">
        <ele>1852.0000</ele>
      </trkpt>
      <trkpt lat="-41.2636130" lon="-71.4208199">
        <ele>1855.0000</ele>
      </trkpt>
      <trkpt lat="-41.2635725" lon="-71.4207175">
        <ele>1858.0000</ele>
      </trkpt>
      <trkpt lat="-41.2635031" lon="-71.4206084">
        <ele>1862.0000</ele>
      </trkpt>
      <trkpt lat="-41.2634546" lon="-71.4204984">
        <ele>1866.0000</ele>
      </trkpt>
      <trkpt lat="-41.2633381" lon="-71.4203326">
        <ele>1874.0000</ele>
      </trkpt>
      <trkpt lat="-41.2632714" lon="-71.4202339">
        <ele>1878.0000</ele>
      </trkpt>
      <trkpt lat="-41.2632120" lon="-71.4201455">
        <ele>1882.0000</ele>
      </trkpt>
      <trkpt lat="-41.2631026" lon="-71.4199791">
        <ele>1890.0000</ele>
      </trkpt>
      <trkpt lat="-41.2630152" lon="-71.4198511">
        <ele>1895.0000</ele>
      </trkpt>
      <trkpt lat="-41.2628914" lon="-71.4197061">
        <ele>1902.0000</ele>
      </trkpt>
      <trkpt lat="-41.2627964" lon="-71.4195355">
        <ele>1911.0000</ele>
      </trkpt>
      <trkpt lat="-41.2627058" lon="-71.4193648">
        <ele>1917.0000</ele>
      </trkpt>
      <trkpt lat="-41.2626436" lon="-71.4192581">
        <ele>1921.0000</ele>
      </trkpt>
      <trkpt lat="-41.2625509" lon="-71.4190987">
        <ele>1927.0000</ele>
      </trkpt>
      <trkpt lat="-41.2624841" lon="-71.4189593">
        <ele>1929.0000</ele>
      </trkpt>
      <trkpt lat="-41.2624320" lon="-71.4188605">
        <ele>1930.0000</ele>
      </trkpt>
      <trkpt lat="-41.2623872" lon="-71.4187582">
        <ele>1931.0000</ele>
      </trkpt>
      <trkpt lat="-41.2623310" lon="-71.4186685">
        <ele>1932.0000</ele>
      </trkpt>
      <trkpt lat="-41.2622727" lon="-71.4185838">
        <ele>1933.0000</ele>
      </trkpt>
      <trkpt lat="-41.2622004" lon="-71.4185460">
        <ele>1934.0000</ele>
      </trkpt>
      <trkpt lat="-41.2620722" lon="-71.4185161">
        <ele>1936.0000</ele>
      </trkpt>
      <trkpt lat="-41.2619325" lon="-71.4185197">
        <ele>1938.0000</ele>
      </trkpt>
      <trkpt lat="-41.2617961" lon="-71.4185019">
        <ele>1939.0000</ele>
      </trkpt>
      <trkpt lat="-41.2616324" lon="-71.4185033">
        <ele>1940.0000</ele>
      </trkpt>
      <trkpt lat="-41.2614731" lon="-71.4185131">
        <ele>1940.0000</ele>
      </trkpt>
      <trkpt lat="-41.2613190" lon="-71.4185102">
        <ele>1938.0000</ele>
      </trkpt>
      <trkpt lat="-41.2612174" lon="-71.4184826">
        <ele>1935.0000</ele>
      </trkpt>
      <trkpt lat="-41.2611295" lon="-71.4185051">
        <ele>1933.0000</ele>
      </trkpt>
      <trkpt lat="-41.2609992" lon="-71.4186408">
        <ele>1929.0000</ele>
      </trkpt>
      <trkpt lat="-41.2608655" lon="-71.4187488">
        <ele>1924.0000</ele>
      </trkpt>
      <trkpt lat="-41.2607366" lon="-71.4188829">
        <ele>1919.0000</ele>
      </trkpt>
      <trkpt lat="-41.2606461" lon="-71.4189838">
        <ele>1916.0000</ele>
      </trkpt>
      <trkpt lat="-41.2605315" lon="-71.4190313">
        <ele>1911.0000</ele>
      </trkpt>
      <trkpt lat="-41.2604149" lon="-71.4191155">
        <ele>1908.0000</ele>
      </trkpt>
      <trkpt lat="-41.2603074" lon="-71.4191684">
        <ele>1904.0000</ele>
      </trkpt>
      <trkpt lat="-41.2601793" lon="-71.4192635">
        <ele>1893.0000</ele>
      </trkpt>
      <trkpt lat="-41.2600780" lon="-71.4193266">
        <ele>1887.0000</ele>
      </trkpt>
      <trkpt lat="-41.2599216" lon="-71.4193880">
        <ele>1879.0000</ele>
      </trkpt>
      <trkpt lat="-41.2597734" lon="-71.4194403">
        <ele>1873.0000</ele>
      </trkpt>
      <trkpt lat="-41.2596153" lon="-71.4194961">
        <ele>1866.0000</ele>
      </trkpt>
      <trkpt lat="-41.2594775" lon="-71.4195477">
        <ele>1859.0000</ele>
      </trkpt>
      <trkpt lat="-41.2593690" lon="-71.4195764">
        <ele>1854.0000</ele>
      </trkpt>
      <trkpt lat="-41.2592736" lon="-71.4195807">
        <ele>1850.0000</ele>
      </trkpt>
      <trkpt lat="-41.2591667" lon="-71.4195895">
        <ele>1845.0000</ele>
      </trkpt>
      <trkpt lat="-41.2590179" lon="-71.4195961">
        <ele>1837.0000</ele>
      </trkpt>
      <trkpt lat="-41.2589263" lon="-71.4196122">
        <ele>1832.0000</ele>
      </trkpt>
      <trkpt lat="-41.2588550" lon="-71.4196629">
        <ele>1830.0000</ele>
      </trkpt>
      <trkpt lat="-41.2587111" lon="-71.4197137">
        <ele>1824.0000</ele>
      </trkpt>
      <trkpt lat="-41.2585880" lon="-71.4197626">
        <ele>1817.0000</ele>
      </trkpt>
      <trkpt lat="-41.2584646" lon="-71.4198245">
        <ele>1811.0000</ele>
      </trkpt>
      <trkpt lat="-41.2583689" lon="-71.4198942">
        <ele>1807.0000</ele>
      </trkpt>
      <trkpt lat="-41.2582889" lon="-71.4199138">
        <ele>1802.0000</ele>
      </trkpt>
      <trkpt lat="-41.2581767" lon="-71.4200038">
        <ele>1793.0000</ele>
      </trkpt>
      <trkpt lat="-41.2580781" lon="-71.4200533">
        <ele>1784.0000</ele>
      </trkpt>
      <trkpt lat="-41.2579783" lon="-71.4200856">
        <ele>1777.0000</ele>
      </trkpt>
      <trkpt lat="-41.2578936" lon="-71.4201297">
        <ele>1772.0000</ele>
      </trkpt>
      <trkpt lat="-41.2578528" lon="-71.4202698">
        <ele>1768.0000</ele>
      </trkpt>
      <trkpt lat="-41.2578205" lon="-71.4203786">
        <ele>1764.0000</ele>
      </trkpt>
      <trkpt lat="-41.2577753" lon="-71.4205550">
        <ele>1759.0000</ele>
      </trkpt>
      <trkpt lat="-41.2577403" lon="-71.4206523">
        <ele>1757.0000</ele>
      </trkpt>
      <trkpt lat="-41.2576869" lon="-71.4208251">
        <ele>1750.0000</ele>
      </trkpt>
      <trkpt lat="-41.2576298" lon="-71.4210004">
        <ele>1740.0000</ele>
      </trkpt>
      <trkpt lat="-41.2575748" lon="-71.4212128">
        <ele>1729.0000</ele>
      </trkpt>
      <trkpt lat="-41.2575506" lon="-71.4213407">
        <ele>1724.0000</ele>
      </trkpt>
      <trkpt lat="-41.2575110" lon="-71.4214758">
        <ele>1717.0000</ele>
      </trkpt>
      <trkpt lat="-41.2574731" lon="-71.4215915">
        <ele>1711.0000</ele>
      </trkpt>
      <trkpt lat="-41.2574330" lon="-71.4217309">
        <ele>1705.0000</ele>
      </trkpt>
      <trkpt lat="-41.2574226" lon="-71.4219524">
        <ele>1696.0000</ele>
      </trkpt>
      <trkpt lat="-41.2574151" lon="-71.4221672">
        <ele>1689.0000</ele>
      </trkpt>
      <trkpt lat="-41.2574143" lon="-71.4223103">
        <ele>1686.0000</ele>
      </trkpt>
      <trkpt lat="-41.2574034" lon="-71.4225344">
        <ele>1679.0000</ele>
      </trkpt>
      <trkpt lat="-41.2574055" lon="-71.4226903">
        <ele>1674.0000</ele>
      </trkpt>
      <trkpt lat="-41.2574097" lon="-71.4228550">
        <ele>1669.0000</ele>
      </trkpt>
      <trkpt lat="-41.2574012" lon="-71.4229932">
        <ele>1664.0000</ele>
      </trkpt>
      <trkpt lat="-41.2573949" lon="-71.4230780">
        <ele>1661.0000</ele>
      </trkpt>
      <trkpt lat="-41.2574454" lon="-71.4231277">
        <ele>1663.0000</ele>
      </trkpt>
      <trkpt lat="-41.2575240" lon="-71.4232902">
        <ele>1664.0000</ele>
      </trkpt>
      <trkpt lat="-41.2575862" lon="-71.4234041">
        <ele>1664.0000</ele>
      </trkpt>
      <trkpt lat="-41.2576330" lon="-71.4235074">
        <ele>1662.0000</ele>
      </trkpt>
      <trkpt lat="-41.2576987" lon="-71.4236303">
        <ele>1662.0000</ele>
      </trkpt>
      <trkpt lat="-41.2577542" lon="-71.4237165">
        <ele>1662.0000</ele>
      </trkpt>
      <trkpt lat="-41.2578118" lon="-71.4238127">
        <ele>1661.0000</ele>
      </trkpt>
      <trkpt lat="-41.2578685" lon="-71.4239166">
        <ele>1660.0000</ele>
      </trkpt>
      <trkpt lat="-41.2579228" lon="-71.4239948">
        <ele>1660.0000</ele>
      </trkpt>
      <trkpt lat="-41.2579668" lon="-71.4240891">
        <ele>1659.0000</ele>
      </trkpt>
      <trkpt lat="-41.2580383" lon="-71.4241670">
        <ele>1660.0000</ele>
      </trkpt>
      <trkpt lat="-41.2580972" lon="-71.4242900">
        <ele>1659.0000</ele>
      </trkpt>
      <trkpt lat="-41.2581633" lon="-71.4243893">
        <ele>1659.0000</ele>
      </trkpt>
      <trkpt lat="-41.2581989" lon="-71.4244655">
        <ele>1658.0000</ele>
      </trkpt>
      <trkpt lat="-41.2582609" lon="-71.4245521">
        <ele>1659.0000</ele>
      </trkpt>
      <trkpt lat="-41.2583319" lon="-71.4246218">
        <ele>1661.0000</ele>
      </trkpt>
      <trkpt lat="-41.2583988" lon="-71.4247482">
        <ele>1661.0000</ele>
      </trkpt>
      <trkpt lat="-41.2584567" lon="-71.4248277">
        <ele>1661.0000</ele>
      </trkpt>
      <trkpt lat="-41.2585098" lon="-71.4249088">
        <ele>1662.0000</ele>
      </trkpt>
      <trkpt lat="-41.2585650" lon="-71.4250675">
        <ele>1660.0000</ele>
      </trkpt>
      <trkpt lat="-41.2586176" lon="-71.4251928">
        <ele>1660.0000</ele>
      </trkpt>
      <trkpt lat="-41.2586652" lon="-71.4253266">
        <ele>1659.0000</ele>
      </trkpt>
      <trkpt lat="-41.2587160" lon="-71.4254901">
        <ele>1657.0000</ele>
      </trkpt>
      <trkpt lat="-41.2587692" lon="-71.4256091">
        <ele>1656.0000</ele>
      </trkpt>
      <trkpt lat="-41.2588175" lon="-71.4257430">
        <ele>1655.0000</ele>
      </trkpt>
      <trkpt lat="-41.2588658" lon="-71.4258694">
        <ele>1653.0000</ele>
      </trkpt>
      <trkpt lat="-41.2588820" lon="-71.4259556">
        <ele>1652.0000</ele>
      </trkpt>
      <trkpt lat="-41.2589273" lon="-71.4260806">
        <ele>1650.0000</ele>
      </trkpt>
      <trkpt lat="-41.2589717" lon="-71.4261528">
        <ele>1650.0000</ele>
      </trkpt>
      <trkpt lat="-41.2589988" lon="-71.4262546">
        <ele>1648.0000</ele>
      </trkpt>
      <trkpt lat="-41.2590336" lon="-71.4263851">
        <ele>1647.0000</ele>
      </trkpt>
      <trkpt lat="-41.2590695" lon="-71.4264622">
        <ele>1647.0000</ele>
      </trkpt>
      <trkpt lat="-41.2591076" lon="-71.4265481">
        <ele>1646.0000</ele>
      </trkpt>
      <trkpt lat="-41.2591527" lon="-71.4266121">
        <ele>1646.0000</ele>
      </trkpt>
      <trkpt lat="-41.2592127" lon="-71.4266843">
        <ele>1647.0000</ele>
      </trkpt>
      <trkpt lat="-41.2592621" lon="-71.4267336">
        <ele>1648.0000</ele>
      </trkpt>
      <trkpt lat="-41.2592738" lon="-71.4268583">
        <ele>1646.0000</ele>
      </trkpt>
      <trkpt lat="-41.2592757" lon="-71.4270169">
        <ele>1642.0000</ele>
      </trkpt>
      <trkpt lat="-41.2592889" lon="-71.4271767">
        <ele>1639.0000</ele>
      </trkpt>
      <trkpt lat="-41.2592869" lon="-71.4273569">
        <ele>1633.0000</ele>
      </trkpt>
      <trkpt lat="-41.2592793" lon="-71.4274547">
        <ele>1630.0000</ele>
      </trkpt>
      <trkpt lat="-41.2593048" lon="-71.4275696">
        <ele>1628.0000</ele>
      </trkpt>
      <trkpt lat="-41.2593217" lon="-71.4276861">
        <ele>1626.0000</ele>
      </trkpt>
      <trkpt lat="-41.2593286" lon="-71.4277806">
        <ele>1624.0000</ele>
      </trkpt>
      <trkpt lat="-41.2593229" lon="-71.4279092">
        <ele>1621.0000</ele>
      </trkpt>
      <trkpt lat="-41.2593215" lon="-71.4280486">
        <ele>1619.0000</ele>
      </trkpt>
      <trkpt lat="-41.2593197" lon="-71.4281585">
        <ele>1616.0000</ele>
      </trkpt>
      <trkpt lat="-41.2593249" lon="-71.4282378">
        <ele>1614.0000</ele>
      </trkpt>
      <trkpt lat="-41.2592952" lon="-71.4283676">
        <ele>1610.0000</ele>
      </trkpt>
      <trkpt lat="-41.2592249" lon="-71.4285150">
        <ele>1604.0000</ele>
      </trkpt>
      <trkpt lat="-41.2591535" lon="-71.4286396">
        <ele>1598.0000</ele>
      </trkpt>
      <trkpt lat="-41.2591312" lon="-71.4286552">
        <ele>1597.0000</ele>
      </trkpt>
      <trkpt lat="-41.2590463" lon="-71.4286903">
        <ele>1593.0000</ele>
      </trkpt>
      <trkpt lat="-41.2589453" lon="-71.4287191">
        <ele>1588.0000</ele>
      </trkpt>
      <trkpt lat="-41.2588764" lon="-71.4287425">
        <ele>1584.0000</ele>
      </trkpt>
      <trkpt lat="-41.2588070" lon="-71.4287603">
        <ele>1582.0000</ele>
      </trkpt>
      <trkpt lat="-41.2586739" lon="-71.4287701">
        <ele>1577.0000</ele>
      </trkpt>
      <trkpt lat="-41.2585849" lon="-71.4287913">
        <ele>1574.0000</ele>
      </trkpt>
      <trkpt lat="-41.2584833" lon="-71.4287749">
        <ele>1572.0000</ele>
      </trkpt>
      <trkpt lat="-41.2584199" lon="-71.4287952">
        <ele>1570.0000</ele>
      </trkpt>
      <trkpt lat="-41.2583339" lon="-71.4287967">
        <ele>1568.0000</ele>
      </trkpt>
      <trkpt lat="-41.2582349" lon="-71.4287901">
        <ele>1563.0000</ele>
      </trkpt>
      <trkpt lat="-41.2581736" lon="-71.4288005">
        <ele>1559.0000</ele>
      </trkpt>
      <trkpt lat="-41.2580752" lon="-71.4287979">
        <ele>1555.0000</ele>
      </trkpt>
      <trkpt lat="-41.2580304" lon="-71.4287990">
        <ele>1552.0000</ele>
      </trkpt>
      <trkpt lat="-41.2579970" lon="-71.4289687">
        <ele>1543.0000</ele>
      </trkpt>
      <trkpt lat="-41.2579252" lon="-71.4291049">
        <ele>1533.0000</ele>
      </trkpt>
      <trkpt lat="-41.2578790" lon="-71.4292021">
        <ele>1527.0000</ele>
      </trkpt>
      <trkpt lat="-41.2578258" lon="-71.4293083">
        <ele>1520.0000</ele>
      </trkpt>
      <trkpt lat="-41.2577520" lon="-71.4293818">
        <ele>1513.0000</ele>
      </trkpt>
      <trkpt lat="-41.2576704" lon="-71.4294814">
        <ele>1507.0000</ele>
      </trkpt>
      <trkpt lat="-41.2575878" lon="-71.4295486">
        <ele>1502.0000</ele>
      </trkpt>
      <trkpt lat="-41.2575180" lon="-71.4296506">
        <ele>1497.0000</ele>
      </trkpt>
      <trkpt lat="-41.2574686" lon="-71.4297534">
        <ele>1494.0000</ele>
      </trkpt>
      <trkpt lat="-41.2573759" lon="-71.4298667">
        <ele>1490.0000</ele>
      </trkpt>
      <trkpt lat="-41.2572380" lon="-71.4300006">
        <ele>1484.0000</ele>
      </trkpt>
      <trkpt lat="-41.2571418" lon="-71.4300917">
        <ele>1477.0000</ele>
      </trkpt>
      <trkpt lat="-41.2570894" lon="-71.4301906">
        <ele>1470.0000</ele>
      </trkpt>
      <trkpt lat="-41.2570742" lon="-71.4303147">
        <ele>1464.0000</ele>
      </trkpt>
      <trkpt lat="-41.2570514" lon="-71.4304836">
        <ele>1457.0000</ele>
      </trkpt>
      <trkpt lat="-41.2570360" lon="-71.4306525">
        <ele>1450.0000</ele>
      </trkpt>
      <trkpt lat="-41.2570281" lon="-71.4309183">
        <ele>1441.0000</ele>
      </trkpt>
      <trkpt lat="-41.2570049" lon="-71.4311952">
        <ele>1432.0000</ele>
      </trkpt>
      <trkpt lat="-41.2569358" lon="-71.4314533">
        <ele>1425.0000</ele>
      </trkpt>
      <trkpt lat="-41.2568659" lon="-71.4316874">
        <ele>1417.0000</ele>
      </trkpt>
      <trkpt lat="-41.2568267" lon="-71.4318644">
        <ele>1410.0000</ele>
      </trkpt>
      <trkpt lat="-41.2568108" lon="-71.4320200">
        <ele>1405.0000</ele>
      </trkpt>
      <trkpt lat="-41.2567712" lon="-71.4322259">
        <ele>1398.0000</ele>
      </trkpt>
      <trkpt lat="-41.2566954" lon="-71.4323555">
        <ele>1393.0000</ele>
      </trkpt>
      <trkpt lat="-41.2566628" lon="-71.4324426">
        <ele>1390.0000</ele>
      </trkpt>
      <trkpt lat="-41.2566536" lon="-71.4325051">
        <ele>1389.0000</ele>
      </trkpt>
      <trkpt lat="-41.2566940" lon="-71.4326318">
        <ele>1388.0000</ele>
      </trkpt>
      <trkpt lat="-41.2567100" lon="-71.4327059">
        <ele>1387.0000</ele>
      </trkpt>
      <trkpt lat="-41.2567357" lon="-71.4327900">
        <ele>1386.0000</ele>
      </trkpt>
      <trkpt lat="-41.2567625" lon="-71.4328685">
        <ele>1386.0000</ele>
      </trkpt>
      <trkpt lat="-41.2567390" lon="-71.4329867">
        <ele>1381.0000</ele>
      </trkpt>
      <trkpt lat="-41.2567119" lon="-71.4331038">
        <ele>1377.0000</ele>
      </trkpt>
      <trkpt lat="-41.2566841" lon="-71.4331596">
        <ele>1374.0000</ele>
      </trkpt>
      <trkpt lat="-41.2566318" lon="-71.4332192">
        <ele>1371.0000</ele>
      </trkpt>
      <trkpt lat="-41.2566220" lon="-71.4332567">
        <ele>1370.0000</ele>
      </trkpt>
      <trkpt lat="-41.2565978" lon="-71.4333191">
        <ele>1368.0000</ele>
      </trkpt>
      <trkpt lat="-41.2565776" lon="-71.4333549">
        <ele>1367.0000</ele>
      </trkpt>
      <trkpt lat="-41.2565604" lon="-71.4334023">
        <ele>1366.0000</ele>
      </trkpt>
      <trkpt lat="-41.2565352" lon="-71.4334497">
        <ele>1364.0000</ele>
      </trkpt>
      <trkpt lat="-41.2565152" lon="-71.4334916">
        <ele>1362.0000</ele>
      </trkpt>
      <trkpt lat="-41.2565023" lon="-71.4335328">
        <ele>1361.0000</ele>
      </trkpt>
      <trkpt lat="-41.2564857" lon="-71.4335804">
        <ele>1360.0000</ele>
      </trkpt>
      <trkpt lat="-41.2564704" lon="-71.4336142">
        <ele>1358.0000</ele>
      </trkpt>
      <trkpt lat="-41.2564532" lon="-71.4336553">
        <ele>1357.0000</ele>
      </trkpt>
      <trkpt lat="-41.2564353" lon="-71.4337025">
        <ele>1355.0000</ele>
      </trkpt>
      <trkpt lat="-41.2564201" lon="-71.4337448">
        <ele>1354.0000</ele>
      </trkpt>
      <trkpt lat="-41.2564023" lon="-71.4337922">
        <ele>1352.0000</ele>
      </trkpt>
      <trkpt lat="-41.2563801" lon="-71.4338345">
        <ele>1350.0000</ele>
      </trkpt>
      <trkpt lat="-41.2563585" lon="-71.4338777">
        <ele>1349.0000</ele>
      </trkpt>
      <trkpt lat="-41.2563445" lon="-71.4339075">
        <ele>1348.0000</ele>
      </trkpt>
      <trkpt lat="-41.2563274" lon="-71.4339455">
        <ele>1347.0000</ele>
      </trkpt>
      <trkpt lat="-41.2563086" lon="-71.4339779">
        <ele>1345.0000</ele>
      </trkpt>
      <trkpt lat="-41.2562891" lon="-71.4340028">
        <ele>1344.0000</ele>
      </trkpt>
      <trkpt lat="-41.2562795" lon="-71.4340218">
        <ele>1343.0000</ele>
      </trkpt>
      <trkpt lat="-41.2562669" lon="-71.4340631">
        <ele>1342.0000</ele>
      </trkpt>
      <trkpt lat="-41.2562580" lon="-71.4341116">
        <ele>1340.0000</ele>
      </trkpt>
      <trkpt lat="-41.2562519" lon="-71.4341487">
        <ele>1339.0000</ele>
      </trkpt>
      <trkpt lat="-41.2562333" lon="-71.4342060">
        <ele>1336.0000</ele>
      </trkpt>
      <trkpt lat="-41.2562192" lon="-71.4342585">
        <ele>1334.0000</ele>
      </trkpt>
      <trkpt lat="-41.2562073" lon="-71.4343033">
        <ele>1332.0000</ele>
      </trkpt>
      <trkpt lat="-41.2561897" lon="-71.4343636">
        <ele>1330.0000</ele>
      </trkpt>
      <trkpt lat="-41.2561822" lon="-71.4343954">
        <ele>1329.0000</ele>
      </trkpt>
      <trkpt lat="-41.2561719" lon="-71.4344303">
        <ele>1327.0000</ele>
      </trkpt>
      <trkpt lat="-41.2561661" lon="-71.4344570">
        <ele>1326.0000</ele>
      </trkpt>
      <trkpt lat="-41.2561641" lon="-71.4344976">
        <ele>1325.0000</ele>
      </trkpt>
      <trkpt lat="-41.2561671" lon="-71.4345453">
        <ele>1324.0000</ele>
      </trkpt>
      <trkpt lat="-41.2561756" lon="-71.4345847">
        <ele>1323.0000</ele>
      </trkpt>
      <trkpt lat="-41.2561878" lon="-71.4346191">
        <ele>1322.0000</ele>
      </trkpt>
      <trkpt lat="-41.2561987" lon="-71.4346602">
        <ele>1321.0000</ele>
      </trkpt>
      <trkpt lat="-41.2561998" lon="-71.4346986">
        <ele>1320.0000</ele>
      </trkpt>
      <trkpt lat="-41.2562087" lon="-71.4347426">
        <ele>1320.0000</ele>
      </trkpt>
      <trkpt lat="-41.2562104" lon="-71.4347983">
        <ele>1318.0000</ele>
      </trkpt>
      <trkpt lat="-41.2562127" lon="-71.4348394">
        <ele>1317.0000</ele>
      </trkpt>
      <trkpt lat="-41.2562165" lon="-71.4348882">
        <ele>1316.0000</ele>
      </trkpt>
      <trkpt lat="-41.2562271" lon="-71.4349358">
        <ele>1315.0000</ele>
      </trkpt>
      <trkpt lat="-41.2562344" lon="-71.4349913">
        <ele>1314.0000</ele>
      </trkpt>
      <trkpt lat="-41.2562359" lon="-71.4350401">
        <ele>1313.0000</ele>
      </trkpt>
      <trkpt lat="-41.2562379" lon="-71.4350844">
        <ele>1313.0000</ele>
      </trkpt>
      <trkpt lat="-41.2562380" lon="-71.4351346">
        <ele>1312.0000</ele>
      </trkpt>
      <trkpt lat="-41.2562484" lon="-71.4351834">
        <ele>1312.0000</ele>
      </trkpt>
      <trkpt lat="-41.2562520" lon="-71.4352356">
        <ele>1311.0000</ele>
      </trkpt>
      <trkpt lat="-41.2562514" lon="-71.4352907">
        <ele>1310.0000</ele>
      </trkpt>
      <trkpt lat="-41.2562488" lon="-71.4353444">
        <ele>1310.0000</ele>
      </trkpt>
      <trkpt lat="-41.2562455" lon="-71.4354035">
        <ele>1309.0000</ele>
      </trkpt>
      <trkpt lat="-41.2562438" lon="-71.4354562">
        <ele>1309.0000</ele>
      </trkpt>
      <trkpt lat="-41.2562394" lon="-71.4354973">
        <ele>1309.0000</ele>
      </trkpt>
      <trkpt lat="-41.2562292" lon="-71.4355704">
        <ele>1308.0000</ele>
      </trkpt>
      <trkpt lat="-41.2562196" lon="-71.4356325">
        <ele>1308.0000</ele>
      </trkpt>
      <trkpt lat="-41.2562072" lon="-71.4356867">
        <ele>1307.0000</ele>
      </trkpt>
      <trkpt lat="-41.2561961" lon="-71.4357269">
        <ele>1307.0000</ele>
      </trkpt>
      <trkpt lat="-41.2561950" lon="-71.4357294">
        <ele>1307.0000</ele>
      </trkpt>
      <trkpt lat="-41.2561702" lon="-71.4357652">
        <ele>1306.0000</ele>
      </trkpt>
      <trkpt lat="-41.2561473" lon="-71.4358053">
        <ele>1305.0000</ele>
      </trkpt>
      <trkpt lat="-41.2561250" lon="-71.4358428">
        <ele>1304.0000</ele>
      </trkpt>
      <trkpt lat="-41.2561012" lon="-71.4358708">
        <ele>1304.0000</ele>
      </trkpt>
      <trkpt lat="-41.2560788" lon="-71.4358801">
        <ele>1303.0000</ele>
      </trkpt>
      <trkpt lat="-41.2560424" lon="-71.4358908">
        <ele>1302.0000</ele>
      </trkpt>
      <trkpt lat="-41.2560077" lon="-71.4359045">
        <ele>1301.0000</ele>
      </trkpt>
      <trkpt lat="-41.2559815" lon="-71.4359141">
        <ele>1301.0000</ele>
      </trkpt>
      <trkpt lat="-41.2559581" lon="-71.4359191">
        <ele>1300.0000</ele>
      </trkpt>
      <trkpt lat="-41.2559297" lon="-71.4359276">
        <ele>1299.0000</ele>
      </trkpt>
      <trkpt lat="-41.2559072" lon="-71.4359315">
        <ele>1299.0000</ele>
      </trkpt>
      <trkpt lat="-41.2558799" lon="-71.4359474">
        <ele>1298.0000</ele>
      </trkpt>
      <trkpt lat="-41.2558560" lon="-71.4359617">
        <ele>1298.0000</ele>
      </trkpt>
      <trkpt lat="-41.2558249" lon="-71.4359728">
        <ele>1297.0000</ele>
      </trkpt>
      <trkpt lat="-41.2557986" lon="-71.4359855">
        <ele>1296.0000</ele>
      </trkpt>
      <trkpt lat="-41.2557763" lon="-71.4359934">
        <ele>1296.0000</ele>
      </trkpt>
      <trkpt lat="-41.2557452" lon="-71.4360100">
        <ele>1296.0000</ele>
      </trkpt>
      <trkpt lat="-41.2557193" lon="-71.4360234">
        <ele>1295.0000</ele>
      </trkpt>
      <trkpt lat="-41.2556903" lon="-71.4360278">
        <ele>1295.0000</ele>
      </trkpt>
      <trkpt lat="-41.2556569" lon="-71.4360298">
        <ele>1294.0000</ele>
      </trkpt>
      <trkpt lat="-41.2556247" lon="-71.4360416">
        <ele>1293.0000</ele>
      </trkpt>
      <trkpt lat="-41.2556002" lon="-71.4360464">
        <ele>1293.0000</ele>
      </trkpt>
      <trkpt lat="-41.2555699" lon="-71.4360481">
        <ele>1292.0000</ele>
      </trkpt>
      <trkpt lat="-41.2555374" lon="-71.4360417">
        <ele>1292.0000</ele>
      </trkpt>
      <trkpt lat="-41.2555074" lon="-71.4360504">
        <ele>1291.0000</ele>
      </trkpt>
      <trkpt lat="-41.2554838" lon="-71.4360506">
        <ele>1291.0000</ele>
      </trkpt>
      <trkpt lat="-41.2554532" lon="-71.4360622">
        <ele>1290.0000</ele>
      </trkpt>
      <trkpt lat="-41.2554208" lon="-71.4360809">
        <ele>1290.0000</ele>
      </trkpt>
      <trkpt lat="-41.2553929" lon="-71.4360888">
        <ele>1290.0000</ele>
      </trkpt>
      <trkpt lat="-41.2553652" lon="-71.4360984">
        <ele>1289.0000</ele>
      </trkpt>
      <trkpt lat="-41.2553345" lon="-71.4361088">
        <ele>1288.0000</ele>
      </trkpt>
      <trkpt lat="-41.2552995" lon="-71.4361114">
        <ele>1288.0000</ele>
      </trkpt>
      <trkpt lat="-41.2552706" lon="-71.4361243">
        <ele>1288.0000</ele>
      </trkpt>
      <trkpt lat="-41.2552474" lon="-71.4361271">
        <ele>1287.0000</ele>
      </trkpt>
      <trkpt lat="-41.2552111" lon="-71.4361301">
        <ele>1286.0000</ele>
      </trkpt>
      <trkpt lat="-41.2551890" lon="-71.4361344">
        <ele>1286.0000</ele>
      </trkpt>
      <trkpt lat="-41.2551676" lon="-71.4361410">
        <ele>1286.0000</ele>
      </trkpt>
      <trkpt lat="-41.2551437" lon="-71.4361463">
        <ele>1285.0000</ele>
      </trkpt>
      <trkpt lat="-41.2551207" lon="-71.4361461">
        <ele>1285.0000</ele>
      </trkpt>
      <trkpt lat="-41.2550975" lon="-71.4361581">
        <ele>1284.0000</ele>
      </trkpt>
      <trkpt lat="-41.2550760" lon="-71.4361714">
        <ele>1284.0000</ele>
      </trkpt>
      <trkpt lat="-41.2550518" lon="-71.4361782">
        <ele>1283.0000</ele>
      </trkpt>
      <trkpt lat="-41.2550238" lon="-71.4361945">
        <ele>1283.0000</ele>
      </trkpt>
      <trkpt lat="-41.2549944" lon="-71.4362061">
        <ele>1282.0000</ele>
      </trkpt>
      <trkpt lat="-41.2549623" lon="-71.4362166">
        <ele>1281.0000</ele>
      </trkpt>
      <trkpt lat="-41.2549341" lon="-71.4362221">
        <ele>1280.0000</ele>
      </trkpt>
      <trkpt lat="-41.2549118" lon="-71.4362255">
        <ele>1280.0000</ele>
      </trkpt>
      <trkpt lat="-41.2548878" lon="-71.4362354">
        <ele>1279.0000</ele>
      </trkpt>
      <trkpt lat="-41.2548629" lon="-71.4362489">
        <ele>1278.0000</ele>
      </trkpt>
      <trkpt lat="-41.2548410" lon="-71.4362624">
        <ele>1278.0000</ele>
      </trkpt>
      <trkpt lat="-41.2548125" lon="-71.4362726">
        <ele>1277.0000</ele>
      </trkpt>
      <trkpt lat="-41.2547863" lon="-71.4362848">
        <ele>1276.0000</ele>
      </trkpt>
      <trkpt lat="-41.2547577" lon="-71.4362968">
        <ele>1275.0000</ele>
      </trkpt>
      <trkpt lat="-41.2547247" lon="-71.4363177">
        <ele>1275.0000</ele>
      </trkpt>
      <trkpt lat="-41.2546958" lon="-71.4363353">
        <ele>1274.0000</ele>
      </trkpt>
      <trkpt lat="-41.2546666" lon="-71.4363547">
        <ele>1274.0000</ele>
      </trkpt>
      <trkpt lat="-41.2546384" lon="-71.4363780">
        <ele>1273.0000</ele>
      </trkpt>
      <trkpt lat="-41.2546157" lon="-71.4364045">
        <ele>1273.0000</ele>
      </trkpt>
      <trkpt lat="-41.2545913" lon="-71.4364239">
        <ele>1273.0000</ele>
      </trkpt>
      <trkpt lat="-41.2545706" lon="-71.4364378">
        <ele>1272.0000</ele>
      </trkpt>
      <trkpt lat="-41.2545511" lon="-71.4364435">
        <ele>1272.0000</ele>
      </trkpt>
      <trkpt lat="-41.2545223" lon="-71.4364528">
        <ele>1271.0000</ele>
      </trkpt>
      <trkpt lat="-41.2544980" lon="-71.4364645">
        <ele>1271.0000</ele>
      </trkpt>
      <trkpt lat="-41.2544629" lon="-71.4364794">
        <ele>1270.0000</ele>
      </trkpt>
      <trkpt lat="-41.2544268" lon="-71.4365134">
        <ele>1270.0000</ele>
      </trkpt>
      <trkpt lat="-41.2543940" lon="-71.4365443">
        <ele>1269.0000</ele>
      </trkpt>
      <trkpt lat="-41.2543664" lon="-71.4365640">
        <ele>1269.0000</ele>
      </trkpt>
      <trkpt lat="-41.2543363" lon="-71.4365825">
        <ele>1268.0000</ele>
      </trkpt>
      <trkpt lat="-41.2543078" lon="-71.4366086">
        <ele>1268.0000</ele>
      </trkpt>
      <trkpt lat="-41.2542748" lon="-71.4366253">
        <ele>1267.0000</ele>
      </trkpt>
      <trkpt lat="-41.2542263" lon="-71.4366559">
        <ele>1266.0000</ele>
      </trkpt>
      <trkpt lat="-41.2541970" lon="-71.4366552">
        <ele>1266.0000</ele>
      </trkpt>
      <trkpt lat="-41.2541591" lon="-71.4366798">
        <ele>1265.0000</ele>
      </trkpt>
      <trkpt lat="-41.2541211" lon="-71.4366960">
        <ele>1264.0000</ele>
      </trkpt>
      <trkpt lat="-41.2540759" lon="-71.4367164">
        <ele>1263.0000</ele>
      </trkpt>
      <trkpt lat="-41.2540368" lon="-71.4367400">
        <ele>1262.0000</ele>
      </trkpt>
      <trkpt lat="-41.2540042" lon="-71.4367595">
        <ele>1261.0000</ele>
      </trkpt>
      <trkpt lat="-41.2539836" lon="-71.4367749">
        <ele>1260.0000</ele>
      </trkpt>
      <trkpt lat="-41.2539534" lon="-71.4368022">
        <ele>1259.0000</ele>
      </trkpt>
      <trkpt lat="-41.2539256" lon="-71.4368220">
        <ele>1259.0000</ele>
      </trkpt>
      <trkpt lat="-41.2539047" lon="-71.4368355">
        <ele>1258.0000</ele>
      </trkpt>
      <trkpt lat="-41.2538798" lon="-71.4368427">
        <ele>1257.0000</ele>
      </trkpt>
      <trkpt lat="-41.2538446" lon="-71.4368491">
        <ele>1256.0000</ele>
      </trkpt>
      <trkpt lat="-41.2538070" lon="-71.4368503">
        <ele>1255.0000</ele>
      </trkpt>
      <trkpt lat="-41.2537762" lon="-71.4368558">
        <ele>1254.0000</ele>
      </trkpt>
      <trkpt lat="-41.2537476" lon="-71.4368661">
        <ele>1254.0000</ele>
      </trkpt>
      <trkpt lat="-41.2537203" lon="-71.4368721">
        <ele>1253.0000</ele>
      </trkpt>
      <trkpt lat="-41.2536997" lon="-71.4368739">
        <ele>1252.0000</ele>
      </trkpt>
      <trkpt lat="-41.2536723" lon="-71.4368729">
        <ele>1251.0000</ele>
      </trkpt>
      <trkpt lat="-41.2536445" lon="-71.4368752">
        <ele>1251.0000</ele>
      </trkpt>
      <trkpt lat="-41.2536188" lon="-71.4368882">
        <ele>1250.0000</ele>
      </trkpt>
      <trkpt lat="-41.2535895" lon="-71.4368971">
        <ele>1249.0000</ele>
      </trkpt>
      <trkpt lat="-41.2535575" lon="-71.4369053">
        <ele>1248.0000</ele>
      </trkpt>
      <trkpt lat="-41.2535190" lon="-71.4369283">
        <ele>1246.0000</ele>
      </trkpt>
      <trkpt lat="-41.2534875" lon="-71.4369427">
        <ele>1245.0000</ele>
      </trkpt>
      <trkpt lat="-41.2534509" lon="-71.4369591">
        <ele>1244.0000</ele>
      </trkpt>
      <trkpt lat="-41.2534204" lon="-71.4369824">
        <ele>1243.0000</ele>
      </trkpt>
      <trkpt lat="-41.2533929" lon="-71.4369941">
        <ele>1242.0000</ele>
      </trkpt>
      <trkpt lat="-41.2533525" lon="-71.4370218">
        <ele>1241.0000</ele>
      </trkpt>
      <trkpt lat="-41.2533140" lon="-71.4370456">
        <ele>1239.0000</ele>
      </trkpt>
      <trkpt lat="-41.2532865" lon="-71.4370730">
        <ele>1239.0000</ele>
      </trkpt>
      <trkpt lat="-41.2532601" lon="-71.4370866">
        <ele>1238.0000</ele>
      </trkpt>
      <trkpt lat="-41.2532155" lon="-71.4371138">
        <ele>1237.0000</ele>
      </trkpt>
      <trkpt lat="-41.2531841" lon="-71.4371341">
        <ele>1236.0000</ele>
      </trkpt>
      <trkpt lat="-41.2531490" lon="-71.4371556">
        <ele>1235.0000</ele>
      </trkpt>
      <trkpt lat="-41.2531098" lon="-71.4371912">
        <ele>1234.0000</ele>
      </trkpt>
      <trkpt lat="-41.2530802" lon="-71.4372014">
        <ele>1233.0000</ele>
      </trkpt>
      <trkpt lat="-41.2530403" lon="-71.4372361">
        <ele>1232.0000</ele>
      </trkpt>
      <trkpt lat="-41.2530061" lon="-71.4372496">
        <ele>1231.0000</ele>
      </trkpt>
      <trkpt lat="-41.2529633" lon="-71.4372840">
        <ele>1230.0000</ele>
      </trkpt>
      <trkpt lat="-41.2529289" lon="-71.4373007">
        <ele>1229.0000</ele>
      </trkpt>
      <trkpt lat="-41.2528905" lon="-71.4373164">
        <ele>1228.0000</ele>
      </trkpt>
      <trkpt lat="-41.2528532" lon="-71.4373391">
        <ele>1228.0000</ele>
      </trkpt>
      <trkpt lat="-41.2528181" lon="-71.4373602">
        <ele>1227.0000</ele>
      </trkpt>
      <trkpt lat="-41.2527794" lon="-71.4373795">
        <ele>1226.0000</ele>
      </trkpt>
      <trkpt lat="-41.2527265" lon="-71.4374001">
        <ele>1225.0000</ele>
      </trkpt>
      <trkpt lat="-41.2526814" lon="-71.4374180">
        <ele>1224.0000</ele>
      </trkpt>
      <trkpt lat="-41.2526519" lon="-71.4374318">
        <ele>1223.0000</ele>
      </trkpt>
      <trkpt lat="-41.2526208" lon="-71.4374439">
        <ele>1223.0000</ele>
      </trkpt>
      <trkpt lat="-41.2525827" lon="-71.4374535">
        <ele>1222.0000</ele>
      </trkpt>
      <trkpt lat="-41.2525493" lon="-71.4374819">
        <ele>1221.0000</ele>
      </trkpt>
      <trkpt lat="-41.2525225" lon="-71.4374884">
        <ele>1221.0000</ele>
      </trkpt>
      <trkpt lat="-41.2524892" lon="-71.4375007">
        <ele>1220.0000</ele>
      </trkpt>
      <trkpt lat="-41.2524496" lon="-71.4375001">
        <ele>1219.0000</ele>
      </trkpt>
      <trkpt lat="-41.2524036" lon="-71.4375207">
        <ele>1218.0000</ele>
      </trkpt>
      <trkpt lat="-41.2523783" lon="-71.4375241">
        <ele>1217.0000</ele>
      </trkpt>
      <trkpt lat="-41.2523475" lon="-71.4375467">
        <ele>1216.0000</ele>
      </trkpt>
      <trkpt lat="-41.2523140" lon="-71.4375654">
        <ele>1216.0000</ele>
      </trkpt>
      <trkpt lat="-41.2522745" lon="-71.4376061">
        <ele>1214.0000</ele>
      </trkpt>
      <trkpt lat="-41.2522290" lon="-71.4376202">
        <ele>1213.0000</ele>
      </trkpt>
      <trkpt lat="-41.2521675" lon="-71.4376370">
        <ele>1212.0000</ele>
      </trkpt>
      <trkpt lat="-41.2521337" lon="-71.4376586">
        <ele>1211.0000</ele>
      </trkpt>
      <trkpt lat="-41.2520611" lon="-71.4376758">
        <ele>1210.0000</ele>
      </trkpt>
      <trkpt lat="-41.2519651" lon="-71.4377124">
        <ele>1207.0000</ele>
      </trkpt>
      <trkpt lat="-41.2518730" lon="-71.4377269">
        <ele>1205.0000</ele>
      </trkpt>
      <trkpt lat="-41.2517693" lon="-71.4377094">
        <ele>1203.0000</ele>
      </trkpt>
      <trkpt lat="-41.2516881" lon="-71.4377195">
        <ele>1201.0000</ele>
      </trkpt>
      <trkpt lat="-41.2516130" lon="-71.4377375">
        <ele>1199.0000</ele>
      </trkpt>
      <trkpt lat="-41.2515411" lon="-71.4377452">
        <ele>1198.0000</ele>
      </trkpt>
      <trkpt lat="-41.2514665" lon="-71.4377255">
        <ele>1197.0000</ele>
      </trkpt>
      <trkpt lat="-41.2513964" lon="-71.4376980">
        <ele>1197.0000</ele>
      </trkpt>
      <trkpt lat="-41.2513406" lon="-71.4377052">
        <ele>1196.0000</ele>
      </trkpt>
      <trkpt lat="-41.2512756" lon="-71.4377399">
        <ele>1195.0000</ele>
      </trkpt>
      <trkpt lat="-41.2512140" lon="-71.4377795">
        <ele>1193.0000</ele>
      </trkpt>
      <trkpt lat="-41.2511596" lon="-71.4378511">
        <ele>1191.0000</ele>
      </trkpt>
      <trkpt lat="-41.2511027" lon="-71.4379535">
        <ele>1187.0000</ele>
      </trkpt>
      <trkpt lat="-41.2510392" lon="-71.4380413">
        <ele>1184.0000</ele>
      </trkpt>
      <trkpt lat="-41.2510031" lon="-71.4381047">
        <ele>1183.0000</ele>
      </trkpt>
      <trkpt lat="-41.2509605" lon="-71.4381779">
        <ele>1181.0000</ele>
      </trkpt>
      <trkpt lat="-41.2509149" lon="-71.4382702">
        <ele>1180.0000</ele>
      </trkpt>
      <trkpt lat="-41.2508576" lon="-71.4383401">
        <ele>1179.0000</ele>
      </trkpt>
      <trkpt lat="-41.2507865" lon="-71.4384172">
        <ele>1177.0000</ele>
      </trkpt>
      <trkpt lat="-41.2507245" lon="-71.4384774">
        <ele>1175.0000</ele>
      </trkpt>
      <trkpt lat="-41.2506532" lon="-71.4385055">
        <ele>1172.0000</ele>
      </trkpt>
      <trkpt lat="-41.2505869" lon="-71.4385285">
        <ele>1170.0000</ele>
      </trkpt>
      <trkpt lat="-41.2505217" lon="-71.4385540">
        <ele>1168.0000</ele>
      </trkpt>
      <trkpt lat="-41.2504477" lon="-71.4385887">
        <ele>1165.0000</ele>
      </trkpt>
      <trkpt lat="-41.2503902" lon="-71.4386294">
        <ele>1162.0000</ele>
      </trkpt>
      <trkpt lat="-41.2503451" lon="-71.4387118">
        <ele>1159.0000</ele>
      </trkpt>
      <trkpt lat="-41.2503103" lon="-71.4388304">
        <ele>1154.0000</ele>
      </trkpt>
      <trkpt lat="-41.2502930" lon="-71.4389238">
        <ele>1151.0000</ele>
      </trkpt>
      <trkpt lat="-41.2502962" lon="-71.4390318">
        <ele>1148.0000</ele>
      </trkpt>
      <trkpt lat="-41.2503165" lon="-71.4391290">
        <ele>1147.0000</ele>
      </trkpt>
      <trkpt lat="-41.2503495" lon="-71.4392662">
        <ele>1143.0000</ele>
      </trkpt>
      <trkpt lat="-41.2503879" lon="-71.4393701">
        <ele>1141.0000</ele>
      </trkpt>
      <trkpt lat="-41.2504332" lon="-71.4394602">
        <ele>1139.0000</ele>
      </trkpt>
      <trkpt lat="-41.2504750" lon="-71.4395213">
        <ele>1137.0000</ele>
      </trkpt>
      <trkpt lat="-41.2505267" lon="-71.4396116">
        <ele>1135.0000</ele>
      </trkpt>
      <trkpt lat="-41.2505591" lon="-71.4396760">
        <ele>1133.0000</ele>
      </trkpt>
      <trkpt lat="-41.2505976" lon="-71.4397586">
        <ele>1130.0000</ele>
      </trkpt>
      <trkpt lat="-41.2506459" lon="-71.4398504">
        <ele>1128.0000</ele>
      </trkpt>
      <trkpt lat="-41.2506941" lon="-71.4399340">
        <ele>1126.0000</ele>
      </trkpt>
      <trkpt lat="-41.2507386" lon="-71.4400269">
        <ele>1124.0000</ele>
      </trkpt>
      <trkpt lat="-41.2507970" lon="-71.4401489">
        <ele>1122.0000</ele>
      </trkpt>
      <trkpt lat="-41.2508475" lon="-71.4402570">
        <ele>1120.0000</ele>
      </trkpt>
      <trkpt lat="-41.2508991" lon="-71.4403571">
        <ele>1118.0000</ele>
      </trkpt>
      <trkpt lat="-41.2509552" lon="-71.4404596">
        <ele>1116.0000</ele>
      </trkpt>
      <trkpt lat="-41.2509926" lon="-71.4405497">
        <ele>1114.0000</ele>
      </trkpt>
      <trkpt lat="-41.2510191" lon="-71.4406303">
        <ele>1112.0000</ele>
      </trkpt>
      <trkpt lat="-41.2510663" lon="-71.4407595">
        <ele>1109.0000</ele>
      </trkpt>
      <trkpt lat="-41.2510932" lon="-71.4408811">
        <ele>1106.0000</ele>
      </trkpt>
      <trkpt lat="-41.2511108" lon="-71.4409890">
        <ele>1102.0000</ele>
      </trkpt>
      <trkpt lat="-41.2511417" lon="-71.4410887">
        <ele>1099.0000</ele>
      </trkpt>
      <trkpt lat="-41.2511627" lon="-71.4412370">
        <ele>1094.0000</ele>
      </trkpt>
      <trkpt lat="-41.2511665" lon="-71.4413567">
        <ele>1090.0000</ele>
      </trkpt>
      <trkpt lat="-41.2511699" lon="-71.4414408">
        <ele>1088.0000</ele>
      </trkpt>
      <trkpt lat="-41.2512005" lon="-71.4415309">
        <ele>1087.0000</ele>
      </trkpt>
      <trkpt lat="-41.2512207" lon="-71.4416703">
        <ele>1084.0000</ele>
      </trkpt>
      <trkpt lat="-41.2512310" lon="-71.4418023">
        <ele>1082.0000</ele>
      </trkpt>
      <trkpt lat="-41.2512361" lon="-71.4418600">
        <ele>1081.0000</ele>
      </trkpt>
      <trkpt lat="-41.2512342" lon="-71.4419267">
        <ele>1080.0000</ele>
      </trkpt>
      <trkpt lat="-41.2512206" lon="-71.4420161">
        <ele>1077.0000</ele>
      </trkpt>
      <trkpt lat="-41.2512143" lon="-71.4420768">
        <ele>1076.0000</ele>
      </trkpt>
      <trkpt lat="-41.2511907" lon="-71.4421878">
        <ele>1073.0000</ele>
      </trkpt>
      <trkpt lat="-41.2511611" lon="-71.4422501">
        <ele>1070.0000</ele>
      </trkpt>
      <trkpt lat="-41.2511242" lon="-71.4423102">
        <ele>1068.0000</ele>
      </trkpt>
      <trkpt lat="-41.2510806" lon="-71.4423817">
        <ele>1065.0000</ele>
      </trkpt>
      <trkpt lat="-41.2510312" lon="-71.4424528">
        <ele>1062.0000</ele>
      </trkpt>
      <trkpt lat="-41.2509815" lon="-71.4425107">
        <ele>1059.0000</ele>
      </trkpt>
      <trkpt lat="-41.2509551" lon="-71.4425390">
        <ele>1058.0000</ele>
      </trkpt>
      <trkpt lat="-41.2509037" lon="-71.4425607">
        <ele>1056.0000</ele>
      </trkpt>
      <trkpt lat="-41.2508612" lon="-71.4425756">
        <ele>1054.0000</ele>
      </trkpt>
      <trkpt lat="-41.2508043" lon="-71.4426076">
        <ele>1052.0000</ele>
      </trkpt>
      <trkpt lat="-41.2507587" lon="-71.4426455">
        <ele>1051.0000</ele>
      </trkpt>
      <trkpt lat="-41.2506940" lon="-71.4427157">
        <ele>1048.0000</ele>
      </trkpt>
      <trkpt lat="-41.2506573" lon="-71.4427791">
        <ele>1047.0000</ele>
      </trkpt>
      <trkpt lat="-41.2506016" lon="-71.4428693">
        <ele>1044.0000</ele>
      </trkpt>
      <trkpt lat="-41.2505772" lon="-71.4429183">
        <ele>1042.0000</ele>
      </trkpt>
      <trkpt lat="-41.2505514" lon="-71.4429827">
        <ele>1040.0000</ele>
      </trkpt>
      <trkpt lat="-41.2505304" lon="-71.4430562">
        <ele>1038.0000</ele>
      </trkpt>
      <trkpt lat="-41.2505179" lon="-71.4431513">
        <ele>1037.0000</ele>
      </trkpt>
      <trkpt lat="-41.2505124" lon="-71.4432424">
        <ele>1036.0000</ele>
      </trkpt>
      <trkpt lat="-41.2505093" lon="-71.4433468">
        <ele>1036.0000</ele>
      </trkpt>
      <trkpt lat="-41.2505054" lon="-71.4434718">
        <ele>1035.0000</ele>
      </trkpt>
      <trkpt lat="-41.2505028" lon="-71.4435622">
        <ele>1035.0000</ele>
      </trkpt>
      <trkpt lat="-41.2505143" lon="-71.4436471">
        <ele>1035.0000</ele>
      </trkpt>
      <trkpt lat="-41.2505441" lon="-71.4437280">
        <ele>1035.0000</ele>
      </trkpt>
      <trkpt lat="-41.2505812" lon="-71.4438447">
        <ele>1034.0000</ele>
      </trkpt>
      <trkpt lat="-41.2506275" lon="-71.4439592">
        <ele>1034.0000</ele>
      </trkpt>
      <trkpt lat="-41.2506544" lon="-71.4440161">
        <ele>1034.0000</ele>
      </trkpt>
      <trkpt lat="-41.2506974" lon="-71.4440985">
        <ele>1033.0000</ele>
      </trkpt>
      <trkpt lat="-41.2507387" lon="-71.4441751">
        <ele>1032.0000</ele>
      </trkpt>
      <trkpt lat="-41.2507862" lon="-71.4442601">
        <ele>1031.0000</ele>
      </trkpt>
      <trkpt lat="-41.2508387" lon="-71.4443718">
        <ele>1030.0000</ele>
      </trkpt>
      <trkpt lat="-41.2508867" lon="-71.4444477">
        <ele>1029.0000</ele>
      </trkpt>
      <trkpt lat="-41.2509593" lon="-71.4445711">
        <ele>1029.0000</ele>
      </trkpt>
      <trkpt lat="-41.2510120" lon="-71.4446586">
        <ele>1028.0000</ele>
      </trkpt>
      <trkpt lat="-41.2510602" lon="-71.4447447">
        <ele>1028.0000</ele>
      </trkpt>
      <trkpt lat="-41.2511238" lon="-71.4448553">
        <ele>1028.0000</ele>
      </trkpt>
      <trkpt lat="-41.2511699" lon="-71.4449328">
        <ele>1028.0000</ele>
      </trkpt>
      <trkpt lat="-41.2512342" lon="-71.4450349">
        <ele>1028.0000</ele>
      </trkpt>
      <trkpt lat="-41.2512865" lon="-71.4451182">
        <ele>1027.0000</ele>
      </trkpt>
      <trkpt lat="-41.2513728" lon="-71.4452610">
        <ele>1027.0000</ele>
      </trkpt>
      <trkpt lat="-41.2514262" lon="-71.4453537">
        <ele>1026.0000</ele>
      </trkpt>
      <trkpt lat="-41.2514718" lon="-71.4454354">
        <ele>1025.0000</ele>
      </trkpt>
      <trkpt lat="-41.2515413" lon="-71.4455523">
        <ele>1024.0000</ele>
      </trkpt>
      <trkpt lat="-41.2515869" lon="-71.4456365">
        <ele>1023.0000</ele>
      </trkpt>
      <trkpt lat="-41.2516609" lon="-71.4457240">
        <ele>1022.0000</ele>
      </trkpt>
      <trkpt lat="-41.2517400" lon="-71.4457962">
        <ele>1021.0000</ele>
      </trkpt>
      <trkpt lat="-41.2518426" lon="-71.4458991">
        <ele>1019.0000</ele>
      </trkpt>
      <trkpt lat="-41.2519516" lon="-71.4460112">
        <ele>1019.0000</ele>
      </trkpt>
      <trkpt lat="-41.2520229" lon="-71.4460838">
        <ele>1018.0000</ele>
      </trkpt>
      <trkpt lat="-41.2520597" lon="-71.4461306">
        <ele>1018.0000</ele>
      </trkpt>
      <trkpt lat="-41.2521312" lon="-71.4462404">
        <ele>1018.0000</ele>
      </trkpt>
      <trkpt lat="-41.2522329" lon="-71.4463705">
        <ele>1018.0000</ele>
      </trkpt>
      <trkpt lat="-41.2522958" lon="-71.4464740">
        <ele>1017.0000</ele>
      </trkpt>
      <trkpt lat="-41.2523366" lon="-71.4465181">
        <ele>1016.0000</ele>
      </trkpt>
      <trkpt lat="-41.2523739" lon="-71.4465770">
        <ele>1016.0000</ele>
      </trkpt>
      <trkpt lat="-41.2524292" lon="-71.4466640">
        <ele>1015.0000</ele>
      </trkpt>
      <trkpt lat="-41.2524334" lon="-71.4467341">
        <ele>1014.0000</ele>
      </trkpt>
      <trkpt lat="-41.2524266" lon="-71.4468150">
        <ele>1011.0000</ele>
      </trkpt>
      <trkpt lat="-41.2524284" lon="-71.4469075">
        <ele>1009.0000</ele>
      </trkpt>
      <trkpt lat="-41.2524123" lon="-71.4470259">
        <ele>1006.0000</ele>
      </trkpt>
      <trkpt lat="-41.2523941" lon="-71.4471870">
        <ele>1002.0000</ele>
      </trkpt>
      <trkpt lat="-41.2523927" lon="-71.4472540">
        <ele>1001.0000</ele>
      </trkpt>
      <trkpt lat="-41.2523790" lon="-71.4473518">
        <ele>999.00000</ele>
      </trkpt>
      <trkpt lat="-41.2523854" lon="-71.4474247">
        <ele>997.00000</ele>
      </trkpt>
      <trkpt lat="-41.2523770" lon="-71.4475372">
        <ele>995.00000</ele>
      </trkpt>
      <trkpt lat="-41.2523787" lon="-71.4476644">
        <ele>993.00000</ele>
      </trkpt>
      <trkpt lat="-41.2523809" lon="-71.4477390">
        <ele>992.00000</ele>
      </trkpt>
      <trkpt lat="-41.2523910" lon="-71.4478282">
        <ele>991.00000</ele>
      </trkpt>
      <trkpt lat="-41.2524162" lon="-71.4480044">
        <ele>990.00000</ele>
      </trkpt>
      <trkpt lat="-41.2524234" lon="-71.4481244">
        <ele>988.00000</ele>
      </trkpt>
      <trkpt lat="-41.2524515" lon="-71.4482800">
        <ele>987.00000</ele>
      </trkpt>
      <trkpt lat="-41.2524698" lon="-71.4483690">
        <ele>986.00000</ele>
      </trkpt>
      <trkpt lat="-41.2524883" lon="-71.4484734">
        <ele>986.00000</ele>
      </trkpt>
      <trkpt lat="-41.2524981" lon="-71.4485500">
        <ele>985.00000</ele>
      </trkpt>
      <trkpt lat="-41.2525253" lon="-71.4486317">
        <ele>985.00000</ele>
      </trkpt>
      <trkpt lat="-41.2525601" lon="-71.4487183">
        <ele>986.00000</ele>
      </trkpt>
      <trkpt lat="-41.2525920" lon="-71.4488270">
        <ele>986.00000</ele>
      </trkpt>
      <trkpt lat="-41.2526259" lon="-71.4489391">
        <ele>986.00000</ele>
      </trkpt>
      <trkpt lat="-41.2526459" lon="-71.4490233">
        <ele>985.00000</ele>
      </trkpt>
      <trkpt lat="-41.2526809" lon="-71.4491520">
        <ele>985.00000</ele>
      </trkpt>
      <trkpt lat="-41.2527123" lon="-71.4492755">
        <ele>984.00000</ele>
      </trkpt>
      <trkpt lat="-41.2527452" lon="-71.4494245">
        <ele>984.00000</ele>
      </trkpt>
      <trkpt lat="-41.2527707" lon="-71.4495638">
        <ele>983.00000</ele>
      </trkpt>
      <trkpt lat="-41.2527980" lon="-71.4496748">
        <ele>984.00000</ele>
      </trkpt>
      <trkpt lat="-41.2528350" lon="-71.4497920">
        <ele>984.00000</ele>
      </trkpt>
      <trkpt lat="-41.2528704" lon="-71.4499264">
        <ele>983.00000</ele>
      </trkpt>
      <trkpt lat="-41.2528784" lon="-71.4500140">
        <ele>982.00000</ele>
      </trkpt>
      <trkpt lat="-41.2528981" lon="-71.4501113">
        <ele>982.00000</ele>
      </trkpt>
      <trkpt lat="-41.2529154" lon="-71.4502385">
        <ele>980.00000</ele>
      </trkpt>
      <trkpt lat="-41.2529554" lon="-71.4503463">
        <ele>981.00000</ele>
      </trkpt>
      <trkpt lat="-41.2530165" lon="-71.4504686">
        <ele>981.00000</ele>
      </trkpt>
      <trkpt lat="-41.2530804" lon="-71.4506091">
        <ele>981.00000</ele>
      </trkpt>
      <trkpt lat="-41.2531324" lon="-71.4507413">
        <ele>981.00000</ele>
      </trkpt>
      <trkpt lat="-41.2531894" lon="-71.4508737">
        <ele>980.00000</ele>
      </trkpt>
      <trkpt lat="-41.2532495" lon="-71.4509919">
        <ele>980.00000</ele>
      </trkpt>
      <trkpt lat="-41.2533010" lon="-71.4510966">
        <ele>979.00000</ele>
      </trkpt>
      <trkpt lat="-41.2533502" lon="-71.4511871">
        <ele>978.00000</ele>
      </trkpt>
      <trkpt lat="-41.2533785" lon="-71.4512661">
        <ele>976.00000</ele>
      </trkpt>
      <trkpt lat="-41.2534197" lon="-71.4513285">
        <ele>974.00000</ele>
      </trkpt>
      <trkpt lat="-41.2534900" lon="-71.4514097">
        <ele>972.00000</ele>
      </trkpt>
      <trkpt lat="-41.2535257" lon="-71.4514602">
        <ele>970.00000</ele>
      </trkpt>
      <trkpt lat="-41.2535457" lon="-71.4515139">
        <ele>968.00000</ele>
      </trkpt>
      <trkpt lat="-41.2535679" lon="-71.4515745">
        <ele>967.00000</ele>
      </trkpt>
      <trkpt lat="-41.2535699" lon="-71.4516268">
        <ele>965.00000</ele>
      </trkpt>
      <trkpt lat="-41.2535977" lon="-71.4516787">
        <ele>964.00000</ele>
      </trkpt>
      <trkpt lat="-41.2536316" lon="-71.4517367">
        <ele>961.00000</ele>
      </trkpt>
      <trkpt lat="-41.2536576" lon="-71.4517718">
        <ele>959.00000</ele>
      </trkpt>
      <trkpt lat="-41.2537115" lon="-71.4518355">
        <ele>957.00000</ele>
      </trkpt>
      <trkpt lat="-41.2537367" lon="-71.4518786">
        <ele>955.00000</ele>
      </trkpt>
      <trkpt lat="-41.2537577" lon="-71.4519172">
        <ele>953.00000</ele>
      </trkpt>
      <trkpt lat="-41.2537694" lon="-71.4519457">
        <ele>953.00000</ele>
      </trkpt>
      <trkpt lat="-41.2537863" lon="-71.4519918">
        <ele>951.00000</ele>
      </trkpt>
      <trkpt lat="-41.2537873" lon="-71.4520356">
        <ele>950.00000</ele>
      </trkpt>
      <trkpt lat="-41.2537891" lon="-71.4520935">
        <ele>949.00000</ele>
      </trkpt>
      <trkpt lat="-41.2537921" lon="-71.4521478">
        <ele>948.00000</ele>
      </trkpt>
      <trkpt lat="-41.2537944" lon="-71.4521998">
        <ele>947.00000</ele>
      </trkpt>
      <trkpt lat="-41.2537905" lon="-71.4522477">
        <ele>946.00000</ele>
      </trkpt>
      <trkpt lat="-41.2537835" lon="-71.4522984">
        <ele>946.00000</ele>
      </trkpt>
      <trkpt lat="-41.2537760" lon="-71.4523466">
        <ele>945.00000</ele>
      </trkpt>
      <trkpt lat="-41.2537758" lon="-71.4524221">
        <ele>943.00000</ele>
      </trkpt>
      <trkpt lat="-41.2537685" lon="-71.4524792">
        <ele>943.00000</ele>
      </trkpt>
      <trkpt lat="-41.2537579" lon="-71.4525357">
        <ele>942.00000</ele>
      </trkpt>
      <trkpt lat="-41.2537646" lon="-71.4525669">
        <ele>941.00000</ele>
      </trkpt>
      <trkpt lat="-41.2537729" lon="-71.4526025">
        <ele>940.00000</ele>
      </trkpt>
      <trkpt lat="-41.2537805" lon="-71.4526367">
        <ele>939.00000</ele>
      </trkpt>
      <trkpt lat="-41.2537852" lon="-71.4526682">
        <ele>939.00000</ele>
      </trkpt>
      <trkpt lat="-41.2538016" lon="-71.4527250">
        <ele>937.00000</ele>
      </trkpt>
      <trkpt lat="-41.2538148" lon="-71.4527759">
        <ele>936.00000</ele>
      </trkpt>
      <trkpt lat="-41.2538258" lon="-71.4528319">
        <ele>934.00000</ele>
      </trkpt>
      <trkpt lat="-41.2538374" lon="-71.4528749">
        <ele>932.00000</ele>
      </trkpt>
      <trkpt lat="-41.2538525" lon="-71.4529299">
        <ele>931.00000</ele>
      </trkpt>
      <trkpt lat="-41.2538642" lon="-71.4529746">
        <ele>929.00000</ele>
      </trkpt>
      <trkpt lat="-41.2538762" lon="-71.4530153">
        <ele>928.00000</ele>
      </trkpt>
      <trkpt lat="-41.2538776" lon="-71.4530762">
        <ele>926.00000</ele>
      </trkpt>
      <trkpt lat="-41.2538793" lon="-71.4531075">
        <ele>925.00000</ele>
      </trkpt>
      <trkpt lat="-41.2538790" lon="-71.4531524">
        <ele>924.00000</ele>
      </trkpt>
      <trkpt lat="-41.2538804" lon="-71.4531877">
        <ele>924.00000</ele>
      </trkpt>
      <trkpt lat="-41.2538792" lon="-71.4532659">
        <ele>922.00000</ele>
      </trkpt>
      <trkpt lat="-41.2538791" lon="-71.4533081">
        <ele>920.00000</ele>
      </trkpt>
      <trkpt lat="-41.2538784" lon="-71.4533484">
        <ele>919.00000</ele>
      </trkpt>
      <trkpt lat="-41.2538757" lon="-71.4534036">
        <ele>918.00000</ele>
      </trkpt>
      <trkpt lat="-41.2538669" lon="-71.4534393">
        <ele>918.00000</ele>
      </trkpt>
      <trkpt lat="-41.2538736" lon="-71.4534624">
        <ele>917.00000</ele>
      </trkpt>
      <trkpt lat="-41.2538842" lon="-71.4534897">
        <ele>916.00000</ele>
      </trkpt>
      <trkpt lat="-41.2538933" lon="-71.4535124">
        <ele>915.00000</ele>
      </trkpt>
      <trkpt lat="-41.2539242" lon="-71.4535386">
        <ele>914.00000</ele>
      </trkpt>
      <trkpt lat="-41.2539531" lon="-71.4535503">
        <ele>914.00000</ele>
      </trkpt>
      <trkpt lat="-41.2539731" lon="-71.4535732">
        <ele>913.00000</ele>
      </trkpt>
      <trkpt lat="-41.2539919" lon="-71.4536146">
        <ele>912.00000</ele>
      </trkpt>
      <trkpt lat="-41.2540020" lon="-71.4536457">
        <ele>911.00000</ele>
      </trkpt>
      <trkpt lat="-41.2540106" lon="-71.4536852">
        <ele>910.00000</ele>
      </trkpt>
      <trkpt lat="-41.2540150" lon="-71.4537210">
        <ele>909.00000</ele>
      </trkpt>
      <trkpt lat="-41.2540036" lon="-71.4537467">
        <ele>909.00000</ele>
      </trkpt>
      <trkpt lat="-41.2539924" lon="-71.4537681">
        <ele>908.00000</ele>
      </trkpt>
      <trkpt lat="-41.2539935" lon="-71.4537901">
        <ele>908.00000</ele>
      </trkpt>
      <trkpt lat="-41.2540025" lon="-71.4538274">
        <ele>907.00000</ele>
      </trkpt>
      <trkpt lat="-41.2540122" lon="-71.4538478">
        <ele>906.00000</ele>
      </trkpt>
      <trkpt lat="-41.2540337" lon="-71.4538744">
        <ele>906.00000</ele>
      </trkpt>
      <trkpt lat="-41.2540394" lon="-71.4539030">
        <ele>905.00000</ele>
      </trkpt>
      <trkpt lat="-41.2540437" lon="-71.4539257">
        <ele>904.00000</ele>
      </trkpt>
      <trkpt lat="-41.2540346" lon="-71.4539486">
        <ele>904.00000</ele>
      </trkpt>
      <trkpt lat="-41.2540168" lon="-71.4539624">
        <ele>904.00000</ele>
      </trkpt>
      <trkpt lat="-41.2539849" lon="-71.4539769">
        <ele>904.00000</ele>
      </trkpt>
      <trkpt lat="-41.2539458" lon="-71.4539828">
        <ele>905.00000</ele>
      </trkpt>
      <trkpt lat="-41.2539084" lon="-71.4539900">
        <ele>905.00000</ele>
      </trkpt>
      <trkpt lat="-41.2538685" lon="-71.4540068">
        <ele>905.00000</ele>
      </trkpt>
      <trkpt lat="-41.2538160" lon="-71.4540210">
        <ele>905.00000</ele>
      </trkpt>
      <trkpt lat="-41.2537865" lon="-71.4540327">
        <ele>904.00000</ele>
      </trkpt>
      <trkpt lat="-41.2537638" lon="-71.4540454">
        <ele>904.00000</ele>
      </trkpt>
      <trkpt lat="-41.2537268" lon="-71.4540601">
        <ele>904.00000</ele>
      </trkpt>
      <trkpt lat="-41.2536828" lon="-71.4540777">
        <ele>903.00000</ele>
      </trkpt>
      <trkpt lat="-41.2536576" lon="-71.4540867">
        <ele>903.00000</ele>
      </trkpt>
      <trkpt lat="-41.2536292" lon="-71.4540956">
        <ele>903.00000</ele>
      </trkpt>
      <trkpt lat="-41.2536105" lon="-71.4540993">
        <ele>903.00000</ele>
      </trkpt>
      <trkpt lat="-41.2535818" lon="-71.4540968">
        <ele>903.00000</ele>
      </trkpt>
      <trkpt lat="-41.2535403" lon="-71.4540990">
        <ele>902.00000</ele>
      </trkpt>
      <trkpt lat="-41.2535012" lon="-71.4540936">
        <ele>902.00000</ele>
      </trkpt>
      <trkpt lat="-41.2534842" lon="-71.4540864">
        <ele>902.00000</ele>
      </trkpt>
      <trkpt lat="-41.2534505" lon="-71.4540736">
        <ele>902.00000</ele>
      </trkpt>
      <trkpt lat="-41.2534216" lon="-71.4540704">
        <ele>902.00000</ele>
      </trkpt>
      <trkpt lat="-41.2534158" lon="-71.4540830">
        <ele>901.00000</ele>
      </trkpt>
      <trkpt lat="-41.2534109" lon="-71.4541014">
        <ele>901.00000</ele>
      </trkpt>
      <trkpt lat="-41.2534062" lon="-71.4541317">
        <ele>900.00000</ele>
      </trkpt>
      <trkpt lat="-41.2534065" lon="-71.4541689">
        <ele>899.00000</ele>
      </trkpt>
      <trkpt lat="-41.2534014" lon="-71.4542022">
        <ele>898.00000</ele>
      </trkpt>
      <trkpt lat="-41.2533843" lon="-71.4542223">
        <ele>897.00000</ele>
      </trkpt>
      <trkpt lat="-41.2533572" lon="-71.4542257">
        <ele>897.00000</ele>
      </trkpt>
      <trkpt lat="-41.2533316" lon="-71.4542320">
        <ele>897.00000</ele>
      </trkpt>
      <trkpt lat="-41.2532803" lon="-71.4542416">
        <ele>895.00000</ele>
      </trkpt>
      <trkpt lat="-41.2532453" lon="-71.4542504">
        <ele>894.00000</ele>
      </trkpt>
      <trkpt lat="-41.2531986" lon="-71.4542525">
        <ele>893.00000</ele>
      </trkpt>
      <trkpt lat="-41.2531595" lon="-71.4542502">
        <ele>893.00000</ele>
      </trkpt>
      <trkpt lat="-41.2531188" lon="-71.4542490">
        <ele>892.00000</ele>
      </trkpt>
      <trkpt lat="-41.2530773" lon="-71.4542469">
        <ele>891.00000</ele>
      </trkpt>
      <trkpt lat="-41.2530507" lon="-71.4542424">
        <ele>890.00000</ele>
      </trkpt>
      <trkpt lat="-41.2530201" lon="-71.4542518">
        <ele>889.00000</ele>
      </trkpt>
      <trkpt lat="-41.2529861" lon="-71.4542564">
        <ele>888.00000</ele>
      </trkpt>
      <trkpt lat="-41.2529388" lon="-71.4542579">
        <ele>887.00000</ele>
      </trkpt>
      <trkpt lat="-41.2528898" lon="-71.4542568">
        <ele>885.00000</ele>
      </trkpt>
      <trkpt lat="-41.2528429" lon="-71.4542594">
        <ele>884.00000</ele>
      </trkpt>
      <trkpt lat="-41.2528144" lon="-71.4542634">
        <ele>883.00000</ele>
      </trkpt>
      <trkpt lat="-41.2527915" lon="-71.4542642">
        <ele>882.00000</ele>
      </trkpt>
      <trkpt lat="-41.2527545" lon="-71.4542664">
        <ele>881.00000</ele>
      </trkpt>
      <trkpt lat="-41.2527049" lon="-71.4542620">
        <ele>880.00000</ele>
      </trkpt>
      <trkpt lat="-41.2526579" lon="-71.4542596">
        <ele>879.00000</ele>
      </trkpt>
      <trkpt lat="-41.2526272" lon="-71.4542580">
        <ele>878.00000</ele>
      </trkpt>
      <trkpt lat="-41.2525872" lon="-71.4542589">
        <ele>877.00000</ele>
      </trkpt>
      <trkpt lat="-41.2525565" lon="-71.4542639">
        <ele>876.00000</ele>
      </trkpt>
      <trkpt lat="-41.2525209" lon="-71.4542700">
        <ele>875.00000</ele>
      </trkpt>
      <trkpt lat="-41.2524916" lon="-71.4542734">
        <ele>874.00000</ele>
      </trkpt>
      <trkpt lat="-41.2524521" lon="-71.4542790">
        <ele>873.00000</ele>
      </trkpt>
      <trkpt lat="-41.2524238" lon="-71.4542867">
        <ele>872.00000</ele>
      </trkpt>
      <trkpt lat="-41.2523979" lon="-71.4542900">
        <ele>872.00000</ele>
      </trkpt>
      <trkpt lat="-41.2523577" lon="-71.4542975">
        <ele>871.00000</ele>
      </trkpt>
      <trkpt lat="-41.2523181" lon="-71.4542992">
        <ele>870.00000</ele>
      </trkpt>
      <trkpt lat="-41.2522922" lon="-71.4542963">
        <ele>869.00000</ele>
      </trkpt>
      <trkpt lat="-41.2522670" lon="-71.4542911">
        <ele>869.00000</ele>
      </trkpt>
      <trkpt lat="-41.2522497" lon="-71.4542872">
        <ele>868.00000</ele>
      </trkpt>
      <trkpt lat="-41.2522277" lon="-71.4542792">
        <ele>868.00000</ele>
      </trkpt>
      <trkpt lat="-41.2521965" lon="-71.4542592">
        <ele>868.00000</ele>
      </trkpt>
      <trkpt lat="-41.2521824" lon="-71.4542526">
        <ele>867.00000</ele>
      </trkpt>
      <trkpt lat="-41.2521648" lon="-71.4542389">
        <ele>867.00000</ele>
      </trkpt>
      <trkpt lat="-41.2521468" lon="-71.4542285">
        <ele>867.00000</ele>
      </trkpt>
      <trkpt lat="-41.2521309" lon="-71.4542202">
        <ele>867.00000</ele>
      </trkpt>
      <trkpt lat="-41.2521186" lon="-71.4542143">
        <ele>866.00000</ele>
      </trkpt>
      <trkpt lat="-41.2520933" lon="-71.4542005">
        <ele>866.00000</ele>
      </trkpt>
      <trkpt lat="-41.2520736" lon="-71.4541892">
        <ele>866.00000</ele>
      </trkpt>
      <trkpt lat="-41.2520487" lon="-71.4541820">
        <ele>865.00000</ele>
      </trkpt>
      <trkpt lat="-41.2520130" lon="-71.4541828">
        <ele>865.00000</ele>
      </trkpt>
      <trkpt lat="-41.2519742" lon="-71.4541754">
        <ele>864.00000</ele>
      </trkpt>
      <trkpt lat="-41.2519497" lon="-71.4541758">
        <ele>863.00000</ele>
      </trkpt>
      <trkpt lat="-41.2519183" lon="-71.4541680">
        <ele>863.00000</ele>
      </trkpt>
      <trkpt lat="-41.2519048" lon="-71.4541600">
        <ele>862.00000</ele>
      </trkpt>
      <trkpt lat="-41.2518802" lon="-71.4541474">
        <ele>862.00000</ele>
      </trkpt>
      <trkpt lat="-41.2518588" lon="-71.4541403">
        <ele>861.00000</ele>
      </trkpt>
      <trkpt lat="-41.2518365" lon="-71.4541368">
        <ele>860.00000</ele>
      </trkpt>
      <trkpt lat="-41.2518184" lon="-71.4541338">
        <ele>860.00000</ele>
      </trkpt>
      <trkpt lat="-41.2517971" lon="-71.4541465">
        <ele>859.00000</ele>
      </trkpt>
      <trkpt lat="-41.2517881" lon="-71.4541499">
        <ele>859.00000</ele>
      </trkpt>
      <trkpt lat="-41.2517742" lon="-71.4541636">
        <ele>858.00000</ele>
      </trkpt>
      <trkpt lat="-41.2517610" lon="-71.4541819">
        <ele>857.00000</ele>
      </trkpt>
      <trkpt lat="-41.2517529" lon="-71.4541966">
        <ele>857.00000</ele>
      </trkpt>
      <trkpt lat="-41.2517429" lon="-71.4542219">
        <ele>856.00000</ele>
      </trkpt>
      <trkpt lat="-41.2517362" lon="-71.4542400">
        <ele>856.00000</ele>
      </trkpt>
      <trkpt lat="-41.2517203" lon="-71.4542641">
        <ele>855.00000</ele>
      </trkpt>
      <trkpt lat="-41.2516949" lon="-71.4542888">
        <ele>854.00000</ele>
      </trkpt>
      <trkpt lat="-41.2516837" lon="-71.4543040">
        <ele>853.00000</ele>
      </trkpt>
      <trkpt lat="-41.2516747" lon="-71.4543138">
        <ele>853.00000</ele>
      </trkpt>
      <trkpt lat="-41.2516586" lon="-71.4543192">
        <ele>852.00000</ele>
      </trkpt>
      <trkpt lat="-41.2516367" lon="-71.4543228">
        <ele>852.00000</ele>
      </trkpt>
      <trkpt lat="-41.2516127" lon="-71.4543272">
        <ele>851.00000</ele>
      </trkpt>
      <trkpt lat="-41.2515925" lon="-71.4543304">
        <ele>851.00000</ele>
      </trkpt>
      <trkpt lat="-41.2515717" lon="-71.4543437">
        <ele>850.00000</ele>
      </trkpt>
      <trkpt lat="-41.2515640" lon="-71.4543653">
        <ele>850.00000</ele>
      </trkpt>
      <trkpt lat="-41.2515659" lon="-71.4543839">
        <ele>850.00000</ele>
      </trkpt>
      <trkpt lat="-41.2515598" lon="-71.4544224">
        <ele>849.00000</ele>
      </trkpt>
      <trkpt lat="-41.2515526" lon="-71.4544460">
        <ele>848.00000</ele>
      </trkpt>
      <trkpt lat="-41.2515449" lon="-71.4544724">
        <ele>848.00000</ele>
      </trkpt>
      <trkpt lat="-41.2515393" lon="-71.4544995">
        <ele>848.00000</ele>
      </trkpt>
      <trkpt lat="-41.2515315" lon="-71.4545187">
        <ele>848.00000</ele>
      </trkpt>
      <trkpt lat="-41.2515130" lon="-71.4545206">
        <ele>848.00000</ele>
      </trkpt>
      <trkpt lat="-41.2515016" lon="-71.4545187">
        <ele>847.00000</ele>
      </trkpt>
      <trkpt lat="-41.2514820" lon="-71.4545064">
        <ele>847.00000</ele>
      </trkpt>
      <trkpt lat="-41.2514715" lon="-71.4544955">
        <ele>847.00000</ele>
      </trkpt>
      <trkpt lat="-41.2514376" lon="-71.4544603">
        <ele>846.00000</ele>
      </trkpt>
      <trkpt lat="-41.2514123" lon="-71.4544403">
        <ele>846.00000</ele>
      </trkpt>
      <trkpt lat="-41.2513840" lon="-71.4544206">
        <ele>846.00000</ele>
      </trkpt>
      <trkpt lat="-41.2513464" lon="-71.4544111">
        <ele>846.00000</ele>
      </trkpt>
      <trkpt lat="-41.2513058" lon="-71.4543961">
        <ele>846.00000</ele>
      </trkpt>
      <trkpt lat="-41.2512789" lon="-71.4543882">
        <ele>846.00000</ele>
      </trkpt>
      <trkpt lat="-41.2511836" lon="-71.4543342">
        <ele>845.00000</ele>
      </trkpt>
      <trkpt lat="-41.2511460" lon="-71.4543839">
        <ele>845.00000</ele>
      </trkpt>
      <trkpt lat="-41.2511137" lon="-71.4544255">
        <ele>845.00000</ele>
      </trkpt>
      <trkpt lat="-41.2510875" lon="-71.4544683">
        <ele>844.00000</ele>
      </trkpt>
      <trkpt lat="-41.2510498" lon="-71.4545194">
        <ele>844.00000</ele>
      </trkpt>
      <trkpt lat="-41.2509769" lon="-71.4545185">
        <ele>844.00000</ele>
      </trkpt>
      <trkpt lat="-41.2508676" lon="-71.4545012">
        <ele>843.00000</ele>
      </trkpt>
      <trkpt lat="-41.2507780" lon="-71.4545174">
        <ele>842.00000</ele>
      </trkpt>
      <trkpt lat="-41.2507240" lon="-71.4545725">
        <ele>842.00000</ele>
      </trkpt>
      <trkpt lat="-41.2506580" lon="-71.4546256">
        <ele>842.00000</ele>
      </trkpt>
      <trkpt lat="-41.2505873" lon="-71.4546897">
        <ele>842.00000</ele>
      </trkpt>
      <trkpt lat="-41.2505229" lon="-71.4547589">
        <ele>843.00000</ele>
      </trkpt>
      <trkpt lat="-41.2504391" lon="-71.4548434">
        <ele>843.00000</ele>
      </trkpt>
      <trkpt lat="-41.2504005" lon="-71.4548866">
        <ele>844.00000</ele>
      </trkpt>
      <trkpt lat="-41.2503400" lon="-71.4549413">
        <ele>844.00000</ele>
      </trkpt>
      <trkpt lat="-41.2502251" lon="-71.4549328">
        <ele>844.00000</ele>
      </trkpt>
      <trkpt lat="-41.2500728" lon="-71.4549265">
        <ele>843.00000</ele>
      </trkpt>
      <trkpt lat="-41.2499473" lon="-71.4549315">
        <ele>843.00000</ele>
      </trkpt>
      <trkpt lat="-41.2498084" lon="-71.4549405">
        <ele>843.00000</ele>
      </trkpt>
      <trkpt lat="-41.2496546" lon="-71.4549362">
        <ele>843.00000</ele>
      </trkpt>
      <trkpt lat="-41.2495166" lon="-71.4549596">
        <ele>843.00000</ele>
      </trkpt>
      <trkpt lat="-41.2493710" lon="-71.4549472">
        <ele>842.00000</ele>
      </trkpt>
      <trkpt lat="-41.2492749" lon="-71.4549187">
        <ele>841.00000</ele>
      </trkpt>
      <trkpt lat="-41.2491538" lon="-71.4548538">
        <ele>841.00000</ele>
      </trkpt>
      <trkpt lat="-41.2490321" lon="-71.4547919">
        <ele>841.00000</ele>
      </trkpt>
      <trkpt lat="-41.2488818" lon="-71.4547635">
        <ele>841.00000</ele>
      </trkpt>
      <trkpt lat="-41.2487652" lon="-71.4547573">
        <ele>841.00000</ele>
      </trkpt>
      <trkpt lat="-41.2486291" lon="-71.4547579">
        <ele>841.00000</ele>
      </trkpt>
      <trkpt lat="-41.2485217" lon="-71.4547846">
        <ele>840.00000</ele>
      </trkpt>
      <trkpt lat="-41.2484125" lon="-71.4547988">
        <ele>840.00000</ele>
      </trkpt>
      <trkpt lat="-41.2482244" lon="-71.4547843">
        <ele>839.00000</ele>
      </trkpt>
      <trkpt lat="-41.2481111" lon="-71.4547541">
        <ele>839.00000</ele>
      </trkpt>
      <trkpt lat="-41.2480351" lon="-71.4546662">
        <ele>838.00000</ele>
      </trkpt>
      <trkpt lat="-41.2479423" lon="-71.4545464">
        <ele>837.00000</ele>
      </trkpt>
      <trkpt lat="-41.2478872" lon="-71.4544392">
        <ele>836.00000</ele>
      </trkpt>
      <trkpt lat="-41.2478262" lon="-71.4543208">
        <ele>836.00000</ele>
      </trkpt>
      <trkpt lat="-41.2477686" lon="-71.4542025">
        <ele>836.00000</ele>
      </trkpt>
      <trkpt lat="-41.2477152" lon="-71.4541138">
        <ele>835.00000</ele>
      </trkpt>
      <trkpt lat="-41.2475837" lon="-71.4539886">
        <ele>835.00000</ele>
      </trkpt>
      <trkpt lat="-41.2474668" lon="-71.4539037">
        <ele>834.00000</ele>
      </trkpt>
      <trkpt lat="-41.2473639" lon="-71.4538283">
        <ele>835.00000</ele>
      </trkpt>
      <trkpt lat="-41.2472497" lon="-71.4537695">
        <ele>835.00000</ele>
      </trkpt>
      <trkpt lat="-41.2471375" lon="-71.4537235">
        <ele>835.00000</ele>
      </trkpt>
      <trkpt lat="-41.2470365" lon="-71.4537214">
        <ele>836.00000</ele>
      </trkpt>
      <trkpt lat="-41.2469336" lon="-71.4537215">
        <ele>836.00000</ele>
      </trkpt>
      <trkpt lat="-41.2468260" lon="-71.4537217">
        <ele>835.00000</ele>
      </trkpt>
      <trkpt lat="-41.2467229" lon="-71.4537407">
        <ele>834.00000</ele>
      </trkpt>
      <trkpt lat="-41.2465955" lon="-71.4537153">
        <ele>833.00000</ele>
      </trkpt>
      <trkpt lat="-41.2464998" lon="-71.4536997">
        <ele>832.00000</ele>
      </trkpt>
      <trkpt lat="-41.2464034" lon="-71.4536318">
        <ele>831.00000</ele>
      </trkpt>
      <trkpt lat="-41.2463104" lon="-71.4535728">
        <ele>831.00000</ele>
      </trkpt>
      <trkpt lat="-41.2462077" lon="-71.4535099">
        <ele>830.00000</ele>
      </trkpt>
      <trkpt lat="-41.2461216" lon="-71.4534660">
        <ele>829.00000</ele>
      </trkpt>
      <trkpt lat="-41.2460197" lon="-71.4534005">
        <ele>828.00000</ele>
      </trkpt>
      <trkpt lat="-41.2459421" lon="-71.4532877">
        <ele>828.00000</ele>
      </trkpt>
      <trkpt lat="-41.2458356" lon="-71.4531244">
        <ele>826.00000</ele>
      </trkpt>
      <trkpt lat="-41.2457409" lon="-71.4529949">
        <ele>823.00000</ele>
      </trkpt>
      <trkpt lat="-41.2457085" lon="-71.4528627">
        <ele>822.00000</ele>
      </trkpt>
      <trkpt lat="-41.2457059" lon="-71.4527425">
        <ele>821.00000</ele>
      </trkpt>
      <trkpt lat="-41.2457110" lon="-71.4526362">
        <ele>821.00000</ele>
      </trkpt>
      <trkpt lat="-41.2457235" lon="-71.4525504">
        <ele>821.00000</ele>
      </trkpt>
      <trkpt lat="-41.2457558" lon="-71.4525187">
        <ele>822.00000</ele>
      </trkpt>
      <trkpt lat="-41.2458045" lon="-71.4524462">
        <ele>823.00000</ele>
      </trkpt>
      <trkpt lat="-41.2458766" lon="-71.4523587">
        <ele>825.00000</ele>
      </trkpt>
      <trkpt lat="-41.2459629" lon="-71.4522406">
        <ele>826.00000</ele>
      </trkpt>
      <trkpt lat="-41.2460125" lon="-71.4521490">
        <ele>828.00000</ele>
      </trkpt>
      <trkpt lat="-41.2460356" lon="-71.4520301">
        <ele>829.00000</ele>
      </trkpt>
      <trkpt lat="-41.2460509" lon="-71.4518978">
        <ele>830.00000</ele>
      </trkpt>
      <trkpt lat="-41.2460433" lon="-71.4517526">
        <ele>831.00000</ele>
      </trkpt>
      <trkpt lat="-41.2459944" lon="-71.4516467">
        <ele>830.00000</ele>
      </trkpt>
      <trkpt lat="-41.2458766" lon="-71.4514835">
        <ele>827.00000</ele>
      </trkpt>
      <trkpt lat="-41.2457639" lon="-71.4513829">
        <ele>826.00000</ele>
      </trkpt>
      <trkpt lat="-41.2457523" lon="-71.4513595">
        <ele>825.00000</ele>
      </trkpt>
      <trkpt lat="-41.2456330" lon="-71.4512559">
        <ele>823.00000</ele>
      </trkpt>
      <trkpt lat="-41.2454976" lon="-71.4511732">
        <ele>822.00000</ele>
      </trkpt>
      <trkpt lat="-41.2453944" lon="-71.4510745">
        <ele>822.00000</ele>
      </trkpt>
      <trkpt lat="-41.2453032" lon="-71.4509967">
        <ele>821.00000</ele>
      </trkpt>
      <trkpt lat="-41.2452295" lon="-71.4509302">
        <ele>820.00000</ele>
      </trkpt>
      <trkpt lat="-41.2451333" lon="-71.4508632">
        <ele>818.00000</ele>
      </trkpt>
      <trkpt lat="-41.2450626" lon="-71.4508258">
        <ele>817.00000</ele>
      </trkpt>
      <trkpt lat="-41.2449744" lon="-71.4510408">
        <ele>816.00000</ele>
      </trkpt>
      <trkpt lat="-41.2448884" lon="-71.4511826">
        <ele>814.00000</ele>
      </trkpt>
      <trkpt lat="-41.2447942" lon="-71.4513542">
        <ele>811.00000</ele>
      </trkpt>
      <trkpt lat="-41.2446517" lon="-71.4516084">
        <ele>809.00000</ele>
      </trkpt>
      <trkpt lat="-41.2445788" lon="-71.4517761">
        <ele>809.00000</ele>
      </trkpt>
      <trkpt lat="-41.2444887" lon="-71.4519885">
        <ele>810.00000</ele>
      </trkpt>
      <trkpt lat="-41.2443744" lon="-71.4521948">
        <ele>810.00000</ele>
      </trkpt>
      <trkpt lat="-41.2443228" lon="-71.4523681">
        <ele>810.00000</ele>
      </trkpt>
      <trkpt lat="-41.2442459" lon="-71.4524873">
        <ele>810.00000</ele>
      </trkpt>
      <trkpt lat="-41.2441578" lon="-71.4526121">
        <ele>809.00000</ele>
      </trkpt>
      <trkpt lat="-41.2440939" lon="-71.4528155">
        <ele>810.00000</ele>
      </trkpt>
      <trkpt lat="-41.2440262" lon="-71.4529584">
        <ele>810.00000</ele>
      </trkpt>
      <trkpt lat="-41.2440481" lon="-71.4530908">
        <ele>811.00000</ele>
      </trkpt>
      <trkpt lat="-41.2440942" lon="-71.4531321">
        <ele>812.00000</ele>
      </trkpt>
      <trkpt lat="-41.2441666" lon="-71.4531949">
        <ele>813.00000</ele>
      </trkpt>
      <trkpt lat="-41.2442227" lon="-71.4532762">
        <ele>814.00000</ele>
      </trkpt>
      <trkpt lat="-41.2443181" lon="-71.4534110">
        <ele>815.00000</ele>
      </trkpt>
      <trkpt lat="-41.2443777" lon="-71.4534984">
        <ele>816.00000</ele>
      </trkpt>
      <trkpt lat="-41.2444237" lon="-71.4535987">
        <ele>816.00000</ele>
      </trkpt>
      <trkpt lat="-41.2444889" lon="-71.4537158">
        <ele>817.00000</ele>
      </trkpt>
      <trkpt lat="-41.2446226" lon="-71.4539173">
        <ele>819.00000</ele>
      </trkpt>
      <trkpt lat="-41.2446930" lon="-71.4540607">
        <ele>819.00000</ele>
      </trkpt>
      <trkpt lat="-41.2446901" lon="-71.4542915">
        <ele>819.00000</ele>
      </trkpt>
      <trkpt lat="-41.2446706" lon="-71.4546243">
        <ele>818.00000</ele>
      </trkpt>
      <trkpt lat="-41.2447107" lon="-71.4549018">
        <ele>817.00000</ele>
      </trkpt>
      <trkpt lat="-41.2447409" lon="-71.4550898">
        <ele>818.00000</ele>
      </trkpt>
      <trkpt lat="-41.2447556" lon="-71.4552100">
        <ele>818.00000</ele>
      </trkpt>
      <trkpt lat="-41.2447097" lon="-71.4555002">
        <ele>819.00000</ele>
      </trkpt>
      <trkpt lat="-41.2446964" lon="-71.4557468">
        <ele>821.00000</ele>
      </trkpt>
      <trkpt lat="-41.2446654" lon="-71.4561287">
        <ele>821.00000</ele>
      </trkpt>
      <trkpt lat="-41.2447493" lon="-71.4561237">
        <ele>822.00000</ele>
      </trkpt>
      <trkpt lat="-41.2447906" lon="-71.4559164">
        <ele>822.00000</ele>
      </trkpt>
      <trkpt lat="-41.2447908" lon="-71.4557705">
        <ele>821.00000</ele>
      </trkpt>
      <trkpt lat="-41.2448165" lon="-71.4555055">
        <ele>820.00000</ele>
      </trkpt>
      <trkpt lat="-41.2448379" lon="-71.4552180">
        <ele>819.00000</ele>
      </trkpt>
      <trkpt lat="-41.2448717" lon="-71.4550230">
        <ele>819.00000</ele>
      </trkpt>
      <trkpt lat="-41.2449053" lon="-71.4548198">
        <ele>819.00000</ele>
      </trkpt>
      <trkpt lat="-41.2449510" lon="-71.4545652">
        <ele>821.00000</ele>
      </trkpt>
      <trkpt lat="-41.2450330" lon="-71.4542763">
        <ele>822.00000</ele>
      </trkpt>
      <trkpt lat="-41.2450793" lon="-71.4541362">
        <ele>823.00000</ele>
      </trkpt>
      <trkpt lat="-41.2451414" lon="-71.4540228">
        <ele>824.00000</ele>
      </trkpt>
      <trkpt lat="-41.2451925" lon="-71.4539181">
        <ele>825.00000</ele>
      </trkpt>
      <trkpt lat="-41.2452472" lon="-71.4537412">
        <ele>824.00000</ele>
      </trkpt>
      <trkpt lat="-41.2452859" lon="-71.4535738">
        <ele>823.00000</ele>
      </trkpt>
      <trkpt lat="-41.2453318" lon="-71.4534823">
        <ele>823.00000</ele>
      </trkpt>
      <trkpt lat="-41.2454173" lon="-71.4533001">
        <ele>822.00000</ele>
      </trkpt>
      <trkpt lat="-41.2455188" lon="-71.4533053">
        <ele>822.00000</ele>
      </trkpt>
      <trkpt lat="-41.2456111" lon="-71.4533959">
        <ele>823.00000</ele>
      </trkpt>
      <trkpt lat="-41.2457409" lon="-71.4535090">
        <ele>825.00000</ele>
      </trkpt>
      <trkpt lat="-41.2459127" lon="-71.4536273">
        <ele>825.00000</ele>
      </trkpt>
      <trkpt lat="-41.2460443" lon="-71.4537487">
        <ele>825.00000</ele>
      </trkpt>
      <trkpt lat="-41.2462070" lon="-71.4538798">
        <ele>826.00000</ele>
      </trkpt>
      <trkpt lat="-41.2463834" lon="-71.4540775">
        <ele>828.00000</ele>
      </trkpt>
      <trkpt lat="-41.2465019" lon="-71.4541986">
        <ele>830.00000</ele>
      </trkpt>
      <trkpt lat="-41.2467395" lon="-71.4544243">
        <ele>832.00000</ele>
      </trkpt>
      <trkpt lat="-41.2468584" lon="-71.4545841">
        <ele>834.00000</ele>
      </trkpt>
      <trkpt lat="-41.2469574" lon="-71.4546989">
        <ele>834.00000</ele>
      </trkpt>
      <trkpt lat="-41.2470836" lon="-71.4548453">
        <ele>835.00000</ele>
      </trkpt>
      <trkpt lat="-41.2472187" lon="-71.4550069">
        <ele>835.00000</ele>
      </trkpt>
      <trkpt lat="-41.2474166" lon="-71.4552317">
        <ele>835.00000</ele>
      </trkpt>
      <trkpt lat="-41.2475352" lon="-71.4553693">
        <ele>835.00000</ele>
      </trkpt>
      <trkpt lat="-41.2476102" lon="-71.4554472">
        <ele>835.00000</ele>
      </trkpt>
      <trkpt lat="-41.2477567" lon="-71.4555590">
        <ele>835.00000</ele>
      </trkpt>
      <trkpt lat="-41.2479265" lon="-71.4556824">
        <ele>836.00000</ele>
      </trkpt>
      <trkpt lat="-41.2480294" lon="-71.4557686">
        <ele>836.00000</ele>
      </trkpt>
      <trkpt lat="-41.2481201" lon="-71.4558885">
        <ele>837.00000</ele>
      </trkpt>
      <trkpt lat="-41.2482121" lon="-71.4560012">
        <ele>837.00000</ele>
      </trkpt>
      <trkpt lat="-41.2482798" lon="-71.4561318">
        <ele>837.00000</ele>
      </trkpt>
      <trkpt lat="-41.2483653" lon="-71.4562991">
        <ele>836.00000</ele>
      </trkpt>
      <trkpt lat="-41.2484388" lon="-71.4564511">
        <ele>835.00000</ele>
      </trkpt>
      <trkpt lat="-41.2485099" lon="-71.4565619">
        <ele>835.00000</ele>
      </trkpt>
      <trkpt lat="-41.2486260" lon="-71.4566951">
        <ele>835.00000</ele>
      </trkpt>
      <trkpt lat="-41.2487019" lon="-71.4567883">
        <ele>835.00000</ele>
      </trkpt>
      <trkpt lat="-41.2487468" lon="-71.4569347">
        <ele>835.00000</ele>
      </trkpt>
      <trkpt lat="-41.2488390" lon="-71.4570832">
        <ele>836.00000</ele>
      </trkpt>
      <trkpt lat="-41.2488970" lon="-71.4572255">
        <ele>837.00000</ele>
      </trkpt>
      <trkpt lat="-41.2490004" lon="-71.4574080">
        <ele>837.00000</ele>
      </trkpt>
      <trkpt lat="-41.2490946" lon="-71.4575561">
        <ele>837.00000</ele>
      </trkpt>
      <trkpt lat="-41.2491936" lon="-71.4577354">
        <ele>837.00000</ele>
      </trkpt>
      <trkpt lat="-41.2492606" lon="-71.4578410">
        <ele>838.00000</ele>
      </trkpt>
      <trkpt lat="-41.2493787" lon="-71.4580279">
        <ele>839.00000</ele>
      </trkpt>
      <trkpt lat="-41.2495031" lon="-71.4582041">
        <ele>839.00000</ele>
      </trkpt>
      <trkpt lat="-41.2495812" lon="-71.4583348">
        <ele>839.00000</ele>
      </trkpt>
      <trkpt lat="-41.2496833" lon="-71.4584738">
        <ele>839.00000</ele>
      </trkpt>
      <trkpt lat="-41.2497543" lon="-71.4586036">
        <ele>838.00000</ele>
      </trkpt>
      <trkpt lat="-41.2498692" lon="-71.4587714">
        <ele>839.00000</ele>
      </trkpt>
      <trkpt lat="-41.2499495" lon="-71.4589630">
        <ele>840.00000</ele>
      </trkpt>
      <trkpt lat="-41.2499970" lon="-71.4591093">
        <ele>840.00000</ele>
      </trkpt>
      <trkpt lat="-41.2500402" lon="-71.4592496">
        <ele>840.00000</ele>
      </trkpt>
      <trkpt lat="-41.2500868" lon="-71.4593884">
        <ele>840.00000</ele>
      </trkpt>
      <trkpt lat="-41.2501406" lon="-71.4595672">
        <ele>841.00000</ele>
      </trkpt>
      <trkpt lat="-41.2502187" lon="-71.4597909">
        <ele>841.00000</ele>
      </trkpt>
      <trkpt lat="-41.2502601" lon="-71.4599636">
        <ele>840.00000</ele>
      </trkpt>
      <trkpt lat="-41.2503456" lon="-71.4601740">
        <ele>841.00000</ele>
      </trkpt>
      <trkpt lat="-41.2504007" lon="-71.4603190">
        <ele>841.00000</ele>
      </trkpt>
      <trkpt lat="-41.2504302" lon="-71.4604069">
        <ele>840.00000</ele>
      </trkpt>
      <trkpt lat="-41.2504257" lon="-71.4606303">
        <ele>839.00000</ele>
      </trkpt>
      <trkpt lat="-41.2503866" lon="-71.4607453">
        <ele>838.00000</ele>
      </trkpt>
      <trkpt lat="-41.2503485" lon="-71.4608031">
        <ele>838.00000</ele>
      </trkpt>
      <trkpt lat="-41.2502929" lon="-71.4608853">
        <ele>838.00000</ele>
      </trkpt>
      <trkpt lat="-41.2501430" lon="-71.4610353">
        <ele>838.00000</ele>
      </trkpt>
      <trkpt lat="-41.2500528" lon="-71.4611870">
        <ele>837.00000</ele>
      </trkpt>
      <trkpt lat="-41.2499781" lon="-71.4612869">
        <ele>837.00000</ele>
      </trkpt>
      <trkpt lat="-41.2498474" lon="-71.4614306">
        <ele>837.00000</ele>
      </trkpt>
      <trkpt lat="-41.2497311" lon="-71.4615473">
        <ele>837.00000</ele>
      </trkpt>
      <trkpt lat="-41.2496597" lon="-71.4616546">
        <ele>837.00000</ele>
      </trkpt>
      <trkpt lat="-41.2495331" lon="-71.4617330">
        <ele>837.00000</ele>
      </trkpt>
      <trkpt lat="-41.2493873" lon="-71.4618420">
        <ele>836.00000</ele>
      </trkpt>
      <trkpt lat="-41.2492639" lon="-71.4620201">
        <ele>835.00000</ele>
      </trkpt>
      <trkpt lat="-41.2491278" lon="-71.4622299">
        <ele>834.00000</ele>
      </trkpt>
      <trkpt lat="-41.2489029" lon="-71.4624707">
        <ele>834.00000</ele>
      </trkpt>
      <trkpt lat="-41.2486711" lon="-71.4626372">
        <ele>833.00000</ele>
      </trkpt>
      <trkpt lat="-41.2485030" lon="-71.4627889">
        <ele>832.00000</ele>
      </trkpt>
      <trkpt lat="-41.2483477" lon="-71.4629530">
        <ele>831.00000</ele>
      </trkpt>
      <trkpt lat="-41.2481282" lon="-71.4632216">
        <ele>831.00000</ele>
      </trkpt>
      <trkpt lat="-41.2478800" lon="-71.4634911">
        <ele>828.00000</ele>
      </trkpt>
      <trkpt lat="-41.2477101" lon="-71.4636661">
        <ele>827.00000</ele>
      </trkpt>
      <trkpt lat="-41.2475408" lon="-71.4638479">
        <ele>826.00000</ele>
      </trkpt>
      <trkpt lat="-41.2473746" lon="-71.4640027">
        <ele>826.00000</ele>
      </trkpt>
      <trkpt lat="-41.2471965" lon="-71.4642232">
        <ele>826.00000</ele>
      </trkpt>
      <trkpt lat="-41.2469827" lon="-71.4643515">
        <ele>825.00000</ele>
      </trkpt>
      <trkpt lat="-41.2468828" lon="-71.4644551">
        <ele>824.00000</ele>
      </trkpt>
      <trkpt lat="-41.2468304" lon="-71.4645075">
        <ele>824.00000</ele>
      </trkpt>
      <trkpt lat="-41.2467641" lon="-71.4645369">
        <ele>824.00000</ele>
      </trkpt>
      <trkpt lat="-41.2466811" lon="-71.4646160">
        <ele>824.00000</ele>
      </trkpt>
      <trkpt lat="-41.2466049" lon="-71.4647239">
        <ele>824.00000</ele>
      </trkpt>
      <trkpt lat="-41.2465592" lon="-71.4647785">
        <ele>824.00000</ele>
      </trkpt>
      <trkpt lat="-41.2464398" lon="-71.4649237">
        <ele>824.00000</ele>
      </trkpt>
      <trkpt lat="-41.2464205" lon="-71.4648428">
        <ele>824.00000</ele>
      </trkpt>
      <trkpt lat="-41.2463837" lon="-71.4648028">
        <ele>824.00000</ele>
      </trkpt>
      <trkpt lat="-41.2462785" lon="-71.4647390">
        <ele>824.00000</ele>
      </trkpt>
      <trkpt lat="-41.2462293" lon="-71.4647076">
        <ele>824.00000</ele>
      </trkpt>
      <trkpt lat="-41.2461227" lon="-71.4646383">
        <ele>824.00000</ele>
      </trkpt>
      <trkpt lat="-41.2460264" lon="-71.4645763">
        <ele>824.00000</ele>
      </trkpt>
      <trkpt lat="-41.2458788" lon="-71.4645145">
        <ele>824.00000</ele>
      </trkpt>
      <trkpt lat="-41.2457020" lon="-71.4644999">
        <ele>824.00000</ele>
      </trkpt>
      <trkpt lat="-41.2456180" lon="-71.4645570">
        <ele>824.00000</ele>
      </trkpt>
      <trkpt lat="-41.2455854" lon="-71.4647111">
        <ele>824.00000</ele>
      </trkpt>
      <trkpt lat="-41.2455263" lon="-71.4648409">
        <ele>825.00000</ele>
      </trkpt>
      <trkpt lat="-41.2454667" lon="-71.4650100">
        <ele>825.00000</ele>
      </trkpt>
      <trkpt lat="-41.2454332" lon="-71.4651520">
        <ele>825.00000</ele>
      </trkpt>
      <trkpt lat="-41.2454131" lon="-71.4653336">
        <ele>824.00000</ele>
      </trkpt>
      <trkpt lat="-41.2453929" lon="-71.4655235">
        <ele>824.00000</ele>
      </trkpt>
      <trkpt lat="-41.2453726" lon="-71.4656298">
        <ele>824.00000</ele>
      </trkpt>
      <trkpt lat="-41.2453319" lon="-71.4658052">
        <ele>824.00000</ele>
      </trkpt>
      <trkpt lat="-41.2453319" lon="-71.4659434">
        <ele>824.00000</ele>
      </trkpt>
      <trkpt lat="-41.2452840" lon="-71.4661204">
        <ele>824.00000</ele>
      </trkpt>
      <trkpt lat="-41.2452150" lon="-71.4663458">
        <ele>825.00000</ele>
      </trkpt>
      <trkpt lat="-41.2451312" lon="-71.4664651">
        <ele>825.00000</ele>
      </trkpt>
      <trkpt lat="-41.2450249" lon="-71.4665555">
        <ele>825.00000</ele>
      </trkpt>
      <trkpt lat="-41.2449313" lon="-71.4665913">
        <ele>825.00000</ele>
      </trkpt>
      <trkpt lat="-41.2447994" lon="-71.4666614">
        <ele>825.00000</ele>
      </trkpt>
      <trkpt lat="-41.2447324" lon="-71.4667291">
        <ele>826.00000</ele>
      </trkpt>
      <trkpt lat="-41.2446648" lon="-71.4668542">
        <ele>826.00000</ele>
      </trkpt>
      <trkpt lat="-41.2445504" lon="-71.4670493">
        <ele>827.00000</ele>
      </trkpt>
      <trkpt lat="-41.2445581" lon="-71.4672199">
        <ele>828.00000</ele>
      </trkpt>
      <trkpt lat="-41.2445427" lon="-71.4673600">
        <ele>828.00000</ele>
      </trkpt>
      <trkpt lat="-41.2445657" lon="-71.4674962">
        <ele>829.00000</ele>
      </trkpt>
      <trkpt lat="-41.2446040" lon="-71.4676218">
        <ele>829.00000</ele>
      </trkpt>
      <trkpt lat="-41.2446197" lon="-71.4677037">
        <ele>830.00000</ele>
      </trkpt>
      <trkpt lat="-41.2446079" lon="-71.4678187">
        <ele>830.00000</ele>
      </trkpt>
      <trkpt lat="-41.2446050" lon="-71.4679294">
        <ele>830.00000</ele>
      </trkpt>
      <trkpt lat="-41.2445902" lon="-71.4680190">
        <ele>830.00000</ele>
      </trkpt>
      <trkpt lat="-41.2445843" lon="-71.4680904">
        <ele>830.00000</ele>
      </trkpt>
      <trkpt lat="-41.2445783" lon="-71.4681755">
        <ele>831.00000</ele>
      </trkpt>
      <trkpt lat="-41.2445783" lon="-71.4682124">
        <ele>831.00000</ele>
      </trkpt>
      <trkpt lat="-41.2446020" lon="-71.4683477">
        <ele>832.00000</ele>
      </trkpt>
      <trkpt lat="-41.2446020" lon="-71.4684412">
        <ele>833.00000</ele>
      </trkpt>
      <trkpt lat="-41.2445753" lon="-71.4684615">
        <ele>833.00000</ele>
      </trkpt>
      <trkpt lat="-41.2445273" lon="-71.4684944">
        <ele>834.00000</ele>
      </trkpt>
      <trkpt lat="-41.2444847" lon="-71.4685193">
        <ele>834.00000</ele>
      </trkpt>
      <trkpt lat="-41.2444390" lon="-71.4685809">
        <ele>835.00000</ele>
      </trkpt>
      <trkpt lat="-41.2444008" lon="-71.4686231">
        <ele>836.00000</ele>
      </trkpt>
      <trkpt lat="-41.2443370" lon="-71.4686967">
        <ele>837.00000</ele>
      </trkpt>
      <trkpt lat="-41.2443760" lon="-71.4687993">
        <ele>837.00000</ele>
      </trkpt>
      <trkpt lat="-41.2444416" lon="-71.4689677">
        <ele>838.00000</ele>
      </trkpt>
      <trkpt lat="-41.2445259" lon="-71.4691284">
        <ele>838.00000</ele>
      </trkpt>
      <trkpt lat="-41.2446111" lon="-71.4693069">
        <ele>838.00000</ele>
      </trkpt>
      <trkpt lat="-41.2446638" lon="-71.4694350">
        <ele>839.00000</ele>
      </trkpt>
      <trkpt lat="-41.2447181" lon="-71.4695635">
        <ele>843.00000</ele>
      </trkpt>
      <trkpt lat="-41.2447845" lon="-71.4697159">
        <ele>849.00000</ele>
      </trkpt>
      <trkpt lat="-41.2448494" lon="-71.4698491">
        <ele>852.00000</ele>
      </trkpt>
      <trkpt lat="-41.2449460" lon="-71.4701109">
        <ele>855.00000</ele>
      </trkpt>
      <trkpt lat="-41.2450363" lon="-71.4703067">
        <ele>854.00000</ele>
      </trkpt>
      <trkpt lat="-41.2451294" lon="-71.4704695">
        <ele>853.00000</ele>
      </trkpt>
      <trkpt lat="-41.2452194" lon="-71.4706588">
        <ele>850.00000</ele>
      </trkpt>
      <trkpt lat="-41.2452725" lon="-71.4707617">
        <ele>848.00000</ele>
      </trkpt>
      <trkpt lat="-41.2454109" lon="-71.4709947">
        <ele>845.00000</ele>
      </trkpt>
      <trkpt lat="-41.2455210" lon="-71.4711385">
        <ele>843.00000</ele>
      </trkpt>
      <trkpt lat="-41.2456157" lon="-71.4713377">
        <ele>842.00000</ele>
      </trkpt>
      <trkpt lat="-41.2456963" lon="-71.4714876">
        <ele>841.00000</ele>
      </trkpt>
      <trkpt lat="-41.2458011" lon="-71.4716553">
        <ele>840.00000</ele>
      </trkpt>
      <trkpt lat="-41.2458816" lon="-71.4718226">
        <ele>839.00000</ele>
      </trkpt>
      <trkpt lat="-41.2459841" lon="-71.4720513">
        <ele>838.00000</ele>
      </trkpt>
      <trkpt lat="-41.2461271" lon="-71.4723310">
        <ele>841.00000</ele>
      </trkpt>
      <trkpt lat="-41.2462047" lon="-71.4725191">
        <ele>843.00000</ele>
      </trkpt>
      <trkpt lat="-41.2463000" lon="-71.4727433">
        <ele>844.00000</ele>
      </trkpt>
      <trkpt lat="-41.2463567" lon="-71.4728714">
        <ele>844.00000</ele>
      </trkpt>
      <trkpt lat="-41.2464157" lon="-71.4730542">
        <ele>844.00000</ele>
      </trkpt>
      <trkpt lat="-41.2464788" lon="-71.4740443">
        <ele>849.00000</ele>
      </trkpt>
      <trkpt lat="-41.2466096" lon="-71.4749979">
        <ele>857.00000</ele>
      </trkpt>
      <trkpt lat="-41.2467160" lon="-71.4754293">
        <ele>862.00000</ele>
      </trkpt>
      <trkpt lat="-41.2467645" lon="-71.4755700">
        <ele>863.00000</ele>
      </trkpt>
      <trkpt lat="-41.2467806" lon="-71.4756818">
        <ele>864.00000</ele>
      </trkpt>
      <trkpt lat="-41.2467643" lon="-71.4758898">
        <ele>867.00000</ele>
      </trkpt>
      <trkpt lat="-41.2466933" lon="-71.4759809">
        <ele>868.00000</ele>
      </trkpt>
      <trkpt lat="-41.2466103" lon="-71.4759957">
        <ele>870.00000</ele>
      </trkpt>
      <trkpt lat="-41.2464807" lon="-71.4759901">
        <ele>872.00000</ele>
      </trkpt>
      <trkpt lat="-41.2463656" lon="-71.4759305">
        <ele>873.00000</ele>
      </trkpt>
      <trkpt lat="-41.2462954" lon="-71.4759126">
        <ele>874.00000</ele>
      </trkpt>
      <trkpt lat="-41.2462718" lon="-71.4760297">
        <ele>875.00000</ele>
      </trkpt>
      <trkpt lat="-41.2462776" lon="-71.4761442">
        <ele>875.00000</ele>
      </trkpt>
      <trkpt lat="-41.2463595" lon="-71.4763103">
        <ele>876.00000</ele>
      </trkpt>
      <trkpt lat="-41.2463595" lon="-71.4764231">
        <ele>877.00000</ele>
      </trkpt>
      <trkpt lat="-41.2463651" lon="-71.4766985">
        <ele>878.00000</ele>
      </trkpt>
      <trkpt lat="-41.2463591" lon="-71.4769306">
        <ele>880.00000</ele>
      </trkpt>
      <trkpt lat="-41.2463299" lon="-71.4770700">
        <ele>882.00000</ele>
      </trkpt>
      <trkpt lat="-41.2463122" lon="-71.4772106">
        <ele>884.00000</ele>
      </trkpt>
      <trkpt lat="-41.2462293" lon="-71.4773995">
        <ele>889.00000</ele>
      </trkpt>
      <trkpt lat="-41.2461453" lon="-71.4775265">
        <ele>892.00000</ele>
      </trkpt>
      <trkpt lat="-41.2460662" lon="-71.4776626">
        <ele>896.00000</ele>
      </trkpt>
      <trkpt lat="-41.2459861" lon="-71.4777568">
        <ele>899.00000</ele>
      </trkpt>
      <trkpt lat="-41.2459674" lon="-71.4777642">
        <ele>899.00000</ele>
      </trkpt>
      <trkpt lat="-41.2459236" lon="-71.4779107">
        <ele>904.00000</ele>
      </trkpt>
      <trkpt lat="-41.2459110" lon="-71.4780500">
        <ele>909.00000</ele>
      </trkpt>
      <trkpt lat="-41.2459234" lon="-71.4782252">
        <ele>914.00000</ele>
      </trkpt>
      <trkpt lat="-41.2459358" lon="-71.4784293">
        <ele>920.00000</ele>
      </trkpt>
      <trkpt lat="-41.2458475" lon="-71.4786406">
        <ele>929.00000</ele>
      </trkpt>
      <trkpt lat="-41.2457385" lon="-71.4787604">
        <ele>937.00000</ele>
      </trkpt>
      <trkpt lat="-41.2455814" lon="-71.4788791">
        <ele>946.00000</ele>
      </trkpt>
      <trkpt lat="-41.2454813" lon="-71.4788582">
        <ele>949.00000</ele>
      </trkpt>
      <trkpt lat="-41.2453726" lon="-71.4787534">
        <ele>948.00000</ele>
      </trkpt>
      <trkpt lat="-41.2452691" lon="-71.4786000">
        <ele>947.00000</ele>
      </trkpt>
      <trkpt lat="-41.2452273" lon="-71.4784869">
        <ele>946.00000</ele>
      </trkpt>
      <trkpt lat="-41.2451569" lon="-71.4783667">
        <ele>945.00000</ele>
      </trkpt>
      <trkpt lat="-41.2450886" lon="-71.4783221">
        <ele>946.00000</ele>
      </trkpt>
      <trkpt lat="-41.2450508" lon="-71.4783050">
        <ele>946.00000</ele>
      </trkpt>
      <trkpt lat="-41.2450190" lon="-71.4783274">
        <ele>948.00000</ele>
      </trkpt>
      <trkpt lat="-41.2449702" lon="-71.4783474">
        <ele>950.00000</ele>
      </trkpt>
      <trkpt lat="-41.2449488" lon="-71.4783727">
        <ele>951.00000</ele>
      </trkpt>
      <trkpt lat="-41.2449199" lon="-71.4784104">
        <ele>952.00000</ele>
      </trkpt>
      <trkpt lat="-41.2448930" lon="-71.4784598">
        <ele>955.00000</ele>
      </trkpt>
      <trkpt lat="-41.2449102" lon="-71.4785180">
        <ele>956.00000</ele>
      </trkpt>
      <trkpt lat="-41.2449126" lon="-71.4785767">
        <ele>958.00000</ele>
      </trkpt>
      <trkpt lat="-41.2449077" lon="-71.4786560">
        <ele>960.00000</ele>
      </trkpt>
      <trkpt lat="-41.2448657" lon="-71.4787066">
        <ele>964.00000</ele>
      </trkpt>
      <trkpt lat="-41.2448303" lon="-71.4787478">
        <ele>967.00000</ele>
      </trkpt>
      <trkpt lat="-41.2448045" lon="-71.4787657">
        <ele>969.00000</ele>
      </trkpt>
      <trkpt lat="-41.2448071" lon="-71.4788397">
        <ele>971.00000</ele>
      </trkpt>
      <trkpt lat="-41.2447837" lon="-71.4789273">
        <ele>976.00000</ele>
      </trkpt>
      <trkpt lat="-41.2447546" lon="-71.4789745">
        <ele>979.00000</ele>
      </trkpt>
      <trkpt lat="-41.2447005" lon="-71.4790484">
        <ele>984.00000</ele>
      </trkpt>
      <trkpt lat="-41.2446561" lon="-71.4791039">
        <ele>986.00000</ele>
      </trkpt>
      <trkpt lat="-41.2445990" lon="-71.4791529">
        <ele>989.00000</ele>
      </trkpt>
      <trkpt lat="-41.2445551" lon="-71.4792257">
        <ele>991.00000</ele>
      </trkpt>
      <trkpt lat="-41.2445222" lon="-71.4793346">
        <ele>994.00000</ele>
      </trkpt>
      <trkpt lat="-41.2444918" lon="-71.4794003">
        <ele>996.00000</ele>
      </trkpt>
      <trkpt lat="-41.2444765" lon="-71.4794888">
        <ele>998.00000</ele>
      </trkpt>
      <trkpt lat="-41.2444949" lon="-71.4795784">
        <ele>999.00000</ele>
      </trkpt>
      <trkpt lat="-41.2445192" lon="-71.4796809">
        <ele>1001.0000</ele>
      </trkpt>
      <trkpt lat="-41.2445640" lon="-71.4798213">
        <ele>1004.0000</ele>
      </trkpt>
      <trkpt lat="-41.2445845" lon="-71.4798863">
        <ele>1006.0000</ele>
      </trkpt>
      <trkpt lat="-41.2446361" lon="-71.4799404">
        <ele>1007.0000</ele>
      </trkpt>
      <trkpt lat="-41.2446729" lon="-71.4799920">
        <ele>1008.0000</ele>
      </trkpt>
      <trkpt lat="-41.2446755" lon="-71.4800632">
        <ele>1009.0000</ele>
      </trkpt>
      <trkpt lat="-41.2446677" lon="-71.4801185">
        <ele>1011.0000</ele>
      </trkpt>
      <trkpt lat="-41.2447216" lon="-71.4801637">
        <ele>1011.0000</ele>
      </trkpt>
      <trkpt lat="-41.2447837" lon="-71.4802386">
        <ele>1012.0000</ele>
      </trkpt>
      <trkpt lat="-41.2447788" lon="-71.4803136">
        <ele>1013.0000</ele>
      </trkpt>
      <trkpt lat="-41.2447690" lon="-71.4803682">
        <ele>1015.0000</ele>
      </trkpt>
      <trkpt lat="-41.2447492" lon="-71.4804865">
        <ele>1018.0000</ele>
      </trkpt>
      <trkpt lat="-41.2447764" lon="-71.4805458">
        <ele>1020.0000</ele>
      </trkpt>
      <trkpt lat="-41.2448104" lon="-71.4806211">
        <ele>1021.0000</ele>
      </trkpt>
      <trkpt lat="-41.2448295" lon="-71.4806800">
        <ele>1023.0000</ele>
      </trkpt>
      <trkpt lat="-41.2448084" lon="-71.4807993">
        <ele>1026.0000</ele>
      </trkpt>
      <trkpt lat="-41.2447856" lon="-71.4808822">
        <ele>1029.0000</ele>
      </trkpt>
      <trkpt lat="-41.2447856" lon="-71.4809647">
        <ele>1032.0000</ele>
      </trkpt>
      <trkpt lat="-41.2447856" lon="-71.4810499">
        <ele>1035.0000</ele>
      </trkpt>
      <trkpt lat="-41.2447947" lon="-71.4811134">
        <ele>1037.0000</ele>
      </trkpt>
      <trkpt lat="-41.2448309" lon="-71.4811552">
        <ele>1037.0000</ele>
      </trkpt>
      <trkpt lat="-41.2448642" lon="-71.4812117">
        <ele>1038.0000</ele>
      </trkpt>
      <trkpt lat="-41.2448967" lon="-71.4812694">
        <ele>1038.0000</ele>
      </trkpt>
      <trkpt lat="-41.2448903" lon="-71.4813605">
        <ele>1040.0000</ele>
      </trkpt>
      <trkpt lat="-41.2448924" lon="-71.4814300">
        <ele>1042.0000</ele>
      </trkpt>
      <trkpt lat="-41.2449074" lon="-71.4815164">
        <ele>1043.0000</ele>
      </trkpt>
      <trkpt lat="-41.2448794" lon="-71.4815506">
        <ele>1044.0000</ele>
      </trkpt>
      <trkpt lat="-41.2448641" lon="-71.4815771">
        <ele>1045.0000</ele>
      </trkpt>
      <trkpt lat="-41.2448376" lon="-71.4816218">
        <ele>1047.0000</ele>
      </trkpt>
      <trkpt lat="-41.2448152" lon="-71.4815714">
        <ele>1047.0000</ele>
      </trkpt>
      <trkpt lat="-41.2447970" lon="-71.4815399">
        <ele>1047.0000</ele>
      </trkpt>
      <trkpt lat="-41.2447717" lon="-71.4815277">
        <ele>1048.0000</ele>
      </trkpt>
      <trkpt lat="-41.2447247" lon="-71.4815543">
        <ele>1050.0000</ele>
      </trkpt>
      <trkpt lat="-41.2446764" lon="-71.4815177">
        <ele>1050.0000</ele>
      </trkpt>
      <trkpt lat="-41.2446040" lon="-71.4814766">
        <ele>1051.0000</ele>
      </trkpt>
      <trkpt lat="-41.2445522" lon="-71.4814486">
        <ele>1051.0000</ele>
      </trkpt>
      <trkpt lat="-41.2444607" lon="-71.4814409">
        <ele>1053.0000</ele>
      </trkpt>
      <trkpt lat="-41.2443644" lon="-71.4814386">
        <ele>1054.0000</ele>
      </trkpt>
      <trkpt lat="-41.2442722" lon="-71.4814346">
        <ele>1055.0000</ele>
      </trkpt>
      <trkpt lat="-41.2442039" lon="-71.4814467">
        <ele>1056.0000</ele>
      </trkpt>
      <trkpt lat="-41.2441528" lon="-71.4814435">
        <ele>1056.0000</ele>
      </trkpt>
      <trkpt lat="-41.2441070" lon="-71.4814700">
        <ele>1057.0000</ele>
      </trkpt>
      <trkpt lat="-41.2440803" lon="-71.4815121">
        <ele>1058.0000</ele>
      </trkpt>
      <trkpt lat="-41.2441003" lon="-71.4816014">
        <ele>1061.0000</ele>
      </trkpt>
      <trkpt lat="-41.2441333" lon="-71.4816314">
        <ele>1063.0000</ele>
      </trkpt>
      <trkpt lat="-41.2441357" lon="-71.4817111">
        <ele>1066.0000</ele>
      </trkpt>
      <trkpt lat="-41.2441314" lon="-71.4817557">
        <ele>1067.0000</ele>
      </trkpt>
      <trkpt lat="-41.2440877" lon="-71.4818267">
        <ele>1069.0000</ele>
      </trkpt>
      <trkpt lat="-41.2440533" lon="-71.4819124">
        <ele>1071.0000</ele>
      </trkpt>
      <trkpt lat="-41.2440297" lon="-71.4820475">
        <ele>1073.0000</ele>
      </trkpt>
      <trkpt lat="-41.2440474" lon="-71.4823137">
        <ele>1076.0000</ele>
      </trkpt>
      <trkpt lat="-41.2440652" lon="-71.4824955">
        <ele>1078.0000</ele>
      </trkpt>
      <trkpt lat="-41.2441186" lon="-71.4826435">
        <ele>1079.0000</ele>
      </trkpt>
      <trkpt lat="-41.2441785" lon="-71.4827904">
        <ele>1080.0000</ele>
      </trkpt>
      <trkpt lat="-41.2442378" lon="-71.4828861">
        <ele>1080.0000</ele>
      </trkpt>
      <trkpt lat="-41.2442880" lon="-71.4830037">
        <ele>1080.0000</ele>
      </trkpt>
      <trkpt lat="-41.2443336" lon="-71.4831048">
        <ele>1079.0000</ele>
      </trkpt>
      <trkpt lat="-41.2443991" lon="-71.4832567">
        <ele>1079.0000</ele>
      </trkpt>
      <trkpt lat="-41.2444597" lon="-71.4833625">
        <ele>1078.0000</ele>
      </trkpt>
      <trkpt lat="-41.2444636" lon="-71.4834741">
        <ele>1077.0000</ele>
      </trkpt>
      <trkpt lat="-41.2444756" lon="-71.4836011">
        <ele>1075.0000</ele>
      </trkpt>
      <trkpt lat="-41.2445273" lon="-71.4836694">
        <ele>1073.0000</ele>
      </trkpt>
      <trkpt lat="-41.2446020" lon="-71.4837632">
        <ele>1070.0000</ele>
      </trkpt>
      <trkpt lat="-41.2446639" lon="-71.4838450">
        <ele>1067.0000</ele>
      </trkpt>
      <trkpt lat="-41.2446830" lon="-71.4839411">
        <ele>1064.0000</ele>
      </trkpt>
      <trkpt lat="-41.2446522" lon="-71.4840333">
        <ele>1062.0000</ele>
      </trkpt>
      <trkpt lat="-41.2445388" lon="-71.4842025">
        <ele>1061.0000</ele>
      </trkpt>
      <trkpt lat="-41.2444348" lon="-71.4843280">
        <ele>1061.0000</ele>
      </trkpt>
      <trkpt lat="-41.2443491" lon="-71.4844420">
        <ele>1060.0000</ele>
      </trkpt>
      <trkpt lat="-41.2443449" lon="-71.4844517">
        <ele>1059.0000</ele>
      </trkpt>
      <trkpt lat="-41.2442952" lon="-71.4845488">
        <ele>1059.0000</ele>
      </trkpt>
      <trkpt lat="-41.2442617" lon="-71.4846520">
        <ele>1057.0000</ele>
      </trkpt>
      <trkpt lat="-41.2442493" lon="-71.4848012">
        <ele>1055.0000</ele>
      </trkpt>
      <trkpt lat="-41.2442287" lon="-71.4848419">
        <ele>1054.0000</ele>
      </trkpt>
      <trkpt lat="-41.2442189" lon="-71.4849851">
        <ele>1051.0000</ele>
      </trkpt>
      <trkpt lat="-41.2441789" lon="-71.4850462">
        <ele>1050.0000</ele>
      </trkpt>
      <trkpt lat="-41.2441360" lon="-71.4851485">
        <ele>1047.0000</ele>
      </trkpt>
      <trkpt lat="-41.2440612" lon="-71.4851894">
        <ele>1044.0000</ele>
      </trkpt>
      <trkpt lat="-41.2439680" lon="-71.4852305">
        <ele>1042.0000</ele>
      </trkpt>
      <trkpt lat="-41.2438952" lon="-71.4852305">
        <ele>1041.0000</ele>
      </trkpt>
      <trkpt lat="-41.2438039" lon="-71.4852305">
        <ele>1038.0000</ele>
      </trkpt>
      <trkpt lat="-41.2437318" lon="-71.4852098">
        <ele>1036.0000</ele>
      </trkpt>
      <trkpt lat="-41.2436424" lon="-71.4851681">
        <ele>1034.0000</ele>
      </trkpt>
      <trkpt lat="-41.2435524" lon="-71.4851262">
        <ele>1034.0000</ele>
      </trkpt>
      <trkpt lat="-41.2434993" lon="-71.4850842">
        <ele>1034.0000</ele>
      </trkpt>
      <trkpt lat="-41.2434273" lon="-71.4850419">
        <ele>1033.0000</ele>
      </trkpt>
      <trkpt lat="-41.2433216" lon="-71.4849362">
        <ele>1034.0000</ele>
      </trkpt>
      <trkpt lat="-41.2432677" lon="-71.4848935">
        <ele>1036.0000</ele>
      </trkpt>
      <trkpt lat="-41.2431579" lon="-71.4848289">
        <ele>1040.0000</ele>
      </trkpt>
      <trkpt lat="-41.2431050" lon="-71.4847647">
        <ele>1040.0000</ele>
      </trkpt>
      <trkpt lat="-41.2430133" lon="-71.4846997">
        <ele>1043.0000</ele>
      </trkpt>
      <trkpt lat="-41.2429806" lon="-71.4846140">
        <ele>1044.0000</ele>
      </trkpt>
      <trkpt lat="-41.2429493" lon="-71.4845069">
        <ele>1045.0000</ele>
      </trkpt>
      <trkpt lat="-41.2428776" lon="-71.4844199">
        <ele>1047.0000</ele>
      </trkpt>
      <trkpt lat="-41.2428056" lon="-71.4843325">
        <ele>1050.0000</ele>
      </trkpt>
      <trkpt lat="-41.2427544" lon="-71.4842239">
        <ele>1052.0000</ele>
      </trkpt>
      <trkpt lat="-41.2427014" lon="-71.4841363">
        <ele>1053.0000</ele>
      </trkpt>
      <trkpt lat="-41.2426483" lon="-71.4840484">
        <ele>1053.0000</ele>
      </trkpt>
      <trkpt lat="-41.2426118" lon="-71.4840040">
        <ele>1053.0000</ele>
      </trkpt>
      <trkpt lat="-41.2425430" lon="-71.4838501">
        <ele>1050.0000</ele>
      </trkpt>
      <trkpt lat="-41.2425063" lon="-71.4838053">
        <ele>1050.0000</ele>
      </trkpt>
      <trkpt lat="-41.2424355" lon="-71.4836721">
        <ele>1050.0000</ele>
      </trkpt>
      <trkpt lat="-41.2424014" lon="-71.4835836">
        <ele>1049.0000</ele>
      </trkpt>
      <trkpt lat="-41.2423503" lon="-71.4834504">
        <ele>1050.0000</ele>
      </trkpt>
      <trkpt lat="-41.2423145" lon="-71.4833831">
        <ele>1051.0000</ele>
      </trkpt>
      <trkpt lat="-41.2423033" lon="-71.4832516">
        <ele>1050.0000</ele>
      </trkpt>
      <trkpt lat="-41.2422907" lon="-71.4831416">
        <ele>1050.0000</ele>
      </trkpt>
      <trkpt lat="-41.2422593" lon="-71.4830085">
        <ele>1049.0000</ele>
      </trkpt>
      <trkpt lat="-41.2422263" lon="-71.4828968">
        <ele>1048.0000</ele>
      </trkpt>
      <trkpt lat="-41.2422135" lon="-71.4827863">
        <ele>1046.0000</ele>
      </trkpt>
      <trkpt lat="-41.2421819" lon="-71.4826523">
        <ele>1046.0000</ele>
      </trkpt>
      <trkpt lat="-41.2421691" lon="-71.4825415">
        <ele>1045.0000</ele>
      </trkpt>
      <trkpt lat="-41.2421721" lon="-71.4824978">
        <ele>1044.0000</ele>
      </trkpt>
      <trkpt lat="-41.2421404" lon="-71.4823633">
        <ele>1044.0000</ele>
      </trkpt>
      <trkpt lat="-41.2421057" lon="-71.4822722">
        <ele>1045.0000</ele>
      </trkpt>
      <trkpt lat="-41.2420958" lon="-71.4821170">
        <ele>1044.0000</ele>
      </trkpt>
      <trkpt lat="-41.2420828" lon="-71.4820055">
        <ele>1044.0000</ele>
      </trkpt>
      <trkpt lat="-41.2420494" lon="-71.4818918">
        <ele>1045.0000</ele>
      </trkpt>
      <trkpt lat="-41.2420144" lon="-71.4817999">
        <ele>1045.0000</ele>
      </trkpt>
      <trkpt lat="-41.2420204" lon="-71.4817119">
        <ele>1044.0000</ele>
      </trkpt>
      <trkpt lat="-41.2419884" lon="-71.4815757">
        <ele>1044.0000</ele>
      </trkpt>
      <trkpt lat="-41.2419563" lon="-71.4814391">
        <ele>1042.0000</ele>
      </trkpt>
      <trkpt lat="-41.2419195" lon="-71.4813683">
        <ele>1042.0000</ele>
      </trkpt>
      <trkpt lat="-41.2418842" lon="-71.4812753">
        <ele>1040.0000</ele>
      </trkpt>
      <trkpt lat="-41.2418933" lon="-71.4811428">
        <ele>1037.0000</ele>
      </trkpt>
      <trkpt lat="-41.2418624" lon="-71.4809831">
        <ele>1033.0000</ele>
      </trkpt>
      <trkpt lat="-41.2418285" lon="-71.4808672">
        <ele>1031.0000</ele>
      </trkpt>
      <trkpt lat="-41.2418330" lon="-71.4808008">
        <ele>1029.0000</ele>
      </trkpt>
      <trkpt lat="-41.2418452" lon="-71.4806237">
        <ele>1027.0000</ele>
      </trkpt>
      <trkpt lat="-41.2418482" lon="-71.4805794">
        <ele>1026.0000</ele>
      </trkpt>
      <trkpt lat="-41.2418573" lon="-71.4804466">
        <ele>1025.0000</ele>
      </trkpt>
      <trkpt lat="-41.2418634" lon="-71.4803580">
        <ele>1023.0000</ele>
      </trkpt>
      <trkpt lat="-41.2418725" lon="-71.4802252">
        <ele>1022.0000</ele>
      </trkpt>
      <trkpt lat="-41.2418801" lon="-71.4801145">
        <ele>1022.0000</ele>
      </trkpt>
      <trkpt lat="-41.2418892" lon="-71.4799817">
        <ele>1022.0000</ele>
      </trkpt>
      <trkpt lat="-41.2418968" lon="-71.4798710">
        <ele>1019.0000</ele>
      </trkpt>
      <trkpt lat="-41.2419059" lon="-71.4797382">
        <ele>1016.0000</ele>
      </trkpt>
      <trkpt lat="-41.2419150" lon="-71.4796054">
        <ele>1012.0000</ele>
      </trkpt>
      <trkpt lat="-41.2419226" lon="-71.4794947">
        <ele>1008.0000</ele>
      </trkpt>
      <trkpt lat="-41.2419317" lon="-71.4793619">
        <ele>1004.0000</ele>
      </trkpt>
      <trkpt lat="-41.2419392" lon="-71.4792512">
        <ele>1001.0000</ele>
      </trkpt>
      <trkpt lat="-41.2419484" lon="-71.4791184">
        <ele>997.00000</ele>
      </trkpt>
      <trkpt lat="-41.2420149" lon="-71.4790631">
        <ele>996.00000</ele>
      </trkpt>
      <trkpt lat="-41.2420622" lon="-71.4789823">
        <ele>994.00000</ele>
      </trkpt>
      <trkpt lat="-41.2420713" lon="-71.4788499">
        <ele>990.00000</ele>
      </trkpt>
      <trkpt lat="-41.2421200" lon="-71.4787474">
        <ele>988.00000</ele>
      </trkpt>
      <trkpt lat="-41.2421480" lon="-71.4786411">
        <ele>986.00000</ele>
      </trkpt>
      <trkpt lat="-41.2421571" lon="-71.4785090">
        <ele>984.00000</ele>
      </trkpt>
      <trkpt lat="-41.2422085" lon="-71.4783630">
        <ele>981.00000</ele>
      </trkpt>
      <trkpt lat="-41.2422161" lon="-71.4782530">
        <ele>979.00000</ele>
      </trkpt>
      <trkpt lat="-41.2422629" lon="-71.4781735">
        <ele>977.00000</ele>
      </trkpt>
      <trkpt lat="-41.2422674" lon="-71.4781076">
        <ele>976.00000</ele>
      </trkpt>
      <trkpt lat="-41.2422780" lon="-71.4779538">
        <ele>972.00000</ele>
      </trkpt>
      <trkpt lat="-41.2423028" lon="-71.4778923">
        <ele>971.00000</ele>
      </trkpt>
      <trkpt lat="-41.2423119" lon="-71.4777605">
        <ele>968.00000</ele>
      </trkpt>
      <trkpt lat="-41.2423194" lon="-71.4776507">
        <ele>964.00000</ele>
      </trkpt>
      <trkpt lat="-41.2423269" lon="-71.4775410">
        <ele>960.00000</ele>
      </trkpt>
      <trkpt lat="-41.2422937" lon="-71.4774218">
        <ele>958.00000</ele>
      </trkpt>
      <trkpt lat="-41.2422120" lon="-71.4774031">
        <ele>958.00000</ele>
      </trkpt>
      <trkpt lat="-41.2421535" lon="-71.4773448">
        <ele>957.00000</ele>
      </trkpt>
      <trkpt lat="-41.2421215" lon="-71.4772027">
        <ele>954.00000</ele>
      </trkpt>
      <trkpt lat="-41.2420878" lon="-71.4770824">
        <ele>951.00000</ele>
      </trkpt>
      <trkpt lat="-41.2420954" lon="-71.4769718">
        <ele>948.00000</ele>
      </trkpt>
      <trkpt lat="-41.2420602" lon="-71.4768732">
        <ele>945.00000</ele>
      </trkpt>
      <trkpt lat="-41.2420456" lon="-71.4767795">
        <ele>941.00000</ele>
      </trkpt>
      <trkpt lat="-41.2419864" lon="-71.4767198">
        <ele>940.00000</ele>
      </trkpt>
      <trkpt lat="-41.2419301" lon="-71.4766153">
        <ele>937.00000</ele>
      </trkpt>
      <trkpt lat="-41.2418914" lon="-71.4765603">
        <ele>937.00000</ele>
      </trkpt>
      <trkpt lat="-41.2418573" lon="-71.4764383">
        <ele>934.00000</ele>
      </trkpt>
      <trkpt lat="-41.2418409" lon="-71.4763660">
        <ele>933.00000</ele>
      </trkpt>
      <trkpt lat="-41.2418260" lon="-71.4762713">
        <ele>932.00000</ele>
      </trkpt>
      <trkpt lat="-41.2417886" lon="-71.4761934">
        <ele>932.00000</ele>
      </trkpt>
      <trkpt lat="-41.2417768" lon="-71.4760537">
        <ele>930.00000</ele>
      </trkpt>
      <trkpt lat="-41.2417212" lon="-71.4759248">
        <ele>930.00000</ele>
      </trkpt>
      <trkpt lat="-41.2416943" lon="-71.4756891">
        <ele>927.00000</ele>
      </trkpt>
      <trkpt lat="-41.2416581" lon="-71.4755876">
        <ele>925.00000</ele>
      </trkpt>
      <trkpt lat="-41.2416264" lon="-71.4754184">
        <ele>923.00000</ele>
      </trkpt>
      <trkpt lat="-41.2415900" lon="-71.4753163">
        <ele>922.00000</ele>
      </trkpt>
      <trkpt lat="-41.2415535" lon="-71.4752140">
        <ele>920.00000</ele>
      </trkpt>
      <trkpt lat="-41.2414971" lon="-71.4750826">
        <ele>918.00000</ele>
      </trkpt>
      <trkpt lat="-41.2414604" lon="-71.4749796">
        <ele>917.00000</ele>
      </trkpt>
      <trkpt lat="-41.2414205" lon="-71.4749217">
        <ele>916.00000</ele>
      </trkpt>
      <trkpt lat="-41.2413636" lon="-71.4747892">
        <ele>916.00000</ele>
      </trkpt>
      <trkpt lat="-41.2413266" lon="-71.4746855">
        <ele>914.00000</ele>
      </trkpt>
      <trkpt lat="-41.2412895" lon="-71.4745815">
        <ele>912.00000</ele>
      </trkpt>
      <trkpt lat="-41.2412289" lon="-71.4744933">
        <ele>911.00000</ele>
      </trkpt>
      <trkpt lat="-41.2411916" lon="-71.4743888">
        <ele>909.00000</ele>
      </trkpt>
      <trkpt lat="-41.2411322" lon="-71.4742771">
        <ele>906.00000</ele>
      </trkpt>
      <trkpt lat="-41.2410711" lon="-71.4741880">
        <ele>906.00000</ele>
      </trkpt>
      <trkpt lat="-41.2410098" lon="-71.4740985">
        <ele>906.00000</ele>
      </trkpt>
      <trkpt lat="-41.2409260" lon="-71.4740016">
        <ele>906.00000</ele>
      </trkpt>
      <trkpt lat="-41.2408848" lon="-71.4739415">
        <ele>906.00000</ele>
      </trkpt>
      <trkpt lat="-41.2408020" lon="-71.4738208">
        <ele>904.00000</ele>
      </trkpt>
      <trkpt lat="-41.2407636" lon="-71.4737140">
        <ele>902.00000</ele>
      </trkpt>
      <trkpt lat="-41.2407220" lon="-71.4736533">
        <ele>900.00000</ele>
      </trkpt>
      <trkpt lat="-41.2405985" lon="-71.4731858">
        <ele>893.00000</ele>
      </trkpt>
      <trkpt lat="-41.2405596" lon="-71.4730481">
        <ele>892.00000</ele>
      </trkpt>
      <trkpt lat="-41.2405501" lon="-71.4729503">
        <ele>890.00000</ele>
      </trkpt>
      <trkpt lat="-41.2405367" lon="-71.4729107">
        <ele>889.00000</ele>
      </trkpt>
      <trkpt lat="-41.2405124" lon="-71.4727925">
        <ele>886.00000</ele>
      </trkpt>
      <trkpt lat="-41.2405003" lon="-71.4727333">
        <ele>884.00000</ele>
      </trkpt>
      <trkpt lat="-41.2404733" lon="-71.4726537">
        <ele>881.00000</ele>
      </trkpt>
      <trkpt lat="-41.2404637" lon="-71.4725554">
        <ele>878.00000</ele>
      </trkpt>
      <trkpt lat="-41.2404204" lon="-71.4724744">
        <ele>874.00000</ele>
      </trkpt>
      <trkpt lat="-41.2403620" lon="-71.4723727">
        <ele>871.00000</ele>
      </trkpt>
      <trkpt lat="-41.2403184" lon="-71.4722912">
        <ele>868.00000</ele>
      </trkpt>
      <trkpt lat="-41.2402747" lon="-71.4722094">
        <ele>865.00000</ele>
      </trkpt>
      <trkpt lat="-41.2402130" lon="-71.4721459">
        <ele>865.00000</ele>
      </trkpt>
      <trkpt lat="-41.2401345" lon="-71.4720809">
        <ele>865.00000</ele>
      </trkpt>
      <trkpt lat="-41.2400708" lon="-71.4720365">
        <ele>865.00000</ele>
      </trkpt>
      <trkpt lat="-41.2400082" lon="-71.4719722">
        <ele>865.00000</ele>
      </trkpt>
      <trkpt lat="-41.2399789" lon="-71.4719101">
        <ele>866.00000</ele>
      </trkpt>
      <trkpt lat="-41.2399341" lon="-71.4718268">
        <ele>866.00000</ele>
      </trkpt>
      <trkpt lat="-41.2399268" lon="-71.4716863">
        <ele>864.00000</ele>
      </trkpt>
      <trkpt lat="-41.2399295" lon="-71.4716466">
        <ele>863.00000</ele>
      </trkpt>
      <trkpt lat="-41.2399390" lon="-71.4715075">
        <ele>861.00000</ele>
      </trkpt>
      <trkpt lat="-41.2399444" lon="-71.4714281">
        <ele>860.00000</ele>
      </trkpt>
      <trkpt lat="-41.2399511" lon="-71.4713287">
        <ele>860.00000</ele>
      </trkpt>
      <trkpt lat="-41.2399566" lon="-71.4712492">
        <ele>860.00000</ele>
      </trkpt>
      <trkpt lat="-41.2399660" lon="-71.4711102">
        <ele>860.00000</ele>
      </trkpt>
      <trkpt lat="-41.2399433" lon="-71.4709476">
        <ele>860.00000</ele>
      </trkpt>
      <trkpt lat="-41.2399487" lon="-71.4708680">
        <ele>861.00000</ele>
      </trkpt>
      <trkpt lat="-41.2399582" lon="-71.4707288">
        <ele>860.00000</ele>
      </trkpt>
      <trkpt lat="-41.2399664" lon="-71.4706095">
        <ele>860.00000</ele>
      </trkpt>
      <trkpt lat="-41.2399704" lon="-71.4705498">
        <ele>860.00000</ele>
      </trkpt>
      <trkpt lat="-41.2399772" lon="-71.4704504">
        <ele>859.00000</ele>
      </trkpt>
      <trkpt lat="-41.2399881" lon="-71.4702913">
        <ele>858.00000</ele>
      </trkpt>
      <trkpt lat="-41.2399585" lon="-71.4702272">
        <ele>857.00000</ele>
      </trkpt>
      <trkpt lat="-41.2399680" lon="-71.4700879">
        <ele>857.00000</ele>
      </trkpt>
      <trkpt lat="-41.2399553" lon="-71.4700258">
        <ele>856.00000</ele>
      </trkpt>
      <trkpt lat="-41.2399466" lon="-71.4699039">
        <ele>855.00000</ele>
      </trkpt>
      <trkpt lat="-41.2399211" lon="-71.4697794">
        <ele>853.00000</ele>
      </trkpt>
      <trkpt lat="-41.2398942" lon="-71.4696746">
        <ele>851.00000</ele>
      </trkpt>
      <trkpt lat="-41.2398658" lon="-71.4695896">
        <ele>850.00000</ele>
      </trkpt>
      <trkpt lat="-41.2398034" lon="-71.4694991">
        <ele>847.00000</ele>
      </trkpt>
      <trkpt lat="-41.2397946" lon="-71.4693762">
        <ele>846.00000</ele>
      </trkpt>
      <trkpt lat="-41.2397360" lon="-71.4692248">
        <ele>845.00000</ele>
      </trkpt>
      <trkpt lat="-41.2397244" lon="-71.4691416">
        <ele>845.00000</ele>
      </trkpt>
      <trkpt lat="-41.2396956" lon="-71.4690554">
        <ele>845.00000</ele>
      </trkpt>
      <trkpt lat="-41.2396682" lon="-71.4689489">
        <ele>844.00000</ele>
      </trkpt>
      <trkpt lat="-41.2396421" lon="-71.4688221">
        <ele>842.00000</ele>
      </trkpt>
      <trkpt lat="-41.2395668" lon="-71.4686992">
        <ele>839.00000</ele>
      </trkpt>
      <trkpt lat="-41.2394903" lon="-71.4686019">
        <ele>836.00000</ele>
      </trkpt>
      <trkpt lat="-41.2394081" lon="-71.4685147">
        <ele>834.00000</ele>
      </trkpt>
      <trkpt lat="-41.2393273" lon="-71.4684377">
        <ele>834.00000</ele>
      </trkpt>
      <trkpt lat="-41.2392444" lon="-71.4683543">
        <ele>832.00000</ele>
      </trkpt>
      <trkpt lat="-41.2391709" lon="-71.4682686">
        <ele>831.00000</ele>
      </trkpt>
      <trkpt lat="-41.2391077" lon="-71.4682117">
        <ele>830.00000</ele>
      </trkpt>
      <trkpt lat="-41.2390716" lon="-71.4680787">
        <ele>828.00000</ele>
      </trkpt>
      <trkpt lat="-41.2390636" lon="-71.4679411">
        <ele>827.00000</ele>
      </trkpt>
      <trkpt lat="-41.2391039" lon="-71.4677933">
        <ele>825.00000</ele>
      </trkpt>
      <trkpt lat="-41.2391595" lon="-71.4676924">
        <ele>825.00000</ele>
      </trkpt>
      <trkpt lat="-41.2392141" lon="-71.4676148">
        <ele>824.00000</ele>
      </trkpt>
      <trkpt lat="-41.2393055" lon="-71.4674960">
        <ele>824.00000</ele>
      </trkpt>
      <trkpt lat="-41.2394051" lon="-71.4673990">
        <ele>824.00000</ele>
      </trkpt>
      <trkpt lat="-41.2394591" lon="-71.4672859">
        <ele>824.00000</ele>
      </trkpt>
      <trkpt lat="-41.2394946" lon="-71.4671468">
        <ele>824.00000</ele>
      </trkpt>
      <trkpt lat="-41.2394877" lon="-71.4669138">
        <ele>823.00000</ele>
      </trkpt>
      <trkpt lat="-41.2394523" lon="-71.4667395">
        <ele>822.00000</ele>
      </trkpt>
      <trkpt lat="-41.2393983" lon="-71.4666000">
        <ele>822.00000</ele>
      </trkpt>
      <trkpt lat="-41.2392835" lon="-71.4663463">
        <ele>823.00000</ele>
      </trkpt>
      <trkpt lat="-41.2392033" lon="-71.4661575">
        <ele>823.00000</ele>
      </trkpt>
      <trkpt lat="-41.2391644" lon="-71.4659853">
        <ele>823.00000</ele>
      </trkpt>
      <trkpt lat="-41.2391683" lon="-71.4658945">
        <ele>823.00000</ele>
      </trkpt>
      <trkpt lat="-41.2392266" lon="-71.4658029">
        <ele>823.00000</ele>
      </trkpt>
      <trkpt lat="-41.2392952" lon="-71.4656943">
        <ele>823.00000</ele>
      </trkpt>
      <trkpt lat="-41.2393438" lon="-71.4656044">
        <ele>822.00000</ele>
      </trkpt>
      <trkpt lat="-41.2394025" lon="-71.4655063">
        <ele>822.00000</ele>
      </trkpt>
      <trkpt lat="-41.2394885" lon="-71.4654476">
        <ele>821.00000</ele>
      </trkpt>
      <trkpt lat="-41.2395410" lon="-71.4653604">
        <ele>821.00000</ele>
      </trkpt>
      <trkpt lat="-41.2394921" lon="-71.4652667">
        <ele>821.00000</ele>
      </trkpt>
      <trkpt lat="-41.2393882" lon="-71.4650933">
        <ele>821.00000</ele>
      </trkpt>
      <trkpt lat="-41.2392955" lon="-71.4651710">
        <ele>822.00000</ele>
      </trkpt>
      <trkpt lat="-41.2391960" lon="-71.4652503">
        <ele>823.00000</ele>
      </trkpt>
      <trkpt lat="-41.2391133" lon="-71.4652881">
        <ele>824.00000</ele>
      </trkpt>
      <trkpt lat="-41.2390325" lon="-71.4653234">
        <ele>824.00000</ele>
      </trkpt>
      <trkpt lat="-41.2389073" lon="-71.4653372">
        <ele>824.00000</ele>
      </trkpt>
      <trkpt lat="-41.2388515" lon="-71.4653301">
        <ele>823.00000</ele>
      </trkpt>
      <trkpt lat="-41.2387860" lon="-71.4652793">
        <ele>823.00000</ele>
      </trkpt>
      <trkpt lat="-41.2386785" lon="-71.4651809">
        <ele>822.00000</ele>
      </trkpt>
      <trkpt lat="-41.2386048" lon="-71.4651120">
        <ele>822.00000</ele>
      </trkpt>
      <trkpt lat="-41.2385699" lon="-71.4650394">
        <ele>822.00000</ele>
      </trkpt>
      <trkpt lat="-41.2384006" lon="-71.4648771">
        <ele>821.00000</ele>
      </trkpt>
      <trkpt lat="-41.2383522" lon="-71.4646683">
        <ele>818.00000</ele>
      </trkpt>
      <trkpt lat="-41.2382648" lon="-71.4643983">
        <ele>814.00000</ele>
      </trkpt>
      <trkpt lat="-41.2381423" lon="-71.4642184">
        <ele>813.00000</ele>
      </trkpt>
      <trkpt lat="-41.2380342" lon="-71.4640843">
        <ele>813.00000</ele>
      </trkpt>
      <trkpt lat="-41.2379122" lon="-71.4639477">
        <ele>813.00000</ele>
      </trkpt>
      <trkpt lat="-41.2377693" lon="-71.4638339">
        <ele>814.00000</ele>
      </trkpt>
      <trkpt lat="-41.2376659" lon="-71.4637888">
        <ele>815.00000</ele>
      </trkpt>
      <trkpt lat="-41.2375544" lon="-71.4637626">
        <ele>816.00000</ele>
      </trkpt>
      <trkpt lat="-41.2374341" lon="-71.4636356">
        <ele>817.00000</ele>
      </trkpt>
      <trkpt lat="-41.2372864" lon="-71.4635015">
        <ele>818.00000</ele>
      </trkpt>
      <trkpt lat="-41.2371821" lon="-71.4633250">
        <ele>819.00000</ele>
      </trkpt>
      <trkpt lat="-41.2371213" lon="-71.4632379">
        <ele>820.00000</ele>
      </trkpt>
      <trkpt lat="-41.2370204" lon="-71.4629972">
        <ele>819.00000</ele>
      </trkpt>
      <trkpt lat="-41.2369250" lon="-71.4627929">
        <ele>820.00000</ele>
      </trkpt>
      <trkpt lat="-41.2368313" lon="-71.4626077">
        <ele>817.00000</ele>
      </trkpt>
      <trkpt lat="-41.2367355" lon="-71.4623986">
        <ele>818.00000</ele>
      </trkpt>
      <trkpt lat="-41.2366157" lon="-71.4621539">
        <ele>821.00000</ele>
      </trkpt>
      <trkpt lat="-41.2366289" lon="-71.4619527">
        <ele>820.00000</ele>
      </trkpt>
      <trkpt lat="-41.2366290" lon="-71.4617656">
        <ele>818.00000</ele>
      </trkpt>
      <trkpt lat="-41.2366378" lon="-71.4615598">
        <ele>816.00000</ele>
      </trkpt>
      <trkpt lat="-41.2364898" lon="-71.4613287">
        <ele>818.00000</ele>
      </trkpt>
      <trkpt lat="-41.2363548" lon="-71.4611219">
        <ele>820.00000</ele>
      </trkpt>
      <trkpt lat="-41.2361942" lon="-71.4609252">
        <ele>823.00000</ele>
      </trkpt>
      <trkpt lat="-41.2360488" lon="-71.4608121">
        <ele>826.00000</ele>
      </trkpt>
      <trkpt lat="-41.2358982" lon="-71.4606949">
        <ele>828.00000</ele>
      </trkpt>
      <trkpt lat="-41.2357467" lon="-71.4605689">
        <ele>831.00000</ele>
      </trkpt>
      <trkpt lat="-41.2356188" lon="-71.4604219">
        <ele>831.00000</ele>
      </trkpt>
      <trkpt lat="-41.2354821" lon="-71.4602802">
        <ele>830.00000</ele>
      </trkpt>
      <trkpt lat="-41.2353716" lon="-71.4602729">
        <ele>831.00000</ele>
      </trkpt>
      <trkpt lat="-41.2352375" lon="-71.4602403">
        <ele>833.00000</ele>
      </trkpt>
      <trkpt lat="-41.2351039" lon="-71.4600337">
        <ele>831.00000</ele>
      </trkpt>
      <trkpt lat="-41.2350057" lon="-71.4598909">
        <ele>830.00000</ele>
      </trkpt>
      <trkpt lat="-41.2348755" lon="-71.4597657">
        <ele>830.00000</ele>
      </trkpt>
      <trkpt lat="-41.2347595" lon="-71.4596581">
        <ele>830.00000</ele>
      </trkpt>
      <trkpt lat="-41.2346784" lon="-71.4596843">
        <ele>831.00000</ele>
      </trkpt>
      <trkpt lat="-41.2346292" lon="-71.4597177">
        <ele>832.00000</ele>
      </trkpt>
      <trkpt lat="-41.2345600" lon="-71.4598339">
        <ele>835.00000</ele>
      </trkpt>
      <trkpt lat="-41.2345087" lon="-71.4599039">
        <ele>838.00000</ele>
      </trkpt>
      <trkpt lat="-41.2344234" lon="-71.4600207">
        <ele>843.00000</ele>
      </trkpt>
      <trkpt lat="-41.2344233" lon="-71.4601218">
        <ele>845.00000</ele>
      </trkpt>
      <trkpt lat="-41.2344133" lon="-71.4602387">
        <ele>848.00000</ele>
      </trkpt>
      <trkpt lat="-41.2343796" lon="-71.4603292">
        <ele>851.00000</ele>
      </trkpt>
      <trkpt lat="-41.2343353" lon="-71.4604686">
        <ele>857.00000</ele>
      </trkpt>
      <trkpt lat="-41.2343043" lon="-71.4604901">
        <ele>858.00000</ele>
      </trkpt>
      <trkpt lat="-41.2342484" lon="-71.4604730">
        <ele>860.00000</ele>
      </trkpt>
      <trkpt lat="-41.2341915" lon="-71.4603951">
        <ele>861.00000</ele>
      </trkpt>
      <trkpt lat="-41.2341298" lon="-71.4603157">
        <ele>862.00000</ele>
      </trkpt>
      <trkpt lat="-41.2340519" lon="-71.4603383">
        <ele>867.00000</ele>
      </trkpt>
      <trkpt lat="-41.2339912" lon="-71.4603441">
        <ele>870.00000</ele>
      </trkpt>
      <trkpt lat="-41.2339293" lon="-71.4602700">
        <ele>871.00000</ele>
      </trkpt>
      <trkpt lat="-41.2338901" lon="-71.4601350">
        <ele>872.00000</ele>
      </trkpt>
      <trkpt lat="-41.2338464" lon="-71.4600281">
        <ele>873.00000</ele>
      </trkpt>
      <trkpt lat="-41.2338744" lon="-71.4598756">
        <ele>870.00000</ele>
      </trkpt>
      <trkpt lat="-41.2338102" lon="-71.4598513">
        <ele>873.00000</ele>
      </trkpt>
      <trkpt lat="-41.2337654" lon="-71.4598491">
        <ele>875.00000</ele>
      </trkpt>
      <trkpt lat="-41.2337032" lon="-71.4597764">
        <ele>877.00000</ele>
      </trkpt>
      <trkpt lat="-41.2336569" lon="-71.4596638">
        <ele>877.00000</ele>
      </trkpt>
      <trkpt lat="-41.2336014" lon="-71.4595268">
        <ele>875.00000</ele>
      </trkpt>
      <trkpt lat="-41.2335200" lon="-71.4593521">
        <ele>875.00000</ele>
      </trkpt>
      <trkpt lat="-41.2334365" lon="-71.4591588">
        <ele>874.00000</ele>
      </trkpt>
      <trkpt lat="-41.2333415" lon="-71.4589533">
        <ele>876.00000</ele>
      </trkpt>
      <trkpt lat="-41.2332649" lon="-71.4588137">
        <ele>879.00000</ele>
      </trkpt>
      <trkpt lat="-41.2332180" lon="-71.4586409">
        <ele>874.00000</ele>
      </trkpt>
      <trkpt lat="-41.2331671" lon="-71.4584731">
        <ele>874.00000</ele>
      </trkpt>
      <trkpt lat="-41.2330956" lon="-71.4582950">
        <ele>875.00000</ele>
      </trkpt>
      <trkpt lat="-41.2330492" lon="-71.4581088">
        <ele>872.00000</ele>
      </trkpt>
      <trkpt lat="-41.2329918" lon="-71.4579507">
        <ele>872.00000</ele>
      </trkpt>
      <trkpt lat="-41.2329229" lon="-71.4577810">
        <ele>871.00000</ele>
      </trkpt>
      <trkpt lat="-41.2328808" lon="-71.4576540">
        <ele>868.00000</ele>
      </trkpt>
      <trkpt lat="-41.2328129" lon="-71.4574496">
        <ele>863.00000</ele>
      </trkpt>
      <trkpt lat="-41.2327656" lon="-71.4573093">
        <ele>858.00000</ele>
      </trkpt>
      <trkpt lat="-41.2327138" lon="-71.4571621">
        <ele>854.00000</ele>
      </trkpt>
      <trkpt lat="-41.2326422" lon="-71.4569465">
        <ele>847.00000</ele>
      </trkpt>
      <trkpt lat="-41.2325922" lon="-71.4568193">
        <ele>844.00000</ele>
      </trkpt>
      <trkpt lat="-41.2324209" lon="-71.4566282">
        <ele>844.00000</ele>
      </trkpt>
      <trkpt lat="-41.2322831" lon="-71.4564772">
        <ele>843.00000</ele>
      </trkpt>
      <trkpt lat="-41.2321341" lon="-71.4563494">
        <ele>843.00000</ele>
      </trkpt>
      <trkpt lat="-41.2320244" lon="-71.4562432">
        <ele>844.00000</ele>
      </trkpt>
      <trkpt lat="-41.2319134" lon="-71.4561327">
        <ele>843.00000</ele>
      </trkpt>
      <trkpt lat="-41.2318142" lon="-71.4560256">
        <ele>843.00000</ele>
      </trkpt>
      <trkpt lat="-41.2317418" lon="-71.4559586">
        <ele>843.00000</ele>
      </trkpt>
      <trkpt lat="-41.2317015" lon="-71.4558518">
        <ele>841.00000</ele>
      </trkpt>
      <trkpt lat="-41.2316470" lon="-71.4557269">
        <ele>840.00000</ele>
      </trkpt>
      <trkpt lat="-41.2315950" lon="-71.4556239">
        <ele>841.00000</ele>
      </trkpt>
      <trkpt lat="-41.2314872" lon="-71.4555042">
        <ele>846.00000</ele>
      </trkpt>
      <trkpt lat="-41.2314002" lon="-71.4553875">
        <ele>848.00000</ele>
      </trkpt>
      <trkpt lat="-41.2313000" lon="-71.4552865">
        <ele>849.00000</ele>
      </trkpt>
      <trkpt lat="-41.2312000" lon="-71.4551905">
        <ele>849.00000</ele>
      </trkpt>
      <trkpt lat="-41.2311377" lon="-71.4551280">
        <ele>849.00000</ele>
      </trkpt>
      <trkpt lat="-41.2310589" lon="-71.4551043">
        <ele>849.00000</ele>
      </trkpt>
      <trkpt lat="-41.2309937" lon="-71.4549933">
        <ele>846.00000</ele>
      </trkpt>
      <trkpt lat="-41.2309351" lon="-71.4548979">
        <ele>844.00000</ele>
      </trkpt>
      <trkpt lat="-41.2308022" lon="-71.4547649">
        <ele>843.00000</ele>
      </trkpt>
      <trkpt lat="-41.2306723" lon="-71.4546364">
        <ele>842.00000</ele>
      </trkpt>
      <trkpt lat="-41.2305754" lon="-71.4545803">
        <ele>842.00000</ele>
      </trkpt>
      <trkpt lat="-41.2304642" lon="-71.4545263">
        <ele>842.00000</ele>
      </trkpt>
      <trkpt lat="-41.2303604" lon="-71.4544633">
        <ele>841.00000</ele>
      </trkpt>
      <trkpt lat="-41.2302714" lon="-71.4543688">
        <ele>840.00000</ele>
      </trkpt>
      <trkpt lat="-41.2302084" lon="-71.4542545">
        <ele>839.00000</ele>
      </trkpt>
      <trkpt lat="-41.2301764" lon="-71.4541868">
        <ele>838.00000</ele>
      </trkpt>
      <trkpt lat="-41.2301668" lon="-71.4540364">
        <ele>832.00000</ele>
      </trkpt>
      <trkpt lat="-41.2301701" lon="-71.4539218">
        <ele>828.00000</ele>
      </trkpt>
      <trkpt lat="-41.2301410" lon="-71.4537522">
        <ele>825.00000</ele>
      </trkpt>
      <trkpt lat="-41.2300850" lon="-71.4536574">
        <ele>824.00000</ele>
      </trkpt>
      <trkpt lat="-41.2300382" lon="-71.4535745">
        <ele>824.00000</ele>
      </trkpt>
      <trkpt lat="-41.2300042" lon="-71.4535206">
        <ele>824.00000</ele>
      </trkpt>
      <trkpt lat="-41.2299733" lon="-71.4535818">
        <ele>826.00000</ele>
      </trkpt>
      <trkpt lat="-41.2299664" lon="-71.4536281">
        <ele>827.00000</ele>
      </trkpt>
      <trkpt lat="-41.2299140" lon="-71.4536786">
        <ele>831.00000</ele>
      </trkpt>
      <trkpt lat="-41.2298715" lon="-71.4537397">
        <ele>834.00000</ele>
      </trkpt>
      <trkpt lat="-41.2298029" lon="-71.4537369">
        <ele>838.00000</ele>
      </trkpt>
      <trkpt lat="-41.2297028" lon="-71.4537499">
        <ele>843.00000</ele>
      </trkpt>
      <trkpt lat="-41.2296459" lon="-71.4536247">
        <ele>843.00000</ele>
      </trkpt>
      <trkpt lat="-41.2296045" lon="-71.4534917">
        <ele>843.00000</ele>
      </trkpt>
      <trkpt lat="-41.2295533" lon="-71.4533450">
        <ele>843.00000</ele>
      </trkpt>
      <trkpt lat="-41.2295074" lon="-71.4531998">
        <ele>843.00000</ele>
      </trkpt>
      <trkpt lat="-41.2294576" lon="-71.4530520">
        <ele>843.00000</ele>
      </trkpt>
      <trkpt lat="-41.2294100" lon="-71.4529553">
        <ele>843.00000</ele>
      </trkpt>
      <trkpt lat="-41.2293422" lon="-71.4528582">
        <ele>843.00000</ele>
      </trkpt>
      <trkpt lat="-41.2292458" lon="-71.4527742">
        <ele>844.00000</ele>
      </trkpt>
      <trkpt lat="-41.2291496" lon="-71.4527000">
        <ele>845.00000</ele>
      </trkpt>
      <trkpt lat="-41.2290718" lon="-71.4526673">
        <ele>848.00000</ele>
      </trkpt>
      <trkpt lat="-41.2289921" lon="-71.4526297">
        <ele>851.00000</ele>
      </trkpt>
      <trkpt lat="-41.2289224" lon="-71.4525074">
        <ele>851.00000</ele>
      </trkpt>
      <trkpt lat="-41.2288725" lon="-71.4524120">
        <ele>851.00000</ele>
      </trkpt>
      <trkpt lat="-41.2288245" lon="-71.4523329">
        <ele>850.00000</ele>
      </trkpt>
      <trkpt lat="-41.2287171" lon="-71.4522323">
        <ele>850.00000</ele>
      </trkpt>
      <trkpt lat="-41.2286115" lon="-71.4522066">
        <ele>853.00000</ele>
      </trkpt>
      <trkpt lat="-41.2285209" lon="-71.4521920">
        <ele>857.00000</ele>
      </trkpt>
      <trkpt lat="-41.2284242" lon="-71.4521652">
        <ele>860.00000</ele>
      </trkpt>
      <trkpt lat="-41.2283612" lon="-71.4521587">
        <ele>862.00000</ele>
      </trkpt>
      <trkpt lat="-41.2282831" lon="-71.4521397">
        <ele>865.00000</ele>
      </trkpt>
      <trkpt lat="-41.2282590" lon="-71.4520949">
        <ele>864.00000</ele>
      </trkpt>
      <trkpt lat="-41.2281960" lon="-71.4519833">
        <ele>862.00000</ele>
      </trkpt>
      <trkpt lat="-41.2280843" lon="-71.4518735">
        <ele>862.00000</ele>
      </trkpt>
      <trkpt lat="-41.2280251" lon="-71.4517818">
        <ele>861.00000</ele>
      </trkpt>
      <trkpt lat="-41.2279724" lon="-71.4516934">
        <ele>859.00000</ele>
      </trkpt>
      <trkpt lat="-41.2278877" lon="-71.4515321">
        <ele>858.00000</ele>
      </trkpt>
      <trkpt lat="-41.2278517" lon="-71.4513731">
        <ele>854.00000</ele>
      </trkpt>
      <trkpt lat="-41.2278255" lon="-71.4512322">
        <ele>851.00000</ele>
      </trkpt>
      <trkpt lat="-41.2278049" lon="-71.4511193">
        <ele>849.00000</ele>
      </trkpt>
      <trkpt lat="-41.2277782" lon="-71.4510093">
        <ele>846.00000</ele>
      </trkpt>
      <trkpt lat="-41.2277239" lon="-71.4509050">
        <ele>844.00000</ele>
      </trkpt>
      <trkpt lat="-41.2276687" lon="-71.4507649">
        <ele>841.00000</ele>
      </trkpt>
      <trkpt lat="-41.2275932" lon="-71.4506322">
        <ele>839.00000</ele>
      </trkpt>
      <trkpt lat="-41.2275709" lon="-71.4505314">
        <ele>836.00000</ele>
      </trkpt>
      <trkpt lat="-41.2275581" lon="-71.4504460">
        <ele>833.00000</ele>
      </trkpt>
      <trkpt lat="-41.2274730" lon="-71.4503561">
        <ele>836.00000</ele>
      </trkpt>
      <trkpt lat="-41.2273889" lon="-71.4503231">
        <ele>839.00000</ele>
      </trkpt>
      <trkpt lat="-41.2273163" lon="-71.4503108">
        <ele>841.00000</ele>
      </trkpt>
      <trkpt lat="-41.2272348" lon="-71.4502407">
        <ele>842.00000</ele>
      </trkpt>
      <trkpt lat="-41.2271400" lon="-71.4501344">
        <ele>844.00000</ele>
      </trkpt>
      <trkpt lat="-41.2270269" lon="-71.4500265">
        <ele>844.00000</ele>
      </trkpt>
      <trkpt lat="-41.2269229" lon="-71.4499671">
        <ele>845.00000</ele>
      </trkpt>
      <trkpt lat="-41.2268306" lon="-71.4499221">
        <ele>846.00000</ele>
      </trkpt>
      <trkpt lat="-41.2267094" lon="-71.4498715">
        <ele>848.00000</ele>
      </trkpt>
      <trkpt lat="-41.2266101" lon="-71.4497879">
        <ele>849.00000</ele>
      </trkpt>
      <trkpt lat="-41.2265177" lon="-71.4496979">
        <ele>850.00000</ele>
      </trkpt>
      <trkpt lat="-41.2263937" lon="-71.4495913">
        <ele>851.00000</ele>
      </trkpt>
      <trkpt lat="-41.2263168" lon="-71.4494473">
        <ele>851.00000</ele>
      </trkpt>
      <trkpt lat="-41.2262380" lon="-71.4492829">
        <ele>846.00000</ele>
      </trkpt>
      <trkpt lat="-41.2261533" lon="-71.4491138">
        <ele>841.00000</ele>
      </trkpt>
      <trkpt lat="-41.2260744" lon="-71.4489628">
        <ele>840.00000</ele>
      </trkpt>
      <trkpt lat="-41.2260138" lon="-71.4488244">
        <ele>840.00000</ele>
      </trkpt>
      <trkpt lat="-41.2259127" lon="-71.4487420">
        <ele>843.00000</ele>
      </trkpt>
      <trkpt lat="-41.2258038" lon="-71.4486528">
        <ele>846.00000</ele>
      </trkpt>
      <trkpt lat="-41.2256816" lon="-71.4485520">
        <ele>847.00000</ele>
      </trkpt>
      <trkpt lat="-41.2255690" lon="-71.4484478">
        <ele>846.00000</ele>
      </trkpt>
      <trkpt lat="-41.2254549" lon="-71.4483472">
        <ele>844.00000</ele>
      </trkpt>
      <trkpt lat="-41.2253294" lon="-71.4482456">
        <ele>844.00000</ele>
      </trkpt>
      <trkpt lat="-41.2252326" lon="-71.4481793">
        <ele>845.00000</ele>
      </trkpt>
      <trkpt lat="-41.2251360" lon="-71.4480753">
        <ele>845.00000</ele>
      </trkpt>
      <trkpt lat="-41.2250471" lon="-71.4480020">
        <ele>846.00000</ele>
      </trkpt>
      <trkpt lat="-41.2249609" lon="-71.4478451">
        <ele>846.00000</ele>
      </trkpt>
      <trkpt lat="-41.2248974" lon="-71.4476897">
        <ele>844.00000</ele>
      </trkpt>
      <trkpt lat="-41.2248324" lon="-71.4475458">
        <ele>843.00000</ele>
      </trkpt>
      <trkpt lat="-41.2247850" lon="-71.4474197">
        <ele>843.00000</ele>
      </trkpt>
      <trkpt lat="-41.2246580" lon="-71.4473397">
        <ele>845.00000</ele>
      </trkpt>
      <trkpt lat="-41.2245149" lon="-71.4472666">
        <ele>847.00000</ele>
      </trkpt>
      <trkpt lat="-41.2244084" lon="-71.4472081">
        <ele>847.00000</ele>
      </trkpt>
      <trkpt lat="-41.2243093" lon="-71.4471574">
        <ele>847.00000</ele>
      </trkpt>
      <trkpt lat="-41.2242324" lon="-71.4469830">
        <ele>845.00000</ele>
      </trkpt>
      <trkpt lat="-41.2241490" lon="-71.4468384">
        <ele>842.00000</ele>
      </trkpt>
      <trkpt lat="-41.2240660" lon="-71.4468152">
        <ele>843.00000</ele>
      </trkpt>
      <trkpt lat="-41.2239556" lon="-71.4467907">
        <ele>844.00000</ele>
      </trkpt>
      <trkpt lat="-41.2238014" lon="-71.4467567">
        <ele>844.00000</ele>
      </trkpt>
      <trkpt lat="-41.2236768" lon="-71.4466705">
        <ele>843.00000</ele>
      </trkpt>
      <trkpt lat="-41.2235932" lon="-71.4465830">
        <ele>841.00000</ele>
      </trkpt>
      <trkpt lat="-41.2235326" lon="-71.4464867">
        <ele>839.00000</ele>
      </trkpt>
      <trkpt lat="-41.2234707" lon="-71.4463843">
        <ele>837.00000</ele>
      </trkpt>
      <trkpt lat="-41.2233431" lon="-71.4463277">
        <ele>837.00000</ele>
      </trkpt>
      <trkpt lat="-41.2232142" lon="-71.4462522">
        <ele>841.00000</ele>
      </trkpt>
      <trkpt lat="-41.2230965" lon="-71.4462013">
        <ele>844.00000</ele>
      </trkpt>
      <trkpt lat="-41.2229744" lon="-71.4461618">
        <ele>847.00000</ele>
      </trkpt>
      <trkpt lat="-41.2228522" lon="-71.4461123">
        <ele>850.00000</ele>
      </trkpt>
      <trkpt lat="-41.2227622" lon="-71.4460928">
        <ele>852.00000</ele>
      </trkpt>
      <trkpt lat="-41.2226931" lon="-71.4459881">
        <ele>851.00000</ele>
      </trkpt>
      <trkpt lat="-41.2226218" lon="-71.4458825">
        <ele>849.00000</ele>
      </trkpt>
      <trkpt lat="-41.2225845" lon="-71.4457296">
        <ele>844.00000</ele>
      </trkpt>
      <trkpt lat="-41.2224925" lon="-71.4455148">
        <ele>839.00000</ele>
      </trkpt>
      <trkpt lat="-41.2224140" lon="-71.4453466">
        <ele>838.00000</ele>
      </trkpt>
      <trkpt lat="-41.2223571" lon="-71.4452086">
        <ele>836.00000</ele>
      </trkpt>
      <trkpt lat="-41.2223342" lon="-71.4451049">
        <ele>834.00000</ele>
      </trkpt>
      <trkpt lat="-41.2222994" lon="-71.4450549">
        <ele>834.00000</ele>
      </trkpt>
      <trkpt lat="-41.2222756" lon="-71.4450226">
        <ele>834.00000</ele>
      </trkpt>
      <trkpt lat="-41.2222415" lon="-71.4449129">
        <ele>832.00000</ele>
      </trkpt>
      <trkpt lat="-41.2222068" lon="-71.4448207">
        <ele>831.00000</ele>
      </trkpt>
      <trkpt lat="-41.2221590" lon="-71.4447201">
        <ele>831.00000</ele>
      </trkpt>
      <trkpt lat="-41.2221016" lon="-71.4446400">
        <ele>832.00000</ele>
      </trkpt>
      <trkpt lat="-41.2220385" lon="-71.4445722">
        <ele>834.00000</ele>
      </trkpt>
      <trkpt lat="-41.2219738" lon="-71.4444999">
        <ele>834.00000</ele>
      </trkpt>
      <trkpt lat="-41.2219328" lon="-71.4444050">
        <ele>833.00000</ele>
      </trkpt>
      <trkpt lat="-41.2218747" lon="-71.4442885">
        <ele>830.00000</ele>
      </trkpt>
      <trkpt lat="-41.2218201" lon="-71.4441608">
        <ele>827.00000</ele>
      </trkpt>
      <trkpt lat="-41.2217593" lon="-71.4440859">
        <ele>828.00000</ele>
      </trkpt>
      <trkpt lat="-41.2217022" lon="-71.4440185">
        <ele>829.00000</ele>
      </trkpt>
      <trkpt lat="-41.2216770" lon="-71.4438919">
        <ele>827.00000</ele>
      </trkpt>
      <trkpt lat="-41.2216465" lon="-71.4437456">
        <ele>828.00000</ele>
      </trkpt>
      <trkpt lat="-41.2216593" lon="-71.4436271">
        <ele>827.00000</ele>
      </trkpt>
      <trkpt lat="-41.2216619" lon="-71.4435181">
        <ele>827.00000</ele>
      </trkpt>
      <trkpt lat="-41.2216697" lon="-71.4433272">
        <ele>827.00000</ele>
      </trkpt>
      <trkpt lat="-41.2216723" lon="-71.4432139">
        <ele>827.00000</ele>
      </trkpt>
      <trkpt lat="-41.2216468" lon="-71.4430341">
        <ele>827.00000</ele>
      </trkpt>
      <trkpt lat="-41.2216081" lon="-71.4428685">
        <ele>828.00000</ele>
      </trkpt>
      <trkpt lat="-41.2216367" lon="-71.4427230">
        <ele>827.00000</ele>
      </trkpt>
      <trkpt lat="-41.2216445" lon="-71.4425354">
        <ele>826.00000</ele>
      </trkpt>
      <trkpt lat="-41.2216802" lon="-71.4424193">
        <ele>826.00000</ele>
      </trkpt>
      <trkpt lat="-41.2216979" lon="-71.4423262">
        <ele>826.00000</ele>
      </trkpt>
      <trkpt lat="-41.2217626" lon="-71.4422499">
        <ele>825.00000</ele>
      </trkpt>
      <trkpt lat="-41.2218257" lon="-71.4421783">
        <ele>824.00000</ele>
      </trkpt>
      <trkpt lat="-41.2218733" lon="-71.4421115">
        <ele>823.00000</ele>
      </trkpt>
      <trkpt lat="-41.2219315" lon="-71.4420312">
        <ele>822.00000</ele>
      </trkpt>
      <trkpt lat="-41.2219749" lon="-71.4419751">
        <ele>821.00000</ele>
      </trkpt>
      <trkpt lat="-41.2219772" lon="-71.4418575">
        <ele>821.00000</ele>
      </trkpt>
      <trkpt lat="-41.2219682" lon="-71.4417243">
        <ele>820.00000</ele>
      </trkpt>
      <trkpt lat="-41.2219546" lon="-71.4415533">
        <ele>820.00000</ele>
      </trkpt>
      <trkpt lat="-41.2219660" lon="-71.4414841">
        <ele>820.00000</ele>
      </trkpt>
      <trkpt lat="-41.2219796" lon="-71.4413902">
        <ele>820.00000</ele>
      </trkpt>
      <trkpt lat="-41.2219684" lon="-71.4413207">
        <ele>821.00000</ele>
      </trkpt>
      <trkpt lat="-41.2219226" lon="-71.4412020">
        <ele>823.00000</ele>
      </trkpt>
      <trkpt lat="-41.2218761" lon="-71.4410726">
        <ele>825.00000</ele>
      </trkpt>
      <trkpt lat="-41.2218334" lon="-71.4409622">
        <ele>827.00000</ele>
      </trkpt>
      <trkpt lat="-41.2218070" lon="-71.4408629">
        <ele>828.00000</ele>
      </trkpt>
      <trkpt lat="-41.2218071" lon="-71.4407901">
        <ele>829.00000</ele>
      </trkpt>
      <trkpt lat="-41.2218389" lon="-71.4407299">
        <ele>829.00000</ele>
      </trkpt>
      <trkpt lat="-41.2218769" lon="-71.4406703">
        <ele>829.00000</ele>
      </trkpt>
      <trkpt lat="-41.2219091" lon="-71.4407177">
        <ele>828.00000</ele>
      </trkpt>
      <trkpt lat="-41.2219931" lon="-71.4407080">
        <ele>827.00000</ele>
      </trkpt>
      <trkpt lat="-41.2220845" lon="-71.4407147">
        <ele>826.00000</ele>
      </trkpt>
      <trkpt lat="-41.2221850" lon="-71.4407143">
        <ele>825.00000</ele>
      </trkpt>
      <trkpt lat="-41.2222561" lon="-71.4407015">
        <ele>824.00000</ele>
      </trkpt>
      <trkpt lat="-41.2222818" lon="-71.4406311">
        <ele>824.00000</ele>
      </trkpt>
      <trkpt lat="-41.2223072" lon="-71.4405075">
        <ele>824.00000</ele>
      </trkpt>
      <trkpt lat="-41.2223255" lon="-71.4404091">
        <ele>823.00000</ele>
      </trkpt>
      <trkpt lat="-41.2223061" lon="-71.4402833">
        <ele>824.00000</ele>
      </trkpt>
      <trkpt lat="-41.2222735" lon="-71.4401640">
        <ele>824.00000</ele>
      </trkpt>
      <trkpt lat="-41.2222449" lon="-71.4400405">
        <ele>825.00000</ele>
      </trkpt>
      <trkpt lat="-41.2221957" lon="-71.4398859">
        <ele>826.00000</ele>
      </trkpt>
      <trkpt lat="-41.2221107" lon="-71.4397503">
        <ele>827.00000</ele>
      </trkpt>
      <trkpt lat="-41.2220517" lon="-71.4396543">
        <ele>828.00000</ele>
      </trkpt>
      <trkpt lat="-41.2219741" lon="-71.4395155">
        <ele>830.00000</ele>
      </trkpt>
      <trkpt lat="-41.2219017" lon="-71.4394036">
        <ele>831.00000</ele>
      </trkpt>
      <trkpt lat="-41.2218222" lon="-71.4392665">
        <ele>832.00000</ele>
      </trkpt>
      <trkpt lat="-41.2217482" lon="-71.4391668">
        <ele>833.00000</ele>
      </trkpt>
      <trkpt lat="-41.2216670" lon="-71.4391023">
        <ele>834.00000</ele>
      </trkpt>
      <trkpt lat="-41.2215061" lon="-71.4389595">
        <ele>837.00000</ele>
      </trkpt>
      <trkpt lat="-41.2214318" lon="-71.4388863">
        <ele>838.00000</ele>
      </trkpt>
      <trkpt lat="-41.2213111" lon="-71.4387458">
        <ele>839.00000</ele>
      </trkpt>
      <trkpt lat="-41.2212095" lon="-71.4386409">
        <ele>840.00000</ele>
      </trkpt>
      <trkpt lat="-41.2210756" lon="-71.4385133">
        <ele>840.00000</ele>
      </trkpt>
      <trkpt lat="-41.2209827" lon="-71.4384033">
        <ele>840.00000</ele>
      </trkpt>
      <trkpt lat="-41.2208718" lon="-71.4382780">
        <ele>839.00000</ele>
      </trkpt>
      <trkpt lat="-41.2207510" lon="-71.4381440">
        <ele>840.00000</ele>
      </trkpt>
      <trkpt lat="-41.2205961" lon="-71.4379417">
        <ele>840.00000</ele>
      </trkpt>
      <trkpt lat="-41.2204957" lon="-71.4378122">
        <ele>842.00000</ele>
      </trkpt>
      <trkpt lat="-41.2203889" lon="-71.4376743">
        <ele>844.00000</ele>
      </trkpt>
      <trkpt lat="-41.2202610" lon="-71.4375040">
        <ele>847.00000</ele>
      </trkpt>
      <trkpt lat="-41.2201534" lon="-71.4373121">
        <ele>849.00000</ele>
      </trkpt>
      <trkpt lat="-41.2200514" lon="-71.4371042">
        <ele>850.00000</ele>
      </trkpt>
      <trkpt lat="-41.2199348" lon="-71.4369200">
        <ele>852.00000</ele>
      </trkpt>
      <trkpt lat="-41.2198432" lon="-71.4367733">
        <ele>853.00000</ele>
      </trkpt>
      <trkpt lat="-41.2198046" lon="-71.4367449">
        <ele>853.00000</ele>
      </trkpt>
      <trkpt lat="-41.2197029" lon="-71.4367400">
        <ele>855.00000</ele>
      </trkpt>
      <trkpt lat="-41.2196301" lon="-71.4365795">
        <ele>855.00000</ele>
      </trkpt>
      <trkpt lat="-41.2196331" lon="-71.4364191">
        <ele>854.00000</ele>
      </trkpt>
      <trkpt lat="-41.2196390" lon="-71.4362662">
        <ele>852.00000</ele>
      </trkpt>
      <trkpt lat="-41.2195259" lon="-71.4361205">
        <ele>851.00000</ele>
      </trkpt>
      <trkpt lat="-41.2194510" lon="-71.4360193">
        <ele>850.00000</ele>
      </trkpt>
      <trkpt lat="-41.2193411" lon="-71.4358714">
        <ele>848.00000</ele>
      </trkpt>
      <trkpt lat="-41.2192766" lon="-71.4356854">
        <ele>846.00000</ele>
      </trkpt>
      <trkpt lat="-41.2192477" lon="-71.4356185">
        <ele>844.00000</ele>
      </trkpt>
      <trkpt lat="-41.2191619" lon="-71.4355688">
        <ele>843.00000</ele>
      </trkpt>
      <trkpt lat="-41.2191537" lon="-71.4354873">
        <ele>842.00000</ele>
      </trkpt>
      <trkpt lat="-41.2191428" lon="-71.4353928">
        <ele>842.00000</ele>
      </trkpt>
      <trkpt lat="-41.2191005" lon="-71.4353178">
        <ele>841.00000</ele>
      </trkpt>
      <trkpt lat="-41.2190588" lon="-71.4352531">
        <ele>841.00000</ele>
      </trkpt>
      <trkpt lat="-41.2190023" lon="-71.4352787">
        <ele>840.00000</ele>
      </trkpt>
      <trkpt lat="-41.2189448" lon="-71.4353092">
        <ele>840.00000</ele>
      </trkpt>
      <trkpt lat="-41.2188532" lon="-71.4353132">
        <ele>839.00000</ele>
      </trkpt>
      <trkpt lat="-41.2187514" lon="-71.4353045">
        <ele>838.00000</ele>
      </trkpt>
      <trkpt lat="-41.2186780" lon="-71.4352352">
        <ele>837.00000</ele>
      </trkpt>
      <trkpt lat="-41.2185469" lon="-71.4351329">
        <ele>836.00000</ele>
      </trkpt>
      <trkpt lat="-41.2184568" lon="-71.4350465">
        <ele>835.00000</ele>
      </trkpt>
      <trkpt lat="-41.2183432" lon="-71.4349403">
        <ele>833.00000</ele>
      </trkpt>
      <trkpt lat="-41.2183089" lon="-71.4347858">
        <ele>832.00000</ele>
      </trkpt>
      <trkpt lat="-41.2182959" lon="-71.4346734">
        <ele>831.00000</ele>
      </trkpt>
      <trkpt lat="-41.2182743" lon="-71.4345707">
        <ele>830.00000</ele>
      </trkpt>
      <trkpt lat="-41.2182525" lon="-71.4343784">
        <ele>828.00000</ele>
      </trkpt>
      <trkpt lat="-41.2181324" lon="-71.4344044">
        <ele>827.00000</ele>
      </trkpt>
      <trkpt lat="-41.2180084" lon="-71.4344364">
        <ele>827.00000</ele>
      </trkpt>
      <trkpt lat="-41.2178319" lon="-71.4344652">
        <ele>828.00000</ele>
      </trkpt>
      <trkpt lat="-41.2177432" lon="-71.4344932">
        <ele>829.00000</ele>
      </trkpt>
      <trkpt lat="-41.2176728" lon="-71.4345426">
        <ele>830.00000</ele>
      </trkpt>
      <trkpt lat="-41.2176011" lon="-71.4345876">
        <ele>831.00000</ele>
      </trkpt>
      <trkpt lat="-41.2175177" lon="-71.4346446">
        <ele>832.00000</ele>
      </trkpt>
      <trkpt lat="-41.2174110" lon="-71.4346319">
        <ele>832.00000</ele>
      </trkpt>
      <trkpt lat="-41.2173537" lon="-71.4345799">
        <ele>831.00000</ele>
      </trkpt>
      <trkpt lat="-41.2173012" lon="-71.4345291">
        <ele>830.00000</ele>
      </trkpt>
      <trkpt lat="-41.2172371" lon="-71.4344748">
        <ele>829.00000</ele>
      </trkpt>
      <trkpt lat="-41.2172140" lon="-71.4345355">
        <ele>830.00000</ele>
      </trkpt>
      <trkpt lat="-41.2171885" lon="-71.4345866">
        <ele>831.00000</ele>
      </trkpt>
      <trkpt lat="-41.2171106" lon="-71.4346041">
        <ele>832.00000</ele>
      </trkpt>
      <trkpt lat="-41.2170371" lon="-71.4346114">
        <ele>832.00000</ele>
      </trkpt>
      <trkpt lat="-41.2169778" lon="-71.4346343">
        <ele>833.00000</ele>
      </trkpt>
      <trkpt lat="-41.2169367" lon="-71.4346755">
        <ele>834.00000</ele>
      </trkpt>
      <trkpt lat="-41.2169009" lon="-71.4347251">
        <ele>835.00000</ele>
      </trkpt>
      <trkpt lat="-41.2168881" lon="-71.4348145">
        <ele>837.00000</ele>
      </trkpt>
      <trkpt lat="-41.2168860" lon="-71.4349060">
        <ele>839.00000</ele>
      </trkpt>
      <trkpt lat="-41.2168817" lon="-71.4349977">
        <ele>841.00000</ele>
      </trkpt>
      <trkpt lat="-41.2168774" lon="-71.4350846">
        <ele>842.00000</ele>
      </trkpt>
      <trkpt lat="-41.2168709" lon="-71.4351591">
        <ele>844.00000</ele>
      </trkpt>
      <trkpt lat="-41.2168559" lon="-71.4352300">
        <ele>846.00000</ele>
      </trkpt>
      <trkpt lat="-41.2168321" lon="-71.4352335">
        <ele>846.00000</ele>
      </trkpt>
      <trkpt lat="-41.2167660" lon="-71.4351940">
        <ele>847.00000</ele>
      </trkpt>
      <trkpt lat="-41.2166984" lon="-71.4351297">
        <ele>847.00000</ele>
      </trkpt>
      <trkpt lat="-41.2166616" lon="-71.4350867">
        <ele>847.00000</ele>
      </trkpt>
      <trkpt lat="-41.2166313" lon="-71.4349785">
        <ele>846.00000</ele>
      </trkpt>
      <trkpt lat="-41.2165741" lon="-71.4349296">
        <ele>847.00000</ele>
      </trkpt>
      <trkpt lat="-41.2165235" lon="-71.4348759">
        <ele>848.00000</ele>
      </trkpt>
      <trkpt lat="-41.2164657" lon="-71.4348043">
        <ele>849.00000</ele>
      </trkpt>
      <trkpt lat="-41.2164149" lon="-71.4348228">
        <ele>850.00000</ele>
      </trkpt>
      <trkpt lat="-41.2163398" lon="-71.4348433">
        <ele>853.00000</ele>
      </trkpt>
      <trkpt lat="-41.2162734" lon="-71.4348509">
        <ele>855.00000</ele>
      </trkpt>
      <trkpt lat="-41.2162385" lon="-71.4348664">
        <ele>857.00000</ele>
      </trkpt>
      <trkpt lat="-41.2162384" lon="-71.4349540">
        <ele>858.00000</ele>
      </trkpt>
      <trkpt lat="-41.2162450" lon="-71.4350589">
        <ele>859.00000</ele>
      </trkpt>
      <trkpt lat="-41.2162581" lon="-71.4351806">
        <ele>861.00000</ele>
      </trkpt>
      <trkpt lat="-41.2162602" lon="-71.4352418">
        <ele>862.00000</ele>
      </trkpt>
      <trkpt lat="-41.2162667" lon="-71.4353229">
        <ele>864.00000</ele>
      </trkpt>
      <trkpt lat="-41.2162566" lon="-71.4354141">
        <ele>866.00000</ele>
      </trkpt>
      <trkpt lat="-41.2162353" lon="-71.4354892">
        <ele>868.00000</ele>
      </trkpt>
      <trkpt lat="-41.2162210" lon="-71.4355598">
        <ele>870.00000</ele>
      </trkpt>
      <trkpt lat="-41.2161958" lon="-71.4356154">
        <ele>871.00000</ele>
      </trkpt>
      <trkpt lat="-41.2161629" lon="-71.4356487">
        <ele>872.00000</ele>
      </trkpt>
      <trkpt lat="-41.2161204" lon="-71.4356762">
        <ele>873.00000</ele>
      </trkpt>
      <trkpt lat="-41.2160732" lon="-71.4357069">
        <ele>874.00000</ele>
      </trkpt>
      <trkpt lat="-41.2160037" lon="-71.4357430">
        <ele>875.00000</ele>
      </trkpt>
      <trkpt lat="-41.2159978" lon="-71.4357996">
        <ele>876.00000</ele>
      </trkpt>
      <trkpt lat="-41.2159860" lon="-71.4358790">
        <ele>878.00000</ele>
      </trkpt>
      <trkpt lat="-41.2159741" lon="-71.4359221">
        <ele>878.00000</ele>
      </trkpt>
      <trkpt lat="-41.2159140" lon="-71.4359280">
        <ele>879.00000</ele>
      </trkpt>
      <trkpt lat="-41.2158587" lon="-71.4359382">
        <ele>880.00000</ele>
      </trkpt>
      <trkpt lat="-41.2157979" lon="-71.4359492">
        <ele>881.00000</ele>
      </trkpt>
      <trkpt lat="-41.2157379" lon="-71.4359499">
        <ele>882.00000</ele>
      </trkpt>
      <trkpt lat="-41.2156787" lon="-71.4359141">
        <ele>881.00000</ele>
      </trkpt>
      <trkpt lat="-41.2156181" lon="-71.4358670">
        <ele>880.00000</ele>
      </trkpt>
      <trkpt lat="-41.2155655" lon="-71.4358363">
        <ele>880.00000</ele>
      </trkpt>
      <trkpt lat="-41.2155165" lon="-71.4357965">
        <ele>879.00000</ele>
      </trkpt>
      <trkpt lat="-41.2154607" lon="-71.4357635">
        <ele>878.00000</ele>
      </trkpt>
      <trkpt lat="-41.2154080" lon="-71.4357797">
        <ele>880.00000</ele>
      </trkpt>
      <trkpt lat="-41.2153617" lon="-71.4358010">
        <ele>881.00000</ele>
      </trkpt>
      <trkpt lat="-41.2153221" lon="-71.4358226">
        <ele>882.00000</ele>
      </trkpt>
      <trkpt lat="-41.2153030" lon="-71.4358829">
        <ele>884.00000</ele>
      </trkpt>
      <trkpt lat="-41.2152857" lon="-71.4359363">
        <ele>885.00000</ele>
      </trkpt>
      <trkpt lat="-41.2152663" lon="-71.4360096">
        <ele>888.00000</ele>
      </trkpt>
      <trkpt lat="-41.2152799" lon="-71.4361032">
        <ele>890.00000</ele>
      </trkpt>
      <trkpt lat="-41.2152895" lon="-71.4361653">
        <ele>891.00000</ele>
      </trkpt>
      <trkpt lat="-41.2153086" lon="-71.4362239">
        <ele>892.00000</ele>
      </trkpt>
      <trkpt lat="-41.2153390" lon="-71.4362976">
        <ele>893.00000</ele>
      </trkpt>
      <trkpt lat="-41.2153578" lon="-71.4363385">
        <ele>894.00000</ele>
      </trkpt>
      <trkpt lat="-41.2153671" lon="-71.4363897">
        <ele>894.00000</ele>
      </trkpt>
      <trkpt lat="-41.2153727" lon="-71.4364483">
        <ele>895.00000</ele>
      </trkpt>
      <trkpt lat="-41.2153295" lon="-71.4364469">
        <ele>895.00000</ele>
      </trkpt>
      <trkpt lat="-41.2152778" lon="-71.4364248">
        <ele>895.00000</ele>
      </trkpt>
      <trkpt lat="-41.2152092" lon="-71.4364114">
        <ele>896.00000</ele>
      </trkpt>
      <trkpt lat="-41.2151488" lon="-71.4364015">
        <ele>897.00000</ele>
      </trkpt>
      <trkpt lat="-41.2150787" lon="-71.4363898">
        <ele>897.00000</ele>
      </trkpt>
      <trkpt lat="-41.2150408" lon="-71.4363865">
        <ele>898.00000</ele>
      </trkpt>
      <trkpt lat="-41.2149785" lon="-71.4364064">
        <ele>899.00000</ele>
      </trkpt>
      <trkpt lat="-41.2149236" lon="-71.4364232">
        <ele>900.00000</ele>
      </trkpt>
      <trkpt lat="-41.2148608" lon="-71.4364647">
        <ele>902.00000</ele>
      </trkpt>
      <trkpt lat="-41.2148150" lon="-71.4364994">
        <ele>903.00000</ele>
      </trkpt>
      <trkpt lat="-41.2147306" lon="-71.4365586">
        <ele>905.00000</ele>
      </trkpt>
      <trkpt lat="-41.2146725" lon="-71.4366167">
        <ele>907.00000</ele>
      </trkpt>
      <trkpt lat="-41.2146153" lon="-71.4366662">
        <ele>908.00000</ele>
      </trkpt>
      <trkpt lat="-41.2145605" lon="-71.4367021">
        <ele>910.00000</ele>
      </trkpt>
      <trkpt lat="-41.2145142" lon="-71.4367402">
        <ele>912.00000</ele>
      </trkpt>
      <trkpt lat="-41.2144731" lon="-71.4367858">
        <ele>914.00000</ele>
      </trkpt>
      <trkpt lat="-41.2144049" lon="-71.4368278">
        <ele>917.00000</ele>
      </trkpt>
      <trkpt lat="-41.2143349" lon="-71.4368583">
        <ele>919.00000</ele>
      </trkpt>
      <trkpt lat="-41.2142886" lon="-71.4368688">
        <ele>921.00000</ele>
      </trkpt>
      <trkpt lat="-41.2142132" lon="-71.4368906">
        <ele>923.00000</ele>
      </trkpt>
      <trkpt lat="-41.2141736" lon="-71.4369032">
        <ele>924.00000</ele>
      </trkpt>
      <trkpt lat="-41.2141469" lon="-71.4369466">
        <ele>925.00000</ele>
      </trkpt>
      <trkpt lat="-41.2141271" lon="-71.4369905">
        <ele>926.00000</ele>
      </trkpt>
      <trkpt lat="-41.2141144" lon="-71.4370223">
        <ele>927.00000</ele>
      </trkpt>
      <trkpt lat="-41.2140777" lon="-71.4370144">
        <ele>927.00000</ele>
      </trkpt>
      <trkpt lat="-41.2140480" lon="-71.4369675">
        <ele>927.00000</ele>
      </trkpt>
      <trkpt lat="-41.2140179" lon="-71.4368986">
        <ele>927.00000</ele>
      </trkpt>
      <trkpt lat="-41.2140027" lon="-71.4368351">
        <ele>927.00000</ele>
      </trkpt>
      <trkpt lat="-41.2139894" lon="-71.4367350">
        <ele>927.00000</ele>
      </trkpt>
      <trkpt lat="-41.2139817" lon="-71.4366823">
        <ele>927.00000</ele>
      </trkpt>
      <trkpt lat="-41.2139469" lon="-71.4365914">
        <ele>927.00000</ele>
      </trkpt>
      <trkpt lat="-41.2139235" lon="-71.4365236">
        <ele>927.00000</ele>
      </trkpt>
      <trkpt lat="-41.2139353" lon="-71.4364409">
        <ele>926.00000</ele>
      </trkpt>
      <trkpt lat="-41.2139373" lon="-71.4363024">
        <ele>925.00000</ele>
      </trkpt>
      <trkpt lat="-41.2139314" lon="-71.4362049">
        <ele>925.00000</ele>
      </trkpt>
      <trkpt lat="-41.2139177" lon="-71.4361187">
        <ele>925.00000</ele>
      </trkpt>
      <trkpt lat="-41.2139039" lon="-71.4360076">
        <ele>925.00000</ele>
      </trkpt>
      <trkpt lat="-41.2138900" lon="-71.4359056">
        <ele>925.00000</ele>
      </trkpt>
      <trkpt lat="-41.2138499" lon="-71.4358465">
        <ele>926.00000</ele>
      </trkpt>
      <trkpt lat="-41.2138091" lon="-71.4357865">
        <ele>926.00000</ele>
      </trkpt>
      <trkpt lat="-41.2137340" lon="-71.4357179">
        <ele>928.00000</ele>
      </trkpt>
      <trkpt lat="-41.2136914" lon="-71.4356758">
        <ele>928.00000</ele>
      </trkpt>
      <trkpt lat="-41.2136063" lon="-71.4356346">
        <ele>930.00000</ele>
      </trkpt>
      <trkpt lat="-41.2135398" lon="-71.4356181">
        <ele>932.00000</ele>
      </trkpt>
      <trkpt lat="-41.2134776" lon="-71.4355899">
        <ele>933.00000</ele>
      </trkpt>
      <trkpt lat="-41.2134221" lon="-71.4355675">
        <ele>934.00000</ele>
      </trkpt>
      <trkpt lat="-41.2134159" lon="-71.4356741">
        <ele>936.00000</ele>
      </trkpt>
      <trkpt lat="-41.2134241" lon="-71.4357455">
        <ele>936.00000</ele>
      </trkpt>
      <trkpt lat="-41.2134262" lon="-71.4358009">
        <ele>937.00000</ele>
      </trkpt>
      <trkpt lat="-41.2134283" lon="-71.4358537">
        <ele>937.00000</ele>
      </trkpt>
      <trkpt lat="-41.2134406" lon="-71.4359151">
        <ele>938.00000</ele>
      </trkpt>
      <trkpt lat="-41.2134282" lon="-71.4359537">
        <ele>939.00000</ele>
      </trkpt>
      <trkpt lat="-41.2134011" lon="-71.4360237">
        <ele>941.00000</ele>
      </trkpt>
      <trkpt lat="-41.2133589" lon="-71.4360756">
        <ele>943.00000</ele>
      </trkpt>
      <trkpt lat="-41.2133139" lon="-71.4360565">
        <ele>944.00000</ele>
      </trkpt>
      <trkpt lat="-41.2132615" lon="-71.4360108">
        <ele>944.00000</ele>
      </trkpt>
      <trkpt lat="-41.2132170" lon="-71.4359729">
        <ele>944.00000</ele>
      </trkpt>
      <trkpt lat="-41.2131649" lon="-71.4359388">
        <ele>944.00000</ele>
      </trkpt>
      <trkpt lat="-41.2131204" lon="-71.4359533">
        <ele>945.00000</ele>
      </trkpt>
      <trkpt lat="-41.2131242" lon="-71.4360230">
        <ele>947.00000</ele>
      </trkpt>
      <trkpt lat="-41.2131279" lon="-71.4360831">
        <ele>948.00000</ele>
      </trkpt>
      <trkpt lat="-41.2131392" lon="-71.4361627">
        <ele>949.00000</ele>
      </trkpt>
      <trkpt lat="-41.2131486" lon="-71.4362562">
        <ele>949.00000</ele>
      </trkpt>
      <trkpt lat="-41.2131335" lon="-71.4362936">
        <ele>950.00000</ele>
      </trkpt>
      <trkpt lat="-41.2131165" lon="-71.4363479">
        <ele>951.00000</ele>
      </trkpt>
      <trkpt lat="-41.2130762" lon="-71.4364432">
        <ele>952.00000</ele>
      </trkpt>
      <trkpt lat="-41.2130412" lon="-71.4365424">
        <ele>954.00000</ele>
      </trkpt>
      <trkpt lat="-41.2130097" lon="-71.4366014">
        <ele>955.00000</ele>
      </trkpt>
      <trkpt lat="-41.2129958" lon="-71.4366532">
        <ele>956.00000</ele>
      </trkpt>
      <trkpt lat="-41.2129677" lon="-71.4367181">
        <ele>957.00000</ele>
      </trkpt>
      <trkpt lat="-41.2129394" lon="-71.4366746">
        <ele>958.00000</ele>
      </trkpt>
      <trkpt lat="-41.2128921" lon="-71.4366161">
        <ele>958.00000</ele>
      </trkpt>
      <trkpt lat="-41.2128397" lon="-71.4365439">
        <ele>958.00000</ele>
      </trkpt>
      <trkpt lat="-41.2128057" lon="-71.4364730">
        <ele>957.00000</ele>
      </trkpt>
      <trkpt lat="-41.2127777" lon="-71.4364344">
        <ele>957.00000</ele>
      </trkpt>
      <trkpt lat="-41.2127229" lon="-71.4364208">
        <ele>958.00000</ele>
      </trkpt>
      <trkpt lat="-41.2126671" lon="-71.4363990">
        <ele>958.00000</ele>
      </trkpt>
      <trkpt lat="-41.2126009" lon="-71.4364262">
        <ele>960.00000</ele>
      </trkpt>
      <trkpt lat="-41.2125462" lon="-71.4364466">
        <ele>961.00000</ele>
      </trkpt>
      <trkpt lat="-41.2124921" lon="-71.4364698">
        <ele>962.00000</ele>
      </trkpt>
      <trkpt lat="-41.2124233" lon="-71.4365056">
        <ele>964.00000</ele>
      </trkpt>
      <trkpt lat="-41.2124019" lon="-71.4365663">
        <ele>966.00000</ele>
      </trkpt>
      <trkpt lat="-41.2123803" lon="-71.4366324">
        <ele>967.00000</ele>
      </trkpt>
      <trkpt lat="-41.2123446" lon="-71.4367120">
        <ele>969.00000</ele>
      </trkpt>
      <trkpt lat="-41.2123285" lon="-71.4367619">
        <ele>970.00000</ele>
      </trkpt>
      <trkpt lat="-41.2122920" lon="-71.4368432">
        <ele>972.00000</ele>
      </trkpt>
      <trkpt lat="-41.2122405" lon="-71.4368766">
        <ele>973.00000</ele>
      </trkpt>
      <trkpt lat="-41.2121837" lon="-71.4369162">
        <ele>974.00000</ele>
      </trkpt>
      <trkpt lat="-41.2120927" lon="-71.4368847">
        <ele>974.00000</ele>
      </trkpt>
      <trkpt lat="-41.2120081" lon="-71.4368612">
        <ele>975.00000</ele>
      </trkpt>
      <trkpt lat="-41.2119279" lon="-71.4368435">
        <ele>976.00000</ele>
      </trkpt>
      <trkpt lat="-41.2118392" lon="-71.4368135">
        <ele>977.00000</ele>
      </trkpt>
      <trkpt lat="-41.2117671" lon="-71.4367862">
        <ele>977.00000</ele>
      </trkpt>
      <trkpt lat="-41.2116970" lon="-71.4367703">
        <ele>978.00000</ele>
      </trkpt>
      <trkpt lat="-41.2116394" lon="-71.4367532">
        <ele>978.00000</ele>
      </trkpt>
      <trkpt lat="-41.2115691" lon="-71.4366831">
        <ele>977.00000</ele>
      </trkpt>
      <trkpt lat="-41.2114879" lon="-71.4366109">
        <ele>977.00000</ele>
      </trkpt>
      <trkpt lat="-41.2114322" lon="-71.4365525">
        <ele>976.00000</ele>
      </trkpt>
      <trkpt lat="-41.2113637" lon="-71.4364929">
        <ele>975.00000</ele>
      </trkpt>
      <trkpt lat="-41.2113618" lon="-71.4364180">
        <ele>974.00000</ele>
      </trkpt>
      <trkpt lat="-41.2113676" lon="-71.4363240">
        <ele>973.00000</ele>
      </trkpt>
      <trkpt lat="-41.2113677" lon="-71.4362155">
        <ele>972.00000</ele>
      </trkpt>
      <trkpt lat="-41.2113696" lon="-71.4361602">
        <ele>971.00000</ele>
      </trkpt>
      <trkpt lat="-41.2113191" lon="-71.4360739">
        <ele>970.00000</ele>
      </trkpt>
      <trkpt lat="-41.2112954" lon="-71.4360034">
        <ele>969.00000</ele>
      </trkpt>
      <trkpt lat="-41.2112635" lon="-71.4359362">
        <ele>969.00000</ele>
      </trkpt>
      <trkpt lat="-41.2112190" lon="-71.4358741">
        <ele>968.00000</ele>
      </trkpt>
      <trkpt lat="-41.2111420" lon="-71.4358219">
        <ele>968.00000</ele>
      </trkpt>
      <trkpt lat="-41.2110751" lon="-71.4357668">
        <ele>967.00000</ele>
      </trkpt>
      <trkpt lat="-41.2109992" lon="-71.4357138">
        <ele>967.00000</ele>
      </trkpt>
      <trkpt lat="-41.2109191" lon="-71.4356518">
        <ele>966.00000</ele>
      </trkpt>
      <trkpt lat="-41.2108585" lon="-71.4356218">
        <ele>966.00000</ele>
      </trkpt>
      <trkpt lat="-41.2108098" lon="-71.4355764">
        <ele>966.00000</ele>
      </trkpt>
      <trkpt lat="-41.2107523" lon="-71.4355917">
        <ele>965.00000</ele>
      </trkpt>
      <trkpt lat="-41.2106994" lon="-71.4356107">
        <ele>965.00000</ele>
      </trkpt>
      <trkpt lat="-41.2106352" lon="-71.4356286">
        <ele>965.00000</ele>
      </trkpt>
      <trkpt lat="-41.2105777" lon="-71.4356482">
        <ele>965.00000</ele>
      </trkpt>
      <trkpt lat="-41.2104998" lon="-71.4357296">
        <ele>966.00000</ele>
      </trkpt>
      <trkpt lat="-41.2104818" lon="-71.4357544">
        <ele>966.00000</ele>
      </trkpt>
      <trkpt lat="-41.2104790" lon="-71.4357960">
        <ele>967.00000</ele>
      </trkpt>
      <trkpt lat="-41.2104762" lon="-71.4358376">
        <ele>967.00000</ele>
      </trkpt>
      <trkpt lat="-41.2104705" lon="-71.4359207">
        <ele>968.00000</ele>
      </trkpt>
      <trkpt lat="-41.2104677" lon="-71.4359623">
        <ele>968.00000</ele>
      </trkpt>
      <trkpt lat="-41.2104642" lon="-71.4360143">
        <ele>969.00000</ele>
      </trkpt>
      <trkpt lat="-41.2104600" lon="-71.4360767">
        <ele>969.00000</ele>
      </trkpt>
      <trkpt lat="-41.2104644" lon="-71.4361317">
        <ele>970.00000</ele>
      </trkpt>
      <trkpt lat="-41.2104588" lon="-71.4362149">
        <ele>971.00000</ele>
      </trkpt>
      <trkpt lat="-41.2104546" lon="-71.4362772">
        <ele>971.00000</ele>
      </trkpt>
      <trkpt lat="-41.2104518" lon="-71.4363188">
        <ele>971.00000</ele>
      </trkpt>
      <trkpt lat="-41.2104440" lon="-71.4364332">
        <ele>973.00000</ele>
      </trkpt>
      <trkpt lat="-41.2104412" lon="-71.4364747">
        <ele>973.00000</ele>
      </trkpt>
      <trkpt lat="-41.2104443" lon="-71.4365503">
        <ele>974.00000</ele>
      </trkpt>
      <trkpt lat="-41.2104501" lon="-71.4365842">
        <ele>974.00000</ele>
      </trkpt>
      <trkpt lat="-41.2104553" lon="-71.4366285">
        <ele>975.00000</ele>
      </trkpt>
      <trkpt lat="-41.2104583" lon="-71.4367038">
        <ele>975.00000</ele>
      </trkpt>
      <trkpt lat="-41.2104628" lon="-71.4367583">
        <ele>976.00000</ele>
      </trkpt>
      <trkpt lat="-41.2104572" lon="-71.4368413">
        <ele>976.00000</ele>
      </trkpt>
      <trkpt lat="-41.2104623" lon="-71.4368853">
        <ele>977.00000</ele>
      </trkpt>
      <trkpt lat="-41.2104667" lon="-71.4369397">
        <ele>977.00000</ele>
      </trkpt>
      <trkpt lat="-41.2104705" lon="-71.4370044">
        <ele>977.00000</ele>
      </trkpt>
      <trkpt lat="-41.2104670" lon="-71.4370561">
        <ele>978.00000</ele>
      </trkpt>
      <trkpt lat="-41.2104800" lon="-71.4371025">
        <ele>978.00000</ele>
      </trkpt>
      <trkpt lat="-41.2104751" lon="-71.4371749">
        <ele>978.00000</ele>
      </trkpt>
      <trkpt lat="-41.2104875" lon="-71.4372314">
        <ele>978.00000</ele>
      </trkpt>
      <trkpt lat="-41.2104840" lon="-71.4372830">
        <ele>979.00000</ele>
      </trkpt>
      <trkpt lat="-41.2104877" lon="-71.4373473">
        <ele>979.00000</ele>
      </trkpt>
      <trkpt lat="-41.2104842" lon="-71.4373990">
        <ele>980.00000</ele>
      </trkpt>
      <trkpt lat="-41.2104893" lon="-71.4374425">
        <ele>980.00000</ele>
      </trkpt>
      <trkpt lat="-41.2104844" lon="-71.4375148">
        <ele>981.00000</ele>
      </trkpt>
      <trkpt lat="-41.2104809" lon="-71.4375664">
        <ele>982.00000</ele>
      </trkpt>
      <trkpt lat="-41.2104925" lon="-71.4376327">
        <ele>983.00000</ele>
      </trkpt>
      <trkpt lat="-41.2105055" lon="-71.4376782">
        <ele>983.00000</ele>
      </trkpt>
      <trkpt lat="-41.2105171" lon="-71.4377442">
        <ele>984.00000</ele>
      </trkpt>
      <trkpt lat="-41.2105143" lon="-71.4377854">
        <ele>985.00000</ele>
      </trkpt>
      <trkpt lat="-41.2105186" lon="-71.4378389">
        <ele>986.00000</ele>
      </trkpt>
      <trkpt lat="-41.2105159" lon="-71.4378800">
        <ele>987.00000</ele>
      </trkpt>
      <trkpt lat="-41.2105281" lon="-71.4379354">
        <ele>988.00000</ele>
      </trkpt>
      <trkpt lat="-41.2105246" lon="-71.4379868">
        <ele>989.00000</ele>
      </trkpt>
      <trkpt lat="-41.2105190" lon="-71.4380690">
        <ele>991.00000</ele>
      </trkpt>
      <trkpt lat="-41.2105163" lon="-71.4381101">
        <ele>992.00000</ele>
      </trkpt>
      <trkpt lat="-41.2105128" lon="-71.4381614">
        <ele>993.00000</ele>
      </trkpt>
      <trkpt lat="-41.2105236" lon="-71.4382370">
        <ele>995.00000</ele>
      </trkpt>
      <trkpt lat="-41.2105208" lon="-71.4382781">
        <ele>996.00000</ele>
      </trkpt>
      <trkpt lat="-41.2105173" lon="-71.4383294">
        <ele>997.00000</ele>
      </trkpt>
      <trkpt lat="-41.2105217" lon="-71.4383825">
        <ele>998.00000</ele>
      </trkpt>
      <trkpt lat="-41.2105182" lon="-71.4384337">
        <ele>999.00000</ele>
      </trkpt>
      <trkpt lat="-41.2105148" lon="-71.4384850">
        <ele>1000.0000</ele>
      </trkpt>
      <trkpt lat="-41.2105113" lon="-71.4385363">
        <ele>1001.0000</ele>
      </trkpt>
      <trkpt lat="-41.2105064" lon="-71.4386081">
        <ele>1002.0000</ele>
      </trkpt>
      <trkpt lat="-41.2105193" lon="-71.4386524">
        <ele>1003.0000</ele>
      </trkpt>
      <trkpt lat="-41.2105179" lon="-71.4386729">
        <ele>1004.0000</ele>
      </trkpt>
      <trkpt lat="-41.2105280" lon="-71.4387580">
        <ele>1006.0000</ele>
      </trkpt>
      <trkpt lat="-41.2105253" lon="-71.4387989">
        <ele>1007.0000</ele>
      </trkpt>
      <trkpt lat="-41.2105232" lon="-71.4388297">
        <ele>1007.0000</ele>
      </trkpt>
      <trkpt lat="-41.2105333" lon="-71.4389145">
        <ele>1010.0000</ele>
      </trkpt>
      <trkpt lat="-41.2105298" lon="-71.4389656">
        <ele>1011.0000</ele>
      </trkpt>
      <trkpt lat="-41.2105256" lon="-71.4390270">
        <ele>1013.0000</ele>
      </trkpt>
      <trkpt lat="-41.2105371" lon="-71.4390911">
        <ele>1015.0000</ele>
      </trkpt>
      <trkpt lat="-41.2105316" lon="-71.4391729">
        <ele>1018.0000</ele>
      </trkpt>
      <trkpt lat="-41.2105274" lon="-71.4392342">
        <ele>1020.0000</ele>
      </trkpt>
      <trkpt lat="-41.2105240" lon="-71.4392852">
        <ele>1022.0000</ele>
      </trkpt>
      <trkpt lat="-41.2105226" lon="-71.4393057">
        <ele>1022.0000</ele>
      </trkpt>
      <trkpt lat="-41.2105156" lon="-71.4394078">
        <ele>1026.0000</ele>
      </trkpt>
      <trkpt lat="-41.2105129" lon="-71.4394487">
        <ele>1027.0000</ele>
      </trkpt>
      <trkpt lat="-41.2105108" lon="-71.4394794">
        <ele>1028.0000</ele>
      </trkpt>
      <trkpt lat="-41.2105053" lon="-71.4395611">
        <ele>1030.0000</ele>
      </trkpt>
      <trkpt lat="-41.2105018" lon="-71.4396122">
        <ele>1031.0000</ele>
      </trkpt>
      <trkpt lat="-41.2104983" lon="-71.4396633">
        <ele>1033.0000</ele>
      </trkpt>
      <trkpt lat="-41.2104949" lon="-71.4397144">
        <ele>1034.0000</ele>
      </trkpt>
      <trkpt lat="-41.2104914" lon="-71.4397654">
        <ele>1035.0000</ele>
      </trkpt>
      <trkpt lat="-41.2104859" lon="-71.4398472">
        <ele>1037.0000</ele>
      </trkpt>
      <trkpt lat="-41.2104817" lon="-71.4399085">
        <ele>1038.0000</ele>
      </trkpt>
      <trkpt lat="-41.2104932" lon="-71.4399716">
        <ele>1040.0000</ele>
      </trkpt>
      <trkpt lat="-41.2104990" lon="-71.4400032">
        <ele>1040.0000</ele>
      </trkpt>
      <trkpt lat="-41.2105033" lon="-71.4400551">
        <ele>1041.0000</ele>
      </trkpt>
      <trkpt lat="-41.2105147" lon="-71.4401179">
        <ele>1041.0000</ele>
      </trkpt>
      <trkpt lat="-41.2105262" lon="-71.4401807">
        <ele>1041.0000</ele>
      </trkpt>
      <trkpt lat="-41.2105382" lon="-71.4402331">
        <ele>1042.0000</ele>
      </trkpt>
      <trkpt lat="-41.2105594" lon="-71.4402659">
        <ele>1041.0000</ele>
      </trkpt>
      <trkpt lat="-41.2105630" lon="-71.4403275">
        <ele>1042.0000</ele>
      </trkpt>
      <trkpt lat="-41.2105743" lon="-71.4403897">
        <ele>1042.0000</ele>
      </trkpt>
      <trkpt lat="-41.2105863" lon="-71.4404417">
        <ele>1043.0000</ele>
      </trkpt>
      <trkpt lat="-41.2105996" lon="-71.4404734">
        <ele>1043.0000</ele>
      </trkpt>
      <trkpt lat="-41.2106116" lon="-71.4405252">
        <ele>1043.0000</ele>
      </trkpt>
      <trkpt lat="-41.2106235" lon="-71.4405769">
        <ele>1043.0000</ele>
      </trkpt>
      <trkpt lat="-41.2106284" lon="-71.4406178">
        <ele>1045.0000</ele>
      </trkpt>
      <trkpt lat="-41.2106319" lon="-71.4406789">
        <ele>1046.0000</ele>
      </trkpt>
      <trkpt lat="-41.2106438" lon="-71.4407303">
        <ele>1047.0000</ele>
      </trkpt>
      <trkpt lat="-41.2106507" lon="-71.4407409">
        <ele>1047.0000</ele>
      </trkpt>
      <trkpt lat="-41.2106543" lon="-71.4408018">
        <ele>1049.0000</ele>
      </trkpt>
      <trkpt lat="-41.2106654" lon="-71.4408630">
        <ele>1050.0000</ele>
      </trkpt>
      <trkpt lat="-41.2106772" lon="-71.4409141">
        <ele>1051.0000</ele>
      </trkpt>
      <trkpt lat="-41.2106814" lon="-71.4409647">
        <ele>1052.0000</ele>
      </trkpt>
      <trkpt lat="-41.2106931" lon="-71.4410156">
        <ele>1053.0000</ele>
      </trkpt>
      <trkpt lat="-41.2107055" lon="-71.4410564">
        <ele>1054.0000</ele>
      </trkpt>
      <trkpt lat="-41.2107090" lon="-71.4411168">
        <ele>1055.0000</ele>
      </trkpt>
      <trkpt lat="-41.2107200" lon="-71.4411774">
        <ele>1057.0000</ele>
      </trkpt>
      <trkpt lat="-41.2107153" lon="-71.4412474">
        <ele>1059.0000</ele>
      </trkpt>
      <trkpt lat="-41.2107270" lon="-71.4412978">
        <ele>1060.0000</ele>
      </trkpt>
      <trkpt lat="-41.2107386" lon="-71.4413481">
        <ele>1060.0000</ele>
      </trkpt>
      <trkpt lat="-41.2107359" lon="-71.4413880">
        <ele>1062.0000</ele>
      </trkpt>
      <trkpt lat="-41.2107462" lon="-71.4414582">
        <ele>1063.0000</ele>
      </trkpt>
      <trkpt lat="-41.2107571" lon="-71.4415182">
        <ele>1063.0000</ele>
      </trkpt>
      <trkpt lat="-41.2107681" lon="-71.4415781">
        <ele>1064.0000</ele>
      </trkpt>
      <trkpt lat="-41.2107776" lon="-71.4416577">
        <ele>1066.0000</ele>
      </trkpt>
      <trkpt lat="-41.2107885" lon="-71.4417174">
        <ele>1066.0000</ele>
      </trkpt>
      <trkpt lat="-41.2107939" lon="-71.4417471">
        <ele>1066.0000</ele>
      </trkpt>
      <trkpt lat="-41.2108041" lon="-71.4418165">
        <ele>1067.0000</ele>
      </trkpt>
      <trkpt lat="-41.2108020" lon="-71.4418462">
        <ele>1067.0000</ele>
      </trkpt>
      <trkpt lat="-41.2108081" lon="-71.4418660">
        <ele>1067.0000</ele>
      </trkpt>
      <trkpt lat="-41.2108115" lon="-71.4419253">
        <ele>1068.0000</ele>
      </trkpt>
      <trkpt lat="-41.2108230" lon="-71.4419746">
        <ele>1068.0000</ele>
      </trkpt>
      <trkpt lat="-41.2108196" lon="-71.4420241">
        <ele>1069.0000</ele>
      </trkpt>
      <trkpt lat="-41.2108250" lon="-71.4420536">
        <ele>1069.0000</ele>
      </trkpt>
      <trkpt lat="-41.2108371" lon="-71.4420927">
        <ele>1068.0000</ele>
      </trkpt>
      <trkpt lat="-41.2108485" lon="-71.4421417">
        <ele>1068.0000</ele>
      </trkpt>
      <trkpt lat="-41.2108445" lon="-71.4422009">
        <ele>1069.0000</ele>
      </trkpt>
      <trkpt lat="-41.2108553" lon="-71.4422596">
        <ele>1069.0000</ele>
      </trkpt>
      <trkpt lat="-41.2108579" lon="-71.4423283">
        <ele>1070.0000</ele>
      </trkpt>
      <trkpt lat="-41.2108546" lon="-71.4423776">
        <ele>1070.0000</ele>
      </trkpt>
      <trkpt lat="-41.2108365" lon="-71.4424276">
        <ele>1071.0000</ele>
      </trkpt>
      <trkpt lat="-41.2108332" lon="-71.4424769">
        <ele>1071.0000</ele>
      </trkpt>
      <trkpt lat="-41.2108151" lon="-71.4425271">
        <ele>1072.0000</ele>
      </trkpt>
      <trkpt lat="-41.2108124" lon="-71.4425666">
        <ele>1073.0000</ele>
      </trkpt>
      <trkpt lat="-41.2108084" lon="-71.4426259">
        <ele>1074.0000</ele>
      </trkpt>
      <trkpt lat="-41.2108064" lon="-71.4426555">
        <ele>1074.0000</ele>
      </trkpt>
      <trkpt lat="-41.2108017" lon="-71.4427246">
        <ele>1075.0000</ele>
      </trkpt>
      <trkpt lat="-41.2107997" lon="-71.4427543">
        <ele>1075.0000</ele>
      </trkpt>
      <trkpt lat="-41.2107944" lon="-71.4428333">
        <ele>1076.0000</ele>
      </trkpt>
      <trkpt lat="-41.2107910" lon="-71.4428827">
        <ele>1075.0000</ele>
      </trkpt>
      <trkpt lat="-41.2107864" lon="-71.4429518">
        <ele>1076.0000</ele>
      </trkpt>
      <trkpt lat="-41.2107904" lon="-71.4430006">
        <ele>1075.0000</ele>
      </trkpt>
      <trkpt lat="-41.2107958" lon="-71.4430295">
        <ele>1075.0000</ele>
      </trkpt>
      <trkpt lat="-41.2108059" lon="-71.4430972">
        <ele>1075.0000</ele>
      </trkpt>
      <trkpt lat="-41.2108173" lon="-71.4431450">
        <ele>1075.0000</ele>
      </trkpt>
      <trkpt lat="-41.2108127" lon="-71.4432139">
        <ele>1075.0000</ele>
      </trkpt>
      <trkpt lat="-41.2108093" lon="-71.4432632">
        <ele>1076.0000</ele>
      </trkpt>
      <trkpt lat="-41.2108053" lon="-71.4433223">
        <ele>1076.0000</ele>
      </trkpt>
      <trkpt lat="-41.2108013" lon="-71.4433814">
        <ele>1077.0000</ele>
      </trkpt>
      <trkpt lat="-41.2107973" lon="-71.4434405">
        <ele>1078.0000</ele>
      </trkpt>
      <trkpt lat="-41.2108014" lon="-71.4434888">
        <ele>1078.0000</ele>
      </trkpt>
      <trkpt lat="-41.2108121" lon="-71.4435460">
        <ele>1078.0000</ele>
      </trkpt>
      <trkpt lat="-41.2108088" lon="-71.4435952">
        <ele>1078.0000</ele>
      </trkpt>
      <trkpt lat="-41.2108054" lon="-71.4436443">
        <ele>1079.0000</ele>
      </trkpt>
      <trkpt lat="-41.2108008" lon="-71.4437132">
        <ele>1080.0000</ele>
      </trkpt>
      <trkpt lat="-41.2107975" lon="-71.4437624">
        <ele>1081.0000</ele>
      </trkpt>
      <trkpt lat="-41.2108089" lon="-71.4438094">
        <ele>1081.0000</ele>
      </trkpt>
      <trkpt lat="-41.2108062" lon="-71.4438487">
        <ele>1081.0000</ele>
      </trkpt>
      <trkpt lat="-41.2108102" lon="-71.4438967">
        <ele>1081.0000</ele>
      </trkpt>
      <trkpt lat="-41.2108062" lon="-71.4439557">
        <ele>1082.0000</ele>
      </trkpt>
      <trkpt lat="-41.2108163" lon="-71.4440220">
        <ele>1082.0000</ele>
      </trkpt>
      <trkpt lat="-41.2108130" lon="-71.4440711">
        <ele>1082.0000</ele>
      </trkpt>
      <trkpt lat="-41.2108116" lon="-71.4440907">
        <ele>1082.0000</ele>
      </trkpt>
      <trkpt lat="-41.2108070" lon="-71.4441594">
        <ele>1082.0000</ele>
      </trkpt>
      <trkpt lat="-41.2108017" lon="-71.4442379">
        <ele>1083.0000</ele>
      </trkpt>
      <trkpt lat="-41.2107983" lon="-71.4442870">
        <ele>1083.0000</ele>
      </trkpt>
      <trkpt lat="-41.2108097" lon="-71.4443334">
        <ele>1082.0000</ele>
      </trkpt>
      <trkpt lat="-41.2108057" lon="-71.4443922">
        <ele>1082.0000</ele>
      </trkpt>
      <trkpt lat="-41.2108177" lon="-71.4444286">
        <ele>1082.0000</ele>
      </trkpt>
      <trkpt lat="-41.2108144" lon="-71.4444776">
        <ele>1082.0000</ele>
      </trkpt>
      <trkpt lat="-41.2108131" lon="-71.4444972">
        <ele>1082.0000</ele>
      </trkpt>
      <trkpt lat="-41.2108171" lon="-71.4445447">
        <ele>1082.0000</ele>
      </trkpt>
      <trkpt lat="-41.2107563" lon="-71.4447512">
        <ele>1085.0000</ele>
      </trkpt>
      <trkpt lat="-41.2107212" lon="-71.4447905">
        <ele>1087.0000</ele>
      </trkpt>
      <trkpt lat="-41.2106838" lon="-71.4448611">
        <ele>1088.0000</ele>
      </trkpt>
      <trkpt lat="-41.2106789" lon="-71.4449339">
        <ele>1089.0000</ele>
      </trkpt>
      <trkpt lat="-41.2106488" lon="-71.4450158">
        <ele>1090.0000</ele>
      </trkpt>
      <trkpt lat="-41.2106453" lon="-71.4450679">
        <ele>1090.0000</ele>
      </trkpt>
      <trkpt lat="-41.2106336" lon="-71.4451196">
        <ele>1091.0000</ele>
      </trkpt>
      <trkpt lat="-41.2106314" lon="-71.4451508">
        <ele>1091.0000</ele>
      </trkpt>
      <trkpt lat="-41.2106265" lon="-71.4452238">
        <ele>1091.0000</ele>
      </trkpt>
      <trkpt lat="-41.2106237" lon="-71.4452655">
        <ele>1091.0000</ele>
      </trkpt>
      <trkpt lat="-41.2106180" lon="-71.4453488">
        <ele>1092.0000</ele>
      </trkpt>
      <trkpt lat="-41.2106145" lon="-71.4454010">
        <ele>1093.0000</ele>
      </trkpt>
      <trkpt lat="-41.2106177" lon="-71.4454741">
        <ele>1093.0000</ele>
      </trkpt>
      <trkpt lat="-41.2106326" lon="-71.4454952">
        <ele>1092.0000</ele>
      </trkpt>
      <trkpt lat="-41.2106454" lon="-71.4455475">
        <ele>1092.0000</ele>
      </trkpt>
      <trkpt lat="-41.2106419" lon="-71.4455995">
        <ele>1092.0000</ele>
      </trkpt>
      <trkpt lat="-41.2106370" lon="-71.4456723">
        <ele>1093.0000</ele>
      </trkpt>
      <trkpt lat="-41.2106334" lon="-71.4457242">
        <ele>1093.0000</ele>
      </trkpt>
      <trkpt lat="-41.2106292" lon="-71.4457866">
        <ele>1093.0000</ele>
      </trkpt>
      <trkpt lat="-41.2106019" lon="-71.4458282">
        <ele>1095.0000</ele>
      </trkpt>
      <trkpt lat="-41.2105745" lon="-71.4458700">
        <ele>1097.0000</ele>
      </trkpt>
      <trkpt lat="-41.2105552" lon="-71.4459118">
        <ele>1098.0000</ele>
      </trkpt>
      <trkpt lat="-41.2105351" lon="-71.4459642">
        <ele>1099.0000</ele>
      </trkpt>
      <trkpt lat="-41.2105075" lon="-71.4460064">
        <ele>1101.0000</ele>
      </trkpt>
      <trkpt lat="-41.2104791" lon="-71.4460591">
        <ele>1102.0000</ele>
      </trkpt>
      <trkpt lat="-41.2104596" lon="-71.4461014">
        <ele>1104.0000</ele>
      </trkpt>
      <trkpt lat="-41.2104400" lon="-71.4461438">
        <ele>1105.0000</ele>
      </trkpt>
      <trkpt lat="-41.2104379" lon="-71.4461753">
        <ele>1106.0000</ele>
      </trkpt>
      <trkpt lat="-41.2104162" lon="-71.4462494">
        <ele>1109.0000</ele>
      </trkpt>
      <trkpt lat="-41.2103769" lon="-71.4463347">
        <ele>1112.0000</ele>
      </trkpt>
      <trkpt lat="-41.2103473" lon="-71.4463990">
        <ele>1114.0000</ele>
      </trkpt>
      <trkpt lat="-41.2103268" lon="-71.4464525">
        <ele>1115.0000</ele>
      </trkpt>
      <trkpt lat="-41.2103063" lon="-71.4465061">
        <ele>1117.0000</ele>
      </trkpt>
      <trkpt lat="-41.2102687" lon="-71.4465607">
        <ele>1119.0000</ele>
      </trkpt>
      <trkpt lat="-41.2102409" lon="-71.4465939">
        <ele>1120.0000</ele>
      </trkpt>
      <trkpt lat="-41.2102380" lon="-71.4466364">
        <ele>1121.0000</ele>
      </trkpt>
      <trkpt lat="-41.2102001" lon="-71.4466915">
        <ele>1123.0000</ele>
      </trkpt>
      <trkpt lat="-41.2101972" lon="-71.4467341">
        <ele>1124.0000</ele>
      </trkpt>
      <trkpt lat="-41.2101678" lon="-71.4467890">
        <ele>1127.0000</ele>
      </trkpt>
      <trkpt lat="-41.2101577" lon="-71.4468109">
        <ele>1127.0000</ele>
      </trkpt>
      <trkpt lat="-41.2101440" lon="-71.4468862">
        <ele>1129.0000</ele>
      </trkpt>
      <trkpt lat="-41.2101331" lon="-71.4469189">
        <ele>1130.0000</ele>
      </trkpt>
      <trkpt lat="-41.2101208" lon="-71.4469729">
        <ele>1131.0000</ele>
      </trkpt>
      <trkpt lat="-41.2101165" lon="-71.4470371">
        <ele>1132.0000</ele>
      </trkpt>
      <trkpt lat="-41.2101129" lon="-71.4470906">
        <ele>1133.0000</ele>
      </trkpt>
      <trkpt lat="-41.2101085" lon="-71.4471547">
        <ele>1134.0000</ele>
      </trkpt>
      <trkpt lat="-41.2101020" lon="-71.4472510">
        <ele>1135.0000</ele>
      </trkpt>
      <trkpt lat="-41.2100831" lon="-71.4472740">
        <ele>1137.0000</ele>
      </trkpt>
      <trkpt lat="-41.2100685" lon="-71.4474817">
        <ele>1140.0000</ele>
      </trkpt>
      <trkpt lat="-41.2100663" lon="-71.4475138">
        <ele>1140.0000</ele>
      </trkpt>
      <trkpt lat="-41.2100598" lon="-71.4476100">
        <ele>1141.0000</ele>
      </trkpt>
      <trkpt lat="-41.2100540" lon="-71.4476956">
        <ele>1141.0000</ele>
      </trkpt>
      <trkpt lat="-41.2100511" lon="-71.4477384">
        <ele>1142.0000</ele>
      </trkpt>
      <trkpt lat="-41.2100373" lon="-71.4478129">
        <ele>1142.0000</ele>
      </trkpt>
      <trkpt lat="-41.2100330" lon="-71.4478771">
        <ele>1142.0000</ele>
      </trkpt>
      <trkpt lat="-41.2100121" lon="-71.4479301">
        <ele>1143.0000</ele>
      </trkpt>
      <trkpt lat="-41.2100070" lon="-71.4480051">
        <ele>1143.0000</ele>
      </trkpt>
      <trkpt lat="-41.2099853" lon="-71.4480690">
        <ele>1144.0000</ele>
      </trkpt>
      <trkpt lat="-41.2099570" lon="-71.4481006">
        <ele>1146.0000</ele>
      </trkpt>
      <trkpt lat="-41.2099279" lon="-71.4481430">
        <ele>1148.0000</ele>
      </trkpt>
      <trkpt lat="-41.2098987" lon="-71.4481856">
        <ele>1150.0000</ele>
      </trkpt>
      <trkpt lat="-41.2098943" lon="-71.4482503">
        <ele>1151.0000</ele>
      </trkpt>
      <trkpt lat="-41.2098863" lon="-71.4483689">
        <ele>1152.0000</ele>
      </trkpt>
      <trkpt lat="-41.2098826" lon="-71.4484229">
        <ele>1152.0000</ele>
      </trkpt>
      <trkpt lat="-41.2098782" lon="-71.4484876">
        <ele>1152.0000</ele>
      </trkpt>
      <trkpt lat="-41.2098716" lon="-71.4485846">
        <ele>1152.0000</ele>
      </trkpt>
      <trkpt lat="-41.2098694" lon="-71.4486170">
        <ele>1152.0000</ele>
      </trkpt>
      <trkpt lat="-41.2098386" lon="-71.4486820">
        <ele>1153.0000</ele>
      </trkpt>
      <trkpt lat="-41.2098342" lon="-71.4487469">
        <ele>1154.0000</ele>
      </trkpt>
      <trkpt lat="-41.2098136" lon="-71.4487905">
        <ele>1155.0000</ele>
      </trkpt>
      <trkpt lat="-41.2098107" lon="-71.4488337">
        <ele>1155.0000</ele>
      </trkpt>
      <trkpt lat="-41.2097893" lon="-71.4488883">
        <ele>1157.0000</ele>
      </trkpt>
      <trkpt lat="-41.2097745" lon="-71.4489752">
        <ele>1158.0000</ele>
      </trkpt>
      <trkpt lat="-41.2097627" lon="-71.4490188">
        <ele>1159.0000</ele>
      </trkpt>
      <trkpt lat="-41.2097412" lon="-71.4490737">
        <ele>1161.0000</ele>
      </trkpt>
      <trkpt lat="-41.2097204" lon="-71.4491179">
        <ele>1163.0000</ele>
      </trkpt>
      <trkpt lat="-41.2096995" lon="-71.4491621">
        <ele>1166.0000</ele>
      </trkpt>
      <trkpt lat="-41.2096801" lon="-71.4491847">
        <ele>1167.0000</ele>
      </trkpt>
      <trkpt lat="-41.2096592" lon="-71.4492291">
        <ele>1167.0000</ele>
      </trkpt>
      <trkpt lat="-41.2096299" lon="-71.4492632">
        <ele>1169.0000</ele>
      </trkpt>
      <trkpt lat="-41.2096005" lon="-71.4492974">
        <ele>1172.0000</ele>
      </trkpt>
      <trkpt lat="-41.2095839" lon="-71.4492765">
        <ele>1174.0000</ele>
      </trkpt>
      <trkpt lat="-41.2095883" lon="-71.4492107">
        <ele>1175.0000</ele>
      </trkpt>
      <trkpt lat="-41.2095928" lon="-71.4491450">
        <ele>1175.0000</ele>
      </trkpt>
      <trkpt lat="-41.2095965" lon="-71.4490903">
        <ele>1175.0000</ele>
      </trkpt>
      <trkpt lat="-41.2095828" lon="-71.4490252">
        <ele>1175.0000</ele>
      </trkpt>
      <trkpt lat="-41.2095873" lon="-71.4489595">
        <ele>1175.0000</ele>
      </trkpt>
      <trkpt lat="-41.2095888" lon="-71.4489375">
        <ele>1174.0000</ele>
      </trkpt>
      <trkpt lat="-41.2095766" lon="-71.4488503">
        <ele>1175.0000</ele>
      </trkpt>
      <trkpt lat="-41.2095795" lon="-71.4488064">
        <ele>1174.0000</ele>
      </trkpt>
      <trkpt lat="-41.2095636" lon="-71.4487738">
        <ele>1175.0000</ele>
      </trkpt>
      <trkpt lat="-41.2095505" lon="-71.4486972">
        <ele>1176.0000</ele>
      </trkpt>
      <trkpt lat="-41.2095352" lon="-71.4486534">
        <ele>1177.0000</ele>
      </trkpt>
      <trkpt lat="-41.2095305" lon="-71.4485874">
        <ele>1178.0000</ele>
      </trkpt>
      <trkpt lat="-41.2095159" lon="-71.4485324">
        <ele>1179.0000</ele>
      </trkpt>
      <trkpt lat="-41.2095097" lon="-71.4484883">
        <ele>1179.0000</ele>
      </trkpt>
      <trkpt lat="-41.2095035" lon="-71.4484442">
        <ele>1180.0000</ele>
      </trkpt>
      <trkpt lat="-41.2094981" lon="-71.4483889">
        <ele>1180.0000</ele>
      </trkpt>
      <trkpt lat="-41.2094826" lon="-71.4483446">
        <ele>1181.0000</ele>
      </trkpt>
      <trkpt lat="-41.2094494" lon="-71.4482889">
        <ele>1184.0000</ele>
      </trkpt>
      <trkpt lat="-41.2094160" lon="-71.4482330">
        <ele>1185.0000</ele>
      </trkpt>
      <trkpt lat="-41.2094082" lon="-71.4482106">
        <ele>1185.0000</ele>
      </trkpt>
      <trkpt lat="-41.2093847" lon="-71.4481434">
        <ele>1186.0000</ele>
      </trkpt>
      <trkpt lat="-41.2093791" lon="-71.4480875">
        <ele>1185.0000</ele>
      </trkpt>
      <trkpt lat="-41.2093713" lon="-71.4480650">
        <ele>1186.0000</ele>
      </trkpt>
      <trkpt lat="-41.2093657" lon="-71.4480090">
        <ele>1185.0000</ele>
      </trkpt>
      <trkpt lat="-41.2093530" lon="-71.4479191">
        <ele>1185.0000</ele>
      </trkpt>
      <trkpt lat="-41.2093560" lon="-71.4478744">
        <ele>1185.0000</ele>
      </trkpt>
      <trkpt lat="-41.2093598" lon="-71.4478186">
        <ele>1184.0000</ele>
      </trkpt>
      <trkpt lat="-41.2093644" lon="-71.4477516">
        <ele>1183.0000</ele>
      </trkpt>
      <trkpt lat="-41.2093783" lon="-71.4476850">
        <ele>1181.0000</ele>
      </trkpt>
      <trkpt lat="-41.2093821" lon="-71.4476292">
        <ele>1179.0000</ele>
      </trkpt>
      <trkpt lat="-41.2093874" lon="-71.4475511">
        <ele>1178.0000</ele>
      </trkpt>
      <trkpt lat="-41.2093958" lon="-71.4474283">
        <ele>1175.0000</ele>
      </trkpt>
      <trkpt lat="-41.2094003" lon="-71.4473614">
        <ele>1174.0000</ele>
      </trkpt>
      <trkpt lat="-41.2094049" lon="-71.4472944">
        <ele>1173.0000</ele>
      </trkpt>
      <trkpt lat="-41.2094087" lon="-71.4472386">
        <ele>1172.0000</ele>
      </trkpt>
      <trkpt lat="-41.2094039" lon="-71.4471709">
        <ele>1173.0000</ele>
      </trkpt>
      <trkpt lat="-41.2093882" lon="-71.4471247">
        <ele>1174.0000</ele>
      </trkpt>
      <trkpt lat="-41.2093645" lon="-71.4470552">
        <ele>1176.0000</ele>
      </trkpt>
      <trkpt lat="-41.2093495" lon="-71.4469975">
        <ele>1177.0000</ele>
      </trkpt>
      <trkpt lat="-41.2093431" lon="-71.4469518">
        <ele>1178.0000</ele>
      </trkpt>
      <trkpt lat="-41.2093375" lon="-71.4468948">
        <ele>1179.0000</ele>
      </trkpt>
      <trkpt lat="-41.2093318" lon="-71.4468378">
        <ele>1180.0000</ele>
      </trkpt>
      <trkpt lat="-41.2093152" lon="-71.4468022">
        <ele>1182.0000</ele>
      </trkpt>
      <trkpt lat="-41.2093175" lon="-71.4467684">
        <ele>1183.0000</ele>
      </trkpt>
      <trkpt lat="-41.2093038" lon="-71.4466877">
        <ele>1186.0000</ele>
      </trkpt>
      <trkpt lat="-41.2093084" lon="-71.4466202">
        <ele>1187.0000</ele>
      </trkpt>
      <trkpt lat="-41.2093122" lon="-71.4465639">
        <ele>1188.0000</ele>
      </trkpt>
      <trkpt lat="-41.2093161" lon="-71.4465076">
        <ele>1189.0000</ele>
      </trkpt>
      <trkpt lat="-41.2093222" lon="-71.4464176">
        <ele>1191.0000</ele>
      </trkpt>
      <trkpt lat="-41.2093276" lon="-71.4463388">
        <ele>1191.0000</ele>
      </trkpt>
      <trkpt lat="-41.2093314" lon="-71.4462825">
        <ele>1191.0000</ele>
      </trkpt>
      <trkpt lat="-41.2093390" lon="-71.4461700">
        <ele>1191.0000</ele>
      </trkpt>
      <trkpt lat="-41.2093413" lon="-71.4461363">
        <ele>1191.0000</ele>
      </trkpt>
      <trkpt lat="-41.2093459" lon="-71.4460687">
        <ele>1191.0000</ele>
      </trkpt>
      <trkpt lat="-41.2093505" lon="-71.4460012">
        <ele>1190.0000</ele>
      </trkpt>
      <trkpt lat="-41.2093536" lon="-71.4459562">
        <ele>1189.0000</ele>
      </trkpt>
      <trkpt lat="-41.2093574" lon="-71.4458999">
        <ele>1189.0000</ele>
      </trkpt>
      <trkpt lat="-41.2093605" lon="-71.4458549">
        <ele>1188.0000</ele>
      </trkpt>
      <trkpt lat="-41.2093658" lon="-71.4457762">
        <ele>1187.0000</ele>
      </trkpt>
      <trkpt lat="-41.2093783" lon="-71.4457328">
        <ele>1185.0000</ele>
      </trkpt>
      <trkpt lat="-41.2093845" lon="-71.4456428">
        <ele>1184.0000</ele>
      </trkpt>
      <trkpt lat="-41.2093875" lon="-71.4455978">
        <ele>1183.0000</ele>
      </trkpt>
      <trkpt lat="-41.2093921" lon="-71.4455304">
        <ele>1182.0000</ele>
      </trkpt>
      <trkpt lat="-41.2093967" lon="-71.4454629">
        <ele>1180.0000</ele>
      </trkpt>
      <trkpt lat="-41.2094005" lon="-71.4454067">
        <ele>1179.0000</ele>
      </trkpt>
      <trkpt lat="-41.2094036" lon="-71.4453617">
        <ele>1178.0000</ele>
      </trkpt>
      <trkpt lat="-41.2094082" lon="-71.4452942">
        <ele>1176.0000</ele>
      </trkpt>
      <trkpt lat="-41.2094135" lon="-71.4452155">
        <ele>1174.0000</ele>
      </trkpt>
      <trkpt lat="-41.2094174" lon="-71.4451593">
        <ele>1174.0000</ele>
      </trkpt>
      <trkpt lat="-41.2094219" lon="-71.4450919">
        <ele>1174.0000</ele>
      </trkpt>
      <trkpt lat="-41.2094273" lon="-71.4450132">
        <ele>1173.0000</ele>
      </trkpt>
      <trkpt lat="-41.2094304" lon="-71.4449682">
        <ele>1173.0000</ele>
      </trkpt>
      <trkpt lat="-41.2094342" lon="-71.4449120">
        <ele>1173.0000</ele>
      </trkpt>
      <trkpt lat="-41.2094199" lon="-71.4448403">
        <ele>1174.0000</ele>
      </trkpt>
      <trkpt lat="-41.2094143" lon="-71.4447819">
        <ele>1174.0000</ele>
      </trkpt>
      <trkpt lat="-41.2093882" lon="-71.4447416">
        <ele>1176.0000</ele>
      </trkpt>
      <trkpt lat="-41.2093636" lon="-71.4446786">
        <ele>1178.0000</ele>
      </trkpt>
      <trkpt lat="-41.2093468" lon="-71.4446402">
        <ele>1178.0000</ele>
      </trkpt>
      <trkpt lat="-41.2093125" lon="-71.4445746">
        <ele>1180.0000</ele>
      </trkpt>
      <trkpt lat="-41.2093068" lon="-71.4445156">
        <ele>1179.0000</ele>
      </trkpt>
      <trkpt lat="-41.2093106" lon="-71.4444588">
        <ele>1177.0000</ele>
      </trkpt>
      <trkpt lat="-41.2093183" lon="-71.4443454">
        <ele>1177.0000</ele>
      </trkpt>
      <trkpt lat="-41.2093199" lon="-71.4443227">
        <ele>1177.0000</ele>
      </trkpt>
      <trkpt lat="-41.2093253" lon="-71.4442432">
        <ele>1177.0000</ele>
      </trkpt>
      <trkpt lat="-41.2093315" lon="-71.4441525">
        <ele>1176.0000</ele>
      </trkpt>
      <trkpt lat="-41.2093353" lon="-71.4440958">
        <ele>1175.0000</ele>
      </trkpt>
      <trkpt lat="-41.2093415" lon="-71.4440050">
        <ele>1174.0000</ele>
      </trkpt>
      <trkpt lat="-41.2093484" lon="-71.4439029">
        <ele>1172.0000</ele>
      </trkpt>
      <trkpt lat="-41.2093515" lon="-71.4438575">
        <ele>1172.0000</ele>
      </trkpt>
      <trkpt lat="-41.2093569" lon="-71.4437781">
        <ele>1170.0000</ele>
      </trkpt>
      <trkpt lat="-41.2093497" lon="-71.4437413">
        <ele>1170.0000</ele>
      </trkpt>
      <trkpt lat="-41.2093448" lon="-71.4436704">
        <ele>1170.0000</ele>
      </trkpt>
      <trkpt lat="-41.2093318" lon="-71.4435738">
        <ele>1170.0000</ele>
      </trkpt>
      <trkpt lat="-41.2093165" lon="-71.4435111">
        <ele>1170.0000</ele>
      </trkpt>
      <trkpt lat="-41.2092907" lon="-71.4434567">
        <ele>1171.0000</ele>
      </trkpt>
      <trkpt lat="-41.2092834" lon="-71.4434196">
        <ele>1171.0000</ele>
      </trkpt>
      <trkpt lat="-41.2092493" lon="-71.4433390">
        <ele>1172.0000</ele>
      </trkpt>
      <trkpt lat="-41.2092233" lon="-71.4432841">
        <ele>1174.0000</ele>
      </trkpt>
      <trkpt lat="-41.2092062" lon="-71.4432435">
        <ele>1176.0000</ele>
      </trkpt>
      <trkpt lat="-41.2091695" lon="-71.4431966">
        <ele>1178.0000</ele>
      </trkpt>
      <trkpt lat="-41.2091219" lon="-71.4431578">
        <ele>1181.0000</ele>
      </trkpt>
      <trkpt lat="-41.2090824" lon="-71.4431452">
        <ele>1182.0000</ele>
      </trkpt>
      <trkpt lat="-41.2090542" lon="-71.4431124">
        <ele>1184.0000</ele>
      </trkpt>
      <trkpt lat="-41.2090068" lon="-71.4430615">
        <ele>1185.0000</ele>
      </trkpt>
      <trkpt lat="-41.2089892" lon="-71.4430201">
        <ele>1184.0000</ele>
      </trkpt>
      <trkpt lat="-41.2089723" lon="-71.4429670">
        <ele>1183.0000</ele>
      </trkpt>
      <trkpt lat="-41.2089352" lon="-71.4429071">
        <ele>1182.0000</ele>
      </trkpt>
      <trkpt lat="-41.2088964" lon="-71.4428702">
        <ele>1183.0000</ele>
      </trkpt>
      <trkpt lat="-41.2088574" lon="-71.4428332">
        <ele>1183.0000</ele>
      </trkpt>
      <trkpt lat="-41.2088190" lon="-71.4427842">
        <ele>1183.0000</ele>
      </trkpt>
      <trkpt lat="-41.2087804" lon="-71.4427350">
        <ele>1183.0000</ele>
      </trkpt>
      <trkpt lat="-41.2087400" lon="-71.4427092">
        <ele>1185.0000</ele>
      </trkpt>
      <trkpt lat="-41.2087105" lon="-71.4426750">
        <ele>1185.0000</ele>
      </trkpt>
      <trkpt lat="-41.2086618" lon="-71.4426097">
        <ele>1186.0000</ele>
      </trkpt>
      <trkpt lat="-41.2086337" lon="-71.4425513">
        <ele>1186.0000</ele>
      </trkpt>
      <trkpt lat="-41.2085942" lon="-71.4425010">
        <ele>1187.0000</ele>
      </trkpt>
      <trkpt lat="-41.2085537" lon="-71.4424623">
        <ele>1184.0000</ele>
      </trkpt>
      <trkpt lat="-41.2085138" lon="-71.4424115">
        <ele>1182.0000</ele>
      </trkpt>
      <trkpt lat="-41.2084614" lon="-71.4423807">
        <ele>1181.0000</ele>
      </trkpt>
      <trkpt lat="-41.2084078" lon="-71.4423617">
        <ele>1181.0000</ele>
      </trkpt>
      <trkpt lat="-41.2083539" lon="-71.4423426">
        <ele>1181.0000</ele>
      </trkpt>
      <trkpt lat="-41.2083106" lon="-71.4423273">
        <ele>1181.0000</ele>
      </trkpt>
      <trkpt lat="-41.2082569" lon="-71.4422958">
        <ele>1180.0000</ele>
      </trkpt>
      <trkpt lat="-41.2081935" lon="-71.4422358">
        <ele>1177.0000</ele>
      </trkpt>
      <trkpt lat="-41.2081502" lon="-71.4422078">
        <ele>1176.0000</ele>
      </trkpt>
      <trkpt lat="-41.2080947" lon="-71.4421879">
        <ele>1176.0000</ele>
      </trkpt>
      <trkpt lat="-41.2080491" lon="-71.4421843">
        <ele>1177.0000</ele>
      </trkpt>
      <trkpt lat="-41.2080034" lon="-71.4421806">
        <ele>1177.0000</ele>
      </trkpt>
      <trkpt lat="-41.2079452" lon="-71.4421852">
        <ele>1179.0000</ele>
      </trkpt>
      <trkpt lat="-41.2078981" lon="-71.4421939">
        <ele>1180.0000</ele>
      </trkpt>
      <trkpt lat="-41.2078401" lon="-71.4421861">
        <ele>1180.0000</ele>
      </trkpt>
      <trkpt lat="-41.2077826" lon="-71.4421659">
        <ele>1180.0000</ele>
      </trkpt>
      <trkpt lat="-41.2077247" lon="-71.4421454">
        <ele>1180.0000</ele>
      </trkpt>
      <trkpt lat="-41.2077014" lon="-71.4421372">
        <ele>1179.0000</ele>
      </trkpt>
      <trkpt lat="-41.2074868" lon="-71.4420655">
        <ele>1177.0000</ele>
      </trkpt>
      <trkpt lat="-41.2074315" lon="-71.4420493">
        <ele>1178.0000</ele>
      </trkpt>
      <trkpt lat="-41.2073944" lon="-71.4420385">
        <ele>1178.0000</ele>
      </trkpt>
      <trkpt lat="-41.2073385" lon="-71.4420221">
        <ele>1178.0000</ele>
      </trkpt>
      <trkpt lat="-41.2072915" lon="-71.4420084">
        <ele>1179.0000</ele>
      </trkpt>
      <trkpt lat="-41.2072538" lon="-71.4419973">
        <ele>1178.0000</ele>
      </trkpt>
      <trkpt lat="-41.2072159" lon="-71.4419862">
        <ele>1179.0000</ele>
      </trkpt>
      <trkpt lat="-41.2071682" lon="-71.4419723">
        <ele>1179.0000</ele>
      </trkpt>
      <trkpt lat="-41.2071291" lon="-71.4419724">
        <ele>1181.0000</ele>
      </trkpt>
      <trkpt lat="-41.2070713" lon="-71.4419556">
        <ele>1182.0000</ele>
      </trkpt>
      <trkpt lat="-41.2070220" lon="-71.4419528">
        <ele>1183.0000</ele>
      </trkpt>
      <trkpt lat="-41.2069732" lon="-71.4419386">
        <ele>1184.0000</ele>
      </trkpt>
      <trkpt lat="-41.2069241" lon="-71.4419243">
        <ele>1186.0000</ele>
      </trkpt>
      <trkpt lat="-41.2068953" lon="-71.4419042">
        <ele>1186.0000</ele>
      </trkpt>
      <trkpt lat="-41.2068465" lon="-71.4418781">
        <ele>1187.0000</ele>
      </trkpt>
      <trkpt lat="-41.2067982" lon="-71.4418403">
        <ele>1187.0000</ele>
      </trkpt>
      <trkpt lat="-41.2067721" lon="-71.4417733">
        <ele>1185.0000</ele>
      </trkpt>
      <trkpt lat="-41.2067552" lon="-71.4417208">
        <ele>1183.0000</ele>
      </trkpt>
      <trkpt lat="-41.2067181" lon="-71.4416620">
        <ele>1182.0000</ele>
      </trkpt>
      <trkpt lat="-41.2066901" lon="-71.4416177">
        <ele>1181.0000</ele>
      </trkpt>
      <trkpt lat="-41.2066409" lon="-71.4415787">
        <ele>1181.0000</ele>
      </trkpt>
      <trkpt lat="-41.2066000" lon="-71.4415661">
        <ele>1182.0000</ele>
      </trkpt>
      <trkpt lat="-41.2065383" lon="-71.4415472">
        <ele>1183.0000</ele>
      </trkpt>
      <trkpt lat="-41.2064657" lon="-71.4415249">
        <ele>1185.0000</ele>
      </trkpt>
      <trkpt lat="-41.2064239" lon="-71.4415121">
        <ele>1186.0000</ele>
      </trkpt>
      <trkpt lat="-41.2063811" lon="-71.4415111">
        <ele>1187.0000</ele>
      </trkpt>
      <trkpt lat="-41.2063268" lon="-71.4415189">
        <ele>1190.0000</ele>
      </trkpt>
      <trkpt lat="-41.2062950" lon="-71.4415092">
        <ele>1191.0000</ele>
      </trkpt>
      <trkpt lat="-41.2062310" lon="-71.4414897">
        <ele>1193.0000</ele>
      </trkpt>
      <trkpt lat="-41.2061897" lon="-71.4414525">
        <ele>1193.0000</ele>
      </trkpt>
      <trkpt lat="-41.2061698" lon="-71.4414218">
        <ele>1193.0000</ele>
      </trkpt>
      <trkpt lat="-41.2061182" lon="-71.4413689">
        <ele>1193.0000</ele>
      </trkpt>
      <trkpt lat="-41.2060672" lon="-71.4413035">
        <ele>1190.0000</ele>
      </trkpt>
      <trkpt lat="-41.2060368" lon="-71.4412568">
        <ele>1187.0000</ele>
      </trkpt>
      <trkpt lat="-41.2059962" lon="-71.4411942">
        <ele>1185.0000</ele>
      </trkpt>
      <trkpt lat="-41.2059775" lon="-71.4411384">
        <ele>1182.0000</ele>
      </trkpt>
      <trkpt lat="-41.2059477" lon="-71.4410789">
        <ele>1179.0000</ele>
      </trkpt>
      <trkpt lat="-41.2059281" lon="-71.4410350">
        <ele>1177.0000</ele>
      </trkpt>
      <trkpt lat="-41.2058774" lon="-71.4409432">
        <ele>1174.0000</ele>
      </trkpt>
      <trkpt lat="-41.2058688" lon="-71.4409027">
        <ele>1173.0000</ele>
      </trkpt>
      <trkpt lat="-41.2058273" lon="-71.4408385">
        <ele>1171.0000</ele>
      </trkpt>
      <trkpt lat="-41.2058073" lon="-71.4407940">
        <ele>1170.0000</ele>
      </trkpt>
      <trkpt lat="-41.2057769" lon="-71.4407332">
        <ele>1169.0000</ele>
      </trkpt>
      <trkpt lat="-41.2057576" lon="-71.4406760">
        <ele>1167.0000</ele>
      </trkpt>
      <trkpt lat="-41.2057164" lon="-71.4405984">
        <ele>1165.0000</ele>
      </trkpt>
      <trkpt lat="-41.2056750" lon="-71.4405204">
        <ele>1164.0000</ele>
      </trkpt>
      <trkpt lat="-41.2056432" lon="-71.4404710">
        <ele>1164.0000</ele>
      </trkpt>
      <trkpt lat="-41.2055890" lon="-71.4404008">
        <ele>1164.0000</ele>
      </trkpt>
      <trkpt lat="-41.2055693" lon="-71.4403425">
        <ele>1162.0000</ele>
      </trkpt>
      <trkpt lat="-41.2055129" lon="-71.4402966">
        <ele>1163.0000</ele>
      </trkpt>
      <trkpt lat="-41.2054688" lon="-71.4402420">
        <ele>1162.0000</ele>
      </trkpt>
      <trkpt lat="-41.2054117" lon="-71.4401955">
        <ele>1162.0000</ele>
      </trkpt>
      <trkpt lat="-41.2053526" lon="-71.4401741">
        <ele>1163.0000</ele>
      </trkpt>
      <trkpt lat="-41.2052811" lon="-71.4401482">
        <ele>1164.0000</ele>
      </trkpt>
      <trkpt lat="-41.2052211" lon="-71.4401264">
        <ele>1165.0000</ele>
      </trkpt>
      <trkpt lat="-41.2051607" lon="-71.4401045">
        <ele>1166.0000</ele>
      </trkpt>
      <trkpt lat="-41.2050999" lon="-71.4400824">
        <ele>1166.0000</ele>
      </trkpt>
      <trkpt lat="-41.2050264" lon="-71.4400558">
        <ele>1167.0000</ele>
      </trkpt>
      <trkpt lat="-41.2049770" lon="-71.4400379">
        <ele>1167.0000</ele>
      </trkpt>
      <trkpt lat="-41.2049025" lon="-71.4400108">
        <ele>1168.0000</ele>
      </trkpt>
      <trkpt lat="-41.2048651" lon="-71.4399972">
        <ele>1169.0000</ele>
      </trkpt>
      <trkpt lat="-41.2048023" lon="-71.4399745">
        <ele>1170.0000</ele>
      </trkpt>
      <trkpt lat="-41.2047391" lon="-71.4399515">
        <ele>1171.0000</ele>
      </trkpt>
      <trkpt lat="-41.2046754" lon="-71.4399284">
        <ele>1172.0000</ele>
      </trkpt>
      <trkpt lat="-41.2046224" lon="-71.4399362">
        <ele>1173.0000</ele>
      </trkpt>
      <trkpt lat="-41.2045810" lon="-71.4399619">
        <ele>1175.0000</ele>
      </trkpt>
      <trkpt lat="-41.2045118" lon="-71.4400049">
        <ele>1177.0000</ele>
      </trkpt>
      <trkpt lat="-41.2043977" lon="-71.4401056">
        <ele>1184.0000</ele>
      </trkpt>
      <trkpt lat="-41.2043461" lon="-71.4401184">
        <ele>1185.0000</ele>
      </trkpt>
      <trkpt lat="-41.2043223" lon="-71.4400930">
        <ele>1184.0000</ele>
      </trkpt>
      <trkpt lat="-41.2043083" lon="-71.4400477">
        <ele>1182.0000</ele>
      </trkpt>
      <trkpt lat="-41.2043028" lon="-71.4400038">
        <ele>1180.0000</ele>
      </trkpt>
      <trkpt lat="-41.2042994" lon="-71.4399279">
        <ele>1177.0000</ele>
      </trkpt>
      <trkpt lat="-41.2042960" lon="-71.4398519">
        <ele>1174.0000</ele>
      </trkpt>
      <trkpt lat="-41.2042996" lon="-71.4397986">
        <ele>1173.0000</ele>
      </trkpt>
      <trkpt lat="-41.2042855" lon="-71.4397529">
        <ele>1171.0000</ele>
      </trkpt>
      <trkpt lat="-41.2042566" lon="-71.4396718">
        <ele>1169.0000</ele>
      </trkpt>
      <trkpt lat="-41.2042595" lon="-71.4396291">
        <ele>1168.0000</ele>
      </trkpt>
      <trkpt lat="-41.2042631" lon="-71.4395757">
        <ele>1167.0000</ele>
      </trkpt>
      <trkpt lat="-41.2042497" lon="-71.4395188">
        <ele>1166.0000</ele>
      </trkpt>
      <trkpt lat="-41.2042356" lon="-71.4394726">
        <ele>1165.0000</ele>
      </trkpt>
      <trkpt lat="-41.2042028" lon="-71.4394441">
        <ele>1165.0000</ele>
      </trkpt>
      <trkpt lat="-41.2041612" lon="-71.4394137">
        <ele>1165.0000</ele>
      </trkpt>
      <trkpt lat="-41.2041180" lon="-71.4394047">
        <ele>1166.0000</ele>
      </trkpt>
      <trkpt lat="-41.2040745" lon="-71.4393956">
        <ele>1168.0000</ele>
      </trkpt>
      <trkpt lat="-41.2040220" lon="-71.4393847">
        <ele>1170.0000</ele>
      </trkpt>
      <trkpt lat="-41.2039868" lon="-71.4393774">
        <ele>1171.0000</ele>
      </trkpt>
      <trkpt lat="-41.2039337" lon="-71.4393663">
        <ele>1173.0000</ele>
      </trkpt>
      <trkpt lat="-41.2038892" lon="-71.4393570">
        <ele>1175.0000</ele>
      </trkpt>
      <trkpt lat="-41.2038638" lon="-71.4393295">
        <ele>1176.0000</ele>
      </trkpt>
      <trkpt lat="-41.2038481" lon="-71.4392928">
        <ele>1176.0000</ele>
      </trkpt>
      <trkpt lat="-41.2038511" lon="-71.4392489">
        <ele>1175.0000</ele>
      </trkpt>
      <trkpt lat="-41.2038571" lon="-71.4391611">
        <ele>1173.0000</ele>
      </trkpt>
      <trkpt lat="-41.2038481" lon="-71.4390254">
        <ele>1166.0000</ele>
      </trkpt>
      <trkpt lat="-41.2038331" lon="-71.4389773">
        <ele>1165.0000</ele>
      </trkpt>
      <trkpt lat="-41.2038270" lon="-71.4389312">
        <ele>1163.0000</ele>
      </trkpt>
      <trkpt lat="-41.2038135" lon="-71.4388608">
        <ele>1161.0000</ele>
      </trkpt>
      <trkpt lat="-41.2037886" lon="-71.4388212">
        <ele>1161.0000</ele>
      </trkpt>
      <trkpt lat="-41.2037537" lon="-71.4387904">
        <ele>1161.0000</ele>
      </trkpt>
      <trkpt lat="-41.2037301" lon="-71.4387283">
        <ele>1160.0000</ele>
      </trkpt>
      <trkpt lat="-41.2037141" lon="-71.4386906">
        <ele>1159.0000</ele>
      </trkpt>
      <trkpt lat="-41.2036720" lon="-71.4386236">
        <ele>1158.0000</ele>
      </trkpt>
      <trkpt lat="-41.2036366" lon="-71.4385920">
        <ele>1158.0000</ele>
      </trkpt>
      <trkpt lat="-41.2035918" lon="-71.4385579">
        <ele>1159.0000</ele>
      </trkpt>
      <trkpt lat="-41.2035467" lon="-71.4385237">
        <ele>1158.0000</ele>
      </trkpt>
      <trkpt lat="-41.2035099" lon="-71.4385028">
        <ele>1158.0000</ele>
      </trkpt>
      <trkpt lat="-41.2034644" lon="-71.4384682">
        <ele>1158.0000</ele>
      </trkpt>
      <trkpt lat="-41.2034477" lon="-71.4384295">
        <ele>1156.0000</ele>
      </trkpt>
      <trkpt lat="-41.2034121" lon="-71.4383857">
        <ele>1155.0000</ele>
      </trkpt>
      <trkpt lat="-41.2033977" lon="-71.4383127">
        <ele>1152.0000</ele>
      </trkpt>
      <trkpt lat="-41.2033610" lon="-71.4382799">
        <ele>1151.0000</ele>
      </trkpt>
      <trkpt lat="-41.2033434" lon="-71.4382520">
        <ele>1151.0000</ele>
      </trkpt>
      <trkpt lat="-41.2033072" lon="-71.4382075">
        <ele>1150.0000</ele>
      </trkpt>
      <trkpt lat="-41.2032685" lon="-71.4381970">
        <ele>1151.0000</ele>
      </trkpt>
      <trkpt lat="-41.2032110" lon="-71.4381697">
        <ele>1152.0000</ele>
      </trkpt>
      <trkpt lat="-41.2031703" lon="-71.4381820">
        <ele>1154.0000</ele>
      </trkpt>
      <trkpt lat="-41.2031393" lon="-71.4381971">
        <ele>1156.0000</ele>
      </trkpt>
      <trkpt lat="-41.2030876" lon="-71.4382184">
        <ele>1158.0000</ele>
      </trkpt>
      <trkpt lat="-41.2030563" lon="-71.4382336">
        <ele>1160.0000</ele>
      </trkpt>
      <trkpt lat="-41.2030248" lon="-71.4382488">
        <ele>1161.0000</ele>
      </trkpt>
      <trkpt lat="-41.2029841" lon="-71.4382499">
        <ele>1161.0000</ele>
      </trkpt>
      <trkpt lat="-41.2029423" lon="-71.4382626">
        <ele>1163.0000</ele>
      </trkpt>
      <trkpt lat="-41.2028715" lon="-71.4382440">
        <ele>1163.0000</ele>
      </trkpt>
      <trkpt lat="-41.2028308" lon="-71.4382333">
        <ele>1163.0000</ele>
      </trkpt>
      <trkpt lat="-41.2027788" lon="-71.4382317">
        <ele>1164.0000</ele>
      </trkpt>
      <trkpt lat="-41.2027463" lon="-71.4382472">
        <ele>1165.0000</ele>
      </trkpt>
      <trkpt lat="-41.2026843" lon="-71.4382310">
        <ele>1167.0000</ele>
      </trkpt>
      <trkpt lat="-41.2026514" lon="-71.4382466">
        <ele>1168.0000</ele>
      </trkpt>
      <trkpt lat="-41.2025887" lon="-71.4382304">
        <ele>1170.0000</ele>
      </trkpt>
      <trkpt lat="-41.2025571" lon="-71.4382222">
        <ele>1170.0000</ele>
      </trkpt>
      <trkpt lat="-41.2025035" lon="-71.4382205">
        <ele>1171.0000</ele>
      </trkpt>
      <trkpt lat="-41.2024593" lon="-71.4382335">
        <ele>1174.0000</ele>
      </trkpt>
      <trkpt lat="-41.2024166" lon="-71.4382225">
        <ele>1175.0000</ele>
      </trkpt>
      <trkpt lat="-41.2023868" lon="-71.4381782">
        <ele>1173.0000</ele>
      </trkpt>
      <trkpt lat="-41.2023818" lon="-71.4380912">
        <ele>1168.0000</ele>
      </trkpt>
      <trkpt lat="-41.2023751" lon="-71.4380282">
        <ele>1166.0000</ele>
      </trkpt>
      <trkpt lat="-41.2023560" lon="-71.4379863">
        <ele>1165.0000</ele>
      </trkpt>
      <trkpt lat="-41.2023269" lon="-71.4379293">
        <ele>1164.0000</ele>
      </trkpt>
      <trkpt lat="-41.2023077" lon="-71.4378871">
        <ele>1163.0000</ele>
      </trkpt>
      <trkpt lat="-41.2022783" lon="-71.4378297">
        <ele>1161.0000</ele>
      </trkpt>
      <trkpt lat="-41.2022489" lon="-71.4377721">
        <ele>1160.0000</ele>
      </trkpt>
      <trkpt lat="-41.2021965" lon="-71.4377202">
        <ele>1160.0000</ele>
      </trkpt>
      <trkpt lat="-41.2021532" lon="-71.4376956">
        <ele>1160.0000</ele>
      </trkpt>
      <trkpt lat="-41.2021114" lon="-71.4376463">
        <ele>1160.0000</ele>
      </trkpt>
      <trkpt lat="-41.2021002" lon="-71.4376432">
        <ele>1160.0000</ele>
      </trkpt>
      <trkpt lat="-41.2019245" lon="-71.4374942">
        <ele>1160.0000</ele>
      </trkpt>
      <trkpt lat="-41.2018781" lon="-71.4374705">
        <ele>1160.0000</ele>
      </trkpt>
      <trkpt lat="-41.2018321" lon="-71.4374352">
        <ele>1160.0000</ele>
      </trkpt>
      <trkpt lat="-41.2017666" lon="-71.4373946">
        <ele>1160.0000</ele>
      </trkpt>
      <trkpt lat="-41.2017200" lon="-71.4373589">
        <ele>1160.0000</ele>
      </trkpt>
      <trkpt lat="-41.2016536" lon="-71.4373177">
        <ele>1161.0000</ele>
      </trkpt>
      <trkpt lat="-41.2016153" lon="-71.4372957">
        <ele>1161.0000</ele>
      </trkpt>
      <trkpt lat="-41.2015874" lon="-71.4372647">
        <ele>1160.0000</ele>
      </trkpt>
      <trkpt lat="-41.2015299" lon="-71.4372255">
        <ele>1160.0000</ele>
      </trkpt>
      <trkpt lat="-41.2014810" lon="-71.4372003">
        <ele>1160.0000</ele>
      </trkpt>
      <trkpt lat="-41.2014419" lon="-71.4371778">
        <ele>1160.0000</ele>
      </trkpt>
      <trkpt lat="-41.2014034" lon="-71.4371435">
        <ele>1160.0000</ele>
      </trkpt>
      <trkpt lat="-41.2013631" lon="-71.4371323">
        <ele>1160.0000</ele>
      </trkpt>
      <trkpt lat="-41.2013133" lon="-71.4371066">
        <ele>1160.0000</ele>
      </trkpt>
      <trkpt lat="-41.2012639" lon="-71.4370690">
        <ele>1160.0000</ele>
      </trkpt>
      <trkpt lat="-41.2012032" lon="-71.4370400">
        <ele>1159.0000</ele>
      </trkpt>
      <trkpt lat="-41.2011524" lon="-71.4370138">
        <ele>1159.0000</ele>
      </trkpt>
      <trkpt lat="-41.2011012" lon="-71.4369874">
        <ele>1159.0000</ele>
      </trkpt>
      <trkpt lat="-41.2010603" lon="-71.4369638">
        <ele>1158.0000</ele>
      </trkpt>
      <trkpt lat="-41.2010094" lon="-71.4369251">
        <ele>1157.0000</ele>
      </trkpt>
      <trkpt lat="-41.2009565" lon="-71.4369102">
        <ele>1158.0000</ele>
      </trkpt>
      <trkpt lat="-41.2008820" lon="-71.4368891">
        <ele>1158.0000</ele>
      </trkpt>
      <trkpt lat="-41.2008392" lon="-71.4368769">
        <ele>1158.0000</ele>
      </trkpt>
      <trkpt lat="-41.2007745" lon="-71.4368586">
        <ele>1159.0000</ele>
      </trkpt>
      <trkpt lat="-41.2007327" lon="-71.4368221">
        <ele>1159.0000</ele>
      </trkpt>
      <trkpt lat="-41.2006891" lon="-71.4368097">
        <ele>1160.0000</ele>
      </trkpt>
      <trkpt lat="-41.2006452" lon="-71.4367972">
        <ele>1160.0000</ele>
      </trkpt>
      <trkpt lat="-41.2005790" lon="-71.4367783">
        <ele>1160.0000</ele>
      </trkpt>
      <trkpt lat="-41.2005235" lon="-71.4367625">
        <ele>1161.0000</ele>
      </trkpt>
      <trkpt lat="-41.2004676" lon="-71.4367466">
        <ele>1162.0000</ele>
      </trkpt>
      <trkpt lat="-41.2004114" lon="-71.4367306">
        <ele>1162.0000</ele>
      </trkpt>
      <trkpt lat="-41.2003548" lon="-71.4367145">
        <ele>1162.0000</ele>
      </trkpt>
      <trkpt lat="-41.2002978" lon="-71.4366982">
        <ele>1163.0000</ele>
      </trkpt>
      <trkpt lat="-41.2002405" lon="-71.4366819">
        <ele>1163.0000</ele>
      </trkpt>
      <trkpt lat="-41.2001596" lon="-71.4366589">
        <ele>1163.0000</ele>
      </trkpt>
      <trkpt lat="-41.2001013" lon="-71.4366423">
        <ele>1163.0000</ele>
      </trkpt>
      <trkpt lat="-41.2000545" lon="-71.4366290">
        <ele>1162.0000</ele>
      </trkpt>
      <trkpt lat="-41.1999837" lon="-71.4366088">
        <ele>1162.0000</ele>
      </trkpt>
      <trkpt lat="-41.1999362" lon="-71.4365953">
        <ele>1162.0000</ele>
      </trkpt>
      <trkpt lat="-41.1998646" lon="-71.4365749">
        <ele>1162.0000</ele>
      </trkpt>
      <trkpt lat="-41.1997914" lon="-71.4365671">
        <ele>1162.0000</ele>
      </trkpt>
      <trkpt lat="-41.1997429" lon="-71.4365533">
        <ele>1162.0000</ele>
      </trkpt>
      <trkpt lat="-41.1996802" lon="-71.4365616">
        <ele>1163.0000</ele>
      </trkpt>
      <trkpt lat="-41.1996294" lon="-71.4365735">
        <ele>1164.0000</ele>
      </trkpt>
      <trkpt lat="-41.1995676" lon="-71.4365562">
        <ele>1163.0000</ele>
      </trkpt>
      <trkpt lat="-41.1995180" lon="-71.4365422">
        <ele>1163.0000</ele>
      </trkpt>
      <trkpt lat="-41.1994429" lon="-71.4365211">
        <ele>1163.0000</ele>
      </trkpt>
      <trkpt lat="-41.1993908" lon="-71.4365330">
        <ele>1164.0000</ele>
      </trkpt>
      <trkpt lat="-41.1993375" lon="-71.4365581">
        <ele>1165.0000</ele>
      </trkpt>
      <trkpt lat="-41.1992848" lon="-71.4365701">
        <ele>1166.0000</ele>
      </trkpt>
      <trkpt lat="-41.1992217" lon="-71.4365393">
        <ele>1165.0000</ele>
      </trkpt>
      <trkpt lat="-41.1991986" lon="-71.4364927">
        <ele>1163.0000</ele>
      </trkpt>
      <trkpt lat="-41.1991755" lon="-71.4364459">
        <ele>1162.0000</ele>
      </trkpt>
      <trkpt lat="-41.1991246" lon="-71.4364181">
        <ele>1161.0000</ele>
      </trkpt>
      <trkpt lat="-41.1990856" lon="-71.4364071">
        <ele>1161.0000</ele>
      </trkpt>
      <trkpt lat="-41.1990193" lon="-71.4364020">
        <ele>1161.0000</ele>
      </trkpt>
      <trkpt lat="-41.1989401" lon="-71.4363797">
        <ele>1161.0000</ele>
      </trkpt>
      <trkpt lat="-41.1988985" lon="-71.4363953">
        <ele>1162.0000</ele>
      </trkpt>
      <trkpt lat="-41.1986611" lon="-71.4364367">
        <ele>1164.0000</ele>
      </trkpt>
      <trkpt lat="-41.1986157" lon="-71.4364448">
        <ele>1165.0000</ele>
      </trkpt>
      <trkpt lat="-41.1985708" lon="-71.4364420">
        <ele>1164.0000</ele>
      </trkpt>
      <trkpt lat="-41.1985249" lon="-71.4364501">
        <ele>1165.0000</ele>
      </trkpt>
      <trkpt lat="-41.1984795" lon="-71.4364473">
        <ele>1165.0000</ele>
      </trkpt>
      <trkpt lat="-41.1984428" lon="-71.4364473">
        <ele>1165.0000</ele>
      </trkpt>
      <trkpt lat="-41.1984060" lon="-71.4364472">
        <ele>1165.0000</ele>
      </trkpt>
      <trkpt lat="-41.1983697" lon="-71.4364361">
        <ele>1165.0000</ele>
      </trkpt>
      <trkpt lat="-41.1983333" lon="-71.4364249">
        <ele>1165.0000</ele>
      </trkpt>
      <trkpt lat="-41.1982861" lon="-71.4364331">
        <ele>1165.0000</ele>
      </trkpt>
      <trkpt lat="-41.1982393" lon="-71.4364302">
        <ele>1165.0000</ele>
      </trkpt>
      <trkpt lat="-41.1981829" lon="-71.4364245">
        <ele>1164.0000</ele>
      </trkpt>
      <trkpt lat="-41.1981441" lon="-71.4364356">
        <ele>1164.0000</ele>
      </trkpt>
      <trkpt lat="-41.1981051" lon="-71.4364468">
        <ele>1165.0000</ele>
      </trkpt>
      <trkpt lat="-41.1980565" lon="-71.4364552">
        <ele>1165.0000</ele>
      </trkpt>
      <trkpt lat="-41.1980186" lon="-71.4364438">
        <ele>1165.0000</ele>
      </trkpt>
      <trkpt lat="-41.1979608" lon="-71.4364381">
        <ele>1166.0000</ele>
      </trkpt>
      <trkpt lat="-41.1979305" lon="-71.4364522">
        <ele>1167.0000</ele>
      </trkpt>
      <trkpt lat="-41.1978816" lon="-71.4364493">
        <ele>1167.0000</ele>
      </trkpt>
      <trkpt lat="-41.1978325" lon="-71.4364464">
        <ele>1168.0000</ele>
      </trkpt>
      <trkpt lat="-41.1977928" lon="-71.4364463">
        <ele>1169.0000</ele>
      </trkpt>
      <trkpt lat="-41.1977423" lon="-71.4364549">
        <ele>1169.0000</ele>
      </trkpt>
      <trkpt lat="-41.1976923" lon="-71.4364519">
        <ele>1170.0000</ele>
      </trkpt>
      <trkpt lat="-41.1976512" lon="-71.4364635">
        <ele>1171.0000</ele>
      </trkpt>
      <trkpt lat="-41.1976007" lon="-71.4364605">
        <ele>1171.0000</ele>
      </trkpt>
      <trkpt lat="-41.1975506" lon="-71.4364460">
        <ele>1171.0000</ele>
      </trkpt>
      <trkpt lat="-41.1975088" lon="-71.4364576">
        <ele>1172.0000</ele>
      </trkpt>
      <trkpt lat="-41.1974566" lon="-71.4364663">
        <ele>1173.0000</ele>
      </trkpt>
      <trkpt lat="-41.1974057" lon="-71.4364516">
        <ele>1173.0000</ele>
      </trkpt>
      <trkpt lat="-41.1973426" lon="-71.4364574">
        <ele>1174.0000</ele>
      </trkpt>
      <trkpt lat="-41.1972790" lon="-71.4364633">
        <ele>1175.0000</ele>
      </trkpt>
      <trkpt lat="-41.1972367" lon="-71.4364633">
        <ele>1175.0000</ele>
      </trkpt>
      <trkpt lat="-41.1971941" lon="-71.4364632">
        <ele>1175.0000</ele>
      </trkpt>
      <trkpt lat="-41.1971513" lon="-71.4364632">
        <ele>1176.0000</ele>
      </trkpt>
      <trkpt lat="-41.1970969" lon="-71.4364722">
        <ele>1176.0000</ele>
      </trkpt>
      <trkpt lat="-41.1970537" lon="-71.4364722">
        <ele>1177.0000</ele>
      </trkpt>
      <trkpt lat="-41.1969987" lon="-71.4364812">
        <ele>1177.0000</ele>
      </trkpt>
      <trkpt lat="-41.1969433" lon="-71.4364902">
        <ele>1178.0000</ele>
      </trkpt>
      <trkpt lat="-41.1968885" lon="-71.4364873">
        <ele>1177.0000</ele>
      </trkpt>
      <trkpt lat="-41.1968324" lon="-71.4364964">
        <ele>1176.0000</ele>
      </trkpt>
      <trkpt lat="-41.1967878" lon="-71.4364965">
        <ele>1175.0000</ele>
      </trkpt>
      <trkpt lat="-41.1967430" lon="-71.4364965">
        <ele>1175.0000</ele>
      </trkpt>
      <trkpt lat="-41.1966988" lon="-71.4364844">
        <ele>1174.0000</ele>
      </trkpt>
      <trkpt lat="-41.1966527" lon="-71.4364967">
        <ele>1173.0000</ele>
      </trkpt>
      <trkpt lat="-41.1965952" lon="-71.4365060">
        <ele>1173.0000</ele>
      </trkpt>
      <trkpt lat="-41.1965494" lon="-71.4365060">
        <ele>1172.0000</ele>
      </trkpt>
      <trkpt lat="-41.1964920" lon="-71.4365031">
        <ele>1171.0000</ele>
      </trkpt>
      <trkpt lat="-41.1964457" lon="-71.4365031">
        <ele>1171.0000</ele>
      </trkpt>
      <trkpt lat="-41.1963868" lon="-71.4365126">
        <ele>1171.0000</ele>
      </trkpt>
      <trkpt lat="-41.1963400" lon="-71.4365127">
        <ele>1170.0000</ele>
      </trkpt>
      <trkpt lat="-41.1962804" lon="-71.4365222">
        <ele>1170.0000</ele>
      </trkpt>
      <trkpt lat="-41.1962654" lon="-71.4365691">
        <ele>1172.0000</ele>
      </trkpt>
      <trkpt lat="-41.1962387" lon="-71.4366130">
        <ele>1173.0000</ele>
      </trkpt>
      <trkpt lat="-41.1962119" lon="-71.4366571">
        <ele>1175.0000</ele>
      </trkpt>
      <trkpt lat="-41.1961851" lon="-71.4367013">
        <ele>1176.0000</ele>
      </trkpt>
      <trkpt lat="-41.1961464" lon="-71.4367426">
        <ele>1177.0000</ele>
      </trkpt>
      <trkpt lat="-41.1961194" lon="-71.4367870">
        <ele>1179.0000</ele>
      </trkpt>
      <trkpt lat="-41.1960712" lon="-71.4367879">
        <ele>1178.0000</ele>
      </trkpt>
      <trkpt lat="-41.1960253" lon="-71.4367507">
        <ele>1177.0000</ele>
      </trkpt>
      <trkpt lat="-41.1959801" lon="-71.4367007">
        <ele>1174.0000</ele>
      </trkpt>
      <trkpt lat="-41.1959818" lon="-71.4366753">
        <ele>1173.0000</ele>
      </trkpt>
      <trkpt lat="-41.1958683" lon="-71.4366781">
        <ele>1172.0000</ele>
      </trkpt>
      <trkpt lat="-41.1958446" lon="-71.4366891">
        <ele>1173.0000</ele>
      </trkpt>
      <trkpt lat="-41.1958163" lon="-71.4366989">
        <ele>1173.0000</ele>
      </trkpt>
      <trkpt lat="-41.1957923" lon="-71.4367100">
        <ele>1173.0000</ele>
      </trkpt>
      <trkpt lat="-41.1957774" lon="-71.4367238">
        <ele>1174.0000</ele>
      </trkpt>
      <trkpt lat="-41.1957578" lon="-71.4367363">
        <ele>1175.0000</ele>
      </trkpt>
      <trkpt lat="-41.1957436" lon="-71.4367384">
        <ele>1175.0000</ele>
      </trkpt>
      <trkpt lat="-41.1957239" lon="-71.4367510">
        <ele>1175.0000</ele>
      </trkpt>
      <trkpt lat="-41.1956994" lon="-71.4367624">
        <ele>1175.0000</ele>
      </trkpt>
      <trkpt lat="-41.1956799" lon="-71.4367692">
        <ele>1176.0000</ele>
      </trkpt>
      <trkpt lat="-41.1956603" lon="-71.4367760">
        <ele>1176.0000</ele>
      </trkpt>
      <trkpt lat="-41.1956355" lon="-71.4367875">
        <ele>1176.0000</ele>
      </trkpt>
      <trkpt lat="-41.1956162" lon="-71.4367884">
        <ele>1176.0000</ele>
      </trkpt>
      <trkpt lat="-41.1955915" lon="-71.4367940">
        <ele>1176.0000</ele>
      </trkpt>
      <trkpt lat="-41.1955720" lon="-71.4367949">
        <ele>1176.0000</ele>
      </trkpt>
      <trkpt lat="-41.1955475" lon="-71.4367945">
        <ele>1176.0000</ele>
      </trkpt>
      <trkpt lat="-41.1955278" lon="-71.4367953">
        <ele>1176.0000</ele>
      </trkpt>
      <trkpt lat="-41.1954978" lon="-71.4367997">
        <ele>1176.0000</ele>
      </trkpt>
      <trkpt lat="-41.1954774" lon="-71.4368067">
        <ele>1176.0000</ele>
      </trkpt>
      <trkpt lat="-41.1954381" lon="-71.4367963">
        <ele>1175.0000</ele>
      </trkpt>
      <trkpt lat="-41.1954125" lon="-71.4368021">
        <ele>1175.0000</ele>
      </trkpt>
      <trkpt lat="-41.1953921" lon="-71.4368030">
        <ele>1175.0000</ele>
      </trkpt>
      <trkpt lat="-41.1953663" lon="-71.4368088">
        <ele>1175.0000</ele>
      </trkpt>
      <trkpt lat="-41.1953411" lon="-71.4368022">
        <ele>1175.0000</ele>
      </trkpt>
      <trkpt lat="-41.1953192" lon="-71.4368217">
        <ele>1175.0000</ele>
      </trkpt>
      <trkpt lat="-41.1952976" lon="-71.4368351">
        <ele>1175.0000</ele>
      </trkpt>
      <trkpt lat="-41.1952763" lon="-71.4368424">
        <ele>1175.0000</ele>
      </trkpt>
      <trkpt lat="-41.1952545" lon="-71.4368559">
        <ele>1176.0000</ele>
      </trkpt>
      <trkpt lat="-41.1952383" lon="-71.4368645">
        <ele>1176.0000</ele>
      </trkpt>
      <trkpt lat="-41.1952163" lon="-71.4368781">
        <ele>1176.0000</ele>
      </trkpt>
      <trkpt lat="-41.1951947" lon="-71.4368855">
        <ele>1176.0000</ele>
      </trkpt>
      <trkpt lat="-41.1951729" lon="-71.4368929">
        <ele>1176.0000</ele>
      </trkpt>
      <trkpt lat="-41.1951511" lon="-71.4369004">
        <ele>1176.0000</ele>
      </trkpt>
      <trkpt lat="-41.1951345" lon="-71.4369092">
        <ele>1176.0000</ele>
      </trkpt>
      <trkpt lat="-41.1951019" lon="-71.4369141">
        <ele>1176.0000</ele>
      </trkpt>
      <trkpt lat="-41.1950740" lon="-71.4369268">
        <ele>1176.0000</ele>
      </trkpt>
      <trkpt lat="-41.1950468" lon="-71.4369267">
        <ele>1176.0000</ele>
      </trkpt>
      <trkpt lat="-41.1950140" lon="-71.4369254">
        <ele>1176.0000</ele>
      </trkpt>
      <trkpt lat="-41.1949860" lon="-71.4369317">
        <ele>1176.0000</ele>
      </trkpt>
      <trkpt lat="-41.1949638" lon="-71.4369330">
        <ele>1176.0000</ele>
      </trkpt>
      <trkpt lat="-41.1949355" lon="-71.4369394">
        <ele>1176.0000</ele>
      </trkpt>
      <trkpt lat="-41.1949070" lon="-71.4369459">
        <ele>1176.0000</ele>
      </trkpt>
      <trkpt lat="-41.1948946" lon="-71.4369627">
        <ele>1177.0000</ele>
      </trkpt>
      <trkpt lat="-41.1948655" lon="-71.4369758">
        <ele>1178.0000</ele>
      </trkpt>
      <trkpt lat="-41.1948427" lon="-71.4369772">
        <ele>1178.0000</ele>
      </trkpt>
      <trkpt lat="-41.1948129" lon="-71.4369969">
        <ele>1179.0000</ele>
      </trkpt>
      <trkpt lat="-41.1947837" lon="-71.4370036">
        <ele>1179.0000</ele>
      </trkpt>
      <trkpt lat="-41.1947605" lon="-71.4370050">
        <ele>1179.0000</ele>
      </trkpt>
      <trkpt lat="-41.1947315" lon="-71.4370052">
        <ele>1179.0000</ele>
      </trkpt>
      <trkpt lat="-41.1947019" lon="-71.4370120">
        <ele>1179.0000</ele>
      </trkpt>
      <trkpt lat="-41.1946783" lon="-71.4370135">
        <ele>1179.0000</ele>
      </trkpt>
      <trkpt lat="-41.1946484" lon="-71.4370203">
        <ele>1178.0000</ele>
      </trkpt>
      <trkpt lat="-41.1946255" lon="-71.4370085">
        <ele>1178.0000</ele>
      </trkpt>
      <trkpt lat="-41.1945961" lon="-71.4370020">
        <ele>1177.0000</ele>
      </trkpt>
      <trkpt lat="-41.1945670" lon="-71.4369888">
        <ele>1176.0000</ele>
      </trkpt>
      <trkpt lat="-41.1945442" lon="-71.4369701">
        <ele>1175.0000</ele>
      </trkpt>
      <trkpt lat="-41.1945203" lon="-71.4369648">
        <ele>1174.0000</ele>
      </trkpt>
      <trkpt lat="-41.1944903" lon="-71.4369581">
        <ele>1174.0000</ele>
      </trkpt>
      <trkpt lat="-41.1944541" lon="-71.4369500">
        <ele>1173.0000</ele>
      </trkpt>
      <trkpt lat="-41.1944237" lon="-71.4369432">
        <ele>1172.0000</ele>
      </trkpt>
      <trkpt lat="-41.1943988" lon="-71.4369446">
        <ele>1172.0000</ele>
      </trkpt>
      <trkpt lat="-41.1943804" lon="-71.4369405">
        <ele>1172.0000</ele>
      </trkpt>
      <trkpt lat="-41.1943424" lon="-71.4369460">
        <ele>1172.0000</ele>
      </trkpt>
      <trkpt lat="-41.1943176" lon="-71.4369405">
        <ele>1172.0000</ele>
      </trkpt>
      <trkpt lat="-41.1942854" lon="-71.4369473">
        <ele>1173.0000</ele>
      </trkpt>
      <trkpt lat="-41.1942593" lon="-71.4369556">
        <ele>1173.0000</ele>
      </trkpt>
      <trkpt lat="-41.1942268" lon="-71.4369626">
        <ele>1173.0000</ele>
      </trkpt>
      <trkpt lat="-41.1942000" lon="-71.4369779">
        <ele>1174.0000</ele>
      </trkpt>
      <trkpt lat="-41.1941671" lon="-71.4369850">
        <ele>1174.0000</ele>
      </trkpt>
      <trkpt lat="-41.1941399" lon="-71.4370005">
        <ele>1174.0000</ele>
      </trkpt>
      <trkpt lat="-41.1941132" lon="-71.4370090">
        <ele>1174.0000</ele>
      </trkpt>
      <trkpt lat="-41.1940792" lon="-71.4370232">
        <ele>1174.0000</ele>
      </trkpt>
      <trkpt lat="-41.1940512" lon="-71.4370460">
        <ele>1175.0000</ele>
      </trkpt>
      <trkpt lat="-41.1940305" lon="-71.4370560">
        <ele>1175.0000</ele>
      </trkpt>
      <trkpt lat="-41.1939961" lon="-71.4370705">
        <ele>1175.0000</ele>
      </trkpt>
      <trkpt lat="-41.1939752" lon="-71.4370807">
        <ele>1175.0000</ele>
      </trkpt>
      <trkpt lat="-41.1939681" lon="-71.4370865">
        <ele>1175.0000</ele>
      </trkpt>
      <trkpt lat="-41.1938226" lon="-71.4370974">
        <ele>1174.0000</ele>
      </trkpt>
      <trkpt lat="-41.1937822" lon="-71.4371254">
        <ele>1174.0000</ele>
      </trkpt>
      <trkpt lat="-41.1937366" lon="-71.4371527">
        <ele>1174.0000</ele>
      </trkpt>
      <trkpt lat="-41.1937169" lon="-71.4371548">
        <ele>1174.0000</ele>
      </trkpt>
      <trkpt lat="-41.1936958" lon="-71.4371751">
        <ele>1174.0000</ele>
      </trkpt>
      <trkpt lat="-41.1936763" lon="-71.4371712">
        <ele>1174.0000</ele>
      </trkpt>
      <trkpt lat="-41.1936555" lon="-71.4371856">
        <ele>1174.0000</ele>
      </trkpt>
      <trkpt lat="-41.1936293" lon="-71.4372052">
        <ele>1174.0000</ele>
      </trkpt>
      <trkpt lat="-41.1936083" lon="-71.4372197">
        <ele>1174.0000</ele>
      </trkpt>
      <trkpt lat="-41.1935876" lon="-71.4372281">
        <ele>1175.0000</ele>
      </trkpt>
      <trkpt lat="-41.1935609" lon="-71.4372480">
        <ele>1175.0000</ele>
      </trkpt>
      <trkpt lat="-41.1935400" lon="-71.4372565">
        <ele>1175.0000</ele>
      </trkpt>
      <trkpt lat="-41.1935190" lon="-71.4372651">
        <ele>1175.0000</ele>
      </trkpt>
      <trkpt lat="-41.1934971" lon="-71.4372861">
        <ele>1176.0000</ele>
      </trkpt>
      <trkpt lat="-41.1934763" lon="-71.4372886">
        <ele>1176.0000</ele>
      </trkpt>
      <trkpt lat="-41.1934602" lon="-71.4372982">
        <ele>1176.0000</ele>
      </trkpt>
      <trkpt lat="-41.1934380" lon="-71.4373194">
        <ele>1176.0000</ele>
      </trkpt>
      <trkpt lat="-41.1934062" lon="-71.4373264">
        <ele>1176.0000</ele>
      </trkpt>
      <trkpt lat="-41.1933842" lon="-71.4373415">
        <ele>1177.0000</ele>
      </trkpt>
      <trkpt lat="-41.1933625" lon="-71.4373504">
        <ele>1177.0000</ele>
      </trkpt>
      <trkpt lat="-41.1933460" lon="-71.4373603">
        <ele>1177.0000</ele>
      </trkpt>
      <trkpt lat="-41.1933193" lon="-71.4373621">
        <ele>1176.0000</ele>
      </trkpt>
      <trkpt lat="-41.1932911" lon="-71.4373828">
        <ele>1176.0000</ele>
      </trkpt>
      <trkpt lat="-41.1932744" lon="-71.4373928">
        <ele>1176.0000</ele>
      </trkpt>
      <trkpt lat="-41.1932468" lon="-71.4374011">
        <ele>1176.0000</ele>
      </trkpt>
      <trkpt lat="-41.1932187" lon="-71.4374157">
        <ele>1175.0000</ele>
      </trkpt>
      <trkpt lat="-41.1931967" lon="-71.4374186">
        <ele>1175.0000</ele>
      </trkpt>
      <trkpt lat="-41.1931737" lon="-71.4374342">
        <ele>1175.0000</ele>
      </trkpt>
      <trkpt lat="-41.1931565" lon="-71.4374444">
        <ele>1175.0000</ele>
      </trkpt>
      <trkpt lat="-41.1931279" lon="-71.4374593">
        <ele>1174.0000</ele>
      </trkpt>
      <trkpt lat="-41.1931046" lon="-71.4374752">
        <ele>1174.0000</ele>
      </trkpt>
      <trkpt lat="-41.1930812" lon="-71.4374911">
        <ele>1174.0000</ele>
      </trkpt>
      <trkpt lat="-41.1930581" lon="-71.4375007">
        <ele>1174.0000</ele>
      </trkpt>
      <trkpt lat="-41.1930345" lon="-71.4375168">
        <ele>1173.0000</ele>
      </trkpt>
      <trkpt lat="-41.1930052" lon="-71.4375321">
        <ele>1173.0000</ele>
      </trkpt>
      <trkpt lat="-41.1929818" lon="-71.4375418">
        <ele>1173.0000</ele>
      </trkpt>
      <trkpt lat="-41.1929639" lon="-71.4375523">
        <ele>1173.0000</ele>
      </trkpt>
      <trkpt lat="-41.1929403" lon="-71.4375621">
        <ele>1173.0000</ele>
      </trkpt>
      <trkpt lat="-41.1929166" lon="-71.4375720">
        <ele>1173.0000</ele>
      </trkpt>
      <trkpt lat="-41.1928812" lon="-71.4375802">
        <ele>1173.0000</ele>
      </trkpt>
      <trkpt lat="-41.1928577" lon="-71.4375836">
        <ele>1172.0000</ele>
      </trkpt>
      <trkpt lat="-41.1928273" lon="-71.4375993">
        <ele>1172.0000</ele>
      </trkpt>
      <trkpt lat="-41.1927854" lon="-71.4376070">
        <ele>1172.0000</ele>
      </trkpt>
      <trkpt lat="-41.1927487" lon="-71.4376221">
        <ele>1172.0000</ele>
      </trkpt>
      <trkpt lat="-41.1927181" lon="-71.4376315">
        <ele>1171.0000</ele>
      </trkpt>
      <trkpt lat="-41.1926928" lon="-71.4376484">
        <ele>1171.0000</ele>
      </trkpt>
      <trkpt lat="-41.1926735" lon="-71.4376662">
        <ele>1171.0000</ele>
      </trkpt>
      <trkpt lat="-41.1926294" lon="-71.4376878">
        <ele>1171.0000</ele>
      </trkpt>
      <trkpt lat="-41.1926168" lon="-71.4376930">
        <ele>1171.0000</ele>
      </trkpt>
      <trkpt lat="-41.1925916" lon="-71.4377035">
        <ele>1171.0000</ele>
      </trkpt>
      <trkpt lat="-41.1925657" lon="-71.4377208">
        <ele>1170.0000</ele>
      </trkpt>
      <trkpt lat="-41.1925402" lon="-71.4377314">
        <ele>1170.0000</ele>
      </trkpt>
      <trkpt lat="-41.1925079" lon="-71.4377481">
        <ele>1170.0000</ele>
      </trkpt>
      <trkpt lat="-41.1924754" lon="-71.4377649">
        <ele>1170.0000</ele>
      </trkpt>
      <trkpt lat="-41.1924489" lon="-71.4377826">
        <ele>1170.0000</ele>
      </trkpt>
      <trkpt lat="-41.1924224" lon="-71.4378003">
        <ele>1170.0000</ele>
      </trkpt>
      <trkpt lat="-41.1923830" lon="-71.4378168">
        <ele>1170.0000</ele>
      </trkpt>
      <trkpt lat="-41.1923630" lon="-71.4378285">
        <ele>1170.0000</ele>
      </trkpt>
      <trkpt lat="-41.1923296" lon="-71.4378458">
        <ele>1170.0000</ele>
      </trkpt>
      <trkpt lat="-41.1922960" lon="-71.4378632">
        <ele>1171.0000</ele>
      </trkpt>
      <trkpt lat="-41.1922691" lon="-71.4378744">
        <ele>1171.0000</ele>
      </trkpt>
      <trkpt lat="-41.1922486" lon="-71.4378864">
        <ele>1171.0000</ele>
      </trkpt>
      <trkpt lat="-41.1922346" lon="-71.4378990">
        <ele>1171.0000</ele>
      </trkpt>
      <trkpt lat="-41.1921939" lon="-71.4379161">
        <ele>1171.0000</ele>
      </trkpt>
      <trkpt lat="-41.1921599" lon="-71.4379269">
        <ele>1171.0000</ele>
      </trkpt>
      <trkpt lat="-41.1921456" lon="-71.4379397">
        <ele>1171.0000</ele>
      </trkpt>
      <trkpt lat="-41.1921176" lon="-71.4379584">
        <ele>1171.0000</ele>
      </trkpt>
      <trkpt lat="-41.1920826" lon="-71.4379765">
        <ele>1171.0000</ele>
      </trkpt>
      <trkpt lat="-41.1920474" lon="-71.4379948">
        <ele>1171.0000</ele>
      </trkpt>
      <trkpt lat="-41.1920402" lon="-71.4380013">
        <ele>1171.0000</ele>
      </trkpt>
      <trkpt lat="-41.1919979" lon="-71.4380190">
        <ele>1171.0000</ele>
      </trkpt>
      <trkpt lat="-41.1919475" lon="-71.4380508">
        <ele>1171.0000</ele>
      </trkpt>
      <trkpt lat="-41.1919263" lon="-71.4380562">
        <ele>1171.0000</ele>
      </trkpt>
      <trkpt lat="-41.1918756" lon="-71.4380810">
        <ele>1171.0000</ele>
      </trkpt>
      <trkpt lat="-41.1918467" lon="-71.4380933">
        <ele>1170.0000</ele>
      </trkpt>
      <trkpt lat="-41.1918100" lon="-71.4381123">
        <ele>1170.0000</ele>
      </trkpt>
      <trkpt lat="-41.1917948" lon="-71.4381257">
        <ele>1170.0000</ele>
      </trkpt>
      <trkpt lat="-41.1917573" lon="-71.4381523">
        <ele>1169.0000</ele>
      </trkpt>
      <trkpt lat="-41.1917277" lon="-71.4381648">
        <ele>1169.0000</ele>
      </trkpt>
      <trkpt lat="-41.1916902" lon="-71.4381842">
        <ele>1169.0000</ele>
      </trkpt>
      <trkpt lat="-41.1916602" lon="-71.4381969">
        <ele>1168.0000</ele>
      </trkpt>
      <trkpt lat="-41.1916301" lon="-71.4382097">
        <ele>1168.0000</ele>
      </trkpt>
      <trkpt lat="-41.1915920" lon="-71.4382295">
        <ele>1169.0000</ele>
      </trkpt>
      <trkpt lat="-41.1915847" lon="-71.4382290">
        <ele>1168.0000</ele>
      </trkpt>
      <trkpt lat="-41.1914871" lon="-71.4383051">
        <ele>1169.0000</ele>
      </trkpt>
      <trkpt lat="-41.1914623" lon="-71.4383159">
        <ele>1169.0000</ele>
      </trkpt>
      <trkpt lat="-41.1914426" lon="-71.4383407">
        <ele>1169.0000</ele>
      </trkpt>
      <trkpt lat="-41.1914283" lon="-71.4383731">
        <ele>1169.0000</ele>
      </trkpt>
      <trkpt lat="-41.1914084" lon="-71.4383981">
        <ele>1169.0000</ele>
      </trkpt>
      <trkpt lat="-41.1913884" lon="-71.4384233">
        <ele>1169.0000</ele>
      </trkpt>
      <trkpt lat="-41.1913632" lon="-71.4384344">
        <ele>1169.0000</ele>
      </trkpt>
      <trkpt lat="-41.1913440" lon="-71.4384462">
        <ele>1169.0000</ele>
      </trkpt>
      <trkpt lat="-41.1913058" lon="-71.4384631">
        <ele>1168.0000</ele>
      </trkpt>
      <trkpt lat="-41.1912740" lon="-71.4384739">
        <ele>1168.0000</ele>
      </trkpt>
      <trkpt lat="-41.1912487" lon="-71.4384784">
        <ele>1168.0000</ele>
      </trkpt>
      <trkpt lat="-41.1912233" lon="-71.4384830">
        <ele>1168.0000</ele>
      </trkpt>
      <trkpt lat="-41.1911843" lon="-71.4385002">
        <ele>1168.0000</ele>
      </trkpt>
      <trkpt lat="-41.1911765" lon="-71.4385203">
        <ele>1168.0000</ele>
      </trkpt>
      <trkpt lat="-41.1911625" lon="-71.4385399">
        <ele>1168.0000</ele>
      </trkpt>
      <trkpt lat="-41.1911343" lon="-71.4385792">
        <ele>1168.0000</ele>
      </trkpt>
      <trkpt lat="-41.1911060" lon="-71.4386187">
        <ele>1169.0000</ele>
      </trkpt>
      <trkpt lat="-41.1910913" lon="-71.4386455">
        <ele>1169.0000</ele>
      </trkpt>
      <trkpt lat="-41.1910697" lon="-71.4386788">
        <ele>1169.0000</ele>
      </trkpt>
      <trkpt lat="-41.1910553" lon="-71.4386987">
        <ele>1170.0000</ele>
      </trkpt>
      <trkpt lat="-41.1910336" lon="-71.4387323">
        <ele>1170.0000</ele>
      </trkpt>
      <trkpt lat="-41.1910117" lon="-71.4387659">
        <ele>1170.0000</ele>
      </trkpt>
      <trkpt lat="-41.1909908" lon="-71.4387857">
        <ele>1171.0000</ele>
      </trkpt>
      <trkpt lat="-41.1909566" lon="-71.4388048">
        <ele>1171.0000</ele>
      </trkpt>
      <trkpt lat="-41.1909297" lon="-71.4388103">
        <ele>1171.0000</ele>
      </trkpt>
      <trkpt lat="-41.1909013" lon="-71.4388370">
        <ele>1171.0000</ele>
      </trkpt>
      <trkpt lat="-41.1908738" lon="-71.4388497">
        <ele>1171.0000</ele>
      </trkpt>
      <trkpt lat="-41.1908465" lon="-71.4388554">
        <ele>1171.0000</ele>
      </trkpt>
      <trkpt lat="-41.1908182" lon="-71.4388753">
        <ele>1171.0000</ele>
      </trkpt>
      <trkpt lat="-41.1907829" lon="-71.4388950">
        <ele>1171.0000</ele>
      </trkpt>
      <trkpt lat="-41.1907547" lon="-71.4389080">
        <ele>1171.0000</ele>
      </trkpt>
      <trkpt lat="-41.1907396" lon="-71.4389288">
        <ele>1172.0000</ele>
      </trkpt>
      <trkpt lat="-41.1907038" lon="-71.4389488">
        <ele>1172.0000</ele>
      </trkpt>
      <trkpt lat="-41.1906742" lon="-71.4389764">
        <ele>1172.0000</ele>
      </trkpt>
      <trkpt lat="-41.1906529" lon="-71.4389828">
        <ele>1172.0000</ele>
      </trkpt>
      <trkpt lat="-41.1906231" lon="-71.4390106">
        <ele>1172.0000</ele>
      </trkpt>
      <trkpt lat="-41.1905926" lon="-71.4390459">
        <ele>1172.0000</ele>
      </trkpt>
      <trkpt lat="-41.1905695" lon="-71.4390742">
        <ele>1172.0000</ele>
      </trkpt>
      <trkpt lat="-41.1905468" lon="-71.4390954">
        <ele>1172.0000</ele>
      </trkpt>
      <trkpt lat="-41.1905245" lon="-71.4391094">
        <ele>1172.0000</ele>
      </trkpt>
      <trkpt lat="-41.1904950" lon="-71.4391232">
        <ele>1171.0000</ele>
      </trkpt>
      <trkpt lat="-41.1904715" lon="-71.4391520">
        <ele>1171.0000</ele>
      </trkpt>
      <trkpt lat="-41.1904345" lon="-71.4391658">
        <ele>1170.0000</ele>
      </trkpt>
      <trkpt lat="-41.1904051" lon="-71.4391725">
        <ele>1170.0000</ele>
      </trkpt>
      <trkpt lat="-41.1903686" lon="-71.4391718">
        <ele>1169.0000</ele>
      </trkpt>
      <trkpt lat="-41.1903540" lon="-71.4391714">
        <ele>1169.0000</ele>
      </trkpt>
      <trkpt lat="-41.1903093" lon="-71.4391779">
        <ele>1168.0000</ele>
      </trkpt>
      <trkpt lat="-41.1902643" lon="-71.4391845">
        <ele>1167.0000</ele>
      </trkpt>
      <trkpt lat="-41.1902269" lon="-71.4391837">
        <ele>1167.0000</ele>
      </trkpt>
      <trkpt lat="-41.1901964" lon="-71.4391906">
        <ele>1166.0000</ele>
      </trkpt>
      <trkpt lat="-41.1901732" lon="-71.4391977">
        <ele>1166.0000</ele>
      </trkpt>
      <trkpt lat="-41.1901194" lon="-71.4392042">
        <ele>1165.0000</ele>
      </trkpt>
      <trkpt lat="-41.1900877" lon="-71.4392188">
        <ele>1165.0000</ele>
      </trkpt>
      <trkpt lat="-41.1900564" lon="-71.4392259">
        <ele>1164.0000</ele>
      </trkpt>
      <trkpt lat="-41.1899122" lon="-71.4392019">
        <ele>1163.0000</ele>
      </trkpt>
      <trkpt lat="-41.1898913" lon="-71.4391983">
        <ele>1162.0000</ele>
      </trkpt>
      <trkpt lat="-41.1898698" lon="-71.4392009">
        <ele>1162.0000</ele>
      </trkpt>
      <trkpt lat="-41.1898373" lon="-71.4392080">
        <ele>1162.0000</ele>
      </trkpt>
      <trkpt lat="-41.1898098" lon="-71.4392161">
        <ele>1162.0000</ele>
      </trkpt>
      <trkpt lat="-41.1897880" lon="-71.4392188">
        <ele>1162.0000</ele>
      </trkpt>
      <trkpt lat="-41.1897602" lon="-71.4392270">
        <ele>1162.0000</ele>
      </trkpt>
      <trkpt lat="-41.1897382" lon="-71.4392297">
        <ele>1162.0000</ele>
      </trkpt>
      <trkpt lat="-41.1897156" lon="-71.4392388">
        <ele>1162.0000</ele>
      </trkpt>
      <trkpt lat="-41.1896816" lon="-71.4392527">
        <ele>1162.0000</ele>
      </trkpt>
      <trkpt lat="-41.1896587" lon="-71.4392619">
        <ele>1162.0000</ele>
      </trkpt>
      <trkpt lat="-41.1896349" lon="-71.4392841">
        <ele>1162.0000</ele>
      </trkpt>
      <trkpt lat="-41.1896178" lon="-71.4392879">
        <ele>1162.0000</ele>
      </trkpt>
      <trkpt lat="-41.1895938" lon="-71.4393103">
        <ele>1162.0000</ele>
      </trkpt>
      <trkpt lat="-41.1895650" lon="-71.4393189">
        <ele>1162.0000</ele>
      </trkpt>
      <trkpt lat="-41.1895407" lon="-71.4393414">
        <ele>1162.0000</ele>
      </trkpt>
      <trkpt lat="-41.1895172" lon="-71.4393510">
        <ele>1162.0000</ele>
      </trkpt>
      <trkpt lat="-41.1894874" lon="-71.4393664">
        <ele>1162.0000</ele>
      </trkpt>
      <trkpt lat="-41.1894571" lon="-71.4393884">
        <ele>1161.0000</ele>
      </trkpt>
      <trkpt lat="-41.1894327" lon="-71.4394047">
        <ele>1161.0000</ele>
      </trkpt>
      <trkpt lat="-41.1894021" lon="-71.4394270">
        <ele>1161.0000</ele>
      </trkpt>
      <trkpt lat="-41.1893896" lon="-71.4394385">
        <ele>1161.0000</ele>
      </trkpt>
      <trkpt lat="-41.1893649" lon="-71.4394551">
        <ele>1161.0000</ele>
      </trkpt>
      <trkpt lat="-41.1893401" lon="-71.4394718">
        <ele>1161.0000</ele>
      </trkpt>
      <trkpt lat="-41.1893275" lon="-71.4394835">
        <ele>1161.0000</ele>
      </trkpt>
      <trkpt lat="-41.1892962" lon="-71.4395062">
        <ele>1161.0000</ele>
      </trkpt>
      <trkpt lat="-41.1892775" lon="-71.4395172">
        <ele>1161.0000</ele>
      </trkpt>
      <trkpt lat="-41.1892458" lon="-71.4395401">
        <ele>1161.0000</ele>
      </trkpt>
      <trkpt lat="-41.1892205" lon="-71.4395572">
        <ele>1161.0000</ele>
      </trkpt>
      <trkpt lat="-41.1892006" lon="-71.4395818">
        <ele>1161.0000</ele>
      </trkpt>
      <trkpt lat="-41.1891811" lon="-71.4395998">
        <ele>1161.0000</ele>
      </trkpt>
      <trkpt lat="-41.1891489" lon="-71.4396232">
        <ele>1161.0000</ele>
      </trkpt>
      <trkpt lat="-41.1891226" lon="-71.4396474">
        <ele>1160.0000</ele>
      </trkpt>
      <trkpt lat="-41.1890910" lon="-71.4396574">
        <ele>1160.0000</ele>
      </trkpt>
      <trkpt lat="-41.1890587" lon="-71.4396743">
        <ele>1160.0000</ele>
      </trkpt>
      <trkpt lat="-41.1890263" lon="-71.4396913">
        <ele>1160.0000</ele>
      </trkpt>
      <trkpt lat="-41.1889998" lon="-71.4397091">
        <ele>1160.0000</ele>
      </trkpt>
      <trkpt lat="-41.1889679" lon="-71.4397126">
        <ele>1159.0000</ele>
      </trkpt>
      <trkpt lat="-41.1889358" lon="-71.4397160">
        <ele>1159.0000</ele>
      </trkpt>
      <trkpt lat="-41.1889163" lon="-71.4397209">
        <ele>1159.0000</ele>
      </trkpt>
      <trkpt lat="-41.1888834" lon="-71.4397313">
        <ele>1158.0000</ele>
      </trkpt>
      <trkpt lat="-41.1888637" lon="-71.4397362">
        <ele>1158.0000</ele>
      </trkpt>
      <trkpt lat="-41.1888374" lon="-71.4397405">
        <ele>1158.0000</ele>
      </trkpt>
      <trkpt lat="-41.1888045" lon="-71.4397441">
        <ele>1158.0000</ele>
      </trkpt>
      <trkpt lat="-41.1887844" lon="-71.4397490">
        <ele>1158.0000</ele>
      </trkpt>
      <trkpt lat="-41.1887451" lon="-71.4397450">
        <ele>1158.0000</ele>
      </trkpt>
      <trkpt lat="-41.1887121" lon="-71.4397415">
        <ele>1157.0000</ele>
      </trkpt>
      <trkpt lat="-41.1886798" lon="-71.4397239">
        <ele>1157.0000</ele>
      </trkpt>
      <trkpt lat="-41.1886464" lon="-71.4397204">
        <ele>1157.0000</ele>
      </trkpt>
      <trkpt lat="-41.1886128" lon="-71.4397169">
        <ele>1157.0000</ele>
      </trkpt>
      <trkpt lat="-41.1885721" lon="-71.4397126">
        <ele>1156.0000</ele>
      </trkpt>
      <trkpt lat="-41.1885380" lon="-71.4397090">
        <ele>1156.0000</ele>
      </trkpt>
      <trkpt lat="-41.1885106" lon="-71.4397061">
        <ele>1156.0000</ele>
      </trkpt>
      <trkpt lat="-41.1884825" lon="-71.4397104">
        <ele>1156.0000</ele>
      </trkpt>
      <trkpt lat="-41.1884542" lon="-71.4397148">
        <ele>1156.0000</ele>
      </trkpt>
      <trkpt lat="-41.1884189" lon="-71.4397184">
        <ele>1156.0000</ele>
      </trkpt>
      <trkpt lat="-41.1883898" lon="-71.4397301">
        <ele>1157.0000</ele>
      </trkpt>
      <trkpt lat="-41.1883606" lon="-71.4397418">
        <ele>1157.0000</ele>
      </trkpt>
      <trkpt lat="-41.1883388" lon="-71.4397469">
        <ele>1157.0000</ele>
      </trkpt>
      <trkpt lat="-41.1883012" lon="-71.4397727">
        <ele>1157.0000</ele>
      </trkpt>
      <trkpt lat="-41.1882782" lon="-71.4397927">
        <ele>1157.0000</ele>
      </trkpt>
      <trkpt lat="-41.1882407" lon="-71.4398114">
        <ele>1157.0000</ele>
      </trkpt>
      <trkpt lat="-41.1882107" lon="-71.4398234">
        <ele>1157.0000</ele>
      </trkpt>
      <trkpt lat="-41.1881738" lon="-71.4398275">
        <ele>1157.0000</ele>
      </trkpt>
      <trkpt lat="-41.1881439" lon="-71.4398323">
        <ele>1157.0000</ele>
      </trkpt>
      <trkpt lat="-41.1881213" lon="-71.4398377">
        <ele>1156.0000</ele>
      </trkpt>
      <trkpt lat="-41.1879776" lon="-71.4398007">
        <ele>1155.0000</ele>
      </trkpt>
      <trkpt lat="-41.1879605" lon="-71.4398038">
        <ele>1155.0000</ele>
      </trkpt>
      <trkpt lat="-41.1879204" lon="-71.4398090">
        <ele>1155.0000</ele>
      </trkpt>
      <trkpt lat="-41.1878914" lon="-71.4398164">
        <ele>1155.0000</ele>
      </trkpt>
      <trkpt lat="-41.1878621" lon="-71.4398239">
        <ele>1155.0000</ele>
      </trkpt>
      <trkpt lat="-41.1878332" lon="-71.4398249">
        <ele>1154.0000</ele>
      </trkpt>
      <trkpt lat="-41.1878093" lon="-71.4398336">
        <ele>1154.0000</ele>
      </trkpt>
      <trkpt lat="-41.1877854" lon="-71.4398423">
        <ele>1154.0000</ele>
      </trkpt>
      <trkpt lat="-41.1877613" lon="-71.4398510">
        <ele>1154.0000</ele>
      </trkpt>
      <trkpt lat="-41.1877430" lon="-71.4398610">
        <ele>1154.0000</ele>
      </trkpt>
      <trkpt lat="-41.1877124" lon="-71.4398754">
        <ele>1153.0000</ele>
      </trkpt>
      <trkpt lat="-41.1876934" lon="-71.4398920">
        <ele>1153.0000</ele>
      </trkpt>
      <trkpt lat="-41.1876748" lon="-71.4399021">
        <ele>1153.0000</ele>
      </trkpt>
      <trkpt lat="-41.1876379" lon="-71.4399156">
        <ele>1153.0000</ele>
      </trkpt>
      <trkpt lat="-41.1876246" lon="-71.4399336">
        <ele>1153.0000</ele>
      </trkpt>
      <trkpt lat="-41.1875998" lon="-71.4399427">
        <ele>1153.0000</ele>
      </trkpt>
      <trkpt lat="-41.1875684" lon="-71.4399575">
        <ele>1153.0000</ele>
      </trkpt>
      <trkpt lat="-41.1875493" lon="-71.4399678">
        <ele>1153.0000</ele>
      </trkpt>
      <trkpt lat="-41.1875237" lon="-71.4399839">
        <ele>1153.0000</ele>
      </trkpt>
      <trkpt lat="-41.1874984" lon="-71.4399932">
        <ele>1152.0000</ele>
      </trkpt>
      <trkpt lat="-41.1874791" lon="-71.4400036">
        <ele>1152.0000</ele>
      </trkpt>
      <trkpt lat="-41.1874526" lon="-71.4400267">
        <ele>1152.0000</ele>
      </trkpt>
      <trkpt lat="-41.1874260" lon="-71.4400499">
        <ele>1152.0000</ele>
      </trkpt>
      <trkpt lat="-41.1873989" lon="-71.4400800">
        <ele>1152.0000</ele>
      </trkpt>
      <trkpt lat="-41.1873854" lon="-71.4400917">
        <ele>1152.0000</ele>
      </trkpt>
      <trkpt lat="-41.1873648" lon="-71.4401162">
        <ele>1151.0000</ele>
      </trkpt>
      <trkpt lat="-41.1873436" lon="-71.4401477">
        <ele>1151.0000</ele>
      </trkpt>
      <trkpt lat="-41.1873223" lon="-71.4401792">
        <ele>1151.0000</ele>
      </trkpt>
      <trkpt lat="-41.1873078" lon="-71.4402050">
        <ele>1151.0000</ele>
      </trkpt>
      <trkpt lat="-41.1872869" lon="-71.4402298">
        <ele>1151.0000</ele>
      </trkpt>
      <trkpt lat="-41.1872727" lon="-71.4402488">
        <ele>1151.0000</ele>
      </trkpt>
      <trkpt lat="-41.1872512" lon="-71.4402807">
        <ele>1151.0000</ele>
      </trkpt>
      <trkpt lat="-41.1872374" lon="-71.4402928">
        <ele>1151.0000</ele>
      </trkpt>
      <trkpt lat="-41.1872227" lon="-71.4403189">
        <ele>1151.0000</ele>
      </trkpt>
      <trkpt lat="-41.1871945" lon="-71.4403503">
        <ele>1151.0000</ele>
      </trkpt>
      <trkpt lat="-41.1871666" lon="-71.4403748">
        <ele>1151.0000</ele>
      </trkpt>
      <trkpt lat="-41.1871517" lon="-71.4404011">
        <ele>1151.0000</ele>
      </trkpt>
      <trkpt lat="-41.1871297" lon="-71.4404337">
        <ele>1151.0000</ele>
      </trkpt>
      <trkpt lat="-41.1871142" lon="-71.4404672">
        <ele>1151.0000</ele>
      </trkpt>
      <trkpt lat="-41.1870930" lon="-71.4404860">
        <ele>1151.0000</ele>
      </trkpt>
      <trkpt lat="-41.1870779" lon="-71.4405126">
        <ele>1151.0000</ele>
      </trkpt>
      <trkpt lat="-41.1870556" lon="-71.4405456">
        <ele>1151.0000</ele>
      </trkpt>
      <trkpt lat="-41.1870337" lon="-71.4405717">
        <ele>1151.0000</ele>
      </trkpt>
      <trkpt lat="-41.1870189" lon="-71.4405915">
        <ele>1151.0000</ele>
      </trkpt>
      <trkpt lat="-41.1869897" lon="-71.4406241">
        <ele>1151.0000</ele>
      </trkpt>
      <trkpt lat="-41.1869681" lon="-71.4406433">
        <ele>1151.0000</ele>
      </trkpt>
      <trkpt lat="-41.1869328" lon="-71.4406613">
        <ele>1151.0000</ele>
      </trkpt>
      <trkpt lat="-41.1869182" lon="-71.4406742">
        <ele>1151.0000</ele>
      </trkpt>
      <trkpt lat="-41.1868963" lon="-71.4406937">
        <ele>1151.0000</ele>
      </trkpt>
      <trkpt lat="-41.1868753" lon="-71.4406988">
        <ele>1151.0000</ele>
      </trkpt>
      <trkpt lat="-41.1868473" lon="-71.4407034">
        <ele>1151.0000</ele>
      </trkpt>
      <trkpt lat="-41.1868043" lon="-71.4407210">
        <ele>1151.0000</ele>
      </trkpt>
      <trkpt lat="-41.1867749" lon="-71.4407402">
        <ele>1151.0000</ele>
      </trkpt>
      <trkpt lat="-41.1867399" lon="-71.4407369">
        <ele>1150.0000</ele>
      </trkpt>
      <trkpt lat="-41.1867112" lon="-71.4407416">
        <ele>1150.0000</ele>
      </trkpt>
      <trkpt lat="-41.1866966" lon="-71.4407476">
        <ele>1150.0000</ele>
      </trkpt>
      <trkpt lat="-41.1866605" lon="-71.4407517">
        <ele>1150.0000</ele>
      </trkpt>
      <trkpt lat="-41.1866170" lon="-71.4407552">
        <ele>1150.0000</ele>
      </trkpt>
      <trkpt lat="-41.1865872" lon="-71.4407673">
        <ele>1150.0000</ele>
      </trkpt>
      <trkpt lat="-41.1865499" lon="-71.4407789">
        <ele>1150.0000</ele>
      </trkpt>
      <trkpt lat="-41.1865348" lon="-71.4407850">
        <ele>1150.0000</ele>
      </trkpt>
      <trkpt lat="-41.1864034" lon="-71.4407887">
        <ele>1150.0000</ele>
      </trkpt>
      <trkpt lat="-41.1863830" lon="-71.4407924">
        <ele>1150.0000</ele>
      </trkpt>
      <trkpt lat="-41.1863530" lon="-71.4407887">
        <ele>1150.0000</ele>
      </trkpt>
      <trkpt lat="-41.1863279" lon="-71.4407856">
        <ele>1150.0000</ele>
      </trkpt>
      <trkpt lat="-41.1863026" lon="-71.4407825">
        <ele>1150.0000</ele>
      </trkpt>
      <trkpt lat="-41.1862814" lon="-71.4407924">
        <ele>1150.0000</ele>
      </trkpt>
      <trkpt lat="-41.1862708" lon="-71.4407974">
        <ele>1150.0000</ele>
      </trkpt>
      <trkpt lat="-41.1862486" lon="-71.4408198">
        <ele>1151.0000</ele>
      </trkpt>
      <trkpt lat="-41.1862268" lon="-71.4408360">
        <ele>1151.0000</ele>
      </trkpt>
      <trkpt lat="-41.1862104" lon="-71.4408467">
        <ele>1151.0000</ele>
      </trkpt>
      <trkpt lat="-41.1861828" lon="-71.4408688">
        <ele>1151.0000</ele>
      </trkpt>
      <trkpt lat="-41.1861607" lon="-71.4408852">
        <ele>1152.0000</ele>
      </trkpt>
      <trkpt lat="-41.1861332" lon="-71.4409012">
        <ele>1152.0000</ele>
      </trkpt>
      <trkpt lat="-41.1861161" lon="-71.4409184">
        <ele>1152.0000</ele>
      </trkpt>
      <trkpt lat="-41.1860831" lon="-71.4409340">
        <ele>1152.0000</ele>
      </trkpt>
      <trkpt lat="-41.1860658" lon="-71.4409514">
        <ele>1151.0000</ele>
      </trkpt>
      <trkpt lat="-41.1860378" lon="-71.4409677">
        <ele>1151.0000</ele>
      </trkpt>
      <trkpt lat="-41.1860204" lon="-71.4409852">
        <ele>1151.0000</ele>
      </trkpt>
      <trkpt lat="-41.1860133" lon="-71.4410101">
        <ele>1151.0000</ele>
      </trkpt>
      <trkpt lat="-41.1859899" lon="-71.4410335">
        <ele>1151.0000</ele>
      </trkpt>
      <trkpt lat="-41.1859778" lon="-71.4410517">
        <ele>1151.0000</ele>
      </trkpt>
      <trkpt lat="-41.1859711" lon="-71.4410704">
        <ele>1151.0000</ele>
      </trkpt>
      <trkpt lat="-41.1859467" lon="-71.4411069">
        <ele>1151.0000</ele>
      </trkpt>
      <trkpt lat="-41.1859230" lon="-71.4411307">
        <ele>1151.0000</ele>
      </trkpt>
      <trkpt lat="-41.1859158" lon="-71.4411560">
        <ele>1151.0000</ele>
      </trkpt>
      <trkpt lat="-41.1858920" lon="-71.4411800">
        <ele>1151.0000</ele>
      </trkpt>
      <trkpt lat="-41.1858732" lon="-71.4412110">
        <ele>1151.0000</ele>
      </trkpt>
      <trkpt lat="-41.1858501" lon="-71.4412223">
        <ele>1151.0000</ele>
      </trkpt>
      <trkpt lat="-41.1858209" lon="-71.4412397">
        <ele>1151.0000</ele>
      </trkpt>
      <trkpt lat="-41.1858088" lon="-71.4412519">
        <ele>1151.0000</ele>
      </trkpt>
      <trkpt lat="-41.1857845" lon="-71.4412764">
        <ele>1151.0000</ele>
      </trkpt>
      <trkpt lat="-41.1857554" lon="-71.4412876">
        <ele>1151.0000</ele>
      </trkpt>
      <trkpt lat="-41.1857313" lon="-71.4413058">
        <ele>1151.0000</ele>
      </trkpt>
      <trkpt lat="-41.1857084" lon="-71.4413044">
        <ele>1151.0000</ele>
      </trkpt>
      <trkpt lat="-41.1856682" lon="-71.4413019">
        <ele>1151.0000</ele>
      </trkpt>
      <trkpt lat="-41.1856334" lon="-71.4412997">
        <ele>1151.0000</ele>
      </trkpt>
      <trkpt lat="-41.1856101" lon="-71.4412983">
        <ele>1151.0000</ele>
      </trkpt>
      <trkpt lat="-41.1855753" lon="-71.4412895">
        <ele>1151.0000</ele>
      </trkpt>
      <trkpt lat="-41.1855577" lon="-71.4412883">
        <ele>1150.0000</ele>
      </trkpt>
      <trkpt lat="-41.1855162" lon="-71.4412857">
        <ele>1150.0000</ele>
      </trkpt>
      <trkpt lat="-41.1854923" lon="-71.4412842">
        <ele>1150.0000</ele>
      </trkpt>
      <trkpt lat="-41.1854558" lon="-71.4412887">
        <ele>1150.0000</ele>
      </trkpt>
      <trkpt lat="-41.1854186" lon="-71.4413000">
        <ele>1149.0000</ele>
      </trkpt>
      <trkpt lat="-41.1853881" lon="-71.4412981">
        <ele>1149.0000</ele>
      </trkpt>
      <trkpt lat="-41.1853575" lon="-71.4412963">
        <ele>1149.0000</ele>
      </trkpt>
      <trkpt lat="-41.1853257" lon="-71.4413080">
        <ele>1149.0000</ele>
      </trkpt>
      <trkpt lat="-41.1853000" lon="-71.4413202">
        <ele>1149.0000</ele>
      </trkpt>
      <trkpt lat="-41.1852679" lon="-71.4413321">
        <ele>1149.0000</ele>
      </trkpt>
      <trkpt lat="-41.1852424" lon="-71.4413375">
        <ele>1148.0000</ele>
      </trkpt>
      <trkpt lat="-41.1852099" lon="-71.4413495">
        <ele>1148.0000</ele>
      </trkpt>
      <trkpt lat="-41.1851832" lon="-71.4413689">
        <ele>1148.0000</ele>
      </trkpt>
      <trkpt lat="-41.1851444" lon="-71.4413738">
        <ele>1148.0000</ele>
      </trkpt>
      <trkpt lat="-41.1851187" lon="-71.4413725">
        <ele>1148.0000</ele>
      </trkpt>
      <trkpt lat="-41.1850865" lon="-71.4413708">
        <ele>1147.0000</ele>
      </trkpt>
      <trkpt lat="-41.1850540" lon="-71.4413691">
        <ele>1147.0000</ele>
      </trkpt>
      <trkpt lat="-41.1850218" lon="-71.4413604">
        <ele>1146.0000</ele>
      </trkpt>
      <trkpt lat="-41.1849889" lon="-71.4413587">
        <ele>1146.0000</ele>
      </trkpt>
      <trkpt lat="-41.1849553" lon="-71.4413640">
        <ele>1146.0000</ele>
      </trkpt>
      <trkpt lat="-41.1849144" lon="-71.4413761">
        <ele>1147.0000</ele>
      </trkpt>
      <trkpt lat="-41.1848928" lon="-71.4413963">
        <ele>1147.0000</ele>
      </trkpt>
      <trkpt lat="-41.1848582" lon="-71.4414089">
        <ele>1147.0000</ele>
      </trkpt>
      <trkpt lat="-41.1848311" lon="-71.4414077">
        <ele>1147.0000</ele>
      </trkpt>
      <trkpt lat="-41.1848028" lon="-71.4414207">
        <ele>1148.0000</ele>
      </trkpt>
      <trkpt lat="-41.1847686" lon="-71.4414191">
        <ele>1148.0000</ele>
      </trkpt>
      <trkpt lat="-41.1847405" lon="-71.4414251">
        <ele>1148.0000</ele>
      </trkpt>
      <trkpt lat="-41.1847197" lon="-71.4414241">
        <ele>1148.0000</ele>
      </trkpt>
      <trkpt lat="-41.1846845" lon="-71.4414298">
        <ele>1148.0000</ele>
      </trkpt>
      <trkpt lat="-41.1846560" lon="-71.4414358">
        <ele>1148.0000</ele>
      </trkpt>
      <trkpt lat="-41.1846273" lon="-71.4414418">
        <ele>1148.0000</ele>
      </trkpt>
      <trkpt lat="-41.1845990" lon="-71.4414406">
        <ele>1148.0000</ele>
      </trkpt>
      <trkpt lat="-41.1845563" lon="-71.4414388">
        <ele>1148.0000</ele>
      </trkpt>
      <trkpt lat="-41.1845276" lon="-71.4414375">
        <ele>1148.0000</ele>
      </trkpt>
      <trkpt lat="-41.1844983" lon="-71.4414436">
        <ele>1148.0000</ele>
      </trkpt>
      <trkpt lat="-41.1844694" lon="-71.4414424">
        <ele>1148.0000</ele>
      </trkpt>
      <trkpt lat="-41.1844470" lon="-71.4414489">
        <ele>1148.0000</ele>
      </trkpt>
      <trkpt lat="-41.1844094" lon="-71.4414622">
        <ele>1148.0000</ele>
      </trkpt>
      <trkpt lat="-41.1843800" lon="-71.4414610">
        <ele>1148.0000</ele>
      </trkpt>
      <trkpt lat="-41.1843425" lon="-71.4414669">
        <ele>1148.0000</ele>
      </trkpt>
      <trkpt lat="-41.1843122" lon="-71.4414732">
        <ele>1148.0000</ele>
      </trkpt>
      <trkpt lat="-41.1842742" lon="-71.4414793">
        <ele>1148.0000</ele>
      </trkpt>
      <trkpt lat="-41.1842430" lon="-71.4414932">
        <ele>1148.0000</ele>
      </trkpt>
      <trkpt lat="-41.1842041" lon="-71.4415069">
        <ele>1148.0000</ele>
      </trkpt>
      <trkpt lat="-41.1841796" lon="-71.4415287">
        <ele>1149.0000</ele>
      </trkpt>
      <trkpt lat="-41.1841556" lon="-71.4415431">
        <ele>1149.0000</ele>
      </trkpt>
      <trkpt lat="-41.1841078" lon="-71.4415645">
        <ele>1149.0000</ele>
      </trkpt>
      <trkpt lat="-41.1840684" lon="-71.4415709">
        <ele>1149.0000</ele>
      </trkpt>
      <trkpt lat="-41.1839764" lon="-71.4415054">
        <ele>1148.0000</ele>
      </trkpt>
      <trkpt lat="-41.1839414" lon="-71.4414924">
        <ele>1148.0000</ele>
      </trkpt>
      <trkpt lat="-41.1839009" lon="-71.4414793">
        <ele>1148.0000</ele>
      </trkpt>
      <trkpt lat="-41.1838810" lon="-71.4414665">
        <ele>1148.0000</ele>
      </trkpt>
      <trkpt lat="-41.1838501" lon="-71.4414597">
        <ele>1147.0000</ele>
      </trkpt>
      <trkpt lat="-41.1838247" lon="-71.4414466">
        <ele>1147.0000</ele>
      </trkpt>
      <trkpt lat="-41.1838040" lon="-71.4414399">
        <ele>1147.0000</ele>
      </trkpt>
      <trkpt lat="-41.1837778" lon="-71.4414330">
        <ele>1147.0000</ele>
      </trkpt>
      <trkpt lat="-41.1837676" lon="-71.4414265">
        <ele>1147.0000</ele>
      </trkpt>
      <trkpt lat="-41.1837359" lon="-71.4414194">
        <ele>1146.0000</ele>
      </trkpt>
      <trkpt lat="-41.1837090" lon="-71.4414188">
        <ele>1146.0000</ele>
      </trkpt>
      <trkpt lat="-41.1836882" lon="-71.4414055">
        <ele>1146.0000</ele>
      </trkpt>
      <trkpt lat="-41.1836732" lon="-71.4413860">
        <ele>1146.0000</ele>
      </trkpt>
      <trkpt lat="-41.1836467" lon="-71.4413725">
        <ele>1145.0000</ele>
      </trkpt>
      <trkpt lat="-41.1836316" lon="-71.4413528">
        <ele>1145.0000</ele>
      </trkpt>
      <trkpt lat="-41.1836049" lon="-71.4413391">
        <ele>1145.0000</ele>
      </trkpt>
      <trkpt lat="-41.1835896" lon="-71.4413192">
        <ele>1144.0000</ele>
      </trkpt>
      <trkpt lat="-41.1835683" lon="-71.4413056">
        <ele>1144.0000</ele>
      </trkpt>
      <trkpt lat="-41.1835580" lon="-71.4412923">
        <ele>1144.0000</ele>
      </trkpt>
      <trkpt lat="-41.1835309" lon="-71.4412783">
        <ele>1143.0000</ele>
      </trkpt>
      <trkpt lat="-41.1835102" lon="-71.4412515">
        <ele>1143.0000</ele>
      </trkpt>
      <trkpt lat="-41.1834833" lon="-71.4412308">
        <ele>1142.0000</ele>
      </trkpt>
      <trkpt lat="-41.1834605" lon="-71.4412298">
        <ele>1142.0000</ele>
      </trkpt>
      <trkpt lat="-41.1834443" lon="-71.4412160">
        <ele>1142.0000</ele>
      </trkpt>
      <trkpt lat="-41.1834161" lon="-71.4412082">
        <ele>1141.0000</ele>
      </trkpt>
      <trkpt lat="-41.1833935" lon="-71.4412007">
        <ele>1141.0000</ele>
      </trkpt>
      <trkpt lat="-41.1833592" lon="-71.4411925">
        <ele>1141.0000</ele>
      </trkpt>
      <trkpt lat="-41.1833300" lon="-71.4411912">
        <ele>1141.0000</ele>
      </trkpt>
      <trkpt lat="-41.1832948" lon="-71.4411896">
        <ele>1141.0000</ele>
      </trkpt>
      <trkpt lat="-41.1832771" lon="-71.4411888">
        <ele>1140.0000</ele>
      </trkpt>
      <trkpt lat="-41.1832355" lon="-71.4411869">
        <ele>1140.0000</ele>
      </trkpt>
      <trkpt lat="-41.1832065" lon="-71.4411722">
        <ele>1140.0000</ele>
      </trkpt>
      <trkpt lat="-41.1831764" lon="-71.4411708">
        <ele>1140.0000</ele>
      </trkpt>
      <trkpt lat="-41.1831462" lon="-71.4411694">
        <ele>1140.0000</ele>
      </trkpt>
      <trkpt lat="-41.1831096" lon="-71.4411677">
        <ele>1140.0000</ele>
      </trkpt>
      <trkpt lat="-41.1830790" lon="-71.4411662">
        <ele>1139.0000</ele>
      </trkpt>
      <trkpt lat="-41.1830543" lon="-71.4411651">
        <ele>1139.0000</ele>
      </trkpt>
      <trkpt lat="-41.1830233" lon="-71.4411637">
        <ele>1139.0000</ele>
      </trkpt>
      <trkpt lat="-41.1829921" lon="-71.4411622">
        <ele>1139.0000</ele>
      </trkpt>
      <trkpt lat="-41.1829607" lon="-71.4411607">
        <ele>1139.0000</ele>
      </trkpt>
      <trkpt lat="-41.1829355" lon="-71.4411596">
        <ele>1139.0000</ele>
      </trkpt>
      <trkpt lat="-41.1828910" lon="-71.4411575">
        <ele>1139.0000</ele>
      </trkpt>
      <trkpt lat="-41.1828728" lon="-71.4411428">
        <ele>1139.0000</ele>
      </trkpt>
      <trkpt lat="-41.1828411" lon="-71.4411343">
        <ele>1139.0000</ele>
      </trkpt>
      <trkpt lat="-41.1828158" lon="-71.4411260">
        <ele>1139.0000</ele>
      </trkpt>
      <trkpt lat="-41.1827903" lon="-71.4411178">
        <ele>1139.0000</ele>
      </trkpt>
      <trkpt lat="-41.1827651" lon="-71.4411025">
        <ele>1138.0000</ele>
      </trkpt>
      <trkpt lat="-41.1827342" lon="-71.4410727">
        <ele>1138.0000</ele>
      </trkpt>
      <trkpt lat="-41.1827083" lon="-71.4410642">
        <ele>1138.0000</ele>
      </trkpt>
      <trkpt lat="-41.1826838" lon="-71.4410346">
        <ele>1137.0000</ele>
      </trkpt>
      <trkpt lat="-41.1826586" lon="-71.4410118">
        <ele>1137.0000</ele>
      </trkpt>
      <trkpt lat="-41.1826332" lon="-71.4409889">
        <ele>1136.0000</ele>
      </trkpt>
      <trkpt lat="-41.1826078" lon="-71.4409659">
        <ele>1136.0000</ele>
      </trkpt>
      <trkpt lat="-41.1825822" lon="-71.4409428">
        <ele>1136.0000</ele>
      </trkpt>
      <trkpt lat="-41.1825565" lon="-71.4409196">
        <ele>1135.0000</ele>
      </trkpt>
      <trkpt lat="-41.1825438" lon="-71.4409044">
        <ele>1135.0000</ele>
      </trkpt>
      <trkpt lat="-41.1825316" lon="-71.4408820">
        <ele>1134.0000</ele>
      </trkpt>
      <trkpt lat="-41.1825057" lon="-71.4408585">
        <ele>1134.0000</ele>
      </trkpt>
      <trkpt lat="-41.1824795" lon="-71.4408348">
        <ele>1134.0000</ele>
      </trkpt>
      <trkpt lat="-41.1824528" lon="-71.4408183">
        <ele>1133.0000</ele>
      </trkpt>
      <trkpt lat="-41.1824414" lon="-71.4407811">
        <ele>1133.0000</ele>
      </trkpt>
      <trkpt lat="-41.1824144" lon="-71.4407644">
        <ele>1133.0000</ele>
      </trkpt>
      <trkpt lat="-41.1824019" lon="-71.4407415">
        <ele>1133.0000</ele>
      </trkpt>
      <trkpt lat="-41.1823823" lon="-71.4407179">
        <ele>1132.0000</ele>
      </trkpt>
      <trkpt lat="-41.1823561" lon="-71.4406863">
        <ele>1132.0000</ele>
      </trkpt>
      <trkpt lat="-41.1823434" lon="-71.4406632">
        <ele>1132.0000</ele>
      </trkpt>
      <trkpt lat="-41.1823031" lon="-71.4406227">
        <ele>1131.0000</ele>
      </trkpt>
      <trkpt lat="-41.1821864" lon="-71.4405765">
        <ele>1131.0000</ele>
      </trkpt>
      <trkpt lat="-41.1821584" lon="-71.4405673">
        <ele>1130.0000</ele>
      </trkpt>
      <trkpt lat="-41.1821239" lon="-71.4405640">
        <ele>1130.0000</ele>
      </trkpt>
      <trkpt lat="-41.1820951" lon="-71.4405613">
        <ele>1130.0000</ele>
      </trkpt>
      <trkpt lat="-41.1820670" lon="-71.4405454">
        <ele>1130.0000</ele>
      </trkpt>
      <trkpt lat="-41.1820378" lon="-71.4405426">
        <ele>1130.0000</ele>
      </trkpt>
      <trkpt lat="-41.1820143" lon="-71.4405404">
        <ele>1130.0000</ele>
      </trkpt>
      <trkpt lat="-41.1819843" lon="-71.4405443">
        <ele>1129.0000</ele>
      </trkpt>
      <trkpt lat="-41.1819546" lon="-71.4405415">
        <ele>1129.0000</ele>
      </trkpt>
      <trkpt lat="-41.1819367" lon="-71.4405398">
        <ele>1129.0000</ele>
      </trkpt>
      <trkpt lat="-41.1819063" lon="-71.4405437">
        <ele>1129.0000</ele>
      </trkpt>
      <trkpt lat="-41.1818873" lon="-71.4405554">
        <ele>1128.0000</ele>
      </trkpt>
      <trkpt lat="-41.1818626" lon="-71.4405600">
        <ele>1128.0000</ele>
      </trkpt>
      <trkpt lat="-41.1818378" lon="-71.4405645">
        <ele>1128.0000</ele>
      </trkpt>
      <trkpt lat="-41.1818129" lon="-71.4405691">
        <ele>1127.0000</ele>
      </trkpt>
      <trkpt lat="-41.1817813" lon="-71.4405799">
        <ele>1127.0000</ele>
      </trkpt>
      <trkpt lat="-41.1817557" lon="-71.4405913">
        <ele>1127.0000</ele>
      </trkpt>
      <trkpt lat="-41.1817304" lon="-71.4405960">
        <ele>1126.0000</ele>
      </trkpt>
      <trkpt lat="-41.1817040" lon="-71.4406144">
        <ele>1126.0000</ele>
      </trkpt>
      <trkpt lat="-41.1816770" lon="-71.4406398">
        <ele>1126.0000</ele>
      </trkpt>
      <trkpt lat="-41.1816504" lon="-71.4406584">
        <ele>1126.0000</ele>
      </trkpt>
      <trkpt lat="-41.1816363" lon="-71.4406780">
        <ele>1126.0000</ele>
      </trkpt>
      <trkpt lat="-41.1816149" lon="-71.4407111">
        <ele>1126.0000</ele>
      </trkpt>
      <trkpt lat="-41.1815880" lon="-71.4407300">
        <ele>1126.0000</ele>
      </trkpt>
      <trkpt lat="-41.1815797" lon="-71.4407572">
        <ele>1126.0000</ele>
      </trkpt>
      <trkpt lat="-41.1815581" lon="-71.4407906">
        <ele>1126.0000</ele>
      </trkpt>
      <trkpt lat="-41.1815443" lon="-71.4408037">
        <ele>1126.0000</ele>
      </trkpt>
      <trkpt lat="-41.1815166" lon="-71.4408298">
        <ele>1126.0000</ele>
      </trkpt>
      <trkpt lat="-41.1814961" lon="-71.4408426">
        <ele>1126.0000</ele>
      </trkpt>
      <trkpt lat="-41.1814696" lon="-71.4408480">
        <ele>1126.0000</ele>
      </trkpt>
      <trkpt lat="-41.1814495" lon="-71.4408538">
        <ele>1125.0000</ele>
      </trkpt>
      <trkpt lat="-41.1814227" lon="-71.4408593">
        <ele>1125.0000</ele>
      </trkpt>
      <trkpt lat="-41.1813886" lon="-71.4408714">
        <ele>1125.0000</ele>
      </trkpt>
      <trkpt lat="-41.1813620" lon="-71.4408699">
        <ele>1124.0000</ele>
      </trkpt>
      <trkpt lat="-41.1813218" lon="-71.4408676">
        <ele>1124.0000</ele>
      </trkpt>
      <trkpt lat="-41.1812949" lon="-71.4408660">
        <ele>1124.0000</ele>
      </trkpt>
      <trkpt lat="-41.1812615" lon="-71.4408569">
        <ele>1124.0000</ele>
      </trkpt>
      <trkpt lat="-41.1812137" lon="-71.4408541">
        <ele>1123.0000</ele>
      </trkpt>
      <trkpt lat="-41.1811862" lon="-71.4408525">
        <ele>1123.0000</ele>
      </trkpt>
      <trkpt lat="-41.1811595" lon="-71.4408365">
        <ele>1123.0000</ele>
      </trkpt>
      <trkpt lat="-41.1811402" lon="-71.4408135">
        <ele>1122.0000</ele>
      </trkpt>
      <trkpt lat="-41.1811282" lon="-71.4407837">
        <ele>1122.0000</ele>
      </trkpt>
      <trkpt lat="-41.1811302" lon="-71.4407548">
        <ele>1121.0000</ele>
      </trkpt>
      <trkpt lat="-41.1811043" lon="-71.4407239">
        <ele>1121.0000</ele>
      </trkpt>
      <trkpt lat="-41.1810852" lon="-71.4406934">
        <ele>1120.0000</ele>
      </trkpt>
      <trkpt lat="-41.1810736" lon="-71.4406560">
        <ele>1120.0000</ele>
      </trkpt>
      <trkpt lat="-41.1810539" lon="-71.4406325">
        <ele>1119.0000</ele>
      </trkpt>
      <trkpt lat="-41.1810417" lon="-71.4406022">
        <ele>1119.0000</ele>
      </trkpt>
      <trkpt lat="-41.1810143" lon="-71.4405853">
        <ele>1119.0000</ele>
      </trkpt>
      <trkpt lat="-41.1809872" lon="-71.4405610">
        <ele>1118.0000</ele>
      </trkpt>
      <trkpt lat="-41.1809667" lon="-71.4405444">
        <ele>1118.0000</ele>
      </trkpt>
      <trkpt lat="-41.1809451" lon="-71.4405426">
        <ele>1118.0000</ele>
      </trkpt>
      <trkpt lat="-41.1809084" lon="-71.4405469">
        <ele>1118.0000</ele>
      </trkpt>
      <trkpt lat="-41.1808777" lon="-71.4405666">
        <ele>1118.0000</ele>
      </trkpt>
      <trkpt lat="-41.1808610" lon="-71.4405951">
        <ele>1118.0000</ele>
      </trkpt>
      <trkpt lat="-41.1808443" lon="-71.4406236">
        <ele>1118.0000</ele>
      </trkpt>
      <trkpt lat="-41.1808270" lon="-71.4406597">
        <ele>1119.0000</ele>
      </trkpt>
      <trkpt lat="-41.1808171" lon="-71.4406964">
        <ele>1119.0000</ele>
      </trkpt>
      <trkpt lat="-41.1807998" lon="-71.4407326">
        <ele>1120.0000</ele>
      </trkpt>
      <trkpt lat="-41.1807829" lon="-71.4407614">
        <ele>1120.0000</ele>
      </trkpt>
      <trkpt lat="-41.1807655" lon="-71.4407978">
        <ele>1120.0000</ele>
      </trkpt>
      <trkpt lat="-41.1807485" lon="-71.4408269">
        <ele>1120.0000</ele>
      </trkpt>
      <trkpt lat="-41.1807230" lon="-71.4408705">
        <ele>1121.0000</ele>
      </trkpt>
      <trkpt lat="-41.1807134" lon="-71.4409001">
        <ele>1121.0000</ele>
      </trkpt>
      <trkpt lat="-41.1806721" lon="-71.4409509">
        <ele>1121.0000</ele>
      </trkpt>
      <trkpt lat="-41.1806473" lon="-71.4409800">
        <ele>1122.0000</ele>
      </trkpt>
      <trkpt lat="-41.1806295" lon="-71.4410171">
        <ele>1122.0000</ele>
      </trkpt>
      <trkpt lat="-41.1805964" lon="-71.4410537">
        <ele>1122.0000</ele>
      </trkpt>
      <trkpt lat="-41.1805713" lon="-71.4410832">
        <ele>1122.0000</ele>
      </trkpt>
      <trkpt lat="-41.1805460" lon="-71.4411128">
        <ele>1123.0000</ele>
      </trkpt>
      <trkpt lat="-41.1805052" lon="-71.4411421">
        <ele>1123.0000</ele>
      </trkpt>
      <trkpt lat="-41.1804886" lon="-71.4411569">
        <ele>1123.0000</ele>
      </trkpt>
      <trkpt lat="-41.1804394" lon="-71.4411863">
        <ele>1124.0000</ele>
      </trkpt>
      <trkpt lat="-41.1804063" lon="-71.4412085">
        <ele>1124.0000</ele>
      </trkpt>
      <trkpt lat="-41.1803978" lon="-71.4412161">
        <ele>1124.0000</ele>
      </trkpt>
      <trkpt lat="-41.1803328" lon="-71.4412871">
        <ele>1125.0000</ele>
      </trkpt>
      <trkpt lat="-41.1803081" lon="-71.4413079">
        <ele>1126.0000</ele>
      </trkpt>
      <trkpt lat="-41.1802888" lon="-71.4413175">
        <ele>1126.0000</ele>
      </trkpt>
      <trkpt lat="-41.1802686" lon="-71.4413390">
        <ele>1127.0000</ele>
      </trkpt>
      <trkpt lat="-41.1802491" lon="-71.4413488">
        <ele>1127.0000</ele>
      </trkpt>
      <trkpt lat="-41.1802346" lon="-71.4413531">
        <ele>1127.0000</ele>
      </trkpt>
      <trkpt lat="-41.1802193" lon="-71.4413694">
        <ele>1127.0000</ele>
      </trkpt>
      <trkpt lat="-41.1802043" lon="-71.4413798">
        <ele>1127.0000</ele>
      </trkpt>
      <trkpt lat="-41.1801794" lon="-71.4413951">
        <ele>1127.0000</ele>
      </trkpt>
      <trkpt lat="-41.1801548" lon="-71.4414046">
        <ele>1127.0000</ele>
      </trkpt>
      <trkpt lat="-41.1801296" lon="-71.4414201">
        <ele>1128.0000</ele>
      </trkpt>
      <trkpt lat="-41.1801095" lon="-71.4414302">
        <ele>1128.0000</ele>
      </trkpt>
      <trkpt lat="-41.1800841" lon="-71.4414458">
        <ele>1128.0000</ele>
      </trkpt>
      <trkpt lat="-41.1800646" lon="-71.4414439">
        <ele>1128.0000</ele>
      </trkpt>
      <trkpt lat="-41.1800394" lon="-71.4414536">
        <ele>1128.0000</ele>
      </trkpt>
      <trkpt lat="-41.1800140" lon="-71.4414633">
        <ele>1129.0000</ele>
      </trkpt>
      <trkpt lat="-41.1799942" lon="-71.4414614">
        <ele>1128.0000</ele>
      </trkpt>
      <trkpt lat="-41.1799736" lon="-71.4414717">
        <ele>1128.0000</ele>
      </trkpt>
      <trkpt lat="-41.1799428" lon="-71.4414811">
        <ele>1128.0000</ele>
      </trkpt>
      <trkpt lat="-41.1799173" lon="-71.4414849">
        <ele>1127.0000</ele>
      </trkpt>
      <trkpt lat="-41.1798912" lon="-71.4414949">
        <ele>1127.0000</ele>
      </trkpt>
      <trkpt lat="-41.1798697" lon="-71.4415116">
        <ele>1127.0000</ele>
      </trkpt>
      <trkpt lat="-41.1798480" lon="-71.4415283">
        <ele>1127.0000</ele>
      </trkpt>
      <trkpt lat="-41.1798369" lon="-71.4415398">
        <ele>1127.0000</ele>
      </trkpt>
      <trkpt lat="-41.1798199" lon="-71.4415633">
        <ele>1127.0000</ele>
      </trkpt>
      <trkpt lat="-41.1797976" lon="-71.4415865">
        <ele>1127.0000</ele>
      </trkpt>
      <trkpt lat="-41.1797860" lon="-71.4416043">
        <ele>1126.0000</ele>
      </trkpt>
      <trkpt lat="-41.1797635" lon="-71.4416277">
        <ele>1126.0000</ele>
      </trkpt>
      <trkpt lat="-41.1797418" lon="-71.4416386">
        <ele>1126.0000</ele>
      </trkpt>
      <trkpt lat="-41.1797249" lon="-71.4416562">
        <ele>1125.0000</ele>
      </trkpt>
      <trkpt lat="-41.1796969" lon="-71.4416795">
        <ele>1125.0000</ele>
      </trkpt>
      <trkpt lat="-41.1796749" lon="-71.4416906">
        <ele>1125.0000</ele>
      </trkpt>
      <trkpt lat="-41.1796475" lon="-71.4417014">
        <ele>1125.0000</ele>
      </trkpt>
      <trkpt lat="-41.1796257" lon="-71.4417062">
        <ele>1124.0000</ele>
      </trkpt>
      <trkpt lat="-41.1795935" lon="-71.4417041">
        <ele>1124.0000</ele>
      </trkpt>
      <trkpt lat="-41.1795773" lon="-71.4417030">
        <ele>1123.0000</ele>
      </trkpt>
      <trkpt lat="-41.1795452" lon="-71.4416944">
        <ele>1122.0000</ele>
      </trkpt>
      <trkpt lat="-41.1795125" lon="-71.4416922">
        <ele>1121.0000</ele>
      </trkpt>
      <trkpt lat="-41.1794859" lon="-71.4416775">
        <ele>1121.0000</ele>
      </trkpt>
      <trkpt lat="-41.1794583" lon="-71.4416755">
        <ele>1120.0000</ele>
      </trkpt>
      <trkpt lat="-41.1794360" lon="-71.4416740">
        <ele>1120.0000</ele>
      </trkpt>
      <trkpt lat="-41.1794081" lon="-71.4416721">
        <ele>1119.0000</ele>
      </trkpt>
      <trkpt lat="-41.1793800" lon="-71.4416701">
        <ele>1119.0000</ele>
      </trkpt>
      <trkpt lat="-41.1793461" lon="-71.4416678">
        <ele>1119.0000</ele>
      </trkpt>
      <trkpt lat="-41.1793063" lon="-71.4416650">
        <ele>1119.0000</ele>
      </trkpt>
      <trkpt lat="-41.1792776" lon="-71.4416630">
        <ele>1119.0000</ele>
      </trkpt>
      <trkpt lat="-41.1792608" lon="-71.4416552">
        <ele>1119.0000</ele>
      </trkpt>
      <trkpt lat="-41.1792260" lon="-71.4416528">
        <ele>1118.0000</ele>
      </trkpt>
      <trkpt lat="-41.1791978" lon="-71.4416375">
        <ele>1118.0000</ele>
      </trkpt>
      <trkpt lat="-41.1791811" lon="-71.4416230">
        <ele>1118.0000</ele>
      </trkpt>
      <trkpt lat="-41.1791403" lon="-71.4416133">
        <ele>1118.0000</ele>
      </trkpt>
      <trkpt lat="-41.1791166" lon="-71.4416116">
        <ele>1118.0000</ele>
      </trkpt>
      <trkpt lat="-41.1790873" lon="-71.4416027">
        <ele>1118.0000</ele>
      </trkpt>
      <trkpt lat="-41.1790637" lon="-71.4415942">
        <ele>1118.0000</ele>
      </trkpt>
      <trkpt lat="-41.1790341" lon="-71.4415852">
        <ele>1118.0000</ele>
      </trkpt>
      <trkpt lat="-41.1789986" lon="-71.4415690">
        <ele>1118.0000</ele>
      </trkpt>
      <trkpt lat="-41.1789742" lon="-71.4415671">
        <ele>1118.0000</ele>
      </trkpt>
      <trkpt lat="-41.1789435" lon="-71.4415647">
        <ele>1118.0000</ele>
      </trkpt>
      <trkpt lat="-41.1789003" lon="-71.4415614">
        <ele>1118.0000</ele>
      </trkpt>
      <trkpt lat="-41.1788754" lon="-71.4415595">
        <ele>1118.0000</ele>
      </trkpt>
      <trkpt lat="-41.1788374" lon="-71.4415635">
        <ele>1118.0000</ele>
      </trkpt>
      <trkpt lat="-41.1788049" lon="-71.4415749">
        <ele>1118.0000</ele>
      </trkpt>
      <trkpt lat="-41.1787923" lon="-71.4415739">
        <ele>1118.0000</ele>
      </trkpt>
      <trkpt lat="-41.1786460" lon="-71.4415595">
        <ele>1117.0000</ele>
      </trkpt>
      <trkpt lat="-41.1786293" lon="-71.4415648">
        <ele>1117.0000</ele>
      </trkpt>
      <trkpt lat="-41.1786070" lon="-71.4415696">
        <ele>1117.0000</ele>
      </trkpt>
      <trkpt lat="-41.1785847" lon="-71.4415745">
        <ele>1117.0000</ele>
      </trkpt>
      <trkpt lat="-41.1785563" lon="-71.4415855">
        <ele>1117.0000</ele>
      </trkpt>
      <trkpt lat="-41.1785278" lon="-71.4415965">
        <ele>1117.0000</ele>
      </trkpt>
      <trkpt lat="-41.1784888" lon="-71.4415940">
        <ele>1117.0000</ele>
      </trkpt>
      <trkpt lat="-41.1784542" lon="-71.4416048">
        <ele>1116.0000</ele>
      </trkpt>
      <trkpt lat="-41.1784307" lon="-71.4416163">
        <ele>1117.0000</ele>
      </trkpt>
      <trkpt lat="-41.1784015" lon="-71.4416276">
        <ele>1116.0000</ele>
      </trkpt>
      <trkpt lat="-41.1783672" lon="-71.4416255">
        <ele>1116.0000</ele>
      </trkpt>
      <trkpt lat="-41.1783318" lon="-71.4416365">
        <ele>1116.0000</ele>
      </trkpt>
      <trkpt lat="-41.1782786" lon="-71.4416466">
        <ele>1117.0000</ele>
      </trkpt>
      <trkpt lat="-41.1782484" lon="-71.4416581">
        <ele>1117.0000</ele>
      </trkpt>
      <trkpt lat="-41.1782240" lon="-71.4416700">
        <ele>1117.0000</ele>
      </trkpt>
      <trkpt lat="-41.1781939" lon="-71.4416750">
        <ele>1117.0000</ele>
      </trkpt>
      <trkpt lat="-41.1781637" lon="-71.4416801">
        <ele>1117.0000</ele>
      </trkpt>
      <trkpt lat="-41.1781444" lon="-71.4416992">
        <ele>1117.0000</ele>
      </trkpt>
      <trkpt lat="-41.1781139" lon="-71.4417043">
        <ele>1117.0000</ele>
      </trkpt>
      <trkpt lat="-41.1780892" lon="-71.4417098">
        <ele>1118.0000</ele>
      </trkpt>
      <trkpt lat="-41.1780584" lon="-71.4417150">
        <ele>1118.0000</ele>
      </trkpt>
      <trkpt lat="-41.1780457" lon="-71.4417211">
        <ele>1118.0000</ele>
      </trkpt>
      <trkpt lat="-41.1780018" lon="-71.4417325">
        <ele>1117.0000</ele>
      </trkpt>
      <trkpt lat="-41.1779766" lon="-71.4417381">
        <ele>1117.0000</ele>
      </trkpt>
      <trkpt lat="-41.1779575" lon="-71.4417441">
        <ele>1117.0000</ele>
      </trkpt>
      <trkpt lat="-41.1779201" lon="-71.4417423">
        <ele>1117.0000</ele>
      </trkpt>
      <trkpt lat="-41.1778945" lon="-71.4417479">
        <ele>1117.0000</ele>
      </trkpt>
      <trkpt lat="-41.1778751" lon="-71.4417539">
        <ele>1117.0000</ele>
      </trkpt>
      <trkpt lat="-41.1778425" lon="-71.4417662">
        <ele>1117.0000</ele>
      </trkpt>
      <trkpt lat="-41.1778229" lon="-71.4417723">
        <ele>1117.0000</ele>
      </trkpt>
      <trkpt lat="-41.1778096" lon="-71.4417787">
        <ele>1117.0000</ele>
      </trkpt>
      <trkpt lat="-41.1777637" lon="-71.4417906">
        <ele>1116.0000</ele>
      </trkpt>
      <trkpt lat="-41.1777369" lon="-71.4418034">
        <ele>1116.0000</ele>
      </trkpt>
      <trkpt lat="-41.1777038" lon="-71.4418091">
        <ele>1116.0000</ele>
      </trkpt>
      <trkpt lat="-41.1776837" lon="-71.4418153">
        <ele>1116.0000</ele>
      </trkpt>
      <trkpt lat="-41.1776438" lon="-71.4418208">
        <ele>1115.0000</ele>
      </trkpt>
      <trkpt lat="-41.1776164" lon="-71.4418338">
        <ele>1115.0000</ele>
      </trkpt>
      <trkpt lat="-41.1775749" lon="-71.4418535">
        <ele>1115.0000</ele>
      </trkpt>
      <trkpt lat="-41.1775269" lon="-71.4418661">
        <ele>1114.0000</ele>
      </trkpt>
      <trkpt lat="-41.1774994" lon="-71.4418723">
        <ele>1114.0000</ele>
      </trkpt>
      <trkpt lat="-41.1774575" lon="-71.4418852">
        <ele>1114.0000</ele>
      </trkpt>
      <trkpt lat="-41.1774218" lon="-71.4419056">
        <ele>1114.0000</ele>
      </trkpt>
      <trkpt lat="-41.1773937" lon="-71.4419120">
        <ele>1114.0000</ele>
      </trkpt>
      <trkpt lat="-41.1773510" lon="-71.4419252">
        <ele>1114.0000</ele>
      </trkpt>
      <trkpt lat="-41.1773226" lon="-71.4419316">
        <ele>1114.0000</ele>
      </trkpt>
      <trkpt lat="-41.1772869" lon="-71.4419379">
        <ele>1114.0000</ele>
      </trkpt>
      <trkpt lat="-41.1772434" lon="-71.4419514">
        <ele>1115.0000</ele>
      </trkpt>
      <trkpt lat="-41.1772216" lon="-71.4419581">
        <ele>1115.0000</ele>
      </trkpt>
      <trkpt lat="-41.1770512" lon="-71.4419687">
        <ele>1114.0000</ele>
      </trkpt>
      <trkpt lat="-41.1770250" lon="-71.4419718">
        <ele>1114.0000</ele>
      </trkpt>
      <trkpt lat="-41.1769835" lon="-71.4419668">
        <ele>1113.0000</ele>
      </trkpt>
      <trkpt lat="-41.1769622" lon="-71.4419706">
        <ele>1113.0000</ele>
      </trkpt>
      <trkpt lat="-41.1769303" lon="-71.4419732">
        <ele>1113.0000</ele>
      </trkpt>
      <trkpt lat="-41.1769034" lon="-71.4419764">
        <ele>1113.0000</ele>
      </trkpt>
      <trkpt lat="-41.1768821" lon="-71.4419739">
        <ele>1112.0000</ele>
      </trkpt>
      <trkpt lat="-41.1768546" lon="-71.4419835">
        <ele>1112.0000</ele>
      </trkpt>
      <trkpt lat="-41.1768323" lon="-71.4419937">
        <ele>1112.0000</ele>
      </trkpt>
      <trkpt lat="-41.1768210" lon="-71.4419988">
        <ele>1112.0000</ele>
      </trkpt>
      <trkpt lat="-41.1767873" lon="-71.4420143">
        <ele>1112.0000</ele>
      </trkpt>
      <trkpt lat="-41.1767533" lon="-71.4420299">
        <ele>1112.0000</ele>
      </trkpt>
      <trkpt lat="-41.1767309" lon="-71.4420339">
        <ele>1111.0000</ele>
      </trkpt>
      <trkpt lat="-41.1767135" lon="-71.4420450">
        <ele>1111.0000</ele>
      </trkpt>
      <trkpt lat="-41.1767025" lon="-71.4420438">
        <ele>1111.0000</ele>
      </trkpt>
      <trkpt lat="-41.1766683" lon="-71.4420531">
        <ele>1111.0000</ele>
      </trkpt>
      <trkpt lat="-41.1766512" lon="-71.4420578">
        <ele>1110.0000</ele>
      </trkpt>
      <trkpt lat="-41.1766227" lon="-71.4420614">
        <ele>1110.0000</ele>
      </trkpt>
      <trkpt lat="-41.1766049" lon="-71.4420726">
        <ele>1110.0000</ele>
      </trkpt>
      <trkpt lat="-41.1765762" lon="-71.4420762">
        <ele>1109.0000</ele>
      </trkpt>
      <trkpt lat="-41.1765522" lon="-71.4420935">
        <ele>1109.0000</ele>
      </trkpt>
      <trkpt lat="-41.1765284" lon="-71.4421043">
        <ele>1108.0000</ele>
      </trkpt>
      <trkpt lat="-41.1765037" lon="-71.4421283">
        <ele>1108.0000</ele>
      </trkpt>
      <trkpt lat="-41.1764788" lon="-71.4421525">
        <ele>1108.0000</ele>
      </trkpt>
      <trkpt lat="-41.1764601" lon="-71.4421706">
        <ele>1108.0000</ele>
      </trkpt>
      <trkpt lat="-41.1764534" lon="-71.4421833">
        <ele>1108.0000</ele>
      </trkpt>
      <trkpt lat="-41.1764408" lon="-71.4421955">
        <ele>1108.0000</ele>
      </trkpt>
      <trkpt lat="-41.1764030" lon="-71.4422322">
        <ele>1107.0000</ele>
      </trkpt>
      <trkpt lat="-41.1763772" lon="-71.4422634">
        <ele>1107.0000</ele>
      </trkpt>
      <trkpt lat="-41.1763636" lon="-71.4422891">
        <ele>1107.0000</ele>
      </trkpt>
      <trkpt lat="-41.1763500" lon="-71.4423148">
        <ele>1107.0000</ele>
      </trkpt>
      <trkpt lat="-41.1763308" lon="-71.4423335">
        <ele>1106.0000</ele>
      </trkpt>
      <trkpt lat="-41.1763102" lon="-71.4423724">
        <ele>1106.0000</ele>
      </trkpt>
      <trkpt lat="-41.1762973" lon="-71.4423849">
        <ele>1106.0000</ele>
      </trkpt>
      <trkpt lat="-41.1762830" lon="-71.4424176">
        <ele>1106.0000</ele>
      </trkpt>
      <trkpt lat="-41.1762752" lon="-71.4424441">
        <ele>1106.0000</ele>
      </trkpt>
      <trkpt lat="-41.1762682" lon="-71.4424572">
        <ele>1106.0000</ele>
      </trkpt>
      <trkpt lat="-41.1762586" lon="-71.4425106">
        <ele>1106.0000</ele>
      </trkpt>
      <trkpt lat="-41.1762507" lon="-71.4425371">
        <ele>1107.0000</ele>
      </trkpt>
      <trkpt lat="-41.1762484" lon="-71.4425708">
        <ele>1107.0000</ele>
      </trkpt>
      <trkpt lat="-41.1762456" lon="-71.4426111">
        <ele>1108.0000</ele>
      </trkpt>
      <trkpt lat="-41.1762373" lon="-71.4426445">
        <ele>1108.0000</ele>
      </trkpt>
      <trkpt lat="-41.1762345" lon="-71.4426849">
        <ele>1108.0000</ele>
      </trkpt>
      <trkpt lat="-41.1762327" lon="-71.4427118">
        <ele>1109.0000</ele>
      </trkpt>
      <trkpt lat="-41.1762183" lon="-71.4427451">
        <ele>1109.0000</ele>
      </trkpt>
      <trkpt lat="-41.1762034" lon="-71.4427852">
        <ele>1109.0000</ele>
      </trkpt>
      <trkpt lat="-41.1761894" lon="-71.4428119">
        <ele>1109.0000</ele>
      </trkpt>
      <trkpt lat="-41.1761744" lon="-71.4428521">
        <ele>1110.0000</ele>
      </trkpt>
      <trkpt lat="-41.1761546" lon="-71.4428721">
        <ele>1110.0000</ele>
      </trkpt>
      <trkpt lat="-41.1761409" lon="-71.4428922">
        <ele>1110.0000</ele>
      </trkpt>
      <trkpt lat="-41.1761158" lon="-71.4428985">
        <ele>1110.0000</ele>
      </trkpt>
      <trkpt lat="-41.1760847" lon="-71.4428980">
        <ele>1109.0000</ele>
      </trkpt>
      <trkpt lat="-41.1760674" lon="-71.4428771">
        <ele>1109.0000</ele>
      </trkpt>
      <trkpt lat="-41.1760496" lon="-71.4428631">
        <ele>1108.0000</ele>
      </trkpt>
      <trkpt lat="-41.1760389" lon="-71.4428354">
        <ele>1108.0000</ele>
      </trkpt>
      <trkpt lat="-41.1760224" lon="-71.4428006">
        <ele>1107.0000</ele>
      </trkpt>
      <trkpt lat="-41.1760053" lon="-71.4427725">
        <ele>1106.0000</ele>
      </trkpt>
      <trkpt lat="-41.1759945" lon="-71.4427446">
        <ele>1105.0000</ele>
      </trkpt>
      <trkpt lat="-41.1759886" lon="-71.4427375">
        <ele>1105.0000</ele>
      </trkpt>
      <trkpt lat="-41.1759710" lon="-71.4427162">
        <ele>1105.0000</ele>
      </trkpt>
      <trkpt lat="-41.1759483" lon="-71.4426737">
        <ele>1103.0000</ele>
      </trkpt>
      <trkpt lat="-41.1759319" lon="-71.4426313">
        <ele>1102.0000</ele>
      </trkpt>
      <trkpt lat="-41.1759090" lon="-71.4425885">
        <ele>1101.0000</ele>
      </trkpt>
      <trkpt lat="-41.1758970" lon="-71.4425740">
        <ele>1101.0000</ele>
      </trkpt>
      <trkpt lat="-41.1758734" lon="-71.4425378">
        <ele>1100.0000</ele>
      </trkpt>
      <trkpt lat="-41.1758623" lon="-71.4425092">
        <ele>1099.0000</ele>
      </trkpt>
      <trkpt lat="-41.1758502" lon="-71.4424945">
        <ele>1099.0000</ele>
      </trkpt>
      <trkpt lat="-41.1758269" lon="-71.4424509">
        <ele>1098.0000</ele>
      </trkpt>
      <trkpt lat="-41.1758091" lon="-71.4424217">
        <ele>1097.0000</ele>
      </trkpt>
      <trkpt lat="-41.1757250" lon="-71.4423643">
        <ele>1094.0000</ele>
      </trkpt>
      <trkpt lat="-41.1756963" lon="-71.4423673">
        <ele>1093.0000</ele>
      </trkpt>
      <trkpt lat="-41.1756735" lon="-71.4423644">
        <ele>1093.0000</ele>
      </trkpt>
      <trkpt lat="-41.1756439" lon="-71.4423740">
        <ele>1093.0000</ele>
      </trkpt>
      <trkpt lat="-41.1756205" lon="-71.4423777">
        <ele>1092.0000</ele>
      </trkpt>
      <trkpt lat="-41.1756031" lon="-71.4423756">
        <ele>1092.0000</ele>
      </trkpt>
      <trkpt lat="-41.1755786" lon="-71.4423926">
        <ele>1092.0000</ele>
      </trkpt>
      <trkpt lat="-41.1755656" lon="-71.4424110">
        <ele>1092.0000</ele>
      </trkpt>
      <trkpt lat="-41.1755413" lon="-71.4424215">
        <ele>1092.0000</ele>
      </trkpt>
      <trkpt lat="-41.1755286" lon="-71.4424334">
        <ele>1092.0000</ele>
      </trkpt>
      <trkpt lat="-41.1755082" lon="-71.4424713">
        <ele>1092.0000</ele>
      </trkpt>
      <trkpt lat="-41.1754832" lon="-71.4424887">
        <ele>1092.0000</ele>
      </trkpt>
      <trkpt lat="-41.1754521" lon="-71.4425055">
        <ele>1091.0000</ele>
      </trkpt>
      <trkpt lat="-41.1754333" lon="-71.4425170">
        <ele>1091.0000</ele>
      </trkpt>
      <trkpt lat="-41.1754074" lon="-71.4425413">
        <ele>1091.0000</ele>
      </trkpt>
      <trkpt lat="-41.1753759" lon="-71.4425584">
        <ele>1091.0000</ele>
      </trkpt>
      <trkpt lat="-41.1753572" lon="-71.4425633">
        <ele>1091.0000</ele>
      </trkpt>
      <trkpt lat="-41.1753376" lon="-71.4425817">
        <ele>1090.0000</ele>
      </trkpt>
      <trkpt lat="-41.1753118" lon="-71.4425997">
        <ele>1090.0000</ele>
      </trkpt>
      <trkpt lat="-41.1752858" lon="-71.4426177">
        <ele>1090.0000</ele>
      </trkpt>
      <trkpt lat="-41.1752792" lon="-71.4426239">
        <ele>1090.0000</ele>
      </trkpt>
      <trkpt lat="-41.1752406" lon="-71.4426409">
        <ele>1089.0000</ele>
      </trkpt>
      <trkpt lat="-41.1752076" lon="-71.4426654">
        <ele>1089.0000</ele>
      </trkpt>
      <trkpt lat="-41.1751816" lon="-71.4426769">
        <ele>1089.0000</ele>
      </trkpt>
      <trkpt lat="-41.1751486" lon="-71.4426947">
        <ele>1088.0000</ele>
      </trkpt>
      <trkpt lat="-41.1751219" lon="-71.4427133">
        <ele>1088.0000</ele>
      </trkpt>
      <trkpt lat="-41.1750945" lon="-71.4427388">
        <ele>1087.0000</ele>
      </trkpt>
      <trkpt lat="-41.1750803" lon="-71.4427585">
        <ele>1087.0000</ele>
      </trkpt>
      <trkpt lat="-41.1750462" lon="-71.4427838">
        <ele>1087.0000</ele>
      </trkpt>
      <trkpt lat="-41.1750240" lon="-71.4428241">
        <ele>1087.0000</ele>
      </trkpt>
      <trkpt lat="-41.1750096" lon="-71.4428441">
        <ele>1086.0000</ele>
      </trkpt>
      <trkpt lat="-41.1749882" lon="-71.4428707">
        <ele>1086.0000</ele>
      </trkpt>
      <trkpt lat="-41.1749672" lon="-71.4428903">
        <ele>1086.0000</ele>
      </trkpt>
      <trkpt lat="-41.1749451" lon="-71.4429241">
        <ele>1087.0000</ele>
      </trkpt>
      <trkpt lat="-41.1749301" lon="-71.4429514">
        <ele>1087.0000</ele>
      </trkpt>
      <trkpt lat="-41.1749154" lon="-71.4429717">
        <ele>1087.0000</ele>
      </trkpt>
      <trkpt lat="-41.1748932" lon="-71.4430058">
        <ele>1087.0000</ele>
      </trkpt>
      <trkpt lat="-41.1748642" lon="-71.4430397">
        <ele>1087.0000</ele>
      </trkpt>
      <trkpt lat="-41.1748346" lon="-71.4430808">
        <ele>1088.0000</ele>
      </trkpt>
      <trkpt lat="-41.1748130" lon="-71.4431011">
        <ele>1088.0000</ele>
      </trkpt>
      <trkpt lat="-41.1748053" lon="-71.4431150">
        <ele>1088.0000</ele>
      </trkpt>
      <trkpt lat="-41.1747768" lon="-71.4431352">
        <ele>1089.0000</ele>
      </trkpt>
      <trkpt lat="-41.1747409" lon="-71.4431623">
        <ele>1089.0000</ele>
      </trkpt>
      <trkpt lat="-41.1747121" lon="-71.4431827">
        <ele>1089.0000</ele>
      </trkpt>
      <trkpt lat="-41.1745998" lon="-71.4432563">
        <ele>1091.0000</ele>
      </trkpt>
      <trkpt lat="-41.1745738" lon="-71.4432728">
        <ele>1091.0000</ele>
      </trkpt>
      <trkpt lat="-41.1745426" lon="-71.4432890">
        <ele>1091.0000</ele>
      </trkpt>
      <trkpt lat="-41.1745063" lon="-71.4433050">
        <ele>1092.0000</ele>
      </trkpt>
      <trkpt lat="-41.1744806" lon="-71.4433095">
        <ele>1092.0000</ele>
      </trkpt>
      <trkpt lat="-41.1744599" lon="-71.4433143">
        <ele>1092.0000</ele>
      </trkpt>
      <trkpt lat="-41.1744344" lon="-71.4433126">
        <ele>1092.0000</ele>
      </trkpt>
      <trkpt lat="-41.1744186" lon="-71.4433177">
        <ele>1092.0000</ele>
      </trkpt>
      <trkpt lat="-41.1743924" lon="-71.4433223">
        <ele>1092.0000</ele>
      </trkpt>
      <trkpt lat="-41.1743713" lon="-71.4433272">
        <ele>1092.0000</ele>
      </trkpt>
      <trkpt lat="-41.1743392" lon="-71.4433377">
        <ele>1091.0000</ele>
      </trkpt>
      <trkpt lat="-41.1743231" lon="-71.4433429">
        <ele>1092.0000</ele>
      </trkpt>
      <trkpt lat="-41.1743013" lon="-71.4433542">
        <ele>1091.0000</ele>
      </trkpt>
      <trkpt lat="-41.1742736" lon="-71.4433715">
        <ele>1092.0000</ele>
      </trkpt>
      <trkpt lat="-41.1742462" lon="-71.4433825">
        <ele>1092.0000</ele>
      </trkpt>
      <trkpt lat="-41.1742182" lon="-71.4434000">
        <ele>1092.0000</ele>
      </trkpt>
      <trkpt lat="-41.1741905" lon="-71.4434112">
        <ele>1092.0000</ele>
      </trkpt>
      <trkpt lat="-41.1741672" lon="-71.4434355">
        <ele>1092.0000</ele>
      </trkpt>
      <trkpt lat="-41.1741392" lon="-71.4434468">
        <ele>1092.0000</ele>
      </trkpt>
      <trkpt lat="-41.1741161" lon="-71.4434649">
        <ele>1093.0000</ele>
      </trkpt>
      <trkpt lat="-41.1740819" lon="-71.4434826">
        <ele>1093.0000</ele>
      </trkpt>
      <trkpt lat="-41.1740529" lon="-71.4435006">
        <ele>1093.0000</ele>
      </trkpt>
      <trkpt lat="-41.1740298" lon="-71.4435126">
        <ele>1093.0000</ele>
      </trkpt>
      <trkpt lat="-41.1740178" lon="-71.4435250">
        <ele>1093.0000</ele>
      </trkpt>
      <trkpt lat="-41.1739885" lon="-71.4435433">
        <ele>1093.0000</ele>
      </trkpt>
      <trkpt lat="-41.1739595" lon="-71.4435552">
        <ele>1093.0000</ele>
      </trkpt>
      <trkpt lat="-41.1739417" lon="-71.4435675">
        <ele>1093.0000</ele>
      </trkpt>
      <trkpt lat="-41.1739062" lon="-71.4435859">
        <ele>1093.0000</ele>
      </trkpt>
      <trkpt lat="-41.1738639" lon="-71.4436173">
        <ele>1093.0000</ele>
      </trkpt>
      <trkpt lat="-41.1738581" lon="-71.4436171">
        <ele>1093.0000</ele>
      </trkpt>
      <trkpt lat="-41.1738221" lon="-71.4436358">
        <ele>1094.0000</ele>
      </trkpt>
      <trkpt lat="-41.1737737" lon="-71.4436609">
        <ele>1094.0000</ele>
      </trkpt>
      <trkpt lat="-41.1737497" lon="-71.4436669">
        <ele>1094.0000</ele>
      </trkpt>
      <trkpt lat="-41.1736892" lon="-71.4436853">
        <ele>1094.0000</ele>
      </trkpt>
      <trkpt lat="-41.1736584" lon="-71.4436980">
        <ele>1093.0000</ele>
      </trkpt>
      <trkpt lat="-41.1736283" lon="-71.4436973">
        <ele>1093.0000</ele>
      </trkpt>
      <trkpt lat="-41.1735794" lon="-71.4437029">
        <ele>1093.0000</ele>
      </trkpt>
      <trkpt lat="-41.1735545" lon="-71.4437092">
        <ele>1093.0000</ele>
      </trkpt>
      <trkpt lat="-41.1735300" lon="-71.4437086">
        <ele>1092.0000</ele>
      </trkpt>
      <trkpt lat="-41.1734982" lon="-71.4437216">
        <ele>1092.0000</ele>
      </trkpt>
      <trkpt lat="-41.1734667" lon="-71.4437278">
        <ele>1092.0000</ele>
      </trkpt>
      <trkpt lat="-41.1734288" lon="-71.4437339">
        <ele>1092.0000</ele>
      </trkpt>
      <trkpt lat="-41.1733969" lon="-71.4437401">
        <ele>1092.0000</ele>
      </trkpt>
      <trkpt lat="-41.1733711" lon="-71.4437466">
        <ele>1091.0000</ele>
      </trkpt>
      <trkpt lat="-41.1733256" lon="-71.4437596">
        <ele>1091.0000</ele>
      </trkpt>
      <trkpt lat="-41.1732990" lon="-71.4437730">
        <ele>1091.0000</ele>
      </trkpt>
      <trkpt lat="-41.1732663" lon="-71.4437795">
        <ele>1091.0000</ele>
      </trkpt>
      <trkpt lat="-41.1732399" lon="-71.4437861">
        <ele>1091.0000</ele>
      </trkpt>
      <trkpt lat="-41.1732133" lon="-71.4437927">
        <ele>1091.0000</ele>
      </trkpt>
      <trkpt lat="-41.1731730" lon="-71.4438063">
        <ele>1091.0000</ele>
      </trkpt>
      <trkpt lat="-41.1731462" lon="-71.4438130">
        <ele>1091.0000</ele>
      </trkpt>
      <trkpt lat="-41.1731258" lon="-71.4438198">
        <ele>1091.0000</ele>
      </trkpt>
      <trkpt lat="-41.1730925" lon="-71.4438195">
        <ele>1091.0000</ele>
      </trkpt>
      <trkpt lat="-41.1730575" lon="-71.4438404">
        <ele>1091.0000</ele>
      </trkpt>
      <trkpt lat="-41.1730228" lon="-71.4438543">
        <ele>1092.0000</ele>
      </trkpt>
      <trkpt lat="-41.1729947" lon="-71.4438684">
        <ele>1092.0000</ele>
      </trkpt>
      <trkpt lat="-41.1729732" lon="-71.4438826">
        <ele>1092.0000</ele>
      </trkpt>
      <trkpt lat="-41.1729517" lon="-71.4438968">
        <ele>1093.0000</ele>
      </trkpt>
      <trkpt lat="-41.1729301" lon="-71.4439111">
        <ele>1093.0000</ele>
      </trkpt>
      <trkpt lat="-41.1728936" lon="-71.4439398">
        <ele>1093.0000</ele>
      </trkpt>
      <trkpt lat="-41.1728578" lon="-71.4439543">
        <ele>1093.0000</ele>
      </trkpt>
      <trkpt lat="-41.1727851" lon="-71.4439741">
        <ele>1094.0000</ele>
      </trkpt>
      <trkpt lat="-41.1727244" lon="-71.4440351">
        <ele>1094.0000</ele>
      </trkpt>
      <trkpt lat="-41.1726557" lon="-71.4441056">
        <ele>1095.0000</ele>
      </trkpt>
      <trkpt lat="-41.1725689" lon="-71.4442188">
        <ele>1097.0000</ele>
      </trkpt>
      <trkpt lat="-41.1725267" lon="-71.4442846">
        <ele>1098.0000</ele>
      </trkpt>
      <trkpt lat="-41.1724121" lon="-71.4442874">
        <ele>1098.0000</ele>
      </trkpt>
      <trkpt lat="-41.1723441" lon="-71.4442994">
        <ele>1098.0000</ele>
      </trkpt>
      <trkpt lat="-41.1722831" lon="-71.4443162">
        <ele>1098.0000</ele>
      </trkpt>
      <trkpt lat="-41.1721673" lon="-71.4443274">
        <ele>1097.0000</ele>
      </trkpt>
      <trkpt lat="-41.1720822" lon="-71.4443704">
        <ele>1096.0000</ele>
      </trkpt>
      <trkpt lat="-41.1720324" lon="-71.4444013">
        <ele>1096.0000</ele>
      </trkpt>
      <trkpt lat="-41.1719527" lon="-71.4444740">
        <ele>1096.0000</ele>
      </trkpt>
      <trkpt lat="-41.1719043" lon="-71.4445437">
        <ele>1097.0000</ele>
      </trkpt>
      <trkpt lat="-41.1718367" lon="-71.4446316">
        <ele>1098.0000</ele>
      </trkpt>
      <trkpt lat="-41.1717774" lon="-71.4447103">
        <ele>1098.0000</ele>
      </trkpt>
      <trkpt lat="-41.1717227" lon="-71.4447906">
        <ele>1099.0000</ele>
      </trkpt>
      <trkpt lat="-41.1716614" lon="-71.4448702">
        <ele>1100.0000</ele>
      </trkpt>
      <trkpt lat="-41.1715946" lon="-71.4449450">
        <ele>1102.0000</ele>
      </trkpt>
      <trkpt lat="-41.1715049" lon="-71.4449935">
        <ele>1101.0000</ele>
      </trkpt>
      <trkpt lat="-41.1714059" lon="-71.4450443">
        <ele>1101.0000</ele>
      </trkpt>
      <trkpt lat="-41.1713282" lon="-71.4450400">
        <ele>1100.0000</ele>
      </trkpt>
      <trkpt lat="-41.1712280" lon="-71.4450390">
        <ele>1100.0000</ele>
      </trkpt>
      <trkpt lat="-41.1711626" lon="-71.4450713">
        <ele>1100.0000</ele>
      </trkpt>
      <trkpt lat="-41.1711005" lon="-71.4451048">
        <ele>1101.0000</ele>
      </trkpt>
      <trkpt lat="-41.1710971" lon="-71.4451050">
        <ele>1101.0000</ele>
      </trkpt>
      <trkpt lat="-41.1710221" lon="-71.4451449">
        <ele>1102.0000</ele>
      </trkpt>
      <trkpt lat="-41.1709963" lon="-71.4451660">
        <ele>1103.0000</ele>
      </trkpt>
      <trkpt lat="-41.1709384" lon="-71.4452300">
        <ele>1105.0000</ele>
      </trkpt>
      <trkpt lat="-41.1708921" lon="-71.4452725">
        <ele>1106.0000</ele>
      </trkpt>
      <trkpt lat="-41.1708492" lon="-71.4453265">
        <ele>1108.0000</ele>
      </trkpt>
      <trkpt lat="-41.1708045" lon="-71.4453791">
        <ele>1109.0000</ele>
      </trkpt>
      <trkpt lat="-41.1707673" lon="-71.4454304">
        <ele>1110.0000</ele>
      </trkpt>
      <trkpt lat="-41.1707561" lon="-71.4454777">
        <ele>1111.0000</ele>
      </trkpt>
      <trkpt lat="-41.1707404" lon="-71.4455399">
        <ele>1112.0000</ele>
      </trkpt>
      <trkpt lat="-41.1707242" lon="-71.4456266">
        <ele>1114.0000</ele>
      </trkpt>
      <trkpt lat="-41.1707062" lon="-71.4457005">
        <ele>1116.0000</ele>
      </trkpt>
      <trkpt lat="-41.1706902" lon="-71.4457567">
        <ele>1117.0000</ele>
      </trkpt>
      <trkpt lat="-41.1706442" lon="-71.4458177">
        <ele>1118.0000</ele>
      </trkpt>
      <trkpt lat="-41.1706035" lon="-71.4458558">
        <ele>1119.0000</ele>
      </trkpt>
      <trkpt lat="-41.1705430" lon="-71.4458540">
        <ele>1118.0000</ele>
      </trkpt>
      <trkpt lat="-41.1704998" lon="-71.4458308">
        <ele>1117.0000</ele>
      </trkpt>
      <trkpt lat="-41.1704545" lon="-71.4457678">
        <ele>1115.0000</ele>
      </trkpt>
      <trkpt lat="-41.1704180" lon="-71.4457139">
        <ele>1113.0000</ele>
      </trkpt>
      <trkpt lat="-41.1703780" lon="-71.4456642">
        <ele>1111.0000</ele>
      </trkpt>
      <trkpt lat="-41.1703313" lon="-71.4455799">
        <ele>1109.0000</ele>
      </trkpt>
      <trkpt lat="-41.1702870" lon="-71.4455528">
        <ele>1108.0000</ele>
      </trkpt>
      <trkpt lat="-41.1702401" lon="-71.4455200">
        <ele>1106.0000</ele>
      </trkpt>
      <trkpt lat="-41.1701836" lon="-71.4454877">
        <ele>1105.0000</ele>
      </trkpt>
      <trkpt lat="-41.1701135" lon="-71.4454700">
        <ele>1103.0000</ele>
      </trkpt>
      <trkpt lat="-41.1700448" lon="-71.4454558">
        <ele>1102.0000</ele>
      </trkpt>
      <trkpt lat="-41.1699964" lon="-71.4454707">
        <ele>1101.0000</ele>
      </trkpt>
      <trkpt lat="-41.1699454" lon="-71.4454993">
        <ele>1101.0000</ele>
      </trkpt>
      <trkpt lat="-41.1698657" lon="-71.4455440">
        <ele>1101.0000</ele>
      </trkpt>
      <trkpt lat="-41.1698093" lon="-71.4455674">
        <ele>1101.0000</ele>
      </trkpt>
      <trkpt lat="-41.1697528" lon="-71.4456315">
        <ele>1102.0000</ele>
      </trkpt>
      <trkpt lat="-41.1696995" lon="-71.4456818">
        <ele>1102.0000</ele>
      </trkpt>
      <trkpt lat="-41.1696588" lon="-71.4457144">
        <ele>1102.0000</ele>
      </trkpt>
      <trkpt lat="-41.1696063" lon="-71.4457636">
        <ele>1102.0000</ele>
      </trkpt>
      <trkpt lat="-41.1695647" lon="-71.4458129">
        <ele>1102.0000</ele>
      </trkpt>
      <trkpt lat="-41.1695114" lon="-71.4458302">
        <ele>1102.0000</ele>
      </trkpt>
      <trkpt lat="-41.1694815" lon="-71.4458476">
        <ele>1102.0000</ele>
      </trkpt>
      <trkpt lat="-41.1694506" lon="-71.4458217">
        <ele>1101.0000</ele>
      </trkpt>
      <trkpt lat="-41.1694192" lon="-71.4457448">
        <ele>1100.0000</ele>
      </trkpt>
      <trkpt lat="-41.1694096" lon="-71.4456870">
        <ele>1099.0000</ele>
      </trkpt>
      <trkpt lat="-41.1694009" lon="-71.4456177">
        <ele>1098.0000</ele>
      </trkpt>
      <trkpt lat="-41.1693946" lon="-71.4455556">
        <ele>1097.0000</ele>
      </trkpt>
      <trkpt lat="-41.1693875" lon="-71.4455007">
        <ele>1096.0000</ele>
      </trkpt>
      <trkpt lat="-41.1693776" lon="-71.4454126">
        <ele>1094.0000</ele>
      </trkpt>
      <trkpt lat="-41.1693715" lon="-71.4453197">
        <ele>1092.0000</ele>
      </trkpt>
      <trkpt lat="-41.1693538" lon="-71.4452551">
        <ele>1090.0000</ele>
      </trkpt>
      <trkpt lat="-41.1693478" lon="-71.4451840">
        <ele>1088.0000</ele>
      </trkpt>
      <trkpt lat="-41.1693353" lon="-71.4451019">
        <ele>1086.0000</ele>
      </trkpt>
      <trkpt lat="-41.1693231" lon="-71.4450463">
        <ele>1084.0000</ele>
      </trkpt>
      <trkpt lat="-41.1692863" lon="-71.4449596">
        <ele>1082.0000</ele>
      </trkpt>
      <trkpt lat="-41.1692461" lon="-71.4449094">
        <ele>1081.0000</ele>
      </trkpt>
      <trkpt lat="-41.1691881" lon="-71.4448370">
        <ele>1079.0000</ele>
      </trkpt>
      <trkpt lat="-41.1691380" lon="-71.4447318">
        <ele>1077.0000</ele>
      </trkpt>
      <trkpt lat="-41.1690881" lon="-71.4446549">
        <ele>1076.0000</ele>
      </trkpt>
      <trkpt lat="-41.1690418" lon="-71.4445769">
        <ele>1074.0000</ele>
      </trkpt>
      <trkpt lat="-41.1690015" lon="-71.4445097">
        <ele>1073.0000</ele>
      </trkpt>
      <trkpt lat="-41.1689402" lon="-71.4444345">
        <ele>1072.0000</ele>
      </trkpt>
      <trkpt lat="-41.1688811" lon="-71.4443404">
        <ele>1071.0000</ele>
      </trkpt>
      <trkpt lat="-41.1688510" lon="-71.4442675">
        <ele>1070.0000</ele>
      </trkpt>
      <trkpt lat="-41.1688217" lon="-71.4441920">
        <ele>1069.0000</ele>
      </trkpt>
      <trkpt lat="-41.1688011" lon="-71.4441211">
        <ele>1067.0000</ele>
      </trkpt>
      <trkpt lat="-41.1687712" lon="-71.4440498">
        <ele>1066.0000</ele>
      </trkpt>
      <trkpt lat="-41.1687304" lon="-71.4439455">
        <ele>1064.0000</ele>
      </trkpt>
      <trkpt lat="-41.1686470" lon="-71.4439171">
        <ele>1062.0000</ele>
      </trkpt>
      <trkpt lat="-41.1685791" lon="-71.4439394">
        <ele>1062.0000</ele>
      </trkpt>
      <trkpt lat="-41.1685279" lon="-71.4439393">
        <ele>1062.0000</ele>
      </trkpt>
      <trkpt lat="-41.1684865" lon="-71.4439297">
        <ele>1062.0000</ele>
      </trkpt>
      <trkpt lat="-41.1683960" lon="-71.4438717">
        <ele>1060.0000</ele>
      </trkpt>
      <trkpt lat="-41.1683322" lon="-71.4437833">
        <ele>1059.0000</ele>
      </trkpt>
      <trkpt lat="-41.1682723" lon="-71.4437210">
        <ele>1058.0000</ele>
      </trkpt>
      <trkpt lat="-41.1682081" lon="-71.4436512">
        <ele>1057.0000</ele>
      </trkpt>
      <trkpt lat="-41.1681554" lon="-71.4435814">
        <ele>1056.0000</ele>
      </trkpt>
      <trkpt lat="-41.1681362" lon="-71.4435572">
        <ele>1056.0000</ele>
      </trkpt>
      <trkpt lat="-41.1680951" lon="-71.4435049">
        <ele>1056.0000</ele>
      </trkpt>
      <trkpt lat="-41.1680737" lon="-71.4434264">
        <ele>1055.0000</ele>
      </trkpt>
      <trkpt lat="-41.1680814" lon="-71.4433440">
        <ele>1055.0000</ele>
      </trkpt>
      <trkpt lat="-41.1680745" lon="-71.4432715">
        <ele>1054.0000</ele>
      </trkpt>
      <trkpt lat="-41.1680749" lon="-71.4432068">
        <ele>1054.0000</ele>
      </trkpt>
      <trkpt lat="-41.1680735" lon="-71.4431400">
        <ele>1054.0000</ele>
      </trkpt>
      <trkpt lat="-41.1680765" lon="-71.4430941">
        <ele>1054.0000</ele>
      </trkpt>
      <trkpt lat="-41.1680619" lon="-71.4430267">
        <ele>1053.0000</ele>
      </trkpt>
      <trkpt lat="-41.1680519" lon="-71.4429521">
        <ele>1053.0000</ele>
      </trkpt>
      <trkpt lat="-41.1680418" lon="-71.4428836">
        <ele>1053.0000</ele>
      </trkpt>
      <trkpt lat="-41.1680475" lon="-71.4428241">
        <ele>1053.0000</ele>
      </trkpt>
      <trkpt lat="-41.1680422" lon="-71.4427647">
        <ele>1052.0000</ele>
      </trkpt>
      <trkpt lat="-41.1680428" lon="-71.4427197">
        <ele>1052.0000</ele>
      </trkpt>
      <trkpt lat="-41.1680430" lon="-71.4426736">
        <ele>1052.0000</ele>
      </trkpt>
      <trkpt lat="-41.1680383" lon="-71.4426324">
        <ele>1052.0000</ele>
      </trkpt>
      <trkpt lat="-41.1680362" lon="-71.4425799">
        <ele>1052.0000</ele>
      </trkpt>
      <trkpt lat="-41.1680361" lon="-71.4425448">
        <ele>1052.0000</ele>
      </trkpt>
      <trkpt lat="-41.1681215" lon="-71.4424924">
        <ele>1052.0000</ele>
      </trkpt>
      <trkpt lat="-41.1682422" lon="-71.4424764">
        <ele>1052.0000</ele>
      </trkpt>
      <trkpt lat="-41.1683382" lon="-71.4424617">
        <ele>1052.0000</ele>
      </trkpt>
      <trkpt lat="-41.1684372" lon="-71.4424209">
        <ele>1052.0000</ele>
      </trkpt>
      <trkpt lat="-41.1685740" lon="-71.4424257">
        <ele>1052.0000</ele>
      </trkpt>
      <trkpt lat="-41.1687505" lon="-71.4423930">
        <ele>1052.0000</ele>
      </trkpt>
      <trkpt lat="-41.1688264" lon="-71.4423648">
        <ele>1052.0000</ele>
      </trkpt>
      <trkpt lat="-41.1689180" lon="-71.4423514">
        <ele>1051.0000</ele>
      </trkpt>
      <trkpt lat="-41.1690163" lon="-71.4423279">
        <ele>1051.0000</ele>
      </trkpt>
      <trkpt lat="-41.1691170" lon="-71.4423047">
        <ele>1051.0000</ele>
      </trkpt>
      <trkpt lat="-41.1691925" lon="-71.4422924">
        <ele>1051.0000</ele>
      </trkpt>
      <trkpt lat="-41.1692747" lon="-71.4422800">
        <ele>1051.0000</ele>
      </trkpt>
      <trkpt lat="-41.1693636" lon="-71.4422627">
        <ele>1051.0000</ele>
      </trkpt>
      <trkpt lat="-41.1694736" lon="-71.4422643">
        <ele>1051.0000</ele>
      </trkpt>
      <trkpt lat="-41.1695669" lon="-71.4422614">
        <ele>1051.0000</ele>
      </trkpt>
      <trkpt lat="-41.1696658" lon="-71.4422914">
        <ele>1050.0000</ele>
      </trkpt>
      <trkpt lat="-41.1697810" lon="-71.4423109">
        <ele>1049.0000</ele>
      </trkpt>
      <trkpt lat="-41.1698658" lon="-71.4423357">
        <ele>1049.0000</ele>
      </trkpt>
      <trkpt lat="-41.1699632" lon="-71.4423367">
        <ele>1049.0000</ele>
      </trkpt>
      <trkpt lat="-41.1700691" lon="-71.4423644">
        <ele>1050.0000</ele>
      </trkpt>
      <trkpt lat="-41.1701463" lon="-71.4423793">
        <ele>1052.0000</ele>
      </trkpt>
      <trkpt lat="-41.1702455" lon="-71.4423975">
        <ele>1054.0000</ele>
      </trkpt>
      <trkpt lat="-41.1702718" lon="-71.4422042">
        <ele>1052.0000</ele>
      </trkpt>
      <trkpt lat="-41.1703061" lon="-71.4420193">
        <ele>1052.0000</ele>
      </trkpt>
      <trkpt lat="-41.1703401" lon="-71.4418786">
        <ele>1050.0000</ele>
      </trkpt>
      <trkpt lat="-41.1703889" lon="-71.4417144">
        <ele>1046.0000</ele>
      </trkpt>
      <trkpt lat="-41.1704077" lon="-71.4415473">
        <ele>1045.0000</ele>
      </trkpt>
      <trkpt lat="-41.1704301" lon="-71.4413759">
        <ele>1045.0000</ele>
      </trkpt>
      <trkpt lat="-41.1704524" lon="-71.4412337">
        <ele>1045.0000</ele>
      </trkpt>
      <trkpt lat="-41.1705257" lon="-71.4410556">
        <ele>1044.0000</ele>
      </trkpt>
      <trkpt lat="-41.1705729" lon="-71.4408833">
        <ele>1044.0000</ele>
      </trkpt>
      <trkpt lat="-41.1706518" lon="-71.4407749">
        <ele>1043.0000</ele>
      </trkpt>
      <trkpt lat="-41.1707084" lon="-71.4406944">
        <ele>1043.0000</ele>
      </trkpt>
      <trkpt lat="-41.1707575" lon="-71.4406281">
        <ele>1042.0000</ele>
      </trkpt>
      <trkpt lat="-41.1708269" lon="-71.4405226">
        <ele>1041.0000</ele>
      </trkpt>
      <trkpt lat="-41.1708954" lon="-71.4404321">
        <ele>1041.0000</ele>
      </trkpt>
      <trkpt lat="-41.1709933" lon="-71.4403049">
        <ele>1040.0000</ele>
      </trkpt>
      <trkpt lat="-41.1710630" lon="-71.4402443">
        <ele>1040.0000</ele>
      </trkpt>
      <trkpt lat="-41.1711511" lon="-71.4401287">
        <ele>1040.0000</ele>
      </trkpt>
      <trkpt lat="-41.1712477" lon="-71.4399803">
        <ele>1040.0000</ele>
      </trkpt>
      <trkpt lat="-41.1713190" lon="-71.4398729">
        <ele>1040.0000</ele>
      </trkpt>
      <trkpt lat="-41.1713795" lon="-71.4397568">
        <ele>1040.0000</ele>
      </trkpt>
      <trkpt lat="-41.1713328" lon="-71.4396159">
        <ele>1039.0000</ele>
      </trkpt>
      <trkpt lat="-41.1711590" lon="-71.4393838">
        <ele>1040.0000</ele>
      </trkpt>
      <trkpt lat="-41.1709975" lon="-71.4391843">
        <ele>1039.0000</ele>
      </trkpt>
      <trkpt lat="-41.1708750" lon="-71.4390240">
        <ele>1040.0000</ele>
      </trkpt>
      <trkpt lat="-41.1707796" lon="-71.4388703">
        <ele>1041.0000</ele>
      </trkpt>
      <trkpt lat="-41.1707226" lon="-71.4387822">
        <ele>1042.0000</ele>
      </trkpt>
      <trkpt lat="-41.1707836" lon="-71.4386818">
        <ele>1042.0000</ele>
      </trkpt>
      <trkpt lat="-41.1708804" lon="-71.4385500">
        <ele>1042.0000</ele>
      </trkpt>
      <trkpt lat="-41.1710225" lon="-71.4383413">
        <ele>1042.0000</ele>
      </trkpt>
      <trkpt lat="-41.1711573" lon="-71.4381849">
        <ele>1041.0000</ele>
      </trkpt>
      <trkpt lat="-41.1712512" lon="-71.4380675">
        <ele>1041.0000</ele>
      </trkpt>
      <trkpt lat="-41.1713692" lon="-71.4379221">
        <ele>1041.0000</ele>
      </trkpt>
      <trkpt lat="-41.1714793" lon="-71.4377959">
        <ele>1041.0000</ele>
      </trkpt>
      <trkpt lat="-41.1715835" lon="-71.4376391">
        <ele>1041.0000</ele>
      </trkpt>
      <trkpt lat="-41.1716881" lon="-71.4374965">
        <ele>1041.0000</ele>
      </trkpt>
      <trkpt lat="-41.1717937" lon="-71.4373463">
        <ele>1040.0000</ele>
      </trkpt>
      <trkpt lat="-41.1718975" lon="-71.4372214">
        <ele>1039.0000</ele>
      </trkpt>
      <trkpt lat="-41.1719969" lon="-71.4370955">
        <ele>1037.0000</ele>
      </trkpt>
      <trkpt lat="-41.1721108" lon="-71.4368892">
        <ele>1035.0000</ele>
      </trkpt>
      <trkpt lat="-41.1722067" lon="-71.4366693">
        <ele>1036.0000</ele>
      </trkpt>
      <trkpt lat="-41.1722610" lon="-71.4364490">
        <ele>1036.0000</ele>
      </trkpt>
      <trkpt lat="-41.1723015" lon="-71.4363124">
        <ele>1036.0000</ele>
      </trkpt>
      <trkpt lat="-41.1723659" lon="-71.4361291">
        <ele>1036.0000</ele>
      </trkpt>
      <trkpt lat="-41.1724546" lon="-71.4359409">
        <ele>1038.0000</ele>
      </trkpt>
      <trkpt lat="-41.1725523" lon="-71.4357719">
        <ele>1039.0000</ele>
      </trkpt>
      <trkpt lat="-41.1726466" lon="-71.4355821">
        <ele>1040.0000</ele>
      </trkpt>
      <trkpt lat="-41.1727589" lon="-71.4354066">
        <ele>1042.0000</ele>
      </trkpt>
      <trkpt lat="-41.1728405" lon="-71.4352947">
        <ele>1042.0000</ele>
      </trkpt>
      <trkpt lat="-41.1729169" lon="-71.4352083">
        <ele>1042.0000</ele>
      </trkpt>
      <trkpt lat="-41.1730030" lon="-71.4351166">
        <ele>1043.0000</ele>
      </trkpt>
      <trkpt lat="-41.1731297" lon="-71.4350007">
        <ele>1044.0000</ele>
      </trkpt>
      <trkpt lat="-41.1732306" lon="-71.4349205">
        <ele>1044.0000</ele>
      </trkpt>
      <trkpt lat="-41.1733665" lon="-71.4348387">
        <ele>1045.0000</ele>
      </trkpt>
      <trkpt lat="-41.1734751" lon="-71.4347384">
        <ele>1046.0000</ele>
      </trkpt>
      <trkpt lat="-41.1735556" lon="-71.4346978">
        <ele>1046.0000</ele>
      </trkpt>
      <trkpt lat="-41.1736371" lon="-71.4346212">
        <ele>1047.0000</ele>
      </trkpt>
      <trkpt lat="-41.1737614" lon="-71.4345184">
        <ele>1048.0000</ele>
      </trkpt>
      <trkpt lat="-41.1738801" lon="-71.4344203">
        <ele>1049.0000</ele>
      </trkpt>
      <trkpt lat="-41.1739878" lon="-71.4343134">
        <ele>1049.0000</ele>
      </trkpt>
      <trkpt lat="-41.1741200" lon="-71.4342045">
        <ele>1049.0000</ele>
      </trkpt>
      <trkpt lat="-41.1742065" lon="-71.4341276">
        <ele>1050.0000</ele>
      </trkpt>
      <trkpt lat="-41.1743192" lon="-71.4340031">
        <ele>1050.0000</ele>
      </trkpt>
      <trkpt lat="-41.1744120" lon="-71.4339161">
        <ele>1051.0000</ele>
      </trkpt>
      <trkpt lat="-41.1744840" lon="-71.4338400">
        <ele>1051.0000</ele>
      </trkpt>
      <trkpt lat="-41.1745223" lon="-71.4337872">
        <ele>1052.0000</ele>
      </trkpt>
      <trkpt lat="-41.1745746" lon="-71.4337332">
        <ele>1052.0000</ele>
      </trkpt>
      <trkpt lat="-41.1746176" lon="-71.4336811">
        <ele>1053.0000</ele>
      </trkpt>
      <trkpt lat="-41.1746569" lon="-71.4336448">
        <ele>1053.0000</ele>
      </trkpt>
      <trkpt lat="-41.1747106" lon="-71.4335917">
        <ele>1053.0000</ele>
      </trkpt>
      <trkpt lat="-41.1747404" lon="-71.4335534">
        <ele>1054.0000</ele>
      </trkpt>
      <trkpt lat="-41.1747593" lon="-71.4335249">
        <ele>1054.0000</ele>
      </trkpt>
      <trkpt lat="-41.1747772" lon="-71.4335094">
        <ele>1054.0000</ele>
      </trkpt>
      <trkpt lat="-41.1748506" lon="-71.4334414">
        <ele>1055.0000</ele>
      </trkpt>
      <trkpt lat="-41.1749516" lon="-71.4333381">
        <ele>1055.0000</ele>
      </trkpt>
      <trkpt lat="-41.1750795" lon="-71.4332141">
        <ele>1057.0000</ele>
      </trkpt>
      <trkpt lat="-41.1752185" lon="-71.4330777">
        <ele>1058.0000</ele>
      </trkpt>
      <trkpt lat="-41.1753242" lon="-71.4329828">
        <ele>1058.0000</ele>
      </trkpt>
      <trkpt lat="-41.1754561" lon="-71.4328558">
        <ele>1060.0000</ele>
      </trkpt>
      <trkpt lat="-41.1755599" lon="-71.4327399">
        <ele>1061.0000</ele>
      </trkpt>
      <trkpt lat="-41.1756576" lon="-71.4326449">
        <ele>1062.0000</ele>
      </trkpt>
      <trkpt lat="-41.1757442" lon="-71.4325436">
        <ele>1063.0000</ele>
      </trkpt>
      <trkpt lat="-41.1758231" lon="-71.4324652">
        <ele>1064.0000</ele>
      </trkpt>
      <trkpt lat="-41.1759151" lon="-71.4323718">
        <ele>1064.0000</ele>
      </trkpt>
      <trkpt lat="-41.1760229" lon="-71.4323054">
        <ele>1063.0000</ele>
      </trkpt>
      <trkpt lat="-41.1761768" lon="-71.4322135">
        <ele>1063.0000</ele>
      </trkpt>
      <trkpt lat="-41.1762944" lon="-71.4321407">
        <ele>1062.0000</ele>
      </trkpt>
      <trkpt lat="-41.1764301" lon="-71.4320559">
        <ele>1063.0000</ele>
      </trkpt>
      <trkpt lat="-41.1765603" lon="-71.4319710">
        <ele>1064.0000</ele>
      </trkpt>
      <trkpt lat="-41.1766619" lon="-71.4318958">
        <ele>1064.0000</ele>
      </trkpt>
      <trkpt lat="-41.1767518" lon="-71.4317713">
        <ele>1065.0000</ele>
      </trkpt>
      <trkpt lat="-41.1768253" lon="-71.4316495">
        <ele>1066.0000</ele>
      </trkpt>
      <trkpt lat="-41.1768915" lon="-71.4315067">
        <ele>1067.0000</ele>
      </trkpt>
      <trkpt lat="-41.1769349" lon="-71.4314043">
        <ele>1068.0000</ele>
      </trkpt>
      <trkpt lat="-41.1769961" lon="-71.4313025">
        <ele>1069.0000</ele>
      </trkpt>
      <trkpt lat="-41.1770509" lon="-71.4312020">
        <ele>1070.0000</ele>
      </trkpt>
      <trkpt lat="-41.1771320" lon="-71.4311525">
        <ele>1070.0000</ele>
      </trkpt>
      <trkpt lat="-41.1772183" lon="-71.4311187">
        <ele>1069.0000</ele>
      </trkpt>
      <trkpt lat="-41.1773597" lon="-71.4311246">
        <ele>1069.0000</ele>
      </trkpt>
      <trkpt lat="-41.1774893" lon="-71.4311559">
        <ele>1069.0000</ele>
      </trkpt>
      <trkpt lat="-41.1776850" lon="-71.4311804">
        <ele>1070.0000</ele>
      </trkpt>
      <trkpt lat="-41.1778617" lon="-71.4311786">
        <ele>1073.0000</ele>
      </trkpt>
      <trkpt lat="-41.1779989" lon="-71.4311635">
        <ele>1074.0000</ele>
      </trkpt>
      <trkpt lat="-41.1781034" lon="-71.4311677">
        <ele>1074.0000</ele>
      </trkpt>
      <trkpt lat="-41.1782021" lon="-71.4311677">
        <ele>1075.0000</ele>
      </trkpt>
      <trkpt lat="-41.1783071" lon="-71.4311526">
        <ele>1075.0000</ele>
      </trkpt>
      <trkpt lat="-41.1784208" lon="-71.4311307">
        <ele>1076.0000</ele>
      </trkpt>
      <trkpt lat="-41.1785367" lon="-71.4311210">
        <ele>1075.0000</ele>
      </trkpt>
      <trkpt lat="-41.1786857" lon="-71.4311044">
        <ele>1076.0000</ele>
      </trkpt>
      <trkpt lat="-41.1787679" lon="-71.4310523">
        <ele>1077.0000</ele>
      </trkpt>
      <trkpt lat="-41.1788879" lon="-71.4310038">
        <ele>1078.0000</ele>
      </trkpt>
      <trkpt lat="-41.1789984" lon="-71.4308982">
        <ele>1080.0000</ele>
      </trkpt>
      <trkpt lat="-41.1791057" lon="-71.4307957">
        <ele>1080.0000</ele>
      </trkpt>
      <trkpt lat="-41.1792300" lon="-71.4305692">
        <ele>1082.0000</ele>
      </trkpt>
      <trkpt lat="-41.1793407" lon="-71.4304022">
        <ele>1081.0000</ele>
      </trkpt>
      <trkpt lat="-41.1794784" lon="-71.4302268">
        <ele>1081.0000</ele>
      </trkpt>
      <trkpt lat="-41.1796285" lon="-71.4300557">
        <ele>1081.0000</ele>
      </trkpt>
      <trkpt lat="-41.1798302" lon="-71.4297840">
        <ele>1085.0000</ele>
      </trkpt>
      <trkpt lat="-41.1799427" lon="-71.4296726">
        <ele>1085.0000</ele>
      </trkpt>
      <trkpt lat="-41.1799798" lon="-71.4296171">
        <ele>1086.0000</ele>
      </trkpt>
      <trkpt lat="-41.1799972" lon="-71.4296027">
        <ele>1086.0000</ele>
      </trkpt>
      <trkpt lat="-41.1800875" lon="-71.4294719">
        <ele>1086.0000</ele>
      </trkpt>
      <trkpt lat="-41.1801829" lon="-71.4293351">
        <ele>1087.0000</ele>
      </trkpt>
      <trkpt lat="-41.1802577" lon="-71.4291903">
        <ele>1088.0000</ele>
      </trkpt>
      <trkpt lat="-41.1803531" lon="-71.4290537">
        <ele>1088.0000</ele>
      </trkpt>
      <trkpt lat="-41.1804358" lon="-71.4288511">
        <ele>1088.0000</ele>
      </trkpt>
      <trkpt lat="-41.1804924" lon="-71.4286366">
        <ele>1089.0000</ele>
      </trkpt>
      <trkpt lat="-41.1805135" lon="-71.4284283">
        <ele>1091.0000</ele>
      </trkpt>
      <trkpt lat="-41.1805067" lon="-71.4281904">
        <ele>1092.0000</ele>
      </trkpt>
      <trkpt lat="-41.1804822" lon="-71.4279950">
        <ele>1093.0000</ele>
      </trkpt>
      <trkpt lat="-41.1804612" lon="-71.4278077">
        <ele>1093.0000</ele>
      </trkpt>
      <trkpt lat="-41.1804294" lon="-71.4275724">
        <ele>1093.0000</ele>
      </trkpt>
      <trkpt lat="-41.1804224" lon="-71.4273597">
        <ele>1093.0000</ele>
      </trkpt>
      <trkpt lat="-41.1804722" lon="-71.4271263">
        <ele>1091.0000</ele>
      </trkpt>
      <trkpt lat="-41.1804933" lon="-71.4269729">
        <ele>1089.0000</ele>
      </trkpt>
      <trkpt lat="-41.1805284" lon="-71.4267097">
        <ele>1089.0000</ele>
      </trkpt>
      <trkpt lat="-41.1805425" lon="-71.4263432">
        <ele>1090.0000</ele>
      </trkpt>
      <trkpt lat="-41.1805357" lon="-71.4260811">
        <ele>1087.0000</ele>
      </trkpt>
      <trkpt lat="-41.1805149" lon="-71.4258202">
        <ele>1081.0000</ele>
      </trkpt>
      <trkpt lat="-41.1804375" lon="-71.4256385">
        <ele>1078.0000</ele>
      </trkpt>
      <trkpt lat="-41.1803442" lon="-71.4254497">
        <ele>1076.0000</ele>
      </trkpt>
      <trkpt lat="-41.1802152" lon="-71.4252474">
        <ele>1073.0000</ele>
      </trkpt>
      <trkpt lat="-41.1801092" lon="-71.4251350">
        <ele>1072.0000</ele>
      </trkpt>
      <trkpt lat="-41.1799915" lon="-71.4249805">
        <ele>1069.0000</ele>
      </trkpt>
      <trkpt lat="-41.1798479" lon="-71.4248426">
        <ele>1067.0000</ele>
      </trkpt>
      <trkpt lat="-41.1797286" lon="-71.4247746">
        <ele>1068.0000</ele>
      </trkpt>
      <trkpt lat="-41.1796134" lon="-71.4247260">
        <ele>1067.0000</ele>
      </trkpt>
      <trkpt lat="-41.1794950" lon="-71.4246957">
        <ele>1066.0000</ele>
      </trkpt>
      <trkpt lat="-41.1793654" lon="-71.4247176">
        <ele>1067.0000</ele>
      </trkpt>
      <trkpt lat="-41.1792360" lon="-71.4247410">
        <ele>1068.0000</ele>
      </trkpt>
      <trkpt lat="-41.1790943" lon="-71.4247889">
        <ele>1070.0000</ele>
      </trkpt>
      <trkpt lat="-41.1789873" lon="-71.4248107">
        <ele>1070.0000</ele>
      </trkpt>
      <trkpt lat="-41.1788645" lon="-71.4247983">
        <ele>1068.0000</ele>
      </trkpt>
      <trkpt lat="-41.1787566" lon="-71.4247738">
        <ele>1068.0000</ele>
      </trkpt>
      <trkpt lat="-41.1785286" lon="-71.4246563">
        <ele>1063.0000</ele>
      </trkpt>
      <trkpt lat="-41.1782110" lon="-71.4244896">
        <ele>1057.0000</ele>
      </trkpt>
      <trkpt lat="-41.1778970" lon="-71.4243308">
        <ele>1056.0000</ele>
      </trkpt>
      <trkpt lat="-41.1775256" lon="-71.4241484">
        <ele>1057.0000</ele>
      </trkpt>
      <trkpt lat="-41.1773157" lon="-71.4240550">
        <ele>1058.0000</ele>
      </trkpt>
      <trkpt lat="-41.1771452" lon="-71.4239156">
        <ele>1054.0000</ele>
      </trkpt>
      <trkpt lat="-41.1770001" lon="-71.4237137">
        <ele>1045.0000</ele>
      </trkpt>
      <trkpt lat="-41.1767079" lon="-71.4235223">
        <ele>1044.0000</ele>
      </trkpt>
      <trkpt lat="-41.1764522" lon="-71.4233862">
        <ele>1045.0000</ele>
      </trkpt>
      <trkpt lat="-41.1761879" lon="-71.4231921">
        <ele>1045.0000</ele>
      </trkpt>
      <trkpt lat="-41.1758926" lon="-71.4229630">
        <ele>1041.0000</ele>
      </trkpt>
      <trkpt lat="-41.1756694" lon="-71.4228411">
        <ele>1040.0000</ele>
      </trkpt>
      <trkpt lat="-41.1754168" lon="-71.4226769">
        <ele>1039.0000</ele>
      </trkpt>
      <trkpt lat="-41.1752520" lon="-71.4224393">
        <ele>1035.0000</ele>
      </trkpt>
      <trkpt lat="-41.1750027" lon="-71.4221511">
        <ele>1034.0000</ele>
      </trkpt>
      <trkpt lat="-41.1747206" lon="-71.4219098">
        <ele>1030.0000</ele>
      </trkpt>
      <trkpt lat="-41.1744290" lon="-71.4216604">
        <ele>1024.0000</ele>
      </trkpt>
      <trkpt lat="-41.1740822" lon="-71.4214369">
        <ele>1022.0000</ele>
      </trkpt>
      <trkpt lat="-41.1737027" lon="-71.4212946">
        <ele>1018.0000</ele>
      </trkpt>
      <trkpt lat="-41.1734147" lon="-71.4211089">
        <ele>1011.0000</ele>
      </trkpt>
      <trkpt lat="-41.1732925" lon="-71.4209922">
        <ele>1010.0000</ele>
      </trkpt>
      <trkpt lat="-41.1731491" lon="-71.4208985">
        <ele>1010.0000</ele>
      </trkpt>
      <trkpt lat="-41.1729324" lon="-71.4208902">
        <ele>1011.0000</ele>
      </trkpt>
      <trkpt lat="-41.1727490" lon="-71.4209523">
        <ele>1013.0000</ele>
      </trkpt>
      <trkpt lat="-41.1725918" lon="-71.4209742">
        <ele>1014.0000</ele>
      </trkpt>
      <trkpt lat="-41.1724523" lon="-71.4210158">
        <ele>1014.0000</ele>
      </trkpt>
      <trkpt lat="-41.1722651" lon="-71.4210335">
        <ele>1013.0000</ele>
      </trkpt>
      <trkpt lat="-41.1721693" lon="-71.4209699">
        <ele>1012.0000</ele>
      </trkpt>
      <trkpt lat="-41.1721296" lon="-71.4208330">
        <ele>1011.0000</ele>
      </trkpt>
      <trkpt lat="-41.1721467" lon="-71.4207144">
        <ele>1010.0000</ele>
      </trkpt>
      <trkpt lat="-41.1721297" lon="-71.4205551">
        <ele>1007.0000</ele>
      </trkpt>
      <trkpt lat="-41.1720835" lon="-71.4203931">
        <ele>1003.0000</ele>
      </trkpt>
      <trkpt lat="-41.1720419" lon="-71.4202249">
        <ele>999.00000</ele>
      </trkpt>
      <trkpt lat="-41.1719404" lon="-71.4201048">
        <ele>997.00000</ele>
      </trkpt>
      <trkpt lat="-41.1718927" lon="-71.4200411">
        <ele>996.00000</ele>
      </trkpt>
      <trkpt lat="-41.1718807" lon="-71.4198521">
        <ele>990.00000</ele>
      </trkpt>
      <trkpt lat="-41.1717831" lon="-71.4195794">
        <ele>981.00000</ele>
      </trkpt>
      <trkpt lat="-41.1716981" lon="-71.4193315">
        <ele>972.00000</ele>
      </trkpt>
      <trkpt lat="-41.1716386" lon="-71.4191743">
        <ele>966.00000</ele>
      </trkpt>
      <trkpt lat="-41.1715005" lon="-71.4189798">
        <ele>957.00000</ele>
      </trkpt>
      <trkpt lat="-41.1714149" lon="-71.4188426">
        <ele>950.00000</ele>
      </trkpt>
      <trkpt lat="-41.1713020" lon="-71.4185705">
        <ele>938.00000</ele>
      </trkpt>
      <trkpt lat="-41.1712473" lon="-71.4184709">
        <ele>936.00000</ele>
      </trkpt>
      <trkpt lat="-41.1710862" lon="-71.4184044">
        <ele>935.00000</ele>
      </trkpt>
      <trkpt lat="-41.1710042" lon="-71.4183667">
        <ele>936.00000</ele>
      </trkpt>
      <trkpt lat="-41.1709363" lon="-71.4182965">
        <ele>934.00000</ele>
      </trkpt>
      <trkpt lat="-41.1708906" lon="-71.4182283">
        <ele>933.00000</ele>
      </trkpt>
      <trkpt lat="-41.1707348" lon="-71.4181213">
        <ele>932.00000</ele>
      </trkpt>
      <trkpt lat="-41.1706452" lon="-71.4180560">
        <ele>931.00000</ele>
      </trkpt>
      <trkpt lat="-41.1705712" lon="-71.4180064">
        <ele>930.00000</ele>
      </trkpt>
      <trkpt lat="-41.1704999" lon="-71.4179421">
        <ele>928.00000</ele>
      </trkpt>
      <trkpt lat="-41.1704480" lon="-71.4178706">
        <ele>924.00000</ele>
      </trkpt>
      <trkpt lat="-41.1703672" lon="-71.4177740">
        <ele>920.00000</ele>
      </trkpt>
      <trkpt lat="-41.1702797" lon="-71.4177120">
        <ele>917.00000</ele>
      </trkpt>
      <trkpt lat="-41.1702127" lon="-71.4176832">
        <ele>917.00000</ele>
      </trkpt>
      <trkpt lat="-41.1701399" lon="-71.4176513">
        <ele>915.00000</ele>
      </trkpt>
      <trkpt lat="-41.1700163" lon="-71.4176423">
        <ele>916.00000</ele>
      </trkpt>
      <trkpt lat="-41.1699222" lon="-71.4176402">
        <ele>917.00000</ele>
      </trkpt>
      <trkpt lat="-41.1698411" lon="-71.4176428">
        <ele>918.00000</ele>
      </trkpt>
      <trkpt lat="-41.1697880" lon="-71.4176326">
        <ele>919.00000</ele>
      </trkpt>
      <trkpt lat="-41.1696817" lon="-71.4176070">
        <ele>918.00000</ele>
      </trkpt>
      <trkpt lat="-41.1695975" lon="-71.4175622">
        <ele>915.00000</ele>
      </trkpt>
      <trkpt lat="-41.1695062" lon="-71.4174948">
        <ele>911.00000</ele>
      </trkpt>
      <trkpt lat="-41.1694222" lon="-71.4174739">
        <ele>909.00000</ele>
      </trkpt>
      <trkpt lat="-41.1693471" lon="-71.4174445">
        <ele>906.00000</ele>
      </trkpt>
      <trkpt lat="-41.1692553" lon="-71.4174526">
        <ele>904.00000</ele>
      </trkpt>
      <trkpt lat="-41.1691435" lon="-71.4174736">
        <ele>902.00000</ele>
      </trkpt>
      <trkpt lat="-41.1690537" lon="-71.4175115">
        <ele>903.00000</ele>
      </trkpt>
      <trkpt lat="-41.1689629" lon="-71.4175315">
        <ele>903.00000</ele>
      </trkpt>
      <trkpt lat="-41.1688737" lon="-71.4175663">
        <ele>904.00000</ele>
      </trkpt>
      <trkpt lat="-41.1687666" lon="-71.4175954">
        <ele>904.00000</ele>
      </trkpt>
      <trkpt lat="-41.1687244" lon="-71.4176044">
        <ele>904.00000</ele>
      </trkpt>
      <trkpt lat="-41.1686241" lon="-71.4175996">
        <ele>902.00000</ele>
      </trkpt>
      <trkpt lat="-41.1685100" lon="-71.4175825">
        <ele>900.00000</ele>
      </trkpt>
      <trkpt lat="-41.1684154" lon="-71.4175567">
        <ele>898.00000</ele>
      </trkpt>
      <trkpt lat="-41.1682651" lon="-71.4175145">
        <ele>895.00000</ele>
      </trkpt>
      <trkpt lat="-41.1681807" lon="-71.4175186">
        <ele>896.00000</ele>
      </trkpt>
      <trkpt lat="-41.1681062" lon="-71.4175298">
        <ele>897.00000</ele>
      </trkpt>
      <trkpt lat="-41.1680151" lon="-71.4175405">
        <ele>898.00000</ele>
      </trkpt>
      <trkpt lat="-41.1678932" lon="-71.4175520">
        <ele>899.00000</ele>
      </trkpt>
      <trkpt lat="-41.1678372" lon="-71.4175621">
        <ele>900.00000</ele>
      </trkpt>
      <trkpt lat="-41.1677213" lon="-71.4176069">
        <ele>901.00000</ele>
      </trkpt>
      <trkpt lat="-41.1676308" lon="-71.4176378">
        <ele>901.00000</ele>
      </trkpt>
      <trkpt lat="-41.1674974" lon="-71.4176499">
        <ele>899.00000</ele>
      </trkpt>
      <trkpt lat="-41.1673552" lon="-71.4176722">
        <ele>899.00000</ele>
      </trkpt>
      <trkpt lat="-41.1672475" lon="-71.4176884">
        <ele>899.00000</ele>
      </trkpt>
      <trkpt lat="-41.1670992" lon="-71.4177011">
        <ele>899.00000</ele>
      </trkpt>
      <trkpt lat="-41.1669813" lon="-71.4177055">
        <ele>898.00000</ele>
      </trkpt>
      <trkpt lat="-41.1668561" lon="-71.4177102">
        <ele>899.00000</ele>
      </trkpt>
      <trkpt lat="-41.1667758" lon="-71.4177061">
        <ele>900.00000</ele>
      </trkpt>
      <trkpt lat="-41.1666614" lon="-71.4176932">
        <ele>901.00000</ele>
      </trkpt>
      <trkpt lat="-41.1666047" lon="-71.4176396">
        <ele>899.00000</ele>
      </trkpt>
      <trkpt lat="-41.1665446" lon="-71.4175687">
        <ele>896.00000</ele>
      </trkpt>
      <trkpt lat="-41.1664741" lon="-71.4174847">
        <ele>892.00000</ele>
      </trkpt>
      <trkpt lat="-41.1664160" lon="-71.4174384">
        <ele>890.00000</ele>
      </trkpt>
      <trkpt lat="-41.1663293" lon="-71.4173711">
        <ele>888.00000</ele>
      </trkpt>
      <trkpt lat="-41.1662470" lon="-71.4173277">
        <ele>886.00000</ele>
      </trkpt>
      <trkpt lat="-41.1661382" lon="-71.4172773">
        <ele>884.00000</ele>
      </trkpt>
      <trkpt lat="-41.1660666" lon="-71.4172503">
        <ele>883.00000</ele>
      </trkpt>
      <trkpt lat="-41.1659186" lon="-71.4172637">
        <ele>883.00000</ele>
      </trkpt>
      <trkpt lat="-41.1657931" lon="-71.4172580">
        <ele>882.00000</ele>
      </trkpt>
      <trkpt lat="-41.1656984" lon="-71.4172550">
        <ele>881.00000</ele>
      </trkpt>
      <trkpt lat="-41.1656106" lon="-71.4172560">
        <ele>881.00000</ele>
      </trkpt>
      <trkpt lat="-41.1655350" lon="-71.4172501">
        <ele>880.00000</ele>
      </trkpt>
      <trkpt lat="-41.1654442" lon="-71.4172311">
        <ele>879.00000</ele>
      </trkpt>
      <trkpt lat="-41.1653140" lon="-71.4171979">
        <ele>878.00000</ele>
      </trkpt>
      <trkpt lat="-41.1651925" lon="-71.4171700">
        <ele>877.00000</ele>
      </trkpt>
      <trkpt lat="-41.1650729" lon="-71.4171465">
        <ele>876.00000</ele>
      </trkpt>
      <trkpt lat="-41.1649507" lon="-71.4171140">
        <ele>875.00000</ele>
      </trkpt>
      <trkpt lat="-41.1648414" lon="-71.4171067">
        <ele>876.00000</ele>
      </trkpt>
      <trkpt lat="-41.1647231" lon="-71.4170729">
        <ele>876.00000</ele>
      </trkpt>
      <trkpt lat="-41.1646293" lon="-71.4170295">
        <ele>875.00000</ele>
      </trkpt>
      <trkpt lat="-41.1645397" lon="-71.4170030">
        <ele>876.00000</ele>
      </trkpt>
      <trkpt lat="-41.1643993" lon="-71.4169458">
        <ele>875.00000</ele>
      </trkpt>
      <trkpt lat="-41.1643338" lon="-71.4169067">
        <ele>874.00000</ele>
      </trkpt>
      <trkpt lat="-41.1642363" lon="-71.4168527">
        <ele>872.00000</ele>
      </trkpt>
      <trkpt lat="-41.1641419" lon="-71.4167937">
        <ele>870.00000</ele>
      </trkpt>
      <trkpt lat="-41.1640354" lon="-71.4167425">
        <ele>868.00000</ele>
      </trkpt>
      <trkpt lat="-41.1639410" lon="-71.4166980">
        <ele>866.00000</ele>
      </trkpt>
      <trkpt lat="-41.1638535" lon="-71.4166483">
        <ele>864.00000</ele>
      </trkpt>
      <trkpt lat="-41.1637951" lon="-71.4166015">
        <ele>863.00000</ele>
      </trkpt>
      <trkpt lat="-41.1637083" lon="-71.4165855">
        <ele>862.00000</ele>
      </trkpt>
      <trkpt lat="-41.1636058" lon="-71.4165433">
        <ele>860.00000</ele>
      </trkpt>
      <trkpt lat="-41.1634748" lon="-71.4165033">
        <ele>859.00000</ele>
      </trkpt>
      <trkpt lat="-41.1633563" lon="-71.4164681">
        <ele>858.00000</ele>
      </trkpt>
      <trkpt lat="-41.1632076" lon="-71.4164494">
        <ele>858.00000</ele>
      </trkpt>
      <trkpt lat="-41.1630515" lon="-71.4164205">
        <ele>859.00000</ele>
      </trkpt>
      <trkpt lat="-41.1630002" lon="-71.4164058">
        <ele>858.00000</ele>
      </trkpt>
      <trkpt lat="-41.1628738" lon="-71.4163379">
        <ele>855.00000</ele>
      </trkpt>
      <trkpt lat="-41.1627857" lon="-71.4162906">
        <ele>854.00000</ele>
      </trkpt>
      <trkpt lat="-41.1627107" lon="-71.4162454">
        <ele>853.00000</ele>
      </trkpt>
      <trkpt lat="-41.1625953" lon="-71.4161870">
        <ele>852.00000</ele>
      </trkpt>
      <trkpt lat="-41.1625180" lon="-71.4161064">
        <ele>851.00000</ele>
      </trkpt>
      <trkpt lat="-41.1624613" lon="-71.4160290">
        <ele>849.00000</ele>
      </trkpt>
      <trkpt lat="-41.1623944" lon="-71.4159931">
        <ele>849.00000</ele>
      </trkpt>
      <trkpt lat="-41.1622832" lon="-71.4159146">
        <ele>847.00000</ele>
      </trkpt>
      <trkpt lat="-41.1621986" lon="-71.4158686">
        <ele>846.00000</ele>
      </trkpt>
      <trkpt lat="-41.1621130" lon="-71.4157895">
        <ele>845.00000</ele>
      </trkpt>
      <trkpt lat="-41.1620459" lon="-71.4157649">
        <ele>845.00000</ele>
      </trkpt>
      <trkpt lat="-41.1619797" lon="-71.4157157">
        <ele>845.00000</ele>
      </trkpt>
      <trkpt lat="-41.1619191" lon="-71.4155862">
        <ele>844.00000</ele>
      </trkpt>
      <trkpt lat="-41.1618687" lon="-71.4154281">
        <ele>841.00000</ele>
      </trkpt>
      <trkpt lat="-41.1618240" lon="-71.4153287">
        <ele>839.00000</ele>
      </trkpt>
      <trkpt lat="-41.1617873" lon="-71.4151690">
        <ele>836.00000</ele>
      </trkpt>
      <trkpt lat="-41.1617460" lon="-71.4149647">
        <ele>832.00000</ele>
      </trkpt>
      <trkpt lat="-41.1617011" lon="-71.4148028">
        <ele>830.00000</ele>
      </trkpt>
      <trkpt lat="-41.1616799" lon="-71.4146589">
        <ele>828.00000</ele>
      </trkpt>
      <trkpt lat="-41.1616552" lon="-71.4144753">
        <ele>825.00000</ele>
      </trkpt>
      <trkpt lat="-41.1616110" lon="-71.4143153">
        <ele>824.00000</ele>
      </trkpt>
      <trkpt lat="-41.1616009" lon="-71.4142095">
        <ele>822.00000</ele>
      </trkpt>
      <trkpt lat="-41.1615723" lon="-71.4140470">
        <ele>822.00000</ele>
      </trkpt>
      <trkpt lat="-41.1615384" lon="-71.4138608">
        <ele>822.00000</ele>
      </trkpt>
      <trkpt lat="-41.1615076" lon="-71.4137096">
        <ele>821.00000</ele>
      </trkpt>
      <trkpt lat="-41.1614810" lon="-71.4135645">
        <ele>820.00000</ele>
      </trkpt>
      <trkpt lat="-41.1614406" lon="-71.4132746">
        <ele>818.00000</ele>
      </trkpt>
      <trkpt lat="-41.1613870" lon="-71.4130673">
        <ele>817.00000</ele>
      </trkpt>
      <trkpt lat="-41.1613579" lon="-71.4129399">
        <ele>816.00000</ele>
      </trkpt>
      <trkpt lat="-41.1613420" lon="-71.4127679">
        <ele>815.00000</ele>
      </trkpt>
      <trkpt lat="-41.1613082" lon="-71.4125733">
        <ele>814.00000</ele>
      </trkpt>
      <trkpt lat="-41.1612719" lon="-71.4123757">
        <ele>814.00000</ele>
      </trkpt>
      <trkpt lat="-41.1612382" lon="-71.4121979">
        <ele>813.00000</ele>
      </trkpt>
      <trkpt lat="-41.1611698" lon="-71.4119269">
        <ele>812.00000</ele>
      </trkpt>
      <trkpt lat="-41.1611332" lon="-71.4117214">
        <ele>812.00000</ele>
      </trkpt>
      <trkpt lat="-41.1610912" lon="-71.4115306">
        <ele>812.00000</ele>
      </trkpt>
      <trkpt lat="-41.1610576" lon="-71.4113809">
        <ele>811.00000</ele>
      </trkpt>
      <trkpt lat="-41.1610244" lon="-71.4112005">
        <ele>811.00000</ele>
      </trkpt>
      <trkpt lat="-41.1610252" lon="-71.4111872">
        <ele>811.00000</ele>
      </trkpt>
      <trkpt lat="-41.1609969" lon="-71.4111130">
        <ele>811.00000</ele>
      </trkpt>
      <trkpt lat="-41.1606314" lon="-71.4109939">
        <ele>812.00000</ele>
      </trkpt>
      <trkpt lat="-41.1603092" lon="-71.4112102">
        <ele>810.00000</ele>
      </trkpt>
      <trkpt lat="-41.1601366" lon="-71.4112225">
        <ele>810.00000</ele>
      </trkpt>
      <trkpt lat="-41.1599421" lon="-71.4110064">
        <ele>809.00000</ele>
      </trkpt>
      <trkpt lat="-41.1597414" lon="-71.4107876">
        <ele>809.00000</ele>
      </trkpt>
      <trkpt lat="-41.1596286" lon="-71.4106317">
        <ele>810.00000</ele>
      </trkpt>
      <trkpt lat="-41.1594786" lon="-71.4105291">
        <ele>809.00000</ele>
      </trkpt>
      <trkpt lat="-41.1593243" lon="-71.4103742">
        <ele>810.00000</ele>
      </trkpt>
      <trkpt lat="-41.1589623" lon="-71.4101312">
        <ele>809.00000</ele>
      </trkpt>
      <trkpt lat="-41.1587240" lon="-71.4099805">
        <ele>810.00000</ele>
      </trkpt>
      <trkpt lat="-41.1585801" lon="-71.4099822">
        <ele>811.00000</ele>
      </trkpt>
      <trkpt lat="-41.1582388" lon="-71.4099670">
        <ele>811.00000</ele>
      </trkpt>
      <trkpt lat="-41.1580187" lon="-71.4099073">
        <ele>811.00000</ele>
      </trkpt>
      <trkpt lat="-41.1576993" lon="-71.4097676">
        <ele>815.00000</ele>
      </trkpt>
      <trkpt lat="-41.1574609" lon="-71.4097369">
        <ele>815.00000</ele>
      </trkpt>
      <trkpt lat="-41.1571952" lon="-71.4096960">
        <ele>813.00000</ele>
      </trkpt>
      <trkpt lat="-41.1569646" lon="-71.4094617">
        <ele>813.00000</ele>
      </trkpt>
      <trkpt lat="-41.1567318" lon="-71.4092251">
        <ele>813.00000</ele>
      </trkpt>
      <trkpt lat="-41.1566019" lon="-71.4091016">
        <ele>813.00000</ele>
      </trkpt>
      <trkpt lat="-41.1564401" lon="-71.4090155">
        <ele>813.00000</ele>
      </trkpt>
      <trkpt lat="-41.1561373" lon="-71.4089296">
        <ele>812.00000</ele>
      </trkpt>
      <trkpt lat="-41.1557722" lon="-71.4089249">
        <ele>813.00000</ele>
      </trkpt>
      <trkpt lat="-41.1552654" lon="-71.4089394">
        <ele>812.00000</ele>
      </trkpt>
      <trkpt lat="-41.1547956" lon="-71.4089508">
        <ele>811.00000</ele>
      </trkpt>
      <trkpt lat="-41.1544471" lon="-71.4089207">
        <ele>811.00000</ele>
      </trkpt>
      <trkpt lat="-41.1542480" lon="-71.4089833">
        <ele>811.00000</ele>
      </trkpt>
      <trkpt lat="-41.1539302" lon="-71.4090751">
        <ele>810.00000</ele>
      </trkpt>
      <trkpt lat="-41.1536581" lon="-71.4091617">
        <ele>809.00000</ele>
      </trkpt>
      <trkpt lat="-41.1534026" lon="-71.4092428">
        <ele>808.00000</ele>
      </trkpt>
      <trkpt lat="-41.1531232" lon="-71.4096489">
        <ele>809.00000</ele>
      </trkpt>
      <trkpt lat="-41.1528827" lon="-71.4099555">
        <ele>809.00000</ele>
      </trkpt>
      <trkpt lat="-41.1526948" lon="-71.4101658">
        <ele>809.00000</ele>
      </trkpt>
      <trkpt lat="-41.1524723" lon="-71.4102897">
        <ele>810.00000</ele>
      </trkpt>
      <trkpt lat="-41.1519387" lon="-71.4104290">
        <ele>809.00000</ele>
      </trkpt>
      <trkpt lat="-41.1516120" lon="-71.4104666">
        <ele>809.00000</ele>
      </trkpt>
      <trkpt lat="-41.1512644" lon="-71.4105095">
        <ele>810.00000</ele>
      </trkpt>
      <trkpt lat="-41.1507763" lon="-71.4103548">
        <ele>811.00000</ele>
      </trkpt>
      <trkpt lat="-41.1506168" lon="-71.4100179">
        <ele>811.00000</ele>
      </trkpt>
      <trkpt lat="-41.1505649" lon="-71.4096126">
        <ele>813.00000</ele>
      </trkpt>
      <trkpt lat="-41.1500269" lon="-71.4096796">
        <ele>812.00000</ele>
      </trkpt>
      <trkpt lat="-41.1496055" lon="-71.4098209">
        <ele>813.00000</ele>
      </trkpt>
      <trkpt lat="-41.1491139" lon="-71.4098390">
        <ele>817.00000</ele>
      </trkpt>
      <trkpt lat="-41.1487937" lon="-71.4098807">
        <ele>816.00000</ele>
      </trkpt>
      <trkpt lat="-41.1484009" lon="-71.4097573">
        <ele>815.00000</ele>
      </trkpt>
      <trkpt lat="-41.1481305" lon="-71.4097156">
        <ele>814.00000</ele>
      </trkpt>
      <trkpt lat="-41.1479372" lon="-71.4097265">
        <ele>813.00000</ele>
      </trkpt>
      <trkpt lat="-41.1475287" lon="-71.4098167">
        <ele>812.00000</ele>
      </trkpt>
      <trkpt lat="-41.1469063" lon="-71.4098890">
        <ele>812.00000</ele>
      </trkpt>
      <trkpt lat="-41.1466065" lon="-71.4100083">
        <ele>810.00000</ele>
      </trkpt>
      <trkpt lat="-41.1461199" lon="-71.4100696">
        <ele>807.00000</ele>
      </trkpt>
      <trkpt lat="-41.1454795" lon="-71.4102273">
        <ele>808.00000</ele>
      </trkpt>
      <trkpt lat="-41.1450474" lon="-71.4103125">
        <ele>807.00000</ele>
      </trkpt>
      <trkpt lat="-41.1446833" lon="-71.4104084">
        <ele>809.00000</ele>
      </trkpt>
      <trkpt lat="-41.1441269" lon="-71.4105441">
        <ele>808.00000</ele>
      </trkpt>
      <trkpt lat="-41.1438409" lon="-71.4106081">
        <ele>807.00000</ele>
      </trkpt>
      <trkpt lat="-41.1437051" lon="-71.4106124">
        <ele>808.00000</ele>
      </trkpt>
      <trkpt lat="-41.1435547" lon="-71.4106519">
        <ele>809.00000</ele>
      </trkpt>
      <trkpt lat="-41.1434009" lon="-71.4106956">
        <ele>810.00000</ele>
      </trkpt>
      <trkpt lat="-41.1432298" lon="-71.4107314">
        <ele>811.00000</ele>
      </trkpt>
      <trkpt lat="-41.1430633" lon="-71.4107467">
        <ele>811.00000</ele>
      </trkpt>
      <trkpt lat="-41.1429261" lon="-71.4107859">
        <ele>810.00000</ele>
      </trkpt>
      <trkpt lat="-41.1427319" lon="-71.4108175">
        <ele>809.00000</ele>
      </trkpt>
      <trkpt lat="-41.1425019" lon="-71.4108626">
        <ele>810.00000</ele>
      </trkpt>
      <trkpt lat="-41.1423553" lon="-71.4109025">
        <ele>810.00000</ele>
      </trkpt>
      <trkpt lat="-41.1421842" lon="-71.4109446">
        <ele>810.00000</ele>
      </trkpt>
      <trkpt lat="-41.1419886" lon="-71.4109944">
        <ele>810.00000</ele>
      </trkpt>
      <trkpt lat="-41.1418223" lon="-71.4110246">
        <ele>810.00000</ele>
      </trkpt>
      <trkpt lat="-41.1416957" lon="-71.4110817">
        <ele>810.00000</ele>
      </trkpt>
      <trkpt lat="-41.1415320" lon="-71.4111553">
        <ele>809.00000</ele>
      </trkpt>
      <trkpt lat="-41.1414346" lon="-71.4111924">
        <ele>808.00000</ele>
      </trkpt>
      <trkpt lat="-41.1412524" lon="-71.4112348">
        <ele>808.00000</ele>
      </trkpt>
      <trkpt lat="-41.1411086" lon="-71.4112706">
        <ele>808.00000</ele>
      </trkpt>
      <trkpt lat="-41.1409942" lon="-71.4113043">
        <ele>808.00000</ele>
      </trkpt>
      <trkpt lat="-41.1409009" lon="-71.4113298">
        <ele>808.00000</ele>
      </trkpt>
      <trkpt lat="-41.1407068" lon="-71.4113654">
        <ele>808.00000</ele>
      </trkpt>
      <trkpt lat="-41.1405393" lon="-71.4114203">
        <ele>808.00000</ele>
      </trkpt>
      <trkpt lat="-41.1403635" lon="-71.4114503">
        <ele>809.00000</ele>
      </trkpt>
      <trkpt lat="-41.1401794" lon="-71.4114960">
        <ele>809.00000</ele>
      </trkpt>
      <trkpt lat="-41.1400127" lon="-71.4115544">
        <ele>809.00000</ele>
      </trkpt>
      <trkpt lat="-41.1398531" lon="-71.4115961">
        <ele>809.00000</ele>
      </trkpt>
      <trkpt lat="-41.1396972" lon="-71.4116707">
        <ele>808.00000</ele>
      </trkpt>
      <trkpt lat="-41.1395978" lon="-71.4117076">
        <ele>808.00000</ele>
      </trkpt>
      <trkpt lat="-41.1394789" lon="-71.4117470">
        <ele>807.00000</ele>
      </trkpt>
      <trkpt lat="-41.1393774" lon="-71.4117721">
        <ele>807.00000</ele>
      </trkpt>
      <trkpt lat="-41.1392322" lon="-71.4118129">
        <ele>806.00000</ele>
      </trkpt>
      <trkpt lat="-41.1391238" lon="-71.4118788">
        <ele>806.00000</ele>
      </trkpt>
      <trkpt lat="-41.1389970" lon="-71.4118944">
        <ele>806.00000</ele>
      </trkpt>
      <trkpt lat="-41.1389261" lon="-71.4119221">
        <ele>806.00000</ele>
      </trkpt>
      <trkpt lat="-41.1387851" lon="-71.4119564">
        <ele>807.00000</ele>
      </trkpt>
      <trkpt lat="-41.1386419" lon="-71.4119805">
        <ele>807.00000</ele>
      </trkpt>
      <trkpt lat="-41.1384933" lon="-71.4120577">
        <ele>807.00000</ele>
      </trkpt>
      <trkpt lat="-41.1383577" lon="-71.4121020">
        <ele>807.00000</ele>
      </trkpt>
      <trkpt lat="-41.1381974" lon="-71.4121646">
        <ele>806.00000</ele>
      </trkpt>
      <trkpt lat="-41.1381016" lon="-71.4122237">
        <ele>806.00000</ele>
      </trkpt>
      <trkpt lat="-41.1379926" lon="-71.4122915">
        <ele>805.00000</ele>
      </trkpt>
      <trkpt lat="-41.1378783" lon="-71.4123159">
        <ele>805.00000</ele>
      </trkpt>
      <trkpt lat="-41.1377506" lon="-71.4123601">
        <ele>805.00000</ele>
      </trkpt>
      <trkpt lat="-41.1375856" lon="-71.4124215">
        <ele>805.00000</ele>
      </trkpt>
      <trkpt lat="-41.1374533" lon="-71.4124759">
        <ele>805.00000</ele>
      </trkpt>
      <trkpt lat="-41.1373426" lon="-71.4125060">
        <ele>805.00000</ele>
      </trkpt>
      <trkpt lat="-41.1372727" lon="-71.4125301">
        <ele>805.00000</ele>
      </trkpt>
      <trkpt lat="-41.1371443" lon="-71.4125850">
        <ele>805.00000</ele>
      </trkpt>
      <trkpt lat="-41.1370580" lon="-71.4126125">
        <ele>805.00000</ele>
      </trkpt>
      <trkpt lat="-41.1369801" lon="-71.4126357">
        <ele>805.00000</ele>
      </trkpt>
      <trkpt lat="-41.1368738" lon="-71.4126610">
        <ele>805.00000</ele>
      </trkpt>
      <trkpt lat="-41.1367962" lon="-71.4126789">
        <ele>805.00000</ele>
      </trkpt>
      <trkpt lat="-41.1367019" lon="-71.4127055">
        <ele>805.00000</ele>
      </trkpt>
      <trkpt lat="-41.1366156" lon="-71.4127331">
        <ele>806.00000</ele>
      </trkpt>
      <trkpt lat="-41.1365373" lon="-71.4127616">
        <ele>806.00000</ele>
      </trkpt>
      <trkpt lat="-41.1364187" lon="-71.4127908">
        <ele>806.00000</ele>
      </trkpt>
      <trkpt lat="-41.1363742" lon="-71.4127323">
        <ele>807.00000</ele>
      </trkpt>
      <trkpt lat="-41.1363553" lon="-71.4126500">
        <ele>807.00000</ele>
      </trkpt>
      <trkpt lat="-41.1363535" lon="-71.4125536">
        <ele>807.00000</ele>
      </trkpt>
      <trkpt lat="-41.1363847" lon="-71.4124449">
        <ele>807.00000</ele>
      </trkpt>
      <trkpt lat="-41.1364282" lon="-71.4123323">
        <ele>806.00000</ele>
      </trkpt>
      <trkpt lat="-41.1364554" lon="-71.4122232">
        <ele>806.00000</ele>
      </trkpt>
      <trkpt lat="-41.1364629" lon="-71.4121065">
        <ele>807.00000</ele>
      </trkpt>
      <trkpt lat="-41.1364664" lon="-71.4119893">
        <ele>808.00000</ele>
      </trkpt>
      <trkpt lat="-41.1364597" lon="-71.4118443">
        <ele>809.00000</ele>
      </trkpt>
      <trkpt lat="-41.1364440" lon="-71.4117143">
        <ele>809.00000</ele>
      </trkpt>
      <trkpt lat="-41.1364388" lon="-71.4116068">
        <ele>810.00000</ele>
      </trkpt>
      <trkpt lat="-41.1364320" lon="-71.4115259">
        <ele>810.00000</ele>
      </trkpt>
      <trkpt lat="-41.1364279" lon="-71.4114025">
        <ele>810.00000</ele>
      </trkpt>
      <trkpt lat="-41.1364231" lon="-71.4112897">
        <ele>811.00000</ele>
      </trkpt>
      <trkpt lat="-41.1364260" lon="-71.4111832">
        <ele>811.00000</ele>
      </trkpt>
      <trkpt lat="-41.1364162" lon="-71.4110859">
        <ele>811.00000</ele>
      </trkpt>
      <trkpt lat="-41.1364027" lon="-71.4109828">
        <ele>811.00000</ele>
      </trkpt>
      <trkpt lat="-41.1363936" lon="-71.4108749">
        <ele>811.00000</ele>
      </trkpt>
      <trkpt lat="-41.1363987" lon="-71.4107954">
        <ele>812.00000</ele>
      </trkpt>
      <trkpt lat="-41.1364040" lon="-71.4106517">
        <ele>813.00000</ele>
      </trkpt>
      <trkpt lat="-41.1364346" lon="-71.4105513">
        <ele>813.00000</ele>
      </trkpt>
      <trkpt lat="-41.1364901" lon="-71.4104401">
        <ele>813.00000</ele>
      </trkpt>
      <trkpt lat="-41.1365651" lon="-71.4104005">
        <ele>813.00000</ele>
      </trkpt>
      <trkpt lat="-41.1366561" lon="-71.4104857">
        <ele>812.00000</ele>
      </trkpt>
      <trkpt lat="-41.1367528" lon="-71.4106089">
        <ele>811.00000</ele>
      </trkpt>
      <trkpt lat="-41.1368389" lon="-71.4107096">
        <ele>811.00000</ele>
      </trkpt>
      <trkpt lat="-41.1369220" lon="-71.4107938">
        <ele>811.00000</ele>
      </trkpt>
      <trkpt lat="-41.1369698" lon="-71.4108634">
        <ele>812.00000</ele>
      </trkpt>
      <trkpt lat="-41.1370462" lon="-71.4109897">
        <ele>812.00000</ele>
      </trkpt>
      <trkpt lat="-41.1371385" lon="-71.4111178">
        <ele>812.00000</ele>
      </trkpt>
      <trkpt lat="-41.1372153" lon="-71.4111746">
        <ele>812.00000</ele>
      </trkpt>
      <trkpt lat="-41.1372712" lon="-71.4112162">
        <ele>812.00000</ele>
      </trkpt>
      <trkpt lat="-41.1373436" lon="-71.4112523">
        <ele>812.00000</ele>
      </trkpt>
      <trkpt lat="-41.1373934" lon="-71.4113078">
        <ele>811.00000</ele>
      </trkpt>
      <trkpt lat="-41.1374673" lon="-71.4113656">
        <ele>811.00000</ele>
      </trkpt>
      <trkpt lat="-41.1375263" lon="-71.4113969">
        <ele>810.00000</ele>
      </trkpt>
      <trkpt lat="-41.1375948" lon="-71.4114345">
        <ele>810.00000</ele>
      </trkpt>
      <trkpt lat="-41.1376627" lon="-71.4114530">
        <ele>809.00000</ele>
      </trkpt>
      <trkpt lat="-41.1377328" lon="-71.4114502">
        <ele>809.00000</ele>
      </trkpt>
      <trkpt lat="-41.1377822" lon="-71.4114504">
        <ele>809.00000</ele>
      </trkpt>
      <trkpt lat="-41.1378582" lon="-71.4114346">
        <ele>809.00000</ele>
      </trkpt>
      <trkpt lat="-41.1379260" lon="-71.4113877">
        <ele>809.00000</ele>
      </trkpt>
      <trkpt lat="-41.1379987" lon="-71.4113241">
        <ele>809.00000</ele>
      </trkpt>
      <trkpt lat="-41.1380794" lon="-71.4112548">
        <ele>809.00000</ele>
      </trkpt>
      <trkpt lat="-41.1381438" lon="-71.4112025">
        <ele>809.00000</ele>
      </trkpt>
      <trkpt lat="-41.1382177" lon="-71.4111477">
        <ele>809.00000</ele>
      </trkpt>
      <trkpt lat="-41.1382776" lon="-71.4111052">
        <ele>808.00000</ele>
      </trkpt>
      <trkpt lat="-41.1383305" lon="-71.4110762">
        <ele>808.00000</ele>
      </trkpt>
      <trkpt lat="-41.1384193" lon="-71.4110152">
        <ele>808.00000</ele>
      </trkpt>
      <trkpt lat="-41.1385072" lon="-71.4109782">
        <ele>808.00000</ele>
      </trkpt>
      <trkpt lat="-41.1385547" lon="-71.4109586">
        <ele>808.00000</ele>
      </trkpt>
      <trkpt lat="-41.1386296" lon="-71.4108941">
        <ele>808.00000</ele>
      </trkpt>
      <trkpt lat="-41.1386871" lon="-71.4108437">
        <ele>808.00000</ele>
      </trkpt>
      <trkpt lat="-41.1387363" lon="-71.4108104">
        <ele>809.00000</ele>
      </trkpt>
      <trkpt lat="-41.1387417" lon="-71.4107228">
        <ele>809.00000</ele>
      </trkpt>
      <trkpt lat="-41.1387195" lon="-71.4106399">
        <ele>809.00000</ele>
      </trkpt>
      <trkpt lat="-41.1387027" lon="-71.4105522">
        <ele>810.00000</ele>
      </trkpt>
      <trkpt lat="-41.1386689" lon="-71.4104969">
        <ele>810.00000</ele>
      </trkpt>
      <trkpt lat="-41.1386349" lon="-71.4104681">
        <ele>810.00000</ele>
      </trkpt>
      <trkpt lat="-41.1386005" lon="-71.4104084">
        <ele>811.00000</ele>
      </trkpt>
      <trkpt lat="-41.1385657" lon="-71.4103482">
        <ele>811.00000</ele>
      </trkpt>
      <trkpt lat="-41.1385365" lon="-71.4102593">
        <ele>812.00000</ele>
      </trkpt>
      <trkpt lat="-41.1385247" lon="-71.4101645">
        <ele>813.00000</ele>
      </trkpt>
      <trkpt lat="-41.1384892" lon="-71.4100817">
        <ele>813.00000</ele>
      </trkpt>
      <trkpt lat="-41.1384324" lon="-71.4100311">
        <ele>813.00000</ele>
      </trkpt>
      <trkpt lat="-41.1383899" lon="-71.4099645">
        <ele>814.00000</ele>
      </trkpt>
      <trkpt lat="-41.1383838" lon="-71.4098705">
        <ele>814.00000</ele>
      </trkpt>
      <trkpt lat="-41.1384080" lon="-71.4097714">
        <ele>814.00000</ele>
      </trkpt>
      <trkpt lat="-41.1384591" lon="-71.4096930">
        <ele>815.00000</ele>
      </trkpt>
      <trkpt lat="-41.1384590" lon="-71.4095718">
        <ele>815.00000</ele>
      </trkpt>
      <trkpt lat="-41.1384349" lon="-71.4094714">
        <ele>816.00000</ele>
      </trkpt>
      <trkpt lat="-41.1384378" lon="-71.4093915">
        <ele>816.00000</ele>
      </trkpt>
      <trkpt lat="-41.1384767" lon="-71.4093296">
        <ele>816.00000</ele>
      </trkpt>
      <trkpt lat="-41.1385298" lon="-71.4092824">
        <ele>817.00000</ele>
      </trkpt>
      <trkpt lat="-41.1385908" lon="-71.4092157">
        <ele>817.00000</ele>
      </trkpt>
      <trkpt lat="-41.1386337" lon="-71.4091866">
        <ele>817.00000</ele>
      </trkpt>
      <trkpt lat="-41.1386734" lon="-71.4091477">
        <ele>817.00000</ele>
      </trkpt>
      <trkpt lat="-41.1387237" lon="-71.4091297">
        <ele>817.00000</ele>
      </trkpt>
      <trkpt lat="-41.1387596" lon="-71.4091047">
        <ele>818.00000</ele>
      </trkpt>
      <trkpt lat="-41.1387951" lon="-71.4090238">
        <ele>818.00000</ele>
      </trkpt>
      <trkpt lat="-41.1388059" lon="-71.4089650">
        <ele>818.00000</ele>
      </trkpt>
      <trkpt lat="-41.1388248" lon="-71.4088807">
        <ele>819.00000</ele>
      </trkpt>
      <trkpt lat="-41.1388328" lon="-71.4088025">
        <ele>820.00000</ele>
      </trkpt>
      <trkpt lat="-41.1388730" lon="-71.4087604">
        <ele>820.00000</ele>
      </trkpt>
      <trkpt lat="-41.1389258" lon="-71.4087331">
        <ele>820.00000</ele>
      </trkpt>
      <trkpt lat="-41.1389597" lon="-71.4087527">
        <ele>819.00000</ele>
      </trkpt>
      <trkpt lat="-41.1390138" lon="-71.4087774">
        <ele>818.00000</ele>
      </trkpt>
      <trkpt lat="-41.1390721" lon="-71.4087735">
        <ele>818.00000</ele>
      </trkpt>
      <trkpt lat="-41.1391319" lon="-71.4087448">
        <ele>817.00000</ele>
      </trkpt>
      <trkpt lat="-41.1391881" lon="-71.4087038">
        <ele>817.00000</ele>
      </trkpt>
      <trkpt lat="-41.1392387" lon="-71.4086785">
        <ele>817.00000</ele>
      </trkpt>
      <trkpt lat="-41.1392909" lon="-71.4086753">
        <ele>817.00000</ele>
      </trkpt>
      <trkpt lat="-41.1393445" lon="-71.4086694">
        <ele>817.00000</ele>
      </trkpt>
      <trkpt lat="-41.1393950" lon="-71.4086542">
        <ele>817.00000</ele>
      </trkpt>
      <trkpt lat="-41.1394380" lon="-71.4086144">
        <ele>817.00000</ele>
      </trkpt>
      <trkpt lat="-41.1394826" lon="-71.4085665">
        <ele>818.00000</ele>
      </trkpt>
      <trkpt lat="-41.1394959" lon="-71.4085445">
        <ele>818.00000</ele>
      </trkpt>
      <trkpt lat="-41.1395413" lon="-71.4084954">
        <ele>819.00000</ele>
      </trkpt>
      <trkpt lat="-41.1395986" lon="-71.4084412">
        <ele>820.00000</ele>
      </trkpt>
      <trkpt lat="-41.1396382" lon="-71.4083944">
        <ele>821.00000</ele>
      </trkpt>
      <trkpt lat="-41.1396746" lon="-71.4083648">
        <ele>822.00000</ele>
      </trkpt>
      <trkpt lat="-41.1397216" lon="-71.4083190">
        <ele>823.00000</ele>
      </trkpt>
      <trkpt lat="-41.1397380" lon="-71.4082664">
        <ele>824.00000</ele>
      </trkpt>
      <trkpt lat="-41.1397625" lon="-71.4081879">
        <ele>826.00000</ele>
      </trkpt>
      <trkpt lat="-41.1397461" lon="-71.4081342">
        <ele>828.00000</ele>
      </trkpt>
      <trkpt lat="-41.1397543" lon="-71.4080652">
        <ele>829.00000</ele>
      </trkpt>
      <trkpt lat="-41.1397894" lon="-71.4080081">
        <ele>831.00000</ele>
      </trkpt>
      <trkpt lat="-41.1398055" lon="-71.4079599">
        <ele>832.00000</ele>
      </trkpt>
      <trkpt lat="-41.1398216" lon="-71.4078989">
        <ele>834.00000</ele>
      </trkpt>
      <trkpt lat="-41.1398508" lon="-71.4078589">
        <ele>835.00000</ele>
      </trkpt>
      <trkpt lat="-41.1398746" lon="-71.4078513">
        <ele>835.00000</ele>
      </trkpt>
      <trkpt lat="-41.1398745" lon="-71.4077928">
        <ele>837.00000</ele>
      </trkpt>
      <trkpt lat="-41.1398613" lon="-71.4077557">
        <ele>838.00000</ele>
      </trkpt>
      <trkpt lat="-41.1398586" lon="-71.4077065">
        <ele>839.00000</ele>
      </trkpt>
      <trkpt lat="-41.1398347" lon="-71.4076744">
        <ele>839.00000</ele>
      </trkpt>
      <trkpt lat="-41.1398026" lon="-71.4076477">
        <ele>840.00000</ele>
      </trkpt>
      <trkpt lat="-41.1397702" lon="-71.4076439">
        <ele>841.00000</ele>
      </trkpt>
      <trkpt lat="-41.1397402" lon="-71.4076237">
        <ele>841.00000</ele>
      </trkpt>
      <trkpt lat="-41.1396989" lon="-71.4076154">
        <ele>842.00000</ele>
      </trkpt>
      <trkpt lat="-41.1396572" lon="-71.4076103">
        <ele>843.00000</ele>
      </trkpt>
      <trkpt lat="-41.1396375" lon="-71.4076078">
        <ele>843.00000</ele>
      </trkpt>
      <trkpt lat="-41.1396092" lon="-71.4075943">
        <ele>844.00000</ele>
      </trkpt>
      <trkpt lat="-41.1395807" lon="-71.4075535">
        <ele>845.00000</ele>
      </trkpt>
      <trkpt lat="-41.1395346" lon="-71.4075339">
        <ele>846.00000</ele>
      </trkpt>
      <trkpt lat="-41.1394967" lon="-71.4074981">
        <ele>848.00000</ele>
      </trkpt>
      <trkpt lat="-41.1394697" lon="-71.4074707">
        <ele>849.00000</ele>
      </trkpt>
      <trkpt lat="-41.1394389" lon="-71.4074244">
        <ele>850.00000</ele>
      </trkpt>
      <trkpt lat="-41.1394143" lon="-71.4073610">
        <ele>851.00000</ele>
      </trkpt>
      <trkpt lat="-41.1393994" lon="-71.4073060">
        <ele>852.00000</ele>
      </trkpt>
      <trkpt lat="-41.1393877" lon="-71.4072425">
        <ele>853.00000</ele>
      </trkpt>
      <trkpt lat="-41.1393793" lon="-71.4071894">
        <ele>854.00000</ele>
      </trkpt>
      <trkpt lat="-41.1393692" lon="-71.4071318">
        <ele>854.00000</ele>
      </trkpt>
      <trkpt lat="-41.1393540" lon="-71.4070881">
        <ele>854.00000</ele>
      </trkpt>
      <trkpt lat="-41.1393336" lon="-71.4070564">
        <ele>855.00000</ele>
      </trkpt>
      <trkpt lat="-41.1393250" lon="-71.4069981">
        <ele>855.00000</ele>
      </trkpt>
      <trkpt lat="-41.1393505" lon="-71.4069633">
        <ele>855.00000</ele>
      </trkpt>
      <trkpt lat="-41.1393707" lon="-71.4069365">
        <ele>856.00000</ele>
      </trkpt>
      <trkpt lat="-41.1393973" lon="-71.4069026">
        <ele>856.00000</ele>
      </trkpt>
      <trkpt lat="-41.1394286" lon="-71.4068739">
        <ele>856.00000</ele>
      </trkpt>
      <trkpt lat="-41.1394611" lon="-71.4068417">
        <ele>856.00000</ele>
      </trkpt>
      <trkpt lat="-41.1394964" lon="-71.4068413">
        <ele>856.00000</ele>
      </trkpt>
      <trkpt lat="-41.1395248" lon="-71.4068377">
        <ele>856.00000</ele>
      </trkpt>
      <trkpt lat="-41.1395622" lon="-71.4068156">
        <ele>856.00000</ele>
      </trkpt>
      <trkpt lat="-41.1395944" lon="-71.4068011">
        <ele>856.00000</ele>
      </trkpt>
      <trkpt lat="-41.1396411" lon="-71.4067894">
        <ele>856.00000</ele>
      </trkpt>
      <trkpt lat="-41.1396663" lon="-71.4067683">
        <ele>856.00000</ele>
      </trkpt>
      <trkpt lat="-41.1397043" lon="-71.4067616">
        <ele>856.00000</ele>
      </trkpt>
      <trkpt lat="-41.1397459" lon="-71.4067462">
        <ele>857.00000</ele>
      </trkpt>
      <trkpt lat="-41.1397713" lon="-71.4067184">
        <ele>857.00000</ele>
      </trkpt>
      <trkpt lat="-41.1397713" lon="-71.4066664">
        <ele>858.00000</ele>
      </trkpt>
      <trkpt lat="-41.1397529" lon="-71.4066027">
        <ele>859.00000</ele>
      </trkpt>
      <trkpt lat="-41.1397315" lon="-71.4065706">
        <ele>859.00000</ele>
      </trkpt>
      <trkpt lat="-41.1397128" lon="-71.4065429">
        <ele>859.00000</ele>
      </trkpt>
      <trkpt lat="-41.1396866" lon="-71.4064842">
        <ele>860.00000</ele>
      </trkpt>
      <trkpt lat="-41.1396733" lon="-71.4064653">
        <ele>860.00000</ele>
      </trkpt>
      <trkpt lat="-41.1396482" lon="-71.4064394">
        <ele>861.00000</ele>
      </trkpt>
      <trkpt lat="-41.1396332" lon="-71.4064042">
        <ele>861.00000</ele>
      </trkpt>
      <trkpt lat="-41.1396362" lon="-71.4063489">
        <ele>862.00000</ele>
      </trkpt>
      <trkpt lat="-41.1396376" lon="-71.4063075">
        <ele>863.00000</ele>
      </trkpt>
      <trkpt lat="-41.1396510" lon="-71.4062775">
        <ele>864.00000</ele>
      </trkpt>
      <trkpt lat="-41.1396647" lon="-71.4062486">
        <ele>864.00000</ele>
      </trkpt>
      <trkpt lat="-41.1397020" lon="-71.4061911">
        <ele>865.00000</ele>
      </trkpt>
      <trkpt lat="-41.1397367" lon="-71.4061201">
        <ele>866.00000</ele>
      </trkpt>
      <trkpt lat="-41.1397608" lon="-71.4060660">
        <ele>868.00000</ele>
      </trkpt>
      <trkpt lat="-41.1397756" lon="-71.4059974">
        <ele>869.00000</ele>
      </trkpt>
      <trkpt lat="-41.1397804" lon="-71.4058945">
        <ele>872.00000</ele>
      </trkpt>
      <trkpt lat="-41.1397711" lon="-71.4057947">
        <ele>874.00000</ele>
      </trkpt>
      <trkpt lat="-41.1397561" lon="-71.4057222">
        <ele>876.00000</ele>
      </trkpt>
      <trkpt lat="-41.1397350" lon="-71.4056241">
        <ele>878.00000</ele>
      </trkpt>
      <trkpt lat="-41.1397110" lon="-71.4055668">
        <ele>879.00000</ele>
      </trkpt>
      <trkpt lat="-41.1396791" lon="-71.4054989">
        <ele>880.00000</ele>
      </trkpt>
      <trkpt lat="-41.1396499" lon="-71.4054429">
        <ele>880.00000</ele>
      </trkpt>
      <trkpt lat="-41.1396257" lon="-71.4053996">
        <ele>880.00000</ele>
      </trkpt>
      <trkpt lat="-41.1395986" lon="-71.4053620">
        <ele>880.00000</ele>
      </trkpt>
      <trkpt lat="-41.1395831" lon="-71.4053160">
        <ele>881.00000</ele>
      </trkpt>
      <trkpt lat="-41.1395748" lon="-71.4052641">
        <ele>881.00000</ele>
      </trkpt>
      <trkpt lat="-41.1395687" lon="-71.4052120">
        <ele>882.00000</ele>
      </trkpt>
      <trkpt lat="-41.1395605" lon="-71.4051330">
        <ele>883.00000</ele>
      </trkpt>
      <trkpt lat="-41.1395664" lon="-71.4050697">
        <ele>884.00000</ele>
      </trkpt>
      <trkpt lat="-41.1395635" lon="-71.4050133">
        <ele>884.00000</ele>
      </trkpt>
      <trkpt lat="-41.1395460" lon="-71.4049546">
        <ele>885.00000</ele>
      </trkpt>
      <trkpt lat="-41.1395289" lon="-71.4048897">
        <ele>886.00000</ele>
      </trkpt>
      <trkpt lat="-41.1395099" lon="-71.4048179">
        <ele>887.00000</ele>
      </trkpt>
      <trkpt lat="-41.1394980" lon="-71.4047609">
        <ele>888.00000</ele>
      </trkpt>
      <trkpt lat="-41.1394941" lon="-71.4047072">
        <ele>889.00000</ele>
      </trkpt>
      <trkpt lat="-41.1394977" lon="-71.4046430">
        <ele>890.00000</ele>
      </trkpt>
      <trkpt lat="-41.1395033" lon="-71.4045983">
        <ele>890.00000</ele>
      </trkpt>
      <trkpt lat="-41.1395011" lon="-71.4045297">
        <ele>891.00000</ele>
      </trkpt>
      <trkpt lat="-41.1395186" lon="-71.4044825">
        <ele>892.00000</ele>
      </trkpt>
      <trkpt lat="-41.1395167" lon="-71.4044406">
        <ele>893.00000</ele>
      </trkpt>
      <trkpt lat="-41.1395017" lon="-71.4043775">
        <ele>893.00000</ele>
      </trkpt>
      <trkpt lat="-41.1394874" lon="-71.4043197">
        <ele>894.00000</ele>
      </trkpt>
      <trkpt lat="-41.1394956" lon="-71.4042767">
        <ele>895.00000</ele>
      </trkpt>
      <trkpt lat="-41.1395202" lon="-71.4042237">
        <ele>896.00000</ele>
      </trkpt>
      <trkpt lat="-41.1395545" lon="-71.4041685">
        <ele>897.00000</ele>
      </trkpt>
      <trkpt lat="-41.1395732" lon="-71.4041197">
        <ele>898.00000</ele>
      </trkpt>
      <trkpt lat="-41.1395939" lon="-71.4040845">
        <ele>898.00000</ele>
      </trkpt>
      <trkpt lat="-41.1396230" lon="-71.4040306">
        <ele>899.00000</ele>
      </trkpt>
      <trkpt lat="-41.1396509" lon="-71.4039779">
        <ele>899.00000</ele>
      </trkpt>
      <trkpt lat="-41.1396693" lon="-71.4039218">
        <ele>900.00000</ele>
      </trkpt>
      <trkpt lat="-41.1396820" lon="-71.4038628">
        <ele>901.00000</ele>
      </trkpt>
      <trkpt lat="-41.1397104" lon="-71.4037886">
        <ele>902.00000</ele>
      </trkpt>
      <trkpt lat="-41.1397233" lon="-71.4037313">
        <ele>902.00000</ele>
      </trkpt>
      <trkpt lat="-41.1397336" lon="-71.4036841">
        <ele>903.00000</ele>
      </trkpt>
      <trkpt lat="-41.1397486" lon="-71.4036108">
        <ele>904.00000</ele>
      </trkpt>
      <trkpt lat="-41.1397765" lon="-71.4035637">
        <ele>905.00000</ele>
      </trkpt>
      <trkpt lat="-41.1398111" lon="-71.4035218">
        <ele>906.00000</ele>
      </trkpt>
      <trkpt lat="-41.1398489" lon="-71.4034907">
        <ele>906.00000</ele>
      </trkpt>
      <trkpt lat="-41.1398855" lon="-71.4034442">
        <ele>907.00000</ele>
      </trkpt>
      <trkpt lat="-41.1399107" lon="-71.4034127">
        <ele>908.00000</ele>
      </trkpt>
      <trkpt lat="-41.1399401" lon="-71.4033879">
        <ele>909.00000</ele>
      </trkpt>
      <trkpt lat="-41.1399811" lon="-71.4033553">
        <ele>910.00000</ele>
      </trkpt>
      <trkpt lat="-41.1400139" lon="-71.4033325">
        <ele>911.00000</ele>
      </trkpt>
      <trkpt lat="-41.1400493" lon="-71.4033165">
        <ele>912.00000</ele>
      </trkpt>
      <trkpt lat="-41.1401004" lon="-71.4032863">
        <ele>913.00000</ele>
      </trkpt>
      <trkpt lat="-41.1401378" lon="-71.4032701">
        <ele>915.00000</ele>
      </trkpt>
      <trkpt lat="-41.1401746" lon="-71.4032376">
        <ele>916.00000</ele>
      </trkpt>
      <trkpt lat="-41.1402109" lon="-71.4031999">
        <ele>918.00000</ele>
      </trkpt>
      <trkpt lat="-41.1402483" lon="-71.4031689">
        <ele>919.00000</ele>
      </trkpt>
      <trkpt lat="-41.1402806" lon="-71.4031106">
        <ele>921.00000</ele>
      </trkpt>
      <trkpt lat="-41.1403074" lon="-71.4030700">
        <ele>922.00000</ele>
      </trkpt>
      <trkpt lat="-41.1403142" lon="-71.4029910">
        <ele>924.00000</ele>
      </trkpt>
      <trkpt lat="-41.1403160" lon="-71.4029312">
        <ele>925.00000</ele>
      </trkpt>
      <trkpt lat="-41.1403108" lon="-71.4028869">
        <ele>926.00000</ele>
      </trkpt>
      <trkpt lat="-41.1403138" lon="-71.4028474">
        <ele>927.00000</ele>
      </trkpt>
      <trkpt lat="-41.1403177" lon="-71.4027917">
        <ele>928.00000</ele>
      </trkpt>
      <trkpt lat="-41.1403224" lon="-71.4027511">
        <ele>929.00000</ele>
      </trkpt>
      <trkpt lat="-41.1403220" lon="-71.4027025">
        <ele>930.00000</ele>
      </trkpt>
      <trkpt lat="-41.1403401" lon="-71.4026456">
        <ele>931.00000</ele>
      </trkpt>
      <trkpt lat="-41.1403476" lon="-71.4025961">
        <ele>932.00000</ele>
      </trkpt>
      <trkpt lat="-41.1403526" lon="-71.4025529">
        <ele>932.00000</ele>
      </trkpt>
      <trkpt lat="-41.1403626" lon="-71.4025196">
        <ele>933.00000</ele>
      </trkpt>
      <trkpt lat="-41.1403493" lon="-71.4024911">
        <ele>933.00000</ele>
      </trkpt>
      <trkpt lat="-41.1403311" lon="-71.4024578">
        <ele>934.00000</ele>
      </trkpt>
      <trkpt lat="-41.1403187" lon="-71.4024210">
        <ele>934.00000</ele>
      </trkpt>
      <trkpt lat="-41.1403043" lon="-71.4023779">
        <ele>935.00000</ele>
      </trkpt>
      <trkpt lat="-41.1403020" lon="-71.4023374">
        <ele>935.00000</ele>
      </trkpt>
      <trkpt lat="-41.1402934" lon="-71.4022996">
        <ele>936.00000</ele>
      </trkpt>
      <trkpt lat="-41.1402952" lon="-71.4022586">
        <ele>936.00000</ele>
      </trkpt>
      <trkpt lat="-41.1402965" lon="-71.4022007">
        <ele>937.00000</ele>
      </trkpt>
      <trkpt lat="-41.1402909" lon="-71.4021492">
        <ele>937.00000</ele>
      </trkpt>
      <trkpt lat="-41.1402858" lon="-71.4021030">
        <ele>938.00000</ele>
      </trkpt>
      <trkpt lat="-41.1402788" lon="-71.4020581">
        <ele>938.00000</ele>
      </trkpt>
      <trkpt lat="-41.1402767" lon="-71.4020087">
        <ele>939.00000</ele>
      </trkpt>
      <trkpt lat="-41.1402702" lon="-71.4019690">
        <ele>939.00000</ele>
      </trkpt>
      <trkpt lat="-41.1402570" lon="-71.4019324">
        <ele>939.00000</ele>
      </trkpt>
      <trkpt lat="-41.1402448" lon="-71.4018978">
        <ele>940.00000</ele>
      </trkpt>
      <trkpt lat="-41.1402350" lon="-71.4018675">
        <ele>940.00000</ele>
      </trkpt>
      <trkpt lat="-41.1402229" lon="-71.4018299">
        <ele>940.00000</ele>
      </trkpt>
      <trkpt lat="-41.1402268" lon="-71.4017868">
        <ele>941.00000</ele>
      </trkpt>
      <trkpt lat="-41.1402428" lon="-71.4017085">
        <ele>942.00000</ele>
      </trkpt>
      <trkpt lat="-41.1402601" lon="-71.4016547">
        <ele>943.00000</ele>
      </trkpt>
      <trkpt lat="-41.1402782" lon="-71.4015959">
        <ele>945.00000</ele>
      </trkpt>
      <trkpt lat="-41.1402888" lon="-71.4015511">
        <ele>945.00000</ele>
      </trkpt>
      <trkpt lat="-41.1403015" lon="-71.4014914">
        <ele>946.00000</ele>
      </trkpt>
      <trkpt lat="-41.1403165" lon="-71.4014580">
        <ele>946.00000</ele>
      </trkpt>
      <trkpt lat="-41.1403362" lon="-71.4014246">
        <ele>946.00000</ele>
      </trkpt>
      <trkpt lat="-41.1403424" lon="-71.4014020">
        <ele>947.00000</ele>
      </trkpt>
      <trkpt lat="-41.1403417" lon="-71.4013440">
        <ele>948.00000</ele>
      </trkpt>
      <trkpt lat="-41.1403335" lon="-71.4012951">
        <ele>949.00000</ele>
      </trkpt>
      <trkpt lat="-41.1403312" lon="-71.4012572">
        <ele>950.00000</ele>
      </trkpt>
      <trkpt lat="-41.1403231" lon="-71.4012272">
        <ele>950.00000</ele>
      </trkpt>
      <trkpt lat="-41.1403049" lon="-71.4011912">
        <ele>951.00000</ele>
      </trkpt>
      <trkpt lat="-41.1402892" lon="-71.4011575">
        <ele>952.00000</ele>
      </trkpt>
      <trkpt lat="-41.1402713" lon="-71.4011278">
        <ele>952.00000</ele>
      </trkpt>
      <trkpt lat="-41.1402684" lon="-71.4010710">
        <ele>953.00000</ele>
      </trkpt>
      <trkpt lat="-41.1402662" lon="-71.4010008">
        <ele>954.00000</ele>
      </trkpt>
      <trkpt lat="-41.1402790" lon="-71.4009467">
        <ele>955.00000</ele>
      </trkpt>
      <trkpt lat="-41.1403068" lon="-71.4008583">
        <ele>956.00000</ele>
      </trkpt>
      <trkpt lat="-41.1403250" lon="-71.4007997">
        <ele>958.00000</ele>
      </trkpt>
      <trkpt lat="-41.1403472" lon="-71.4007361">
        <ele>960.00000</ele>
      </trkpt>
      <trkpt lat="-41.1403782" lon="-71.4006764">
        <ele>962.00000</ele>
      </trkpt>
      <trkpt lat="-41.1403975" lon="-71.4006163">
        <ele>964.00000</ele>
      </trkpt>
      <trkpt lat="-41.1404096" lon="-71.4005747">
        <ele>965.00000</ele>
      </trkpt>
      <trkpt lat="-41.1404327" lon="-71.4005337">
        <ele>967.00000</ele>
      </trkpt>
      <trkpt lat="-41.1404239" lon="-71.4004843">
        <ele>968.00000</ele>
      </trkpt>
      <trkpt lat="-41.1404106" lon="-71.4004500">
        <ele>969.00000</ele>
      </trkpt>
      <trkpt lat="-41.1403994" lon="-71.4004097">
        <ele>969.00000</ele>
      </trkpt>
      <trkpt lat="-41.1403752" lon="-71.4003674">
        <ele>970.00000</ele>
      </trkpt>
      <trkpt lat="-41.1403477" lon="-71.4003141">
        <ele>971.00000</ele>
      </trkpt>
      <trkpt lat="-41.1403362" lon="-71.4002802">
        <ele>972.00000</ele>
      </trkpt>
      <trkpt lat="-41.1403195" lon="-71.4002392">
        <ele>973.00000</ele>
      </trkpt>
      <trkpt lat="-41.1403127" lon="-71.4002113">
        <ele>973.00000</ele>
      </trkpt>
      <trkpt lat="-41.1403258" lon="-71.4001557">
        <ele>975.00000</ele>
      </trkpt>
      <trkpt lat="-41.1403379" lon="-71.4000967">
        <ele>976.00000</ele>
      </trkpt>
      <trkpt lat="-41.1403486" lon="-71.4000252">
        <ele>977.00000</ele>
      </trkpt>
      <trkpt lat="-41.1403570" lon="-71.3999722">
        <ele>978.00000</ele>
      </trkpt>
      <trkpt lat="-41.1403575" lon="-71.3999141">
        <ele>979.00000</ele>
      </trkpt>
      <trkpt lat="-41.1403599" lon="-71.3998518">
        <ele>981.00000</ele>
      </trkpt>
      <trkpt lat="-41.1403644" lon="-71.3997843">
        <ele>982.00000</ele>
      </trkpt>
      <trkpt lat="-41.1403539" lon="-71.3997390">
        <ele>983.00000</ele>
      </trkpt>
      <trkpt lat="-41.1403397" lon="-71.3996862">
        <ele>984.00000</ele>
      </trkpt>
      <trkpt lat="-41.1403356" lon="-71.3996467">
        <ele>985.00000</ele>
      </trkpt>
      <trkpt lat="-41.1403329" lon="-71.3996069">
        <ele>986.00000</ele>
      </trkpt>
      <trkpt lat="-41.1403232" lon="-71.3995478">
        <ele>987.00000</ele>
      </trkpt>
      <trkpt lat="-41.1403431" lon="-71.3994979">
        <ele>988.00000</ele>
      </trkpt>
      <trkpt lat="-41.1403705" lon="-71.3994525">
        <ele>988.00000</ele>
      </trkpt>
      <trkpt lat="-41.1403744" lon="-71.3994460">
        <ele>988.00000</ele>
      </trkpt>
      <trkpt lat="-41.1404017" lon="-71.3994045">
        <ele>989.00000</ele>
      </trkpt>
      <trkpt lat="-41.1404268" lon="-71.3993693">
        <ele>990.00000</ele>
      </trkpt>
      <trkpt lat="-41.1404460" lon="-71.3993330">
        <ele>990.00000</ele>
      </trkpt>
      <trkpt lat="-41.1404524" lon="-71.3992849">
        <ele>991.00000</ele>
      </trkpt>
      <trkpt lat="-41.1404847" lon="-71.3992140">
        <ele>992.00000</ele>
      </trkpt>
      <trkpt lat="-41.1405205" lon="-71.3991583">
        <ele>993.00000</ele>
      </trkpt>
      <trkpt lat="-41.1405402" lon="-71.3991237">
        <ele>993.00000</ele>
      </trkpt>
      <trkpt lat="-41.1405705" lon="-71.3990920">
        <ele>994.00000</ele>
      </trkpt>
      <trkpt lat="-41.1405921" lon="-71.3990298">
        <ele>994.00000</ele>
      </trkpt>
      <trkpt lat="-41.1405903" lon="-71.3989765">
        <ele>995.00000</ele>
      </trkpt>
      <trkpt lat="-41.1405730" lon="-71.3988845">
        <ele>996.00000</ele>
      </trkpt>
      <trkpt lat="-41.1405716" lon="-71.3988437">
        <ele>998.00000</ele>
      </trkpt>
      <trkpt lat="-41.1405725" lon="-71.3987977">
        <ele>999.00000</ele>
      </trkpt>
      <trkpt lat="-41.1405853" lon="-71.3987275">
        <ele>1001.0000</ele>
      </trkpt>
      <trkpt lat="-41.1405780" lon="-71.3986661">
        <ele>1003.0000</ele>
      </trkpt>
      <trkpt lat="-41.1405631" lon="-71.3986017">
        <ele>1005.0000</ele>
      </trkpt>
      <trkpt lat="-41.1405404" lon="-71.3985507">
        <ele>1007.0000</ele>
      </trkpt>
      <trkpt lat="-41.1405060" lon="-71.3984785">
        <ele>1009.0000</ele>
      </trkpt>
      <trkpt lat="-41.1404917" lon="-71.3984357">
        <ele>1011.0000</ele>
      </trkpt>
      <trkpt lat="-41.1404649" lon="-71.3983861">
        <ele>1013.0000</ele>
      </trkpt>
      <trkpt lat="-41.1404425" lon="-71.3983357">
        <ele>1014.0000</ele>
      </trkpt>
      <trkpt lat="-41.1404733" lon="-71.3982560">
        <ele>1016.0000</ele>
      </trkpt>
      <trkpt lat="-41.1404996" lon="-71.3981743">
        <ele>1018.0000</ele>
      </trkpt>
      <trkpt lat="-41.1405200" lon="-71.3980873">
        <ele>1021.0000</ele>
      </trkpt>
      <trkpt lat="-41.1405278" lon="-71.3980151">
        <ele>1022.0000</ele>
      </trkpt>
      <trkpt lat="-41.1405299" lon="-71.3979453">
        <ele>1024.0000</ele>
      </trkpt>
      <trkpt lat="-41.1405225" lon="-71.3978301">
        <ele>1027.0000</ele>
      </trkpt>
      <trkpt lat="-41.1405143" lon="-71.3977760">
        <ele>1028.0000</ele>
      </trkpt>
      <trkpt lat="-41.1404651" lon="-71.3976819">
        <ele>1030.0000</ele>
      </trkpt>
      <trkpt lat="-41.1404387" lon="-71.3976138">
        <ele>1032.0000</ele>
      </trkpt>
      <trkpt lat="-41.1404103" lon="-71.3975543">
        <ele>1033.0000</ele>
      </trkpt>
      <trkpt lat="-41.1403872" lon="-71.3975085">
        <ele>1035.0000</ele>
      </trkpt>
      <trkpt lat="-41.1403397" lon="-71.3974633">
        <ele>1036.0000</ele>
      </trkpt>
      <trkpt lat="-41.1402959" lon="-71.3974288">
        <ele>1037.0000</ele>
      </trkpt>
      <trkpt lat="-41.1402296" lon="-71.3974830">
        <ele>1036.0000</ele>
      </trkpt>
      <trkpt lat="-41.1401948" lon="-71.3975062">
        <ele>1035.0000</ele>
      </trkpt>
      <trkpt lat="-41.1401700" lon="-71.3975717">
        <ele>1033.0000</ele>
      </trkpt>
      <trkpt lat="-41.1401340" lon="-71.3976103">
        <ele>1032.0000</ele>
      </trkpt>
      <trkpt lat="-41.1400906" lon="-71.3975994">
        <ele>1032.0000</ele>
      </trkpt>
      <trkpt lat="-41.1400479" lon="-71.3975680">
        <ele>1033.0000</ele>
      </trkpt>
      <trkpt lat="-41.1400214" lon="-71.3975407">
        <ele>1034.0000</ele>
      </trkpt>
      <trkpt lat="-41.1399725" lon="-71.3974779">
        <ele>1034.0000</ele>
      </trkpt>
      <trkpt lat="-41.1399710" lon="-71.3974350">
        <ele>1035.0000</ele>
      </trkpt>
      <trkpt lat="-41.1399825" lon="-71.3973655">
        <ele>1037.0000</ele>
      </trkpt>
      <trkpt lat="-41.1400003" lon="-71.3973323">
        <ele>1038.0000</ele>
      </trkpt>
      <trkpt lat="-41.1400224" lon="-71.3972339">
        <ele>1040.0000</ele>
      </trkpt>
      <trkpt lat="-41.1400179" lon="-71.3971429">
        <ele>1042.0000</ele>
      </trkpt>
      <trkpt lat="-41.1400426" lon="-71.3970964">
        <ele>1043.0000</ele>
      </trkpt>
      <trkpt lat="-41.1400862" lon="-71.3970975">
        <ele>1043.0000</ele>
      </trkpt>
      <trkpt lat="-41.1401151" lon="-71.3970596">
        <ele>1044.0000</ele>
      </trkpt>
      <trkpt lat="-41.1401265" lon="-71.3970115">
        <ele>1045.0000</ele>
      </trkpt>
      <trkpt lat="-41.1401313" lon="-71.3969211">
        <ele>1047.0000</ele>
      </trkpt>
      <trkpt lat="-41.1401322" lon="-71.3968355">
        <ele>1048.0000</ele>
      </trkpt>
      <trkpt lat="-41.1401555" lon="-71.3967435">
        <ele>1050.0000</ele>
      </trkpt>
      <trkpt lat="-41.1401691" lon="-71.3966249">
        <ele>1053.0000</ele>
      </trkpt>
      <trkpt lat="-41.1401838" lon="-71.3965167">
        <ele>1055.0000</ele>
      </trkpt>
      <trkpt lat="-41.1401955" lon="-71.3964498">
        <ele>1057.0000</ele>
      </trkpt>
      <trkpt lat="-41.1401941" lon="-71.3963668">
        <ele>1058.0000</ele>
      </trkpt>
      <trkpt lat="-41.1402225" lon="-71.3963023">
        <ele>1060.0000</ele>
      </trkpt>
      <trkpt lat="-41.1402449" lon="-71.3962362">
        <ele>1062.0000</ele>
      </trkpt>
      <trkpt lat="-41.1402600" lon="-71.3961642">
        <ele>1063.0000</ele>
      </trkpt>
      <trkpt lat="-41.1403133" lon="-71.3961074">
        <ele>1065.0000</ele>
      </trkpt>
      <trkpt lat="-41.1403498" lon="-71.3960559">
        <ele>1066.0000</ele>
      </trkpt>
      <trkpt lat="-41.1403760" lon="-71.3959856">
        <ele>1068.0000</ele>
      </trkpt>
      <trkpt lat="-41.1403895" lon="-71.3959123">
        <ele>1069.0000</ele>
      </trkpt>
      <trkpt lat="-41.1403841" lon="-71.3958497">
        <ele>1071.0000</ele>
      </trkpt>
      <trkpt lat="-41.1403527" lon="-71.3958226">
        <ele>1072.0000</ele>
      </trkpt>
      <trkpt lat="-41.1403100" lon="-71.3958019">
        <ele>1073.0000</ele>
      </trkpt>
      <trkpt lat="-41.1403273" lon="-71.3957022">
        <ele>1076.0000</ele>
      </trkpt>
      <trkpt lat="-41.1402936" lon="-71.3956984">
        <ele>1076.0000</ele>
      </trkpt>
      <trkpt lat="-41.1402922" lon="-71.3956281">
        <ele>1078.0000</ele>
      </trkpt>
      <trkpt lat="-41.1402724" lon="-71.3955825">
        <ele>1080.0000</ele>
      </trkpt>
      <trkpt lat="-41.1402367" lon="-71.3955213">
        <ele>1082.0000</ele>
      </trkpt>
      <trkpt lat="-41.1402093" lon="-71.3954836">
        <ele>1084.0000</ele>
      </trkpt>
      <trkpt lat="-41.1401724" lon="-71.3954460">
        <ele>1085.0000</ele>
      </trkpt>
      <trkpt lat="-41.1401395" lon="-71.3954002">
        <ele>1087.0000</ele>
      </trkpt>
      <trkpt lat="-41.1401050" lon="-71.3953751">
        <ele>1088.0000</ele>
      </trkpt>
      <trkpt lat="-41.1401148" lon="-71.3953122">
        <ele>1090.0000</ele>
      </trkpt>
      <trkpt lat="-41.1401136" lon="-71.3952290">
        <ele>1093.0000</ele>
      </trkpt>
      <trkpt lat="-41.1401040" lon="-71.3951238">
        <ele>1096.0000</ele>
      </trkpt>
      <trkpt lat="-41.1401309" lon="-71.3950551">
        <ele>1098.0000</ele>
      </trkpt>
      <trkpt lat="-41.1401656" lon="-71.3949784">
        <ele>1101.0000</ele>
      </trkpt>
      <trkpt lat="-41.1401834" lon="-71.3949121">
        <ele>1103.0000</ele>
      </trkpt>
      <trkpt lat="-41.1401931" lon="-71.3948358">
        <ele>1105.0000</ele>
      </trkpt>
      <trkpt lat="-41.1401631" lon="-71.3947691">
        <ele>1106.0000</ele>
      </trkpt>
      <trkpt lat="-41.1401305" lon="-71.3946976">
        <ele>1108.0000</ele>
      </trkpt>
      <trkpt lat="-41.1401339" lon="-71.3946312">
        <ele>1110.0000</ele>
      </trkpt>
      <trkpt lat="-41.1401357" lon="-71.3945400">
        <ele>1113.0000</ele>
      </trkpt>
      <trkpt lat="-41.1401288" lon="-71.3944906">
        <ele>1114.0000</ele>
      </trkpt>
      <trkpt lat="-41.1401050" lon="-71.3944306">
        <ele>1116.0000</ele>
      </trkpt>
      <trkpt lat="-41.1401189" lon="-71.3943552">
        <ele>1120.0000</ele>
      </trkpt>
      <trkpt lat="-41.1401330" lon="-71.3942862">
        <ele>1123.0000</ele>
      </trkpt>
      <trkpt lat="-41.1401004" lon="-71.3942567">
        <ele>1124.0000</ele>
      </trkpt>
      <trkpt lat="-41.1400693" lon="-71.3942207">
        <ele>1126.0000</ele>
      </trkpt>
      <trkpt lat="-41.1400522" lon="-71.3941652">
        <ele>1128.0000</ele>
      </trkpt>
      <trkpt lat="-41.1400257" lon="-71.3941091">
        <ele>1130.0000</ele>
      </trkpt>
      <trkpt lat="-41.1399949" lon="-71.3940615">
        <ele>1133.0000</ele>
      </trkpt>
      <trkpt lat="-41.1399599" lon="-71.3940164">
        <ele>1135.0000</ele>
      </trkpt>
      <trkpt lat="-41.1399425" lon="-71.3939355">
        <ele>1138.0000</ele>
      </trkpt>
      <trkpt lat="-41.1399818" lon="-71.3938591">
        <ele>1141.0000</ele>
      </trkpt>
      <trkpt lat="-41.1400492" lon="-71.3938032">
        <ele>1143.0000</ele>
      </trkpt>
      <trkpt lat="-41.1399791" lon="-71.3937861">
        <ele>1145.0000</ele>
      </trkpt>
      <trkpt lat="-41.1399177" lon="-71.3937848">
        <ele>1145.0000</ele>
      </trkpt>
      <trkpt lat="-41.1398567" lon="-71.3937724">
        <ele>1146.0000</ele>
      </trkpt>
      <trkpt lat="-41.1398163" lon="-71.3937529">
        <ele>1148.0000</ele>
      </trkpt>
      <trkpt lat="-41.1397906" lon="-71.3937066">
        <ele>1150.0000</ele>
      </trkpt>
      <trkpt lat="-41.1397736" lon="-71.3936472">
        <ele>1153.0000</ele>
      </trkpt>
      <trkpt lat="-41.1397608" lon="-71.3936068">
        <ele>1154.0000</ele>
      </trkpt>
      <trkpt lat="-41.1397243" lon="-71.3935765">
        <ele>1156.0000</ele>
      </trkpt>
      <trkpt lat="-41.1396945" lon="-71.3935422">
        <ele>1158.0000</ele>
      </trkpt>
      <trkpt lat="-41.1397126" lon="-71.3934669">
        <ele>1162.0000</ele>
      </trkpt>
      <trkpt lat="-41.1397140" lon="-71.3934098">
        <ele>1165.0000</ele>
      </trkpt>
      <trkpt lat="-41.1397133" lon="-71.3933152">
        <ele>1169.0000</ele>
      </trkpt>
      <trkpt lat="-41.1397275" lon="-71.3932354">
        <ele>1173.0000</ele>
      </trkpt>
      <trkpt lat="-41.1397298" lon="-71.3931698">
        <ele>1176.0000</ele>
      </trkpt>
      <trkpt lat="-41.1397067" lon="-71.3930986">
        <ele>1180.0000</ele>
      </trkpt>
      <trkpt lat="-41.1397052" lon="-71.3930933">
        <ele>1180.0000</ele>
      </trkpt>
      <trkpt lat="-41.1396760" lon="-71.3930259">
        <ele>1183.0000</ele>
      </trkpt>
      <trkpt lat="-41.1395932" lon="-71.3929573">
        <ele>1186.0000</ele>
      </trkpt>
      <trkpt lat="-41.1395385" lon="-71.3929290">
        <ele>1187.0000</ele>
      </trkpt>
      <trkpt lat="-41.1394920" lon="-71.3928967">
        <ele>1188.0000</ele>
      </trkpt>
      <trkpt lat="-41.1394254" lon="-71.3928804">
        <ele>1188.0000</ele>
      </trkpt>
      <trkpt lat="-41.1393958" lon="-71.3928523">
        <ele>1189.0000</ele>
      </trkpt>
      <trkpt lat="-41.1393739" lon="-71.3927540">
        <ele>1193.0000</ele>
      </trkpt>
      <trkpt lat="-41.1393640" lon="-71.3926822">
        <ele>1196.0000</ele>
      </trkpt>
      <trkpt lat="-41.1393521" lon="-71.3926030">
        <ele>1200.0000</ele>
      </trkpt>
      <trkpt lat="-41.1393484" lon="-71.3925261">
        <ele>1203.0000</ele>
      </trkpt>
      <trkpt lat="-41.1393535" lon="-71.3924405">
        <ele>1206.0000</ele>
      </trkpt>
      <trkpt lat="-41.1393756" lon="-71.3923982">
        <ele>1208.0000</ele>
      </trkpt>
      <trkpt lat="-41.1394036" lon="-71.3923458">
        <ele>1210.0000</ele>
      </trkpt>
      <trkpt lat="-41.1393427" lon="-71.3923500">
        <ele>1210.0000</ele>
      </trkpt>
      <trkpt lat="-41.1392922" lon="-71.3924009">
        <ele>1207.0000</ele>
      </trkpt>
      <trkpt lat="-41.1392443" lon="-71.3923954">
        <ele>1207.0000</ele>
      </trkpt>
      <trkpt lat="-41.1391727" lon="-71.3923736">
        <ele>1208.0000</ele>
      </trkpt>
      <trkpt lat="-41.1391115" lon="-71.3923599">
        <ele>1208.0000</ele>
      </trkpt>
      <trkpt lat="-41.1390491" lon="-71.3923279">
        <ele>1209.0000</ele>
      </trkpt>
      <trkpt lat="-41.1390083" lon="-71.3923063">
        <ele>1210.0000</ele>
      </trkpt>
      <trkpt lat="-41.1390009" lon="-71.3923037">
        <ele>1210.0000</ele>
      </trkpt>
      <trkpt lat="-41.1389612" lon="-71.3922786">
        <ele>1211.0000</ele>
      </trkpt>
      <trkpt lat="-41.1389305" lon="-71.3922242">
        <ele>1212.0000</ele>
      </trkpt>
      <trkpt lat="-41.1389271" lon="-71.3921395">
        <ele>1214.0000</ele>
      </trkpt>
      <trkpt lat="-41.1389272" lon="-71.3921289">
        <ele>1214.0000</ele>
      </trkpt>
      <trkpt lat="-41.1389275" lon="-71.3920396">
        <ele>1216.0000</ele>
      </trkpt>
      <trkpt lat="-41.1389293" lon="-71.3920367">
        <ele>1216.0000</ele>
      </trkpt>
      <trkpt lat="-41.1389609" lon="-71.3919647">
        <ele>1218.0000</ele>
      </trkpt>
      <trkpt lat="-41.1390193" lon="-71.3919207">
        <ele>1218.0000</ele>
      </trkpt>
      <trkpt lat="-41.1390856" lon="-71.3919114">
        <ele>1219.0000</ele>
      </trkpt>
      <trkpt lat="-41.1391854" lon="-71.3918788">
        <ele>1221.0000</ele>
      </trkpt>
      <trkpt lat="-41.1393037" lon="-71.3918296">
        <ele>1223.0000</ele>
      </trkpt>
      <trkpt lat="-41.1393862" lon="-71.3917470">
        <ele>1226.0000</ele>
      </trkpt>
      <trkpt lat="-41.1394845" lon="-71.3916838">
        <ele>1228.0000</ele>
      </trkpt>
      <trkpt lat="-41.1395372" lon="-71.3916576">
        <ele>1229.0000</ele>
      </trkpt>
      <trkpt lat="-41.1396341" lon="-71.3915691">
        <ele>1232.0000</ele>
      </trkpt>
      <trkpt lat="-41.1397119" lon="-71.3915069">
        <ele>1235.0000</ele>
      </trkpt>
      <trkpt lat="-41.1397971" lon="-71.3914116">
        <ele>1238.0000</ele>
      </trkpt>
      <trkpt lat="-41.1398464" lon="-71.3913651">
        <ele>1240.0000</ele>
      </trkpt>
      <trkpt lat="-41.1398844" lon="-71.3913060">
        <ele>1241.0000</ele>
      </trkpt>
      <trkpt lat="-41.1399124" lon="-71.3912560">
        <ele>1243.0000</ele>
      </trkpt>
      <trkpt lat="-41.1399545" lon="-71.3911883">
        <ele>1245.0000</ele>
      </trkpt>
      <trkpt lat="-41.1399997" lon="-71.3911371">
        <ele>1248.0000</ele>
      </trkpt>
      <trkpt lat="-41.1400569" lon="-71.3910743">
        <ele>1249.0000</ele>
      </trkpt>
      <trkpt lat="-41.1401133" lon="-71.3910202">
        <ele>1250.0000</ele>
      </trkpt>
      <trkpt lat="-41.1401779" lon="-71.3909583">
        <ele>1252.0000</ele>
      </trkpt>
      <trkpt lat="-41.1402576" lon="-71.3908943">
        <ele>1255.0000</ele>
      </trkpt>
      <trkpt lat="-41.1403149" lon="-71.3908521">
        <ele>1256.0000</ele>
      </trkpt>
      <trkpt lat="-41.1403703" lon="-71.3908034">
        <ele>1257.0000</ele>
      </trkpt>
      <trkpt lat="-41.1404415" lon="-71.3907611">
        <ele>1259.0000</ele>
      </trkpt>
      <trkpt lat="-41.1405298" lon="-71.3906810">
        <ele>1261.0000</ele>
      </trkpt>
      <trkpt lat="-41.1406263" lon="-71.3905924">
        <ele>1264.0000</ele>
      </trkpt>
      <trkpt lat="-41.1407146" lon="-71.3905356">
        <ele>1265.0000</ele>
      </trkpt>
      <trkpt lat="-41.1407833" lon="-71.3904661">
        <ele>1267.0000</ele>
      </trkpt>
      <trkpt lat="-41.1408655" lon="-71.3903918">
        <ele>1269.0000</ele>
      </trkpt>
      <trkpt lat="-41.1409617" lon="-71.3903248">
        <ele>1270.0000</ele>
      </trkpt>
      <trkpt lat="-41.1410667" lon="-71.3902252">
        <ele>1272.0000</ele>
      </trkpt>
      <trkpt lat="-41.1411357" lon="-71.3901386">
        <ele>1273.0000</ele>
      </trkpt>
      <trkpt lat="-41.1411851" lon="-71.3901162">
        <ele>1273.0000</ele>
      </trkpt>
      <trkpt lat="-41.1412592" lon="-71.3900774">
        <ele>1273.0000</ele>
      </trkpt>
      <trkpt lat="-41.1413110" lon="-71.3900363">
        <ele>1274.0000</ele>
      </trkpt>
      <trkpt lat="-41.1413737" lon="-71.3899810">
        <ele>1275.0000</ele>
      </trkpt>
      <trkpt lat="-41.1414475" lon="-71.3899440">
        <ele>1275.0000</ele>
      </trkpt>
      <trkpt lat="-41.1414839" lon="-71.3899056">
        <ele>1275.0000</ele>
      </trkpt>
      <trkpt lat="-41.1415067" lon="-71.3898386">
        <ele>1277.0000</ele>
      </trkpt>
      <trkpt lat="-41.1415530" lon="-71.3897528">
        <ele>1278.0000</ele>
      </trkpt>
      <trkpt lat="-41.1416275" lon="-71.3896901">
        <ele>1279.0000</ele>
      </trkpt>
      <trkpt lat="-41.1416856" lon="-71.3896241">
        <ele>1280.0000</ele>
      </trkpt>
      <trkpt lat="-41.1417379" lon="-71.3895618">
        <ele>1282.0000</ele>
      </trkpt>
      <trkpt lat="-41.1417833" lon="-71.3895019">
        <ele>1283.0000</ele>
      </trkpt>
      <trkpt lat="-41.1418381" lon="-71.3894449">
        <ele>1284.0000</ele>
      </trkpt>
      <trkpt lat="-41.1418944" lon="-71.3893739">
        <ele>1285.0000</ele>
      </trkpt>
      <trkpt lat="-41.1419405" lon="-71.3893208">
        <ele>1287.0000</ele>
      </trkpt>
      <trkpt lat="-41.1420022" lon="-71.3892609">
        <ele>1288.0000</ele>
      </trkpt>
      <trkpt lat="-41.1420458" lon="-71.3891974">
        <ele>1289.0000</ele>
      </trkpt>
      <trkpt lat="-41.1420654" lon="-71.3891215">
        <ele>1291.0000</ele>
      </trkpt>
      <trkpt lat="-41.1421012" lon="-71.3890493">
        <ele>1292.0000</ele>
      </trkpt>
      <trkpt lat="-41.1421246" lon="-71.3889684">
        <ele>1294.0000</ele>
      </trkpt>
      <trkpt lat="-41.1421454" lon="-71.3888927">
        <ele>1296.0000</ele>
      </trkpt>
      <trkpt lat="-41.1421632" lon="-71.3888344">
        <ele>1297.0000</ele>
      </trkpt>
      <trkpt lat="-41.1421771" lon="-71.3887676">
        <ele>1298.0000</ele>
      </trkpt>
      <trkpt lat="-41.1421681" lon="-71.3886860">
        <ele>1299.0000</ele>
      </trkpt>
      <trkpt lat="-41.1421890" lon="-71.3886311">
        <ele>1301.0000</ele>
      </trkpt>
      <trkpt lat="-41.1422263" lon="-71.3886081">
        <ele>1301.0000</ele>
      </trkpt>
      <trkpt lat="-41.1422700" lon="-71.3886032">
        <ele>1301.0000</ele>
      </trkpt>
      <trkpt lat="-41.1423358" lon="-71.3885744">
        <ele>1301.0000</ele>
      </trkpt>
      <trkpt lat="-41.1423654" lon="-71.3885592">
        <ele>1301.0000</ele>
      </trkpt>
      <trkpt lat="-41.1423889" lon="-71.3885174">
        <ele>1302.0000</ele>
      </trkpt>
      <trkpt lat="-41.1424051" lon="-71.3884534">
        <ele>1303.0000</ele>
      </trkpt>
      <trkpt lat="-41.1424328" lon="-71.3884112">
        <ele>1303.0000</ele>
      </trkpt>
      <trkpt lat="-41.1424755" lon="-71.3883837">
        <ele>1304.0000</ele>
      </trkpt>
      <trkpt lat="-41.1425219" lon="-71.3883405">
        <ele>1304.0000</ele>
      </trkpt>
      <trkpt lat="-41.1425847" lon="-71.3883361">
        <ele>1305.0000</ele>
      </trkpt>
      <trkpt lat="-41.1425862" lon="-71.3883346">
        <ele>1305.0000</ele>
      </trkpt>
      <trkpt lat="-41.1426268" lon="-71.3883295">
        <ele>1305.0000</ele>
      </trkpt>
      <trkpt lat="-41.1426817" lon="-71.3883238">
        <ele>1305.0000</ele>
      </trkpt>
      <trkpt lat="-41.1427270" lon="-71.3883156">
        <ele>1306.0000</ele>
      </trkpt>
      <trkpt lat="-41.1427695" lon="-71.3883194">
        <ele>1306.0000</ele>
      </trkpt>
      <trkpt lat="-41.1428163" lon="-71.3883261">
        <ele>1305.0000</ele>
      </trkpt>
      <trkpt lat="-41.1428672" lon="-71.3883298">
        <ele>1305.0000</ele>
      </trkpt>
      <trkpt lat="-41.1429029" lon="-71.3883413">
        <ele>1305.0000</ele>
      </trkpt>
      <trkpt lat="-41.1429385" lon="-71.3883473">
        <ele>1305.0000</ele>
      </trkpt>
      <trkpt lat="-41.1429376" lon="-71.3882898">
        <ele>1306.0000</ele>
      </trkpt>
      <trkpt lat="-41.1429488" lon="-71.3882460">
        <ele>1308.0000</ele>
      </trkpt>
      <trkpt lat="-41.1429689" lon="-71.3881877">
        <ele>1309.0000</ele>
      </trkpt>
      <trkpt lat="-41.1430105" lon="-71.3881286">
        <ele>1311.0000</ele>
      </trkpt>
      <trkpt lat="-41.1430392" lon="-71.3880838">
        <ele>1313.0000</ele>
      </trkpt>
      <trkpt lat="-41.1430688" lon="-71.3880119">
        <ele>1315.0000</ele>
      </trkpt>
      <trkpt lat="-41.1431117" lon="-71.3879468">
        <ele>1317.0000</ele>
      </trkpt>
      <trkpt lat="-41.1431381" lon="-71.3879029">
        <ele>1318.0000</ele>
      </trkpt>
      <trkpt lat="-41.1431771" lon="-71.3878537">
        <ele>1319.0000</ele>
      </trkpt>
      <trkpt lat="-41.1432146" lon="-71.3878226">
        <ele>1320.0000</ele>
      </trkpt>
      <trkpt lat="-41.1432683" lon="-71.3877802">
        <ele>1321.0000</ele>
      </trkpt>
      <trkpt lat="-41.1433146" lon="-71.3877688">
        <ele>1322.0000</ele>
      </trkpt>
      <trkpt lat="-41.1433553" lon="-71.3877386">
        <ele>1322.0000</ele>
      </trkpt>
      <trkpt lat="-41.1433894" lon="-71.3877250">
        <ele>1323.0000</ele>
      </trkpt>
      <trkpt lat="-41.1434469" lon="-71.3877151">
        <ele>1324.0000</ele>
      </trkpt>
      <trkpt lat="-41.1434925" lon="-71.3877122">
        <ele>1324.0000</ele>
      </trkpt>
      <trkpt lat="-41.1435547" lon="-71.3877142">
        <ele>1325.0000</ele>
      </trkpt>
      <trkpt lat="-41.1436003" lon="-71.3877188">
        <ele>1325.0000</ele>
      </trkpt>
      <trkpt lat="-41.1436055" lon="-71.3876856">
        <ele>1325.0000</ele>
      </trkpt>
      <trkpt lat="-41.1436313" lon="-71.3876437">
        <ele>1326.0000</ele>
      </trkpt>
      <trkpt lat="-41.1436721" lon="-71.3875851">
        <ele>1327.0000</ele>
      </trkpt>
      <trkpt lat="-41.1437315" lon="-71.3875492">
        <ele>1328.0000</ele>
      </trkpt>
      <trkpt lat="-41.1437928" lon="-71.3875253">
        <ele>1328.0000</ele>
      </trkpt>
      <trkpt lat="-41.1438305" lon="-71.3874991">
        <ele>1329.0000</ele>
      </trkpt>
      <trkpt lat="-41.1438569" lon="-71.3874795">
        <ele>1329.0000</ele>
      </trkpt>
      <trkpt lat="-41.1438614" lon="-71.3874203">
        <ele>1330.0000</ele>
      </trkpt>
      <trkpt lat="-41.1438692" lon="-71.3873923">
        <ele>1331.0000</ele>
      </trkpt>
      <trkpt lat="-41.1438612" lon="-71.3873327">
        <ele>1331.0000</ele>
      </trkpt>
      <trkpt lat="-41.1438711" lon="-71.3872839">
        <ele>1332.0000</ele>
      </trkpt>
      <trkpt lat="-41.1439063" lon="-71.3872549">
        <ele>1332.0000</ele>
      </trkpt>
      <trkpt lat="-41.1439579" lon="-71.3872266">
        <ele>1333.0000</ele>
      </trkpt>
      <trkpt lat="-41.1439988" lon="-71.3872053">
        <ele>1334.0000</ele>
      </trkpt>
      <trkpt lat="-41.1440361" lon="-71.3871907">
        <ele>1335.0000</ele>
      </trkpt>
      <trkpt lat="-41.1440653" lon="-71.3871803">
        <ele>1336.0000</ele>
      </trkpt>
      <trkpt lat="-41.1440831" lon="-71.3871517">
        <ele>1336.0000</ele>
      </trkpt>
      <trkpt lat="-41.1441059" lon="-71.3871054">
        <ele>1337.0000</ele>
      </trkpt>
      <trkpt lat="-41.1441317" lon="-71.3870691">
        <ele>1339.0000</ele>
      </trkpt>
      <trkpt lat="-41.1441697" lon="-71.3870281">
        <ele>1340.0000</ele>
      </trkpt>
      <trkpt lat="-41.1441877" lon="-71.3870019">
        <ele>1341.0000</ele>
      </trkpt>
      <trkpt lat="-41.1442068" lon="-71.3869546">
        <ele>1342.0000</ele>
      </trkpt>
      <trkpt lat="-41.1442257" lon="-71.3869172">
        <ele>1343.0000</ele>
      </trkpt>
      <trkpt lat="-41.1442595" lon="-71.3868557">
        <ele>1345.0000</ele>
      </trkpt>
      <trkpt lat="-41.1442821" lon="-71.3868177">
        <ele>1346.0000</ele>
      </trkpt>
      <trkpt lat="-41.1443137" lon="-71.3867823">
        <ele>1347.0000</ele>
      </trkpt>
      <trkpt lat="-41.1443515" lon="-71.3867573">
        <ele>1349.0000</ele>
      </trkpt>
      <trkpt lat="-41.1443779" lon="-71.3867266">
        <ele>1350.0000</ele>
      </trkpt>
      <trkpt lat="-41.1443998" lon="-71.3867084">
        <ele>1351.0000</ele>
      </trkpt>
      <trkpt lat="-41.1444158" lon="-71.3866642">
        <ele>1353.0000</ele>
      </trkpt>
      <trkpt lat="-41.1444296" lon="-71.3866281">
        <ele>1353.0000</ele>
      </trkpt>
      <trkpt lat="-41.1444410" lon="-71.3865896">
        <ele>1354.0000</ele>
      </trkpt>
      <trkpt lat="-41.1444594" lon="-71.3865505">
        <ele>1354.0000</ele>
      </trkpt>
      <trkpt lat="-41.1444955" lon="-71.3865136">
        <ele>1355.0000</ele>
      </trkpt>
      <trkpt lat="-41.1445316" lon="-71.3864922">
        <ele>1356.0000</ele>
      </trkpt>
      <trkpt lat="-41.1445510" lon="-71.3864469">
        <ele>1356.0000</ele>
      </trkpt>
      <trkpt lat="-41.1445724" lon="-71.3863813">
        <ele>1357.0000</ele>
      </trkpt>
      <trkpt lat="-41.1446031" lon="-71.3863283">
        <ele>1358.0000</ele>
      </trkpt>
      <trkpt lat="-41.1446420" lon="-71.3863085">
        <ele>1359.0000</ele>
      </trkpt>
      <trkpt lat="-41.1446837" lon="-71.3862886">
        <ele>1360.0000</ele>
      </trkpt>
      <trkpt lat="-41.1447190" lon="-71.3862740">
        <ele>1360.0000</ele>
      </trkpt>
      <trkpt lat="-41.1447627" lon="-71.3862700">
        <ele>1361.0000</ele>
      </trkpt>
      <trkpt lat="-41.1448112" lon="-71.3862943">
        <ele>1361.0000</ele>
      </trkpt>
      <trkpt lat="-41.1448572" lon="-71.3863199">
        <ele>1361.0000</ele>
      </trkpt>
      <trkpt lat="-41.1448865" lon="-71.3863145">
        <ele>1362.0000</ele>
      </trkpt>
      <trkpt lat="-41.1449348" lon="-71.3863136">
        <ele>1362.0000</ele>
      </trkpt>
      <trkpt lat="-41.1449728" lon="-71.3863163">
        <ele>1363.0000</ele>
      </trkpt>
      <trkpt lat="-41.1450172" lon="-71.3863117">
        <ele>1363.0000</ele>
      </trkpt>
      <trkpt lat="-41.1450556" lon="-71.3863086">
        <ele>1364.0000</ele>
      </trkpt>
      <trkpt lat="-41.1450888" lon="-71.3863017">
        <ele>1364.0000</ele>
      </trkpt>
      <trkpt lat="-41.1451211" lon="-71.3862959">
        <ele>1364.0000</ele>
      </trkpt>
      <trkpt lat="-41.1451526" lon="-71.3862955">
        <ele>1365.0000</ele>
      </trkpt>
      <trkpt lat="-41.1451711" lon="-71.3862886">
        <ele>1365.0000</ele>
      </trkpt>
      <trkpt lat="-41.1451759" lon="-71.3862425">
        <ele>1366.0000</ele>
      </trkpt>
      <trkpt lat="-41.1451801" lon="-71.3861945">
        <ele>1367.0000</ele>
      </trkpt>
      <trkpt lat="-41.1451701" lon="-71.3861506">
        <ele>1368.0000</ele>
      </trkpt>
      <trkpt lat="-41.1451618" lon="-71.3861070">
        <ele>1368.0000</ele>
      </trkpt>
      <trkpt lat="-41.1451604" lon="-71.3860646">
        <ele>1369.0000</ele>
      </trkpt>
      <trkpt lat="-41.1451558" lon="-71.3860309">
        <ele>1369.0000</ele>
      </trkpt>
      <trkpt lat="-41.1451517" lon="-71.3860105">
        <ele>1369.0000</ele>
      </trkpt>
      <trkpt lat="-41.1451725" lon="-71.3859930">
        <ele>1369.0000</ele>
      </trkpt>
      <trkpt lat="-41.1452127" lon="-71.3859756">
        <ele>1370.0000</ele>
      </trkpt>
      <trkpt lat="-41.1452552" lon="-71.3859670">
        <ele>1371.0000</ele>
      </trkpt>
      <trkpt lat="-41.1452803" lon="-71.3859417">
        <ele>1371.0000</ele>
      </trkpt>
      <trkpt lat="-41.1453030" lon="-71.3859206">
        <ele>1372.0000</ele>
      </trkpt>
      <trkpt lat="-41.1453185" lon="-71.3858873">
        <ele>1372.0000</ele>
      </trkpt>
      <trkpt lat="-41.1453442" lon="-71.3858436">
        <ele>1373.0000</ele>
      </trkpt>
      <trkpt lat="-41.1453680" lon="-71.3857913">
        <ele>1373.0000</ele>
      </trkpt>
      <trkpt lat="-41.1453947" lon="-71.3857247">
        <ele>1373.0000</ele>
      </trkpt>
      <trkpt lat="-41.1454186" lon="-71.3856752">
        <ele>1374.0000</ele>
      </trkpt>
      <trkpt lat="-41.1454536" lon="-71.3856010">
        <ele>1375.0000</ele>
      </trkpt>
      <trkpt lat="-41.1454929" lon="-71.3855580">
        <ele>1375.0000</ele>
      </trkpt>
      <trkpt lat="-41.1455558" lon="-71.3855356">
        <ele>1376.0000</ele>
      </trkpt>
      <trkpt lat="-41.1455835" lon="-71.3855272">
        <ele>1377.0000</ele>
      </trkpt>
      <trkpt lat="-41.1456650" lon="-71.3855099">
        <ele>1378.0000</ele>
      </trkpt>
      <trkpt lat="-41.1457069" lon="-71.3855072">
        <ele>1379.0000</ele>
      </trkpt>
      <trkpt lat="-41.1457645" lon="-71.3855239">
        <ele>1379.0000</ele>
      </trkpt>
      <trkpt lat="-41.1458148" lon="-71.3855444">
        <ele>1380.0000</ele>
      </trkpt>
      <trkpt lat="-41.1458726" lon="-71.3855406">
        <ele>1382.0000</ele>
      </trkpt>
      <trkpt lat="-41.1459323" lon="-71.3855554">
        <ele>1383.0000</ele>
      </trkpt>
      <trkpt lat="-41.1459749" lon="-71.3855587">
        <ele>1384.0000</ele>
      </trkpt>
      <trkpt lat="-41.1460196" lon="-71.3855503">
        <ele>1385.0000</ele>
      </trkpt>
      <trkpt lat="-41.1460483" lon="-71.3855302">
        <ele>1386.0000</ele>
      </trkpt>
      <trkpt lat="-41.1460820" lon="-71.3855039">
        <ele>1387.0000</ele>
      </trkpt>
      <trkpt lat="-41.1461331" lon="-71.3854717">
        <ele>1388.0000</ele>
      </trkpt>
      <trkpt lat="-41.1461655" lon="-71.3854422">
        <ele>1388.0000</ele>
      </trkpt>
      <trkpt lat="-41.1462091" lon="-71.3853922">
        <ele>1389.0000</ele>
      </trkpt>
      <trkpt lat="-41.1462432" lon="-71.3853404">
        <ele>1390.0000</ele>
      </trkpt>
      <trkpt lat="-41.1462809" lon="-71.3852892">
        <ele>1391.0000</ele>
      </trkpt>
      <trkpt lat="-41.1463114" lon="-71.3852502">
        <ele>1392.0000</ele>
      </trkpt>
      <trkpt lat="-41.1463513" lon="-71.3851897">
        <ele>1392.0000</ele>
      </trkpt>
      <trkpt lat="-41.1463766" lon="-71.3851589">
        <ele>1393.0000</ele>
      </trkpt>
      <trkpt lat="-41.1464163" lon="-71.3850997">
        <ele>1394.0000</ele>
      </trkpt>
      <trkpt lat="-41.1464548" lon="-71.3850384">
        <ele>1395.0000</ele>
      </trkpt>
      <trkpt lat="-41.1464869" lon="-71.3849875">
        <ele>1396.0000</ele>
      </trkpt>
      <trkpt lat="-41.1464896" lon="-71.3849829">
        <ele>1396.0000</ele>
      </trkpt>
      <trkpt lat="-41.1465110" lon="-71.3849347">
        <ele>1396.0000</ele>
      </trkpt>
      <trkpt lat="-41.1465388" lon="-71.3848801">
        <ele>1397.0000</ele>
      </trkpt>
      <trkpt lat="-41.1465626" lon="-71.3848328">
        <ele>1398.0000</ele>
      </trkpt>
      <trkpt lat="-41.1465916" lon="-71.3847867">
        <ele>1398.0000</ele>
      </trkpt>
      <trkpt lat="-41.1466208" lon="-71.3847422">
        <ele>1399.0000</ele>
      </trkpt>
      <trkpt lat="-41.1466475" lon="-71.3846908">
        <ele>1399.0000</ele>
      </trkpt>
      <trkpt lat="-41.1466668" lon="-71.3846570">
        <ele>1399.0000</ele>
      </trkpt>
      <trkpt lat="-41.1466948" lon="-71.3846217">
        <ele>1399.0000</ele>
      </trkpt>
      <trkpt lat="-41.1467400" lon="-71.3845509">
        <ele>1399.0000</ele>
      </trkpt>
      <trkpt lat="-41.1467692" lon="-71.3845143">
        <ele>1399.0000</ele>
      </trkpt>
      <trkpt lat="-41.1467833" lon="-71.3844745">
        <ele>1399.0000</ele>
      </trkpt>
      <trkpt lat="-41.1468062" lon="-71.3844368">
        <ele>1398.0000</ele>
      </trkpt>
      <trkpt lat="-41.1468351" lon="-71.3844132">
        <ele>1399.0000</ele>
      </trkpt>
      <trkpt lat="-41.1468561" lon="-71.3843725">
        <ele>1398.0000</ele>
      </trkpt>
      <trkpt lat="-41.1468677" lon="-71.3843270">
        <ele>1398.0000</ele>
      </trkpt>
      <trkpt lat="-41.1468922" lon="-71.3842867">
        <ele>1397.0000</ele>
      </trkpt>
      <trkpt lat="-41.1469225" lon="-71.3842567">
        <ele>1398.0000</ele>
      </trkpt>
      <trkpt lat="-41.1469762" lon="-71.3842105">
        <ele>1398.0000</ele>
      </trkpt>
      <trkpt lat="-41.1470054" lon="-71.3841858">
        <ele>1398.0000</ele>
      </trkpt>
      <trkpt lat="-41.1470485" lon="-71.3841626">
        <ele>1398.0000</ele>
      </trkpt>
      <trkpt lat="-41.1470881" lon="-71.3841479">
        <ele>1399.0000</ele>
      </trkpt>
      <trkpt lat="-41.1471302" lon="-71.3841513">
        <ele>1400.0000</ele>
      </trkpt>
      <trkpt lat="-41.1471674" lon="-71.3841512">
        <ele>1400.0000</ele>
      </trkpt>
      <trkpt lat="-41.1472084" lon="-71.3841613">
        <ele>1401.0000</ele>
      </trkpt>
      <trkpt lat="-41.1472487" lon="-71.3841572">
        <ele>1401.0000</ele>
      </trkpt>
      <trkpt lat="-41.1472794" lon="-71.3841444">
        <ele>1401.0000</ele>
      </trkpt>
      <trkpt lat="-41.1473060" lon="-71.3841037">
        <ele>1401.0000</ele>
      </trkpt>
      <trkpt lat="-41.1473401" lon="-71.3840674">
        <ele>1401.0000</ele>
      </trkpt>
      <trkpt lat="-41.1473779" lon="-71.3840360">
        <ele>1401.0000</ele>
      </trkpt>
      <trkpt lat="-41.1474094" lon="-71.3839999">
        <ele>1401.0000</ele>
      </trkpt>
      <trkpt lat="-41.1474415" lon="-71.3839524">
        <ele>1400.0000</ele>
      </trkpt>
      <trkpt lat="-41.1474718" lon="-71.3838842">
        <ele>1400.0000</ele>
      </trkpt>
      <trkpt lat="-41.1474929" lon="-71.3838239">
        <ele>1400.0000</ele>
      </trkpt>
      <trkpt lat="-41.1475145" lon="-71.3837736">
        <ele>1399.0000</ele>
      </trkpt>
      <trkpt lat="-41.1475366" lon="-71.3836993">
        <ele>1399.0000</ele>
      </trkpt>
      <trkpt lat="-41.1475627" lon="-71.3836265">
        <ele>1398.0000</ele>
      </trkpt>
      <trkpt lat="-41.1475822" lon="-71.3835610">
        <ele>1398.0000</ele>
      </trkpt>
      <trkpt lat="-41.1475935" lon="-71.3834996">
        <ele>1398.0000</ele>
      </trkpt>
      <trkpt lat="-41.1476286" lon="-71.3833575">
        <ele>1399.0000</ele>
      </trkpt>
      <trkpt lat="-41.1476687" lon="-71.3831767">
        <ele>1401.0000</ele>
      </trkpt>
      <trkpt lat="-41.1476702" lon="-71.3831644">
        <ele>1401.0000</ele>
      </trkpt>
      <trkpt lat="-41.1476835" lon="-71.3830216">
        <ele>1402.0000</ele>
      </trkpt>
      <trkpt lat="-41.1476769" lon="-71.3828554">
        <ele>1402.0000</ele>
      </trkpt>
      <trkpt lat="-41.1476933" lon="-71.3827221">
        <ele>1402.0000</ele>
      </trkpt>
      <trkpt lat="-41.1477348" lon="-71.3825705">
        <ele>1402.0000</ele>
      </trkpt>
      <trkpt lat="-41.1478201" lon="-71.3824020">
        <ele>1401.0000</ele>
      </trkpt>
      <trkpt lat="-41.1478942" lon="-71.3822566">
        <ele>1400.0000</ele>
      </trkpt>
      <trkpt lat="-41.1479784" lon="-71.3821104">
        <ele>1399.0000</ele>
      </trkpt>
      <trkpt lat="-41.1479475" lon="-71.3820244">
        <ele>1399.0000</ele>
      </trkpt>
      <trkpt lat="-41.1478983" lon="-71.3819445">
        <ele>1400.0000</ele>
      </trkpt>
      <trkpt lat="-41.1478337" lon="-71.3818347">
        <ele>1400.0000</ele>
      </trkpt>
      <trkpt lat="-41.1477555" lon="-71.3817223">
        <ele>1400.0000</ele>
      </trkpt>
      <trkpt lat="-41.1476919" lon="-71.3815923">
        <ele>1401.0000</ele>
      </trkpt>
      <trkpt lat="-41.1476277" lon="-71.3814982">
        <ele>1401.0000</ele>
      </trkpt>
      <trkpt lat="-41.1475806" lon="-71.3814055">
        <ele>1402.0000</ele>
      </trkpt>
      <trkpt lat="-41.1475219" lon="-71.3812918">
        <ele>1403.0000</ele>
      </trkpt>
      <trkpt lat="-41.1474625" lon="-71.3812216">
        <ele>1403.0000</ele>
      </trkpt>
      <trkpt lat="-41.1473518" lon="-71.3811641">
        <ele>1403.0000</ele>
      </trkpt>
      <trkpt lat="-41.1473444" lon="-71.3810579">
        <ele>1405.0000</ele>
      </trkpt>
      <trkpt lat="-41.1473465" lon="-71.3810190">
        <ele>1405.0000</ele>
      </trkpt>
      <trkpt lat="-41.1473477" lon="-71.3809874">
        <ele>1406.0000</ele>
      </trkpt>
      <trkpt lat="-41.1473493" lon="-71.3809487">
        <ele>1407.0000</ele>
      </trkpt>
      <trkpt lat="-41.1473507" lon="-71.3809150">
        <ele>1407.0000</ele>
      </trkpt>
      <trkpt lat="-41.1473461" lon="-71.3808859">
        <ele>1408.0000</ele>
      </trkpt>
      <trkpt lat="-41.1473397" lon="-71.3808519">
        <ele>1408.0000</ele>
      </trkpt>
      <trkpt lat="-41.1473234" lon="-71.3808195">
        <ele>1409.0000</ele>
      </trkpt>
      <trkpt lat="-41.1473092" lon="-71.3807824">
        <ele>1409.0000</ele>
      </trkpt>
      <trkpt lat="-41.1472969" lon="-71.3807454">
        <ele>1410.0000</ele>
      </trkpt>
      <trkpt lat="-41.1472793" lon="-71.3806958">
        <ele>1411.0000</ele>
      </trkpt>
      <trkpt lat="-41.1472626" lon="-71.3806653">
        <ele>1411.0000</ele>
      </trkpt>
      <trkpt lat="-41.1472424" lon="-71.3806222">
        <ele>1412.0000</ele>
      </trkpt>
      <trkpt lat="-41.1472225" lon="-71.3805831">
        <ele>1413.0000</ele>
      </trkpt>
      <trkpt lat="-41.1471983" lon="-71.3805444">
        <ele>1413.0000</ele>
      </trkpt>
      <trkpt lat="-41.1471705" lon="-71.3805166">
        <ele>1412.0000</ele>
      </trkpt>
      <trkpt lat="-41.1471257" lon="-71.3803852">
        <ele>1413.0000</ele>
      </trkpt>
      <trkpt lat="-41.1471029" lon="-71.3802680">
        <ele>1414.0000</ele>
      </trkpt>
      <trkpt lat="-41.1471008" lon="-71.3801616">
        <ele>1415.0000</ele>
      </trkpt>
      <trkpt lat="-41.1471120" lon="-71.3800841">
        <ele>1416.0000</ele>
      </trkpt>
      <trkpt lat="-41.1471256" lon="-71.3800036">
        <ele>1417.0000</ele>
      </trkpt>
      <trkpt lat="-41.1471337" lon="-71.3799026">
        <ele>1417.0000</ele>
      </trkpt>
      <trkpt lat="-41.1471023" lon="-71.3798568">
        <ele>1416.0000</ele>
      </trkpt>
      <trkpt lat="-41.1470312" lon="-71.3798057">
        <ele>1415.0000</ele>
      </trkpt>
      <trkpt lat="-41.1469550" lon="-71.3797373">
        <ele>1414.0000</ele>
      </trkpt>
      <trkpt lat="-41.1468402" lon="-71.3796864">
        <ele>1409.0000</ele>
      </trkpt>
      <trkpt lat="-41.1467612" lon="-71.3796333">
        <ele>1406.0000</ele>
      </trkpt>
      <trkpt lat="-41.1466921" lon="-71.3795912">
        <ele>1404.0000</ele>
      </trkpt>
      <trkpt lat="-41.1466286" lon="-71.3795478">
        <ele>1402.0000</ele>
      </trkpt>
      <trkpt lat="-41.1465823" lon="-71.3795098">
        <ele>1400.0000</ele>
      </trkpt>
      <trkpt lat="-41.1465401" lon="-71.3794856">
        <ele>1399.0000</ele>
      </trkpt>
      <trkpt lat="-41.1464951" lon="-71.3794567">
        <ele>1398.0000</ele>
      </trkpt>
      <trkpt lat="-41.1464514" lon="-71.3794248">
        <ele>1396.0000</ele>
      </trkpt>
      <trkpt lat="-41.1464032" lon="-71.3793852">
        <ele>1395.0000</ele>
      </trkpt>
      <trkpt lat="-41.1463628" lon="-71.3793531">
        <ele>1394.0000</ele>
      </trkpt>
      <trkpt lat="-41.1463145" lon="-71.3793060">
        <ele>1394.0000</ele>
      </trkpt>
      <trkpt lat="-41.1462677" lon="-71.3792554">
        <ele>1393.0000</ele>
      </trkpt>
      <trkpt lat="-41.1462325" lon="-71.3792044">
        <ele>1394.0000</ele>
      </trkpt>
      <trkpt lat="-41.1462078" lon="-71.3791642">
        <ele>1394.0000</ele>
      </trkpt>
      <trkpt lat="-41.1461566" lon="-71.3790823">
        <ele>1393.0000</ele>
      </trkpt>
      <trkpt lat="-41.1461487" lon="-71.3790659">
        <ele>1393.0000</ele>
      </trkpt>
      <trkpt lat="-41.1461330" lon="-71.3790328">
        <ele>1393.0000</ele>
      </trkpt>
      <trkpt lat="-41.1461131" lon="-71.3789898">
        <ele>1392.0000</ele>
      </trkpt>
      <trkpt lat="-41.1460969" lon="-71.3789640">
        <ele>1392.0000</ele>
      </trkpt>
      <trkpt lat="-41.1460829" lon="-71.3789272">
        <ele>1391.0000</ele>
      </trkpt>
      <trkpt lat="-41.1460626" lon="-71.3788805">
        <ele>1391.0000</ele>
      </trkpt>
      <trkpt lat="-41.1460501" lon="-71.3788457">
        <ele>1390.0000</ele>
      </trkpt>
      <trkpt lat="-41.1460349" lon="-71.3787982">
        <ele>1389.0000</ele>
      </trkpt>
      <trkpt lat="-41.1460108" lon="-71.3787380">
        <ele>1388.0000</ele>
      </trkpt>
      <trkpt lat="-41.1459908" lon="-71.3787002">
        <ele>1388.0000</ele>
      </trkpt>
      <trkpt lat="-41.1459706" lon="-71.3786568">
        <ele>1387.0000</ele>
      </trkpt>
      <trkpt lat="-41.1459571" lon="-71.3786311">
        <ele>1387.0000</ele>
      </trkpt>
      <trkpt lat="-41.1459366" lon="-71.3786001">
        <ele>1386.0000</ele>
      </trkpt>
      <trkpt lat="-41.1459129" lon="-71.3785582">
        <ele>1386.0000</ele>
      </trkpt>
      <trkpt lat="-41.1458773" lon="-71.3784778">
        <ele>1386.0000</ele>
      </trkpt>
      <trkpt lat="-41.1458538" lon="-71.3784288">
        <ele>1386.0000</ele>
      </trkpt>
      <trkpt lat="-41.1458459" lon="-71.3784095">
        <ele>1386.0000</ele>
      </trkpt>
      <trkpt lat="-41.1458325" lon="-71.3783625">
        <ele>1386.0000</ele>
      </trkpt>
      <trkpt lat="-41.1458191" lon="-71.3783289">
        <ele>1386.0000</ele>
      </trkpt>
      <trkpt lat="-41.1458081" lon="-71.3782867">
        <ele>1385.0000</ele>
      </trkpt>
      <trkpt lat="-41.1457999" lon="-71.3782611">
        <ele>1384.0000</ele>
      </trkpt>
      <trkpt lat="-41.1457890" lon="-71.3782352">
        <ele>1383.0000</ele>
      </trkpt>
      <trkpt lat="-41.1457832" lon="-71.3781955">
        <ele>1382.0000</ele>
      </trkpt>
      <trkpt lat="-41.1457772" lon="-71.3781498">
        <ele>1381.0000</ele>
      </trkpt>
      <trkpt lat="-41.1457683" lon="-71.3781093">
        <ele>1380.0000</ele>
      </trkpt>
      <trkpt lat="-41.1457657" lon="-71.3780574">
        <ele>1379.0000</ele>
      </trkpt>
      <trkpt lat="-41.1457597" lon="-71.3780159">
        <ele>1378.0000</ele>
      </trkpt>
      <trkpt lat="-41.1457536" lon="-71.3779740">
        <ele>1377.0000</ele>
      </trkpt>
      <trkpt lat="-41.1457446" lon="-71.3779284">
        <ele>1375.0000</ele>
      </trkpt>
      <trkpt lat="-41.1457324" lon="-71.3778758">
        <ele>1374.0000</ele>
      </trkpt>
      <trkpt lat="-41.1457232" lon="-71.3778291">
        <ele>1372.0000</ele>
      </trkpt>
      <trkpt lat="-41.1457091" lon="-71.3777856">
        <ele>1370.0000</ele>
      </trkpt>
      <trkpt lat="-41.1456868" lon="-71.3777431">
        <ele>1369.0000</ele>
      </trkpt>
      <trkpt lat="-41.1456750" lon="-71.3776962">
        <ele>1368.0000</ele>
      </trkpt>
      <trkpt lat="-41.1456581" lon="-71.3776689">
        <ele>1367.0000</ele>
      </trkpt>
      <trkpt lat="-41.1456494" lon="-71.3776460">
        <ele>1367.0000</ele>
      </trkpt>
      <trkpt lat="-41.1455604" lon="-71.3774012">
        <ele>1364.0000</ele>
      </trkpt>
      <trkpt lat="-41.1455824" lon="-71.3772941">
        <ele>1365.0000</ele>
      </trkpt>
      <trkpt lat="-41.1455968" lon="-71.3772730">
        <ele>1366.0000</ele>
      </trkpt>
      <trkpt lat="-41.1456075" lon="-71.3772520">
        <ele>1366.0000</ele>
      </trkpt>
      <trkpt lat="-41.1456289" lon="-71.3772391">
        <ele>1366.0000</ele>
      </trkpt>
      <trkpt lat="-41.1456501" lon="-71.3772262">
        <ele>1366.0000</ele>
      </trkpt>
      <trkpt lat="-41.1456642" lon="-71.3772177">
        <ele>1366.0000</ele>
      </trkpt>
      <trkpt lat="-41.1456712" lon="-71.3772134">
        <ele>1366.0000</ele>
      </trkpt>
      <trkpt lat="-41.1456782" lon="-71.3771442">
        <ele>1367.0000</ele>
      </trkpt>
      <trkpt lat="-41.1456571" lon="-71.3770425">
        <ele>1368.0000</ele>
      </trkpt>
      <trkpt lat="-41.1456641" lon="-71.3769732">
        <ele>1369.0000</ele>
      </trkpt>
      <trkpt lat="-41.1456711" lon="-71.3769123">
        <ele>1369.0000</ele>
      </trkpt>
      <trkpt lat="-41.1456816" lon="-71.3768110">
        <ele>1369.0000</ele>
      </trkpt>
      <trkpt lat="-41.1456816" lon="-71.3767257">
        <ele>1369.0000</ele>
      </trkpt>
      <trkpt lat="-41.1456990" lon="-71.3765768">
        <ele>1369.0000</ele>
      </trkpt>
      <trkpt lat="-41.1457266" lon="-71.3764741">
        <ele>1368.0000</ele>
      </trkpt>
      <trkpt lat="-41.1457300" lon="-71.3764100">
        <ele>1368.0000</ele>
      </trkpt>
      <trkpt lat="-41.1457300" lon="-71.3763052">
        <ele>1368.0000</ele>
      </trkpt>
      <trkpt lat="-41.1457265" lon="-71.3762362">
        <ele>1368.0000</ele>
      </trkpt>
      <trkpt lat="-41.1457437" lon="-71.3760938">
        <ele>1368.0000</ele>
      </trkpt>
      <trkpt lat="-41.1457436" lon="-71.3760295">
        <ele>1368.0000</ele>
      </trkpt>
      <trkpt lat="-41.1457505" lon="-71.3759624">
        <ele>1368.0000</ele>
      </trkpt>
      <trkpt lat="-41.1457504" lon="-71.3758339">
        <ele>1369.0000</ele>
      </trkpt>
      <trkpt lat="-41.1457538" lon="-71.3757503">
        <ele>1370.0000</ele>
      </trkpt>
      <trkpt lat="-41.1457606" lon="-71.3756635">
        <ele>1370.0000</ele>
      </trkpt>
      <trkpt lat="-41.1457708" lon="-71.3755779">
        <ele>1370.0000</ele>
      </trkpt>
      <trkpt lat="-41.1457854" lon="-71.3755029">
        <ele>1369.0000</ele>
      </trkpt>
      <trkpt lat="-41.1457854" lon="-71.3754059">
        <ele>1369.0000</ele>
      </trkpt>
      <trkpt lat="-41.1457963" lon="-71.3753066">
        <ele>1368.0000</ele>
      </trkpt>
      <trkpt lat="-41.1458044" lon="-71.3752107">
        <ele>1368.0000</ele>
      </trkpt>
      <trkpt lat="-41.1458044" lon="-71.3751173">
        <ele>1368.0000</ele>
      </trkpt>
      <trkpt lat="-41.1458126" lon="-71.3750187">
        <ele>1367.0000</ele>
      </trkpt>
      <trkpt lat="-41.1458126" lon="-71.3749641">
        <ele>1367.0000</ele>
      </trkpt>
      <trkpt lat="-41.1457990" lon="-71.3748943">
        <ele>1367.0000</ele>
      </trkpt>
      <trkpt lat="-41.1457770" lon="-71.3748194">
        <ele>1367.0000</ele>
      </trkpt>
      <trkpt lat="-41.1457438" lon="-71.3747775">
        <ele>1368.0000</ele>
      </trkpt>
      <trkpt lat="-41.1457214" lon="-71.3747077">
        <ele>1368.0000</ele>
      </trkpt>
      <trkpt lat="-41.1456845" lon="-71.3746275">
        <ele>1367.0000</ele>
      </trkpt>
      <trkpt lat="-41.1456470" lon="-71.3745495">
        <ele>1366.0000</ele>
      </trkpt>
      <trkpt lat="-41.1456123" lon="-71.3744944">
        <ele>1365.0000</ele>
      </trkpt>
      <trkpt lat="-41.1455613" lon="-71.3744222">
        <ele>1364.0000</ele>
      </trkpt>
      <trkpt lat="-41.1455186" lon="-71.3743602">
        <ele>1362.0000</ele>
      </trkpt>
      <trkpt lat="-41.1454701" lon="-71.3742964">
        <ele>1360.0000</ele>
      </trkpt>
      <trkpt lat="-41.1454155" lon="-71.3742446">
        <ele>1359.0000</ele>
      </trkpt>
      <trkpt lat="-41.1453542" lon="-71.3741678">
        <ele>1357.0000</ele>
      </trkpt>
      <trkpt lat="-41.1453019" lon="-71.3740816">
        <ele>1355.0000</ele>
      </trkpt>
      <trkpt lat="-41.1452401" lon="-71.3740126">
        <ele>1354.0000</ele>
      </trkpt>
      <trkpt lat="-41.1451737" lon="-71.3739621">
        <ele>1353.0000</ele>
      </trkpt>
      <trkpt lat="-41.1451140" lon="-71.3738966">
        <ele>1351.0000</ele>
      </trkpt>
      <trkpt lat="-41.1450675" lon="-71.3738446">
        <ele>1351.0000</ele>
      </trkpt>
      <trkpt lat="-41.1450080" lon="-71.3737890">
        <ele>1350.0000</ele>
      </trkpt>
      <trkpt lat="-41.1449469" lon="-71.3737225">
        <ele>1350.0000</ele>
      </trkpt>
      <trkpt lat="-41.1448419" lon="-71.3735413">
        <ele>1349.0000</ele>
      </trkpt>
      <trkpt lat="-41.1447960" lon="-71.3734695">
        <ele>1349.0000</ele>
      </trkpt>
      <trkpt lat="-41.1447510" lon="-71.3734036">
        <ele>1349.0000</ele>
      </trkpt>
      <trkpt lat="-41.1447058" lon="-71.3733153">
        <ele>1349.0000</ele>
      </trkpt>
      <trkpt lat="-41.1446530" lon="-71.3732575">
        <ele>1349.0000</ele>
      </trkpt>
      <trkpt lat="-41.1446125" lon="-71.3731670">
        <ele>1349.0000</ele>
      </trkpt>
      <trkpt lat="-41.1445758" lon="-71.3730780">
        <ele>1348.0000</ele>
      </trkpt>
      <trkpt lat="-41.1445338" lon="-71.3729959">
        <ele>1349.0000</ele>
      </trkpt>
      <trkpt lat="-41.1445346" lon="-71.3729009">
        <ele>1349.0000</ele>
      </trkpt>
      <trkpt lat="-41.1445372" lon="-71.3727536">
        <ele>1350.0000</ele>
      </trkpt>
      <trkpt lat="-41.1445347" lon="-71.3726519">
        <ele>1351.0000</ele>
      </trkpt>
      <trkpt lat="-41.1445397" lon="-71.3724965">
        <ele>1351.0000</ele>
      </trkpt>
      <trkpt lat="-41.1445309" lon="-71.3723746">
        <ele>1350.0000</ele>
      </trkpt>
      <trkpt lat="-41.1445319" lon="-71.3722303">
        <ele>1349.0000</ele>
      </trkpt>
      <trkpt lat="-41.1445618" lon="-71.3721241">
        <ele>1347.0000</ele>
      </trkpt>
      <trkpt lat="-41.1445961" lon="-71.3719950">
        <ele>1344.0000</ele>
      </trkpt>
      <trkpt lat="-41.1446046" lon="-71.3719047">
        <ele>1343.0000</ele>
      </trkpt>
      <trkpt lat="-41.1446400" lon="-71.3718401">
        <ele>1341.0000</ele>
      </trkpt>
      <trkpt lat="-41.1446844" lon="-71.3717906">
        <ele>1339.0000</ele>
      </trkpt>
      <trkpt lat="-41.1447262" lon="-71.3717033">
        <ele>1337.0000</ele>
      </trkpt>
      <trkpt lat="-41.1447684" lon="-71.3715874">
        <ele>1335.0000</ele>
      </trkpt>
      <trkpt lat="-41.1447757" lon="-71.3714523">
        <ele>1334.0000</ele>
      </trkpt>
      <trkpt lat="-41.1447455" lon="-71.3712718">
        <ele>1334.0000</ele>
      </trkpt>
      <trkpt lat="-41.1447311" lon="-71.3711355">
        <ele>1333.0000</ele>
      </trkpt>
      <trkpt lat="-41.1446899" lon="-71.3710069">
        <ele>1333.0000</ele>
      </trkpt>
      <trkpt lat="-41.1446575" lon="-71.3708561">
        <ele>1333.0000</ele>
      </trkpt>
      <trkpt lat="-41.1446300" lon="-71.3707862">
        <ele>1332.0000</ele>
      </trkpt>
      <trkpt lat="-41.1445742" lon="-71.3706659">
        <ele>1331.0000</ele>
      </trkpt>
      <trkpt lat="-41.1445213" lon="-71.3705796">
        <ele>1331.0000</ele>
      </trkpt>
      <trkpt lat="-41.1444491" lon="-71.3704828">
        <ele>1330.0000</ele>
      </trkpt>
      <trkpt lat="-41.1444013" lon="-71.3703963">
        <ele>1331.0000</ele>
      </trkpt>
      <trkpt lat="-41.1443550" lon="-71.3703140">
        <ele>1331.0000</ele>
      </trkpt>
      <trkpt lat="-41.1443076" lon="-71.3702511">
        <ele>1332.0000</ele>
      </trkpt>
      <trkpt lat="-41.1442862" lon="-71.3701662">
        <ele>1332.0000</ele>
      </trkpt>
      <trkpt lat="-41.1442651" lon="-71.3700828">
        <ele>1332.0000</ele>
      </trkpt>
      <trkpt lat="-41.1442787" lon="-71.3699821">
        <ele>1331.0000</ele>
      </trkpt>
      <trkpt lat="-41.1443092" lon="-71.3698221">
        <ele>1330.0000</ele>
      </trkpt>
      <trkpt lat="-41.1443487" lon="-71.3696921">
        <ele>1329.0000</ele>
      </trkpt>
      <trkpt lat="-41.1443936" lon="-71.3695774">
        <ele>1328.0000</ele>
      </trkpt>
      <trkpt lat="-41.1444496" lon="-71.3694502">
        <ele>1327.0000</ele>
      </trkpt>
      <trkpt lat="-41.1445014" lon="-71.3693673">
        <ele>1326.0000</ele>
      </trkpt>
      <trkpt lat="-41.1445360" lon="-71.3692663">
        <ele>1326.0000</ele>
      </trkpt>
      <trkpt lat="-41.1445894" lon="-71.3691750">
        <ele>1325.0000</ele>
      </trkpt>
      <trkpt lat="-41.1446164" lon="-71.3690848">
        <ele>1325.0000</ele>
      </trkpt>
      <trkpt lat="-41.1446273" lon="-71.3690360">
        <ele>1325.0000</ele>
      </trkpt>
      <trkpt lat="-41.1446433" lon="-71.3689871">
        <ele>1325.0000</ele>
      </trkpt>
      <trkpt lat="-41.1446692" lon="-71.3689435">
        <ele>1325.0000</ele>
      </trkpt>
      <trkpt lat="-41.1446995" lon="-71.3689251">
        <ele>1324.0000</ele>
      </trkpt>
      <trkpt lat="-41.1447320" lon="-71.3688985">
        <ele>1324.0000</ele>
      </trkpt>
      <trkpt lat="-41.1447592" lon="-71.3688724">
        <ele>1324.0000</ele>
      </trkpt>
      <trkpt lat="-41.1447958" lon="-71.3688408">
        <ele>1324.0000</ele>
      </trkpt>
      <trkpt lat="-41.1448225" lon="-71.3688072">
        <ele>1323.0000</ele>
      </trkpt>
      <trkpt lat="-41.1448562" lon="-71.3687603">
        <ele>1323.0000</ele>
      </trkpt>
      <trkpt lat="-41.1448827" lon="-71.3686953">
        <ele>1323.0000</ele>
      </trkpt>
      <trkpt lat="-41.1449089" lon="-71.3686310">
        <ele>1323.0000</ele>
      </trkpt>
      <trkpt lat="-41.1449325" lon="-71.3685752">
        <ele>1323.0000</ele>
      </trkpt>
      <trkpt lat="-41.1449651" lon="-71.3685017">
        <ele>1323.0000</ele>
      </trkpt>
      <trkpt lat="-41.1449859" lon="-71.3684497">
        <ele>1324.0000</ele>
      </trkpt>
      <trkpt lat="-41.1450089" lon="-71.3683930">
        <ele>1324.0000</ele>
      </trkpt>
      <trkpt lat="-41.1450357" lon="-71.3683554">
        <ele>1324.0000</ele>
      </trkpt>
      <trkpt lat="-41.1450665" lon="-71.3683210">
        <ele>1323.0000</ele>
      </trkpt>
      <trkpt lat="-41.1450927" lon="-71.3682841">
        <ele>1323.0000</ele>
      </trkpt>
      <trkpt lat="-41.1451230" lon="-71.3682403">
        <ele>1323.0000</ele>
      </trkpt>
      <trkpt lat="-41.1451507" lon="-71.3682020">
        <ele>1323.0000</ele>
      </trkpt>
      <trkpt lat="-41.1451760" lon="-71.3681638">
        <ele>1322.0000</ele>
      </trkpt>
      <trkpt lat="-41.1451992" lon="-71.3681208">
        <ele>1323.0000</ele>
      </trkpt>
      <trkpt lat="-41.1452180" lon="-71.3680828">
        <ele>1323.0000</ele>
      </trkpt>
      <trkpt lat="-41.1452287" lon="-71.3680365">
        <ele>1323.0000</ele>
      </trkpt>
      <trkpt lat="-41.1452398" lon="-71.3679554">
        <ele>1323.0000</ele>
      </trkpt>
      <trkpt lat="-41.1452566" lon="-71.3678980">
        <ele>1323.0000</ele>
      </trkpt>
      <trkpt lat="-41.1452614" lon="-71.3678365">
        <ele>1324.0000</ele>
      </trkpt>
      <trkpt lat="-41.1452781" lon="-71.3677798">
        <ele>1323.0000</ele>
      </trkpt>
      <trkpt lat="-41.1452809" lon="-71.3677208">
        <ele>1324.0000</ele>
      </trkpt>
      <trkpt lat="-41.1452896" lon="-71.3676581">
        <ele>1324.0000</ele>
      </trkpt>
      <trkpt lat="-41.1453042" lon="-71.3675945">
        <ele>1325.0000</ele>
      </trkpt>
      <trkpt lat="-41.1453263" lon="-71.3675454">
        <ele>1325.0000</ele>
      </trkpt>
      <trkpt lat="-41.1453384" lon="-71.3675042">
        <ele>1324.0000</ele>
      </trkpt>
      <trkpt lat="-41.1453543" lon="-71.3674666">
        <ele>1324.0000</ele>
      </trkpt>
      <trkpt lat="-41.1453776" lon="-71.3674289">
        <ele>1324.0000</ele>
      </trkpt>
      <trkpt lat="-41.1453933" lon="-71.3673870">
        <ele>1323.0000</ele>
      </trkpt>
      <trkpt lat="-41.1454343" lon="-71.3673024">
        <ele>1323.0000</ele>
      </trkpt>
      <trkpt lat="-41.1454676" lon="-71.3672770">
        <ele>1322.0000</ele>
      </trkpt>
      <trkpt lat="-41.1455142" lon="-71.3672593">
        <ele>1320.0000</ele>
      </trkpt>
      <trkpt lat="-41.1455647" lon="-71.3672187">
        <ele>1319.0000</ele>
      </trkpt>
      <trkpt lat="-41.1455920" lon="-71.3671912">
        <ele>1318.0000</ele>
      </trkpt>
      <trkpt lat="-41.1456364" lon="-71.3671694">
        <ele>1317.0000</ele>
      </trkpt>
      <trkpt lat="-41.1456863" lon="-71.3671543">
        <ele>1315.0000</ele>
      </trkpt>
      <trkpt lat="-41.1457207" lon="-71.3671242">
        <ele>1314.0000</ele>
      </trkpt>
      <trkpt lat="-41.1457547" lon="-71.3670868">
        <ele>1313.0000</ele>
      </trkpt>
      <trkpt lat="-41.1457986" lon="-71.3670444">
        <ele>1312.0000</ele>
      </trkpt>
      <trkpt lat="-41.1458438" lon="-71.3669957">
        <ele>1312.0000</ele>
      </trkpt>
      <trkpt lat="-41.1458760" lon="-71.3669627">
        <ele>1311.0000</ele>
      </trkpt>
      <trkpt lat="-41.1459100" lon="-71.3669182">
        <ele>1311.0000</ele>
      </trkpt>
      <trkpt lat="-41.1459474" lon="-71.3668680">
        <ele>1310.0000</ele>
      </trkpt>
      <trkpt lat="-41.1459843" lon="-71.3668064">
        <ele>1309.0000</ele>
      </trkpt>
      <trkpt lat="-41.1460112" lon="-71.3667650">
        <ele>1309.0000</ele>
      </trkpt>
      <trkpt lat="-41.1460394" lon="-71.3667318">
        <ele>1308.0000</ele>
      </trkpt>
      <trkpt lat="-41.1460717" lon="-71.3666954">
        <ele>1308.0000</ele>
      </trkpt>
      <trkpt lat="-41.1460908" lon="-71.3666555">
        <ele>1307.0000</ele>
      </trkpt>
      <trkpt lat="-41.1461082" lon="-71.3665878">
        <ele>1306.0000</ele>
      </trkpt>
      <trkpt lat="-41.1461088" lon="-71.3665399">
        <ele>1306.0000</ele>
      </trkpt>
      <trkpt lat="-41.1461077" lon="-71.3664764">
        <ele>1305.0000</ele>
      </trkpt>
      <trkpt lat="-41.1461023" lon="-71.3664169">
        <ele>1305.0000</ele>
      </trkpt>
      <trkpt lat="-41.1460758" lon="-71.3663929">
        <ele>1305.0000</ele>
      </trkpt>
      <trkpt lat="-41.1460383" lon="-71.3663816">
        <ele>1306.0000</ele>
      </trkpt>
      <trkpt lat="-41.1459785" lon="-71.3663779">
        <ele>1308.0000</ele>
      </trkpt>
      <trkpt lat="-41.1459414" lon="-71.3663849">
        <ele>1309.0000</ele>
      </trkpt>
      <trkpt lat="-41.1459015" lon="-71.3663863">
        <ele>1310.0000</ele>
      </trkpt>
      <trkpt lat="-41.1458587" lon="-71.3663899">
        <ele>1311.0000</ele>
      </trkpt>
      <trkpt lat="-41.1458131" lon="-71.3663662">
        <ele>1312.0000</ele>
      </trkpt>
      <trkpt lat="-41.1457548" lon="-71.3663502">
        <ele>1314.0000</ele>
      </trkpt>
      <trkpt lat="-41.1457170" lon="-71.3663251">
        <ele>1315.0000</ele>
      </trkpt>
      <trkpt lat="-41.1456890" lon="-71.3662829">
        <ele>1315.0000</ele>
      </trkpt>
      <trkpt lat="-41.1456555" lon="-71.3662185">
        <ele>1316.0000</ele>
      </trkpt>
      <trkpt lat="-41.1456541" lon="-71.3661614">
        <ele>1315.0000</ele>
      </trkpt>
      <trkpt lat="-41.1456574" lon="-71.3660784">
        <ele>1314.0000</ele>
      </trkpt>
      <trkpt lat="-41.1456668" lon="-71.3660243">
        <ele>1313.0000</ele>
      </trkpt>
      <trkpt lat="-41.1456830" lon="-71.3659371">
        <ele>1312.0000</ele>
      </trkpt>
      <trkpt lat="-41.1456946" lon="-71.3658760">
        <ele>1311.0000</ele>
      </trkpt>
      <trkpt lat="-41.1457273" lon="-71.3658092">
        <ele>1309.0000</ele>
      </trkpt>
      <trkpt lat="-41.1457741" lon="-71.3657346">
        <ele>1308.0000</ele>
      </trkpt>
      <trkpt lat="-41.1458100" lon="-71.3656603">
        <ele>1307.0000</ele>
      </trkpt>
      <trkpt lat="-41.1458390" lon="-71.3656087">
        <ele>1306.0000</ele>
      </trkpt>
      <trkpt lat="-41.1458736" lon="-71.3655561">
        <ele>1305.0000</ele>
      </trkpt>
      <trkpt lat="-41.1459020" lon="-71.3654885">
        <ele>1305.0000</ele>
      </trkpt>
      <trkpt lat="-41.1459414" lon="-71.3654434">
        <ele>1304.0000</ele>
      </trkpt>
      <trkpt lat="-41.1460015" lon="-71.3653569">
        <ele>1304.0000</ele>
      </trkpt>
      <trkpt lat="-41.1460486" lon="-71.3652966">
        <ele>1304.0000</ele>
      </trkpt>
      <trkpt lat="-41.1460894" lon="-71.3652410">
        <ele>1304.0000</ele>
      </trkpt>
      <trkpt lat="-41.1461277" lon="-71.3651789">
        <ele>1304.0000</ele>
      </trkpt>
      <trkpt lat="-41.1462029" lon="-71.3650813">
        <ele>1305.0000</ele>
      </trkpt>
      <trkpt lat="-41.1462437" lon="-71.3650166">
        <ele>1305.0000</ele>
      </trkpt>
      <trkpt lat="-41.1462819" lon="-71.3649502">
        <ele>1306.0000</ele>
      </trkpt>
      <trkpt lat="-41.1463193" lon="-71.3649024">
        <ele>1307.0000</ele>
      </trkpt>
      <trkpt lat="-41.1463602" lon="-71.3648460">
        <ele>1307.0000</ele>
      </trkpt>
      <trkpt lat="-41.1463982" lon="-71.3648001">
        <ele>1308.0000</ele>
      </trkpt>
      <trkpt lat="-41.1464531" lon="-71.3647483">
        <ele>1307.0000</ele>
      </trkpt>
      <trkpt lat="-41.1464937" lon="-71.3646855">
        <ele>1307.0000</ele>
      </trkpt>
      <trkpt lat="-41.1465371" lon="-71.3646341">
        <ele>1307.0000</ele>
      </trkpt>
      <trkpt lat="-41.1465800" lon="-71.3645624">
        <ele>1307.0000</ele>
      </trkpt>
      <trkpt lat="-41.1466289" lon="-71.3645172">
        <ele>1307.0000</ele>
      </trkpt>
      <trkpt lat="-41.1466481" lon="-71.3644846">
        <ele>1307.0000</ele>
      </trkpt>
      <trkpt lat="-41.1466839" lon="-71.3644156">
        <ele>1308.0000</ele>
      </trkpt>
      <trkpt lat="-41.1467310" lon="-71.3643322">
        <ele>1308.0000</ele>
      </trkpt>
      <trkpt lat="-41.1467889" lon="-71.3642442">
        <ele>1309.0000</ele>
      </trkpt>
      <trkpt lat="-41.1468306" lon="-71.3641844">
        <ele>1309.0000</ele>
      </trkpt>
      <trkpt lat="-41.1468590" lon="-71.3641157">
        <ele>1310.0000</ele>
      </trkpt>
      <trkpt lat="-41.1469123" lon="-71.3640153">
        <ele>1311.0000</ele>
      </trkpt>
      <trkpt lat="-41.1469604" lon="-71.3639626">
        <ele>1312.0000</ele>
      </trkpt>
      <trkpt lat="-41.1469993" lon="-71.3639263">
        <ele>1313.0000</ele>
      </trkpt>
      <trkpt lat="-41.1470405" lon="-71.3638689">
        <ele>1313.0000</ele>
      </trkpt>
      <trkpt lat="-41.1470864" lon="-71.3637975">
        <ele>1314.0000</ele>
      </trkpt>
      <trkpt lat="-41.1471260" lon="-71.3637576">
        <ele>1315.0000</ele>
      </trkpt>
      <trkpt lat="-41.1471622" lon="-71.3637211">
        <ele>1315.0000</ele>
      </trkpt>
      <trkpt lat="-41.1471953" lon="-71.3636910">
        <ele>1315.0000</ele>
      </trkpt>
      <trkpt lat="-41.1472382" lon="-71.3636355">
        <ele>1316.0000</ele>
      </trkpt>
      <trkpt lat="-41.1472656" lon="-71.3635881">
        <ele>1316.0000</ele>
      </trkpt>
      <trkpt lat="-41.1472902" lon="-71.3635498">
        <ele>1316.0000</ele>
      </trkpt>
      <trkpt lat="-41.1473380" lon="-71.3635182">
        <ele>1316.0000</ele>
      </trkpt>
      <trkpt lat="-41.1473893" lon="-71.3634937">
        <ele>1315.0000</ele>
      </trkpt>
      <trkpt lat="-41.1474260" lon="-71.3634648">
        <ele>1315.0000</ele>
      </trkpt>
      <trkpt lat="-41.1474643" lon="-71.3634340">
        <ele>1315.0000</ele>
      </trkpt>
      <trkpt lat="-41.1475212" lon="-71.3634155">
        <ele>1314.0000</ele>
      </trkpt>
      <trkpt lat="-41.1475622" lon="-71.3633782">
        <ele>1314.0000</ele>
      </trkpt>
      <trkpt lat="-41.1476125" lon="-71.3633590">
        <ele>1314.0000</ele>
      </trkpt>
      <trkpt lat="-41.1476541" lon="-71.3633388">
        <ele>1313.0000</ele>
      </trkpt>
      <trkpt lat="-41.1476809" lon="-71.3632952">
        <ele>1313.0000</ele>
      </trkpt>
      <trkpt lat="-41.1477163" lon="-71.3632367">
        <ele>1313.0000</ele>
      </trkpt>
      <trkpt lat="-41.1477425" lon="-71.3631878">
        <ele>1313.0000</ele>
      </trkpt>
      <trkpt lat="-41.1477823" lon="-71.3631473">
        <ele>1313.0000</ele>
      </trkpt>
      <trkpt lat="-41.1478300" lon="-71.3630832">
        <ele>1313.0000</ele>
      </trkpt>
      <trkpt lat="-41.1478579" lon="-71.3630179">
        <ele>1314.0000</ele>
      </trkpt>
      <trkpt lat="-41.1478885" lon="-71.3629350">
        <ele>1315.0000</ele>
      </trkpt>
      <trkpt lat="-41.1478973" lon="-71.3628774">
        <ele>1315.0000</ele>
      </trkpt>
      <trkpt lat="-41.1479089" lon="-71.3627987">
        <ele>1316.0000</ele>
      </trkpt>
      <trkpt lat="-41.1479127" lon="-71.3627158">
        <ele>1317.0000</ele>
      </trkpt>
      <trkpt lat="-41.1479169" lon="-71.3626623">
        <ele>1317.0000</ele>
      </trkpt>
      <trkpt lat="-41.1478703" lon="-71.3625882">
        <ele>1320.0000</ele>
      </trkpt>
      <trkpt lat="-41.1478308" lon="-71.3624870">
        <ele>1323.0000</ele>
      </trkpt>
      <trkpt lat="-41.1477984" lon="-71.3623849">
        <ele>1324.0000</ele>
      </trkpt>
      <trkpt lat="-41.1477695" lon="-71.3622775">
        <ele>1325.0000</ele>
      </trkpt>
      <trkpt lat="-41.1477284" lon="-71.3621993">
        <ele>1326.0000</ele>
      </trkpt>
      <trkpt lat="-41.1476788" lon="-71.3621239">
        <ele>1327.0000</ele>
      </trkpt>
      <trkpt lat="-41.1476561" lon="-71.3620635">
        <ele>1327.0000</ele>
      </trkpt>
      <trkpt lat="-41.1476376" lon="-71.3619625">
        <ele>1326.0000</ele>
      </trkpt>
      <trkpt lat="-41.1476593" lon="-71.3618254">
        <ele>1325.0000</ele>
      </trkpt>
      <trkpt lat="-41.1476604" lon="-71.3617446">
        <ele>1325.0000</ele>
      </trkpt>
      <trkpt lat="-41.1476579" lon="-71.3616407">
        <ele>1325.0000</ele>
      </trkpt>
      <trkpt lat="-41.1476478" lon="-71.3615128">
        <ele>1327.0000</ele>
      </trkpt>
      <trkpt lat="-41.1476570" lon="-71.3614197">
        <ele>1328.0000</ele>
      </trkpt>
      <trkpt lat="-41.1476420" lon="-71.3613517">
        <ele>1329.0000</ele>
      </trkpt>
      <trkpt lat="-41.1476715" lon="-71.3612269">
        <ele>1330.0000</ele>
      </trkpt>
      <trkpt lat="-41.1477087" lon="-71.3610859">
        <ele>1333.0000</ele>
      </trkpt>
      <trkpt lat="-41.1477530" lon="-71.3609693">
        <ele>1334.0000</ele>
      </trkpt>
      <trkpt lat="-41.1477769" lon="-71.3609007">
        <ele>1336.0000</ele>
      </trkpt>
      <trkpt lat="-41.1478048" lon="-71.3608110">
        <ele>1336.0000</ele>
      </trkpt>
      <trkpt lat="-41.1478516" lon="-71.3606982">
        <ele>1336.0000</ele>
      </trkpt>
      <trkpt lat="-41.1478862" lon="-71.3606201">
        <ele>1337.0000</ele>
      </trkpt>
      <trkpt lat="-41.1479167" lon="-71.3605465">
        <ele>1337.0000</ele>
      </trkpt>
      <trkpt lat="-41.1479836" lon="-71.3604327">
        <ele>1338.0000</ele>
      </trkpt>
      <trkpt lat="-41.1480242" lon="-71.3603418">
        <ele>1339.0000</ele>
      </trkpt>
      <trkpt lat="-41.1480784" lon="-71.3602381">
        <ele>1340.0000</ele>
      </trkpt>
      <trkpt lat="-41.1481230" lon="-71.3601518">
        <ele>1340.0000</ele>
      </trkpt>
      <trkpt lat="-41.1481747" lon="-71.3599875">
        <ele>1341.0000</ele>
      </trkpt>
      <trkpt lat="-41.1481929" lon="-71.3598964">
        <ele>1341.0000</ele>
      </trkpt>
      <trkpt lat="-41.1482454" lon="-71.3597249">
        <ele>1342.0000</ele>
      </trkpt>
      <trkpt lat="-41.1482784" lon="-71.3596141">
        <ele>1342.0000</ele>
      </trkpt>
      <trkpt lat="-41.1483102" lon="-71.3593034">
        <ele>1343.0000</ele>
      </trkpt>
      <trkpt lat="-41.1484245" lon="-71.3589513">
        <ele>1342.0000</ele>
      </trkpt>
      <trkpt lat="-41.1485289" lon="-71.3585576">
        <ele>1337.0000</ele>
      </trkpt>
      <trkpt lat="-41.1486406" lon="-71.3581988">
        <ele>1331.0000</ele>
      </trkpt>
      <trkpt lat="-41.1486981" lon="-71.3576806">
        <ele>1328.0000</ele>
      </trkpt>
      <trkpt lat="-41.1488438" lon="-71.3573504">
        <ele>1328.0000</ele>
      </trkpt>
      <trkpt lat="-41.1488640" lon="-71.3571943">
        <ele>1330.0000</ele>
      </trkpt>
      <trkpt lat="-41.1488812" lon="-71.3570267">
        <ele>1330.0000</ele>
      </trkpt>
      <trkpt lat="-41.1488814" lon="-71.3567925">
        <ele>1329.0000</ele>
      </trkpt>
      <trkpt lat="-41.1488985" lon="-71.3564820">
        <ele>1327.0000</ele>
      </trkpt>
      <trkpt lat="-41.1489218" lon="-71.3561429">
        <ele>1325.0000</ele>
      </trkpt>
      <trkpt lat="-41.1489241" lon="-71.3557340">
        <ele>1321.0000</ele>
      </trkpt>
      <trkpt lat="-41.1489611" lon="-71.3553175">
        <ele>1319.0000</ele>
      </trkpt>
      <trkpt lat="-41.1489784" lon="-71.3550073">
        <ele>1317.0000</ele>
      </trkpt>
      <trkpt lat="-41.1489902" lon="-71.3546323">
        <ele>1314.0000</ele>
      </trkpt>
      <trkpt lat="-41.1489663" lon="-71.3542954">
        <ele>1311.0000</ele>
      </trkpt>
      <trkpt lat="-41.1489841" lon="-71.3539815">
        <ele>1308.0000</ele>
      </trkpt>
      <trkpt lat="-41.1489796" lon="-71.3537989">
        <ele>1305.0000</ele>
      </trkpt>
      <trkpt lat="-41.1489710" lon="-71.3536549">
        <ele>1302.0000</ele>
      </trkpt>
      <trkpt lat="-41.1489965" lon="-71.3535878">
        <ele>1300.0000</ele>
      </trkpt>
      <trkpt lat="-41.1491122" lon="-71.3536665">
        <ele>1300.0000</ele>
      </trkpt>
      <trkpt lat="-41.1491594" lon="-71.3536438">
        <ele>1299.0000</ele>
      </trkpt>
      <trkpt lat="-41.1491571" lon="-71.3535694">
        <ele>1297.0000</ele>
      </trkpt>
      <trkpt lat="-41.1491315" lon="-71.3534889">
        <ele>1296.0000</ele>
      </trkpt>
      <trkpt lat="-41.1491193" lon="-71.3533982">
        <ele>1293.0000</ele>
      </trkpt>
      <trkpt lat="-41.1490595" lon="-71.3532976">
        <ele>1292.0000</ele>
      </trkpt>
      <trkpt lat="-41.1488264" lon="-71.3531346">
        <ele>1289.0000</ele>
      </trkpt>
      <trkpt lat="-41.1488784" lon="-71.3530889">
        <ele>1287.0000</ele>
      </trkpt>
      <trkpt lat="-41.1489571" lon="-71.3531162">
        <ele>1287.0000</ele>
      </trkpt>
      <trkpt lat="-41.1490483" lon="-71.3530998">
        <ele>1286.0000</ele>
      </trkpt>
      <trkpt lat="-41.1491550" lon="-71.3531065">
        <ele>1286.0000</ele>
      </trkpt>
      <trkpt lat="-41.1490539" lon="-71.3529431">
        <ele>1280.0000</ele>
      </trkpt>
      <trkpt lat="-41.1489639" lon="-71.3528798">
        <ele>1278.0000</ele>
      </trkpt>
      <trkpt lat="-41.1489005" lon="-71.3527976">
        <ele>1274.0000</ele>
      </trkpt>
      <trkpt lat="-41.1490187" lon="-71.3527306">
        <ele>1271.0000</ele>
      </trkpt>
      <trkpt lat="-41.1491842" lon="-71.3527237">
        <ele>1270.0000</ele>
      </trkpt>
      <trkpt lat="-41.1494998" lon="-71.3527524">
        <ele>1267.0000</ele>
      </trkpt>
      <trkpt lat="-41.1497061" lon="-71.3527666">
        <ele>1261.0000</ele>
      </trkpt>
      <trkpt lat="-41.1497859" lon="-71.3527785">
        <ele>1259.0000</ele>
      </trkpt>
      <trkpt lat="-41.1498307" lon="-71.3527414">
        <ele>1256.0000</ele>
      </trkpt>
      <trkpt lat="-41.1498181" lon="-71.3526697">
        <ele>1254.0000</ele>
      </trkpt>
      <trkpt lat="-41.1497333" lon="-71.3525688">
        <ele>1253.0000</ele>
      </trkpt>
      <trkpt lat="-41.1496859" lon="-71.3525180">
        <ele>1253.0000</ele>
      </trkpt>
      <trkpt lat="-41.1495347" lon="-71.3524095">
        <ele>1254.0000</ele>
      </trkpt>
      <trkpt lat="-41.1491691" lon="-71.3521294">
        <ele>1249.0000</ele>
      </trkpt>
      <trkpt lat="-41.1488880" lon="-71.3519511">
        <ele>1246.0000</ele>
      </trkpt>
      <trkpt lat="-41.1485394" lon="-71.3517870">
        <ele>1235.0000</ele>
      </trkpt>
      <trkpt lat="-41.1482326" lon="-71.3516473">
        <ele>1224.0000</ele>
      </trkpt>
      <trkpt lat="-41.1479600" lon="-71.3514193">
        <ele>1214.0000</ele>
      </trkpt>
      <trkpt lat="-41.1476414" lon="-71.3511659">
        <ele>1210.0000</ele>
      </trkpt>
      <trkpt lat="-41.1472554" lon="-71.3507594">
        <ele>1201.0000</ele>
      </trkpt>
      <trkpt lat="-41.1469627" lon="-71.3503616">
        <ele>1193.0000</ele>
      </trkpt>
      <trkpt lat="-41.1467315" lon="-71.3501379">
        <ele>1193.0000</ele>
      </trkpt>
      <trkpt lat="-41.1465290" lon="-71.3500069">
        <ele>1194.0000</ele>
      </trkpt>
      <trkpt lat="-41.1463327" lon="-71.3499200">
        <ele>1195.0000</ele>
      </trkpt>
      <trkpt lat="-41.1461809" lon="-71.3498570">
        <ele>1196.0000</ele>
      </trkpt>
      <trkpt lat="-41.1461072" lon="-71.3497641">
        <ele>1195.0000</ele>
      </trkpt>
      <trkpt lat="-41.1460808" lon="-71.3497024">
        <ele>1195.0000</ele>
      </trkpt>
      <trkpt lat="-41.1460542" lon="-71.3496199">
        <ele>1195.0000</ele>
      </trkpt>
      <trkpt lat="-41.1460319" lon="-71.3495055">
        <ele>1195.0000</ele>
      </trkpt>
      <trkpt lat="-41.1460318" lon="-71.3493622">
        <ele>1195.0000</ele>
      </trkpt>
      <trkpt lat="-41.1460273" lon="-71.3492295">
        <ele>1195.0000</ele>
      </trkpt>
      <trkpt lat="-41.1460407" lon="-71.3490954">
        <ele>1195.0000</ele>
      </trkpt>
      <trkpt lat="-41.1460584" lon="-71.3488544">
        <ele>1195.0000</ele>
      </trkpt>
      <trkpt lat="-41.1460761" lon="-71.3485638">
        <ele>1194.0000</ele>
      </trkpt>
      <trkpt lat="-41.1461011" lon="-71.3483445">
        <ele>1194.0000</ele>
      </trkpt>
      <trkpt lat="-41.1461338" lon="-71.3481032">
        <ele>1197.0000</ele>
      </trkpt>
      <trkpt lat="-41.1461743" lon="-71.3479695">
        <ele>1197.0000</ele>
      </trkpt>
      <trkpt lat="-41.1462060" lon="-71.3478194">
        <ele>1197.0000</ele>
      </trkpt>
      <trkpt lat="-41.1462383" lon="-71.3477013">
        <ele>1197.0000</ele>
      </trkpt>
      <trkpt lat="-41.1462703" lon="-71.3475842">
        <ele>1196.0000</ele>
      </trkpt>
      <trkpt lat="-41.1462809" lon="-71.3475722">
        <ele>1196.0000</ele>
      </trkpt>
      <trkpt lat="-41.1463098" lon="-71.3474514">
        <ele>1195.0000</ele>
      </trkpt>
      <trkpt lat="-41.1463601" lon="-71.3472974">
        <ele>1194.0000</ele>
      </trkpt>
      <trkpt lat="-41.1463604" lon="-71.3472937">
        <ele>1194.0000</ele>
      </trkpt>
      <trkpt lat="-41.1463881" lon="-71.3471824">
        <ele>1194.0000</ele>
      </trkpt>
      <trkpt lat="-41.1464250" lon="-71.3470718">
        <ele>1193.0000</ele>
      </trkpt>
      <trkpt lat="-41.1464570" lon="-71.3469794">
        <ele>1193.0000</ele>
      </trkpt>
      <trkpt lat="-41.1464871" lon="-71.3468332">
        <ele>1193.0000</ele>
      </trkpt>
      <trkpt lat="-41.1465119" lon="-71.3467140">
        <ele>1193.0000</ele>
      </trkpt>
      <trkpt lat="-41.1465453" lon="-71.3465984">
        <ele>1193.0000</ele>
      </trkpt>
      <trkpt lat="-41.1465388" lon="-71.3464918">
        <ele>1194.0000</ele>
      </trkpt>
      <trkpt lat="-41.1465211" lon="-71.3463729">
        <ele>1195.0000</ele>
      </trkpt>
      <trkpt lat="-41.1465034" lon="-71.3462492">
        <ele>1196.0000</ele>
      </trkpt>
      <trkpt lat="-41.1464818" lon="-71.3461341">
        <ele>1196.0000</ele>
      </trkpt>
      <trkpt lat="-41.1464759" lon="-71.3460133">
        <ele>1197.0000</ele>
      </trkpt>
      <trkpt lat="-41.1464762" lon="-71.3460096">
        <ele>1197.0000</ele>
      </trkpt>
      <trkpt lat="-41.1464490" lon="-71.3458783">
        <ele>1197.0000</ele>
      </trkpt>
      <trkpt lat="-41.1464100" lon="-71.3457669">
        <ele>1198.0000</ele>
      </trkpt>
      <trkpt lat="-41.1464195" lon="-71.3456091">
        <ele>1197.0000</ele>
      </trkpt>
      <trkpt lat="-41.1464340" lon="-71.3454290">
        <ele>1196.0000</ele>
      </trkpt>
      <trkpt lat="-41.1464382" lon="-71.3452565">
        <ele>1196.0000</ele>
      </trkpt>
      <trkpt lat="-41.1464390" lon="-71.3451249">
        <ele>1194.0000</ele>
      </trkpt>
      <trkpt lat="-41.1464453" lon="-71.3450069">
        <ele>1193.0000</ele>
      </trkpt>
      <trkpt lat="-41.1464446" lon="-71.3448130">
        <ele>1190.0000</ele>
      </trkpt>
      <trkpt lat="-41.1464499" lon="-71.3446245">
        <ele>1188.0000</ele>
      </trkpt>
      <trkpt lat="-41.1464599" lon="-71.3444997">
        <ele>1187.0000</ele>
      </trkpt>
      <trkpt lat="-41.1464190" lon="-71.3443501">
        <ele>1187.0000</ele>
      </trkpt>
      <trkpt lat="-41.1463750" lon="-71.3442690">
        <ele>1187.0000</ele>
      </trkpt>
      <trkpt lat="-41.1463537" lon="-71.3441915">
        <ele>1187.0000</ele>
      </trkpt>
      <trkpt lat="-41.1463333" lon="-71.3440700">
        <ele>1187.0000</ele>
      </trkpt>
      <trkpt lat="-41.1462957" lon="-71.3439639">
        <ele>1187.0000</ele>
      </trkpt>
      <trkpt lat="-41.1462514" lon="-71.3438475">
        <ele>1188.0000</ele>
      </trkpt>
      <trkpt lat="-41.1462093" lon="-71.3437431">
        <ele>1188.0000</ele>
      </trkpt>
      <trkpt lat="-41.1461702" lon="-71.3436016">
        <ele>1187.0000</ele>
      </trkpt>
      <trkpt lat="-41.1461450" lon="-71.3435012">
        <ele>1186.0000</ele>
      </trkpt>
      <trkpt lat="-41.1461077" lon="-71.3433636">
        <ele>1184.0000</ele>
      </trkpt>
      <trkpt lat="-41.1460997" lon="-71.3432830">
        <ele>1183.0000</ele>
      </trkpt>
      <trkpt lat="-41.1460844" lon="-71.3431601">
        <ele>1182.0000</ele>
      </trkpt>
      <trkpt lat="-41.1460739" lon="-71.3430497">
        <ele>1181.0000</ele>
      </trkpt>
      <trkpt lat="-41.1460514" lon="-71.3429297">
        <ele>1180.0000</ele>
      </trkpt>
      <trkpt lat="-41.1460252" lon="-71.3428651">
        <ele>1180.0000</ele>
      </trkpt>
      <trkpt lat="-41.1459879" lon="-71.3428139">
        <ele>1180.0000</ele>
      </trkpt>
      <trkpt lat="-41.1459371" lon="-71.3427365">
        <ele>1179.0000</ele>
      </trkpt>
      <trkpt lat="-41.1458952" lon="-71.3426656">
        <ele>1179.0000</ele>
      </trkpt>
      <trkpt lat="-41.1458515" lon="-71.3426262">
        <ele>1179.0000</ele>
      </trkpt>
      <trkpt lat="-41.1458085" lon="-71.3426144">
        <ele>1179.0000</ele>
      </trkpt>
      <trkpt lat="-41.1458104" lon="-71.3425327">
        <ele>1179.0000</ele>
      </trkpt>
      <trkpt lat="-41.1457999" lon="-71.3424304">
        <ele>1178.0000</ele>
      </trkpt>
      <trkpt lat="-41.1458084" lon="-71.3423615">
        <ele>1177.0000</ele>
      </trkpt>
      <trkpt lat="-41.1458312" lon="-71.3422687">
        <ele>1176.0000</ele>
      </trkpt>
      <trkpt lat="-41.1458397" lon="-71.3422052">
        <ele>1175.0000</ele>
      </trkpt>
      <trkpt lat="-41.1458500" lon="-71.3421660">
        <ele>1175.0000</ele>
      </trkpt>
      <trkpt lat="-41.1458570" lon="-71.3420939">
        <ele>1174.0000</ele>
      </trkpt>
      <trkpt lat="-41.1458610" lon="-71.3420133">
        <ele>1173.0000</ele>
      </trkpt>
      <trkpt lat="-41.1458550" lon="-71.3419685">
        <ele>1172.0000</ele>
      </trkpt>
      <trkpt lat="-41.1458369" lon="-71.3418719">
        <ele>1172.0000</ele>
      </trkpt>
      <trkpt lat="-41.1458137" lon="-71.3417531">
        <ele>1171.0000</ele>
      </trkpt>
      <trkpt lat="-41.1457905" lon="-71.3416895">
        <ele>1171.0000</ele>
      </trkpt>
      <trkpt lat="-41.1457530" lon="-71.3416136">
        <ele>1170.0000</ele>
      </trkpt>
      <trkpt lat="-41.1456915" lon="-71.3415200">
        <ele>1170.0000</ele>
      </trkpt>
      <trkpt lat="-41.1456209" lon="-71.3414185">
        <ele>1169.0000</ele>
      </trkpt>
      <trkpt lat="-41.1455575" lon="-71.3413484">
        <ele>1169.0000</ele>
      </trkpt>
      <trkpt lat="-41.1455046" lon="-71.3412641">
        <ele>1168.0000</ele>
      </trkpt>
      <trkpt lat="-41.1454561" lon="-71.3411910">
        <ele>1166.0000</ele>
      </trkpt>
      <trkpt lat="-41.1454261" lon="-71.3411463">
        <ele>1166.0000</ele>
      </trkpt>
      <trkpt lat="-41.1453849" lon="-71.3410296">
        <ele>1164.0000</ele>
      </trkpt>
      <trkpt lat="-41.1453401" lon="-71.3409557">
        <ele>1163.0000</ele>
      </trkpt>
      <trkpt lat="-41.1452848" lon="-71.3408430">
        <ele>1162.0000</ele>
      </trkpt>
      <trkpt lat="-41.1452202" lon="-71.3407536">
        <ele>1161.0000</ele>
      </trkpt>
      <trkpt lat="-41.1451835" lon="-71.3406851">
        <ele>1160.0000</ele>
      </trkpt>
      <trkpt lat="-41.1451353" lon="-71.3405880">
        <ele>1160.0000</ele>
      </trkpt>
      <trkpt lat="-41.1450902" lon="-71.3405086">
        <ele>1159.0000</ele>
      </trkpt>
      <trkpt lat="-41.1450417" lon="-71.3404708">
        <ele>1158.0000</ele>
      </trkpt>
      <trkpt lat="-41.1449888" lon="-71.3404399">
        <ele>1158.0000</ele>
      </trkpt>
      <trkpt lat="-41.1449619" lon="-71.3404274">
        <ele>1158.0000</ele>
      </trkpt>
      <trkpt lat="-41.1449436" lon="-71.3403342">
        <ele>1158.0000</ele>
      </trkpt>
      <trkpt lat="-41.1449211" lon="-71.3402053">
        <ele>1157.0000</ele>
      </trkpt>
      <trkpt lat="-41.1448927" lon="-71.3401038">
        <ele>1155.0000</ele>
      </trkpt>
      <trkpt lat="-41.1448470" lon="-71.3400120">
        <ele>1155.0000</ele>
      </trkpt>
      <trkpt lat="-41.1447920" lon="-71.3399089">
        <ele>1154.0000</ele>
      </trkpt>
      <trkpt lat="-41.1447353" lon="-71.3397650">
        <ele>1153.0000</ele>
      </trkpt>
      <trkpt lat="-41.1446800" lon="-71.3396322">
        <ele>1151.0000</ele>
      </trkpt>
      <trkpt lat="-41.1446039" lon="-71.3394495">
        <ele>1149.0000</ele>
      </trkpt>
      <trkpt lat="-41.1445359" lon="-71.3392870">
        <ele>1149.0000</ele>
      </trkpt>
      <trkpt lat="-41.1444707" lon="-71.3391644">
        <ele>1150.0000</ele>
      </trkpt>
      <trkpt lat="-41.1444268" lon="-71.3390567">
        <ele>1150.0000</ele>
      </trkpt>
      <trkpt lat="-41.1443778" lon="-71.3389357">
        <ele>1149.0000</ele>
      </trkpt>
      <trkpt lat="-41.1443390" lon="-71.3388560">
        <ele>1148.0000</ele>
      </trkpt>
      <trkpt lat="-41.1442635" lon="-71.3387948">
        <ele>1148.0000</ele>
      </trkpt>
      <trkpt lat="-41.1441868" lon="-71.3387132">
        <ele>1147.0000</ele>
      </trkpt>
      <trkpt lat="-41.1440923" lon="-71.3386184">
        <ele>1145.0000</ele>
      </trkpt>
      <trkpt lat="-41.1440300" lon="-71.3385686">
        <ele>1144.0000</ele>
      </trkpt>
      <trkpt lat="-41.1439499" lon="-71.3385049">
        <ele>1143.0000</ele>
      </trkpt>
      <trkpt lat="-41.1439018" lon="-71.3384503">
        <ele>1142.0000</ele>
      </trkpt>
      <trkpt lat="-41.1438435" lon="-71.3383987">
        <ele>1141.0000</ele>
      </trkpt>
      <trkpt lat="-41.1438066" lon="-71.3383647">
        <ele>1140.0000</ele>
      </trkpt>
      <trkpt lat="-41.1437929" lon="-71.3383037">
        <ele>1139.0000</ele>
      </trkpt>
      <trkpt lat="-41.1437783" lon="-71.3382261">
        <ele>1139.0000</ele>
      </trkpt>
      <trkpt lat="-41.1437966" lon="-71.3381239">
        <ele>1139.0000</ele>
      </trkpt>
      <trkpt lat="-41.1438186" lon="-71.3380591">
        <ele>1139.0000</ele>
      </trkpt>
      <trkpt lat="-41.1438394" lon="-71.3380103">
        <ele>1140.0000</ele>
      </trkpt>
      <trkpt lat="-41.1438543" lon="-71.3379220">
        <ele>1140.0000</ele>
      </trkpt>
      <trkpt lat="-41.1438532" lon="-71.3378134">
        <ele>1139.0000</ele>
      </trkpt>
      <trkpt lat="-41.1438666" lon="-71.3377555">
        <ele>1139.0000</ele>
      </trkpt>
      <trkpt lat="-41.1438716" lon="-71.3376777">
        <ele>1139.0000</ele>
      </trkpt>
      <trkpt lat="-41.1438696" lon="-71.3375938">
        <ele>1138.0000</ele>
      </trkpt>
      <trkpt lat="-41.1438347" lon="-71.3374965">
        <ele>1137.0000</ele>
      </trkpt>
      <trkpt lat="-41.1437983" lon="-71.3373920">
        <ele>1137.0000</ele>
      </trkpt>
      <trkpt lat="-41.1437591" lon="-71.3372845">
        <ele>1137.0000</ele>
      </trkpt>
      <trkpt lat="-41.1437347" lon="-71.3371851">
        <ele>1137.0000</ele>
      </trkpt>
      <trkpt lat="-41.1437552" lon="-71.3371337">
        <ele>1137.0000</ele>
      </trkpt>
      <trkpt lat="-41.1437810" lon="-71.3370448">
        <ele>1138.0000</ele>
      </trkpt>
      <trkpt lat="-41.1437999" lon="-71.3369765">
        <ele>1138.0000</ele>
      </trkpt>
      <trkpt lat="-41.1438128" lon="-71.3369108">
        <ele>1138.0000</ele>
      </trkpt>
      <trkpt lat="-41.1437975" lon="-71.3368293">
        <ele>1138.0000</ele>
      </trkpt>
      <trkpt lat="-41.1437477" lon="-71.3367305">
        <ele>1139.0000</ele>
      </trkpt>
      <trkpt lat="-41.1437089" lon="-71.3366496">
        <ele>1139.0000</ele>
      </trkpt>
      <trkpt lat="-41.1436652" lon="-71.3365693">
        <ele>1139.0000</ele>
      </trkpt>
      <trkpt lat="-41.1436558" lon="-71.3365328">
        <ele>1139.0000</ele>
      </trkpt>
      <trkpt lat="-41.1436637" lon="-71.3364550">
        <ele>1139.0000</ele>
      </trkpt>
      <trkpt lat="-41.1436487" lon="-71.3363800">
        <ele>1139.0000</ele>
      </trkpt>
      <trkpt lat="-41.1436441" lon="-71.3363138">
        <ele>1139.0000</ele>
      </trkpt>
      <trkpt lat="-41.1436360" lon="-71.3362679">
        <ele>1139.0000</ele>
      </trkpt>
      <trkpt lat="-41.1436030" lon="-71.3362087">
        <ele>1139.0000</ele>
      </trkpt>
      <trkpt lat="-41.1435857" lon="-71.3361368">
        <ele>1139.0000</ele>
      </trkpt>
      <trkpt lat="-41.1435590" lon="-71.3360947">
        <ele>1139.0000</ele>
      </trkpt>
      <trkpt lat="-41.1434875" lon="-71.3361047">
        <ele>1138.0000</ele>
      </trkpt>
      <trkpt lat="-41.1434444" lon="-71.3361203">
        <ele>1138.0000</ele>
      </trkpt>
      <trkpt lat="-41.1433662" lon="-71.3361456">
        <ele>1137.0000</ele>
      </trkpt>
      <trkpt lat="-41.1433276" lon="-71.3360954">
        <ele>1136.0000</ele>
      </trkpt>
      <trkpt lat="-41.1432757" lon="-71.3360218">
        <ele>1134.0000</ele>
      </trkpt>
      <trkpt lat="-41.1432288" lon="-71.3359292">
        <ele>1132.0000</ele>
      </trkpt>
      <trkpt lat="-41.1431762" lon="-71.3358782">
        <ele>1130.0000</ele>
      </trkpt>
      <trkpt lat="-41.1431480" lon="-71.3358112">
        <ele>1129.0000</ele>
      </trkpt>
      <trkpt lat="-41.1431173" lon="-71.3357520">
        <ele>1128.0000</ele>
      </trkpt>
      <trkpt lat="-41.1430962" lon="-71.3357278">
        <ele>1128.0000</ele>
      </trkpt>
      <trkpt lat="-41.1430914" lon="-71.3356568">
        <ele>1127.0000</ele>
      </trkpt>
      <trkpt lat="-41.1430935" lon="-71.3355818">
        <ele>1127.0000</ele>
      </trkpt>
      <trkpt lat="-41.1430912" lon="-71.3355195">
        <ele>1127.0000</ele>
      </trkpt>
      <trkpt lat="-41.1430862" lon="-71.3354497">
        <ele>1127.0000</ele>
      </trkpt>
      <trkpt lat="-41.1430287" lon="-71.3354163">
        <ele>1125.0000</ele>
      </trkpt>
      <trkpt lat="-41.1429678" lon="-71.3353883">
        <ele>1123.0000</ele>
      </trkpt>
      <trkpt lat="-41.1429316" lon="-71.3353604">
        <ele>1122.0000</ele>
      </trkpt>
      <trkpt lat="-41.1429051" lon="-71.3352620">
        <ele>1122.0000</ele>
      </trkpt>
      <trkpt lat="-41.1428789" lon="-71.3351621">
        <ele>1120.0000</ele>
      </trkpt>
      <trkpt lat="-41.1428574" lon="-71.3350526">
        <ele>1119.0000</ele>
      </trkpt>
      <trkpt lat="-41.1428422" lon="-71.3349978">
        <ele>1119.0000</ele>
      </trkpt>
      <trkpt lat="-41.1428443" lon="-71.3349195">
        <ele>1118.0000</ele>
      </trkpt>
      <trkpt lat="-41.1428540" lon="-71.3348471">
        <ele>1117.0000</ele>
      </trkpt>
      <trkpt lat="-41.1428627" lon="-71.3347710">
        <ele>1116.0000</ele>
      </trkpt>
      <trkpt lat="-41.1428602" lon="-71.3347014">
        <ele>1115.0000</ele>
      </trkpt>
      <trkpt lat="-41.1428558" lon="-71.3346801">
        <ele>1114.0000</ele>
      </trkpt>
      <trkpt lat="-41.1428208" lon="-71.3346551">
        <ele>1114.0000</ele>
      </trkpt>
      <trkpt lat="-41.1427856" lon="-71.3346252">
        <ele>1113.0000</ele>
      </trkpt>
      <trkpt lat="-41.1427463" lon="-71.3346042">
        <ele>1112.0000</ele>
      </trkpt>
      <trkpt lat="-41.1427041" lon="-71.3345683">
        <ele>1111.0000</ele>
      </trkpt>
      <trkpt lat="-41.1426798" lon="-71.3344899">
        <ele>1109.0000</ele>
      </trkpt>
      <trkpt lat="-41.1426482" lon="-71.3343932">
        <ele>1108.0000</ele>
      </trkpt>
      <trkpt lat="-41.1426305" lon="-71.3343153">
        <ele>1106.0000</ele>
      </trkpt>
      <trkpt lat="-41.1426075" lon="-71.3342380">
        <ele>1105.0000</ele>
      </trkpt>
      <trkpt lat="-41.1425794" lon="-71.3341587">
        <ele>1104.0000</ele>
      </trkpt>
      <trkpt lat="-41.1425647" lon="-71.3340777">
        <ele>1102.0000</ele>
      </trkpt>
      <trkpt lat="-41.1425360" lon="-71.3339971">
        <ele>1101.0000</ele>
      </trkpt>
      <trkpt lat="-41.1425173" lon="-71.3339339">
        <ele>1099.0000</ele>
      </trkpt>
      <trkpt lat="-41.1425040" lon="-71.3338817">
        <ele>1098.0000</ele>
      </trkpt>
      <trkpt lat="-41.1424916" lon="-71.3338313">
        <ele>1097.0000</ele>
      </trkpt>
      <trkpt lat="-41.1424747" lon="-71.3337664">
        <ele>1095.0000</ele>
      </trkpt>
      <trkpt lat="-41.1424517" lon="-71.3337207">
        <ele>1094.0000</ele>
      </trkpt>
      <trkpt lat="-41.1424217" lon="-71.3336765">
        <ele>1093.0000</ele>
      </trkpt>
      <trkpt lat="-41.1423705" lon="-71.3336210">
        <ele>1092.0000</ele>
      </trkpt>
      <trkpt lat="-41.1423131" lon="-71.3336034">
        <ele>1091.0000</ele>
      </trkpt>
      <trkpt lat="-41.1422783" lon="-71.3335796">
        <ele>1091.0000</ele>
      </trkpt>
      <trkpt lat="-41.1422377" lon="-71.3335832">
        <ele>1091.0000</ele>
      </trkpt>
      <trkpt lat="-41.1421876" lon="-71.3335958">
        <ele>1091.0000</ele>
      </trkpt>
      <trkpt lat="-41.1421363" lon="-71.3336272">
        <ele>1090.0000</ele>
      </trkpt>
      <trkpt lat="-41.1421092" lon="-71.3336897">
        <ele>1089.0000</ele>
      </trkpt>
      <trkpt lat="-41.1420887" lon="-71.3337403">
        <ele>1089.0000</ele>
      </trkpt>
      <trkpt lat="-41.1420561" lon="-71.3337422">
        <ele>1088.0000</ele>
      </trkpt>
      <trkpt lat="-41.1420252" lon="-71.3337417">
        <ele>1088.0000</ele>
      </trkpt>
      <trkpt lat="-41.1419632" lon="-71.3336853">
        <ele>1087.0000</ele>
      </trkpt>
      <trkpt lat="-41.1419081" lon="-71.3336150">
        <ele>1086.0000</ele>
      </trkpt>
      <trkpt lat="-41.1418629" lon="-71.3335591">
        <ele>1085.0000</ele>
      </trkpt>
      <trkpt lat="-41.1418245" lon="-71.3335088">
        <ele>1083.0000</ele>
      </trkpt>
      <trkpt lat="-41.1417863" lon="-71.3334484">
        <ele>1083.0000</ele>
      </trkpt>
      <trkpt lat="-41.1417417" lon="-71.3333760">
        <ele>1082.0000</ele>
      </trkpt>
      <trkpt lat="-41.1417059" lon="-71.3333235">
        <ele>1081.0000</ele>
      </trkpt>
      <trkpt lat="-41.1416509" lon="-71.3332452">
        <ele>1080.0000</ele>
      </trkpt>
      <trkpt lat="-41.1415949" lon="-71.3331848">
        <ele>1079.0000</ele>
      </trkpt>
      <trkpt lat="-41.1415311" lon="-71.3331208">
        <ele>1079.0000</ele>
      </trkpt>
      <trkpt lat="-41.1414452" lon="-71.3330382">
        <ele>1077.0000</ele>
      </trkpt>
      <trkpt lat="-41.1413838" lon="-71.3329824">
        <ele>1076.0000</ele>
      </trkpt>
      <trkpt lat="-41.1413493" lon="-71.3329606">
        <ele>1074.0000</ele>
      </trkpt>
      <trkpt lat="-41.1413138" lon="-71.3329279">
        <ele>1073.0000</ele>
      </trkpt>
      <trkpt lat="-41.1412487" lon="-71.3328687">
        <ele>1070.0000</ele>
      </trkpt>
      <trkpt lat="-41.1411885" lon="-71.3328262">
        <ele>1068.0000</ele>
      </trkpt>
      <trkpt lat="-41.1411031" lon="-71.3327742">
        <ele>1066.0000</ele>
      </trkpt>
      <trkpt lat="-41.1410540" lon="-71.3327287">
        <ele>1064.0000</ele>
      </trkpt>
      <trkpt lat="-41.1409560" lon="-71.3326821">
        <ele>1062.0000</ele>
      </trkpt>
      <trkpt lat="-41.1409139" lon="-71.3326612">
        <ele>1060.0000</ele>
      </trkpt>
      <trkpt lat="-41.1408178" lon="-71.3326313">
        <ele>1058.0000</ele>
      </trkpt>
      <trkpt lat="-41.1407678" lon="-71.3326234">
        <ele>1056.0000</ele>
      </trkpt>
      <trkpt lat="-41.1407565" lon="-71.3326206">
        <ele>1055.0000</ele>
      </trkpt>
      <trkpt lat="-41.1406826" lon="-71.3326022">
        <ele>1053.0000</ele>
      </trkpt>
      <trkpt lat="-41.1406200" lon="-71.3325622">
        <ele>1051.0000</ele>
      </trkpt>
      <trkpt lat="-41.1405677" lon="-71.3325039">
        <ele>1050.0000</ele>
      </trkpt>
      <trkpt lat="-41.1405119" lon="-71.3324190">
        <ele>1048.0000</ele>
      </trkpt>
      <trkpt lat="-41.1404596" lon="-71.3323588">
        <ele>1046.0000</ele>
      </trkpt>
      <trkpt lat="-41.1404060" lon="-71.3322972">
        <ele>1045.0000</ele>
      </trkpt>
      <trkpt lat="-41.1403628" lon="-71.3322584">
        <ele>1043.0000</ele>
      </trkpt>
      <trkpt lat="-41.1403170" lon="-71.3322286">
        <ele>1042.0000</ele>
      </trkpt>
      <trkpt lat="-41.1402762" lon="-71.3322160">
        <ele>1042.0000</ele>
      </trkpt>
      <trkpt lat="-41.1402200" lon="-71.3322093">
        <ele>1040.0000</ele>
      </trkpt>
      <trkpt lat="-41.1401620" lon="-71.3322079">
        <ele>1037.0000</ele>
      </trkpt>
      <trkpt lat="-41.1400890" lon="-71.3321801">
        <ele>1035.0000</ele>
      </trkpt>
      <trkpt lat="-41.1400106" lon="-71.3321387">
        <ele>1032.0000</ele>
      </trkpt>
      <trkpt lat="-41.1399623" lon="-71.3321177">
        <ele>1031.0000</ele>
      </trkpt>
      <trkpt lat="-41.1399212" lon="-71.3321047">
        <ele>1030.0000</ele>
      </trkpt>
      <trkpt lat="-41.1398809" lon="-71.3321215">
        <ele>1029.0000</ele>
      </trkpt>
      <trkpt lat="-41.1398144" lon="-71.3321368">
        <ele>1027.0000</ele>
      </trkpt>
      <trkpt lat="-41.1397726" lon="-71.3321604">
        <ele>1026.0000</ele>
      </trkpt>
      <trkpt lat="-41.1397283" lon="-71.3321776">
        <ele>1024.0000</ele>
      </trkpt>
      <trkpt lat="-41.1396875" lon="-71.3322138">
        <ele>1023.0000</ele>
      </trkpt>
      <trkpt lat="-41.1396160" lon="-71.3322176">
        <ele>1021.0000</ele>
      </trkpt>
      <trkpt lat="-41.1395558" lon="-71.3322007">
        <ele>1019.0000</ele>
      </trkpt>
      <trkpt lat="-41.1395167" lon="-71.3321773">
        <ele>1018.0000</ele>
      </trkpt>
      <trkpt lat="-41.1394838" lon="-71.3321423">
        <ele>1017.0000</ele>
      </trkpt>
      <trkpt lat="-41.1394457" lon="-71.3320664">
        <ele>1016.0000</ele>
      </trkpt>
      <trkpt lat="-41.1394161" lon="-71.3319763">
        <ele>1014.0000</ele>
      </trkpt>
      <trkpt lat="-41.1393793" lon="-71.3319842">
        <ele>1013.0000</ele>
      </trkpt>
      <trkpt lat="-41.1393286" lon="-71.3320330">
        <ele>1011.0000</ele>
      </trkpt>
      <trkpt lat="-41.1393108" lon="-71.3320687">
        <ele>1010.0000</ele>
      </trkpt>
      <trkpt lat="-41.1392973" lon="-71.3321158">
        <ele>1009.0000</ele>
      </trkpt>
      <trkpt lat="-41.1392816" lon="-71.3321749">
        <ele>1009.0000</ele>
      </trkpt>
      <trkpt lat="-41.1392703" lon="-71.3322253">
        <ele>1008.0000</ele>
      </trkpt>
      <trkpt lat="-41.1392427" lon="-71.3322781">
        <ele>1006.0000</ele>
      </trkpt>
      <trkpt lat="-41.1392003" lon="-71.3322865">
        <ele>1004.0000</ele>
      </trkpt>
      <trkpt lat="-41.1391545" lon="-71.3322597">
        <ele>1003.0000</ele>
      </trkpt>
      <trkpt lat="-41.1391249" lon="-71.3321855">
        <ele>1002.0000</ele>
      </trkpt>
      <trkpt lat="-41.1391172" lon="-71.3321053">
        <ele>1002.0000</ele>
      </trkpt>
      <trkpt lat="-41.1391463" lon="-71.3320105">
        <ele>1003.0000</ele>
      </trkpt>
      <trkpt lat="-41.1391776" lon="-71.3319583">
        <ele>1005.0000</ele>
      </trkpt>
      <trkpt lat="-41.1392061" lon="-71.3319098">
        <ele>1006.0000</ele>
      </trkpt>
      <trkpt lat="-41.1392364" lon="-71.3318356">
        <ele>1006.0000</ele>
      </trkpt>
      <trkpt lat="-41.1392687" lon="-71.3317682">
        <ele>1007.0000</ele>
      </trkpt>
      <trkpt lat="-41.1392868" lon="-71.3317191">
        <ele>1007.0000</ele>
      </trkpt>
      <trkpt lat="-41.1393137" lon="-71.3316104">
        <ele>1006.0000</ele>
      </trkpt>
      <trkpt lat="-41.1393379" lon="-71.3315002">
        <ele>1006.0000</ele>
      </trkpt>
      <trkpt lat="-41.1393488" lon="-71.3314383">
        <ele>1005.0000</ele>
      </trkpt>
      <trkpt lat="-41.1393684" lon="-71.3313832">
        <ele>1005.0000</ele>
      </trkpt>
      <trkpt lat="-41.1393331" lon="-71.3313917">
        <ele>1004.0000</ele>
      </trkpt>
      <trkpt lat="-41.1392949" lon="-71.3314145">
        <ele>1002.0000</ele>
      </trkpt>
      <trkpt lat="-41.1392675" lon="-71.3314327">
        <ele>1002.0000</ele>
      </trkpt>
      <trkpt lat="-41.1392257" lon="-71.3314502">
        <ele>1000.0000</ele>
      </trkpt>
      <trkpt lat="-41.1391711" lon="-71.3314881">
        <ele>999.00000</ele>
      </trkpt>
      <trkpt lat="-41.1391324" lon="-71.3315157">
        <ele>997.00000</ele>
      </trkpt>
      <trkpt lat="-41.1390853" lon="-71.3315195">
        <ele>994.00000</ele>
      </trkpt>
      <trkpt lat="-41.1390398" lon="-71.3315234">
        <ele>992.00000</ele>
      </trkpt>
      <trkpt lat="-41.1390394" lon="-71.3314543">
        <ele>990.00000</ele>
      </trkpt>
      <trkpt lat="-41.1390392" lon="-71.3313867">
        <ele>989.00000</ele>
      </trkpt>
      <trkpt lat="-41.1390341" lon="-71.3313304">
        <ele>987.00000</ele>
      </trkpt>
      <trkpt lat="-41.1390371" lon="-71.3312671">
        <ele>986.00000</ele>
      </trkpt>
      <trkpt lat="-41.1390334" lon="-71.3311491">
        <ele>983.00000</ele>
      </trkpt>
      <trkpt lat="-41.1390199" lon="-71.3310608">
        <ele>981.00000</ele>
      </trkpt>
      <trkpt lat="-41.1390196" lon="-71.3309807">
        <ele>980.00000</ele>
      </trkpt>
      <trkpt lat="-41.1390161" lon="-71.3309279">
        <ele>979.00000</ele>
      </trkpt>
      <trkpt lat="-41.1390387" lon="-71.3308406">
        <ele>979.00000</ele>
      </trkpt>
      <trkpt lat="-41.1390570" lon="-71.3307576">
        <ele>978.00000</ele>
      </trkpt>
      <trkpt lat="-41.1390735" lon="-71.3306853">
        <ele>977.00000</ele>
      </trkpt>
      <trkpt lat="-41.1390980" lon="-71.3306212">
        <ele>977.00000</ele>
      </trkpt>
      <trkpt lat="-41.1391285" lon="-71.3305377">
        <ele>976.00000</ele>
      </trkpt>
      <trkpt lat="-41.1391299" lon="-71.3305007">
        <ele>975.00000</ele>
      </trkpt>
      <trkpt lat="-41.1391283" lon="-71.3304768">
        <ele>975.00000</ele>
      </trkpt>
      <trkpt lat="-41.1390893" lon="-71.3304825">
        <ele>973.00000</ele>
      </trkpt>
      <trkpt lat="-41.1390511" lon="-71.3305130">
        <ele>972.00000</ele>
      </trkpt>
      <trkpt lat="-41.1390240" lon="-71.3305545">
        <ele>972.00000</ele>
      </trkpt>
      <trkpt lat="-41.1389911" lon="-71.3305960">
        <ele>971.00000</ele>
      </trkpt>
      <trkpt lat="-41.1389593" lon="-71.3306470">
        <ele>971.00000</ele>
      </trkpt>
      <trkpt lat="-41.1389378" lon="-71.3306942">
        <ele>971.00000</ele>
      </trkpt>
      <trkpt lat="-41.1389030" lon="-71.3307448">
        <ele>970.00000</ele>
      </trkpt>
      <trkpt lat="-41.1388768" lon="-71.3307890">
        <ele>970.00000</ele>
      </trkpt>
      <trkpt lat="-41.1388328" lon="-71.3308455">
        <ele>969.00000</ele>
      </trkpt>
      <trkpt lat="-41.1387815" lon="-71.3308747">
        <ele>966.00000</ele>
      </trkpt>
      <trkpt lat="-41.1387324" lon="-71.3308626">
        <ele>963.00000</ele>
      </trkpt>
      <trkpt lat="-41.1386986" lon="-71.3307926">
        <ele>960.00000</ele>
      </trkpt>
      <trkpt lat="-41.1387047" lon="-71.3307323">
        <ele>960.00000</ele>
      </trkpt>
      <trkpt lat="-41.1387150" lon="-71.3306548">
        <ele>959.00000</ele>
      </trkpt>
      <trkpt lat="-41.1387417" lon="-71.3305647">
        <ele>958.00000</ele>
      </trkpt>
      <trkpt lat="-41.1387679" lon="-71.3304695">
        <ele>958.00000</ele>
      </trkpt>
      <trkpt lat="-41.1387977" lon="-71.3303745">
        <ele>958.00000</ele>
      </trkpt>
      <trkpt lat="-41.1388308" lon="-71.3302648">
        <ele>958.00000</ele>
      </trkpt>
      <trkpt lat="-41.1388517" lon="-71.3301536">
        <ele>957.00000</ele>
      </trkpt>
      <trkpt lat="-41.1388741" lon="-71.3300303">
        <ele>956.00000</ele>
      </trkpt>
      <trkpt lat="-41.1389001" lon="-71.3299371">
        <ele>956.00000</ele>
      </trkpt>
      <trkpt lat="-41.1389221" lon="-71.3298762">
        <ele>956.00000</ele>
      </trkpt>
      <trkpt lat="-41.1389455" lon="-71.3298020">
        <ele>955.00000</ele>
      </trkpt>
      <trkpt lat="-41.1389740" lon="-71.3297510">
        <ele>955.00000</ele>
      </trkpt>
      <trkpt lat="-41.1390210" lon="-71.3297023">
        <ele>957.00000</ele>
      </trkpt>
      <trkpt lat="-41.1390614" lon="-71.3296233">
        <ele>957.00000</ele>
      </trkpt>
      <trkpt lat="-41.1390986" lon="-71.3295648">
        <ele>958.00000</ele>
      </trkpt>
      <trkpt lat="-41.1391514" lon="-71.3294901">
        <ele>960.00000</ele>
      </trkpt>
      <trkpt lat="-41.1391902" lon="-71.3294359">
        <ele>961.00000</ele>
      </trkpt>
      <trkpt lat="-41.1392296" lon="-71.3293732">
        <ele>960.00000</ele>
      </trkpt>
      <trkpt lat="-41.1392748" lon="-71.3293319">
        <ele>960.00000</ele>
      </trkpt>
      <trkpt lat="-41.1393218" lon="-71.3292789">
        <ele>960.00000</ele>
      </trkpt>
      <trkpt lat="-41.1393469" lon="-71.3292080">
        <ele>959.00000</ele>
      </trkpt>
      <trkpt lat="-41.1393699" lon="-71.3291036">
        <ele>956.00000</ele>
      </trkpt>
      <trkpt lat="-41.1393917" lon="-71.3290115">
        <ele>953.00000</ele>
      </trkpt>
      <trkpt lat="-41.1394186" lon="-71.3289048">
        <ele>950.00000</ele>
      </trkpt>
      <trkpt lat="-41.1394645" lon="-71.3288226">
        <ele>949.00000</ele>
      </trkpt>
      <trkpt lat="-41.1394970" lon="-71.3287482">
        <ele>948.00000</ele>
      </trkpt>
      <trkpt lat="-41.1395254" lon="-71.3286363">
        <ele>946.00000</ele>
      </trkpt>
      <trkpt lat="-41.1395516" lon="-71.3285340">
        <ele>944.00000</ele>
      </trkpt>
      <trkpt lat="-41.1395967" lon="-71.3284531">
        <ele>944.00000</ele>
      </trkpt>
      <trkpt lat="-41.1396201" lon="-71.3283567">
        <ele>943.00000</ele>
      </trkpt>
      <trkpt lat="-41.1396385" lon="-71.3282726">
        <ele>942.00000</ele>
      </trkpt>
      <trkpt lat="-41.1396582" lon="-71.3281765">
        <ele>942.00000</ele>
      </trkpt>
      <trkpt lat="-41.1396594" lon="-71.3280983">
        <ele>942.00000</ele>
      </trkpt>
      <trkpt lat="-41.1396668" lon="-71.3280141">
        <ele>941.00000</ele>
      </trkpt>
      <trkpt lat="-41.1396574" lon="-71.3279406">
        <ele>941.00000</ele>
      </trkpt>
      <trkpt lat="-41.1396494" lon="-71.3278633">
        <ele>940.00000</ele>
      </trkpt>
      <trkpt lat="-41.1396336" lon="-71.3277977">
        <ele>939.00000</ele>
      </trkpt>
      <trkpt lat="-41.1395779" lon="-71.3276533">
        <ele>937.00000</ele>
      </trkpt>
      <trkpt lat="-41.1395086" lon="-71.3274846">
        <ele>934.00000</ele>
      </trkpt>
      <trkpt lat="-41.1394466" lon="-71.3273340">
        <ele>932.00000</ele>
      </trkpt>
      <trkpt lat="-41.1393761" lon="-71.3271666">
        <ele>930.00000</ele>
      </trkpt>
      <trkpt lat="-41.1392961" lon="-71.3270046">
        <ele>928.00000</ele>
      </trkpt>
      <trkpt lat="-41.1391917" lon="-71.3267739">
        <ele>926.00000</ele>
      </trkpt>
      <trkpt lat="-41.1390965" lon="-71.3265763">
        <ele>925.00000</ele>
      </trkpt>
      <trkpt lat="-41.1390031" lon="-71.3264502">
        <ele>923.00000</ele>
      </trkpt>
      <trkpt lat="-41.1388909" lon="-71.3263167">
        <ele>920.00000</ele>
      </trkpt>
      <trkpt lat="-41.1388029" lon="-71.3261577">
        <ele>917.00000</ele>
      </trkpt>
      <trkpt lat="-41.1387292" lon="-71.3259546">
        <ele>915.00000</ele>
      </trkpt>
      <trkpt lat="-41.1387306" lon="-71.3257913">
        <ele>915.00000</ele>
      </trkpt>
      <trkpt lat="-41.1387226" lon="-71.3256495">
        <ele>914.00000</ele>
      </trkpt>
      <trkpt lat="-41.1387077" lon="-71.3254732">
        <ele>912.00000</ele>
      </trkpt>
      <trkpt lat="-41.1386703" lon="-71.3252941">
        <ele>910.00000</ele>
      </trkpt>
      <trkpt lat="-41.1386057" lon="-71.3250810">
        <ele>908.00000</ele>
      </trkpt>
      <trkpt lat="-41.1385304" lon="-71.3249027">
        <ele>908.00000</ele>
      </trkpt>
      <trkpt lat="-41.1384489" lon="-71.3247896">
        <ele>907.00000</ele>
      </trkpt>
      <trkpt lat="-41.1383570" lon="-71.3246912">
        <ele>906.00000</ele>
      </trkpt>
      <trkpt lat="-41.1382451" lon="-71.3246256">
        <ele>906.00000</ele>
      </trkpt>
      <trkpt lat="-41.1381402" lon="-71.3245763">
        <ele>906.00000</ele>
      </trkpt>
      <trkpt lat="-41.1379862" lon="-71.3244838">
        <ele>906.00000</ele>
      </trkpt>
      <trkpt lat="-41.1380679" lon="-71.3240957">
        <ele>904.00000</ele>
      </trkpt>
      <trkpt lat="-41.1381682" lon="-71.3237335">
        <ele>901.00000</ele>
      </trkpt>
      <trkpt lat="-41.1382854" lon="-71.3232679">
        <ele>896.00000</ele>
      </trkpt>
      <trkpt lat="-41.1384878" lon="-71.3224257">
        <ele>888.00000</ele>
      </trkpt>
      <trkpt lat="-41.1385842" lon="-71.3219241">
        <ele>885.00000</ele>
      </trkpt>
      <trkpt lat="-41.1386594" lon="-71.3215971">
        <ele>882.00000</ele>
      </trkpt>
      <trkpt lat="-41.1387199" lon="-71.3213465">
        <ele>882.00000</ele>
      </trkpt>
      <trkpt lat="-41.1387422" lon="-71.3212032">
        <ele>881.00000</ele>
      </trkpt>
      <trkpt lat="-41.1387561" lon="-71.3210951">
        <ele>881.00000</ele>
      </trkpt>
      <trkpt lat="-41.1382379" lon="-71.3209959">
        <ele>879.00000</ele>
      </trkpt>
      <trkpt lat="-41.1374497" lon="-71.3209546">
        <ele>885.00000</ele>
      </trkpt>
      <trkpt lat="-41.1359571" lon="-71.3207259">
        <ele>897.00000</ele>
      </trkpt>
      <trkpt lat="-41.1359750" lon="-71.3204856">
        <ele>895.00000</ele>
      </trkpt>
      <trkpt lat="-41.1359850" lon="-71.3202496">
        <ele>894.00000</ele>
      </trkpt>
      <trkpt lat="-41.1360129" lon="-71.3199499">
        <ele>892.00000</ele>
      </trkpt>
      <trkpt lat="-41.1360272" lon="-71.3197009">
        <ele>890.00000</ele>
      </trkpt>
      <trkpt lat="-41.1360650" lon="-71.3193334">
        <ele>887.00000</ele>
      </trkpt>
      <trkpt lat="-41.1361196" lon="-71.3189324">
        <ele>883.00000</ele>
      </trkpt>
      <trkpt lat="-41.1361639" lon="-71.3185261">
        <ele>879.00000</ele>
      </trkpt>
      <trkpt lat="-41.1362399" lon="-71.3182030">
        <ele>876.00000</ele>
      </trkpt>
      <trkpt lat="-41.1363241" lon="-71.3178822">
        <ele>873.00000</ele>
      </trkpt>
      <trkpt lat="-41.1363898" lon="-71.3175486">
        <ele>870.00000</ele>
      </trkpt>
      <trkpt lat="-41.1364071" lon="-71.3174190">
        <ele>869.00000</ele>
      </trkpt>
      <trkpt lat="-41.1363241" lon="-71.3173648">
        <ele>869.00000</ele>
      </trkpt>
      <trkpt lat="-41.1361767" lon="-71.3173459">
        <ele>869.00000</ele>
      </trkpt>
      <trkpt lat="-41.1360581" lon="-71.3173232">
        <ele>869.00000</ele>
      </trkpt>
      <trkpt lat="-41.1359330" lon="-71.3173375">
        <ele>869.00000</ele>
      </trkpt>
      <trkpt lat="-41.1358029" lon="-71.3173209">
        <ele>868.00000</ele>
      </trkpt>
      <trkpt lat="-41.1356886" lon="-71.3173399">
        <ele>867.00000</ele>
      </trkpt>
      <trkpt lat="-41.1355793" lon="-71.3173906">
        <ele>867.00000</ele>
      </trkpt>
      <trkpt lat="-41.1354564" lon="-71.3174633">
        <ele>866.00000</ele>
      </trkpt>
      <trkpt lat="-41.1352990" lon="-71.3175418">
        <ele>865.00000</ele>
      </trkpt>
      <trkpt lat="-41.1352059" lon="-71.3175870">
        <ele>863.00000</ele>
      </trkpt>
      <trkpt lat="-41.1352602" lon="-71.3173872">
        <ele>862.00000</ele>
      </trkpt>
      <trkpt lat="-41.1353977" lon="-71.3167390">
        <ele>855.00000</ele>
      </trkpt>
      <trkpt lat="-41.1354303" lon="-71.3165005">
        <ele>853.00000</ele>
      </trkpt>
      <trkpt lat="-41.1354629" lon="-71.3162991">
        <ele>851.00000</ele>
      </trkpt>
      <trkpt lat="-41.1355398" lon="-71.3160308">
        <ele>849.00000</ele>
      </trkpt>
      <trkpt lat="-41.1355850" lon="-71.3157973">
        <ele>848.00000</ele>
      </trkpt>
      <trkpt lat="-41.1356318" lon="-71.3155830">
        <ele>847.00000</ele>
      </trkpt>
      <trkpt lat="-41.1356775" lon="-71.3153761">
        <ele>845.00000</ele>
      </trkpt>
      <trkpt lat="-41.1357106" lon="-71.3152147">
        <ele>843.00000</ele>
      </trkpt>
      <trkpt lat="-41.1357408" lon="-71.3150918">
        <ele>841.00000</ele>
      </trkpt>
      <trkpt lat="-41.1357592" lon="-71.3150106">
        <ele>840.00000</ele>
      </trkpt>
      <trkpt lat="-41.1357797" lon="-71.3148864">
        <ele>839.00000</ele>
      </trkpt>
      <trkpt lat="-41.1358000" lon="-71.3148018">
        <ele>839.00000</ele>
      </trkpt>
      <trkpt lat="-41.1358156" lon="-71.3146980">
        <ele>838.00000</ele>
      </trkpt>
      <trkpt lat="-41.1358444" lon="-71.3146009">
        <ele>838.00000</ele>
      </trkpt>
      <trkpt lat="-41.1358553" lon="-71.3145033">
        <ele>838.00000</ele>
      </trkpt>
      <trkpt lat="-41.1358705" lon="-71.3144344">
        <ele>837.00000</ele>
      </trkpt>
      <trkpt lat="-41.1358856" lon="-71.3143419">
        <ele>837.00000</ele>
      </trkpt>
      <trkpt lat="-41.1358920" lon="-71.3142848">
        <ele>837.00000</ele>
      </trkpt>
      <trkpt lat="-41.1358350" lon="-71.3142479">
        <ele>837.00000</ele>
      </trkpt>
      <trkpt lat="-41.1357489" lon="-71.3142315">
        <ele>836.00000</ele>
      </trkpt>
      <trkpt lat="-41.1356926" lon="-71.3142221">
        <ele>835.00000</ele>
      </trkpt>
      <trkpt lat="-41.1356878" lon="-71.3142262">
        <ele>835.00000</ele>
      </trkpt>
      <trkpt lat="-41.1356027" lon="-71.3142255">
        <ele>834.00000</ele>
      </trkpt>
      <trkpt lat="-41.1355011" lon="-71.3142649">
        <ele>832.00000</ele>
      </trkpt>
      <trkpt lat="-41.1354219" lon="-71.3142788">
        <ele>831.00000</ele>
      </trkpt>
      <trkpt lat="-41.1353444" lon="-71.3143172">
        <ele>830.00000</ele>
      </trkpt>
      <trkpt lat="-41.1352599" lon="-71.3143566">
        <ele>829.00000</ele>
      </trkpt>
      <trkpt lat="-41.1351912" lon="-71.3143991">
        <ele>828.00000</ele>
      </trkpt>
      <trkpt lat="-41.1350616" lon="-71.3144849">
        <ele>827.00000</ele>
      </trkpt>
      <trkpt lat="-41.1349675" lon="-71.3145461">
        <ele>826.00000</ele>
      </trkpt>
      <trkpt lat="-41.1349041" lon="-71.3145996">
        <ele>825.00000</ele>
      </trkpt>
      <trkpt lat="-41.1348543" lon="-71.3146524">
        <ele>825.00000</ele>
      </trkpt>
      <trkpt lat="-41.1347941" lon="-71.3147015">
        <ele>825.00000</ele>
      </trkpt>
      <trkpt lat="-41.1347288" lon="-71.3147746">
        <ele>825.00000</ele>
      </trkpt>
      <trkpt lat="-41.1346456" lon="-71.3148264">
        <ele>823.00000</ele>
      </trkpt>
      <trkpt lat="-41.1346665" lon="-71.3147085">
        <ele>821.00000</ele>
      </trkpt>
      <trkpt lat="-41.1347044" lon="-71.3145329">
        <ele>820.00000</ele>
      </trkpt>
      <trkpt lat="-41.1347470" lon="-71.3143816">
        <ele>819.00000</ele>
      </trkpt>
      <trkpt lat="-41.1347657" lon="-71.3142235">
        <ele>818.00000</ele>
      </trkpt>
      <trkpt lat="-41.1348030" lon="-71.3140367">
        <ele>819.00000</ele>
      </trkpt>
      <trkpt lat="-41.1348307" lon="-71.3138577">
        <ele>819.00000</ele>
      </trkpt>
      <trkpt lat="-41.1348674" lon="-71.3136960">
        <ele>819.00000</ele>
      </trkpt>
      <trkpt lat="-41.1348946" lon="-71.3135578">
        <ele>819.00000</ele>
      </trkpt>
      <trkpt lat="-41.1348961" lon="-71.3134309">
        <ele>818.00000</ele>
      </trkpt>
      <trkpt lat="-41.1348900" lon="-71.3133416">
        <ele>817.00000</ele>
      </trkpt>
      <trkpt lat="-41.1348479" lon="-71.3132265">
        <ele>815.00000</ele>
      </trkpt>
      <trkpt lat="-41.1347767" lon="-71.3131056">
        <ele>812.00000</ele>
      </trkpt>
      <trkpt lat="-41.1347209" lon="-71.3130061">
        <ele>810.00000</ele>
      </trkpt>
      <trkpt lat="-41.1346247" lon="-71.3129220">
        <ele>809.00000</ele>
      </trkpt>
      <trkpt lat="-41.1345230" lon="-71.3128975">
        <ele>808.00000</ele>
      </trkpt>
      <trkpt lat="-41.1344273" lon="-71.3128761">
        <ele>807.00000</ele>
      </trkpt>
      <trkpt lat="-41.1343137" lon="-71.3128184">
        <ele>806.00000</ele>
      </trkpt>
      <trkpt lat="-41.1342119" lon="-71.3128129">
        <ele>805.00000</ele>
      </trkpt>
      <trkpt lat="-41.1341347" lon="-71.3127913">
        <ele>804.00000</ele>
      </trkpt>
      <trkpt lat="-41.1340179" lon="-71.3127377">
        <ele>802.00000</ele>
      </trkpt>
      <trkpt lat="-41.1339229" lon="-71.3126908">
        <ele>801.00000</ele>
      </trkpt>
      <trkpt lat="-41.1338211" lon="-71.3126115">
        <ele>800.00000</ele>
      </trkpt>
      <trkpt lat="-41.1337390" lon="-71.3125463">
        <ele>798.00000</ele>
      </trkpt>
      <trkpt lat="-41.1336664" lon="-71.3124687">
        <ele>797.00000</ele>
      </trkpt>
      <trkpt lat="-41.1336137" lon="-71.3123578">
        <ele>797.00000</ele>
      </trkpt>
      <trkpt lat="-41.1335694" lon="-71.3122381">
        <ele>797.00000</ele>
      </trkpt>
      <trkpt lat="-41.1335373" lon="-71.3121247">
        <ele>797.00000</ele>
      </trkpt>
      <trkpt lat="-41.1335080" lon="-71.3119995">
        <ele>798.00000</ele>
      </trkpt>
      <trkpt lat="-41.1334850" lon="-71.3118265">
        <ele>798.00000</ele>
      </trkpt>
      <trkpt lat="-41.1334717" lon="-71.3117120">
        <ele>798.00000</ele>
      </trkpt>
      <trkpt lat="-41.1334749" lon="-71.3115237">
        <ele>798.00000</ele>
      </trkpt>
      <trkpt lat="-41.1334747" lon="-71.3113203">
        <ele>798.00000</ele>
      </trkpt>
      <trkpt lat="-41.1334845" lon="-71.3111632">
        <ele>798.00000</ele>
      </trkpt>
      <trkpt lat="-41.1334976" lon="-71.3110799">
        <ele>797.00000</ele>
      </trkpt>
      <trkpt lat="-41.1335170" lon="-71.3109558">
        <ele>797.00000</ele>
      </trkpt>
      <trkpt lat="-41.1335298" lon="-71.3107981">
        <ele>796.00000</ele>
      </trkpt>
      <trkpt lat="-41.1335233" lon="-71.3107317">
        <ele>795.00000</ele>
      </trkpt>
      <trkpt lat="-41.1334644" lon="-71.3107010">
        <ele>795.00000</ele>
      </trkpt>
      <trkpt lat="-41.1333700" lon="-71.3106563">
        <ele>794.00000</ele>
      </trkpt>
      <trkpt lat="-41.1332829" lon="-71.3106244">
        <ele>793.00000</ele>
      </trkpt>
      <trkpt lat="-41.1331819" lon="-71.3105691">
        <ele>792.00000</ele>
      </trkpt>
      <trkpt lat="-41.1331300" lon="-71.3104885">
        <ele>791.00000</ele>
      </trkpt>
      <trkpt lat="-41.1331048" lon="-71.3103995">
        <ele>791.00000</ele>
      </trkpt>
      <trkpt lat="-41.1330874" lon="-71.3102918">
        <ele>790.00000</ele>
      </trkpt>
      <trkpt lat="-41.1330874" lon="-71.3101837">
        <ele>789.00000</ele>
      </trkpt>
      <trkpt lat="-41.1330977" lon="-71.3100537">
        <ele>787.00000</ele>
      </trkpt>
      <trkpt lat="-41.1331010" lon="-71.3099238">
        <ele>787.00000</ele>
      </trkpt>
      <trkpt lat="-41.1331009" lon="-71.3097974">
        <ele>787.00000</ele>
      </trkpt>
      <trkpt lat="-41.1330939" lon="-71.3096963">
        <ele>787.00000</ele>
      </trkpt>
      <trkpt lat="-41.1330973" lon="-71.3095925">
        <ele>788.00000</ele>
      </trkpt>
      <trkpt lat="-41.1331110" lon="-71.3095016">
        <ele>788.00000</ele>
      </trkpt>
      <trkpt lat="-41.1331384" lon="-71.3094169">
        <ele>789.00000</ele>
      </trkpt>
      <trkpt lat="-41.1332090" lon="-71.3094101">
        <ele>791.00000</ele>
      </trkpt>
      <trkpt lat="-41.1333035" lon="-71.3094256">
        <ele>793.00000</ele>
      </trkpt>
      <trkpt lat="-41.1333948" lon="-71.3094406">
        <ele>794.00000</ele>
      </trkpt>
      <trkpt lat="-41.1334589" lon="-71.3094546">
        <ele>794.00000</ele>
      </trkpt>
      <trkpt lat="-41.1335004" lon="-71.3094762">
        <ele>795.00000</ele>
      </trkpt>
      <trkpt lat="-41.1334988" lon="-71.3095154">
        <ele>794.00000</ele>
      </trkpt>
      <trkpt lat="-41.1334971" lon="-71.3095763">
        <ele>794.00000</ele>
      </trkpt>
      <trkpt lat="-41.1334905" lon="-71.3096448">
        <ele>794.00000</ele>
      </trkpt>
      <trkpt lat="-41.1334871" lon="-71.3097395">
        <ele>793.00000</ele>
      </trkpt>
      <trkpt lat="-41.1335256" lon="-71.3097654">
        <ele>794.00000</ele>
      </trkpt>
      <trkpt lat="-41.1335726" lon="-71.3097893">
        <ele>795.00000</ele>
      </trkpt>
      <trkpt lat="-41.1336316" lon="-71.3098066">
        <ele>795.00000</ele>
      </trkpt>
      <trkpt lat="-41.1336181" lon="-71.3100361">
        <ele>795.00000</ele>
      </trkpt>
    </trkseg>
  </trk>
</gpx>

