<?xml version="1.0" encoding="UTF-8"?>
<gpx
  creator="LiveTrail"
  version="1.1"
  xmlns="http://www.topografix.com/GPX/1/1"
  xmlns:xsi="http://www.w3.org/2001/XMLSchema-instance"
  xsi:schemaLocation="http://www.topografix.com/GPX/1/1 https://www.topografix.com/GPX/1/1/gpx.xsd">
  <metadata>
    <name>MCC 2026</name>
    <bounds maxlat="46.08833" maxlon="6.86915" minlat="45.92345" minlon="7.05591"></bounds>
    <copyright author="LiveTrail®"></copyright>
    <link href="https://livetrail.run"></link>
  </metadata>
  <trk>
    <trkseg>
      <trkpt lat="46.08651" lon="7.05591">
        <ele>506.5</ele>
        <extensions>
          <distance>0</distance>
        </extensions>
      </trkpt>
      <trkpt lat="46.0864" lon="7.0557">
        <ele>507</ele>
        <extensions>
          <distance>20</distance>
        </extensions>
      </trkpt>
      <trkpt lat="46.08629" lon="7.05549">
        <ele>507.5</ele>
        <extensions>
          <distance>41</distance>
        </extensions>
      </trkpt>
      <trkpt lat="46.08618" lon="7.05525">
        <ele>508</ele>
        <extensions>
          <distance>63</distance>
        </extensions>
      </trkpt>
      <trkpt lat="46.08618" lon="7.05513">
        <ele>509</ele>
        <extensions>
          <distance>72</distance>
        </extensions>
      </trkpt>
      <trkpt lat="46.08619" lon="7.05507">
        <ele>509</ele>
        <extensions>
          <distance>77</distance>
        </extensions>
      </trkpt>
      <trkpt lat="46.086135" lon="7.0548850000000005">
        <ele>511</ele>
        <extensions>
          <distance>93</distance>
        </extensions>
      </trkpt>
      <trkpt lat="46.08608" lon="7.0547">
        <ele>513</ele>
        <extensions>
          <distance>108</distance>
        </extensions>
      </trkpt>
      <trkpt lat="46.08604" lon="7.05463">
        <ele>514</ele>
        <extensions>
          <distance>115</distance>
        </extensions>
      </trkpt>
      <trkpt lat="46.08601" lon="7.0546">
        <ele>514</ele>
        <extensions>
          <distance>119</distance>
        </extensions>
      </trkpt>
      <trkpt lat="46.08576" lon="7.05454">
        <ele>515</ele>
        <extensions>
          <distance>148</distance>
        </extensions>
      </trkpt>
      <trkpt lat="46.08574" lon="7.05452">
        <ele>515</ele>
        <extensions>
          <distance>150</distance>
        </extensions>
      </trkpt>
      <trkpt lat="46.08566" lon="7.05425">
        <ele>517</ele>
        <extensions>
          <distance>173</distance>
        </extensions>
      </trkpt>
      <trkpt lat="46.08566" lon="7.05419">
        <ele>518</ele>
        <extensions>
          <distance>178</distance>
        </extensions>
      </trkpt>
      <trkpt lat="46.08571" lon="7.05409">
        <ele>518</ele>
        <extensions>
          <distance>187</distance>
        </extensions>
      </trkpt>
      <trkpt lat="46.08587" lon="7.05387">
        <ele>519</ele>
        <extensions>
          <distance>212</distance>
        </extensions>
      </trkpt>
      <trkpt lat="46.08593" lon="7.05359">
        <ele>519</ele>
        <extensions>
          <distance>235</distance>
        </extensions>
      </trkpt>
      <trkpt lat="46.08599" lon="7.05337">
        <ele>520</ele>
        <extensions>
          <distance>253</distance>
        </extensions>
      </trkpt>
      <trkpt lat="46.08599" lon="7.05327">
        <ele>521</ele>
        <extensions>
          <distance>261</distance>
        </extensions>
      </trkpt>
      <trkpt lat="46.08598" lon="7.05322">
        <ele>522</ele>
        <extensions>
          <distance>265</distance>
        </extensions>
      </trkpt>
      <trkpt lat="46.08599" lon="7.05302">
        <ele>525</ele>
        <extensions>
          <distance>281</distance>
        </extensions>
      </trkpt>
      <trkpt lat="46.08597" lon="7.05292">
        <ele>527</ele>
        <extensions>
          <distance>289</distance>
        </extensions>
      </trkpt>
      <trkpt lat="46.08591" lon="7.05283">
        <ele>529</ele>
        <extensions>
          <distance>299</distance>
        </extensions>
      </trkpt>
      <trkpt lat="46.08588" lon="7.05281">
        <ele>529</ele>
        <extensions>
          <distance>302</distance>
        </extensions>
      </trkpt>
      <trkpt lat="46.08581" lon="7.0528">
        <ele>530</ele>
        <extensions>
          <distance>310</distance>
        </extensions>
      </trkpt>
      <trkpt lat="46.08575" lon="7.0528">
        <ele>530</ele>
        <extensions>
          <distance>317</distance>
        </extensions>
      </trkpt>
      <trkpt lat="46.085605" lon="7.05284">
        <ele>530</ele>
        <extensions>
          <distance>333</distance>
        </extensions>
      </trkpt>
      <trkpt lat="46.08546" lon="7.05288">
        <ele>530</ele>
        <extensions>
          <distance>350</distance>
        </extensions>
      </trkpt>
      <trkpt lat="46.08534" lon="7.05288">
        <ele>530</ele>
        <extensions>
          <distance>363</distance>
        </extensions>
      </trkpt>
      <trkpt lat="46.08528" lon="7.05286">
        <ele>531</ele>
        <extensions>
          <distance>370</distance>
        </extensions>
      </trkpt>
      <trkpt lat="46.08522" lon="7.05278">
        <ele>531</ele>
        <extensions>
          <distance>379</distance>
        </extensions>
      </trkpt>
      <trkpt lat="46.08519" lon="7.05268">
        <ele>533</ele>
        <extensions>
          <distance>387</distance>
        </extensions>
      </trkpt>
      <trkpt lat="46.0852" lon="7.05247">
        <ele>535</ele>
        <extensions>
          <distance>404</distance>
        </extensions>
      </trkpt>
      <trkpt lat="46.08522" lon="7.05241">
        <ele>536</ele>
        <extensions>
          <distance>409</distance>
        </extensions>
      </trkpt>
      <trkpt lat="46.08522" lon="7.05237">
        <ele>536</ele>
        <extensions>
          <distance>412</distance>
        </extensions>
      </trkpt>
      <trkpt lat="46.08526" lon="7.05219">
        <ele>539</ele>
        <extensions>
          <distance>427</distance>
        </extensions>
      </trkpt>
      <trkpt lat="46.08531" lon="7.05202">
        <ele>540</ele>
        <extensions>
          <distance>441</distance>
        </extensions>
      </trkpt>
      <trkpt lat="46.08534" lon="7.05184">
        <ele>543</ele>
        <extensions>
          <distance>456</distance>
        </extensions>
      </trkpt>
      <trkpt lat="46.08537" lon="7.05177">
        <ele>544</ele>
        <extensions>
          <distance>462</distance>
        </extensions>
      </trkpt>
      <trkpt lat="46.08541" lon="7.0517">
        <ele>545</ele>
        <extensions>
          <distance>469</distance>
        </extensions>
      </trkpt>
      <trkpt lat="46.08548" lon="7.05162">
        <ele>547</ele>
        <extensions>
          <distance>480</distance>
        </extensions>
      </trkpt>
      <trkpt lat="46.08555" lon="7.05159">
        <ele>548</ele>
        <extensions>
          <distance>488</distance>
        </extensions>
      </trkpt>
      <trkpt lat="46.08564" lon="7.05157">
        <ele>549</ele>
        <extensions>
          <distance>498</distance>
        </extensions>
      </trkpt>
      <trkpt lat="46.08586" lon="7.05161">
        <ele>549</ele>
        <extensions>
          <distance>523</distance>
        </extensions>
      </trkpt>
      <trkpt lat="46.08597" lon="7.05166">
        <ele>549</ele>
        <extensions>
          <distance>535</distance>
        </extensions>
      </trkpt>
      <trkpt lat="46.08602" lon="7.05166">
        <ele>550</ele>
        <extensions>
          <distance>541</distance>
        </extensions>
      </trkpt>
      <trkpt lat="46.08605" lon="7.05168">
        <ele>550</ele>
        <extensions>
          <distance>545</distance>
        </extensions>
      </trkpt>
      <trkpt lat="46.08616" lon="7.0517">
        <ele>550</ele>
        <extensions>
          <distance>557</distance>
        </extensions>
      </trkpt>
      <trkpt lat="46.08623" lon="7.05173">
        <ele>550</ele>
        <extensions>
          <distance>565</distance>
        </extensions>
      </trkpt>
      <trkpt lat="46.08638" lon="7.05185">
        <ele>549</ele>
        <extensions>
          <distance>584</distance>
        </extensions>
      </trkpt>
      <trkpt lat="46.08654" lon="7.05196">
        <ele>549</ele>
        <extensions>
          <distance>604</distance>
        </extensions>
      </trkpt>
      <trkpt lat="46.08671" lon="7.05211">
        <ele>549</ele>
        <extensions>
          <distance>626</distance>
        </extensions>
      </trkpt>
      <trkpt lat="46.08675" lon="7.05216">
        <ele>549</ele>
        <extensions>
          <distance>632</distance>
        </extensions>
      </trkpt>
      <trkpt lat="46.08681" lon="7.05218">
        <ele>549</ele>
        <extensions>
          <distance>639</distance>
        </extensions>
      </trkpt>
      <trkpt lat="46.08687" lon="7.05222">
        <ele>550</ele>
        <extensions>
          <distance>646</distance>
        </extensions>
      </trkpt>
      <trkpt lat="46.08689" lon="7.05225">
        <ele>550</ele>
        <extensions>
          <distance>649</distance>
        </extensions>
      </trkpt>
      <trkpt lat="46.08697" lon="7.05232">
        <ele>550</ele>
        <extensions>
          <distance>660</distance>
        </extensions>
      </trkpt>
      <trkpt lat="46.08704" lon="7.05236">
        <ele>550</ele>
        <extensions>
          <distance>668</distance>
        </extensions>
      </trkpt>
      <trkpt lat="46.08705" lon="7.05238">
        <ele>551</ele>
        <extensions>
          <distance>670</distance>
        </extensions>
      </trkpt>
      <trkpt lat="46.08721" lon="7.0525">
        <ele>552</ele>
        <extensions>
          <distance>690</distance>
        </extensions>
      </trkpt>
      <trkpt lat="46.0874" lon="7.0526">
        <ele>555</ele>
        <extensions>
          <distance>713</distance>
        </extensions>
      </trkpt>
      <trkpt lat="46.08743" lon="7.0526">
        <ele>556</ele>
        <extensions>
          <distance>716</distance>
        </extensions>
      </trkpt>
      <trkpt lat="46.08748" lon="7.05262">
        <ele>557</ele>
        <extensions>
          <distance>722</distance>
        </extensions>
      </trkpt>
      <trkpt lat="46.08754" lon="7.0526">
        <ele>559</ele>
        <extensions>
          <distance>729</distance>
        </extensions>
      </trkpt>
      <trkpt lat="46.0876" lon="7.05254">
        <ele>562</ele>
        <extensions>
          <distance>738</distance>
        </extensions>
      </trkpt>
      <trkpt lat="46.08765" lon="7.05246">
        <ele>564</ele>
        <extensions>
          <distance>746</distance>
        </extensions>
      </trkpt>
      <trkpt lat="46.0877" lon="7.05231">
        <ele>565</ele>
        <extensions>
          <distance>759</distance>
        </extensions>
      </trkpt>
      <trkpt lat="46.0878" lon="7.05222">
        <ele>566</ele>
        <extensions>
          <distance>772</distance>
        </extensions>
      </trkpt>
      <trkpt lat="46.08783" lon="7.05218">
        <ele>566</ele>
        <extensions>
          <distance>777</distance>
        </extensions>
      </trkpt>
      <trkpt lat="46.08787" lon="7.05217">
        <ele>566</ele>
        <extensions>
          <distance>781</distance>
        </extensions>
      </trkpt>
      <trkpt lat="46.08794" lon="7.05212">
        <ele>566</ele>
        <extensions>
          <distance>790</distance>
        </extensions>
      </trkpt>
      <trkpt lat="46.08799" lon="7.05204">
        <ele>566</ele>
        <extensions>
          <distance>798</distance>
        </extensions>
      </trkpt>
      <trkpt lat="46.08805" lon="7.05196">
        <ele>566</ele>
        <extensions>
          <distance>807</distance>
        </extensions>
      </trkpt>
      <trkpt lat="46.08809" lon="7.05193">
        <ele>566</ele>
        <extensions>
          <distance>812</distance>
        </extensions>
      </trkpt>
      <trkpt lat="46.08825" lon="7.0517">
        <ele>569</ele>
        <extensions>
          <distance>838</distance>
        </extensions>
      </trkpt>
      <trkpt lat="46.08831" lon="7.05164">
        <ele>570</ele>
        <extensions>
          <distance>846</distance>
        </extensions>
      </trkpt>
      <trkpt lat="46.08833" lon="7.0516">
        <ele>571</ele>
        <extensions>
          <distance>850</distance>
        </extensions>
      </trkpt>
      <trkpt lat="46.0883" lon="7.05153">
        <ele>573</ele>
        <extensions>
          <distance>856</distance>
        </extensions>
      </trkpt>
      <trkpt lat="46.08825" lon="7.05148">
        <ele>573</ele>
        <extensions>
          <distance>863</distance>
        </extensions>
      </trkpt>
      <trkpt lat="46.08812" lon="7.0514">
        <ele>574</ele>
        <extensions>
          <distance>879</distance>
        </extensions>
      </trkpt>
      <trkpt lat="46.08792" lon="7.05125">
        <ele>576</ele>
        <extensions>
          <distance>904</distance>
        </extensions>
      </trkpt>
      <trkpt lat="46.0878" lon="7.05108">
        <ele>578</ele>
        <extensions>
          <distance>923</distance>
        </extensions>
      </trkpt>
      <trkpt lat="46.08779" lon="7.05105">
        <ele>579</ele>
        <extensions>
          <distance>926</distance>
        </extensions>
      </trkpt>
      <trkpt lat="46.08771" lon="7.05094">
        <ele>582</ele>
        <extensions>
          <distance>938</distance>
        </extensions>
      </trkpt>
      <trkpt lat="46.0877" lon="7.05091">
        <ele>583</ele>
        <extensions>
          <distance>941</distance>
        </extensions>
      </trkpt>
      <trkpt lat="46.08762" lon="7.05084">
        <ele>585</ele>
        <extensions>
          <distance>952</distance>
        </extensions>
      </trkpt>
      <trkpt lat="46.08754" lon="7.05079">
        <ele>587</ele>
        <extensions>
          <distance>961</distance>
        </extensions>
      </trkpt>
      <trkpt lat="46.08751" lon="7.05074">
        <ele>588</ele>
        <extensions>
          <distance>967</distance>
        </extensions>
      </trkpt>
      <trkpt lat="46.08749" lon="7.05065">
        <ele>591</ele>
        <extensions>
          <distance>975</distance>
        </extensions>
      </trkpt>
      <trkpt lat="46.08745" lon="7.05059">
        <ele>592</ele>
        <extensions>
          <distance>981</distance>
        </extensions>
      </trkpt>
      <trkpt lat="46.08743" lon="7.05058">
        <ele>592</ele>
        <extensions>
          <distance>983</distance>
        </extensions>
      </trkpt>
      <trkpt lat="46.0874" lon="7.05048">
        <ele>594</ele>
        <extensions>
          <distance>992</distance>
        </extensions>
      </trkpt>
      <trkpt lat="46.08738" lon="7.05046">
        <ele>594</ele>
        <extensions>
          <distance>995</distance>
        </extensions>
      </trkpt>
      <trkpt lat="46.08734" lon="7.05037">
        <ele>595</ele>
        <extensions>
          <distance>1003</distance>
        </extensions>
      </trkpt>
      <trkpt lat="46.0873" lon="7.05031">
        <ele>595</ele>
        <extensions>
          <distance>1009</distance>
        </extensions>
      </trkpt>
      <trkpt lat="46.08727" lon="7.05021">
        <ele>596</ele>
        <extensions>
          <distance>1018</distance>
        </extensions>
      </trkpt>
      <trkpt lat="46.08717" lon="7.05005">
        <ele>596</ele>
        <extensions>
          <distance>1035</distance>
        </extensions>
      </trkpt>
      <trkpt lat="46.087" lon="7.04987">
        <ele>596</ele>
        <extensions>
          <distance>1058</distance>
        </extensions>
      </trkpt>
      <trkpt lat="46.08687" lon="7.04975">
        <ele>596</ele>
        <extensions>
          <distance>1075</distance>
        </extensions>
      </trkpt>
      <trkpt lat="46.08685" lon="7.04972">
        <ele>597</ele>
        <extensions>
          <distance>1078</distance>
        </extensions>
      </trkpt>
      <trkpt lat="46.08669" lon="7.04958">
        <ele>600</ele>
        <extensions>
          <distance>1099</distance>
        </extensions>
      </trkpt>
      <trkpt lat="46.08671" lon="7.04954">
        <ele>601</ele>
        <extensions>
          <distance>1103</distance>
        </extensions>
      </trkpt>
      <trkpt lat="46.08678" lon="7.0495">
        <ele>601</ele>
        <extensions>
          <distance>1112</distance>
        </extensions>
      </trkpt>
      <trkpt lat="46.08693" lon="7.04947">
        <ele>602</ele>
        <extensions>
          <distance>1128</distance>
        </extensions>
      </trkpt>
      <trkpt lat="46.08711" lon="7.04938">
        <ele>604</ele>
        <extensions>
          <distance>1150</distance>
        </extensions>
      </trkpt>
      <trkpt lat="46.08714" lon="7.04938">
        <ele>605</ele>
        <extensions>
          <distance>1153</distance>
        </extensions>
      </trkpt>
      <trkpt lat="46.08725" lon="7.04925">
        <ele>608</ele>
        <extensions>
          <distance>1169</distance>
        </extensions>
      </trkpt>
      <trkpt lat="46.08734" lon="7.04917">
        <ele>612</ele>
        <extensions>
          <distance>1182</distance>
        </extensions>
      </trkpt>
      <trkpt lat="46.08738" lon="7.04917">
        <ele>614</ele>
        <extensions>
          <distance>1186</distance>
        </extensions>
      </trkpt>
      <trkpt lat="46.0874" lon="7.04916">
        <ele>615</ele>
        <extensions>
          <distance>1189</distance>
        </extensions>
      </trkpt>
      <trkpt lat="46.08747" lon="7.04918">
        <ele>617</ele>
        <extensions>
          <distance>1197</distance>
        </extensions>
      </trkpt>
      <trkpt lat="46.08751" lon="7.0492">
        <ele>617</ele>
        <extensions>
          <distance>1202</distance>
        </extensions>
      </trkpt>
      <trkpt lat="46.08763" lon="7.0493">
        <ele>619</ele>
        <extensions>
          <distance>1218</distance>
        </extensions>
      </trkpt>
      <trkpt lat="46.08767" lon="7.04936">
        <ele>619</ele>
        <extensions>
          <distance>1224</distance>
        </extensions>
      </trkpt>
      <trkpt lat="46.08777" lon="7.0494">
        <ele>621</ele>
        <extensions>
          <distance>1236</distance>
        </extensions>
      </trkpt>
      <trkpt lat="46.08776" lon="7.04938">
        <ele>622</ele>
        <extensions>
          <distance>1238</distance>
        </extensions>
      </trkpt>
      <trkpt lat="46.08763" lon="7.04924">
        <ele>622</ele>
        <extensions>
          <distance>1256</distance>
        </extensions>
      </trkpt>
      <trkpt lat="46.0875" lon="7.04899">
        <ele>624</ele>
        <extensions>
          <distance>1280</distance>
        </extensions>
      </trkpt>
      <trkpt lat="46.08736" lon="7.04887">
        <ele>625</ele>
        <extensions>
          <distance>1298</distance>
        </extensions>
      </trkpt>
      <trkpt lat="46.08727" lon="7.04882">
        <ele>625</ele>
        <extensions>
          <distance>1309</distance>
        </extensions>
      </trkpt>
      <trkpt lat="46.08716" lon="7.04874">
        <ele>626</ele>
        <extensions>
          <distance>1323</distance>
        </extensions>
      </trkpt>
      <trkpt lat="46.08704" lon="7.0487">
        <ele>626</ele>
        <extensions>
          <distance>1336</distance>
        </extensions>
      </trkpt>
      <trkpt lat="46.08701" lon="7.04868">
        <ele>626</ele>
        <extensions>
          <distance>1340</distance>
        </extensions>
      </trkpt>
      <trkpt lat="46.08698" lon="7.04868">
        <ele>626</ele>
        <extensions>
          <distance>1343</distance>
        </extensions>
      </trkpt>
      <trkpt lat="46.08679" lon="7.04861">
        <ele>627</ele>
        <extensions>
          <distance>1365</distance>
        </extensions>
      </trkpt>
      <trkpt lat="46.08669" lon="7.04853">
        <ele>629</ele>
        <extensions>
          <distance>1378</distance>
        </extensions>
      </trkpt>
      <trkpt lat="46.08658" lon="7.04847">
        <ele>630</ele>
        <extensions>
          <distance>1391</distance>
        </extensions>
      </trkpt>
      <trkpt lat="46.08649" lon="7.04839">
        <ele>631</ele>
        <extensions>
          <distance>1403</distance>
        </extensions>
      </trkpt>
      <trkpt lat="46.0864" lon="7.04834">
        <ele>632</ele>
        <extensions>
          <distance>1414</distance>
        </extensions>
      </trkpt>
      <trkpt lat="46.08635" lon="7.0483">
        <ele>633</ele>
        <extensions>
          <distance>1420</distance>
        </extensions>
      </trkpt>
      <trkpt lat="46.08632" lon="7.04829">
        <ele>633</ele>
        <extensions>
          <distance>1423</distance>
        </extensions>
      </trkpt>
      <trkpt lat="46.08627" lon="7.04825">
        <ele>633</ele>
        <extensions>
          <distance>1430</distance>
        </extensions>
      </trkpt>
      <trkpt lat="46.08624" lon="7.04824">
        <ele>633</ele>
        <extensions>
          <distance>1433</distance>
        </extensions>
      </trkpt>
      <trkpt lat="46.08619" lon="7.0482">
        <ele>634</ele>
        <extensions>
          <distance>1439</distance>
        </extensions>
      </trkpt>
      <trkpt lat="46.08616" lon="7.04819">
        <ele>634</ele>
        <extensions>
          <distance>1443</distance>
        </extensions>
      </trkpt>
      <trkpt lat="46.08611" lon="7.04815">
        <ele>635</ele>
        <extensions>
          <distance>1449</distance>
        </extensions>
      </trkpt>
      <trkpt lat="46.08608" lon="7.04814">
        <ele>635</ele>
        <extensions>
          <distance>1453</distance>
        </extensions>
      </trkpt>
      <trkpt lat="46.08603" lon="7.0481">
        <ele>635</ele>
        <extensions>
          <distance>1459</distance>
        </extensions>
      </trkpt>
      <trkpt lat="46.08587" lon="7.04802">
        <ele>635</ele>
        <extensions>
          <distance>1478</distance>
        </extensions>
      </trkpt>
      <trkpt lat="46.08584" lon="7.04802">
        <ele>635</ele>
        <extensions>
          <distance>1481</distance>
        </extensions>
      </trkpt>
      <trkpt lat="46.08582" lon="7.048">
        <ele>635</ele>
        <extensions>
          <distance>1484</distance>
        </extensions>
      </trkpt>
      <trkpt lat="46.08579" lon="7.048">
        <ele>635</ele>
        <extensions>
          <distance>1487</distance>
        </extensions>
      </trkpt>
      <trkpt lat="46.08577" lon="7.04798">
        <ele>636</ele>
        <extensions>
          <distance>1490</distance>
        </extensions>
      </trkpt>
      <trkpt lat="46.08574" lon="7.04798">
        <ele>636</ele>
        <extensions>
          <distance>1493</distance>
        </extensions>
      </trkpt>
      <trkpt lat="46.08572" lon="7.04796">
        <ele>636</ele>
        <extensions>
          <distance>1496</distance>
        </extensions>
      </trkpt>
      <trkpt lat="46.08564" lon="7.04792">
        <ele>636</ele>
        <extensions>
          <distance>1506</distance>
        </extensions>
      </trkpt>
      <trkpt lat="46.08558" lon="7.04786">
        <ele>636</ele>
        <extensions>
          <distance>1514</distance>
        </extensions>
      </trkpt>
      <trkpt lat="46.08549" lon="7.04771">
        <ele>641</ele>
        <extensions>
          <distance>1529</distance>
        </extensions>
      </trkpt>
      <trkpt lat="46.08543" lon="7.04755">
        <ele>646</ele>
        <extensions>
          <distance>1544</distance>
        </extensions>
      </trkpt>
      <trkpt lat="46.08539" lon="7.04739">
        <ele>651</ele>
        <extensions>
          <distance>1558</distance>
        </extensions>
      </trkpt>
      <trkpt lat="46.0853" lon="7.0472">
        <ele>654</ele>
        <extensions>
          <distance>1576</distance>
        </extensions>
      </trkpt>
      <trkpt lat="46.0852" lon="7.04707">
        <ele>655</ele>
        <extensions>
          <distance>1591</distance>
        </extensions>
      </trkpt>
      <trkpt lat="46.0851" lon="7.04699">
        <ele>655</ele>
        <extensions>
          <distance>1604</distance>
        </extensions>
      </trkpt>
      <trkpt lat="46.08499" lon="7.04684">
        <ele>657</ele>
        <extensions>
          <distance>1621</distance>
        </extensions>
      </trkpt>
      <trkpt lat="46.08491" lon="7.04675">
        <ele>658</ele>
        <extensions>
          <distance>1632</distance>
        </extensions>
      </trkpt>
      <trkpt lat="46.08485" lon="7.04666">
        <ele>659</ele>
        <extensions>
          <distance>1642</distance>
        </extensions>
      </trkpt>
      <trkpt lat="46.08482" lon="7.04664">
        <ele>659</ele>
        <extensions>
          <distance>1645</distance>
        </extensions>
      </trkpt>
      <trkpt lat="46.08478" lon="7.04659">
        <ele>659</ele>
        <extensions>
          <distance>1651</distance>
        </extensions>
      </trkpt>
      <trkpt lat="46.08456" lon="7.04643">
        <ele>659</ele>
        <extensions>
          <distance>1679</distance>
        </extensions>
      </trkpt>
      <trkpt lat="46.08444" lon="7.04633">
        <ele>660</ele>
        <extensions>
          <distance>1694</distance>
        </extensions>
      </trkpt>
      <trkpt lat="46.08433" lon="7.04627">
        <ele>660</ele>
        <extensions>
          <distance>1707</distance>
        </extensions>
      </trkpt>
      <trkpt lat="46.08425" lon="7.04619">
        <ele>661</ele>
        <extensions>
          <distance>1718</distance>
        </extensions>
      </trkpt>
      <trkpt lat="46.08411" lon="7.04602">
        <ele>664</ele>
        <extensions>
          <distance>1739</distance>
        </extensions>
      </trkpt>
      <trkpt lat="46.08401" lon="7.04584">
        <ele>668</ele>
        <extensions>
          <distance>1757</distance>
        </extensions>
      </trkpt>
      <trkpt lat="46.084" lon="7.0458">
        <ele>669</ele>
        <extensions>
          <distance>1760</distance>
        </extensions>
      </trkpt>
      <trkpt lat="46.08391" lon="7.04567">
        <ele>671</ele>
        <extensions>
          <distance>1775</distance>
        </extensions>
      </trkpt>
      <trkpt lat="46.08374" lon="7.04548">
        <ele>672</ele>
        <extensions>
          <distance>1799</distance>
        </extensions>
      </trkpt>
      <trkpt lat="46.08366" lon="7.04541">
        <ele>672</ele>
        <extensions>
          <distance>1809</distance>
        </extensions>
      </trkpt>
      <trkpt lat="46.08354" lon="7.04533">
        <ele>673</ele>
        <extensions>
          <distance>1824</distance>
        </extensions>
      </trkpt>
      <trkpt lat="46.08334" lon="7.0452200000000005">
        <ele>674.5</ele>
        <extensions>
          <distance>1848</distance>
        </extensions>
      </trkpt>
      <trkpt lat="46.08314" lon="7.04511">
        <ele>676</ele>
        <extensions>
          <distance>1871</distance>
        </extensions>
      </trkpt>
      <trkpt lat="46.0831" lon="7.04506">
        <ele>676</ele>
        <extensions>
          <distance>1877</distance>
        </extensions>
      </trkpt>
      <trkpt lat="46.08298" lon="7.04483">
        <ele>681</ele>
        <extensions>
          <distance>1900</distance>
        </extensions>
      </trkpt>
      <trkpt lat="46.0829" lon="7.04479">
        <ele>681</ele>
        <extensions>
          <distance>1909</distance>
        </extensions>
      </trkpt>
      <trkpt lat="46.08284" lon="7.04484">
        <ele>681</ele>
        <extensions>
          <distance>1917</distance>
        </extensions>
      </trkpt>
      <trkpt lat="46.08282" lon="7.04487">
        <ele>681</ele>
        <extensions>
          <distance>1920</distance>
        </extensions>
      </trkpt>
      <trkpt lat="46.08279" lon="7.04495">
        <ele>681</ele>
        <extensions>
          <distance>1927</distance>
        </extensions>
      </trkpt>
      <trkpt lat="46.08276" lon="7.0451">
        <ele>681</ele>
        <extensions>
          <distance>1939</distance>
        </extensions>
      </trkpt>
      <trkpt lat="46.08273" lon="7.04519">
        <ele>681</ele>
        <extensions>
          <distance>1947</distance>
        </extensions>
      </trkpt>
      <trkpt lat="46.08268" lon="7.04547">
        <ele>678</ele>
        <extensions>
          <distance>1970</distance>
        </extensions>
      </trkpt>
      <trkpt lat="46.08264" lon="7.04563">
        <ele>676</ele>
        <extensions>
          <distance>1983</distance>
        </extensions>
      </trkpt>
      <trkpt lat="46.08263" lon="7.04574">
        <ele>674</ele>
        <extensions>
          <distance>1992</distance>
        </extensions>
      </trkpt>
      <trkpt lat="46.08259" lon="7.04583">
        <ele>672</ele>
        <extensions>
          <distance>2000</distance>
        </extensions>
      </trkpt>
      <trkpt lat="46.08252" lon="7.0459">
        <ele>671</ele>
        <extensions>
          <distance>2010</distance>
        </extensions>
      </trkpt>
      <trkpt lat="46.08249" lon="7.04591">
        <ele>671</ele>
        <extensions>
          <distance>2013</distance>
        </extensions>
      </trkpt>
      <trkpt lat="46.0824" lon="7.04591">
        <ele>671</ele>
        <extensions>
          <distance>2023</distance>
        </extensions>
      </trkpt>
      <trkpt lat="46.08232" lon="7.04586">
        <ele>671</ele>
        <extensions>
          <distance>2033</distance>
        </extensions>
      </trkpt>
      <trkpt lat="46.08224" lon="7.04579">
        <ele>672</ele>
        <extensions>
          <distance>2043</distance>
        </extensions>
      </trkpt>
      <trkpt lat="46.0822" lon="7.04577">
        <ele>672</ele>
        <extensions>
          <distance>2048</distance>
        </extensions>
      </trkpt>
      <trkpt lat="46.08204" lon="7.04563">
        <ele>675</ele>
        <extensions>
          <distance>2069</distance>
        </extensions>
      </trkpt>
      <trkpt lat="46.08196" lon="7.04559">
        <ele>675</ele>
        <extensions>
          <distance>2078</distance>
        </extensions>
      </trkpt>
      <trkpt lat="46.08181" lon="7.04547">
        <ele>677</ele>
        <extensions>
          <distance>2097</distance>
        </extensions>
      </trkpt>
      <trkpt lat="46.08166" lon="7.04538">
        <ele>677</ele>
        <extensions>
          <distance>2115</distance>
        </extensions>
      </trkpt>
      <trkpt lat="46.08147" lon="7.04523">
        <ele>678</ele>
        <extensions>
          <distance>2140</distance>
        </extensions>
      </trkpt>
      <trkpt lat="46.08143" lon="7.04521">
        <ele>678</ele>
        <extensions>
          <distance>2144</distance>
        </extensions>
      </trkpt>
      <trkpt lat="46.0813" lon="7.04507">
        <ele>678</ele>
        <extensions>
          <distance>2162</distance>
        </extensions>
      </trkpt>
      <trkpt lat="46.08119" lon="7.04499">
        <ele>678</ele>
        <extensions>
          <distance>2176</distance>
        </extensions>
      </trkpt>
      <trkpt lat="46.0811" lon="7.04495">
        <ele>678</ele>
        <extensions>
          <distance>2187</distance>
        </extensions>
      </trkpt>
      <trkpt lat="46.08101" lon="7.04487">
        <ele>678</ele>
        <extensions>
          <distance>2198</distance>
        </extensions>
      </trkpt>
      <trkpt lat="46.08093" lon="7.04472">
        <ele>679</ele>
        <extensions>
          <distance>2213</distance>
        </extensions>
      </trkpt>
      <trkpt lat="46.08091" lon="7.04471">
        <ele>679</ele>
        <extensions>
          <distance>2215</distance>
        </extensions>
      </trkpt>
      <trkpt lat="46.08082" lon="7.04453">
        <ele>681</ele>
        <extensions>
          <distance>2232</distance>
        </extensions>
      </trkpt>
      <trkpt lat="46.0808" lon="7.0444">
        <ele>683</ele>
        <extensions>
          <distance>2243</distance>
        </extensions>
      </trkpt>
      <trkpt lat="46.08081" lon="7.04434">
        <ele>684</ele>
        <extensions>
          <distance>2248</distance>
        </extensions>
      </trkpt>
      <trkpt lat="46.0808" lon="7.04431">
        <ele>685</ele>
        <extensions>
          <distance>2250</distance>
        </extensions>
      </trkpt>
      <trkpt lat="46.0808" lon="7.04423">
        <ele>687</ele>
        <extensions>
          <distance>2257</distance>
        </extensions>
      </trkpt>
      <trkpt lat="46.08082" lon="7.04411">
        <ele>689</ele>
        <extensions>
          <distance>2267</distance>
        </extensions>
      </trkpt>
      <trkpt lat="46.08082" lon="7.04405">
        <ele>691</ele>
        <extensions>
          <distance>2272</distance>
        </extensions>
      </trkpt>
      <trkpt lat="46.0808" lon="7.04397">
        <ele>693</ele>
        <extensions>
          <distance>2278</distance>
        </extensions>
      </trkpt>
      <trkpt lat="46.0808" lon="7.04389">
        <ele>695</ele>
        <extensions>
          <distance>2285</distance>
        </extensions>
      </trkpt>
      <trkpt lat="46.08075" lon="7.04378">
        <ele>696</ele>
        <extensions>
          <distance>2295</distance>
        </extensions>
      </trkpt>
      <trkpt lat="46.08073" lon="7.04377">
        <ele>696</ele>
        <extensions>
          <distance>2298</distance>
        </extensions>
      </trkpt>
      <trkpt lat="46.08069" lon="7.04368">
        <ele>696</ele>
        <extensions>
          <distance>2306</distance>
        </extensions>
      </trkpt>
      <trkpt lat="46.08069" lon="7.04361">
        <ele>697</ele>
        <extensions>
          <distance>2311</distance>
        </extensions>
      </trkpt>
      <trkpt lat="46.08066" lon="7.04353">
        <ele>699</ele>
        <extensions>
          <distance>2319</distance>
        </extensions>
      </trkpt>
      <trkpt lat="46.08066" lon="7.04347">
        <ele>700</ele>
        <extensions>
          <distance>2323</distance>
        </extensions>
      </trkpt>
      <trkpt lat="46.08065" lon="7.04344">
        <ele>701</ele>
        <extensions>
          <distance>2326</distance>
        </extensions>
      </trkpt>
      <trkpt lat="46.0806" lon="7.04336">
        <ele>702</ele>
        <extensions>
          <distance>2334</distance>
        </extensions>
      </trkpt>
      <trkpt lat="46.08058" lon="7.0433">
        <ele>703</ele>
        <extensions>
          <distance>2340</distance>
        </extensions>
      </trkpt>
      <trkpt lat="46.08057" lon="7.0433">
        <ele>703</ele>
        <extensions>
          <distance>2341</distance>
        </extensions>
      </trkpt>
      <trkpt lat="46.08052" lon="7.0432">
        <ele>705</ele>
        <extensions>
          <distance>2351</distance>
        </extensions>
      </trkpt>
      <trkpt lat="46.0805" lon="7.04319">
        <ele>705</ele>
        <extensions>
          <distance>2353</distance>
        </extensions>
      </trkpt>
      <trkpt lat="46.08049" lon="7.04317">
        <ele>706</ele>
        <extensions>
          <distance>2355</distance>
        </extensions>
      </trkpt>
      <trkpt lat="46.08048" lon="7.04304">
        <ele>709</ele>
        <extensions>
          <distance>2365</distance>
        </extensions>
      </trkpt>
      <trkpt lat="46.08047" lon="7.04303">
        <ele>709</ele>
        <extensions>
          <distance>2367</distance>
        </extensions>
      </trkpt>
      <trkpt lat="46.08047" lon="7.04296">
        <ele>710</ele>
        <extensions>
          <distance>2372</distance>
        </extensions>
      </trkpt>
      <trkpt lat="46.08048" lon="7.04294">
        <ele>710</ele>
        <extensions>
          <distance>2374</distance>
        </extensions>
      </trkpt>
      <trkpt lat="46.08047" lon="7.04293">
        <ele>710</ele>
        <extensions>
          <distance>2375</distance>
        </extensions>
      </trkpt>
      <trkpt lat="46.08048" lon="7.04289">
        <ele>711</ele>
        <extensions>
          <distance>2379</distance>
        </extensions>
      </trkpt>
      <trkpt lat="46.08045" lon="7.04276">
        <ele>712</ele>
        <extensions>
          <distance>2390</distance>
        </extensions>
      </trkpt>
      <trkpt lat="46.08045" lon="7.04268">
        <ele>714</ele>
        <extensions>
          <distance>2396</distance>
        </extensions>
      </trkpt>
      <trkpt lat="46.08044" lon="7.04265">
        <ele>714</ele>
        <extensions>
          <distance>2398</distance>
        </extensions>
      </trkpt>
      <trkpt lat="46.08042" lon="7.04261">
        <ele>715</ele>
        <extensions>
          <distance>2402</distance>
        </extensions>
      </trkpt>
      <trkpt lat="46.08038" lon="7.04258">
        <ele>715</ele>
        <extensions>
          <distance>2407</distance>
        </extensions>
      </trkpt>
      <trkpt lat="46.08037" lon="7.04253">
        <ele>716</ele>
        <extensions>
          <distance>2412</distance>
        </extensions>
      </trkpt>
      <trkpt lat="46.08031" lon="7.04245">
        <ele>717</ele>
        <extensions>
          <distance>2421</distance>
        </extensions>
      </trkpt>
      <trkpt lat="46.08027" lon="7.04233">
        <ele>720</ele>
        <extensions>
          <distance>2431</distance>
        </extensions>
      </trkpt>
      <trkpt lat="46.08024" lon="7.04226">
        <ele>721</ele>
        <extensions>
          <distance>2438</distance>
        </extensions>
      </trkpt>
      <trkpt lat="46.08021" lon="7.04223">
        <ele>722</ele>
        <extensions>
          <distance>2442</distance>
        </extensions>
      </trkpt>
      <trkpt lat="46.08019" lon="7.04216">
        <ele>724</ele>
        <extensions>
          <distance>2448</distance>
        </extensions>
      </trkpt>
      <trkpt lat="46.08009" lon="7.04205">
        <ele>727</ele>
        <extensions>
          <distance>2462</distance>
        </extensions>
      </trkpt>
      <trkpt lat="46.08008" lon="7.042">
        <ele>729</ele>
        <extensions>
          <distance>2466</distance>
        </extensions>
      </trkpt>
      <trkpt lat="46.08003" lon="7.0419">
        <ele>733</ele>
        <extensions>
          <distance>2477</distance>
        </extensions>
      </trkpt>
      <trkpt lat="46.08002" lon="7.04183">
        <ele>735</ele>
        <extensions>
          <distance>2483</distance>
        </extensions>
      </trkpt>
      <trkpt lat="46.08" lon="7.0418">
        <ele>736</ele>
        <extensions>
          <distance>2486</distance>
        </extensions>
      </trkpt>
      <trkpt lat="46.07997" lon="7.04168">
        <ele>740</ele>
        <extensions>
          <distance>2497</distance>
        </extensions>
      </trkpt>
      <trkpt lat="46.07991" lon="7.04164">
        <ele>740</ele>
        <extensions>
          <distance>2504</distance>
        </extensions>
      </trkpt>
      <trkpt lat="46.07989" lon="7.04157">
        <ele>742</ele>
        <extensions>
          <distance>2510</distance>
        </extensions>
      </trkpt>
      <trkpt lat="46.07987" lon="7.04154">
        <ele>742</ele>
        <extensions>
          <distance>2514</distance>
        </extensions>
      </trkpt>
      <trkpt lat="46.07986" lon="7.04154">
        <ele>742</ele>
        <extensions>
          <distance>2515</distance>
        </extensions>
      </trkpt>
      <trkpt lat="46.07986" lon="7.04151">
        <ele>743</ele>
        <extensions>
          <distance>2517</distance>
        </extensions>
      </trkpt>
      <trkpt lat="46.07982" lon="7.04148">
        <ele>743</ele>
        <extensions>
          <distance>2522</distance>
        </extensions>
      </trkpt>
      <trkpt lat="46.07979" lon="7.04142">
        <ele>745</ele>
        <extensions>
          <distance>2528</distance>
        </extensions>
      </trkpt>
      <trkpt lat="46.07978" lon="7.04135">
        <ele>746</ele>
        <extensions>
          <distance>2534</distance>
        </extensions>
      </trkpt>
      <trkpt lat="46.07975" lon="7.0413">
        <ele>746</ele>
        <extensions>
          <distance>2539</distance>
        </extensions>
      </trkpt>
      <trkpt lat="46.07974" lon="7.04125">
        <ele>747</ele>
        <extensions>
          <distance>2543</distance>
        </extensions>
      </trkpt>
      <trkpt lat="46.0797" lon="7.0412">
        <ele>748</ele>
        <extensions>
          <distance>2549</distance>
        </extensions>
      </trkpt>
      <trkpt lat="46.07968" lon="7.04113">
        <ele>749</ele>
        <extensions>
          <distance>2555</distance>
        </extensions>
      </trkpt>
      <trkpt lat="46.07965" lon="7.04108">
        <ele>750</ele>
        <extensions>
          <distance>2560</distance>
        </extensions>
      </trkpt>
      <trkpt lat="46.07961" lon="7.04104">
        <ele>750</ele>
        <extensions>
          <distance>2565</distance>
        </extensions>
      </trkpt>
      <trkpt lat="46.07961" lon="7.04101">
        <ele>751</ele>
        <extensions>
          <distance>2568</distance>
        </extensions>
      </trkpt>
      <trkpt lat="46.07959" lon="7.04099">
        <ele>751</ele>
        <extensions>
          <distance>2570</distance>
        </extensions>
      </trkpt>
      <trkpt lat="46.07957" lon="7.04094">
        <ele>752</ele>
        <extensions>
          <distance>2575</distance>
        </extensions>
      </trkpt>
      <trkpt lat="46.07956" lon="7.04087">
        <ele>753</ele>
        <extensions>
          <distance>2581</distance>
        </extensions>
      </trkpt>
      <trkpt lat="46.07954" lon="7.04083">
        <ele>754</ele>
        <extensions>
          <distance>2584</distance>
        </extensions>
      </trkpt>
      <trkpt lat="46.07953" lon="7.04074">
        <ele>756</ele>
        <extensions>
          <distance>2592</distance>
        </extensions>
      </trkpt>
      <trkpt lat="46.07951" lon="7.04073">
        <ele>757</ele>
        <extensions>
          <distance>2594</distance>
        </extensions>
      </trkpt>
      <trkpt lat="46.0795" lon="7.04069">
        <ele>758</ele>
        <extensions>
          <distance>2598</distance>
        </extensions>
      </trkpt>
      <trkpt lat="46.07948" lon="7.04068">
        <ele>759</ele>
        <extensions>
          <distance>2600</distance>
        </extensions>
      </trkpt>
      <trkpt lat="46.07949" lon="7.04063">
        <ele>760</ele>
        <extensions>
          <distance>2604</distance>
        </extensions>
      </trkpt>
      <trkpt lat="46.07948" lon="7.04059">
        <ele>761</ele>
        <extensions>
          <distance>2608</distance>
        </extensions>
      </trkpt>
      <trkpt lat="46.07943" lon="7.04052">
        <ele>763</ele>
        <extensions>
          <distance>2616</distance>
        </extensions>
      </trkpt>
      <trkpt lat="46.0794" lon="7.0405">
        <ele>764</ele>
        <extensions>
          <distance>2620</distance>
        </extensions>
      </trkpt>
      <trkpt lat="46.07934" lon="7.0404">
        <ele>766</ele>
        <extensions>
          <distance>2630</distance>
        </extensions>
      </trkpt>
      <trkpt lat="46.07929" lon="7.04037">
        <ele>767</ele>
        <extensions>
          <distance>2636</distance>
        </extensions>
      </trkpt>
      <trkpt lat="46.07925" lon="7.0403">
        <ele>769</ele>
        <extensions>
          <distance>2644</distance>
        </extensions>
      </trkpt>
      <trkpt lat="46.07924" lon="7.0403">
        <ele>769</ele>
        <extensions>
          <distance>2645</distance>
        </extensions>
      </trkpt>
      <trkpt lat="46.0792" lon="7.04025">
        <ele>771</ele>
        <extensions>
          <distance>2651</distance>
        </extensions>
      </trkpt>
      <trkpt lat="46.07916" lon="7.04018">
        <ele>772</ele>
        <extensions>
          <distance>2658</distance>
        </extensions>
      </trkpt>
      <trkpt lat="46.07916" lon="7.04016">
        <ele>773</ele>
        <extensions>
          <distance>2660</distance>
        </extensions>
      </trkpt>
      <trkpt lat="46.07914" lon="7.04014">
        <ele>773</ele>
        <extensions>
          <distance>2662</distance>
        </extensions>
      </trkpt>
      <trkpt lat="46.07914" lon="7.04012">
        <ele>773</ele>
        <extensions>
          <distance>2664</distance>
        </extensions>
      </trkpt>
      <trkpt lat="46.07905" lon="7.03993">
        <ele>777</ele>
        <extensions>
          <distance>2682</distance>
        </extensions>
      </trkpt>
      <trkpt lat="46.07904" lon="7.03984">
        <ele>779</ele>
        <extensions>
          <distance>2689</distance>
        </extensions>
      </trkpt>
      <trkpt lat="46.07902" lon="7.03977">
        <ele>780</ele>
        <extensions>
          <distance>2695</distance>
        </extensions>
      </trkpt>
      <trkpt lat="46.079" lon="7.03951">
        <ele>784</ele>
        <extensions>
          <distance>2716</distance>
        </extensions>
      </trkpt>
      <trkpt lat="46.07902" lon="7.03945">
        <ele>785</ele>
        <extensions>
          <distance>2721</distance>
        </extensions>
      </trkpt>
      <trkpt lat="46.07908" lon="7.0394">
        <ele>787</ele>
        <extensions>
          <distance>2729</distance>
        </extensions>
      </trkpt>
      <trkpt lat="46.07908" lon="7.03937">
        <ele>787</ele>
        <extensions>
          <distance>2731</distance>
        </extensions>
      </trkpt>
      <trkpt lat="46.07904" lon="7.03934">
        <ele>788</ele>
        <extensions>
          <distance>2736</distance>
        </extensions>
      </trkpt>
      <trkpt lat="46.07892" lon="7.03921">
        <ele>789</ele>
        <extensions>
          <distance>2753</distance>
        </extensions>
      </trkpt>
      <trkpt lat="46.07889" lon="7.03915">
        <ele>789</ele>
        <extensions>
          <distance>2759</distance>
        </extensions>
      </trkpt>
      <trkpt lat="46.07879" lon="7.03902">
        <ele>792</ele>
        <extensions>
          <distance>2774</distance>
        </extensions>
      </trkpt>
      <trkpt lat="46.07875" lon="7.03894">
        <ele>794</ele>
        <extensions>
          <distance>2782</distance>
        </extensions>
      </trkpt>
      <trkpt lat="46.07872" lon="7.03892">
        <ele>794</ele>
        <extensions>
          <distance>2785</distance>
        </extensions>
      </trkpt>
      <trkpt lat="46.07859" lon="7.03878">
        <ele>795</ele>
        <extensions>
          <distance>2804</distance>
        </extensions>
      </trkpt>
      <trkpt lat="46.07851" lon="7.03874">
        <ele>796</ele>
        <extensions>
          <distance>2813</distance>
        </extensions>
      </trkpt>
      <trkpt lat="46.07846" lon="7.03869">
        <ele>796</ele>
        <extensions>
          <distance>2820</distance>
        </extensions>
      </trkpt>
      <trkpt lat="46.07842" lon="7.03862">
        <ele>796</ele>
        <extensions>
          <distance>2827</distance>
        </extensions>
      </trkpt>
      <trkpt lat="46.07829" lon="7.03857">
        <ele>796</ele>
        <extensions>
          <distance>2842</distance>
        </extensions>
      </trkpt>
      <trkpt lat="46.07825" lon="7.03851">
        <ele>797</ele>
        <extensions>
          <distance>2848</distance>
        </extensions>
      </trkpt>
      <trkpt lat="46.0782" lon="7.03846">
        <ele>797</ele>
        <extensions>
          <distance>2855</distance>
        </extensions>
      </trkpt>
      <trkpt lat="46.07819" lon="7.03843">
        <ele>797</ele>
        <extensions>
          <distance>2858</distance>
        </extensions>
      </trkpt>
      <trkpt lat="46.07811" lon="7.03832">
        <ele>798</ele>
        <extensions>
          <distance>2870</distance>
        </extensions>
      </trkpt>
      <trkpt lat="46.07792" lon="7.03824">
        <ele>800</ele>
        <extensions>
          <distance>2892</distance>
        </extensions>
      </trkpt>
      <trkpt lat="46.07782" lon="7.03818">
        <ele>801</ele>
        <extensions>
          <distance>2904</distance>
        </extensions>
      </trkpt>
      <trkpt lat="46.07777" lon="7.03814">
        <ele>802</ele>
        <extensions>
          <distance>2911</distance>
        </extensions>
      </trkpt>
      <trkpt lat="46.07764" lon="7.038">
        <ele>807</ele>
        <extensions>
          <distance>2929</distance>
        </extensions>
      </trkpt>
      <trkpt lat="46.07753" lon="7.03797">
        <ele>808</ele>
        <extensions>
          <distance>2942</distance>
        </extensions>
      </trkpt>
      <trkpt lat="46.07742" lon="7.03797">
        <ele>808</ele>
        <extensions>
          <distance>2954</distance>
        </extensions>
      </trkpt>
      <trkpt lat="46.07722" lon="7.03799">
        <ele>808</ele>
        <extensions>
          <distance>2976</distance>
        </extensions>
      </trkpt>
      <trkpt lat="46.07712" lon="7.03801">
        <ele>809</ele>
        <extensions>
          <distance>2987</distance>
        </extensions>
      </trkpt>
      <trkpt lat="46.07705" lon="7.038">
        <ele>811</ele>
        <extensions>
          <distance>2995</distance>
        </extensions>
      </trkpt>
      <trkpt lat="46.07697" lon="7.03803">
        <ele>811</ele>
        <extensions>
          <distance>3005</distance>
        </extensions>
      </trkpt>
      <trkpt lat="46.0769" lon="7.03803">
        <ele>813</ele>
        <extensions>
          <distance>3012</distance>
        </extensions>
      </trkpt>
      <trkpt lat="46.07684" lon="7.03805">
        <ele>816</ele>
        <extensions>
          <distance>3020</distance>
        </extensions>
      </trkpt>
      <trkpt lat="46.07668" lon="7.03795">
        <ele>821</ele>
        <extensions>
          <distance>3040</distance>
        </extensions>
      </trkpt>
      <trkpt lat="46.07658" lon="7.03786">
        <ele>825</ele>
        <extensions>
          <distance>3053</distance>
        </extensions>
      </trkpt>
      <trkpt lat="46.07653" lon="7.03779">
        <ele>825</ele>
        <extensions>
          <distance>3061</distance>
        </extensions>
      </trkpt>
      <trkpt lat="46.07648" lon="7.03766">
        <ele>826</ele>
        <extensions>
          <distance>3073</distance>
        </extensions>
      </trkpt>
      <trkpt lat="46.0765" lon="7.03758">
        <ele>826</ele>
        <extensions>
          <distance>3079</distance>
        </extensions>
      </trkpt>
      <trkpt lat="46.07652" lon="7.03741">
        <ele>827</ele>
        <extensions>
          <distance>3093</distance>
        </extensions>
      </trkpt>
      <trkpt lat="46.07645" lon="7.03724">
        <ele>828</ele>
        <extensions>
          <distance>3108</distance>
        </extensions>
      </trkpt>
      <trkpt lat="46.07637" lon="7.03715">
        <ele>829</ele>
        <extensions>
          <distance>3119</distance>
        </extensions>
      </trkpt>
      <trkpt lat="46.07634" lon="7.0371">
        <ele>831</ele>
        <extensions>
          <distance>3125</distance>
        </extensions>
      </trkpt>
      <trkpt lat="46.07632" lon="7.03709">
        <ele>832</ele>
        <extensions>
          <distance>3127</distance>
        </extensions>
      </trkpt>
      <trkpt lat="46.07631" lon="7.03706">
        <ele>833</ele>
        <extensions>
          <distance>3130</distance>
        </extensions>
      </trkpt>
      <trkpt lat="46.07626" lon="7.037">
        <ele>835</ele>
        <extensions>
          <distance>3137</distance>
        </extensions>
      </trkpt>
      <trkpt lat="46.0762" lon="7.0369">
        <ele>838</ele>
        <extensions>
          <distance>3148</distance>
        </extensions>
      </trkpt>
      <trkpt lat="46.07618" lon="7.03688">
        <ele>839</ele>
        <extensions>
          <distance>3151</distance>
        </extensions>
      </trkpt>
      <trkpt lat="46.07616" lon="7.03688">
        <ele>840</ele>
        <extensions>
          <distance>3153</distance>
        </extensions>
      </trkpt>
      <trkpt lat="46.07612" lon="7.03684">
        <ele>841</ele>
        <extensions>
          <distance>3159</distance>
        </extensions>
      </trkpt>
      <trkpt lat="46.07604" lon="7.03681">
        <ele>846</ele>
        <extensions>
          <distance>3169</distance>
        </extensions>
      </trkpt>
      <trkpt lat="46.07592" lon="7.03668">
        <ele>850</ele>
        <extensions>
          <distance>3187</distance>
        </extensions>
      </trkpt>
      <trkpt lat="46.07589" lon="7.03662">
        <ele>851</ele>
        <extensions>
          <distance>3192</distance>
        </extensions>
      </trkpt>
      <trkpt lat="46.07588" lon="7.03654">
        <ele>851</ele>
        <extensions>
          <distance>3199</distance>
        </extensions>
      </trkpt>
      <trkpt lat="46.07586" lon="7.03652">
        <ele>851</ele>
        <extensions>
          <distance>3201</distance>
        </extensions>
      </trkpt>
      <trkpt lat="46.07584" lon="7.03645">
        <ele>851</ele>
        <extensions>
          <distance>3207</distance>
        </extensions>
      </trkpt>
      <trkpt lat="46.07581" lon="7.03644">
        <ele>853</ele>
        <extensions>
          <distance>3211</distance>
        </extensions>
      </trkpt>
      <trkpt lat="46.07576" lon="7.03639">
        <ele>856</ele>
        <extensions>
          <distance>3218</distance>
        </extensions>
      </trkpt>
      <trkpt lat="46.07573" lon="7.03629">
        <ele>857</ele>
        <extensions>
          <distance>3227</distance>
        </extensions>
      </trkpt>
      <trkpt lat="46.07569" lon="7.03624">
        <ele>859</ele>
        <extensions>
          <distance>3233</distance>
        </extensions>
      </trkpt>
      <trkpt lat="46.0756" lon="7.03604">
        <ele>860</ele>
        <extensions>
          <distance>3251</distance>
        </extensions>
      </trkpt>
      <trkpt lat="46.07556" lon="7.03599">
        <ele>861</ele>
        <extensions>
          <distance>3257</distance>
        </extensions>
      </trkpt>
      <trkpt lat="46.07552" lon="7.03589">
        <ele>861</ele>
        <extensions>
          <distance>3266</distance>
        </extensions>
      </trkpt>
      <trkpt lat="46.07549" lon="7.03585">
        <ele>861</ele>
        <extensions>
          <distance>3271</distance>
        </extensions>
      </trkpt>
      <trkpt lat="46.07541" lon="7.03579">
        <ele>864</ele>
        <extensions>
          <distance>3281</distance>
        </extensions>
      </trkpt>
      <trkpt lat="46.07539" lon="7.03576">
        <ele>864</ele>
        <extensions>
          <distance>3284</distance>
        </extensions>
      </trkpt>
      <trkpt lat="46.07533" lon="7.03564">
        <ele>865</ele>
        <extensions>
          <distance>3295</distance>
        </extensions>
      </trkpt>
      <trkpt lat="46.07529" lon="7.0355">
        <ele>866</ele>
        <extensions>
          <distance>3307</distance>
        </extensions>
      </trkpt>
      <trkpt lat="46.07525" lon="7.03548">
        <ele>867</ele>
        <extensions>
          <distance>3312</distance>
        </extensions>
      </trkpt>
      <trkpt lat="46.0752" lon="7.03538">
        <ele>868</ele>
        <extensions>
          <distance>3322</distance>
        </extensions>
      </trkpt>
      <trkpt lat="46.07515" lon="7.03532">
        <ele>869</ele>
        <extensions>
          <distance>3329</distance>
        </extensions>
      </trkpt>
      <trkpt lat="46.07513" lon="7.03527">
        <ele>869</ele>
        <extensions>
          <distance>3333</distance>
        </extensions>
      </trkpt>
      <trkpt lat="46.07513" lon="7.03524">
        <ele>869</ele>
        <extensions>
          <distance>3336</distance>
        </extensions>
      </trkpt>
      <trkpt lat="46.07515" lon="7.03519">
        <ele>869</ele>
        <extensions>
          <distance>3340</distance>
        </extensions>
      </trkpt>
      <trkpt lat="46.07518" lon="7.0352">
        <ele>869</ele>
        <extensions>
          <distance>3343</distance>
        </extensions>
      </trkpt>
      <trkpt lat="46.07518" lon="7.03519">
        <ele>869</ele>
        <extensions>
          <distance>3344</distance>
        </extensions>
      </trkpt>
      <trkpt lat="46.0752" lon="7.03519">
        <ele>868</ele>
        <extensions>
          <distance>3346</distance>
        </extensions>
      </trkpt>
      <trkpt lat="46.07522" lon="7.03517">
        <ele>868</ele>
        <extensions>
          <distance>3349</distance>
        </extensions>
      </trkpt>
      <trkpt lat="46.07528" lon="7.03517">
        <ele>866</ele>
        <extensions>
          <distance>3356</distance>
        </extensions>
      </trkpt>
      <trkpt lat="46.07532" lon="7.03519">
        <ele>866</ele>
        <extensions>
          <distance>3361</distance>
        </extensions>
      </trkpt>
      <trkpt lat="46.07538" lon="7.0352">
        <ele>865</ele>
        <extensions>
          <distance>3367</distance>
        </extensions>
      </trkpt>
      <trkpt lat="46.07549" lon="7.03519">
        <ele>864</ele>
        <extensions>
          <distance>3380</distance>
        </extensions>
      </trkpt>
      <trkpt lat="46.07556" lon="7.03516">
        <ele>864</ele>
        <extensions>
          <distance>3388</distance>
        </extensions>
      </trkpt>
      <trkpt lat="46.07563" lon="7.03516">
        <ele>863</ele>
        <extensions>
          <distance>3395</distance>
        </extensions>
      </trkpt>
      <trkpt lat="46.07573" lon="7.03519">
        <ele>863</ele>
        <extensions>
          <distance>3407</distance>
        </extensions>
      </trkpt>
      <trkpt lat="46.07576" lon="7.03517">
        <ele>863</ele>
        <extensions>
          <distance>3411</distance>
        </extensions>
      </trkpt>
      <trkpt lat="46.0758" lon="7.03518">
        <ele>863</ele>
        <extensions>
          <distance>3415</distance>
        </extensions>
      </trkpt>
      <trkpt lat="46.07585" lon="7.03515">
        <ele>863</ele>
        <extensions>
          <distance>3421</distance>
        </extensions>
      </trkpt>
      <trkpt lat="46.07593" lon="7.03514">
        <ele>864</ele>
        <extensions>
          <distance>3430</distance>
        </extensions>
      </trkpt>
      <trkpt lat="46.07596" lon="7.0351">
        <ele>865</ele>
        <extensions>
          <distance>3435</distance>
        </extensions>
      </trkpt>
      <trkpt lat="46.07596" lon="7.03508">
        <ele>865</ele>
        <extensions>
          <distance>3436</distance>
        </extensions>
      </trkpt>
      <trkpt lat="46.07599" lon="7.03503">
        <ele>866</ele>
        <extensions>
          <distance>3441</distance>
        </extensions>
      </trkpt>
      <trkpt lat="46.07601" lon="7.03494">
        <ele>868</ele>
        <extensions>
          <distance>3449</distance>
        </extensions>
      </trkpt>
      <trkpt lat="46.07603" lon="7.03491">
        <ele>869</ele>
        <extensions>
          <distance>3452</distance>
        </extensions>
      </trkpt>
      <trkpt lat="46.07605" lon="7.03484">
        <ele>871</ele>
        <extensions>
          <distance>3458</distance>
        </extensions>
      </trkpt>
      <trkpt lat="46.07603" lon="7.03475">
        <ele>874</ele>
        <extensions>
          <distance>3466</distance>
        </extensions>
      </trkpt>
      <trkpt lat="46.07584" lon="7.03454">
        <ele>877</ele>
        <extensions>
          <distance>3493</distance>
        </extensions>
      </trkpt>
      <trkpt lat="46.0758" lon="7.03451">
        <ele>878</ele>
        <extensions>
          <distance>3498</distance>
        </extensions>
      </trkpt>
      <trkpt lat="46.07579" lon="7.03448">
        <ele>878</ele>
        <extensions>
          <distance>3500</distance>
        </extensions>
      </trkpt>
      <trkpt lat="46.07576" lon="7.03446">
        <ele>878</ele>
        <extensions>
          <distance>3504</distance>
        </extensions>
      </trkpt>
      <trkpt lat="46.07561" lon="7.03425">
        <ele>882</ele>
        <extensions>
          <distance>3528</distance>
        </extensions>
      </trkpt>
      <trkpt lat="46.07549" lon="7.034135">
        <ele>883.5</ele>
        <extensions>
          <distance>3544</distance>
        </extensions>
      </trkpt>
      <trkpt lat="46.07537" lon="7.03402">
        <ele>885</ele>
        <extensions>
          <distance>3560</distance>
        </extensions>
      </trkpt>
      <trkpt lat="46.07535" lon="7.03393">
        <ele>886</ele>
        <extensions>
          <distance>3567</distance>
        </extensions>
      </trkpt>
      <trkpt lat="46.07531" lon="7.03387">
        <ele>887</ele>
        <extensions>
          <distance>3574</distance>
        </extensions>
      </trkpt>
      <trkpt lat="46.07523" lon="7.03378">
        <ele>888</ele>
        <extensions>
          <distance>3585</distance>
        </extensions>
      </trkpt>
      <trkpt lat="46.0752" lon="7.03377">
        <ele>888</ele>
        <extensions>
          <distance>3589</distance>
        </extensions>
      </trkpt>
      <trkpt lat="46.07519" lon="7.03375">
        <ele>889</ele>
        <extensions>
          <distance>3591</distance>
        </extensions>
      </trkpt>
      <trkpt lat="46.07516" lon="7.03373">
        <ele>889</ele>
        <extensions>
          <distance>3594</distance>
        </extensions>
      </trkpt>
      <trkpt lat="46.075" lon="7.0335">
        <ele>893</ele>
        <extensions>
          <distance>3620</distance>
        </extensions>
      </trkpt>
      <trkpt lat="46.07494" lon="7.03344">
        <ele>894</ele>
        <extensions>
          <distance>3628</distance>
        </extensions>
      </trkpt>
      <trkpt lat="46.07494" lon="7.03341">
        <ele>894</ele>
        <extensions>
          <distance>3630</distance>
        </extensions>
      </trkpt>
      <trkpt lat="46.07481" lon="7.03324">
        <ele>897</ele>
        <extensions>
          <distance>3650</distance>
        </extensions>
      </trkpt>
      <trkpt lat="46.0748" lon="7.03321">
        <ele>898</ele>
        <extensions>
          <distance>3653</distance>
        </extensions>
      </trkpt>
      <trkpt lat="46.0746" lon="7.03303">
        <ele>901</ele>
        <extensions>
          <distance>3679</distance>
        </extensions>
      </trkpt>
      <trkpt lat="46.07445" lon="7.03286">
        <ele>903</ele>
        <extensions>
          <distance>3700</distance>
        </extensions>
      </trkpt>
      <trkpt lat="46.07438" lon="7.0328">
        <ele>904</ele>
        <extensions>
          <distance>3709</distance>
        </extensions>
      </trkpt>
      <trkpt lat="46.07435" lon="7.03279">
        <ele>904</ele>
        <extensions>
          <distance>3713</distance>
        </extensions>
      </trkpt>
      <trkpt lat="46.07433" lon="7.03276">
        <ele>905</ele>
        <extensions>
          <distance>3716</distance>
        </extensions>
      </trkpt>
      <trkpt lat="46.07423" lon="7.03267">
        <ele>907</ele>
        <extensions>
          <distance>3729</distance>
        </extensions>
      </trkpt>
      <trkpt lat="46.0741" lon="7.03262">
        <ele>909</ele>
        <extensions>
          <distance>3744</distance>
        </extensions>
      </trkpt>
      <trkpt lat="46.07395" lon="7.03249">
        <ele>911</ele>
        <extensions>
          <distance>3764</distance>
        </extensions>
      </trkpt>
      <trkpt lat="46.07378" lon="7.03243">
        <ele>914</ele>
        <extensions>
          <distance>3784</distance>
        </extensions>
      </trkpt>
      <trkpt lat="46.07364" lon="7.03242">
        <ele>915</ele>
        <extensions>
          <distance>3799</distance>
        </extensions>
      </trkpt>
      <trkpt lat="46.07361" lon="7.0324">
        <ele>916</ele>
        <extensions>
          <distance>3803</distance>
        </extensions>
      </trkpt>
      <trkpt lat="46.07356" lon="7.0324">
        <ele>917</ele>
        <extensions>
          <distance>3809</distance>
        </extensions>
      </trkpt>
      <trkpt lat="46.07342" lon="7.03243">
        <ele>919</ele>
        <extensions>
          <distance>3825</distance>
        </extensions>
      </trkpt>
      <trkpt lat="46.07331" lon="7.03247">
        <ele>920</ele>
        <extensions>
          <distance>3837</distance>
        </extensions>
      </trkpt>
      <trkpt lat="46.07328" lon="7.03249">
        <ele>921</ele>
        <extensions>
          <distance>3841</distance>
        </extensions>
      </trkpt>
      <trkpt lat="46.07323" lon="7.0325">
        <ele>923</ele>
        <extensions>
          <distance>3847</distance>
        </extensions>
      </trkpt>
      <trkpt lat="46.07316" lon="7.03248">
        <ele>925</ele>
        <extensions>
          <distance>3855</distance>
        </extensions>
      </trkpt>
      <trkpt lat="46.07312" lon="7.03244">
        <ele>927</ele>
        <extensions>
          <distance>3861</distance>
        </extensions>
      </trkpt>
      <trkpt lat="46.07308" lon="7.03235">
        <ele>928</ele>
        <extensions>
          <distance>3869</distance>
        </extensions>
      </trkpt>
      <trkpt lat="46.07301" lon="7.03224">
        <ele>931</ele>
        <extensions>
          <distance>3881</distance>
        </extensions>
      </trkpt>
      <trkpt lat="46.07299" lon="7.03219">
        <ele>932</ele>
        <extensions>
          <distance>3886</distance>
        </extensions>
      </trkpt>
      <trkpt lat="46.07297" lon="7.03208">
        <ele>932</ele>
        <extensions>
          <distance>3894</distance>
        </extensions>
      </trkpt>
      <trkpt lat="46.07294" lon="7.03203">
        <ele>933</ele>
        <extensions>
          <distance>3900</distance>
        </extensions>
      </trkpt>
      <trkpt lat="46.0729" lon="7.03199">
        <ele>933</ele>
        <extensions>
          <distance>3905</distance>
        </extensions>
      </trkpt>
      <trkpt lat="46.07286" lon="7.03191">
        <ele>933</ele>
        <extensions>
          <distance>3913</distance>
        </extensions>
      </trkpt>
      <trkpt lat="46.07284" lon="7.03178">
        <ele>933</ele>
        <extensions>
          <distance>3923</distance>
        </extensions>
      </trkpt>
      <trkpt lat="46.07284" lon="7.03151">
        <ele>933</ele>
        <extensions>
          <distance>3944</distance>
        </extensions>
      </trkpt>
      <trkpt lat="46.07282" lon="7.03146">
        <ele>933</ele>
        <extensions>
          <distance>3948</distance>
        </extensions>
      </trkpt>
      <trkpt lat="46.07277" lon="7.03139">
        <ele>933</ele>
        <extensions>
          <distance>3956</distance>
        </extensions>
      </trkpt>
      <trkpt lat="46.07274" lon="7.03132">
        <ele>934</ele>
        <extensions>
          <distance>3962</distance>
        </extensions>
      </trkpt>
      <trkpt lat="46.07261" lon="7.03121">
        <ele>955</ele>
        <extensions>
          <distance>3989</distance>
        </extensions>
      </trkpt>
      <trkpt lat="46.0726" lon="7.03119">
        <ele>955</ele>
        <extensions>
          <distance>3991</distance>
        </extensions>
      </trkpt>
      <trkpt lat="46.07253" lon="7.03113">
        <ele>956</ele>
        <extensions>
          <distance>4000</distance>
        </extensions>
      </trkpt>
      <trkpt lat="46.07245" lon="7.03103">
        <ele>958</ele>
        <extensions>
          <distance>4012</distance>
        </extensions>
      </trkpt>
      <trkpt lat="46.07241" lon="7.03092">
        <ele>959</ele>
        <extensions>
          <distance>4022</distance>
        </extensions>
      </trkpt>
      <trkpt lat="46.0724" lon="7.03082">
        <ele>959</ele>
        <extensions>
          <distance>4030</distance>
        </extensions>
      </trkpt>
      <trkpt lat="46.07238" lon="7.03076">
        <ele>960</ele>
        <extensions>
          <distance>4035</distance>
        </extensions>
      </trkpt>
      <trkpt lat="46.07238" lon="7.03072">
        <ele>960</ele>
        <extensions>
          <distance>4038</distance>
        </extensions>
      </trkpt>
      <trkpt lat="46.07236" lon="7.03066">
        <ele>961</ele>
        <extensions>
          <distance>4043</distance>
        </extensions>
      </trkpt>
      <trkpt lat="46.07234" lon="7.03052">
        <ele>962</ele>
        <extensions>
          <distance>4054</distance>
        </extensions>
      </trkpt>
      <trkpt lat="46.07232" lon="7.03047">
        <ele>964</ele>
        <extensions>
          <distance>4059</distance>
        </extensions>
      </trkpt>
      <trkpt lat="46.0723" lon="7.03046">
        <ele>964</ele>
        <extensions>
          <distance>4061</distance>
        </extensions>
      </trkpt>
      <trkpt lat="46.07227" lon="7.0304">
        <ele>965</ele>
        <extensions>
          <distance>4067</distance>
        </extensions>
      </trkpt>
      <trkpt lat="46.07225" lon="7.03038">
        <ele>965</ele>
        <extensions>
          <distance>4070</distance>
        </extensions>
      </trkpt>
      <trkpt lat="46.0722" lon="7.03037">
        <ele>967</ele>
        <extensions>
          <distance>4076</distance>
        </extensions>
      </trkpt>
      <trkpt lat="46.07217" lon="7.03032">
        <ele>967</ele>
        <extensions>
          <distance>4081</distance>
        </extensions>
      </trkpt>
      <trkpt lat="46.07218" lon="7.03029">
        <ele>967</ele>
        <extensions>
          <distance>4083</distance>
        </extensions>
      </trkpt>
      <trkpt lat="46.07216" lon="7.03012">
        <ele>968</ele>
        <extensions>
          <distance>4097</distance>
        </extensions>
      </trkpt>
      <trkpt lat="46.07217" lon="7.03007">
        <ele>968</ele>
        <extensions>
          <distance>4101</distance>
        </extensions>
      </trkpt>
      <trkpt lat="46.07213" lon="7.03002">
        <ele>968</ele>
        <extensions>
          <distance>4107</distance>
        </extensions>
      </trkpt>
      <trkpt lat="46.07211" lon="7.02996">
        <ele>969</ele>
        <extensions>
          <distance>4112</distance>
        </extensions>
      </trkpt>
      <trkpt lat="46.07209" lon="7.02994">
        <ele>969</ele>
        <extensions>
          <distance>4114</distance>
        </extensions>
      </trkpt>
      <trkpt lat="46.07207" lon="7.02983">
        <ele>970</ele>
        <extensions>
          <distance>4123</distance>
        </extensions>
      </trkpt>
      <trkpt lat="46.07201" lon="7.02972">
        <ele>973</ele>
        <extensions>
          <distance>4135</distance>
        </extensions>
      </trkpt>
      <trkpt lat="46.072" lon="7.02965">
        <ele>973</ele>
        <extensions>
          <distance>4140</distance>
        </extensions>
      </trkpt>
      <trkpt lat="46.07197" lon="7.02958">
        <ele>975</ele>
        <extensions>
          <distance>4146</distance>
        </extensions>
      </trkpt>
      <trkpt lat="46.07196" lon="7.02948">
        <ele>976</ele>
        <extensions>
          <distance>4155</distance>
        </extensions>
      </trkpt>
      <trkpt lat="46.07192" lon="7.02942">
        <ele>976</ele>
        <extensions>
          <distance>4161</distance>
        </extensions>
      </trkpt>
      <trkpt lat="46.07189" lon="7.02929">
        <ele>978</ele>
        <extensions>
          <distance>4172</distance>
        </extensions>
      </trkpt>
      <trkpt lat="46.07187" lon="7.02927">
        <ele>978</ele>
        <extensions>
          <distance>4174</distance>
        </extensions>
      </trkpt>
      <trkpt lat="46.07185" lon="7.02922">
        <ele>979</ele>
        <extensions>
          <distance>4179</distance>
        </extensions>
      </trkpt>
      <trkpt lat="46.07185" lon="7.02914">
        <ele>980</ele>
        <extensions>
          <distance>4185</distance>
        </extensions>
      </trkpt>
      <trkpt lat="46.07184" lon="7.02912">
        <ele>980</ele>
        <extensions>
          <distance>4187</distance>
        </extensions>
      </trkpt>
      <trkpt lat="46.0718" lon="7.02907">
        <ele>981</ele>
        <extensions>
          <distance>4193</distance>
        </extensions>
      </trkpt>
      <trkpt lat="46.07178" lon="7.02906">
        <ele>981</ele>
        <extensions>
          <distance>4195</distance>
        </extensions>
      </trkpt>
      <trkpt lat="46.07173" lon="7.02897">
        <ele>983</ele>
        <extensions>
          <distance>4204</distance>
        </extensions>
      </trkpt>
      <trkpt lat="46.07165" lon="7.02886">
        <ele>983</ele>
        <extensions>
          <distance>4217</distance>
        </extensions>
      </trkpt>
      <trkpt lat="46.07162" lon="7.02884">
        <ele>985</ele>
        <extensions>
          <distance>4220</distance>
        </extensions>
      </trkpt>
      <trkpt lat="46.0716" lon="7.02884">
        <ele>985</ele>
        <extensions>
          <distance>4223</distance>
        </extensions>
      </trkpt>
      <trkpt lat="46.07153" lon="7.02867">
        <ele>989</ele>
        <extensions>
          <distance>4238</distance>
        </extensions>
      </trkpt>
      <trkpt lat="46.07147" lon="7.02862">
        <ele>990</ele>
        <extensions>
          <distance>4246</distance>
        </extensions>
      </trkpt>
      <trkpt lat="46.07147" lon="7.0286">
        <ele>990</ele>
        <extensions>
          <distance>4248</distance>
        </extensions>
      </trkpt>
      <trkpt lat="46.07143" lon="7.02856">
        <ele>991</ele>
        <extensions>
          <distance>4253</distance>
        </extensions>
      </trkpt>
      <trkpt lat="46.07138" lon="7.02857">
        <ele>993</ele>
        <extensions>
          <distance>4259</distance>
        </extensions>
      </trkpt>
      <trkpt lat="46.07135" lon="7.02849">
        <ele>994</ele>
        <extensions>
          <distance>4266</distance>
        </extensions>
      </trkpt>
      <trkpt lat="46.07132" lon="7.02846">
        <ele>995</ele>
        <extensions>
          <distance>4270</distance>
        </extensions>
      </trkpt>
      <trkpt lat="46.07121" lon="7.02839">
        <ele>996</ele>
        <extensions>
          <distance>4284</distance>
        </extensions>
      </trkpt>
      <trkpt lat="46.07119" lon="7.02839">
        <ele>997</ele>
        <extensions>
          <distance>4286</distance>
        </extensions>
      </trkpt>
      <trkpt lat="46.07115" lon="7.02834">
        <ele>998</ele>
        <extensions>
          <distance>4292</distance>
        </extensions>
      </trkpt>
      <trkpt lat="46.07113" lon="7.02834">
        <ele>998</ele>
        <extensions>
          <distance>4294</distance>
        </extensions>
      </trkpt>
      <trkpt lat="46.07112" lon="7.02832">
        <ele>998</ele>
        <extensions>
          <distance>4296</distance>
        </extensions>
      </trkpt>
      <trkpt lat="46.07111" lon="7.02832">
        <ele>998</ele>
        <extensions>
          <distance>4297</distance>
        </extensions>
      </trkpt>
      <trkpt lat="46.07111" lon="7.0283">
        <ele>998</ele>
        <extensions>
          <distance>4299</distance>
        </extensions>
      </trkpt>
      <trkpt lat="46.07109" lon="7.02829">
        <ele>998</ele>
        <extensions>
          <distance>4301</distance>
        </extensions>
      </trkpt>
      <trkpt lat="46.07108" lon="7.02827">
        <ele>1001</ele>
        <extensions>
          <distance>4304</distance>
        </extensions>
      </trkpt>
      <trkpt lat="46.07108" lon="7.02822">
        <ele>1001</ele>
        <extensions>
          <distance>4307</distance>
        </extensions>
      </trkpt>
      <trkpt lat="46.07104" lon="7.02815">
        <ele>1004</ele>
        <extensions>
          <distance>4315</distance>
        </extensions>
      </trkpt>
      <trkpt lat="46.07103" lon="7.02808">
        <ele>1004</ele>
        <extensions>
          <distance>4320</distance>
        </extensions>
      </trkpt>
      <trkpt lat="46.07102" lon="7.02808">
        <ele>1004</ele>
        <extensions>
          <distance>4322</distance>
        </extensions>
      </trkpt>
      <trkpt lat="46.071" lon="7.02801">
        <ele>1007</ele>
        <extensions>
          <distance>4328</distance>
        </extensions>
      </trkpt>
      <trkpt lat="46.07101" lon="7.02797">
        <ele>1007</ele>
        <extensions>
          <distance>4331</distance>
        </extensions>
      </trkpt>
      <trkpt lat="46.071" lon="7.02794">
        <ele>1009</ele>
        <extensions>
          <distance>4334</distance>
        </extensions>
      </trkpt>
      <trkpt lat="46.07099" lon="7.02794">
        <ele>1009</ele>
        <extensions>
          <distance>4335</distance>
        </extensions>
      </trkpt>
      <trkpt lat="46.07098" lon="7.02789">
        <ele>1009</ele>
        <extensions>
          <distance>4339</distance>
        </extensions>
      </trkpt>
      <trkpt lat="46.07096" lon="7.02787">
        <ele>1009</ele>
        <extensions>
          <distance>4341</distance>
        </extensions>
      </trkpt>
      <trkpt lat="46.07095" lon="7.02781">
        <ele>1013</ele>
        <extensions>
          <distance>4347</distance>
        </extensions>
      </trkpt>
      <trkpt lat="46.07093" lon="7.0278">
        <ele>1013</ele>
        <extensions>
          <distance>4350</distance>
        </extensions>
      </trkpt>
      <trkpt lat="46.07093" lon="7.02776">
        <ele>1013</ele>
        <extensions>
          <distance>4353</distance>
        </extensions>
      </trkpt>
      <trkpt lat="46.0709" lon="7.02775">
        <ele>1014</ele>
        <extensions>
          <distance>4356</distance>
        </extensions>
      </trkpt>
      <trkpt lat="46.0709" lon="7.02773">
        <ele>1015</ele>
        <extensions>
          <distance>4358</distance>
        </extensions>
      </trkpt>
      <trkpt lat="46.07087" lon="7.02771">
        <ele>1015</ele>
        <extensions>
          <distance>4361</distance>
        </extensions>
      </trkpt>
      <trkpt lat="46.07085" lon="7.02765">
        <ele>1017</ele>
        <extensions>
          <distance>4367</distance>
        </extensions>
      </trkpt>
      <trkpt lat="46.07082" lon="7.02763">
        <ele>1017</ele>
        <extensions>
          <distance>4370</distance>
        </extensions>
      </trkpt>
      <trkpt lat="46.0708" lon="7.02763">
        <ele>1017</ele>
        <extensions>
          <distance>4373</distance>
        </extensions>
      </trkpt>
      <trkpt lat="46.07078" lon="7.02761">
        <ele>1019</ele>
        <extensions>
          <distance>4375</distance>
        </extensions>
      </trkpt>
      <trkpt lat="46.07076" lon="7.02756">
        <ele>1021</ele>
        <extensions>
          <distance>4380</distance>
        </extensions>
      </trkpt>
      <trkpt lat="46.07072" lon="7.02752">
        <ele>1023</ele>
        <extensions>
          <distance>4386</distance>
        </extensions>
      </trkpt>
      <trkpt lat="46.07068" lon="7.02745">
        <ele>1027</ele>
        <extensions>
          <distance>4394</distance>
        </extensions>
      </trkpt>
      <trkpt lat="46.07067" lon="7.02745">
        <ele>1027</ele>
        <extensions>
          <distance>4395</distance>
        </extensions>
      </trkpt>
      <trkpt lat="46.07065" lon="7.02734">
        <ele>1032</ele>
        <extensions>
          <distance>4405</distance>
        </extensions>
      </trkpt>
      <trkpt lat="46.07065" lon="7.02726">
        <ele>1032</ele>
        <extensions>
          <distance>4412</distance>
        </extensions>
      </trkpt>
      <trkpt lat="46.07064" lon="7.02724">
        <ele>1033</ele>
        <extensions>
          <distance>4413</distance>
        </extensions>
      </trkpt>
      <trkpt lat="46.07063" lon="7.02712">
        <ele>1036</ele>
        <extensions>
          <distance>4423</distance>
        </extensions>
      </trkpt>
      <trkpt lat="46.0706" lon="7.0271">
        <ele>1038</ele>
        <extensions>
          <distance>4427</distance>
        </extensions>
      </trkpt>
      <trkpt lat="46.0706" lon="7.02699">
        <ele>1041</ele>
        <extensions>
          <distance>4436</distance>
        </extensions>
      </trkpt>
      <trkpt lat="46.07059" lon="7.02696">
        <ele>1041</ele>
        <extensions>
          <distance>4439</distance>
        </extensions>
      </trkpt>
      <trkpt lat="46.07057" lon="7.02694">
        <ele>1042</ele>
        <extensions>
          <distance>4442</distance>
        </extensions>
      </trkpt>
      <trkpt lat="46.07056" lon="7.02688">
        <ele>1043</ele>
        <extensions>
          <distance>4446</distance>
        </extensions>
      </trkpt>
      <trkpt lat="46.07052" lon="7.02679">
        <ele>1046</ele>
        <extensions>
          <distance>4455</distance>
        </extensions>
      </trkpt>
      <trkpt lat="46.0705" lon="7.0268">
        <ele>1046</ele>
        <extensions>
          <distance>4458</distance>
        </extensions>
      </trkpt>
      <trkpt lat="46.07048" lon="7.02679">
        <ele>1046</ele>
        <extensions>
          <distance>4460</distance>
        </extensions>
      </trkpt>
      <trkpt lat="46.07045" lon="7.02674">
        <ele>1048</ele>
        <extensions>
          <distance>4465</distance>
        </extensions>
      </trkpt>
      <trkpt lat="46.07043" lon="7.02674">
        <ele>1049</ele>
        <extensions>
          <distance>4468</distance>
        </extensions>
      </trkpt>
      <trkpt lat="46.0704" lon="7.02672">
        <ele>1049</ele>
        <extensions>
          <distance>4472</distance>
        </extensions>
      </trkpt>
      <trkpt lat="46.07038" lon="7.02667">
        <ele>1049</ele>
        <extensions>
          <distance>4476</distance>
        </extensions>
      </trkpt>
      <trkpt lat="46.07036" lon="7.02665">
        <ele>1050</ele>
        <extensions>
          <distance>4479</distance>
        </extensions>
      </trkpt>
      <trkpt lat="46.07034" lon="7.02665">
        <ele>1050</ele>
        <extensions>
          <distance>4481</distance>
        </extensions>
      </trkpt>
      <trkpt lat="46.07031" lon="7.02663">
        <ele>1050</ele>
        <extensions>
          <distance>4485</distance>
        </extensions>
      </trkpt>
      <trkpt lat="46.07027" lon="7.02659">
        <ele>1053</ele>
        <extensions>
          <distance>4490</distance>
        </extensions>
      </trkpt>
      <trkpt lat="46.07019" lon="7.02649">
        <ele>1055</ele>
        <extensions>
          <distance>4502</distance>
        </extensions>
      </trkpt>
      <trkpt lat="46.07018" lon="7.02644">
        <ele>1057</ele>
        <extensions>
          <distance>4507</distance>
        </extensions>
      </trkpt>
      <trkpt lat="46.07014" lon="7.02641">
        <ele>1058</ele>
        <extensions>
          <distance>4512</distance>
        </extensions>
      </trkpt>
      <trkpt lat="46.07014" lon="7.02642">
        <ele>1058</ele>
        <extensions>
          <distance>4512</distance>
        </extensions>
      </trkpt>
      <trkpt lat="46.0701" lon="7.02637">
        <ele>1060</ele>
        <extensions>
          <distance>4519</distance>
        </extensions>
      </trkpt>
      <trkpt lat="46.07008" lon="7.02636">
        <ele>1060</ele>
        <extensions>
          <distance>4521</distance>
        </extensions>
      </trkpt>
      <trkpt lat="46.07" lon="7.02623">
        <ele>1065</ele>
        <extensions>
          <distance>4535</distance>
        </extensions>
      </trkpt>
      <trkpt lat="46.06998" lon="7.02623">
        <ele>1065</ele>
        <extensions>
          <distance>4538</distance>
        </extensions>
      </trkpt>
      <trkpt lat="46.06995" lon="7.02621">
        <ele>1065</ele>
        <extensions>
          <distance>4541</distance>
        </extensions>
      </trkpt>
      <trkpt lat="46.06994" lon="7.02619">
        <ele>1065</ele>
        <extensions>
          <distance>4543</distance>
        </extensions>
      </trkpt>
      <trkpt lat="46.06988" lon="7.02614">
        <ele>1068</ele>
        <extensions>
          <distance>4551</distance>
        </extensions>
      </trkpt>
      <trkpt lat="46.06985" lon="7.02614">
        <ele>1069</ele>
        <extensions>
          <distance>4554</distance>
        </extensions>
      </trkpt>
      <trkpt lat="46.06977" lon="7.02602">
        <ele>1075</ele>
        <extensions>
          <distance>4569</distance>
        </extensions>
      </trkpt>
      <trkpt lat="46.06974" lon="7.02601">
        <ele>1076</ele>
        <extensions>
          <distance>4572</distance>
        </extensions>
      </trkpt>
      <trkpt lat="46.06974" lon="7.026">
        <ele>1076</ele>
        <extensions>
          <distance>4573</distance>
        </extensions>
      </trkpt>
      <trkpt lat="46.06972" lon="7.02599">
        <ele>1076</ele>
        <extensions>
          <distance>4575</distance>
        </extensions>
      </trkpt>
      <trkpt lat="46.06968" lon="7.02594">
        <ele>1078</ele>
        <extensions>
          <distance>4582</distance>
        </extensions>
      </trkpt>
      <trkpt lat="46.06965" lon="7.02592">
        <ele>1079</ele>
        <extensions>
          <distance>4585</distance>
        </extensions>
      </trkpt>
      <trkpt lat="46.0696" lon="7.02591">
        <ele>1080</ele>
        <extensions>
          <distance>4591</distance>
        </extensions>
      </trkpt>
      <trkpt lat="46.06951" lon="7.02577">
        <ele>1085</ele>
        <extensions>
          <distance>4607</distance>
        </extensions>
      </trkpt>
      <trkpt lat="46.06947" lon="7.02573">
        <ele>1087</ele>
        <extensions>
          <distance>4612</distance>
        </extensions>
      </trkpt>
      <trkpt lat="46.06947" lon="7.0257">
        <ele>1089</ele>
        <extensions>
          <distance>4615</distance>
        </extensions>
      </trkpt>
      <trkpt lat="46.06945" lon="7.02568">
        <ele>1089</ele>
        <extensions>
          <distance>4618</distance>
        </extensions>
      </trkpt>
      <trkpt lat="46.06945" lon="7.02566">
        <ele>1089</ele>
        <extensions>
          <distance>4620</distance>
        </extensions>
      </trkpt>
      <trkpt lat="46.06943" lon="7.02564">
        <ele>1089</ele>
        <extensions>
          <distance>4622</distance>
        </extensions>
      </trkpt>
      <trkpt lat="46.06942" lon="7.02561">
        <ele>1090</ele>
        <extensions>
          <distance>4625</distance>
        </extensions>
      </trkpt>
      <trkpt lat="46.06939" lon="7.02559">
        <ele>1091</ele>
        <extensions>
          <distance>4628</distance>
        </extensions>
      </trkpt>
      <trkpt lat="46.06939" lon="7.02556">
        <ele>1091</ele>
        <extensions>
          <distance>4631</distance>
        </extensions>
      </trkpt>
      <trkpt lat="46.06943" lon="7.02543">
        <ele>1094</ele>
        <extensions>
          <distance>4642</distance>
        </extensions>
      </trkpt>
      <trkpt lat="46.06949" lon="7.02539">
        <ele>1095</ele>
        <extensions>
          <distance>4650</distance>
        </extensions>
      </trkpt>
      <trkpt lat="46.06956" lon="7.02539">
        <ele>1095</ele>
        <extensions>
          <distance>4657</distance>
        </extensions>
      </trkpt>
      <trkpt lat="46.06963" lon="7.02537">
        <ele>1095</ele>
        <extensions>
          <distance>4665</distance>
        </extensions>
      </trkpt>
      <trkpt lat="46.06965" lon="7.02532">
        <ele>1097</ele>
        <extensions>
          <distance>4670</distance>
        </extensions>
      </trkpt>
      <trkpt lat="46.06967" lon="7.0253">
        <ele>1097</ele>
        <extensions>
          <distance>4673</distance>
        </extensions>
      </trkpt>
      <trkpt lat="46.06967" lon="7.02527">
        <ele>1097</ele>
        <extensions>
          <distance>4675</distance>
        </extensions>
      </trkpt>
      <trkpt lat="46.06957" lon="7.02527">
        <ele>1097</ele>
        <extensions>
          <distance>4686</distance>
        </extensions>
      </trkpt>
      <trkpt lat="46.06934" lon="7.02534">
        <ele>1098</ele>
        <extensions>
          <distance>4712</distance>
        </extensions>
      </trkpt>
      <trkpt lat="46.06932" lon="7.02536">
        <ele>1098</ele>
        <extensions>
          <distance>4715</distance>
        </extensions>
      </trkpt>
      <trkpt lat="46.0692" lon="7.02541">
        <ele>1098</ele>
        <extensions>
          <distance>4729</distance>
        </extensions>
      </trkpt>
      <trkpt lat="46.06916" lon="7.02545">
        <ele>1098</ele>
        <extensions>
          <distance>4734</distance>
        </extensions>
      </trkpt>
      <trkpt lat="46.06907" lon="7.0255">
        <ele>1099</ele>
        <extensions>
          <distance>4745</distance>
        </extensions>
      </trkpt>
      <trkpt lat="46.06897" lon="7.02559">
        <ele>1103</ele>
        <extensions>
          <distance>4758</distance>
        </extensions>
      </trkpt>
      <trkpt lat="46.06892" lon="7.02562">
        <ele>1105</ele>
        <extensions>
          <distance>4764</distance>
        </extensions>
      </trkpt>
      <trkpt lat="46.06886" lon="7.02564">
        <ele>1107</ele>
        <extensions>
          <distance>4772</distance>
        </extensions>
      </trkpt>
      <trkpt lat="46.06879" lon="7.02562">
        <ele>1108</ele>
        <extensions>
          <distance>4780</distance>
        </extensions>
      </trkpt>
      <trkpt lat="46.06876" lon="7.0256">
        <ele>1110</ele>
        <extensions>
          <distance>4784</distance>
        </extensions>
      </trkpt>
      <trkpt lat="46.06872" lon="7.0256">
        <ele>1112</ele>
        <extensions>
          <distance>4788</distance>
        </extensions>
      </trkpt>
      <trkpt lat="46.06869" lon="7.02557">
        <ele>1112</ele>
        <extensions>
          <distance>4792</distance>
        </extensions>
      </trkpt>
      <trkpt lat="46.06862" lon="7.0254">
        <ele>1115</ele>
        <extensions>
          <distance>4808</distance>
        </extensions>
      </trkpt>
      <trkpt lat="46.06862" lon="7.02525">
        <ele>1115</ele>
        <extensions>
          <distance>4820</distance>
        </extensions>
      </trkpt>
      <trkpt lat="46.06866" lon="7.02516">
        <ele>1115</ele>
        <extensions>
          <distance>4828</distance>
        </extensions>
      </trkpt>
      <trkpt lat="46.06866" lon="7.0251">
        <ele>1116</ele>
        <extensions>
          <distance>4833</distance>
        </extensions>
      </trkpt>
      <trkpt lat="46.06859" lon="7.02505">
        <ele>1117</ele>
        <extensions>
          <distance>4841</distance>
        </extensions>
      </trkpt>
      <trkpt lat="46.06857" lon="7.02506">
        <ele>1117</ele>
        <extensions>
          <distance>4844</distance>
        </extensions>
      </trkpt>
      <trkpt lat="46.06857" lon="7.02505">
        <ele>1117</ele>
        <extensions>
          <distance>4844</distance>
        </extensions>
      </trkpt>
      <trkpt lat="46.06856" lon="7.02505">
        <ele>1117</ele>
        <extensions>
          <distance>4846</distance>
        </extensions>
      </trkpt>
      <trkpt lat="46.06855" lon="7.02499">
        <ele>1118</ele>
        <extensions>
          <distance>4850</distance>
        </extensions>
      </trkpt>
      <trkpt lat="46.06846" lon="7.02484">
        <ele>1121</ele>
        <extensions>
          <distance>4866</distance>
        </extensions>
      </trkpt>
      <trkpt lat="46.06845" lon="7.02477">
        <ele>1121</ele>
        <extensions>
          <distance>4872</distance>
        </extensions>
      </trkpt>
      <trkpt lat="46.0684" lon="7.02466">
        <ele>1125</ele>
        <extensions>
          <distance>4882</distance>
        </extensions>
      </trkpt>
      <trkpt lat="46.0684" lon="7.02458">
        <ele>1127</ele>
        <extensions>
          <distance>4888</distance>
        </extensions>
      </trkpt>
      <trkpt lat="46.06842" lon="7.02454">
        <ele>1127</ele>
        <extensions>
          <distance>4892</distance>
        </extensions>
      </trkpt>
      <trkpt lat="46.06839" lon="7.02449">
        <ele>1128</ele>
        <extensions>
          <distance>4898</distance>
        </extensions>
      </trkpt>
      <trkpt lat="46.06838" lon="7.02435">
        <ele>1130</ele>
        <extensions>
          <distance>4908</distance>
        </extensions>
      </trkpt>
      <trkpt lat="46.06835" lon="7.02422">
        <ele>1132</ele>
        <extensions>
          <distance>4919</distance>
        </extensions>
      </trkpt>
      <trkpt lat="46.06832" lon="7.02419">
        <ele>1133</ele>
        <extensions>
          <distance>4924</distance>
        </extensions>
      </trkpt>
      <trkpt lat="46.06829" lon="7.02419">
        <ele>1134</ele>
        <extensions>
          <distance>4927</distance>
        </extensions>
      </trkpt>
      <trkpt lat="46.06826" lon="7.02415">
        <ele>1136</ele>
        <extensions>
          <distance>4932</distance>
        </extensions>
      </trkpt>
      <trkpt lat="46.06821" lon="7.02412">
        <ele>1138</ele>
        <extensions>
          <distance>4938</distance>
        </extensions>
      </trkpt>
      <trkpt lat="46.06814" lon="7.02401">
        <ele>1142</ele>
        <extensions>
          <distance>4951</distance>
        </extensions>
      </trkpt>
      <trkpt lat="46.06809" lon="7.02397">
        <ele>1145</ele>
        <extensions>
          <distance>4958</distance>
        </extensions>
      </trkpt>
      <trkpt lat="46.06806" lon="7.02387">
        <ele>1147</ele>
        <extensions>
          <distance>4966</distance>
        </extensions>
      </trkpt>
      <trkpt lat="46.06802" lon="7.02382">
        <ele>1150</ele>
        <extensions>
          <distance>4973</distance>
        </extensions>
      </trkpt>
      <trkpt lat="46.068" lon="7.02374">
        <ele>1151</ele>
        <extensions>
          <distance>4979</distance>
        </extensions>
      </trkpt>
      <trkpt lat="46.06798" lon="7.02373">
        <ele>1152</ele>
        <extensions>
          <distance>4982</distance>
        </extensions>
      </trkpt>
      <trkpt lat="46.06799" lon="7.02369">
        <ele>1153</ele>
        <extensions>
          <distance>4985</distance>
        </extensions>
      </trkpt>
      <trkpt lat="46.06796" lon="7.0236">
        <ele>1154</ele>
        <extensions>
          <distance>4993</distance>
        </extensions>
      </trkpt>
      <trkpt lat="46.06794" lon="7.02358">
        <ele>1155</ele>
        <extensions>
          <distance>4996</distance>
        </extensions>
      </trkpt>
      <trkpt lat="46.06793" lon="7.02355">
        <ele>1156</ele>
        <extensions>
          <distance>4999</distance>
        </extensions>
      </trkpt>
      <trkpt lat="46.06788" lon="7.02332">
        <ele>1161</ele>
        <extensions>
          <distance>5018</distance>
        </extensions>
      </trkpt>
      <trkpt lat="46.06781" lon="7.02317">
        <ele>1167</ele>
        <extensions>
          <distance>5033</distance>
        </extensions>
      </trkpt>
      <trkpt lat="46.06779" lon="7.02315">
        <ele>1167</ele>
        <extensions>
          <distance>5036</distance>
        </extensions>
      </trkpt>
      <trkpt lat="46.06779" lon="7.02313">
        <ele>1167</ele>
        <extensions>
          <distance>5037</distance>
        </extensions>
      </trkpt>
      <trkpt lat="46.06777" lon="7.0231">
        <ele>1167</ele>
        <extensions>
          <distance>5041</distance>
        </extensions>
      </trkpt>
      <trkpt lat="46.0677" lon="7.02304">
        <ele>1171</ele>
        <extensions>
          <distance>5050</distance>
        </extensions>
      </trkpt>
      <trkpt lat="46.06767" lon="7.02295">
        <ele>1173</ele>
        <extensions>
          <distance>5058</distance>
        </extensions>
      </trkpt>
      <trkpt lat="46.06762" lon="7.02289">
        <ele>1175</ele>
        <extensions>
          <distance>5066</distance>
        </extensions>
      </trkpt>
      <trkpt lat="46.06762" lon="7.02282">
        <ele>1176</ele>
        <extensions>
          <distance>5071</distance>
        </extensions>
      </trkpt>
      <trkpt lat="46.0676" lon="7.02282">
        <ele>1176</ele>
        <extensions>
          <distance>5073</distance>
        </extensions>
      </trkpt>
      <trkpt lat="46.0676" lon="7.0228">
        <ele>1176</ele>
        <extensions>
          <distance>5075</distance>
        </extensions>
      </trkpt>
      <trkpt lat="46.06756" lon="7.02276">
        <ele>1176</ele>
        <extensions>
          <distance>5080</distance>
        </extensions>
      </trkpt>
      <trkpt lat="46.06752" lon="7.02276">
        <ele>1176</ele>
        <extensions>
          <distance>5085</distance>
        </extensions>
      </trkpt>
      <trkpt lat="46.0675" lon="7.02275">
        <ele>1178</ele>
        <extensions>
          <distance>5087</distance>
        </extensions>
      </trkpt>
      <trkpt lat="46.06748" lon="7.02271">
        <ele>1178</ele>
        <extensions>
          <distance>5091</distance>
        </extensions>
      </trkpt>
      <trkpt lat="46.06746" lon="7.02269">
        <ele>1180</ele>
        <extensions>
          <distance>5094</distance>
        </extensions>
      </trkpt>
      <trkpt lat="46.06744" lon="7.02269">
        <ele>1180</ele>
        <extensions>
          <distance>5096</distance>
        </extensions>
      </trkpt>
      <trkpt lat="46.06742" lon="7.02264">
        <ele>1180</ele>
        <extensions>
          <distance>5101</distance>
        </extensions>
      </trkpt>
      <trkpt lat="46.06736" lon="7.02259">
        <ele>1182</ele>
        <extensions>
          <distance>5109</distance>
        </extensions>
      </trkpt>
      <trkpt lat="46.06734" lon="7.02253">
        <ele>1183</ele>
        <extensions>
          <distance>5114</distance>
        </extensions>
      </trkpt>
      <trkpt lat="46.06731" lon="7.0225">
        <ele>1183</ele>
        <extensions>
          <distance>5118</distance>
        </extensions>
      </trkpt>
      <trkpt lat="46.06727" lon="7.02251">
        <ele>1184</ele>
        <extensions>
          <distance>5122</distance>
        </extensions>
      </trkpt>
      <trkpt lat="46.06726" lon="7.02247">
        <ele>1187</ele>
        <extensions>
          <distance>5126</distance>
        </extensions>
      </trkpt>
      <trkpt lat="46.06724" lon="7.02245">
        <ele>1187</ele>
        <extensions>
          <distance>5129</distance>
        </extensions>
      </trkpt>
      <trkpt lat="46.06724" lon="7.02231">
        <ele>1190</ele>
        <extensions>
          <distance>5140</distance>
        </extensions>
      </trkpt>
      <trkpt lat="46.06725" lon="7.02224">
        <ele>1192</ele>
        <extensions>
          <distance>5146</distance>
        </extensions>
      </trkpt>
      <trkpt lat="46.06722" lon="7.02219">
        <ele>1193</ele>
        <extensions>
          <distance>5151</distance>
        </extensions>
      </trkpt>
      <trkpt lat="46.06717" lon="7.02206">
        <ele>1198</ele>
        <extensions>
          <distance>5164</distance>
        </extensions>
      </trkpt>
      <trkpt lat="46.06714" lon="7.02203">
        <ele>1198</ele>
        <extensions>
          <distance>5168</distance>
        </extensions>
      </trkpt>
      <trkpt lat="46.0671" lon="7.02193">
        <ele>1201</ele>
        <extensions>
          <distance>5177</distance>
        </extensions>
      </trkpt>
      <trkpt lat="46.06706" lon="7.02189">
        <ele>1201</ele>
        <extensions>
          <distance>5183</distance>
        </extensions>
      </trkpt>
      <trkpt lat="46.06703" lon="7.02189">
        <ele>1201</ele>
        <extensions>
          <distance>5186</distance>
        </extensions>
      </trkpt>
      <trkpt lat="46.06698" lon="7.02191">
        <ele>1201</ele>
        <extensions>
          <distance>5192</distance>
        </extensions>
      </trkpt>
      <trkpt lat="46.06692" lon="7.02191">
        <ele>1202</ele>
        <extensions>
          <distance>5198</distance>
        </extensions>
      </trkpt>
      <trkpt lat="46.0669" lon="7.0219">
        <ele>1202</ele>
        <extensions>
          <distance>5201</distance>
        </extensions>
      </trkpt>
      <trkpt lat="46.06689" lon="7.02187">
        <ele>1202</ele>
        <extensions>
          <distance>5203</distance>
        </extensions>
      </trkpt>
      <trkpt lat="46.06686" lon="7.02187">
        <ele>1202</ele>
        <extensions>
          <distance>5207</distance>
        </extensions>
      </trkpt>
      <trkpt lat="46.06683" lon="7.02185">
        <ele>1202</ele>
        <extensions>
          <distance>5210</distance>
        </extensions>
      </trkpt>
      <trkpt lat="46.06682" lon="7.02181">
        <ele>1203</ele>
        <extensions>
          <distance>5214</distance>
        </extensions>
      </trkpt>
      <trkpt lat="46.06677" lon="7.02175">
        <ele>1204</ele>
        <extensions>
          <distance>5221</distance>
        </extensions>
      </trkpt>
      <trkpt lat="46.06673" lon="7.02168">
        <ele>1205</ele>
        <extensions>
          <distance>5228</distance>
        </extensions>
      </trkpt>
      <trkpt lat="46.06672" lon="7.02161">
        <ele>1206</ele>
        <extensions>
          <distance>5233</distance>
        </extensions>
      </trkpt>
      <trkpt lat="46.06669" lon="7.02157">
        <ele>1208</ele>
        <extensions>
          <distance>5238</distance>
        </extensions>
      </trkpt>
      <trkpt lat="46.06665" lon="7.02154">
        <ele>1210</ele>
        <extensions>
          <distance>5243</distance>
        </extensions>
      </trkpt>
      <trkpt lat="46.06661" lon="7.02147">
        <ele>1211</ele>
        <extensions>
          <distance>5251</distance>
        </extensions>
      </trkpt>
      <trkpt lat="46.0666" lon="7.02136">
        <ele>1213</ele>
        <extensions>
          <distance>5259</distance>
        </extensions>
      </trkpt>
      <trkpt lat="46.06658" lon="7.02133">
        <ele>1215</ele>
        <extensions>
          <distance>5263</distance>
        </extensions>
      </trkpt>
      <trkpt lat="46.06657" lon="7.02123">
        <ele>1217</ele>
        <extensions>
          <distance>5271</distance>
        </extensions>
      </trkpt>
      <trkpt lat="46.06653" lon="7.02117">
        <ele>1218</ele>
        <extensions>
          <distance>5278</distance>
        </extensions>
      </trkpt>
      <trkpt lat="46.06644" lon="7.0211">
        <ele>1221</ele>
        <extensions>
          <distance>5290</distance>
        </extensions>
      </trkpt>
      <trkpt lat="46.06641" lon="7.02104">
        <ele>1222</ele>
        <extensions>
          <distance>5295</distance>
        </extensions>
      </trkpt>
      <trkpt lat="46.06636" lon="7.02098">
        <ele>1225</ele>
        <extensions>
          <distance>5303</distance>
        </extensions>
      </trkpt>
      <trkpt lat="46.0663" lon="7.02096">
        <ele>1226</ele>
        <extensions>
          <distance>5310</distance>
        </extensions>
      </trkpt>
      <trkpt lat="46.06627" lon="7.02089">
        <ele>1227</ele>
        <extensions>
          <distance>5316</distance>
        </extensions>
      </trkpt>
      <trkpt lat="46.06625" lon="7.02087">
        <ele>1227</ele>
        <extensions>
          <distance>5319</distance>
        </extensions>
      </trkpt>
      <trkpt lat="46.0662" lon="7.02085">
        <ele>1228</ele>
        <extensions>
          <distance>5325</distance>
        </extensions>
      </trkpt>
      <trkpt lat="46.06606" lon="7.02074">
        <ele>1232</ele>
        <extensions>
          <distance>5343</distance>
        </extensions>
      </trkpt>
      <trkpt lat="46.06604" lon="7.02074">
        <ele>1232</ele>
        <extensions>
          <distance>5345</distance>
        </extensions>
      </trkpt>
      <trkpt lat="46.06601" lon="7.02072">
        <ele>1233</ele>
        <extensions>
          <distance>5349</distance>
        </extensions>
      </trkpt>
      <trkpt lat="46.06599" lon="7.02069">
        <ele>1233</ele>
        <extensions>
          <distance>5352</distance>
        </extensions>
      </trkpt>
      <trkpt lat="46.06596" lon="7.02068">
        <ele>1234</ele>
        <extensions>
          <distance>5356</distance>
        </extensions>
      </trkpt>
      <trkpt lat="46.06597" lon="7.02064">
        <ele>1235</ele>
        <extensions>
          <distance>5359</distance>
        </extensions>
      </trkpt>
      <trkpt lat="46.066" lon="7.02062">
        <ele>1235</ele>
        <extensions>
          <distance>5363</distance>
        </extensions>
      </trkpt>
      <trkpt lat="46.06605" lon="7.02056">
        <ele>1236</ele>
        <extensions>
          <distance>5370</distance>
        </extensions>
      </trkpt>
      <trkpt lat="46.06609" lon="7.02053">
        <ele>1236</ele>
        <extensions>
          <distance>5375</distance>
        </extensions>
      </trkpt>
      <trkpt lat="46.0661" lon="7.02051">
        <ele>1237</ele>
        <extensions>
          <distance>5377</distance>
        </extensions>
      </trkpt>
      <trkpt lat="46.06618" lon="7.02048">
        <ele>1237</ele>
        <extensions>
          <distance>5386</distance>
        </extensions>
      </trkpt>
      <trkpt lat="46.06618" lon="7.02046">
        <ele>1239</ele>
        <extensions>
          <distance>5388</distance>
        </extensions>
      </trkpt>
      <trkpt lat="46.06611" lon="7.0204">
        <ele>1239</ele>
        <extensions>
          <distance>5397</distance>
        </extensions>
      </trkpt>
      <trkpt lat="46.06599" lon="7.02035">
        <ele>1240</ele>
        <extensions>
          <distance>5411</distance>
        </extensions>
      </trkpt>
      <trkpt lat="46.06595" lon="7.02032">
        <ele>1240</ele>
        <extensions>
          <distance>5416</distance>
        </extensions>
      </trkpt>
      <trkpt lat="46.06593" lon="7.02029">
        <ele>1240</ele>
        <extensions>
          <distance>5419</distance>
        </extensions>
      </trkpt>
      <trkpt lat="46.06585" lon="7.02027">
        <ele>1241</ele>
        <extensions>
          <distance>5428</distance>
        </extensions>
      </trkpt>
      <trkpt lat="46.06578" lon="7.02016">
        <ele>1244</ele>
        <extensions>
          <distance>5440</distance>
        </extensions>
      </trkpt>
      <trkpt lat="46.0657" lon="7.02013">
        <ele>1245</ele>
        <extensions>
          <distance>5449</distance>
        </extensions>
      </trkpt>
      <trkpt lat="46.06567" lon="7.02013">
        <ele>1246</ele>
        <extensions>
          <distance>5453</distance>
        </extensions>
      </trkpt>
      <trkpt lat="46.06565" lon="7.02011">
        <ele>1246</ele>
        <extensions>
          <distance>5455</distance>
        </extensions>
      </trkpt>
      <trkpt lat="46.06555" lon="7.02006">
        <ele>1249</ele>
        <extensions>
          <distance>5468</distance>
        </extensions>
      </trkpt>
      <trkpt lat="46.0655" lon="7.02005">
        <ele>1251</ele>
        <extensions>
          <distance>5473</distance>
        </extensions>
      </trkpt>
      <trkpt lat="46.06542" lon="7.01998">
        <ele>1253</ele>
        <extensions>
          <distance>5484</distance>
        </extensions>
      </trkpt>
      <trkpt lat="46.06539" lon="7.01992">
        <ele>1254</ele>
        <extensions>
          <distance>5490</distance>
        </extensions>
      </trkpt>
      <trkpt lat="46.06538" lon="7.01982">
        <ele>1256</ele>
        <extensions>
          <distance>5498</distance>
        </extensions>
      </trkpt>
      <trkpt lat="46.0654" lon="7.01978">
        <ele>1256</ele>
        <extensions>
          <distance>5502</distance>
        </extensions>
      </trkpt>
      <trkpt lat="46.06541" lon="7.01972">
        <ele>1257</ele>
        <extensions>
          <distance>5507</distance>
        </extensions>
      </trkpt>
      <trkpt lat="46.06547" lon="7.01959">
        <ele>1259</ele>
        <extensions>
          <distance>5519</distance>
        </extensions>
      </trkpt>
      <trkpt lat="46.06548" lon="7.01954">
        <ele>1260</ele>
        <extensions>
          <distance>5523</distance>
        </extensions>
      </trkpt>
      <trkpt lat="46.06547" lon="7.0195">
        <ele>1260</ele>
        <extensions>
          <distance>5526</distance>
        </extensions>
      </trkpt>
      <trkpt lat="46.06545" lon="7.01948">
        <ele>1261</ele>
        <extensions>
          <distance>5529</distance>
        </extensions>
      </trkpt>
      <trkpt lat="46.06544" lon="7.01943">
        <ele>1261</ele>
        <extensions>
          <distance>5533</distance>
        </extensions>
      </trkpt>
      <trkpt lat="46.06542" lon="7.01941">
        <ele>1261</ele>
        <extensions>
          <distance>5536</distance>
        </extensions>
      </trkpt>
      <trkpt lat="46.06541" lon="7.01938">
        <ele>1261</ele>
        <extensions>
          <distance>5538</distance>
        </extensions>
      </trkpt>
      <trkpt lat="46.06536" lon="7.01938">
        <ele>1261</ele>
        <extensions>
          <distance>5544</distance>
        </extensions>
      </trkpt>
      <trkpt lat="46.06534" lon="7.01939">
        <ele>1261</ele>
        <extensions>
          <distance>5546</distance>
        </extensions>
      </trkpt>
      <trkpt lat="46.06531" lon="7.01937">
        <ele>1261</ele>
        <extensions>
          <distance>5550</distance>
        </extensions>
      </trkpt>
      <trkpt lat="46.06529" lon="7.01937">
        <ele>1261</ele>
        <extensions>
          <distance>5552</distance>
        </extensions>
      </trkpt>
      <trkpt lat="46.06527" lon="7.01935">
        <ele>1262</ele>
        <extensions>
          <distance>5555</distance>
        </extensions>
      </trkpt>
      <trkpt lat="46.06526" lon="7.01924">
        <ele>1262</ele>
        <extensions>
          <distance>5563</distance>
        </extensions>
      </trkpt>
      <trkpt lat="46.0652" lon="7.01919">
        <ele>1262</ele>
        <extensions>
          <distance>5571</distance>
        </extensions>
      </trkpt>
      <trkpt lat="46.06521" lon="7.01916">
        <ele>1262</ele>
        <extensions>
          <distance>5574</distance>
        </extensions>
      </trkpt>
      <trkpt lat="46.06518" lon="7.01912">
        <ele>1262</ele>
        <extensions>
          <distance>5578</distance>
        </extensions>
      </trkpt>
      <trkpt lat="46.06516" lon="7.01912">
        <ele>1262</ele>
        <extensions>
          <distance>5581</distance>
        </extensions>
      </trkpt>
      <trkpt lat="46.06515" lon="7.01908">
        <ele>1262</ele>
        <extensions>
          <distance>5584</distance>
        </extensions>
      </trkpt>
      <trkpt lat="46.06513" lon="7.01907">
        <ele>1263</ele>
        <extensions>
          <distance>5586</distance>
        </extensions>
      </trkpt>
      <trkpt lat="46.06511" lon="7.01904">
        <ele>1263</ele>
        <extensions>
          <distance>5589</distance>
        </extensions>
      </trkpt>
      <trkpt lat="46.0651" lon="7.01898">
        <ele>1263</ele>
        <extensions>
          <distance>5594</distance>
        </extensions>
      </trkpt>
      <trkpt lat="46.06511" lon="7.01893">
        <ele>1264</ele>
        <extensions>
          <distance>5598</distance>
        </extensions>
      </trkpt>
      <trkpt lat="46.06513" lon="7.01891">
        <ele>1265</ele>
        <extensions>
          <distance>5601</distance>
        </extensions>
      </trkpt>
      <trkpt lat="46.06515" lon="7.01891">
        <ele>1265</ele>
        <extensions>
          <distance>5603</distance>
        </extensions>
      </trkpt>
      <trkpt lat="46.06519" lon="7.01895">
        <ele>1266</ele>
        <extensions>
          <distance>5609</distance>
        </extensions>
      </trkpt>
      <trkpt lat="46.06527" lon="7.01889">
        <ele>1269</ele>
        <extensions>
          <distance>5619</distance>
        </extensions>
      </trkpt>
      <trkpt lat="46.06533" lon="7.01891">
        <ele>1270</ele>
        <extensions>
          <distance>5626</distance>
        </extensions>
      </trkpt>
      <trkpt lat="46.06535" lon="7.01889">
        <ele>1271</ele>
        <extensions>
          <distance>5629</distance>
        </extensions>
      </trkpt>
      <trkpt lat="46.06534" lon="7.01886">
        <ele>1271</ele>
        <extensions>
          <distance>5631</distance>
        </extensions>
      </trkpt>
      <trkpt lat="46.06523" lon="7.01873">
        <ele>1271</ele>
        <extensions>
          <distance>5647</distance>
        </extensions>
      </trkpt>
      <trkpt lat="46.06519" lon="7.0187">
        <ele>1271</ele>
        <extensions>
          <distance>5652</distance>
        </extensions>
      </trkpt>
      <trkpt lat="46.06515" lon="7.0186">
        <ele>1271</ele>
        <extensions>
          <distance>5661</distance>
        </extensions>
      </trkpt>
      <trkpt lat="46.0651" lon="7.01856">
        <ele>1272</ele>
        <extensions>
          <distance>5667</distance>
        </extensions>
      </trkpt>
      <trkpt lat="46.06507" lon="7.0185">
        <ele>1272</ele>
        <extensions>
          <distance>5673</distance>
        </extensions>
      </trkpt>
      <trkpt lat="46.06505" lon="7.01846">
        <ele>1274</ele>
        <extensions>
          <distance>5677</distance>
        </extensions>
      </trkpt>
      <trkpt lat="46.06505" lon="7.01842">
        <ele>1274</ele>
        <extensions>
          <distance>5680</distance>
        </extensions>
      </trkpt>
      <trkpt lat="46.06504" lon="7.0184">
        <ele>1274</ele>
        <extensions>
          <distance>5682</distance>
        </extensions>
      </trkpt>
      <trkpt lat="46.06501" lon="7.01839">
        <ele>1274</ele>
        <extensions>
          <distance>5685</distance>
        </extensions>
      </trkpt>
      <trkpt lat="46.06496" lon="7.01833">
        <ele>1276</ele>
        <extensions>
          <distance>5693</distance>
        </extensions>
      </trkpt>
      <trkpt lat="46.06493" lon="7.01823">
        <ele>1280</ele>
        <extensions>
          <distance>5702</distance>
        </extensions>
      </trkpt>
      <trkpt lat="46.06493" lon="7.01817">
        <ele>1280</ele>
        <extensions>
          <distance>5707</distance>
        </extensions>
      </trkpt>
      <trkpt lat="46.06491" lon="7.01814">
        <ele>1282</ele>
        <extensions>
          <distance>5710</distance>
        </extensions>
      </trkpt>
      <trkpt lat="46.06491" lon="7.01809">
        <ele>1285</ele>
        <extensions>
          <distance>5715</distance>
        </extensions>
      </trkpt>
      <trkpt lat="46.06487" lon="7.01799">
        <ele>1287</ele>
        <extensions>
          <distance>5724</distance>
        </extensions>
      </trkpt>
      <trkpt lat="46.06484" lon="7.01796">
        <ele>1290</ele>
        <extensions>
          <distance>5729</distance>
        </extensions>
      </trkpt>
      <trkpt lat="46.06484" lon="7.01793">
        <ele>1290</ele>
        <extensions>
          <distance>5731</distance>
        </extensions>
      </trkpt>
      <trkpt lat="46.06482" lon="7.01789">
        <ele>1292</ele>
        <extensions>
          <distance>5735</distance>
        </extensions>
      </trkpt>
      <trkpt lat="46.06478" lon="7.01788">
        <ele>1292</ele>
        <extensions>
          <distance>5740</distance>
        </extensions>
      </trkpt>
      <trkpt lat="46.06477" lon="7.01785">
        <ele>1292</ele>
        <extensions>
          <distance>5742</distance>
        </extensions>
      </trkpt>
      <trkpt lat="46.06475" lon="7.01783">
        <ele>1293</ele>
        <extensions>
          <distance>5745</distance>
        </extensions>
      </trkpt>
      <trkpt lat="46.06471" lon="7.01781">
        <ele>1295</ele>
        <extensions>
          <distance>5750</distance>
        </extensions>
      </trkpt>
      <trkpt lat="46.06464" lon="7.01775">
        <ele>1296</ele>
        <extensions>
          <distance>5759</distance>
        </extensions>
      </trkpt>
      <trkpt lat="46.06459" lon="7.01774">
        <ele>1296</ele>
        <extensions>
          <distance>5765</distance>
        </extensions>
      </trkpt>
      <trkpt lat="46.0645" lon="7.01767">
        <ele>1297</ele>
        <extensions>
          <distance>5776</distance>
        </extensions>
      </trkpt>
      <trkpt lat="46.06443" lon="7.01766">
        <ele>1297</ele>
        <extensions>
          <distance>5784</distance>
        </extensions>
      </trkpt>
      <trkpt lat="46.06443" lon="7.0176">
        <ele>1299</ele>
        <extensions>
          <distance>5789</distance>
        </extensions>
      </trkpt>
      <trkpt lat="46.0643" lon="7.01747">
        <ele>1300</ele>
        <extensions>
          <distance>5806</distance>
        </extensions>
      </trkpt>
      <trkpt lat="46.06419" lon="7.01726">
        <ele>1302</ele>
        <extensions>
          <distance>5827</distance>
        </extensions>
      </trkpt>
      <trkpt lat="46.06412" lon="7.01705">
        <ele>1309</ele>
        <extensions>
          <distance>5846</distance>
        </extensions>
      </trkpt>
      <trkpt lat="46.06415" lon="7.017">
        <ele>1311</ele>
        <extensions>
          <distance>5851</distance>
        </extensions>
      </trkpt>
      <trkpt lat="46.06422" lon="7.01701">
        <ele>1313</ele>
        <extensions>
          <distance>5860</distance>
        </extensions>
      </trkpt>
      <trkpt lat="46.064099999999996" lon="7.01685">
        <ele>1315.5</ele>
        <extensions>
          <distance>5878</distance>
        </extensions>
      </trkpt>
      <trkpt lat="46.06398" lon="7.01669">
        <ele>1318</ele>
        <extensions>
          <distance>5896</distance>
        </extensions>
      </trkpt>
      <trkpt lat="46.06396" lon="7.01662">
        <ele>1318</ele>
        <extensions>
          <distance>5902</distance>
        </extensions>
      </trkpt>
      <trkpt lat="46.06397" lon="7.01657">
        <ele>1318</ele>
        <extensions>
          <distance>5906</distance>
        </extensions>
      </trkpt>
      <trkpt lat="46.06391" lon="7.01654">
        <ele>1322</ele>
        <extensions>
          <distance>5914</distance>
        </extensions>
      </trkpt>
      <trkpt lat="46.06381" lon="7.01636">
        <ele>1322</ele>
        <extensions>
          <distance>5932</distance>
        </extensions>
      </trkpt>
      <trkpt lat="46.063705" lon="7.0161">
        <ele>1325.5</ele>
        <extensions>
          <distance>5955</distance>
        </extensions>
      </trkpt>
      <trkpt lat="46.0636" lon="7.01584">
        <ele>1329</ele>
        <extensions>
          <distance>5979</distance>
        </extensions>
      </trkpt>
      <trkpt lat="46.06361" lon="7.01581">
        <ele>1329</ele>
        <extensions>
          <distance>5981</distance>
        </extensions>
      </trkpt>
      <trkpt lat="46.06359" lon="7.01581">
        <ele>1329</ele>
        <extensions>
          <distance>5983</distance>
        </extensions>
      </trkpt>
      <trkpt lat="46.06351" lon="7.01575">
        <ele>1330</ele>
        <extensions>
          <distance>5993</distance>
        </extensions>
      </trkpt>
      <trkpt lat="46.06349" lon="7.01568">
        <ele>1330</ele>
        <extensions>
          <distance>5999</distance>
        </extensions>
      </trkpt>
      <trkpt lat="46.06339" lon="7.01551">
        <ele>1332</ele>
        <extensions>
          <distance>6017</distance>
        </extensions>
      </trkpt>
      <trkpt lat="46.06335" lon="7.01547">
        <ele>1333</ele>
        <extensions>
          <distance>6022</distance>
        </extensions>
      </trkpt>
      <trkpt lat="46.06324" lon="7.01543">
        <ele>1334</ele>
        <extensions>
          <distance>6035</distance>
        </extensions>
      </trkpt>
      <trkpt lat="46.06319" lon="7.01536">
        <ele>1337</ele>
        <extensions>
          <distance>6043</distance>
        </extensions>
      </trkpt>
      <trkpt lat="46.06317" lon="7.01531">
        <ele>1339</ele>
        <extensions>
          <distance>6047</distance>
        </extensions>
      </trkpt>
      <trkpt lat="46.06313" lon="7.01527">
        <ele>1339</ele>
        <extensions>
          <distance>6053</distance>
        </extensions>
      </trkpt>
      <trkpt lat="46.06311" lon="7.01518">
        <ele>1343</ele>
        <extensions>
          <distance>6061</distance>
        </extensions>
      </trkpt>
      <trkpt lat="46.06306" lon="7.01513">
        <ele>1343</ele>
        <extensions>
          <distance>6068</distance>
        </extensions>
      </trkpt>
      <trkpt lat="46.063" lon="7.01504">
        <ele>1346</ele>
        <extensions>
          <distance>6078</distance>
        </extensions>
      </trkpt>
      <trkpt lat="46.06296" lon="7.015">
        <ele>1346</ele>
        <extensions>
          <distance>6083</distance>
        </extensions>
      </trkpt>
      <trkpt lat="46.06287" lon="7.01496">
        <ele>1346</ele>
        <extensions>
          <distance>6094</distance>
        </extensions>
      </trkpt>
      <trkpt lat="46.06282" lon="7.0149">
        <ele>1347</ele>
        <extensions>
          <distance>6101</distance>
        </extensions>
      </trkpt>
      <trkpt lat="46.06279" lon="7.01489">
        <ele>1347</ele>
        <extensions>
          <distance>6104</distance>
        </extensions>
      </trkpt>
      <trkpt lat="46.06278" lon="7.01487">
        <ele>1347</ele>
        <extensions>
          <distance>6106</distance>
        </extensions>
      </trkpt>
      <trkpt lat="46.06274" lon="7.01478">
        <ele>1348</ele>
        <extensions>
          <distance>6115</distance>
        </extensions>
      </trkpt>
      <trkpt lat="46.06273" lon="7.01469">
        <ele>1350</ele>
        <extensions>
          <distance>6122</distance>
        </extensions>
      </trkpt>
      <trkpt lat="46.06271" lon="7.01468">
        <ele>1351</ele>
        <extensions>
          <distance>6124</distance>
        </extensions>
      </trkpt>
      <trkpt lat="46.0627" lon="7.01464">
        <ele>1351</ele>
        <extensions>
          <distance>6127</distance>
        </extensions>
      </trkpt>
      <trkpt lat="46.06271" lon="7.01454">
        <ele>1353</ele>
        <extensions>
          <distance>6136</distance>
        </extensions>
      </trkpt>
      <trkpt lat="46.06269" lon="7.0145">
        <ele>1354</ele>
        <extensions>
          <distance>6139</distance>
        </extensions>
      </trkpt>
      <trkpt lat="46.06268" lon="7.01439">
        <ele>1355</ele>
        <extensions>
          <distance>6148</distance>
        </extensions>
      </trkpt>
      <trkpt lat="46.06267" lon="7.01437">
        <ele>1356</ele>
        <extensions>
          <distance>6150</distance>
        </extensions>
      </trkpt>
      <trkpt lat="46.06267" lon="7.01428">
        <ele>1357</ele>
        <extensions>
          <distance>6157</distance>
        </extensions>
      </trkpt>
      <trkpt lat="46.06265" lon="7.01422">
        <ele>1357</ele>
        <extensions>
          <distance>6162</distance>
        </extensions>
      </trkpt>
      <trkpt lat="46.06263" lon="7.01405">
        <ele>1360</ele>
        <extensions>
          <distance>6176</distance>
        </extensions>
      </trkpt>
      <trkpt lat="46.06259" lon="7.01395">
        <ele>1362</ele>
        <extensions>
          <distance>6185</distance>
        </extensions>
      </trkpt>
      <trkpt lat="46.06256" lon="7.01391">
        <ele>1363</ele>
        <extensions>
          <distance>6190</distance>
        </extensions>
      </trkpt>
      <trkpt lat="46.0625" lon="7.01389">
        <ele>1363</ele>
        <extensions>
          <distance>6197</distance>
        </extensions>
      </trkpt>
      <trkpt lat="46.06247" lon="7.01379">
        <ele>1363</ele>
        <extensions>
          <distance>6205</distance>
        </extensions>
      </trkpt>
      <trkpt lat="46.06245" lon="7.01376">
        <ele>1365</ele>
        <extensions>
          <distance>6208</distance>
        </extensions>
      </trkpt>
      <trkpt lat="46.06242" lon="7.01361">
        <ele>1368</ele>
        <extensions>
          <distance>6221</distance>
        </extensions>
      </trkpt>
      <trkpt lat="46.0624" lon="7.0136">
        <ele>1369</ele>
        <extensions>
          <distance>6223</distance>
        </extensions>
      </trkpt>
      <trkpt lat="46.06237" lon="7.01351">
        <ele>1371</ele>
        <extensions>
          <distance>6231</distance>
        </extensions>
      </trkpt>
      <trkpt lat="46.06238" lon="7.0135">
        <ele>1372</ele>
        <extensions>
          <distance>6233</distance>
        </extensions>
      </trkpt>
      <trkpt lat="46.06247" lon="7.01354">
        <ele>1372</ele>
        <extensions>
          <distance>6243</distance>
        </extensions>
      </trkpt>
      <trkpt lat="46.06256" lon="7.01354">
        <ele>1373</ele>
        <extensions>
          <distance>6253</distance>
        </extensions>
      </trkpt>
      <trkpt lat="46.06257" lon="7.01355">
        <ele>1373</ele>
        <extensions>
          <distance>6254</distance>
        </extensions>
      </trkpt>
      <trkpt lat="46.06257" lon="7.01354">
        <ele>1373</ele>
        <extensions>
          <distance>6255</distance>
        </extensions>
      </trkpt>
      <trkpt lat="46.06249" lon="7.01351">
        <ele>1373</ele>
        <extensions>
          <distance>6264</distance>
        </extensions>
      </trkpt>
      <trkpt lat="46.06245" lon="7.01347">
        <ele>1373</ele>
        <extensions>
          <distance>6270</distance>
        </extensions>
      </trkpt>
      <trkpt lat="46.06242" lon="7.01342">
        <ele>1375</ele>
        <extensions>
          <distance>6275</distance>
        </extensions>
      </trkpt>
      <trkpt lat="46.0624" lon="7.01335">
        <ele>1376</ele>
        <extensions>
          <distance>6281</distance>
        </extensions>
      </trkpt>
      <trkpt lat="46.06233" lon="7.01327">
        <ele>1377</ele>
        <extensions>
          <distance>6291</distance>
        </extensions>
      </trkpt>
      <trkpt lat="46.06231" lon="7.01327">
        <ele>1378</ele>
        <extensions>
          <distance>6293</distance>
        </extensions>
      </trkpt>
      <trkpt lat="46.06226" lon="7.01323">
        <ele>1378</ele>
        <extensions>
          <distance>6300</distance>
        </extensions>
      </trkpt>
      <trkpt lat="46.06223" lon="7.01322">
        <ele>1378</ele>
        <extensions>
          <distance>6303</distance>
        </extensions>
      </trkpt>
      <trkpt lat="46.06218" lon="7.01317">
        <ele>1378</ele>
        <extensions>
          <distance>6310</distance>
        </extensions>
      </trkpt>
      <trkpt lat="46.06215" lon="7.01316">
        <ele>1378</ele>
        <extensions>
          <distance>6313</distance>
        </extensions>
      </trkpt>
      <trkpt lat="46.0621" lon="7.0131">
        <ele>1379</ele>
        <extensions>
          <distance>6321</distance>
        </extensions>
      </trkpt>
      <trkpt lat="46.06202" lon="7.01303">
        <ele>1379</ele>
        <extensions>
          <distance>6331</distance>
        </extensions>
      </trkpt>
      <trkpt lat="46.06199" lon="7.01302">
        <ele>1379</ele>
        <extensions>
          <distance>6334</distance>
        </extensions>
      </trkpt>
      <trkpt lat="46.06197" lon="7.013">
        <ele>1379</ele>
        <extensions>
          <distance>6337</distance>
        </extensions>
      </trkpt>
      <trkpt lat="46.06196" lon="7.01297">
        <ele>1380</ele>
        <extensions>
          <distance>6340</distance>
        </extensions>
      </trkpt>
      <trkpt lat="46.06188" lon="7.0129">
        <ele>1380</ele>
        <extensions>
          <distance>6350</distance>
        </extensions>
      </trkpt>
      <trkpt lat="46.06182" lon="7.0128">
        <ele>1381</ele>
        <extensions>
          <distance>6360</distance>
        </extensions>
      </trkpt>
      <trkpt lat="46.06182" lon="7.01277">
        <ele>1381</ele>
        <extensions>
          <distance>6363</distance>
        </extensions>
      </trkpt>
      <trkpt lat="46.06177" lon="7.01259">
        <ele>1385</ele>
        <extensions>
          <distance>6378</distance>
        </extensions>
      </trkpt>
      <trkpt lat="46.06175" lon="7.01235">
        <ele>1390</ele>
        <extensions>
          <distance>6398</distance>
        </extensions>
      </trkpt>
      <trkpt lat="46.06171" lon="7.01224">
        <ele>1391</ele>
        <extensions>
          <distance>6407</distance>
        </extensions>
      </trkpt>
      <trkpt lat="46.0617" lon="7.01217">
        <ele>1394</ele>
        <extensions>
          <distance>6413</distance>
        </extensions>
      </trkpt>
      <trkpt lat="46.06173" lon="7.01199">
        <ele>1399</ele>
        <extensions>
          <distance>6428</distance>
        </extensions>
      </trkpt>
      <trkpt lat="46.0617" lon="7.01188">
        <ele>1401</ele>
        <extensions>
          <distance>6437</distance>
        </extensions>
      </trkpt>
      <trkpt lat="46.0617" lon="7.0118">
        <ele>1401</ele>
        <extensions>
          <distance>6444</distance>
        </extensions>
      </trkpt>
      <trkpt lat="46.06168" lon="7.01177">
        <ele>1403</ele>
        <extensions>
          <distance>6447</distance>
        </extensions>
      </trkpt>
      <trkpt lat="46.06168" lon="7.01171">
        <ele>1405</ele>
        <extensions>
          <distance>6452</distance>
        </extensions>
      </trkpt>
      <trkpt lat="46.0617" lon="7.0116">
        <ele>1408</ele>
        <extensions>
          <distance>6462</distance>
        </extensions>
      </trkpt>
      <trkpt lat="46.06169" lon="7.01158">
        <ele>1410</ele>
        <extensions>
          <distance>6464</distance>
        </extensions>
      </trkpt>
      <trkpt lat="46.06167" lon="7.01157">
        <ele>1410</ele>
        <extensions>
          <distance>6466</distance>
        </extensions>
      </trkpt>
      <trkpt lat="46.06165" lon="7.0115">
        <ele>1412</ele>
        <extensions>
          <distance>6473</distance>
        </extensions>
      </trkpt>
      <trkpt lat="46.06163" lon="7.01149">
        <ele>1412</ele>
        <extensions>
          <distance>6475</distance>
        </extensions>
      </trkpt>
      <trkpt lat="46.06164" lon="7.01144">
        <ele>1414</ele>
        <extensions>
          <distance>6479</distance>
        </extensions>
      </trkpt>
      <trkpt lat="46.06162" lon="7.01135">
        <ele>1416</ele>
        <extensions>
          <distance>6487</distance>
        </extensions>
      </trkpt>
      <trkpt lat="46.06159" lon="7.01131">
        <ele>1418</ele>
        <extensions>
          <distance>6491</distance>
        </extensions>
      </trkpt>
      <trkpt lat="46.06144" lon="7.01117">
        <ele>1418</ele>
        <extensions>
          <distance>6511</distance>
        </extensions>
      </trkpt>
      <trkpt lat="46.06143" lon="7.01114">
        <ele>1420</ele>
        <extensions>
          <distance>6514</distance>
        </extensions>
      </trkpt>
      <trkpt lat="46.06138" lon="7.0111">
        <ele>1420</ele>
        <extensions>
          <distance>6520</distance>
        </extensions>
      </trkpt>
      <trkpt lat="46.06133" lon="7.01107">
        <ele>1420</ele>
        <extensions>
          <distance>6526</distance>
        </extensions>
      </trkpt>
      <trkpt lat="46.06127" lon="7.01109">
        <ele>1420</ele>
        <extensions>
          <distance>6533</distance>
        </extensions>
      </trkpt>
      <trkpt lat="46.06126" lon="7.01107">
        <ele>1420</ele>
        <extensions>
          <distance>6535</distance>
        </extensions>
      </trkpt>
      <trkpt lat="46.06124" lon="7.01107">
        <ele>1420</ele>
        <extensions>
          <distance>6537</distance>
        </extensions>
      </trkpt>
      <trkpt lat="46.06123" lon="7.01104">
        <ele>1420</ele>
        <extensions>
          <distance>6540</distance>
        </extensions>
      </trkpt>
      <trkpt lat="46.06123" lon="7.01095">
        <ele>1422</ele>
        <extensions>
          <distance>6547</distance>
        </extensions>
      </trkpt>
      <trkpt lat="46.06121" lon="7.01085">
        <ele>1422</ele>
        <extensions>
          <distance>6555</distance>
        </extensions>
      </trkpt>
      <trkpt lat="46.06122" lon="7.01079">
        <ele>1425</ele>
        <extensions>
          <distance>6560</distance>
        </extensions>
      </trkpt>
      <trkpt lat="46.06121" lon="7.01073">
        <ele>1425</ele>
        <extensions>
          <distance>6565</distance>
        </extensions>
      </trkpt>
      <trkpt lat="46.06121" lon="7.01069">
        <ele>1427</ele>
        <extensions>
          <distance>6568</distance>
        </extensions>
      </trkpt>
      <trkpt lat="46.06122" lon="7.01067">
        <ele>1428</ele>
        <extensions>
          <distance>6570</distance>
        </extensions>
      </trkpt>
      <trkpt lat="46.06121" lon="7.01065">
        <ele>1429</ele>
        <extensions>
          <distance>6572</distance>
        </extensions>
      </trkpt>
      <trkpt lat="46.06121" lon="7.01056">
        <ele>1431</ele>
        <extensions>
          <distance>6580</distance>
        </extensions>
      </trkpt>
      <trkpt lat="46.06119" lon="7.01052">
        <ele>1432</ele>
        <extensions>
          <distance>6583</distance>
        </extensions>
      </trkpt>
      <trkpt lat="46.06117" lon="7.01038">
        <ele>1434</ele>
        <extensions>
          <distance>6595</distance>
        </extensions>
      </trkpt>
      <trkpt lat="46.06115" lon="7.01037">
        <ele>1435</ele>
        <extensions>
          <distance>6597</distance>
        </extensions>
      </trkpt>
      <trkpt lat="46.06112" lon="7.01031">
        <ele>1436</ele>
        <extensions>
          <distance>6603</distance>
        </extensions>
      </trkpt>
      <trkpt lat="46.06112" lon="7.01024">
        <ele>1437</ele>
        <extensions>
          <distance>6609</distance>
        </extensions>
      </trkpt>
      <trkpt lat="46.06111" lon="7.01024">
        <ele>1437</ele>
        <extensions>
          <distance>6610</distance>
        </extensions>
      </trkpt>
      <trkpt lat="46.06111" lon="7.0102">
        <ele>1437</ele>
        <extensions>
          <distance>6613</distance>
        </extensions>
      </trkpt>
      <trkpt lat="46.06108" lon="7.01015">
        <ele>1438</ele>
        <extensions>
          <distance>6618</distance>
        </extensions>
      </trkpt>
      <trkpt lat="46.06107" lon="7.01">
        <ele>1443</ele>
        <extensions>
          <distance>6630</distance>
        </extensions>
      </trkpt>
      <trkpt lat="46.06109" lon="7.0099">
        <ele>1446</ele>
        <extensions>
          <distance>6639</distance>
        </extensions>
      </trkpt>
      <trkpt lat="46.06109" lon="7.00979">
        <ele>1450</ele>
        <extensions>
          <distance>6648</distance>
        </extensions>
      </trkpt>
      <trkpt lat="46.06107" lon="7.00974">
        <ele>1450</ele>
        <extensions>
          <distance>6653</distance>
        </extensions>
      </trkpt>
      <trkpt lat="46.06108" lon="7.0096">
        <ele>1454</ele>
        <extensions>
          <distance>6664</distance>
        </extensions>
      </trkpt>
      <trkpt lat="46.06106" lon="7.00954">
        <ele>1454</ele>
        <extensions>
          <distance>6669</distance>
        </extensions>
      </trkpt>
      <trkpt lat="46.06107" lon="7.00944">
        <ele>1456</ele>
        <extensions>
          <distance>6677</distance>
        </extensions>
      </trkpt>
      <trkpt lat="46.06105" lon="7.00935">
        <ele>1458</ele>
        <extensions>
          <distance>6685</distance>
        </extensions>
      </trkpt>
      <trkpt lat="46.06103" lon="7.00931">
        <ele>1459</ele>
        <extensions>
          <distance>6689</distance>
        </extensions>
      </trkpt>
      <trkpt lat="46.06103" lon="7.00926">
        <ele>1459</ele>
        <extensions>
          <distance>6693</distance>
        </extensions>
      </trkpt>
      <trkpt lat="46.06101" lon="7.0092">
        <ele>1459</ele>
        <extensions>
          <distance>6698</distance>
        </extensions>
      </trkpt>
      <trkpt lat="46.06095" lon="7.00914">
        <ele>1459</ele>
        <extensions>
          <distance>6706</distance>
        </extensions>
      </trkpt>
      <trkpt lat="46.06082" lon="7.00897">
        <ele>1459</ele>
        <extensions>
          <distance>6725</distance>
        </extensions>
      </trkpt>
      <trkpt lat="46.06081" lon="7.00893">
        <ele>1460</ele>
        <extensions>
          <distance>6729</distance>
        </extensions>
      </trkpt>
      <trkpt lat="46.06075" lon="7.00882">
        <ele>1460</ele>
        <extensions>
          <distance>6740</distance>
        </extensions>
      </trkpt>
      <trkpt lat="46.06066" lon="7.00852">
        <ele>1464</ele>
        <extensions>
          <distance>6765</distance>
        </extensions>
      </trkpt>
      <trkpt lat="46.06065" lon="7.0084">
        <ele>1464</ele>
        <extensions>
          <distance>6774</distance>
        </extensions>
      </trkpt>
      <trkpt lat="46.06062" lon="7.00836">
        <ele>1465</ele>
        <extensions>
          <distance>6779</distance>
        </extensions>
      </trkpt>
      <trkpt lat="46.0606" lon="7.00836">
        <ele>1465</ele>
        <extensions>
          <distance>6781</distance>
        </extensions>
      </trkpt>
      <trkpt lat="46.06057" lon="7.00823">
        <ele>1467</ele>
        <extensions>
          <distance>6792</distance>
        </extensions>
      </trkpt>
      <trkpt lat="46.06054" lon="7.00817">
        <ele>1467</ele>
        <extensions>
          <distance>6798</distance>
        </extensions>
      </trkpt>
      <trkpt lat="46.06052" lon="7.00816">
        <ele>1467</ele>
        <extensions>
          <distance>6800</distance>
        </extensions>
      </trkpt>
      <trkpt lat="46.06051" lon="7.00813">
        <ele>1468</ele>
        <extensions>
          <distance>6803</distance>
        </extensions>
      </trkpt>
      <trkpt lat="46.06051" lon="7.0081">
        <ele>1468</ele>
        <extensions>
          <distance>6805</distance>
        </extensions>
      </trkpt>
      <trkpt lat="46.06048" lon="7.00801">
        <ele>1468</ele>
        <extensions>
          <distance>6813</distance>
        </extensions>
      </trkpt>
      <trkpt lat="46.06048" lon="7.00791">
        <ele>1471</ele>
        <extensions>
          <distance>6821</distance>
        </extensions>
      </trkpt>
      <trkpt lat="46.06047" lon="7.00788">
        <ele>1471</ele>
        <extensions>
          <distance>6823</distance>
        </extensions>
      </trkpt>
      <trkpt lat="46.06041" lon="7.00779">
        <ele>1473</ele>
        <extensions>
          <distance>6833</distance>
        </extensions>
      </trkpt>
      <trkpt lat="46.06036" lon="7.00766">
        <ele>1473</ele>
        <extensions>
          <distance>6844</distance>
        </extensions>
      </trkpt>
      <trkpt lat="46.06031" lon="7.00757">
        <ele>1473</ele>
        <extensions>
          <distance>6853</distance>
        </extensions>
      </trkpt>
      <trkpt lat="46.06029" lon="7.00751">
        <ele>1473</ele>
        <extensions>
          <distance>6858</distance>
        </extensions>
      </trkpt>
      <trkpt lat="46.06027" lon="7.00749">
        <ele>1473</ele>
        <extensions>
          <distance>6861</distance>
        </extensions>
      </trkpt>
      <trkpt lat="46.06023" lon="7.00737">
        <ele>1474</ele>
        <extensions>
          <distance>6872</distance>
        </extensions>
      </trkpt>
      <trkpt lat="46.06019" lon="7.00732">
        <ele>1474</ele>
        <extensions>
          <distance>6877</distance>
        </extensions>
      </trkpt>
      <trkpt lat="46.06014" lon="7.0072">
        <ele>1474</ele>
        <extensions>
          <distance>6888</distance>
        </extensions>
      </trkpt>
      <trkpt lat="46.06013" lon="7.00714">
        <ele>1474</ele>
        <extensions>
          <distance>6893</distance>
        </extensions>
      </trkpt>
      <trkpt lat="46.06009" lon="7.0071">
        <ele>1474</ele>
        <extensions>
          <distance>6898</distance>
        </extensions>
      </trkpt>
      <trkpt lat="46.06006" lon="7.00702">
        <ele>1474</ele>
        <extensions>
          <distance>6905</distance>
        </extensions>
      </trkpt>
      <trkpt lat="46.06006" lon="7.00693">
        <ele>1475</ele>
        <extensions>
          <distance>6912</distance>
        </extensions>
      </trkpt>
      <trkpt lat="46.06004" lon="7.00682">
        <ele>1476</ele>
        <extensions>
          <distance>6921</distance>
        </extensions>
      </trkpt>
      <trkpt lat="46.05996" lon="7.00669">
        <ele>1476</ele>
        <extensions>
          <distance>6935</distance>
        </extensions>
      </trkpt>
      <trkpt lat="46.05993" lon="7.00668">
        <ele>1476</ele>
        <extensions>
          <distance>6938</distance>
        </extensions>
      </trkpt>
      <trkpt lat="46.05988" lon="7.00664">
        <ele>1477</ele>
        <extensions>
          <distance>6945</distance>
        </extensions>
      </trkpt>
      <trkpt lat="46.05983" lon="7.00657">
        <ele>1477</ele>
        <extensions>
          <distance>6952</distance>
        </extensions>
      </trkpt>
      <trkpt lat="46.0598" lon="7.00648">
        <ele>1477</ele>
        <extensions>
          <distance>6960</distance>
        </extensions>
      </trkpt>
      <trkpt lat="46.05976" lon="7.00644">
        <ele>1477</ele>
        <extensions>
          <distance>6965</distance>
        </extensions>
      </trkpt>
      <trkpt lat="46.05973" lon="7.00639">
        <ele>1477</ele>
        <extensions>
          <distance>6971</distance>
        </extensions>
      </trkpt>
      <trkpt lat="46.05971" lon="7.00632">
        <ele>1477</ele>
        <extensions>
          <distance>6976</distance>
        </extensions>
      </trkpt>
      <trkpt lat="46.05965" lon="7.00624">
        <ele>1477</ele>
        <extensions>
          <distance>6985</distance>
        </extensions>
      </trkpt>
      <trkpt lat="46.05958" lon="7.00607">
        <ele>1477</ele>
        <extensions>
          <distance>7001</distance>
        </extensions>
      </trkpt>
      <trkpt lat="46.0595" lon="7.00598">
        <ele>1476</ele>
        <extensions>
          <distance>7012</distance>
        </extensions>
      </trkpt>
      <trkpt lat="46.05943" lon="7.00584">
        <ele>1475</ele>
        <extensions>
          <distance>7025</distance>
        </extensions>
      </trkpt>
      <trkpt lat="46.05939" lon="7.00579">
        <ele>1475</ele>
        <extensions>
          <distance>7031</distance>
        </extensions>
      </trkpt>
      <trkpt lat="46.05937" lon="7.00571">
        <ele>1475</ele>
        <extensions>
          <distance>7038</distance>
        </extensions>
      </trkpt>
      <trkpt lat="46.05932" lon="7.00563">
        <ele>1475</ele>
        <extensions>
          <distance>7046</distance>
        </extensions>
      </trkpt>
      <trkpt lat="46.05929" lon="7.00554">
        <ele>1475</ele>
        <extensions>
          <distance>7054</distance>
        </extensions>
      </trkpt>
      <trkpt lat="46.05923" lon="7.00546">
        <ele>1475</ele>
        <extensions>
          <distance>7063</distance>
        </extensions>
      </trkpt>
      <trkpt lat="46.05912" lon="7.00519">
        <ele>1476</ele>
        <extensions>
          <distance>7087</distance>
        </extensions>
      </trkpt>
      <trkpt lat="46.05905" lon="7.00505">
        <ele>1477</ele>
        <extensions>
          <distance>7101</distance>
        </extensions>
      </trkpt>
      <trkpt lat="46.05901" lon="7.005">
        <ele>1477</ele>
        <extensions>
          <distance>7106</distance>
        </extensions>
      </trkpt>
      <trkpt lat="46.05895" lon="7.00489">
        <ele>1478</ele>
        <extensions>
          <distance>7117</distance>
        </extensions>
      </trkpt>
      <trkpt lat="46.0588" lon="7.00476">
        <ele>1480</ele>
        <extensions>
          <distance>7137</distance>
        </extensions>
      </trkpt>
      <trkpt lat="46.05871" lon="7.00472">
        <ele>1481</ele>
        <extensions>
          <distance>7147</distance>
        </extensions>
      </trkpt>
      <trkpt lat="46.05848" lon="7.00454">
        <ele>1482</ele>
        <extensions>
          <distance>7176</distance>
        </extensions>
      </trkpt>
      <trkpt lat="46.05844" lon="7.00452">
        <ele>1482</ele>
        <extensions>
          <distance>7181</distance>
        </extensions>
      </trkpt>
      <trkpt lat="46.05837" lon="7.00443">
        <ele>1482</ele>
        <extensions>
          <distance>7191</distance>
        </extensions>
      </trkpt>
      <trkpt lat="46.05836" lon="7.0044">
        <ele>1482</ele>
        <extensions>
          <distance>7194</distance>
        </extensions>
      </trkpt>
      <trkpt lat="46.05834" lon="7.00432">
        <ele>1482</ele>
        <extensions>
          <distance>7201</distance>
        </extensions>
      </trkpt>
      <trkpt lat="46.05836" lon="7.00425">
        <ele>1483</ele>
        <extensions>
          <distance>7207</distance>
        </extensions>
      </trkpt>
      <trkpt lat="46.05842" lon="7.00411">
        <ele>1484</ele>
        <extensions>
          <distance>7219</distance>
        </extensions>
      </trkpt>
      <trkpt lat="46.05851" lon="7.00401">
        <ele>1487</ele>
        <extensions>
          <distance>7232</distance>
        </extensions>
      </trkpt>
      <trkpt lat="46.05861" lon="7.00398">
        <ele>1489</ele>
        <extensions>
          <distance>7244</distance>
        </extensions>
      </trkpt>
      <trkpt lat="46.05871" lon="7.00399">
        <ele>1490</ele>
        <extensions>
          <distance>7255</distance>
        </extensions>
      </trkpt>
      <trkpt lat="46.05879" lon="7.00397">
        <ele>1490</ele>
        <extensions>
          <distance>7264</distance>
        </extensions>
      </trkpt>
      <trkpt lat="46.05889" lon="7.00399">
        <ele>1490</ele>
        <extensions>
          <distance>7275</distance>
        </extensions>
      </trkpt>
      <trkpt lat="46.05894" lon="7.00397">
        <ele>1490</ele>
        <extensions>
          <distance>7281</distance>
        </extensions>
      </trkpt>
      <trkpt lat="46.059" lon="7.00399">
        <ele>1491</ele>
        <extensions>
          <distance>7288</distance>
        </extensions>
      </trkpt>
      <trkpt lat="46.05902" lon="7.00403">
        <ele>1492</ele>
        <extensions>
          <distance>7292</distance>
        </extensions>
      </trkpt>
      <trkpt lat="46.05905" lon="7.00405">
        <ele>1492</ele>
        <extensions>
          <distance>7295</distance>
        </extensions>
      </trkpt>
      <trkpt lat="46.05912" lon="7.00407">
        <ele>1492</ele>
        <extensions>
          <distance>7303</distance>
        </extensions>
      </trkpt>
      <trkpt lat="46.05918" lon="7.00407">
        <ele>1493</ele>
        <extensions>
          <distance>7310</distance>
        </extensions>
      </trkpt>
      <trkpt lat="46.05919" lon="7.00405">
        <ele>1493</ele>
        <extensions>
          <distance>7312</distance>
        </extensions>
      </trkpt>
      <trkpt lat="46.05918" lon="7.00395">
        <ele>1497</ele>
        <extensions>
          <distance>7320</distance>
        </extensions>
      </trkpt>
      <trkpt lat="46.05914" lon="7.00392">
        <ele>1498</ele>
        <extensions>
          <distance>7326</distance>
        </extensions>
      </trkpt>
      <trkpt lat="46.05913" lon="7.00389">
        <ele>1498</ele>
        <extensions>
          <distance>7328</distance>
        </extensions>
      </trkpt>
      <trkpt lat="46.05909" lon="7.00385">
        <ele>1498</ele>
        <extensions>
          <distance>7333</distance>
        </extensions>
      </trkpt>
      <trkpt lat="46.05906" lon="7.00379">
        <ele>1498</ele>
        <extensions>
          <distance>7339</distance>
        </extensions>
      </trkpt>
      <trkpt lat="46.05906" lon="7.00376">
        <ele>1498</ele>
        <extensions>
          <distance>7342</distance>
        </extensions>
      </trkpt>
      <trkpt lat="46.05904" lon="7.00375">
        <ele>1498</ele>
        <extensions>
          <distance>7344</distance>
        </extensions>
      </trkpt>
      <trkpt lat="46.05901" lon="7.00376">
        <ele>1498</ele>
        <extensions>
          <distance>7347</distance>
        </extensions>
      </trkpt>
      <trkpt lat="46.05897" lon="7.00374">
        <ele>1499</ele>
        <extensions>
          <distance>7352</distance>
        </extensions>
      </trkpt>
      <trkpt lat="46.05895" lon="7.00372">
        <ele>1499</ele>
        <extensions>
          <distance>7355</distance>
        </extensions>
      </trkpt>
      <trkpt lat="46.05894" lon="7.00368">
        <ele>1501</ele>
        <extensions>
          <distance>7358</distance>
        </extensions>
      </trkpt>
      <trkpt lat="46.05885" lon="7.00361">
        <ele>1501</ele>
        <extensions>
          <distance>7370</distance>
        </extensions>
      </trkpt>
      <trkpt lat="46.05885" lon="7.00348">
        <ele>1505</ele>
        <extensions>
          <distance>7380</distance>
        </extensions>
      </trkpt>
      <trkpt lat="46.05881" lon="7.00336">
        <ele>1506</ele>
        <extensions>
          <distance>7390</distance>
        </extensions>
      </trkpt>
      <trkpt lat="46.05879" lon="7.00333">
        <ele>1507</ele>
        <extensions>
          <distance>7394</distance>
        </extensions>
      </trkpt>
      <trkpt lat="46.05872" lon="7.00329">
        <ele>1508</ele>
        <extensions>
          <distance>7402</distance>
        </extensions>
      </trkpt>
      <trkpt lat="46.0587" lon="7.00325">
        <ele>1508</ele>
        <extensions>
          <distance>7406</distance>
        </extensions>
      </trkpt>
      <trkpt lat="46.0587" lon="7.00321">
        <ele>1510</ele>
        <extensions>
          <distance>7409</distance>
        </extensions>
      </trkpt>
      <trkpt lat="46.05866" lon="7.00308">
        <ele>1510</ele>
        <extensions>
          <distance>7420</distance>
        </extensions>
      </trkpt>
      <trkpt lat="46.05859" lon="7.00304">
        <ele>1510</ele>
        <extensions>
          <distance>7428</distance>
        </extensions>
      </trkpt>
      <trkpt lat="46.05856" lon="7.00298">
        <ele>1510</ele>
        <extensions>
          <distance>7434</distance>
        </extensions>
      </trkpt>
      <trkpt lat="46.0585" lon="7.00293">
        <ele>1510</ele>
        <extensions>
          <distance>7442</distance>
        </extensions>
      </trkpt>
      <trkpt lat="46.05848" lon="7.00293">
        <ele>1510</ele>
        <extensions>
          <distance>7444</distance>
        </extensions>
      </trkpt>
      <trkpt lat="46.05847" lon="7.00291">
        <ele>1510</ele>
        <extensions>
          <distance>7446</distance>
        </extensions>
      </trkpt>
      <trkpt lat="46.05839" lon="7.00286">
        <ele>1510</ele>
        <extensions>
          <distance>7456</distance>
        </extensions>
      </trkpt>
      <trkpt lat="46.05837" lon="7.00286">
        <ele>1510</ele>
        <extensions>
          <distance>7458</distance>
        </extensions>
      </trkpt>
      <trkpt lat="46.05835" lon="7.0028">
        <ele>1511</ele>
        <extensions>
          <distance>7463</distance>
        </extensions>
      </trkpt>
      <trkpt lat="46.05832" lon="7.00281">
        <ele>1511</ele>
        <extensions>
          <distance>7467</distance>
        </extensions>
      </trkpt>
      <trkpt lat="46.05829" lon="7.00275">
        <ele>1513</ele>
        <extensions>
          <distance>7472</distance>
        </extensions>
      </trkpt>
      <trkpt lat="46.05829" lon="7.0027">
        <ele>1514</ele>
        <extensions>
          <distance>7476</distance>
        </extensions>
      </trkpt>
      <trkpt lat="46.05826" lon="7.00264">
        <ele>1515</ele>
        <extensions>
          <distance>7482</distance>
        </extensions>
      </trkpt>
      <trkpt lat="46.05826" lon="7.00262">
        <ele>1515</ele>
        <extensions>
          <distance>7484</distance>
        </extensions>
      </trkpt>
      <trkpt lat="46.05823" lon="7.00261">
        <ele>1516</ele>
        <extensions>
          <distance>7487</distance>
        </extensions>
      </trkpt>
      <trkpt lat="46.05822" lon="7.00259">
        <ele>1516</ele>
        <extensions>
          <distance>7489</distance>
        </extensions>
      </trkpt>
      <trkpt lat="46.05821" lon="7.00255">
        <ele>1517</ele>
        <extensions>
          <distance>7493</distance>
        </extensions>
      </trkpt>
      <trkpt lat="46.05822" lon="7.00247">
        <ele>1518</ele>
        <extensions>
          <distance>7499</distance>
        </extensions>
      </trkpt>
      <trkpt lat="46.05819" lon="7.00242">
        <ele>1519</ele>
        <extensions>
          <distance>7504</distance>
        </extensions>
      </trkpt>
      <trkpt lat="46.05815" lon="7.00239">
        <ele>1521</ele>
        <extensions>
          <distance>7510</distance>
        </extensions>
      </trkpt>
      <trkpt lat="46.05815" lon="7.00236">
        <ele>1521</ele>
        <extensions>
          <distance>7512</distance>
        </extensions>
      </trkpt>
      <trkpt lat="46.0581" lon="7.0023">
        <ele>1523</ele>
        <extensions>
          <distance>7519</distance>
        </extensions>
      </trkpt>
      <trkpt lat="46.05806" lon="7.00222">
        <ele>1525</ele>
        <extensions>
          <distance>7527</distance>
        </extensions>
      </trkpt>
      <trkpt lat="46.05806" lon="7.00219">
        <ele>1526</ele>
        <extensions>
          <distance>7529</distance>
        </extensions>
      </trkpt>
      <trkpt lat="46.05803" lon="7.00214">
        <ele>1527</ele>
        <extensions>
          <distance>7535</distance>
        </extensions>
      </trkpt>
      <trkpt lat="46.05802" lon="7.00213">
        <ele>1527</ele>
        <extensions>
          <distance>7536</distance>
        </extensions>
      </trkpt>
      <trkpt lat="46.05794" lon="7.00212">
        <ele>1528</ele>
        <extensions>
          <distance>7545</distance>
        </extensions>
      </trkpt>
      <trkpt lat="46.05789" lon="7.00214">
        <ele>1529</ele>
        <extensions>
          <distance>7551</distance>
        </extensions>
      </trkpt>
      <trkpt lat="46.05783" lon="7.00219">
        <ele>1529</ele>
        <extensions>
          <distance>7559</distance>
        </extensions>
      </trkpt>
      <trkpt lat="46.0578" lon="7.0022">
        <ele>1529</ele>
        <extensions>
          <distance>7562</distance>
        </extensions>
      </trkpt>
      <trkpt lat="46.05779" lon="7.00218">
        <ele>1530</ele>
        <extensions>
          <distance>7564</distance>
        </extensions>
      </trkpt>
      <trkpt lat="46.05779" lon="7.00211">
        <ele>1531</ele>
        <extensions>
          <distance>7570</distance>
        </extensions>
      </trkpt>
      <trkpt lat="46.05781" lon="7.00198">
        <ele>1532</ele>
        <extensions>
          <distance>7580</distance>
        </extensions>
      </trkpt>
      <trkpt lat="46.05781" lon="7.00188">
        <ele>1533</ele>
        <extensions>
          <distance>7588</distance>
        </extensions>
      </trkpt>
      <trkpt lat="46.0578" lon="7.00186">
        <ele>1533</ele>
        <extensions>
          <distance>7589</distance>
        </extensions>
      </trkpt>
      <trkpt lat="46.05775" lon="7.00181">
        <ele>1534</ele>
        <extensions>
          <distance>7596</distance>
        </extensions>
      </trkpt>
      <trkpt lat="46.0577" lon="7.00179">
        <ele>1534</ele>
        <extensions>
          <distance>7602</distance>
        </extensions>
      </trkpt>
      <trkpt lat="46.05765" lon="7.00174">
        <ele>1535</ele>
        <extensions>
          <distance>7609</distance>
        </extensions>
      </trkpt>
      <trkpt lat="46.05761" lon="7.00173">
        <ele>1536</ele>
        <extensions>
          <distance>7613</distance>
        </extensions>
      </trkpt>
      <trkpt lat="46.05749" lon="7.00167">
        <ele>1536</ele>
        <extensions>
          <distance>7628</distance>
        </extensions>
      </trkpt>
      <trkpt lat="46.05747" lon="7.00168">
        <ele>1537</ele>
        <extensions>
          <distance>7630</distance>
        </extensions>
      </trkpt>
      <trkpt lat="46.0574" lon="7.00166">
        <ele>1537</ele>
        <extensions>
          <distance>7638</distance>
        </extensions>
      </trkpt>
      <trkpt lat="46.05736" lon="7.00166">
        <ele>1537</ele>
        <extensions>
          <distance>7642</distance>
        </extensions>
      </trkpt>
      <trkpt lat="46.0573" lon="7.00163">
        <ele>1537</ele>
        <extensions>
          <distance>7650</distance>
        </extensions>
      </trkpt>
      <trkpt lat="46.05724" lon="7.00164">
        <ele>1538</ele>
        <extensions>
          <distance>7656</distance>
        </extensions>
      </trkpt>
      <trkpt lat="46.05712" lon="7.00164">
        <ele>1538</ele>
        <extensions>
          <distance>7670</distance>
        </extensions>
      </trkpt>
      <trkpt lat="46.05709" lon="7.00163">
        <ele>1538</ele>
        <extensions>
          <distance>7673</distance>
        </extensions>
      </trkpt>
      <trkpt lat="46.057" lon="7.00152">
        <ele>1538</ele>
        <extensions>
          <distance>7686</distance>
        </extensions>
      </trkpt>
      <trkpt lat="46.05697" lon="7.00138">
        <ele>1536</ele>
        <extensions>
          <distance>7697</distance>
        </extensions>
      </trkpt>
      <trkpt lat="46.05705" lon="7.00104">
        <ele>1532</ele>
        <extensions>
          <distance>7725</distance>
        </extensions>
      </trkpt>
      <trkpt lat="46.05704" lon="7.0009">
        <ele>1532</ele>
        <extensions>
          <distance>7736</distance>
        </extensions>
      </trkpt>
      <trkpt lat="46.05699" lon="7.00078">
        <ele>1528</ele>
        <extensions>
          <distance>7747</distance>
        </extensions>
      </trkpt>
      <trkpt lat="46.05695" lon="7.00074">
        <ele>1528</ele>
        <extensions>
          <distance>7753</distance>
        </extensions>
      </trkpt>
      <trkpt lat="46.0569" lon="7.00071">
        <ele>1528</ele>
        <extensions>
          <distance>7759</distance>
        </extensions>
      </trkpt>
      <trkpt lat="46.05682" lon="7.00069">
        <ele>1528</ele>
        <extensions>
          <distance>7768</distance>
        </extensions>
      </trkpt>
      <trkpt lat="46.05678" lon="7.00071">
        <ele>1528</ele>
        <extensions>
          <distance>7773</distance>
        </extensions>
      </trkpt>
      <trkpt lat="46.05675" lon="7.00074">
        <ele>1528</ele>
        <extensions>
          <distance>7777</distance>
        </extensions>
      </trkpt>
      <trkpt lat="46.05667" lon="7.00078">
        <ele>1528</ele>
        <extensions>
          <distance>7786</distance>
        </extensions>
      </trkpt>
      <trkpt lat="46.0566" lon="7.00084">
        <ele>1529</ele>
        <extensions>
          <distance>7795</distance>
        </extensions>
      </trkpt>
      <trkpt lat="46.05656" lon="7.00086">
        <ele>1529</ele>
        <extensions>
          <distance>7800</distance>
        </extensions>
      </trkpt>
      <trkpt lat="46.05646" lon="7.00087">
        <ele>1529</ele>
        <extensions>
          <distance>7811</distance>
        </extensions>
      </trkpt>
      <trkpt lat="46.05636" lon="7.00082">
        <ele>1529</ele>
        <extensions>
          <distance>7823</distance>
        </extensions>
      </trkpt>
      <trkpt lat="46.0563" lon="7.00076">
        <ele>1529</ele>
        <extensions>
          <distance>7831</distance>
        </extensions>
      </trkpt>
      <trkpt lat="46.05622" lon="7.00071">
        <ele>1529</ele>
        <extensions>
          <distance>7841</distance>
        </extensions>
      </trkpt>
      <trkpt lat="46.05619" lon="7.00071">
        <ele>1529</ele>
        <extensions>
          <distance>7844</distance>
        </extensions>
      </trkpt>
      <trkpt lat="46.0561" lon="7.00067">
        <ele>1527</ele>
        <extensions>
          <distance>7854</distance>
        </extensions>
      </trkpt>
      <trkpt lat="46.05594" lon="7.00056">
        <ele>1524</ele>
        <extensions>
          <distance>7874</distance>
        </extensions>
      </trkpt>
      <trkpt lat="46.05591" lon="7.00052">
        <ele>1523</ele>
        <extensions>
          <distance>7879</distance>
        </extensions>
      </trkpt>
      <trkpt lat="46.05576" lon="7.00038">
        <ele>1519</ele>
        <extensions>
          <distance>7899</distance>
        </extensions>
      </trkpt>
      <trkpt lat="46.05568" lon="7.00033">
        <ele>1516</ele>
        <extensions>
          <distance>7909</distance>
        </extensions>
      </trkpt>
      <trkpt lat="46.05565" lon="7.0003">
        <ele>1516</ele>
        <extensions>
          <distance>7913</distance>
        </extensions>
      </trkpt>
      <trkpt lat="46.05561" lon="7.00029">
        <ele>1516</ele>
        <extensions>
          <distance>7918</distance>
        </extensions>
      </trkpt>
      <trkpt lat="46.05552" lon="7.00024">
        <ele>1513</ele>
        <extensions>
          <distance>7929</distance>
        </extensions>
      </trkpt>
      <trkpt lat="46.05538" lon="7.00019">
        <ele>1512</ele>
        <extensions>
          <distance>7945</distance>
        </extensions>
      </trkpt>
      <trkpt lat="46.05529" lon="7.00019">
        <ele>1512</ele>
        <extensions>
          <distance>7955</distance>
        </extensions>
      </trkpt>
      <trkpt lat="46.0552" lon="7.00016">
        <ele>1512</ele>
        <extensions>
          <distance>7965</distance>
        </extensions>
      </trkpt>
      <trkpt lat="46.05518" lon="7.00021">
        <ele>1512</ele>
        <extensions>
          <distance>7970</distance>
        </extensions>
      </trkpt>
      <trkpt lat="46.0551" lon="7.00034">
        <ele>1518</ele>
        <extensions>
          <distance>7983</distance>
        </extensions>
      </trkpt>
      <trkpt lat="46.05506" lon="7.00045">
        <ele>1525</ele>
        <extensions>
          <distance>7995</distance>
        </extensions>
      </trkpt>
      <trkpt lat="46.05498" lon="7.00062">
        <ele>1537</ele>
        <extensions>
          <distance>8015</distance>
        </extensions>
      </trkpt>
      <trkpt lat="46.05487" lon="7.00071">
        <ele>1541</ele>
        <extensions>
          <distance>8030</distance>
        </extensions>
      </trkpt>
      <trkpt lat="46.05483" lon="7.00072">
        <ele>1541</ele>
        <extensions>
          <distance>8034</distance>
        </extensions>
      </trkpt>
      <trkpt lat="46.05461" lon="7.00073">
        <ele>1541</ele>
        <extensions>
          <distance>8059</distance>
        </extensions>
      </trkpt>
      <trkpt lat="46.05458" lon="7.00074">
        <ele>1541</ele>
        <extensions>
          <distance>8062</distance>
        </extensions>
      </trkpt>
      <trkpt lat="46.0545" lon="7.00066">
        <ele>1538</ele>
        <extensions>
          <distance>8073</distance>
        </extensions>
      </trkpt>
      <trkpt lat="46.05446" lon="7.00064">
        <ele>1536</ele>
        <extensions>
          <distance>8078</distance>
        </extensions>
      </trkpt>
      <trkpt lat="46.05433" lon="7.00063">
        <ele>1533</ele>
        <extensions>
          <distance>8093</distance>
        </extensions>
      </trkpt>
      <trkpt lat="46.05425" lon="7.00058">
        <ele>1531</ele>
        <extensions>
          <distance>8103</distance>
        </extensions>
      </trkpt>
      <trkpt lat="46.05421" lon="7.00052">
        <ele>1530</ele>
        <extensions>
          <distance>8109</distance>
        </extensions>
      </trkpt>
      <trkpt lat="46.05401" lon="7.00044">
        <ele>1530</ele>
        <extensions>
          <distance>8132</distance>
        </extensions>
      </trkpt>
      <trkpt lat="46.05393" lon="7.00053">
        <ele>1530</ele>
        <extensions>
          <distance>8144</distance>
        </extensions>
      </trkpt>
      <trkpt lat="46.05376" lon="7.00058">
        <ele>1530</ele>
        <extensions>
          <distance>8163</distance>
        </extensions>
      </trkpt>
      <trkpt lat="46.05368" lon="7.00058">
        <ele>1531</ele>
        <extensions>
          <distance>8172</distance>
        </extensions>
      </trkpt>
      <trkpt lat="46.05367" lon="7.00057">
        <ele>1531</ele>
        <extensions>
          <distance>8173</distance>
        </extensions>
      </trkpt>
      <trkpt lat="46.05362" lon="7.00058">
        <ele>1535</ele>
        <extensions>
          <distance>8179</distance>
        </extensions>
      </trkpt>
      <trkpt lat="46.05349" lon="7.00056">
        <ele>1535</ele>
        <extensions>
          <distance>8193</distance>
        </extensions>
      </trkpt>
      <trkpt lat="46.05345" lon="7.00054">
        <ele>1535</ele>
        <extensions>
          <distance>8198</distance>
        </extensions>
      </trkpt>
      <trkpt lat="46.05341" lon="7.00058">
        <ele>1535</ele>
        <extensions>
          <distance>8204</distance>
        </extensions>
      </trkpt>
      <trkpt lat="46.05329" lon="7.00077">
        <ele>1548</ele>
        <extensions>
          <distance>8225</distance>
        </extensions>
      </trkpt>
      <trkpt lat="46.05324" lon="7.00083">
        <ele>1553</ele>
        <extensions>
          <distance>8234</distance>
        </extensions>
      </trkpt>
      <trkpt lat="46.05321" lon="7.00083">
        <ele>1553</ele>
        <extensions>
          <distance>8237</distance>
        </extensions>
      </trkpt>
      <trkpt lat="46.05308" lon="7.00088">
        <ele>1553</ele>
        <extensions>
          <distance>8252</distance>
        </extensions>
      </trkpt>
      <trkpt lat="46.05306" lon="7.00085">
        <ele>1553</ele>
        <extensions>
          <distance>8256</distance>
        </extensions>
      </trkpt>
      <trkpt lat="46.0529225" lon="7.000825">
        <ele>1554</ele>
        <extensions>
          <distance>8271</distance>
        </extensions>
      </trkpt>
      <trkpt lat="46.052785" lon="7.0008">
        <ele>1554</ele>
        <extensions>
          <distance>8286</distance>
        </extensions>
      </trkpt>
      <trkpt lat="46.0526475" lon="7.000775">
        <ele>1553</ele>
        <extensions>
          <distance>8302</distance>
        </extensions>
      </trkpt>
      <trkpt lat="46.05251" lon="7.00075">
        <ele>1552</ele>
        <extensions>
          <distance>8317</distance>
        </extensions>
      </trkpt>
      <trkpt lat="46.05232" lon="7.00061">
        <ele>1548</ele>
        <extensions>
          <distance>8341</distance>
        </extensions>
      </trkpt>
      <trkpt lat="46.05212" lon="7.00048">
        <ele>1545</ele>
        <extensions>
          <distance>8366</distance>
        </extensions>
      </trkpt>
      <trkpt lat="46.051902500000004" lon="7.0004824999999995">
        <ele>1545</ele>
        <extensions>
          <distance>8390</distance>
        </extensions>
      </trkpt>
      <trkpt lat="46.051685000000006" lon="7.000484999999999">
        <ele>1541</ele>
        <extensions>
          <distance>8414</distance>
        </extensions>
      </trkpt>
      <trkpt lat="46.0514675" lon="7.0004875">
        <ele>1540</ele>
        <extensions>
          <distance>8438</distance>
        </extensions>
      </trkpt>
      <trkpt lat="46.05125" lon="7.00049">
        <ele>1541</ele>
        <extensions>
          <distance>8463</distance>
        </extensions>
      </trkpt>
      <trkpt lat="46.051050000000004" lon="7.00038">
        <ele>1543</ele>
        <extensions>
          <distance>8486</distance>
        </extensions>
      </trkpt>
      <trkpt lat="46.05085" lon="7.00027">
        <ele>1545</ele>
        <extensions>
          <distance>8510</distance>
        </extensions>
      </trkpt>
      <trkpt lat="46.05064" lon="7.0003225">
        <ele>1546</ele>
        <extensions>
          <distance>8534</distance>
        </extensions>
      </trkpt>
      <trkpt lat="46.05043" lon="7.000375">
        <ele>1546</ele>
        <extensions>
          <distance>8558</distance>
        </extensions>
      </trkpt>
      <trkpt lat="46.050219999999996" lon="7.0004275">
        <ele>1546</ele>
        <extensions>
          <distance>8581</distance>
        </extensions>
      </trkpt>
      <trkpt lat="46.05001" lon="7.00048">
        <ele>1546</ele>
        <extensions>
          <distance>8605</distance>
        </extensions>
      </trkpt>
      <trkpt lat="46.0498175" lon="7.000325">
        <ele>1546</ele>
        <extensions>
          <distance>8630</distance>
        </extensions>
      </trkpt>
      <trkpt lat="46.049625" lon="7.00017">
        <ele>1541</ele>
        <extensions>
          <distance>8654</distance>
        </extensions>
      </trkpt>
      <trkpt lat="46.049432499999995" lon="7.000014999999999">
        <ele>1540</ele>
        <extensions>
          <distance>8679</distance>
        </extensions>
      </trkpt>
      <trkpt lat="46.04924" lon="6.99986">
        <ele>1540</ele>
        <extensions>
          <distance>8703</distance>
        </extensions>
      </trkpt>
      <trkpt lat="46.04906" lon="6.9998249999999995">
        <ele>1540</ele>
        <extensions>
          <distance>8723</distance>
        </extensions>
      </trkpt>
      <trkpt lat="46.04888" lon="6.99979">
        <ele>1540</ele>
        <extensions>
          <distance>8744</distance>
        </extensions>
      </trkpt>
      <trkpt lat="46.048675" lon="6.99988">
        <ele>1543</ele>
        <extensions>
          <distance>8767</distance>
        </extensions>
      </trkpt>
      <trkpt lat="46.04847" lon="6.99997">
        <ele>1548</ele>
        <extensions>
          <distance>8791</distance>
        </extensions>
      </trkpt>
      <trkpt lat="46.048331250000004" lon="6.9999725">
        <ele>1549</ele>
        <extensions>
          <distance>8807</distance>
        </extensions>
      </trkpt>
      <trkpt lat="46.0481925" lon="6.999975000000001">
        <ele>1549</ele>
        <extensions>
          <distance>8822</distance>
        </extensions>
      </trkpt>
      <trkpt lat="46.04805375" lon="6.999977500000001">
        <ele>1550</ele>
        <extensions>
          <distance>8838</distance>
        </extensions>
      </trkpt>
      <trkpt lat="46.047915" lon="6.999980000000001">
        <ele>1550</ele>
        <extensions>
          <distance>8853</distance>
        </extensions>
      </trkpt>
      <trkpt lat="46.04777625" lon="6.999982500000001">
        <ele>1550</ele>
        <extensions>
          <distance>8868</distance>
        </extensions>
      </trkpt>
      <trkpt lat="46.0476375" lon="6.999985000000001">
        <ele>1550</ele>
        <extensions>
          <distance>8884</distance>
        </extensions>
      </trkpt>
      <trkpt lat="46.04749875" lon="6.9999875000000005">
        <ele>1549</ele>
        <extensions>
          <distance>8899</distance>
        </extensions>
      </trkpt>
      <trkpt lat="46.04736" lon="6.99999">
        <ele>1549</ele>
        <extensions>
          <distance>8915</distance>
        </extensions>
      </trkpt>
      <trkpt lat="46.04715" lon="7.00004">
        <ele>1549</ele>
        <extensions>
          <distance>8938</distance>
        </extensions>
      </trkpt>
      <trkpt lat="46.04694" lon="7.00009">
        <ele>1548</ele>
        <extensions>
          <distance>8962</distance>
        </extensions>
      </trkpt>
      <trkpt lat="46.04676" lon="7.000145">
        <ele>1548</ele>
        <extensions>
          <distance>8983</distance>
        </extensions>
      </trkpt>
      <trkpt lat="46.04658" lon="7.0002">
        <ele>1547</ele>
        <extensions>
          <distance>9003</distance>
        </extensions>
      </trkpt>
      <trkpt lat="46.046409999999995" lon="7.000055">
        <ele>1542</ele>
        <extensions>
          <distance>9025</distance>
        </extensions>
      </trkpt>
      <trkpt lat="46.04624" lon="6.99991">
        <ele>1529</ele>
        <extensions>
          <distance>9051</distance>
        </extensions>
      </trkpt>
      <trkpt lat="46.046" lon="6.999915">
        <ele>1528</ele>
        <extensions>
          <distance>9077</distance>
        </extensions>
      </trkpt>
      <trkpt lat="46.04576" lon="6.99992">
        <ele>1528</ele>
        <extensions>
          <distance>9104</distance>
        </extensions>
      </trkpt>
      <trkpt lat="46.04554" lon="7.00004">
        <ele>1528</ele>
        <extensions>
          <distance>9130</distance>
        </extensions>
      </trkpt>
      <trkpt lat="46.04532" lon="7.00016">
        <ele>1528</ele>
        <extensions>
          <distance>9156</distance>
        </extensions>
      </trkpt>
      <trkpt lat="46.04514" lon="7.00038">
        <ele>1536</ele>
        <extensions>
          <distance>9183</distance>
        </extensions>
      </trkpt>
      <trkpt lat="46.04495" lon="7.00059">
        <ele>1544</ele>
        <extensions>
          <distance>9211</distance>
        </extensions>
      </trkpt>
      <trkpt lat="46.04476" lon="7.0008">
        <ele>1563</ele>
        <extensions>
          <distance>9243</distance>
        </extensions>
      </trkpt>
      <trkpt lat="46.04458" lon="7.00102">
        <ele>1563</ele>
        <extensions>
          <distance>9270</distance>
        </extensions>
      </trkpt>
      <trkpt lat="46.04437250000001" lon="7.00085">
        <ele>1563</ele>
        <extensions>
          <distance>9296</distance>
        </extensions>
      </trkpt>
      <trkpt lat="46.04416500000001" lon="7.000679999999999">
        <ele>1563</ele>
        <extensions>
          <distance>9323</distance>
        </extensions>
      </trkpt>
      <trkpt lat="46.043957500000005" lon="7.000509999999999">
        <ele>1562</ele>
        <extensions>
          <distance>9349</distance>
        </extensions>
      </trkpt>
      <trkpt lat="46.04375" lon="7.00034">
        <ele>1562</ele>
        <extensions>
          <distance>9376</distance>
        </extensions>
      </trkpt>
      <trkpt lat="46.043546250000006" lon="7.00041">
        <ele>1562</ele>
        <extensions>
          <distance>9399</distance>
        </extensions>
      </trkpt>
      <trkpt lat="46.0433425" lon="7.00048">
        <ele>1562</ele>
        <extensions>
          <distance>9422</distance>
        </extensions>
      </trkpt>
      <trkpt lat="46.04313875" lon="7.00055">
        <ele>1564</ele>
        <extensions>
          <distance>9446</distance>
        </extensions>
      </trkpt>
      <trkpt lat="46.042935" lon="7.00062">
        <ele>1566</ele>
        <extensions>
          <distance>9469</distance>
        </extensions>
      </trkpt>
      <trkpt lat="46.04273125" lon="7.00069">
        <ele>1568</ele>
        <extensions>
          <distance>9492</distance>
        </extensions>
      </trkpt>
      <trkpt lat="46.0425275" lon="7.00076">
        <ele>1568</ele>
        <extensions>
          <distance>9515</distance>
        </extensions>
      </trkpt>
      <trkpt lat="46.042323749999994" lon="7.00083">
        <ele>1568</ele>
        <extensions>
          <distance>9539</distance>
        </extensions>
      </trkpt>
      <trkpt lat="46.04212" lon="7.0009">
        <ele>1568</ele>
        <extensions>
          <distance>9562</distance>
        </extensions>
      </trkpt>
      <trkpt lat="46.04187" lon="7.00094">
        <ele>1567</ele>
        <extensions>
          <distance>9590</distance>
        </extensions>
      </trkpt>
      <trkpt lat="46.04162" lon="7.00098">
        <ele>1564</ele>
        <extensions>
          <distance>9618</distance>
        </extensions>
      </trkpt>
      <trkpt lat="46.04141" lon="7.000935">
        <ele>1558</ele>
        <extensions>
          <distance>9642</distance>
        </extensions>
      </trkpt>
      <trkpt lat="46.0412" lon="7.00089">
        <ele>1558</ele>
        <extensions>
          <distance>9665</distance>
        </extensions>
      </trkpt>
      <trkpt lat="46.04101" lon="7.0009925">
        <ele>1558</ele>
        <extensions>
          <distance>9688</distance>
        </extensions>
      </trkpt>
      <trkpt lat="46.04082" lon="7.001094999999999">
        <ele>1558</ele>
        <extensions>
          <distance>9710</distance>
        </extensions>
      </trkpt>
      <trkpt lat="46.04062999999999" lon="7.0011975">
        <ele>1556</ele>
        <extensions>
          <distance>9733</distance>
        </extensions>
      </trkpt>
      <trkpt lat="46.04044" lon="7.0013">
        <ele>1556</ele>
        <extensions>
          <distance>9756</distance>
        </extensions>
      </trkpt>
      <trkpt lat="46.040305000000004" lon="7.0013">
        <ele>1556</ele>
        <extensions>
          <distance>9771</distance>
        </extensions>
      </trkpt>
      <trkpt lat="46.04017" lon="7.0013">
        <ele>1554</ele>
        <extensions>
          <distance>9786</distance>
        </extensions>
      </trkpt>
      <trkpt lat="46.040035" lon="7.0013">
        <ele>1551</ele>
        <extensions>
          <distance>9801</distance>
        </extensions>
      </trkpt>
      <trkpt lat="46.0399" lon="7.0013">
        <ele>1551</ele>
        <extensions>
          <distance>9816</distance>
        </extensions>
      </trkpt>
      <trkpt lat="46.039680000000004" lon="7.0014199999999995">
        <ele>1551</ele>
        <extensions>
          <distance>9842</distance>
        </extensions>
      </trkpt>
      <trkpt lat="46.03946" lon="7.00154">
        <ele>1551</ele>
        <extensions>
          <distance>9868</distance>
        </extensions>
      </trkpt>
      <trkpt lat="46.039395" lon="7.0017175">
        <ele>1553</ele>
        <extensions>
          <distance>9884</distance>
        </extensions>
      </trkpt>
      <trkpt lat="46.03933" lon="7.001895">
        <ele>1560</ele>
        <extensions>
          <distance>9900</distance>
        </extensions>
      </trkpt>
      <trkpt lat="46.039265" lon="7.002072500000001">
        <ele>1565</ele>
        <extensions>
          <distance>9916</distance>
        </extensions>
      </trkpt>
      <trkpt lat="46.0392" lon="7.00225">
        <ele>1569</ele>
        <extensions>
          <distance>9932</distance>
        </extensions>
      </trkpt>
      <trkpt lat="46.039003750000006" lon="7.002470000000001">
        <ele>1570</ele>
        <extensions>
          <distance>9960</distance>
        </extensions>
      </trkpt>
      <trkpt lat="46.038807500000004" lon="7.00269">
        <ele>1570</ele>
        <extensions>
          <distance>9987</distance>
        </extensions>
      </trkpt>
      <trkpt lat="46.03861125" lon="7.00291">
        <ele>1571</ele>
        <extensions>
          <distance>10015</distance>
        </extensions>
      </trkpt>
      <trkpt lat="46.038415" lon="7.0031300000000005">
        <ele>1572</ele>
        <extensions>
          <distance>10043</distance>
        </extensions>
      </trkpt>
      <trkpt lat="46.03821875" lon="7.00335">
        <ele>1572</ele>
        <extensions>
          <distance>10071</distance>
        </extensions>
      </trkpt>
      <trkpt lat="46.0380225" lon="7.00357">
        <ele>1579</ele>
        <extensions>
          <distance>10099</distance>
        </extensions>
      </trkpt>
      <trkpt lat="46.037826249999995" lon="7.00379">
        <ele>1579</ele>
        <extensions>
          <distance>10126</distance>
        </extensions>
      </trkpt>
      <trkpt lat="46.03763" lon="7.00401">
        <ele>1582</ele>
        <extensions>
          <distance>10154</distance>
        </extensions>
      </trkpt>
      <trkpt lat="46.037405" lon="7.0041150000000005">
        <ele>1584</ele>
        <extensions>
          <distance>10180</distance>
        </extensions>
      </trkpt>
      <trkpt lat="46.03718" lon="7.00422">
        <ele>1584</ele>
        <extensions>
          <distance>10207</distance>
        </extensions>
      </trkpt>
      <trkpt lat="46.03699" lon="7.0044">
        <ele>1586</ele>
        <extensions>
          <distance>10232</distance>
        </extensions>
      </trkpt>
      <trkpt lat="46.03679" lon="7.00457">
        <ele>1593</ele>
        <extensions>
          <distance>10259</distance>
        </extensions>
      </trkpt>
      <trkpt lat="46.0366" lon="7.00475">
        <ele>1593</ele>
        <extensions>
          <distance>10284</distance>
        </extensions>
      </trkpt>
      <trkpt lat="46.03641" lon="7.00493">
        <ele>1593</ele>
        <extensions>
          <distance>10309</distance>
        </extensions>
      </trkpt>
      <trkpt lat="46.036199999999994" lon="7.004985">
        <ele>1593</ele>
        <extensions>
          <distance>10333</distance>
        </extensions>
      </trkpt>
      <trkpt lat="46.03599" lon="7.00504">
        <ele>1589</ele>
        <extensions>
          <distance>10357</distance>
        </extensions>
      </trkpt>
      <trkpt lat="46.03578" lon="7.005095000000001">
        <ele>1587</ele>
        <extensions>
          <distance>10381</distance>
        </extensions>
      </trkpt>
      <trkpt lat="46.03557" lon="7.00515">
        <ele>1587</ele>
        <extensions>
          <distance>10404</distance>
        </extensions>
      </trkpt>
      <trkpt lat="46.035354999999996" lon="7.005332500000001">
        <ele>1586</ele>
        <extensions>
          <distance>10432</distance>
        </extensions>
      </trkpt>
      <trkpt lat="46.03514" lon="7.005515000000001">
        <ele>1585</ele>
        <extensions>
          <distance>10460</distance>
        </extensions>
      </trkpt>
      <trkpt lat="46.034925" lon="7.0056975">
        <ele>1585</ele>
        <extensions>
          <distance>10488</distance>
        </extensions>
      </trkpt>
      <trkpt lat="46.03471" lon="7.00588">
        <ele>1585</ele>
        <extensions>
          <distance>10516</distance>
        </extensions>
      </trkpt>
      <trkpt lat="46.03452" lon="7.005865">
        <ele>1583</ele>
        <extensions>
          <distance>10537</distance>
        </extensions>
      </trkpt>
      <trkpt lat="46.03433" lon="7.00585">
        <ele>1576</ele>
        <extensions>
          <distance>10559</distance>
        </extensions>
      </trkpt>
      <trkpt lat="46.03413" lon="7.00596">
        <ele>1576</ele>
        <extensions>
          <distance>10583</distance>
        </extensions>
      </trkpt>
      <trkpt lat="46.03392" lon="7.00606">
        <ele>1576</ele>
        <extensions>
          <distance>10607</distance>
        </extensions>
      </trkpt>
      <trkpt lat="46.03382125" lon="7.006192499999999">
        <ele>1576</ele>
        <extensions>
          <distance>10622</distance>
        </extensions>
      </trkpt>
      <trkpt lat="46.033722499999996" lon="7.0063249999999995">
        <ele>1578</ele>
        <extensions>
          <distance>10637</distance>
        </extensions>
      </trkpt>
      <trkpt lat="46.03362375" lon="7.0064575">
        <ele>1579</ele>
        <extensions>
          <distance>10653</distance>
        </extensions>
      </trkpt>
      <trkpt lat="46.033525" lon="7.006589999999999">
        <ele>1579</ele>
        <extensions>
          <distance>10668</distance>
        </extensions>
      </trkpt>
      <trkpt lat="46.03342625" lon="7.0067224999999995">
        <ele>1579</ele>
        <extensions>
          <distance>10683</distance>
        </extensions>
      </trkpt>
      <trkpt lat="46.0333275" lon="7.006855">
        <ele>1581</ele>
        <extensions>
          <distance>10698</distance>
        </extensions>
      </trkpt>
      <trkpt lat="46.03322875" lon="7.006987499999999">
        <ele>1584</ele>
        <extensions>
          <distance>10713</distance>
        </extensions>
      </trkpt>
      <trkpt lat="46.03313" lon="7.00712">
        <ele>1588</ele>
        <extensions>
          <distance>10728</distance>
        </extensions>
      </trkpt>
      <trkpt lat="46.03306" lon="7.007375">
        <ele>1597</ele>
        <extensions>
          <distance>10751</distance>
        </extensions>
      </trkpt>
      <trkpt lat="46.03299" lon="7.00763">
        <ele>1597</ele>
        <extensions>
          <distance>10773</distance>
        </extensions>
      </trkpt>
      <trkpt lat="46.03287" lon="7.00784">
        <ele>1597</ele>
        <extensions>
          <distance>10794</distance>
        </extensions>
      </trkpt>
      <trkpt lat="46.032759999999996" lon="7.00806">
        <ele>1597</ele>
        <extensions>
          <distance>10815</distance>
        </extensions>
      </trkpt>
      <trkpt lat="46.03265" lon="7.00828">
        <ele>1596</ele>
        <extensions>
          <distance>10836</distance>
        </extensions>
      </trkpt>
      <trkpt lat="46.03253" lon="7.00849">
        <ele>1596</ele>
        <extensions>
          <distance>10857</distance>
        </extensions>
      </trkpt>
      <trkpt lat="46.032399999999996" lon="7.008565">
        <ele>1594</ele>
        <extensions>
          <distance>10872</distance>
        </extensions>
      </trkpt>
      <trkpt lat="46.03227" lon="7.00864">
        <ele>1594</ele>
        <extensions>
          <distance>10888</distance>
        </extensions>
      </trkpt>
      <trkpt lat="46.03225" lon="7.00861">
        <ele>1594</ele>
        <extensions>
          <distance>10891</distance>
        </extensions>
      </trkpt>
      <trkpt lat="46.0321" lon="7.00849">
        <ele>1594</ele>
        <extensions>
          <distance>10910</distance>
        </extensions>
      </trkpt>
      <trkpt lat="46.03204" lon="7.00846">
        <ele>1596</ele>
        <extensions>
          <distance>10917</distance>
        </extensions>
      </trkpt>
      <trkpt lat="46.03193" lon="7.00833">
        <ele>1596</ele>
        <extensions>
          <distance>10933</distance>
        </extensions>
      </trkpt>
      <trkpt lat="46.031725" lon="7.00853">
        <ele>1598</ele>
        <extensions>
          <distance>10961</distance>
        </extensions>
      </trkpt>
      <trkpt lat="46.03152" lon="7.00873">
        <ele>1601</ele>
        <extensions>
          <distance>10988</distance>
        </extensions>
      </trkpt>
      <trkpt lat="46.03141" lon="7.00895">
        <ele>1604</ele>
        <extensions>
          <distance>11010</distance>
        </extensions>
      </trkpt>
      <trkpt lat="46.03123" lon="7.00898">
        <ele>1606</ele>
        <extensions>
          <distance>11030</distance>
        </extensions>
      </trkpt>
      <trkpt lat="46.03109" lon="7.0089500000000005">
        <ele>1609</ele>
        <extensions>
          <distance>11046</distance>
        </extensions>
      </trkpt>
      <trkpt lat="46.03095" lon="7.00892">
        <ele>1613</ele>
        <extensions>
          <distance>11062</distance>
        </extensions>
      </trkpt>
      <trkpt lat="46.030789999999996" lon="7.008979999999999">
        <ele>1616</ele>
        <extensions>
          <distance>11081</distance>
        </extensions>
      </trkpt>
      <trkpt lat="46.03063" lon="7.00904">
        <ele>1622</ele>
        <extensions>
          <distance>11100</distance>
        </extensions>
      </trkpt>
      <trkpt lat="46.030485" lon="7.00908">
        <ele>1626</ele>
        <extensions>
          <distance>11117</distance>
        </extensions>
      </trkpt>
      <trkpt lat="46.03034" lon="7.00912">
        <ele>1630</ele>
        <extensions>
          <distance>11134</distance>
        </extensions>
      </trkpt>
      <trkpt lat="46.03034" lon="7.00903">
        <ele>1634</ele>
        <extensions>
          <distance>11142</distance>
        </extensions>
      </trkpt>
      <trkpt lat="46.03039" lon="7.00878">
        <ele>1642</ele>
        <extensions>
          <distance>11163</distance>
        </extensions>
      </trkpt>
      <trkpt lat="46.030395" lon="7.008575">
        <ele>1649</ele>
        <extensions>
          <distance>11181</distance>
        </extensions>
      </trkpt>
      <trkpt lat="46.0304" lon="7.00837">
        <ele>1652</ele>
        <extensions>
          <distance>11197</distance>
        </extensions>
      </trkpt>
      <trkpt lat="46.03037" lon="7.00811">
        <ele>1661</ele>
        <extensions>
          <distance>11219</distance>
        </extensions>
      </trkpt>
      <trkpt lat="46.03029" lon="7.00785">
        <ele>1672</ele>
        <extensions>
          <distance>11244</distance>
        </extensions>
      </trkpt>
      <trkpt lat="46.03017" lon="7.00801">
        <ele>1676</ele>
        <extensions>
          <distance>11262</distance>
        </extensions>
      </trkpt>
      <trkpt lat="46.030015" lon="7.00814">
        <ele>1680</ele>
        <extensions>
          <distance>11283</distance>
        </extensions>
      </trkpt>
      <trkpt lat="46.02986" lon="7.00827">
        <ele>1687</ele>
        <extensions>
          <distance>11304</distance>
        </extensions>
      </trkpt>
      <trkpt lat="46.02965" lon="7.00839">
        <ele>1694</ele>
        <extensions>
          <distance>11330</distance>
        </extensions>
      </trkpt>
      <trkpt lat="46.02943" lon="7.0085">
        <ele>1704</ele>
        <extensions>
          <distance>11358</distance>
        </extensions>
      </trkpt>
      <trkpt lat="46.02923" lon="7.00866">
        <ele>1710</ele>
        <extensions>
          <distance>11384</distance>
        </extensions>
      </trkpt>
      <trkpt lat="46.02904" lon="7.00883">
        <ele>1718</ele>
        <extensions>
          <distance>11410</distance>
        </extensions>
      </trkpt>
      <trkpt lat="46.028905" lon="7.008825">
        <ele>1727</ele>
        <extensions>
          <distance>11428</distance>
        </extensions>
      </trkpt>
      <trkpt lat="46.02877" lon="7.00882">
        <ele>1736</ele>
        <extensions>
          <distance>11445</distance>
        </extensions>
      </trkpt>
      <trkpt lat="46.02863" lon="7.00908">
        <ele>1740</ele>
        <extensions>
          <distance>11471</distance>
        </extensions>
      </trkpt>
      <trkpt lat="46.0284975" lon="7.009214999999999">
        <ele>1746</ele>
        <extensions>
          <distance>11490</distance>
        </extensions>
      </trkpt>
      <trkpt lat="46.028365" lon="7.0093499999999995">
        <ele>1752</ele>
        <extensions>
          <distance>11509</distance>
        </extensions>
      </trkpt>
      <trkpt lat="46.0282325" lon="7.009485">
        <ele>1753</ele>
        <extensions>
          <distance>11527</distance>
        </extensions>
      </trkpt>
      <trkpt lat="46.0281" lon="7.00962">
        <ele>1753</ele>
        <extensions>
          <distance>11545</distance>
        </extensions>
      </trkpt>
      <trkpt lat="46.028005" lon="7.009774999999999">
        <ele>1755</ele>
        <extensions>
          <distance>11561</distance>
        </extensions>
      </trkpt>
      <trkpt lat="46.02791" lon="7.00993">
        <ele>1756</ele>
        <extensions>
          <distance>11577</distance>
        </extensions>
      </trkpt>
      <trkpt lat="46.02791" lon="7.01006">
        <ele>1757</ele>
        <extensions>
          <distance>11587</distance>
        </extensions>
      </trkpt>
      <trkpt lat="46.02772" lon="7.01022">
        <ele>1757</ele>
        <extensions>
          <distance>11612</distance>
        </extensions>
      </trkpt>
      <trkpt lat="46.02753" lon="7.01038">
        <ele>1759</ele>
        <extensions>
          <distance>11636</distance>
        </extensions>
      </trkpt>
      <trkpt lat="46.0274" lon="7.010595">
        <ele>1760</ele>
        <extensions>
          <distance>11658</distance>
        </extensions>
      </trkpt>
      <trkpt lat="46.02727" lon="7.01081">
        <ele>1765</ele>
        <extensions>
          <distance>11681</distance>
        </extensions>
      </trkpt>
      <trkpt lat="46.02726" lon="7.01089">
        <ele>1766</ele>
        <extensions>
          <distance>11687</distance>
        </extensions>
      </trkpt>
      <trkpt lat="46.027055000000004" lon="7.01102">
        <ele>1769</ele>
        <extensions>
          <distance>11712</distance>
        </extensions>
      </trkpt>
      <trkpt lat="46.02685" lon="7.01115">
        <ele>1770</ele>
        <extensions>
          <distance>11737</distance>
        </extensions>
      </trkpt>
      <trkpt lat="46.026740000000004" lon="7.011324999999999">
        <ele>1770</ele>
        <extensions>
          <distance>11755</distance>
        </extensions>
      </trkpt>
      <trkpt lat="46.02663" lon="7.0115">
        <ele>1770</ele>
        <extensions>
          <distance>11774</distance>
        </extensions>
      </trkpt>
      <trkpt lat="46.026465" lon="7.0116700000000005">
        <ele>1773</ele>
        <extensions>
          <distance>11796</distance>
        </extensions>
      </trkpt>
      <trkpt lat="46.0263" lon="7.01184">
        <ele>1773</ele>
        <extensions>
          <distance>11819</distance>
        </extensions>
      </trkpt>
      <trkpt lat="46.02624" lon="7.01171">
        <ele>1773</ele>
        <extensions>
          <distance>11831</distance>
        </extensions>
      </trkpt>
      <trkpt lat="46.02624" lon="7.01158">
        <ele>1777</ele>
        <extensions>
          <distance>11841</distance>
        </extensions>
      </trkpt>
      <trkpt lat="46.02613" lon="7.01137">
        <ele>1790</ele>
        <extensions>
          <distance>11865</distance>
        </extensions>
      </trkpt>
      <trkpt lat="46.02601" lon="7.01127">
        <ele>1797</ele>
        <extensions>
          <distance>11882</distance>
        </extensions>
      </trkpt>
      <trkpt lat="46.02589" lon="7.01117">
        <ele>1804</ele>
        <extensions>
          <distance>11899</distance>
        </extensions>
      </trkpt>
      <trkpt lat="46.02584" lon="7.01107">
        <ele>1813</ele>
        <extensions>
          <distance>11912</distance>
        </extensions>
      </trkpt>
      <trkpt lat="46.02584" lon="7.01085">
        <ele>1830</ele>
        <extensions>
          <distance>11936</distance>
        </extensions>
      </trkpt>
      <trkpt lat="46.02572" lon="7.0107">
        <ele>1837</ele>
        <extensions>
          <distance>11955</distance>
        </extensions>
      </trkpt>
      <trkpt lat="46.0256" lon="7.01055">
        <ele>1843</ele>
        <extensions>
          <distance>11974</distance>
        </extensions>
      </trkpt>
      <trkpt lat="46.02548" lon="7.010400000000001">
        <ele>1848</ele>
        <extensions>
          <distance>11992</distance>
        </extensions>
      </trkpt>
      <trkpt lat="46.02536" lon="7.01025">
        <ele>1852</ele>
        <extensions>
          <distance>12011</distance>
        </extensions>
      </trkpt>
      <trkpt lat="46.0252" lon="7.00994">
        <ele>1867</ele>
        <extensions>
          <distance>12044</distance>
        </extensions>
      </trkpt>
      <trkpt lat="46.025025" lon="7.00978">
        <ele>1870</ele>
        <extensions>
          <distance>12067</distance>
        </extensions>
      </trkpt>
      <trkpt lat="46.02485" lon="7.00962">
        <ele>1877</ele>
        <extensions>
          <distance>12091</distance>
        </extensions>
      </trkpt>
      <trkpt lat="46.02474" lon="7.00958">
        <ele>1878</ele>
        <extensions>
          <distance>12104</distance>
        </extensions>
      </trkpt>
      <trkpt lat="46.02464" lon="7.00949">
        <ele>1879</ele>
        <extensions>
          <distance>12117</distance>
        </extensions>
      </trkpt>
      <trkpt lat="46.02468" lon="7.00931">
        <ele>1893</ele>
        <extensions>
          <distance>12135</distance>
        </extensions>
      </trkpt>
      <trkpt lat="46.02453" lon="7.009202500000001">
        <ele>1893</ele>
        <extensions>
          <distance>12153</distance>
        </extensions>
      </trkpt>
      <trkpt lat="46.024379999999994" lon="7.009095">
        <ele>1897</ele>
        <extensions>
          <distance>12172</distance>
        </extensions>
      </trkpt>
      <trkpt lat="46.024229999999996" lon="7.0089875">
        <ele>1898</ele>
        <extensions>
          <distance>12191</distance>
        </extensions>
      </trkpt>
      <trkpt lat="46.02408" lon="7.00888">
        <ele>1905</ele>
        <extensions>
          <distance>12210</distance>
        </extensions>
      </trkpt>
      <trkpt lat="46.02423" lon="7.00888">
        <ele>1908</ele>
        <extensions>
          <distance>12227</distance>
        </extensions>
      </trkpt>
      <trkpt lat="46.02438" lon="7.00888">
        <ele>1912</ele>
        <extensions>
          <distance>12244</distance>
        </extensions>
      </trkpt>
      <trkpt lat="46.02422" lon="7.008800000000001">
        <ele>1914</ele>
        <extensions>
          <distance>12263</distance>
        </extensions>
      </trkpt>
      <trkpt lat="46.02406" lon="7.00872">
        <ele>1914</ele>
        <extensions>
          <distance>12282</distance>
        </extensions>
      </trkpt>
      <trkpt lat="46.02397" lon="7.00859">
        <ele>1914</ele>
        <extensions>
          <distance>12296</distance>
        </extensions>
      </trkpt>
      <trkpt lat="46.02374" lon="7.0086">
        <ele>1918</ele>
        <extensions>
          <distance>12322</distance>
        </extensions>
      </trkpt>
      <trkpt lat="46.02361" lon="7.00868">
        <ele>1921</ele>
        <extensions>
          <distance>12338</distance>
        </extensions>
      </trkpt>
      <trkpt lat="46.02349" lon="7.00877">
        <ele>1927</ele>
        <extensions>
          <distance>12354</distance>
        </extensions>
      </trkpt>
      <trkpt lat="46.0235" lon="7.00842">
        <ele>1927</ele>
        <extensions>
          <distance>12381</distance>
        </extensions>
      </trkpt>
      <trkpt lat="46.02342" lon="7.00842">
        <ele>1928</ele>
        <extensions>
          <distance>12390</distance>
        </extensions>
      </trkpt>
      <trkpt lat="46.02354" lon="7.00821">
        <ele>1943</ele>
        <extensions>
          <distance>12414</distance>
        </extensions>
      </trkpt>
      <trkpt lat="46.02346" lon="7.00807">
        <ele>1955</ele>
        <extensions>
          <distance>12432</distance>
        </extensions>
      </trkpt>
      <trkpt lat="46.02345" lon="7.00792">
        <ele>1964</ele>
        <extensions>
          <distance>12447</distance>
        </extensions>
      </trkpt>
      <trkpt lat="46.02333" lon="7.0078">
        <ele>1970</ele>
        <extensions>
          <distance>12464</distance>
        </extensions>
      </trkpt>
      <trkpt lat="46.02329" lon="7.00763">
        <ele>1978</ele>
        <extensions>
          <distance>12480</distance>
        </extensions>
      </trkpt>
      <trkpt lat="46.0232" lon="7.00759">
        <ele>1979</ele>
        <extensions>
          <distance>12491</distance>
        </extensions>
      </trkpt>
      <trkpt lat="46.02328" lon="7.00742">
        <ele>1993</ele>
        <extensions>
          <distance>12510</distance>
        </extensions>
      </trkpt>
      <trkpt lat="46.02327" lon="7.00737">
        <ele>1993</ele>
        <extensions>
          <distance>12514</distance>
        </extensions>
      </trkpt>
      <trkpt lat="46.02315" lon="7.00722">
        <ele>1994</ele>
        <extensions>
          <distance>12532</distance>
        </extensions>
      </trkpt>
      <trkpt lat="46.022999999999996" lon="7.007175">
        <ele>1995</ele>
        <extensions>
          <distance>12549</distance>
        </extensions>
      </trkpt>
      <trkpt lat="46.02285" lon="7.00713">
        <ele>1995</ele>
        <extensions>
          <distance>12566</distance>
        </extensions>
      </trkpt>
      <trkpt lat="46.022715" lon="7.007">
        <ele>1997</ele>
        <extensions>
          <distance>12584</distance>
        </extensions>
      </trkpt>
      <trkpt lat="46.02258" lon="7.00687">
        <ele>1998</ele>
        <extensions>
          <distance>12602</distance>
        </extensions>
      </trkpt>
      <trkpt lat="46.0225" lon="7.00683">
        <ele>2000</ele>
        <extensions>
          <distance>12612</distance>
        </extensions>
      </trkpt>
      <trkpt lat="46.02255" lon="7.00673">
        <ele>2007</ele>
        <extensions>
          <distance>12624</distance>
        </extensions>
      </trkpt>
      <trkpt lat="46.02274" lon="7.00669">
        <ele>2012</ele>
        <extensions>
          <distance>12646</distance>
        </extensions>
      </trkpt>
      <trkpt lat="46.02281" lon="7.00658">
        <ele>2023</ele>
        <extensions>
          <distance>12662</distance>
        </extensions>
      </trkpt>
      <trkpt lat="46.02297" lon="7.00658">
        <ele>2027</ele>
        <extensions>
          <distance>12680</distance>
        </extensions>
      </trkpt>
      <trkpt lat="46.02283" lon="7.0064">
        <ele>2035</ele>
        <extensions>
          <distance>12702</distance>
        </extensions>
      </trkpt>
      <trkpt lat="46.022695" lon="7.0062549999999995">
        <ele>2040</ele>
        <extensions>
          <distance>12722</distance>
        </extensions>
      </trkpt>
      <trkpt lat="46.02256" lon="7.00611">
        <ele>2045</ele>
        <extensions>
          <distance>12741</distance>
        </extensions>
      </trkpt>
      <trkpt lat="46.02244" lon="7.00591">
        <ele>2054</ele>
        <extensions>
          <distance>12763</distance>
        </extensions>
      </trkpt>
      <trkpt lat="46.02233" lon="7.0057">
        <ele>2054</ele>
        <extensions>
          <distance>12784</distance>
        </extensions>
      </trkpt>
      <trkpt lat="46.022194999999996" lon="7.0056899999999995">
        <ele>2054</ele>
        <extensions>
          <distance>12799</distance>
        </extensions>
      </trkpt>
      <trkpt lat="46.02206" lon="7.00568">
        <ele>2055</ele>
        <extensions>
          <distance>12814</distance>
        </extensions>
      </trkpt>
      <trkpt lat="46.021895" lon="7.005615000000001">
        <ele>2058</ele>
        <extensions>
          <distance>12833</distance>
        </extensions>
      </trkpt>
      <trkpt lat="46.02173" lon="7.00555">
        <ele>2058</ele>
        <extensions>
          <distance>12852</distance>
        </extensions>
      </trkpt>
      <trkpt lat="46.02187" lon="7.00539">
        <ele>2064</ele>
        <extensions>
          <distance>12872</distance>
        </extensions>
      </trkpt>
      <trkpt lat="46.02206" lon="7.00533">
        <ele>2072</ele>
        <extensions>
          <distance>12895</distance>
        </extensions>
      </trkpt>
      <trkpt lat="46.0223" lon="7.0054">
        <ele>2075</ele>
        <extensions>
          <distance>12923</distance>
        </extensions>
      </trkpt>
      <trkpt lat="46.022465" lon="7.0055">
        <ele>2075</ele>
        <extensions>
          <distance>12943</distance>
        </extensions>
      </trkpt>
      <trkpt lat="46.02263" lon="7.0056">
        <ele>2078</ele>
        <extensions>
          <distance>12963</distance>
        </extensions>
      </trkpt>
      <trkpt lat="46.02284" lon="7.00565">
        <ele>2079</ele>
        <extensions>
          <distance>12986</distance>
        </extensions>
      </trkpt>
      <trkpt lat="46.0228" lon="7.00542">
        <ele>2086</ele>
        <extensions>
          <distance>13006</distance>
        </extensions>
      </trkpt>
      <trkpt lat="46.02283" lon="7.00529">
        <ele>2092</ele>
        <extensions>
          <distance>13018</distance>
        </extensions>
      </trkpt>
      <trkpt lat="46.02281" lon="7.00515">
        <ele>2098</ele>
        <extensions>
          <distance>13030</distance>
        </extensions>
      </trkpt>
      <trkpt lat="46.02283" lon="7.00507">
        <ele>2104</ele>
        <extensions>
          <distance>13039</distance>
        </extensions>
      </trkpt>
      <trkpt lat="46.02305" lon="7.00512">
        <ele>2104</ele>
        <extensions>
          <distance>13064</distance>
        </extensions>
      </trkpt>
      <trkpt lat="46.02309" lon="7.00475">
        <ele>2119</ele>
        <extensions>
          <distance>13095</distance>
        </extensions>
      </trkpt>
      <trkpt lat="46.023235" lon="7.00467">
        <ele>2124</ele>
        <extensions>
          <distance>13113</distance>
        </extensions>
      </trkpt>
      <trkpt lat="46.02338" lon="7.00459">
        <ele>2131</ele>
        <extensions>
          <distance>13132</distance>
        </extensions>
      </trkpt>
      <trkpt lat="46.0235325" lon="7.004635">
        <ele>2133</ele>
        <extensions>
          <distance>13149</distance>
        </extensions>
      </trkpt>
      <trkpt lat="46.023685" lon="7.0046800000000005">
        <ele>2137</ele>
        <extensions>
          <distance>13167</distance>
        </extensions>
      </trkpt>
      <trkpt lat="46.0238375" lon="7.0047250000000005">
        <ele>2137</ele>
        <extensions>
          <distance>13184</distance>
        </extensions>
      </trkpt>
      <trkpt lat="46.02399" lon="7.00477">
        <ele>2137</ele>
        <extensions>
          <distance>13201</distance>
        </extensions>
      </trkpt>
      <trkpt lat="46.024155" lon="7.0048525">
        <ele>2137</ele>
        <extensions>
          <distance>13221</distance>
        </extensions>
      </trkpt>
      <trkpt lat="46.02432" lon="7.004935">
        <ele>2137</ele>
        <extensions>
          <distance>13240</distance>
        </extensions>
      </trkpt>
      <trkpt lat="46.024485" lon="7.005017499999999">
        <ele>2137</ele>
        <extensions>
          <distance>13260</distance>
        </extensions>
      </trkpt>
      <trkpt lat="46.02465" lon="7.0051">
        <ele>2136</ele>
        <extensions>
          <distance>13279</distance>
        </extensions>
      </trkpt>
      <trkpt lat="46.02481" lon="7.005224999999999">
        <ele>2136</ele>
        <extensions>
          <distance>13299</distance>
        </extensions>
      </trkpt>
      <trkpt lat="46.024969999999996" lon="7.00535">
        <ele>2135</ele>
        <extensions>
          <distance>13320</distance>
        </extensions>
      </trkpt>
      <trkpt lat="46.02513" lon="7.005475">
        <ele>2132</ele>
        <extensions>
          <distance>13340</distance>
        </extensions>
      </trkpt>
      <trkpt lat="46.02529" lon="7.005599999999999">
        <ele>2126</ele>
        <extensions>
          <distance>13361</distance>
        </extensions>
      </trkpt>
      <trkpt lat="46.02545" lon="7.005725">
        <ele>2120</ele>
        <extensions>
          <distance>13382</distance>
        </extensions>
      </trkpt>
      <trkpt lat="46.02561" lon="7.00585">
        <ele>2115</ele>
        <extensions>
          <distance>13403</distance>
        </extensions>
      </trkpt>
      <trkpt lat="46.02577" lon="7.005974999999999">
        <ele>2114</ele>
        <extensions>
          <distance>13423</distance>
        </extensions>
      </trkpt>
      <trkpt lat="46.02593" lon="7.0061">
        <ele>2114</ele>
        <extensions>
          <distance>13443</distance>
        </extensions>
      </trkpt>
      <trkpt lat="46.02617" lon="7.00596">
        <ele>2114</ele>
        <extensions>
          <distance>13472</distance>
        </extensions>
      </trkpt>
      <trkpt lat="46.0264" lon="7.00581">
        <ele>2114</ele>
        <extensions>
          <distance>13500</distance>
        </extensions>
      </trkpt>
      <trkpt lat="46.0263" lon="7.00563">
        <ele>2121</ele>
        <extensions>
          <distance>13518</distance>
        </extensions>
      </trkpt>
      <trkpt lat="46.0265275" lon="7.0054525000000005">
        <ele>2121</ele>
        <extensions>
          <distance>13547</distance>
        </extensions>
      </trkpt>
      <trkpt lat="46.026754999999994" lon="7.005275">
        <ele>2121</ele>
        <extensions>
          <distance>13576</distance>
        </extensions>
      </trkpt>
      <trkpt lat="46.026982499999995" lon="7.0050975">
        <ele>2121</ele>
        <extensions>
          <distance>13605</distance>
        </extensions>
      </trkpt>
      <trkpt lat="46.02721" lon="7.00492">
        <ele>2116</ele>
        <extensions>
          <distance>13634</distance>
        </extensions>
      </trkpt>
      <trkpt lat="46.0273325" lon="7.0047875">
        <ele>2110</ele>
        <extensions>
          <distance>13652</distance>
        </extensions>
      </trkpt>
      <trkpt lat="46.027455" lon="7.004655">
        <ele>2107</ele>
        <extensions>
          <distance>13669</distance>
        </extensions>
      </trkpt>
      <trkpt lat="46.02757750000001" lon="7.0045225">
        <ele>2094</ele>
        <extensions>
          <distance>13690</distance>
        </extensions>
      </trkpt>
      <trkpt lat="46.0277" lon="7.00439">
        <ele>2089</ele>
        <extensions>
          <distance>13708</distance>
        </extensions>
      </trkpt>
      <trkpt lat="46.0277175" lon="7.004172499999999">
        <ele>2086</ele>
        <extensions>
          <distance>13725</distance>
        </extensions>
      </trkpt>
      <trkpt lat="46.027735" lon="7.0039549999999995">
        <ele>2082</ele>
        <extensions>
          <distance>13743</distance>
        </extensions>
      </trkpt>
      <trkpt lat="46.0277525" lon="7.0037375">
        <ele>2078</ele>
        <extensions>
          <distance>13760</distance>
        </extensions>
      </trkpt>
      <trkpt lat="46.02777" lon="7.00352">
        <ele>2075</ele>
        <extensions>
          <distance>13777</distance>
        </extensions>
      </trkpt>
      <trkpt lat="46.02773125" lon="7.00330625">
        <ele>2075</ele>
        <extensions>
          <distance>13794</distance>
        </extensions>
      </trkpt>
      <trkpt lat="46.0276925" lon="7.0030925">
        <ele>2075</ele>
        <extensions>
          <distance>13812</distance>
        </extensions>
      </trkpt>
      <trkpt lat="46.02765375" lon="7.002878750000001">
        <ele>2075</ele>
        <extensions>
          <distance>13829</distance>
        </extensions>
      </trkpt>
      <trkpt lat="46.027615" lon="7.002665">
        <ele>2077</ele>
        <extensions>
          <distance>13846</distance>
        </extensions>
      </trkpt>
      <trkpt lat="46.027576249999996" lon="7.00245125">
        <ele>2081</ele>
        <extensions>
          <distance>13863</distance>
        </extensions>
      </trkpt>
      <trkpt lat="46.027537499999994" lon="7.0022375">
        <ele>2082</ele>
        <extensions>
          <distance>13880</distance>
        </extensions>
      </trkpt>
      <trkpt lat="46.02749874999999" lon="7.002023749999999">
        <ele>2082</ele>
        <extensions>
          <distance>13897</distance>
        </extensions>
      </trkpt>
      <trkpt lat="46.02746" lon="7.00181">
        <ele>2082</ele>
        <extensions>
          <distance>13914</distance>
        </extensions>
      </trkpt>
      <trkpt lat="46.02742125" lon="7.00159625">
        <ele>2082</ele>
        <extensions>
          <distance>13931</distance>
        </extensions>
      </trkpt>
      <trkpt lat="46.0273825" lon="7.0013825">
        <ele>2083</ele>
        <extensions>
          <distance>13949</distance>
        </extensions>
      </trkpt>
      <trkpt lat="46.02734375" lon="7.00116875">
        <ele>2083</ele>
        <extensions>
          <distance>13966</distance>
        </extensions>
      </trkpt>
      <trkpt lat="46.027305" lon="7.000954999999999">
        <ele>2085</ele>
        <extensions>
          <distance>13983</distance>
        </extensions>
      </trkpt>
      <trkpt lat="46.02726625" lon="7.000741249999999">
        <ele>2088</ele>
        <extensions>
          <distance>14000</distance>
        </extensions>
      </trkpt>
      <trkpt lat="46.027227499999995" lon="7.0005275">
        <ele>2093</ele>
        <extensions>
          <distance>14018</distance>
        </extensions>
      </trkpt>
      <trkpt lat="46.02718874999999" lon="7.00031375">
        <ele>2100</ele>
        <extensions>
          <distance>14037</distance>
        </extensions>
      </trkpt>
      <trkpt lat="46.02715" lon="7.0001">
        <ele>2104</ele>
        <extensions>
          <distance>14054</distance>
        </extensions>
      </trkpt>
      <trkpt lat="46.0272025" lon="6.999905">
        <ele>2104</ele>
        <extensions>
          <distance>14070</distance>
        </extensions>
      </trkpt>
      <trkpt lat="46.027255" lon="6.99971">
        <ele>2105</ele>
        <extensions>
          <distance>14086</distance>
        </extensions>
      </trkpt>
      <trkpt lat="46.0273075" lon="6.999515000000001">
        <ele>2105</ele>
        <extensions>
          <distance>14103</distance>
        </extensions>
      </trkpt>
      <trkpt lat="46.02736" lon="6.99932">
        <ele>2107</ele>
        <extensions>
          <distance>14119</distance>
        </extensions>
      </trkpt>
      <trkpt lat="46.0274125" lon="6.999124999999999">
        <ele>2107</ele>
        <extensions>
          <distance>14135</distance>
        </extensions>
      </trkpt>
      <trkpt lat="46.027465" lon="6.99893">
        <ele>2110</ele>
        <extensions>
          <distance>14151</distance>
        </extensions>
      </trkpt>
      <trkpt lat="46.0275175" lon="6.998735">
        <ele>2110</ele>
        <extensions>
          <distance>14168</distance>
        </extensions>
      </trkpt>
      <trkpt lat="46.02757" lon="6.99854">
        <ele>2110</ele>
        <extensions>
          <distance>14184</distance>
        </extensions>
      </trkpt>
      <trkpt lat="46.027705" lon="6.9983450000000005">
        <ele>2110</ele>
        <extensions>
          <distance>14205</distance>
        </extensions>
      </trkpt>
      <trkpt lat="46.02784" lon="6.998150000000001">
        <ele>2106</ele>
        <extensions>
          <distance>14226</distance>
        </extensions>
      </trkpt>
      <trkpt lat="46.027975" lon="6.997955000000001">
        <ele>2102</ele>
        <extensions>
          <distance>14248</distance>
        </extensions>
      </trkpt>
      <trkpt lat="46.02811" lon="6.99776">
        <ele>2101</ele>
        <extensions>
          <distance>14269</distance>
        </extensions>
      </trkpt>
      <trkpt lat="46.0281825" lon="6.997567500000001">
        <ele>2101</ele>
        <extensions>
          <distance>14286</distance>
        </extensions>
      </trkpt>
      <trkpt lat="46.028255" lon="6.997375">
        <ele>2101</ele>
        <extensions>
          <distance>14303</distance>
        </extensions>
      </trkpt>
      <trkpt lat="46.0283275" lon="6.9971825">
        <ele>2101</ele>
        <extensions>
          <distance>14320</distance>
        </extensions>
      </trkpt>
      <trkpt lat="46.0284" lon="6.99699">
        <ele>2103</ele>
        <extensions>
          <distance>14337</distance>
        </extensions>
      </trkpt>
      <trkpt lat="46.02847249999999" lon="6.9967975000000004">
        <ele>2104</ele>
        <extensions>
          <distance>14354</distance>
        </extensions>
      </trkpt>
      <trkpt lat="46.028544999999994" lon="6.996605000000001">
        <ele>2105</ele>
        <extensions>
          <distance>14371</distance>
        </extensions>
      </trkpt>
      <trkpt lat="46.028617499999996" lon="6.9964125">
        <ele>2105</ele>
        <extensions>
          <distance>14388</distance>
        </extensions>
      </trkpt>
      <trkpt lat="46.02869" lon="6.99622">
        <ele>2105</ele>
        <extensions>
          <distance>14405</distance>
        </extensions>
      </trkpt>
      <trkpt lat="46.028907499999995" lon="6.9961825">
        <ele>2105</ele>
        <extensions>
          <distance>14429</distance>
        </extensions>
      </trkpt>
      <trkpt lat="46.02912499999999" lon="6.996145">
        <ele>2098</ele>
        <extensions>
          <distance>14454</distance>
        </extensions>
      </trkpt>
      <trkpt lat="46.0293425" lon="6.9961075">
        <ele>2090</ele>
        <extensions>
          <distance>14480</distance>
        </extensions>
      </trkpt>
      <trkpt lat="46.02956" lon="6.99607">
        <ele>2089</ele>
        <extensions>
          <distance>14504</distance>
        </extensions>
      </trkpt>
      <trkpt lat="46.02961875" lon="6.9958275">
        <ele>2089</ele>
        <extensions>
          <distance>14524</distance>
        </extensions>
      </trkpt>
      <trkpt lat="46.02967749999999" lon="6.995585">
        <ele>2088</ele>
        <extensions>
          <distance>14544</distance>
        </extensions>
      </trkpt>
      <trkpt lat="46.02973624999999" lon="6.9953425">
        <ele>2088</ele>
        <extensions>
          <distance>14564</distance>
        </extensions>
      </trkpt>
      <trkpt lat="46.02979499999999" lon="6.9951">
        <ele>2088</ele>
        <extensions>
          <distance>14583</distance>
        </extensions>
      </trkpt>
      <trkpt lat="46.029853749999994" lon="6.9948575">
        <ele>2088</ele>
        <extensions>
          <distance>14603</distance>
        </extensions>
      </trkpt>
      <trkpt lat="46.029912499999995" lon="6.994615">
        <ele>2088</ele>
        <extensions>
          <distance>14623</distance>
        </extensions>
      </trkpt>
      <trkpt lat="46.029971249999996" lon="6.9943725">
        <ele>2088</ele>
        <extensions>
          <distance>14643</distance>
        </extensions>
      </trkpt>
      <trkpt lat="46.03003" lon="6.99413">
        <ele>2087</ele>
        <extensions>
          <distance>14663</distance>
        </extensions>
      </trkpt>
      <trkpt lat="46.030139999999996" lon="6.9939725">
        <ele>2084</ele>
        <extensions>
          <distance>14681</distance>
        </extensions>
      </trkpt>
      <trkpt lat="46.030249999999995" lon="6.993815">
        <ele>2083</ele>
        <extensions>
          <distance>14698</distance>
        </extensions>
      </trkpt>
      <trkpt lat="46.030359999999995" lon="6.993657499999999">
        <ele>2081</ele>
        <extensions>
          <distance>14715</distance>
        </extensions>
      </trkpt>
      <trkpt lat="46.030469999999994" lon="6.9935">
        <ele>2081</ele>
        <extensions>
          <distance>14732</distance>
        </extensions>
      </trkpt>
      <trkpt lat="46.03057999999999" lon="6.993342500000001">
        <ele>2081</ele>
        <extensions>
          <distance>14750</distance>
        </extensions>
      </trkpt>
      <trkpt lat="46.03068999999999" lon="6.993185">
        <ele>2080</ele>
        <extensions>
          <distance>14767</distance>
        </extensions>
      </trkpt>
      <trkpt lat="46.0308" lon="6.9930275">
        <ele>2080</ele>
        <extensions>
          <distance>14784</distance>
        </extensions>
      </trkpt>
      <trkpt lat="46.03091" lon="6.99287">
        <ele>2079</ele>
        <extensions>
          <distance>14802</distance>
        </extensions>
      </trkpt>
      <trkpt lat="46.03104" lon="6.99269">
        <ele>2078</ele>
        <extensions>
          <distance>14822</distance>
        </extensions>
      </trkpt>
      <trkpt lat="46.0312325" lon="6.992675">
        <ele>2069</ele>
        <extensions>
          <distance>14845</distance>
        </extensions>
      </trkpt>
      <trkpt lat="46.031425" lon="6.99266">
        <ele>2062</ele>
        <extensions>
          <distance>14867</distance>
        </extensions>
      </trkpt>
      <trkpt lat="46.031617499999996" lon="6.9926449999999996">
        <ele>2055</ele>
        <extensions>
          <distance>14890</distance>
        </extensions>
      </trkpt>
      <trkpt lat="46.03181" lon="6.99263">
        <ele>2055</ele>
        <extensions>
          <distance>14911</distance>
        </extensions>
      </trkpt>
      <trkpt lat="46.03176875" lon="6.99240875">
        <ele>2055</ele>
        <extensions>
          <distance>14929</distance>
        </extensions>
      </trkpt>
      <trkpt lat="46.0317275" lon="6.9921875">
        <ele>2055</ele>
        <extensions>
          <distance>14947</distance>
        </extensions>
      </trkpt>
      <trkpt lat="46.03168625" lon="6.99196625">
        <ele>2055</ele>
        <extensions>
          <distance>14965</distance>
        </extensions>
      </trkpt>
      <trkpt lat="46.031645" lon="6.991745">
        <ele>2058</ele>
        <extensions>
          <distance>14982</distance>
        </extensions>
      </trkpt>
      <trkpt lat="46.03160375" lon="6.99152375">
        <ele>2065</ele>
        <extensions>
          <distance>15001</distance>
        </extensions>
      </trkpt>
      <trkpt lat="46.0315625" lon="6.9913025">
        <ele>2068</ele>
        <extensions>
          <distance>15019</distance>
        </extensions>
      </trkpt>
      <trkpt lat="46.03152125" lon="6.99108125">
        <ele>2072</ele>
        <extensions>
          <distance>15038</distance>
        </extensions>
      </trkpt>
      <trkpt lat="46.03148" lon="6.99086">
        <ele>2076</ele>
        <extensions>
          <distance>15056</distance>
        </extensions>
      </trkpt>
      <trkpt lat="46.03143875" lon="6.99063875">
        <ele>2078</ele>
        <extensions>
          <distance>15074</distance>
        </extensions>
      </trkpt>
      <trkpt lat="46.0313975" lon="6.9904174999999995">
        <ele>2079</ele>
        <extensions>
          <distance>15091</distance>
        </extensions>
      </trkpt>
      <trkpt lat="46.03135625" lon="6.9901962499999994">
        <ele>2081</ele>
        <extensions>
          <distance>15109</distance>
        </extensions>
      </trkpt>
      <trkpt lat="46.031315" lon="6.989974999999999">
        <ele>2082</ele>
        <extensions>
          <distance>15127</distance>
        </extensions>
      </trkpt>
      <trkpt lat="46.03127375" lon="6.989753749999999">
        <ele>2082</ele>
        <extensions>
          <distance>15145</distance>
        </extensions>
      </trkpt>
      <trkpt lat="46.0312325" lon="6.989532499999999">
        <ele>2082</ele>
        <extensions>
          <distance>15162</distance>
        </extensions>
      </trkpt>
      <trkpt lat="46.03119125" lon="6.98931125">
        <ele>2084</ele>
        <extensions>
          <distance>15180</distance>
        </extensions>
      </trkpt>
      <trkpt lat="46.03115" lon="6.98909">
        <ele>2085</ele>
        <extensions>
          <distance>15198</distance>
        </extensions>
      </trkpt>
      <trkpt lat="46.03097" lon="6.9889">
        <ele>2085</ele>
        <extensions>
          <distance>15223</distance>
        </extensions>
      </trkpt>
      <trkpt lat="46.03078" lon="6.98872">
        <ele>2092</ele>
        <extensions>
          <distance>15249</distance>
        </extensions>
      </trkpt>
      <trkpt lat="46.0306" lon="6.98853">
        <ele>2096</ele>
        <extensions>
          <distance>15274</distance>
        </extensions>
      </trkpt>
      <trkpt lat="46.03042" lon="6.98834">
        <ele>2104</ele>
        <extensions>
          <distance>15300</distance>
        </extensions>
      </trkpt>
      <trkpt lat="46.03033375" lon="6.988155000000001">
        <ele>2104</ele>
        <extensions>
          <distance>15317</distance>
        </extensions>
      </trkpt>
      <trkpt lat="46.0302475" lon="6.987970000000001">
        <ele>2104</ele>
        <extensions>
          <distance>15334</distance>
        </extensions>
      </trkpt>
      <trkpt lat="46.03016125" lon="6.987785000000001">
        <ele>2104</ele>
        <extensions>
          <distance>15352</distance>
        </extensions>
      </trkpt>
      <trkpt lat="46.030075" lon="6.9876000000000005">
        <ele>2104</ele>
        <extensions>
          <distance>15369</distance>
        </extensions>
      </trkpt>
      <trkpt lat="46.02998875" lon="6.987415">
        <ele>2104</ele>
        <extensions>
          <distance>15386</distance>
        </extensions>
      </trkpt>
      <trkpt lat="46.0299025" lon="6.98723">
        <ele>2104</ele>
        <extensions>
          <distance>15403</distance>
        </extensions>
      </trkpt>
      <trkpt lat="46.029816249999996" lon="6.987045">
        <ele>2104</ele>
        <extensions>
          <distance>15420</distance>
        </extensions>
      </trkpt>
      <trkpt lat="46.02973" lon="6.98686">
        <ele>2105</ele>
        <extensions>
          <distance>15438</distance>
        </extensions>
      </trkpt>
      <trkpt lat="46.029520000000005" lon="6.986625">
        <ele>2114</ele>
        <extensions>
          <distance>15468</distance>
        </extensions>
      </trkpt>
      <trkpt lat="46.02931" lon="6.98639">
        <ele>2123</ele>
        <extensions>
          <distance>15499</distance>
        </extensions>
      </trkpt>
      <trkpt lat="46.029193750000005" lon="6.98608625">
        <ele>2123</ele>
        <extensions>
          <distance>15525</distance>
        </extensions>
      </trkpt>
      <trkpt lat="46.0290775" lon="6.9857825">
        <ele>2124</ele>
        <extensions>
          <distance>15552</distance>
        </extensions>
      </trkpt>
      <trkpt lat="46.02896125" lon="6.98547875">
        <ele>2126</ele>
        <extensions>
          <distance>15579</distance>
        </extensions>
      </trkpt>
      <trkpt lat="46.028845000000004" lon="6.985175">
        <ele>2127</ele>
        <extensions>
          <distance>15606</distance>
        </extensions>
      </trkpt>
      <trkpt lat="46.02872875" lon="6.984871249999999">
        <ele>2130</ele>
        <extensions>
          <distance>15633</distance>
        </extensions>
      </trkpt>
      <trkpt lat="46.0286125" lon="6.9845675">
        <ele>2131</ele>
        <extensions>
          <distance>15660</distance>
        </extensions>
      </trkpt>
      <trkpt lat="46.02849625" lon="6.98426375">
        <ele>2134</ele>
        <extensions>
          <distance>15687</distance>
        </extensions>
      </trkpt>
      <trkpt lat="46.02838" lon="6.98396">
        <ele>2134</ele>
        <extensions>
          <distance>15714</distance>
        </extensions>
      </trkpt>
      <trkpt lat="46.028265" lon="6.98376">
        <ele>2135</ele>
        <extensions>
          <distance>15734</distance>
        </extensions>
      </trkpt>
      <trkpt lat="46.02815" lon="6.98356">
        <ele>2137</ele>
        <extensions>
          <distance>15754</distance>
        </extensions>
      </trkpt>
      <trkpt lat="46.02811749999999" lon="6.9832374999999995">
        <ele>2139</ele>
        <extensions>
          <distance>15779</distance>
        </extensions>
      </trkpt>
      <trkpt lat="46.028085" lon="6.982915">
        <ele>2139</ele>
        <extensions>
          <distance>15804</distance>
        </extensions>
      </trkpt>
      <trkpt lat="46.0280525" lon="6.9825925">
        <ele>2139</ele>
        <extensions>
          <distance>15829</distance>
        </extensions>
      </trkpt>
      <trkpt lat="46.02802" lon="6.98227">
        <ele>2137</ele>
        <extensions>
          <distance>15855</distance>
        </extensions>
      </trkpt>
      <trkpt lat="46.02804" lon="6.98203125">
        <ele>2135</ele>
        <extensions>
          <distance>15873</distance>
        </extensions>
      </trkpt>
      <trkpt lat="46.028059999999996" lon="6.9817925">
        <ele>2134</ele>
        <extensions>
          <distance>15892</distance>
        </extensions>
      </trkpt>
      <trkpt lat="46.028079999999996" lon="6.98155375">
        <ele>2129</ele>
        <extensions>
          <distance>15911</distance>
        </extensions>
      </trkpt>
      <trkpt lat="46.028099999999995" lon="6.981315">
        <ele>2129</ele>
        <extensions>
          <distance>15930</distance>
        </extensions>
      </trkpt>
      <trkpt lat="46.028119999999994" lon="6.98107625">
        <ele>2128</ele>
        <extensions>
          <distance>15948</distance>
        </extensions>
      </trkpt>
      <trkpt lat="46.02813999999999" lon="6.9808375">
        <ele>2124</ele>
        <extensions>
          <distance>15967</distance>
        </extensions>
      </trkpt>
      <trkpt lat="46.02816" lon="6.98059875">
        <ele>2124</ele>
        <extensions>
          <distance>15986</distance>
        </extensions>
      </trkpt>
      <trkpt lat="46.02818" lon="6.98036">
        <ele>2124</ele>
        <extensions>
          <distance>16005</distance>
        </extensions>
      </trkpt>
      <trkpt lat="46.0280675" lon="6.980237499999999">
        <ele>2124</ele>
        <extensions>
          <distance>16020</distance>
        </extensions>
      </trkpt>
      <trkpt lat="46.027955" lon="6.980115">
        <ele>2124</ele>
        <extensions>
          <distance>16036</distance>
        </extensions>
      </trkpt>
      <trkpt lat="46.0278425" lon="6.9799925">
        <ele>2131</ele>
        <extensions>
          <distance>16052</distance>
        </extensions>
      </trkpt>
      <trkpt lat="46.02773" lon="6.97987">
        <ele>2132</ele>
        <extensions>
          <distance>16068</distance>
        </extensions>
      </trkpt>
      <trkpt lat="46.0278" lon="6.9797">
        <ele>2138</ele>
        <extensions>
          <distance>16084</distance>
        </extensions>
      </trkpt>
      <trkpt lat="46.027625" lon="6.9794350000000005">
        <ele>2140</ele>
        <extensions>
          <distance>16112</distance>
        </extensions>
      </trkpt>
      <trkpt lat="46.02745" lon="6.97917">
        <ele>2146</ele>
        <extensions>
          <distance>16141</distance>
        </extensions>
      </trkpt>
      <trkpt lat="46.02736875" lon="6.978843749999999">
        <ele>2150</ele>
        <extensions>
          <distance>16168</distance>
        </extensions>
      </trkpt>
      <trkpt lat="46.0272875" lon="6.9785175">
        <ele>2155</ele>
        <extensions>
          <distance>16195</distance>
        </extensions>
      </trkpt>
      <trkpt lat="46.02720625" lon="6.97819125">
        <ele>2159</ele>
        <extensions>
          <distance>16222</distance>
        </extensions>
      </trkpt>
      <trkpt lat="46.027125" lon="6.9778649999999995">
        <ele>2161</ele>
        <extensions>
          <distance>16249</distance>
        </extensions>
      </trkpt>
      <trkpt lat="46.02704375" lon="6.97753875">
        <ele>2163</ele>
        <extensions>
          <distance>16276</distance>
        </extensions>
      </trkpt>
      <trkpt lat="46.026962499999996" lon="6.9772125">
        <ele>2165</ele>
        <extensions>
          <distance>16303</distance>
        </extensions>
      </trkpt>
      <trkpt lat="46.02688125" lon="6.97688625">
        <ele>2165</ele>
        <extensions>
          <distance>16330</distance>
        </extensions>
      </trkpt>
      <trkpt lat="46.0268" lon="6.97656">
        <ele>2169</ele>
        <extensions>
          <distance>16357</distance>
        </extensions>
      </trkpt>
      <trkpt lat="46.0266975" lon="6.976345">
        <ele>2176</ele>
        <extensions>
          <distance>16378</distance>
        </extensions>
      </trkpt>
      <trkpt lat="46.026595" lon="6.9761299999999995">
        <ele>2182</ele>
        <extensions>
          <distance>16399</distance>
        </extensions>
      </trkpt>
      <trkpt lat="46.0264925" lon="6.975915">
        <ele>2186</ele>
        <extensions>
          <distance>16420</distance>
        </extensions>
      </trkpt>
      <trkpt lat="46.02639" lon="6.9757">
        <ele>2192</ele>
        <extensions>
          <distance>16441</distance>
        </extensions>
      </trkpt>
      <trkpt lat="46.02637" lon="6.9754925">
        <ele>2193</ele>
        <extensions>
          <distance>16457</distance>
        </extensions>
      </trkpt>
      <trkpt lat="46.02635" lon="6.9752849999999995">
        <ele>2196</ele>
        <extensions>
          <distance>16474</distance>
        </extensions>
      </trkpt>
      <trkpt lat="46.02633" lon="6.975077499999999">
        <ele>2198</ele>
        <extensions>
          <distance>16490</distance>
        </extensions>
      </trkpt>
      <trkpt lat="46.02631" lon="6.97487">
        <ele>2202</ele>
        <extensions>
          <distance>16507</distance>
        </extensions>
      </trkpt>
      <trkpt lat="46.026405" lon="6.974690000000001">
        <ele>2204</ele>
        <extensions>
          <distance>16524</distance>
        </extensions>
      </trkpt>
      <trkpt lat="46.0265" lon="6.97451">
        <ele>2204</ele>
        <extensions>
          <distance>16541</distance>
        </extensions>
      </trkpt>
      <trkpt lat="46.026309999999995" lon="6.97428">
        <ele>2212</ele>
        <extensions>
          <distance>16570</distance>
        </extensions>
      </trkpt>
      <trkpt lat="46.02612" lon="6.97405">
        <ele>2221</ele>
        <extensions>
          <distance>16599</distance>
        </extensions>
      </trkpt>
      <trkpt lat="46.026096249999995" lon="6.97385375">
        <ele>2221</ele>
        <extensions>
          <distance>16614</distance>
        </extensions>
      </trkpt>
      <trkpt lat="46.0260725" lon="6.9736575">
        <ele>2222</ele>
        <extensions>
          <distance>16630</distance>
        </extensions>
      </trkpt>
      <trkpt lat="46.02604875" lon="6.97346125">
        <ele>2222</ele>
        <extensions>
          <distance>16645</distance>
        </extensions>
      </trkpt>
      <trkpt lat="46.026025000000004" lon="6.973265">
        <ele>2222</ele>
        <extensions>
          <distance>16661</distance>
        </extensions>
      </trkpt>
      <trkpt lat="46.02600125000001" lon="6.9730687499999995">
        <ele>2221</ele>
        <extensions>
          <distance>16676</distance>
        </extensions>
      </trkpt>
      <trkpt lat="46.0259775" lon="6.972872499999999">
        <ele>2220</ele>
        <extensions>
          <distance>16691</distance>
        </extensions>
      </trkpt>
      <trkpt lat="46.02595375" lon="6.972676249999999">
        <ele>2219</ele>
        <extensions>
          <distance>16707</distance>
        </extensions>
      </trkpt>
      <trkpt lat="46.02593" lon="6.97248">
        <ele>2219</ele>
        <extensions>
          <distance>16722</distance>
        </extensions>
      </trkpt>
      <trkpt lat="46.0259775" lon="6.97221875">
        <ele>2213</ele>
        <extensions>
          <distance>16743</distance>
        </extensions>
      </trkpt>
      <trkpt lat="46.026025000000004" lon="6.9719575">
        <ele>2211</ele>
        <extensions>
          <distance>16764</distance>
        </extensions>
      </trkpt>
      <trkpt lat="46.026072500000005" lon="6.97169625">
        <ele>2210</ele>
        <extensions>
          <distance>16785</distance>
        </extensions>
      </trkpt>
      <trkpt lat="46.026120000000006" lon="6.971435">
        <ele>2209</ele>
        <extensions>
          <distance>16806</distance>
        </extensions>
      </trkpt>
      <trkpt lat="46.02616750000001" lon="6.97117375">
        <ele>2209</ele>
        <extensions>
          <distance>16827</distance>
        </extensions>
      </trkpt>
      <trkpt lat="46.02621500000001" lon="6.9709125">
        <ele>2209</ele>
        <extensions>
          <distance>16848</distance>
        </extensions>
      </trkpt>
      <trkpt lat="46.0262625" lon="6.9706512499999995">
        <ele>2208</ele>
        <extensions>
          <distance>16869</distance>
        </extensions>
      </trkpt>
      <trkpt lat="46.02631" lon="6.97039">
        <ele>2206</ele>
        <extensions>
          <distance>16890</distance>
        </extensions>
      </trkpt>
      <trkpt lat="46.02648" lon="6.97013">
        <ele>2205</ele>
        <extensions>
          <distance>16918</distance>
        </extensions>
      </trkpt>
      <trkpt lat="46.02648" lon="6.97009">
        <ele>2205</ele>
        <extensions>
          <distance>16921</distance>
        </extensions>
      </trkpt>
      <trkpt lat="46.02652" lon="6.96999">
        <ele>2205</ele>
        <extensions>
          <distance>16930</distance>
        </extensions>
      </trkpt>
      <trkpt lat="46.02658" lon="6.9699">
        <ele>2205</ele>
        <extensions>
          <distance>16939</distance>
        </extensions>
      </trkpt>
      <trkpt lat="46.02664" lon="6.96985">
        <ele>2205</ele>
        <extensions>
          <distance>16947</distance>
        </extensions>
      </trkpt>
      <trkpt lat="46.02669" lon="6.96983">
        <ele>2205</ele>
        <extensions>
          <distance>16953</distance>
        </extensions>
      </trkpt>
      <trkpt lat="46.02672" lon="6.96983">
        <ele>2205</ele>
        <extensions>
          <distance>16956</distance>
        </extensions>
      </trkpt>
      <trkpt lat="46.02675" lon="6.96985">
        <ele>2205</ele>
        <extensions>
          <distance>16960</distance>
        </extensions>
      </trkpt>
      <trkpt lat="46.02678" lon="6.9699">
        <ele>2204</ele>
        <extensions>
          <distance>16965</distance>
        </extensions>
      </trkpt>
      <trkpt lat="46.02677" lon="6.96986">
        <ele>2204</ele>
        <extensions>
          <distance>16968</distance>
        </extensions>
      </trkpt>
      <trkpt lat="46.0268" lon="6.96982">
        <ele>2204</ele>
        <extensions>
          <distance>16973</distance>
        </extensions>
      </trkpt>
      <trkpt lat="46.02685" lon="6.9698">
        <ele>2204</ele>
        <extensions>
          <distance>16978</distance>
        </extensions>
      </trkpt>
      <trkpt lat="46.02693" lon="6.96981">
        <ele>2203</ele>
        <extensions>
          <distance>16987</distance>
        </extensions>
      </trkpt>
      <trkpt lat="46.02703" lon="6.96985">
        <ele>2202</ele>
        <extensions>
          <distance>16999</distance>
        </extensions>
      </trkpt>
      <trkpt lat="46.02712" lon="6.9699">
        <ele>2201</ele>
        <extensions>
          <distance>17010</distance>
        </extensions>
      </trkpt>
      <trkpt lat="46.02725" lon="6.9699">
        <ele>2199</ele>
        <extensions>
          <distance>17024</distance>
        </extensions>
      </trkpt>
      <trkpt lat="46.02735" lon="6.96997">
        <ele>2198</ele>
        <extensions>
          <distance>17037</distance>
        </extensions>
      </trkpt>
      <trkpt lat="46.02737" lon="6.96992">
        <ele>2196</ele>
        <extensions>
          <distance>17041</distance>
        </extensions>
      </trkpt>
      <trkpt lat="46.0274" lon="6.96973">
        <ele>2194</ele>
        <extensions>
          <distance>17057</distance>
        </extensions>
      </trkpt>
      <trkpt lat="46.02742" lon="6.96969">
        <ele>2194</ele>
        <extensions>
          <distance>17060</distance>
        </extensions>
      </trkpt>
      <trkpt lat="46.02748" lon="6.96961">
        <ele>2193</ele>
        <extensions>
          <distance>17070</distance>
        </extensions>
      </trkpt>
      <trkpt lat="46.02762" lon="6.96949">
        <ele>2193</ele>
        <extensions>
          <distance>17088</distance>
        </extensions>
      </trkpt>
      <trkpt lat="46.02779" lon="6.96922">
        <ele>2193</ele>
        <extensions>
          <distance>17116</distance>
        </extensions>
      </trkpt>
      <trkpt lat="46.02782" lon="6.96919">
        <ele>2193</ele>
        <extensions>
          <distance>17120</distance>
        </extensions>
      </trkpt>
      <trkpt lat="46.02786" lon="6.96908">
        <ele>2194</ele>
        <extensions>
          <distance>17130</distance>
        </extensions>
      </trkpt>
      <trkpt lat="46.02788" lon="6.96905">
        <ele>2195</ele>
        <extensions>
          <distance>17133</distance>
        </extensions>
      </trkpt>
      <trkpt lat="46.0279" lon="6.96896">
        <ele>2195</ele>
        <extensions>
          <distance>17140</distance>
        </extensions>
      </trkpt>
      <trkpt lat="46.02792" lon="6.96893">
        <ele>2197</ele>
        <extensions>
          <distance>17143</distance>
        </extensions>
      </trkpt>
      <trkpt lat="46.02795" lon="6.9688">
        <ele>2197</ele>
        <extensions>
          <distance>17154</distance>
        </extensions>
      </trkpt>
      <trkpt lat="46.02795" lon="6.96876">
        <ele>2197</ele>
        <extensions>
          <distance>17157</distance>
        </extensions>
      </trkpt>
      <trkpt lat="46.02797" lon="6.96872">
        <ele>2199</ele>
        <extensions>
          <distance>17161</distance>
        </extensions>
      </trkpt>
      <trkpt lat="46.02802" lon="6.96849">
        <ele>2200</ele>
        <extensions>
          <distance>17180</distance>
        </extensions>
      </trkpt>
      <trkpt lat="46.02806" lon="6.96838">
        <ele>2202</ele>
        <extensions>
          <distance>17189</distance>
        </extensions>
      </trkpt>
      <trkpt lat="46.02812" lon="6.96813">
        <ele>2203</ele>
        <extensions>
          <distance>17210</distance>
        </extensions>
      </trkpt>
      <trkpt lat="46.02814" lon="6.96795">
        <ele>2203</ele>
        <extensions>
          <distance>17224</distance>
        </extensions>
      </trkpt>
      <trkpt lat="46.02817" lon="6.96786">
        <ele>2203</ele>
        <extensions>
          <distance>17232</distance>
        </extensions>
      </trkpt>
      <trkpt lat="46.0282" lon="6.96763">
        <ele>2204</ele>
        <extensions>
          <distance>17250</distance>
        </extensions>
      </trkpt>
      <trkpt lat="46.02822" lon="6.96754">
        <ele>2204</ele>
        <extensions>
          <distance>17257</distance>
        </extensions>
      </trkpt>
      <trkpt lat="46.02824" lon="6.9675">
        <ele>2204</ele>
        <extensions>
          <distance>17261</distance>
        </extensions>
      </trkpt>
      <trkpt lat="46.02824" lon="6.96746">
        <ele>2204</ele>
        <extensions>
          <distance>17264</distance>
        </extensions>
      </trkpt>
      <trkpt lat="46.02826" lon="6.96743">
        <ele>2204</ele>
        <extensions>
          <distance>17267</distance>
        </extensions>
      </trkpt>
      <trkpt lat="46.02826" lon="6.96738">
        <ele>2204</ele>
        <extensions>
          <distance>17271</distance>
        </extensions>
      </trkpt>
      <trkpt lat="46.02828" lon="6.96734">
        <ele>2204</ele>
        <extensions>
          <distance>17275</distance>
        </extensions>
      </trkpt>
      <trkpt lat="46.02828" lon="6.9673">
        <ele>2203</ele>
        <extensions>
          <distance>17278</distance>
        </extensions>
      </trkpt>
      <trkpt lat="46.0283" lon="6.96726">
        <ele>2203</ele>
        <extensions>
          <distance>17282</distance>
        </extensions>
      </trkpt>
      <trkpt lat="46.02834" lon="6.9671">
        <ele>2202</ele>
        <extensions>
          <distance>17295</distance>
        </extensions>
      </trkpt>
      <trkpt lat="46.02842" lon="6.96691">
        <ele>2202</ele>
        <extensions>
          <distance>17312</distance>
        </extensions>
      </trkpt>
      <trkpt lat="46.02844" lon="6.96682">
        <ele>2202</ele>
        <extensions>
          <distance>17320</distance>
        </extensions>
      </trkpt>
      <trkpt lat="46.02849" lon="6.96674">
        <ele>2202</ele>
        <extensions>
          <distance>17328</distance>
        </extensions>
      </trkpt>
      <trkpt lat="46.02854" lon="6.96662">
        <ele>2202</ele>
        <extensions>
          <distance>17339</distance>
        </extensions>
      </trkpt>
      <trkpt lat="46.02855" lon="6.96657">
        <ele>2202</ele>
        <extensions>
          <distance>17343</distance>
        </extensions>
      </trkpt>
      <trkpt lat="46.02861" lon="6.96645">
        <ele>2202</ele>
        <extensions>
          <distance>17354</distance>
        </extensions>
      </trkpt>
      <trkpt lat="46.02867" lon="6.96629">
        <ele>2202</ele>
        <extensions>
          <distance>17368</distance>
        </extensions>
      </trkpt>
      <trkpt lat="46.0287" lon="6.96626">
        <ele>2202</ele>
        <extensions>
          <distance>17372</distance>
        </extensions>
      </trkpt>
      <trkpt lat="46.02878" lon="6.96622">
        <ele>2202</ele>
        <extensions>
          <distance>17382</distance>
        </extensions>
      </trkpt>
      <trkpt lat="46.02889" lon="6.96614">
        <ele>2202</ele>
        <extensions>
          <distance>17396</distance>
        </extensions>
      </trkpt>
      <trkpt lat="46.02891" lon="6.96611">
        <ele>2202</ele>
        <extensions>
          <distance>17399</distance>
        </extensions>
      </trkpt>
      <trkpt lat="46.02891" lon="6.96599">
        <ele>2202</ele>
        <extensions>
          <distance>17408</distance>
        </extensions>
      </trkpt>
      <trkpt lat="46.02882" lon="6.96588">
        <ele>2201</ele>
        <extensions>
          <distance>17421</distance>
        </extensions>
      </trkpt>
      <trkpt lat="46.02876" lon="6.96577">
        <ele>2199</ele>
        <extensions>
          <distance>17432</distance>
        </extensions>
      </trkpt>
      <trkpt lat="46.02873" lon="6.96552">
        <ele>2199</ele>
        <extensions>
          <distance>17452</distance>
        </extensions>
      </trkpt>
      <trkpt lat="46.02872" lon="6.96526">
        <ele>2198</ele>
        <extensions>
          <distance>17472</distance>
        </extensions>
      </trkpt>
      <trkpt lat="46.02874" lon="6.96506">
        <ele>2198</ele>
        <extensions>
          <distance>17487</distance>
        </extensions>
      </trkpt>
      <trkpt lat="46.028710000000004" lon="6.96482">
        <ele>2198</ele>
        <extensions>
          <distance>17506</distance>
        </extensions>
      </trkpt>
      <trkpt lat="46.02868" lon="6.96458">
        <ele>2198</ele>
        <extensions>
          <distance>17525</distance>
        </extensions>
      </trkpt>
      <trkpt lat="46.02869" lon="6.96453">
        <ele>2198</ele>
        <extensions>
          <distance>17529</distance>
        </extensions>
      </trkpt>
      <trkpt lat="46.02869" lon="6.964285">
        <ele>2198</ele>
        <extensions>
          <distance>17548</distance>
        </extensions>
      </trkpt>
      <trkpt lat="46.02869" lon="6.96404">
        <ele>2198</ele>
        <extensions>
          <distance>17567</distance>
        </extensions>
      </trkpt>
      <trkpt lat="46.02868" lon="6.96399">
        <ele>2198</ele>
        <extensions>
          <distance>17571</distance>
        </extensions>
      </trkpt>
      <trkpt lat="46.02869" lon="6.9639">
        <ele>2198</ele>
        <extensions>
          <distance>17578</distance>
        </extensions>
      </trkpt>
      <trkpt lat="46.02874" lon="6.96378">
        <ele>2199</ele>
        <extensions>
          <distance>17589</distance>
        </extensions>
      </trkpt>
      <trkpt lat="46.028785" lon="6.963545">
        <ele>2199</ele>
        <extensions>
          <distance>17608</distance>
        </extensions>
      </trkpt>
      <trkpt lat="46.02883" lon="6.96331">
        <ele>2199</ele>
        <extensions>
          <distance>17627</distance>
        </extensions>
      </trkpt>
      <trkpt lat="46.02889" lon="6.96317">
        <ele>2199</ele>
        <extensions>
          <distance>17640</distance>
        </extensions>
      </trkpt>
      <trkpt lat="46.02891" lon="6.96307">
        <ele>2200</ele>
        <extensions>
          <distance>17648</distance>
        </extensions>
      </trkpt>
      <trkpt lat="46.02892" lon="6.96289">
        <ele>2200</ele>
        <extensions>
          <distance>17662</distance>
        </extensions>
      </trkpt>
      <trkpt lat="46.02898" lon="6.96266">
        <ele>2200</ele>
        <extensions>
          <distance>17681</distance>
        </extensions>
      </trkpt>
      <trkpt lat="46.02899" lon="6.96254">
        <ele>2201</ele>
        <extensions>
          <distance>17690</distance>
        </extensions>
      </trkpt>
      <trkpt lat="46.02902" lon="6.96237">
        <ele>2201</ele>
        <extensions>
          <distance>17704</distance>
        </extensions>
      </trkpt>
      <trkpt lat="46.02901" lon="6.96228">
        <ele>2201</ele>
        <extensions>
          <distance>17711</distance>
        </extensions>
      </trkpt>
      <trkpt lat="46.02901" lon="6.96211">
        <ele>2201</ele>
        <extensions>
          <distance>17724</distance>
        </extensions>
      </trkpt>
      <trkpt lat="46.02902" lon="6.96206">
        <ele>2201</ele>
        <extensions>
          <distance>17728</distance>
        </extensions>
      </trkpt>
      <trkpt lat="46.02902" lon="6.96173">
        <ele>2201</ele>
        <extensions>
          <distance>17753</distance>
        </extensions>
      </trkpt>
      <trkpt lat="46.02903" lon="6.96163">
        <ele>2201</ele>
        <extensions>
          <distance>17761</distance>
        </extensions>
      </trkpt>
      <trkpt lat="46.02898" lon="6.96132">
        <ele>2201</ele>
        <extensions>
          <distance>17786</distance>
        </extensions>
      </trkpt>
      <trkpt lat="46.02898" lon="6.96118">
        <ele>2202</ele>
        <extensions>
          <distance>17797</distance>
        </extensions>
      </trkpt>
      <trkpt lat="46.02904" lon="6.96096">
        <ele>2202</ele>
        <extensions>
          <distance>17815</distance>
        </extensions>
      </trkpt>
      <trkpt lat="46.02915" lon="6.96082">
        <ele>2202</ele>
        <extensions>
          <distance>17831</distance>
        </extensions>
      </trkpt>
      <trkpt lat="46.02933" lon="6.96055">
        <ele>2203</ele>
        <extensions>
          <distance>17860</distance>
        </extensions>
      </trkpt>
      <trkpt lat="46.02939" lon="6.96048">
        <ele>2204</ele>
        <extensions>
          <distance>17869</distance>
        </extensions>
      </trkpt>
      <trkpt lat="46.029555" lon="6.96035">
        <ele>2204</ele>
        <extensions>
          <distance>17890</distance>
        </extensions>
      </trkpt>
      <trkpt lat="46.02972" lon="6.96022">
        <ele>2204</ele>
        <extensions>
          <distance>17911</distance>
        </extensions>
      </trkpt>
      <trkpt lat="46.02974" lon="6.96019">
        <ele>2204</ele>
        <extensions>
          <distance>17914</distance>
        </extensions>
      </trkpt>
      <trkpt lat="46.0297" lon="6.96012">
        <ele>2204</ele>
        <extensions>
          <distance>17921</distance>
        </extensions>
      </trkpt>
      <trkpt lat="46.02968" lon="6.96006">
        <ele>2204</ele>
        <extensions>
          <distance>17926</distance>
        </extensions>
      </trkpt>
      <trkpt lat="46.02967" lon="6.95988">
        <ele>2204</ele>
        <extensions>
          <distance>17940</distance>
        </extensions>
      </trkpt>
      <trkpt lat="46.02964" lon="6.9597">
        <ele>2204</ele>
        <extensions>
          <distance>17954</distance>
        </extensions>
      </trkpt>
      <trkpt lat="46.02954" lon="6.9594">
        <ele>2202</ele>
        <extensions>
          <distance>17980</distance>
        </extensions>
      </trkpt>
      <trkpt lat="46.02944" lon="6.9592">
        <ele>2200</ele>
        <extensions>
          <distance>17999</distance>
        </extensions>
      </trkpt>
      <trkpt lat="46.029335" lon="6.959020000000001">
        <ele>2197</ele>
        <extensions>
          <distance>18017</distance>
        </extensions>
      </trkpt>
      <trkpt lat="46.02923" lon="6.95884">
        <ele>2194</ele>
        <extensions>
          <distance>18036</distance>
        </extensions>
      </trkpt>
      <trkpt lat="46.02918" lon="6.95873">
        <ele>2193</ele>
        <extensions>
          <distance>18046</distance>
        </extensions>
      </trkpt>
      <trkpt lat="46.02916" lon="6.95866">
        <ele>2192</ele>
        <extensions>
          <distance>18052</distance>
        </extensions>
      </trkpt>
      <trkpt lat="46.02916" lon="6.95852">
        <ele>2189</ele>
        <extensions>
          <distance>18063</distance>
        </extensions>
      </trkpt>
      <trkpt lat="46.02919" lon="6.95845">
        <ele>2187</ele>
        <extensions>
          <distance>18069</distance>
        </extensions>
      </trkpt>
      <trkpt lat="46.02922" lon="6.9584">
        <ele>2187</ele>
        <extensions>
          <distance>18075</distance>
        </extensions>
      </trkpt>
      <trkpt lat="46.02927" lon="6.95827">
        <ele>2184</ele>
        <extensions>
          <distance>18087</distance>
        </extensions>
      </trkpt>
      <trkpt lat="46.02938" lon="6.9581">
        <ele>2183</ele>
        <extensions>
          <distance>18105</distance>
        </extensions>
      </trkpt>
      <trkpt lat="46.02948" lon="6.95792">
        <ele>2182</ele>
        <extensions>
          <distance>18122</distance>
        </extensions>
      </trkpt>
      <trkpt lat="46.02954" lon="6.95767">
        <ele>2181</ele>
        <extensions>
          <distance>18143</distance>
        </extensions>
      </trkpt>
      <trkpt lat="46.02955" lon="6.95749">
        <ele>2178</ele>
        <extensions>
          <distance>18157</distance>
        </extensions>
      </trkpt>
      <trkpt lat="46.02954" lon="6.95747">
        <ele>2177</ele>
        <extensions>
          <distance>18159</distance>
        </extensions>
      </trkpt>
      <trkpt lat="46.02951" lon="6.95747">
        <ele>2176</ele>
        <extensions>
          <distance>18163</distance>
        </extensions>
      </trkpt>
      <trkpt lat="46.02932" lon="6.95774">
        <ele>2173</ele>
        <extensions>
          <distance>18193</distance>
        </extensions>
      </trkpt>
      <trkpt lat="46.02916" lon="6.95788">
        <ele>2171</ele>
        <extensions>
          <distance>18213</distance>
        </extensions>
      </trkpt>
      <trkpt lat="46.02897" lon="6.95799">
        <ele>2167</ele>
        <extensions>
          <distance>18237</distance>
        </extensions>
      </trkpt>
      <trkpt lat="46.02886" lon="6.95801">
        <ele>2166</ele>
        <extensions>
          <distance>18249</distance>
        </extensions>
      </trkpt>
      <trkpt lat="46.02865" lon="6.9579699999999995">
        <ele>2161.5</ele>
        <extensions>
          <distance>18273</distance>
        </extensions>
      </trkpt>
      <trkpt lat="46.02844" lon="6.95793">
        <ele>2157</ele>
        <extensions>
          <distance>18297</distance>
        </extensions>
      </trkpt>
      <trkpt lat="46.02834" lon="6.95789">
        <ele>2154</ele>
        <extensions>
          <distance>18309</distance>
        </extensions>
      </trkpt>
      <trkpt lat="46.0282" lon="6.95786">
        <ele>2151</ele>
        <extensions>
          <distance>18325</distance>
        </extensions>
      </trkpt>
      <trkpt lat="46.02797" lon="6.95784">
        <ele>2148</ele>
        <extensions>
          <distance>18351</distance>
        </extensions>
      </trkpt>
      <trkpt lat="46.02789" lon="6.95782">
        <ele>2145</ele>
        <extensions>
          <distance>18360</distance>
        </extensions>
      </trkpt>
      <trkpt lat="46.02765" lon="6.95772">
        <ele>2139</ele>
        <extensions>
          <distance>18389</distance>
        </extensions>
      </trkpt>
      <trkpt lat="46.02759" lon="6.95767">
        <ele>2138</ele>
        <extensions>
          <distance>18396</distance>
        </extensions>
      </trkpt>
      <trkpt lat="46.02754" lon="6.95758">
        <ele>2135</ele>
        <extensions>
          <distance>18406</distance>
        </extensions>
      </trkpt>
      <trkpt lat="46.02752" lon="6.95753">
        <ele>2134</ele>
        <extensions>
          <distance>18410</distance>
        </extensions>
      </trkpt>
      <trkpt lat="46.02752" lon="6.95744">
        <ele>2132</ele>
        <extensions>
          <distance>18417</distance>
        </extensions>
      </trkpt>
      <trkpt lat="46.02754" lon="6.95739">
        <ele>2130</ele>
        <extensions>
          <distance>18422</distance>
        </extensions>
      </trkpt>
      <trkpt lat="46.0276" lon="6.95732">
        <ele>2129</ele>
        <extensions>
          <distance>18431</distance>
        </extensions>
      </trkpt>
      <trkpt lat="46.02765" lon="6.95722">
        <ele>2126</ele>
        <extensions>
          <distance>18441</distance>
        </extensions>
      </trkpt>
      <trkpt lat="46.02768" lon="6.95703">
        <ele>2124</ele>
        <extensions>
          <distance>18456</distance>
        </extensions>
      </trkpt>
      <trkpt lat="46.02778" lon="6.95683">
        <ele>2121</ele>
        <extensions>
          <distance>18475</distance>
        </extensions>
      </trkpt>
      <trkpt lat="46.0278" lon="6.95668">
        <ele>2119</ele>
        <extensions>
          <distance>18487</distance>
        </extensions>
      </trkpt>
      <trkpt lat="46.02786" lon="6.9566">
        <ele>2119</ele>
        <extensions>
          <distance>18496</distance>
        </extensions>
      </trkpt>
      <trkpt lat="46.02786" lon="6.95657">
        <ele>2119</ele>
        <extensions>
          <distance>18499</distance>
        </extensions>
      </trkpt>
      <trkpt lat="46.02783" lon="6.95651">
        <ele>2119</ele>
        <extensions>
          <distance>18504</distance>
        </extensions>
      </trkpt>
      <trkpt lat="46.0276" lon="6.95633">
        <ele>2113</ele>
        <extensions>
          <distance>18534</distance>
        </extensions>
      </trkpt>
      <trkpt lat="46.02755" lon="6.95631">
        <ele>2112</ele>
        <extensions>
          <distance>18540</distance>
        </extensions>
      </trkpt>
      <trkpt lat="46.02751" lon="6.95628">
        <ele>2111</ele>
        <extensions>
          <distance>18545</distance>
        </extensions>
      </trkpt>
      <trkpt lat="46.02743" lon="6.9562">
        <ele>2109</ele>
        <extensions>
          <distance>18556</distance>
        </extensions>
      </trkpt>
      <trkpt lat="46.02727" lon="6.95594">
        <ele>2105</ele>
        <extensions>
          <distance>18583</distance>
        </extensions>
      </trkpt>
      <trkpt lat="46.02725" lon="6.95588">
        <ele>2104</ele>
        <extensions>
          <distance>18588</distance>
        </extensions>
      </trkpt>
      <trkpt lat="46.02719" lon="6.95577">
        <ele>2102</ele>
        <extensions>
          <distance>18599</distance>
        </extensions>
      </trkpt>
      <trkpt lat="46.02713" lon="6.95559">
        <ele>2099</ele>
        <extensions>
          <distance>18615</distance>
        </extensions>
      </trkpt>
      <trkpt lat="46.02714" lon="6.95547">
        <ele>2098</ele>
        <extensions>
          <distance>18624</distance>
        </extensions>
      </trkpt>
      <trkpt lat="46.02718" lon="6.95538">
        <ele>2098</ele>
        <extensions>
          <distance>18633</distance>
        </extensions>
      </trkpt>
      <trkpt lat="46.02718" lon="6.95535">
        <ele>2097</ele>
        <extensions>
          <distance>18635</distance>
        </extensions>
      </trkpt>
      <trkpt lat="46.02706" lon="6.95539">
        <ele>2094</ele>
        <extensions>
          <distance>18649</distance>
        </extensions>
      </trkpt>
      <trkpt lat="46.02701" lon="6.95539">
        <ele>2093</ele>
        <extensions>
          <distance>18655</distance>
        </extensions>
      </trkpt>
      <trkpt lat="46.02686" lon="6.95543">
        <ele>2091</ele>
        <extensions>
          <distance>18672</distance>
        </extensions>
      </trkpt>
      <trkpt lat="46.02679" lon="6.95539">
        <ele>2088</ele>
        <extensions>
          <distance>18681</distance>
        </extensions>
      </trkpt>
      <trkpt lat="46.02669" lon="6.95536">
        <ele>2086</ele>
        <extensions>
          <distance>18692</distance>
        </extensions>
      </trkpt>
      <trkpt lat="46.02663" lon="6.95537">
        <ele>2085</ele>
        <extensions>
          <distance>18699</distance>
        </extensions>
      </trkpt>
      <trkpt lat="46.02645" lon="6.95548">
        <ele>2081</ele>
        <extensions>
          <distance>18721</distance>
        </extensions>
      </trkpt>
      <trkpt lat="46.02638" lon="6.95551">
        <ele>2079</ele>
        <extensions>
          <distance>18729</distance>
        </extensions>
      </trkpt>
      <trkpt lat="46.02632" lon="6.95562">
        <ele>2079</ele>
        <extensions>
          <distance>18740</distance>
        </extensions>
      </trkpt>
      <trkpt lat="46.02629" lon="6.95564">
        <ele>2078</ele>
        <extensions>
          <distance>18744</distance>
        </extensions>
      </trkpt>
      <trkpt lat="46.02627" lon="6.95564">
        <ele>2078</ele>
        <extensions>
          <distance>18746</distance>
        </extensions>
      </trkpt>
      <trkpt lat="46.02615" lon="6.95559">
        <ele>2076</ele>
        <extensions>
          <distance>18760</distance>
        </extensions>
      </trkpt>
      <trkpt lat="46.02611" lon="6.95556">
        <ele>2076</ele>
        <extensions>
          <distance>18765</distance>
        </extensions>
      </trkpt>
      <trkpt lat="46.02601" lon="6.95533">
        <ele>2073</ele>
        <extensions>
          <distance>18786</distance>
        </extensions>
      </trkpt>
      <trkpt lat="46.02595" lon="6.95526">
        <ele>2073</ele>
        <extensions>
          <distance>18795</distance>
        </extensions>
      </trkpt>
      <trkpt lat="46.02586" lon="6.95518">
        <ele>2071</ele>
        <extensions>
          <distance>18807</distance>
        </extensions>
      </trkpt>
      <trkpt lat="46.02582" lon="6.95516">
        <ele>2070</ele>
        <extensions>
          <distance>18812</distance>
        </extensions>
      </trkpt>
      <trkpt lat="46.02564" lon="6.95511">
        <ele>2068</ele>
        <extensions>
          <distance>18832</distance>
        </extensions>
      </trkpt>
      <trkpt lat="46.02553" lon="6.9551">
        <ele>2066</ele>
        <extensions>
          <distance>18844</distance>
        </extensions>
      </trkpt>
      <trkpt lat="46.02542" lon="6.95507">
        <ele>2064</ele>
        <extensions>
          <distance>18857</distance>
        </extensions>
      </trkpt>
      <trkpt lat="46.02531" lon="6.95507">
        <ele>2062</ele>
        <extensions>
          <distance>18869</distance>
        </extensions>
      </trkpt>
      <trkpt lat="46.02509" lon="6.95503">
        <ele>2058</ele>
        <extensions>
          <distance>18894</distance>
        </extensions>
      </trkpt>
      <trkpt lat="46.024950000000004" lon="6.955025">
        <ele>2055</ele>
        <extensions>
          <distance>18910</distance>
        </extensions>
      </trkpt>
      <trkpt lat="46.02481" lon="6.95502">
        <ele>2052</ele>
        <extensions>
          <distance>18926</distance>
        </extensions>
      </trkpt>
      <trkpt lat="46.02471" lon="6.95499">
        <ele>2051</ele>
        <extensions>
          <distance>18938</distance>
        </extensions>
      </trkpt>
      <trkpt lat="46.02468" lon="6.95499">
        <ele>2050</ele>
        <extensions>
          <distance>18941</distance>
        </extensions>
      </trkpt>
      <trkpt lat="46.02458" lon="6.9549">
        <ele>2046</ele>
        <extensions>
          <distance>18955</distance>
        </extensions>
      </trkpt>
      <trkpt lat="46.02457" lon="6.95487">
        <ele>2046</ele>
        <extensions>
          <distance>18957</distance>
        </extensions>
      </trkpt>
      <trkpt lat="46.02458" lon="6.9548">
        <ele>2044</ele>
        <extensions>
          <distance>18963</distance>
        </extensions>
      </trkpt>
      <trkpt lat="46.02468" lon="6.9546">
        <ele>2041</ele>
        <extensions>
          <distance>18982</distance>
        </extensions>
      </trkpt>
      <trkpt lat="46.02469" lon="6.95455">
        <ele>2040</ele>
        <extensions>
          <distance>18986</distance>
        </extensions>
      </trkpt>
      <trkpt lat="46.02483" lon="6.95437">
        <ele>2038</ele>
        <extensions>
          <distance>19007</distance>
        </extensions>
      </trkpt>
      <trkpt lat="46.02485" lon="6.95433">
        <ele>2036</ele>
        <extensions>
          <distance>19011</distance>
        </extensions>
      </trkpt>
      <trkpt lat="46.02488" lon="6.9542">
        <ele>2034</ele>
        <extensions>
          <distance>19022</distance>
        </extensions>
      </trkpt>
      <trkpt lat="46.02498" lon="6.95402">
        <ele>2031</ele>
        <extensions>
          <distance>19040</distance>
        </extensions>
      </trkpt>
      <trkpt lat="46.02504" lon="6.95386">
        <ele>2027</ele>
        <extensions>
          <distance>19055</distance>
        </extensions>
      </trkpt>
      <trkpt lat="46.0251" lon="6.95383">
        <ele>2027</ele>
        <extensions>
          <distance>19062</distance>
        </extensions>
      </trkpt>
      <trkpt lat="46.02519" lon="6.95376">
        <ele>2026</ele>
        <extensions>
          <distance>19073</distance>
        </extensions>
      </trkpt>
      <trkpt lat="46.02526" lon="6.95362">
        <ele>2024</ele>
        <extensions>
          <distance>19087</distance>
        </extensions>
      </trkpt>
      <trkpt lat="46.02531" lon="6.95355">
        <ele>2022</ele>
        <extensions>
          <distance>19095</distance>
        </extensions>
      </trkpt>
      <trkpt lat="46.02534" lon="6.95353">
        <ele>2022</ele>
        <extensions>
          <distance>19098</distance>
        </extensions>
      </trkpt>
      <trkpt lat="46.02535" lon="6.9535">
        <ele>2022</ele>
        <extensions>
          <distance>19101</distance>
        </extensions>
      </trkpt>
      <trkpt lat="46.02533" lon="6.95348">
        <ele>2020</ele>
        <extensions>
          <distance>19104</distance>
        </extensions>
      </trkpt>
      <trkpt lat="46.02527" lon="6.9535">
        <ele>2020</ele>
        <extensions>
          <distance>19111</distance>
        </extensions>
      </trkpt>
      <trkpt lat="46.02517" lon="6.95348">
        <ele>2017</ele>
        <extensions>
          <distance>19122</distance>
        </extensions>
      </trkpt>
      <trkpt lat="46.02506" lon="6.95351">
        <ele>2016</ele>
        <extensions>
          <distance>19135</distance>
        </extensions>
      </trkpt>
      <trkpt lat="46.02502" lon="6.95351">
        <ele>2015</ele>
        <extensions>
          <distance>19139</distance>
        </extensions>
      </trkpt>
      <trkpt lat="46.02495" lon="6.9535">
        <ele>2014</ele>
        <extensions>
          <distance>19147</distance>
        </extensions>
      </trkpt>
      <trkpt lat="46.02491" lon="6.95348">
        <ele>2012</ele>
        <extensions>
          <distance>19152</distance>
        </extensions>
      </trkpt>
      <trkpt lat="46.02482" lon="6.95328">
        <ele>2007</ele>
        <extensions>
          <distance>19171</distance>
        </extensions>
      </trkpt>
      <trkpt lat="46.02479" lon="6.95324">
        <ele>2005</ele>
        <extensions>
          <distance>19176</distance>
        </extensions>
      </trkpt>
      <trkpt lat="46.02461" lon="6.95307">
        <ele>2002</ele>
        <extensions>
          <distance>19200</distance>
        </extensions>
      </trkpt>
      <trkpt lat="46.02452" lon="6.95296">
        <ele>2001</ele>
        <extensions>
          <distance>19214</distance>
        </extensions>
      </trkpt>
      <trkpt lat="46.02447" lon="6.95287">
        <ele>2000</ele>
        <extensions>
          <distance>19222</distance>
        </extensions>
      </trkpt>
      <trkpt lat="46.02441" lon="6.9528">
        <ele>2000</ele>
        <extensions>
          <distance>19231</distance>
        </extensions>
      </trkpt>
      <trkpt lat="46.02437" lon="6.9527">
        <ele>2000</ele>
        <extensions>
          <distance>19240</distance>
        </extensions>
      </trkpt>
      <trkpt lat="46.02436" lon="6.9526">
        <ele>1999</ele>
        <extensions>
          <distance>19248</distance>
        </extensions>
      </trkpt>
      <trkpt lat="46.02447" lon="6.95234">
        <ele>1999</ele>
        <extensions>
          <distance>19271</distance>
        </extensions>
      </trkpt>
      <trkpt lat="46.0245" lon="6.9522">
        <ele>1999</ele>
        <extensions>
          <distance>19283</distance>
        </extensions>
      </trkpt>
      <trkpt lat="46.0245" lon="6.951995">
        <ele>1998.5</ele>
        <extensions>
          <distance>19299</distance>
        </extensions>
      </trkpt>
      <trkpt lat="46.0245" lon="6.95179">
        <ele>1998</ele>
        <extensions>
          <distance>19315</distance>
        </extensions>
      </trkpt>
      <trkpt lat="46.02454" lon="6.95165">
        <ele>1998</ele>
        <extensions>
          <distance>19326</distance>
        </extensions>
      </trkpt>
      <trkpt lat="46.02459" lon="6.95153">
        <ele>1998</ele>
        <extensions>
          <distance>19337</distance>
        </extensions>
      </trkpt>
      <trkpt lat="46.02458" lon="6.95149">
        <ele>1998</ele>
        <extensions>
          <distance>19340</distance>
        </extensions>
      </trkpt>
      <trkpt lat="46.02456" lon="6.95146">
        <ele>2002</ele>
        <extensions>
          <distance>19344</distance>
        </extensions>
      </trkpt>
      <trkpt lat="46.02454" lon="6.95144">
        <ele>2002</ele>
        <extensions>
          <distance>19346</distance>
        </extensions>
      </trkpt>
      <trkpt lat="46.02447" lon="6.95142">
        <ele>2002</ele>
        <extensions>
          <distance>19354</distance>
        </extensions>
      </trkpt>
      <trkpt lat="46.02437" lon="6.95142">
        <ele>2002</ele>
        <extensions>
          <distance>19365</distance>
        </extensions>
      </trkpt>
      <trkpt lat="46.0243" lon="6.9514">
        <ele>2002</ele>
        <extensions>
          <distance>19373</distance>
        </extensions>
      </trkpt>
      <trkpt lat="46.02425" lon="6.95134">
        <ele>2002</ele>
        <extensions>
          <distance>19381</distance>
        </extensions>
      </trkpt>
      <trkpt lat="46.02419" lon="6.95115">
        <ele>2002</ele>
        <extensions>
          <distance>19397</distance>
        </extensions>
      </trkpt>
      <trkpt lat="46.02407" lon="6.95102">
        <ele>2002</ele>
        <extensions>
          <distance>19413</distance>
        </extensions>
      </trkpt>
      <trkpt lat="46.02396" lon="6.95097">
        <ele>2002</ele>
        <extensions>
          <distance>19426</distance>
        </extensions>
      </trkpt>
      <trkpt lat="46.02385" lon="6.95094">
        <ele>2002</ele>
        <extensions>
          <distance>19439</distance>
        </extensions>
      </trkpt>
      <trkpt lat="46.02379" lon="6.95088">
        <ele>2001</ele>
        <extensions>
          <distance>19447</distance>
        </extensions>
      </trkpt>
      <trkpt lat="46.02371" lon="6.95071">
        <ele>2001</ele>
        <extensions>
          <distance>19463</distance>
        </extensions>
      </trkpt>
      <trkpt lat="46.02368" lon="6.95068">
        <ele>2001</ele>
        <extensions>
          <distance>19467</distance>
        </extensions>
      </trkpt>
      <trkpt lat="46.02359" lon="6.95063">
        <ele>2000</ele>
        <extensions>
          <distance>19478</distance>
        </extensions>
      </trkpt>
      <trkpt lat="46.02355" lon="6.95062">
        <ele>2000</ele>
        <extensions>
          <distance>19482</distance>
        </extensions>
      </trkpt>
      <trkpt lat="46.02343" lon="6.95054">
        <ele>2000</ele>
        <extensions>
          <distance>19497</distance>
        </extensions>
      </trkpt>
      <trkpt lat="46.02338" lon="6.95048">
        <ele>2000</ele>
        <extensions>
          <distance>19504</distance>
        </extensions>
      </trkpt>
      <trkpt lat="46.02329" lon="6.95041">
        <ele>2000</ele>
        <extensions>
          <distance>19515</distance>
        </extensions>
      </trkpt>
      <trkpt lat="46.0232" lon="6.95021">
        <ele>1999</ele>
        <extensions>
          <distance>19534</distance>
        </extensions>
      </trkpt>
      <trkpt lat="46.02307" lon="6.95005">
        <ele>1999</ele>
        <extensions>
          <distance>19553</distance>
        </extensions>
      </trkpt>
      <trkpt lat="46.02295" lon="6.94993">
        <ele>1998</ele>
        <extensions>
          <distance>19569</distance>
        </extensions>
      </trkpt>
      <trkpt lat="46.02284" lon="6.94979">
        <ele>1998</ele>
        <extensions>
          <distance>19585</distance>
        </extensions>
      </trkpt>
      <trkpt lat="46.02278" lon="6.94975">
        <ele>1998</ele>
        <extensions>
          <distance>19593</distance>
        </extensions>
      </trkpt>
      <trkpt lat="46.02274" lon="6.94974">
        <ele>1998</ele>
        <extensions>
          <distance>19597</distance>
        </extensions>
      </trkpt>
      <trkpt lat="46.02271" lon="6.94972">
        <ele>1998</ele>
        <extensions>
          <distance>19601</distance>
        </extensions>
      </trkpt>
      <trkpt lat="46.0226" lon="6.94969">
        <ele>1998</ele>
        <extensions>
          <distance>19613</distance>
        </extensions>
      </trkpt>
      <trkpt lat="46.02239" lon="6.94954">
        <ele>1998</ele>
        <extensions>
          <distance>19640</distance>
        </extensions>
      </trkpt>
      <trkpt lat="46.02237" lon="6.94953">
        <ele>1998</ele>
        <extensions>
          <distance>19642</distance>
        </extensions>
      </trkpt>
      <trkpt lat="46.02233" lon="6.94953">
        <ele>1998</ele>
        <extensions>
          <distance>19646</distance>
        </extensions>
      </trkpt>
      <trkpt lat="46.02224" lon="6.94948">
        <ele>1998</ele>
        <extensions>
          <distance>19657</distance>
        </extensions>
      </trkpt>
      <trkpt lat="46.02218" lon="6.94943">
        <ele>1998</ele>
        <extensions>
          <distance>19665</distance>
        </extensions>
      </trkpt>
      <trkpt lat="46.02211" lon="6.9494">
        <ele>1997</ele>
        <extensions>
          <distance>19673</distance>
        </extensions>
      </trkpt>
      <trkpt lat="46.02207" lon="6.94937">
        <ele>1997</ele>
        <extensions>
          <distance>19678</distance>
        </extensions>
      </trkpt>
      <trkpt lat="46.02203" lon="6.94932">
        <ele>1997</ele>
        <extensions>
          <distance>19684</distance>
        </extensions>
      </trkpt>
      <trkpt lat="46.02194" lon="6.94926">
        <ele>1997</ele>
        <extensions>
          <distance>19695</distance>
        </extensions>
      </trkpt>
      <trkpt lat="46.02191" lon="6.94925">
        <ele>1997</ele>
        <extensions>
          <distance>19698</distance>
        </extensions>
      </trkpt>
      <trkpt lat="46.02173" lon="6.94912">
        <ele>1997</ele>
        <extensions>
          <distance>19721</distance>
        </extensions>
      </trkpt>
      <trkpt lat="46.02163" lon="6.94907">
        <ele>1997</ele>
        <extensions>
          <distance>19732</distance>
        </extensions>
      </trkpt>
      <trkpt lat="46.02157" lon="6.94902">
        <ele>1997</ele>
        <extensions>
          <distance>19740</distance>
        </extensions>
      </trkpt>
      <trkpt lat="46.02154" lon="6.94895">
        <ele>1997</ele>
        <extensions>
          <distance>19746</distance>
        </extensions>
      </trkpt>
      <trkpt lat="46.0215" lon="6.94891">
        <ele>1997</ele>
        <extensions>
          <distance>19752</distance>
        </extensions>
      </trkpt>
      <trkpt lat="46.02147" lon="6.94885">
        <ele>1998</ele>
        <extensions>
          <distance>19758</distance>
        </extensions>
      </trkpt>
      <trkpt lat="46.02144" lon="6.94883">
        <ele>1999</ele>
        <extensions>
          <distance>19761</distance>
        </extensions>
      </trkpt>
      <trkpt lat="46.0214" lon="6.94882">
        <ele>2000</ele>
        <extensions>
          <distance>19766</distance>
        </extensions>
      </trkpt>
      <trkpt lat="46.02135" lon="6.94877">
        <ele>2001</ele>
        <extensions>
          <distance>19773</distance>
        </extensions>
      </trkpt>
      <trkpt lat="46.02126" lon="6.94874">
        <ele>2002</ele>
        <extensions>
          <distance>19783</distance>
        </extensions>
      </trkpt>
      <trkpt lat="46.02121" lon="6.94871">
        <ele>2003</ele>
        <extensions>
          <distance>19789</distance>
        </extensions>
      </trkpt>
      <trkpt lat="46.0212" lon="6.94869">
        <ele>2003</ele>
        <extensions>
          <distance>19791</distance>
        </extensions>
      </trkpt>
      <trkpt lat="46.02117" lon="6.94867">
        <ele>2003</ele>
        <extensions>
          <distance>19794</distance>
        </extensions>
      </trkpt>
      <trkpt lat="46.02115" lon="6.94867">
        <ele>2004</ele>
        <extensions>
          <distance>19797</distance>
        </extensions>
      </trkpt>
      <trkpt lat="46.02112" lon="6.94865">
        <ele>2004</ele>
        <extensions>
          <distance>19800</distance>
        </extensions>
      </trkpt>
      <trkpt lat="46.02086" lon="6.94861">
        <ele>2008</ele>
        <extensions>
          <distance>19830</distance>
        </extensions>
      </trkpt>
      <trkpt lat="46.02077" lon="6.94856">
        <ele>2010</ele>
        <extensions>
          <distance>19841</distance>
        </extensions>
      </trkpt>
      <trkpt lat="46.02063" lon="6.94841">
        <ele>2014</ele>
        <extensions>
          <distance>19861</distance>
        </extensions>
      </trkpt>
      <trkpt lat="46.02058" lon="6.94837">
        <ele>2015</ele>
        <extensions>
          <distance>19867</distance>
        </extensions>
      </trkpt>
      <trkpt lat="46.02052" lon="6.94834">
        <ele>2016</ele>
        <extensions>
          <distance>19874</distance>
        </extensions>
      </trkpt>
      <trkpt lat="46.02047" lon="6.94828">
        <ele>2018</ele>
        <extensions>
          <distance>19882</distance>
        </extensions>
      </trkpt>
      <trkpt lat="46.02041" lon="6.94823">
        <ele>2018</ele>
        <extensions>
          <distance>19889</distance>
        </extensions>
      </trkpt>
      <trkpt lat="46.0204" lon="6.9482">
        <ele>2019</ele>
        <extensions>
          <distance>19892</distance>
        </extensions>
      </trkpt>
      <trkpt lat="46.02023" lon="6.94801">
        <ele>2021</ele>
        <extensions>
          <distance>19916</distance>
        </extensions>
      </trkpt>
      <trkpt lat="46.02017" lon="6.94797">
        <ele>2021</ele>
        <extensions>
          <distance>19923</distance>
        </extensions>
      </trkpt>
      <trkpt lat="46.02013" lon="6.94796">
        <ele>2023</ele>
        <extensions>
          <distance>19928</distance>
        </extensions>
      </trkpt>
      <trkpt lat="46.02005" lon="6.94789">
        <ele>2024</ele>
        <extensions>
          <distance>19938</distance>
        </extensions>
      </trkpt>
      <trkpt lat="46.01995" lon="6.94778">
        <ele>2025</ele>
        <extensions>
          <distance>19952</distance>
        </extensions>
      </trkpt>
      <trkpt lat="46.01987" lon="6.94772">
        <ele>2025</ele>
        <extensions>
          <distance>19962</distance>
        </extensions>
      </trkpt>
      <trkpt lat="46.0198" lon="6.94765">
        <ele>2026</ele>
        <extensions>
          <distance>19972</distance>
        </extensions>
      </trkpt>
      <trkpt lat="46.01976" lon="6.94752">
        <ele>2026</ele>
        <extensions>
          <distance>19983</distance>
        </extensions>
      </trkpt>
      <trkpt lat="46.01976" lon="6.94748">
        <ele>2026</ele>
        <extensions>
          <distance>19986</distance>
        </extensions>
      </trkpt>
      <trkpt lat="46.01969" lon="6.94729">
        <ele>2026</ele>
        <extensions>
          <distance>20003</distance>
        </extensions>
      </trkpt>
      <trkpt lat="46.01963" lon="6.94721">
        <ele>2026</ele>
        <extensions>
          <distance>20012</distance>
        </extensions>
      </trkpt>
      <trkpt lat="46.01955" lon="6.94713">
        <ele>2026</ele>
        <extensions>
          <distance>20023</distance>
        </extensions>
      </trkpt>
      <trkpt lat="46.01942" lon="6.94702">
        <ele>2026</ele>
        <extensions>
          <distance>20039</distance>
        </extensions>
      </trkpt>
      <trkpt lat="46.01929" lon="6.94697">
        <ele>2026</ele>
        <extensions>
          <distance>20054</distance>
        </extensions>
      </trkpt>
      <trkpt lat="46.01926" lon="6.94697">
        <ele>2027</ele>
        <extensions>
          <distance>20058</distance>
        </extensions>
      </trkpt>
      <trkpt lat="46.01909" lon="6.94703">
        <ele>2027</ele>
        <extensions>
          <distance>20077</distance>
        </extensions>
      </trkpt>
      <trkpt lat="46.01906" lon="6.94702">
        <ele>2027</ele>
        <extensions>
          <distance>20081</distance>
        </extensions>
      </trkpt>
      <trkpt lat="46.01897" lon="6.94702">
        <ele>2028</ele>
        <extensions>
          <distance>20091</distance>
        </extensions>
      </trkpt>
      <trkpt lat="46.01886" lon="6.94693">
        <ele>2028</ele>
        <extensions>
          <distance>20105</distance>
        </extensions>
      </trkpt>
      <trkpt lat="46.01875" lon="6.94688">
        <ele>2029</ele>
        <extensions>
          <distance>20118</distance>
        </extensions>
      </trkpt>
      <trkpt lat="46.01868" lon="6.94687">
        <ele>2030</ele>
        <extensions>
          <distance>20125</distance>
        </extensions>
      </trkpt>
      <trkpt lat="46.01843" lon="6.94673">
        <ele>2032</ele>
        <extensions>
          <distance>20155</distance>
        </extensions>
      </trkpt>
      <trkpt lat="46.01834" lon="6.94669">
        <ele>2032</ele>
        <extensions>
          <distance>20166</distance>
        </extensions>
      </trkpt>
      <trkpt lat="46.01832" lon="6.94669">
        <ele>2033</ele>
        <extensions>
          <distance>20168</distance>
        </extensions>
      </trkpt>
      <trkpt lat="46.01811" lon="6.94658">
        <ele>2035</ele>
        <extensions>
          <distance>20193</distance>
        </extensions>
      </trkpt>
      <trkpt lat="46.01809" lon="6.94658">
        <ele>2035</ele>
        <extensions>
          <distance>20195</distance>
        </extensions>
      </trkpt>
      <trkpt lat="46.01803" lon="6.94655">
        <ele>2036</ele>
        <extensions>
          <distance>20202</distance>
        </extensions>
      </trkpt>
      <trkpt lat="46.01801" lon="6.94653">
        <ele>2036</ele>
        <extensions>
          <distance>20205</distance>
        </extensions>
      </trkpt>
      <trkpt lat="46.01792" lon="6.94648">
        <ele>2037</ele>
        <extensions>
          <distance>20216</distance>
        </extensions>
      </trkpt>
      <trkpt lat="46.01788" lon="6.94647">
        <ele>2038</ele>
        <extensions>
          <distance>20220</distance>
        </extensions>
      </trkpt>
      <trkpt lat="46.01784" lon="6.94644">
        <ele>2039</ele>
        <extensions>
          <distance>20225</distance>
        </extensions>
      </trkpt>
      <trkpt lat="46.01782" lon="6.94644">
        <ele>2039</ele>
        <extensions>
          <distance>20228</distance>
        </extensions>
      </trkpt>
      <trkpt lat="46.01774" lon="6.94637">
        <ele>2041</ele>
        <extensions>
          <distance>20238</distance>
        </extensions>
      </trkpt>
      <trkpt lat="46.01773" lon="6.94634">
        <ele>2041</ele>
        <extensions>
          <distance>20241</distance>
        </extensions>
      </trkpt>
      <trkpt lat="46.01767" lon="6.94628">
        <ele>2041</ele>
        <extensions>
          <distance>20249</distance>
        </extensions>
      </trkpt>
      <trkpt lat="46.01754" lon="6.94617">
        <ele>2041</ele>
        <extensions>
          <distance>20266</distance>
        </extensions>
      </trkpt>
      <trkpt lat="46.01748" lon="6.94613">
        <ele>2041</ele>
        <extensions>
          <distance>20273</distance>
        </extensions>
      </trkpt>
      <trkpt lat="46.0174" lon="6.94611">
        <ele>2040</ele>
        <extensions>
          <distance>20282</distance>
        </extensions>
      </trkpt>
      <trkpt lat="46.01734" lon="6.94606">
        <ele>2040</ele>
        <extensions>
          <distance>20290</distance>
        </extensions>
      </trkpt>
      <trkpt lat="46.01722" lon="6.9459">
        <ele>2037</ele>
        <extensions>
          <distance>20308</distance>
        </extensions>
      </trkpt>
      <trkpt lat="46.01711" lon="6.94573">
        <ele>2037</ele>
        <extensions>
          <distance>20326</distance>
        </extensions>
      </trkpt>
      <trkpt lat="46.01696" lon="6.94568">
        <ele>2037</ele>
        <extensions>
          <distance>20343</distance>
        </extensions>
      </trkpt>
      <trkpt lat="46.01693" lon="6.94566">
        <ele>2037</ele>
        <extensions>
          <distance>20347</distance>
        </extensions>
      </trkpt>
      <trkpt lat="46.01683" lon="6.94556">
        <ele>2037</ele>
        <extensions>
          <distance>20360</distance>
        </extensions>
      </trkpt>
      <trkpt lat="46.01675" lon="6.94546">
        <ele>2038</ele>
        <extensions>
          <distance>20372</distance>
        </extensions>
      </trkpt>
      <trkpt lat="46.01668" lon="6.94531">
        <ele>2039</ele>
        <extensions>
          <distance>20386</distance>
        </extensions>
      </trkpt>
      <trkpt lat="46.01664" lon="6.94527">
        <ele>2039</ele>
        <extensions>
          <distance>20391</distance>
        </extensions>
      </trkpt>
      <trkpt lat="46.01662" lon="6.94527">
        <ele>2039</ele>
        <extensions>
          <distance>20394</distance>
        </extensions>
      </trkpt>
      <trkpt lat="46.01658" lon="6.94523">
        <ele>2040</ele>
        <extensions>
          <distance>20399</distance>
        </extensions>
      </trkpt>
      <trkpt lat="46.01651" lon="6.9452">
        <ele>2042</ele>
        <extensions>
          <distance>20407</distance>
        </extensions>
      </trkpt>
      <trkpt lat="46.01643" lon="6.94512">
        <ele>2043</ele>
        <extensions>
          <distance>20418</distance>
        </extensions>
      </trkpt>
      <trkpt lat="46.0164" lon="6.94507">
        <ele>2043</ele>
        <extensions>
          <distance>20423</distance>
        </extensions>
      </trkpt>
      <trkpt lat="46.01632" lon="6.94501">
        <ele>2044</ele>
        <extensions>
          <distance>20433</distance>
        </extensions>
      </trkpt>
      <trkpt lat="46.01627" lon="6.94499">
        <ele>2045</ele>
        <extensions>
          <distance>20439</distance>
        </extensions>
      </trkpt>
      <trkpt lat="46.0162" lon="6.94498">
        <ele>2045</ele>
        <extensions>
          <distance>20447</distance>
        </extensions>
      </trkpt>
      <trkpt lat="46.01616" lon="6.94495">
        <ele>2045</ele>
        <extensions>
          <distance>20452</distance>
        </extensions>
      </trkpt>
      <trkpt lat="46.01608" lon="6.94484">
        <ele>2046</ele>
        <extensions>
          <distance>20464</distance>
        </extensions>
      </trkpt>
      <trkpt lat="46.01595" lon="6.94473">
        <ele>2047</ele>
        <extensions>
          <distance>20481</distance>
        </extensions>
      </trkpt>
      <trkpt lat="46.01588" lon="6.94461">
        <ele>2048</ele>
        <extensions>
          <distance>20493</distance>
        </extensions>
      </trkpt>
      <trkpt lat="46.01581" lon="6.94454">
        <ele>2048</ele>
        <extensions>
          <distance>20503</distance>
        </extensions>
      </trkpt>
      <trkpt lat="46.01577" lon="6.94448">
        <ele>2048</ele>
        <extensions>
          <distance>20509</distance>
        </extensions>
      </trkpt>
      <trkpt lat="46.01575" lon="6.94435">
        <ele>2048</ele>
        <extensions>
          <distance>20519</distance>
        </extensions>
      </trkpt>
      <trkpt lat="46.01565" lon="6.94415">
        <ele>2049</ele>
        <extensions>
          <distance>20538</distance>
        </extensions>
      </trkpt>
      <trkpt lat="46.01561" lon="6.94411">
        <ele>2049</ele>
        <extensions>
          <distance>20544</distance>
        </extensions>
      </trkpt>
      <trkpt lat="46.0155" lon="6.94395">
        <ele>2049</ele>
        <extensions>
          <distance>20561</distance>
        </extensions>
      </trkpt>
      <trkpt lat="46.01544" lon="6.94389">
        <ele>2050</ele>
        <extensions>
          <distance>20569</distance>
        </extensions>
      </trkpt>
      <trkpt lat="46.01539" lon="6.94386">
        <ele>2051</ele>
        <extensions>
          <distance>20576</distance>
        </extensions>
      </trkpt>
      <trkpt lat="46.01534" lon="6.94387">
        <ele>2052</ele>
        <extensions>
          <distance>20581</distance>
        </extensions>
      </trkpt>
      <trkpt lat="46.01531" lon="6.94385">
        <ele>2052</ele>
        <extensions>
          <distance>20585</distance>
        </extensions>
      </trkpt>
      <trkpt lat="46.01522" lon="6.94374">
        <ele>2055</ele>
        <extensions>
          <distance>20598</distance>
        </extensions>
      </trkpt>
      <trkpt lat="46.01518" lon="6.94365">
        <ele>2056</ele>
        <extensions>
          <distance>20607</distance>
        </extensions>
      </trkpt>
      <trkpt lat="46.01515" lon="6.94353">
        <ele>2057</ele>
        <extensions>
          <distance>20616</distance>
        </extensions>
      </trkpt>
      <trkpt lat="46.01505" lon="6.94328">
        <ele>2059</ele>
        <extensions>
          <distance>20639</distance>
        </extensions>
      </trkpt>
      <trkpt lat="46.01506" lon="6.94317">
        <ele>2059</ele>
        <extensions>
          <distance>20648</distance>
        </extensions>
      </trkpt>
      <trkpt lat="46.0151" lon="6.94309">
        <ele>2059</ele>
        <extensions>
          <distance>20655</distance>
        </extensions>
      </trkpt>
      <trkpt lat="46.01513" lon="6.94306">
        <ele>2059</ele>
        <extensions>
          <distance>20659</distance>
        </extensions>
      </trkpt>
      <trkpt lat="46.01516" lon="6.94297">
        <ele>2058</ele>
        <extensions>
          <distance>20667</distance>
        </extensions>
      </trkpt>
      <trkpt lat="46.01516" lon="6.94293">
        <ele>2058</ele>
        <extensions>
          <distance>20670</distance>
        </extensions>
      </trkpt>
      <trkpt lat="46.01512" lon="6.94278">
        <ele>2058</ele>
        <extensions>
          <distance>20683</distance>
        </extensions>
      </trkpt>
      <trkpt lat="46.01511" lon="6.9427">
        <ele>2057</ele>
        <extensions>
          <distance>20689</distance>
        </extensions>
      </trkpt>
      <trkpt lat="46.01512" lon="6.94251">
        <ele>2057</ele>
        <extensions>
          <distance>20704</distance>
        </extensions>
      </trkpt>
      <trkpt lat="46.01516" lon="6.94228">
        <ele>2057</ele>
        <extensions>
          <distance>20722</distance>
        </extensions>
      </trkpt>
      <trkpt lat="46.01516" lon="6.9421">
        <ele>2056</ele>
        <extensions>
          <distance>20736</distance>
        </extensions>
      </trkpt>
      <trkpt lat="46.01513" lon="6.94204">
        <ele>2054</ele>
        <extensions>
          <distance>20742</distance>
        </extensions>
      </trkpt>
      <trkpt lat="46.0151" lon="6.94203">
        <ele>2054</ele>
        <extensions>
          <distance>20745</distance>
        </extensions>
      </trkpt>
      <trkpt lat="46.01508" lon="6.942">
        <ele>2053</ele>
        <extensions>
          <distance>20749</distance>
        </extensions>
      </trkpt>
      <trkpt lat="46.01504" lon="6.94191">
        <ele>2052</ele>
        <extensions>
          <distance>20757</distance>
        </extensions>
      </trkpt>
      <trkpt lat="46.01502" lon="6.94182">
        <ele>2051</ele>
        <extensions>
          <distance>20764</distance>
        </extensions>
      </trkpt>
      <trkpt lat="46.01503" lon="6.94166">
        <ele>2050</ele>
        <extensions>
          <distance>20777</distance>
        </extensions>
      </trkpt>
      <trkpt lat="46.015" lon="6.94158">
        <ele>2050</ele>
        <extensions>
          <distance>20784</distance>
        </extensions>
      </trkpt>
      <trkpt lat="46.01491" lon="6.94144">
        <ele>2049</ele>
        <extensions>
          <distance>20799</distance>
        </extensions>
      </trkpt>
      <trkpt lat="46.01479" lon="6.94133">
        <ele>2047</ele>
        <extensions>
          <distance>20815</distance>
        </extensions>
      </trkpt>
      <trkpt lat="46.0147" lon="6.94123">
        <ele>2047</ele>
        <extensions>
          <distance>20827</distance>
        </extensions>
      </trkpt>
      <trkpt lat="46.01466" lon="6.94116">
        <ele>2047</ele>
        <extensions>
          <distance>20834</distance>
        </extensions>
      </trkpt>
      <trkpt lat="46.01461" lon="6.9411">
        <ele>2047</ele>
        <extensions>
          <distance>20841</distance>
        </extensions>
      </trkpt>
      <trkpt lat="46.01455" lon="6.94096">
        <ele>2047</ele>
        <extensions>
          <distance>20854</distance>
        </extensions>
      </trkpt>
      <trkpt lat="46.0145" lon="6.94091">
        <ele>2046</ele>
        <extensions>
          <distance>20861</distance>
        </extensions>
      </trkpt>
      <trkpt lat="46.01444" lon="6.9409">
        <ele>2046</ele>
        <extensions>
          <distance>20868</distance>
        </extensions>
      </trkpt>
      <trkpt lat="46.01435" lon="6.94084">
        <ele>2045</ele>
        <extensions>
          <distance>20879</distance>
        </extensions>
      </trkpt>
      <trkpt lat="46.01419" lon="6.94072">
        <ele>2044</ele>
        <extensions>
          <distance>20899</distance>
        </extensions>
      </trkpt>
      <trkpt lat="46.01416" lon="6.94069">
        <ele>2044</ele>
        <extensions>
          <distance>20903</distance>
        </extensions>
      </trkpt>
      <trkpt lat="46.01414" lon="6.94065">
        <ele>2042</ele>
        <extensions>
          <distance>20907</distance>
        </extensions>
      </trkpt>
      <trkpt lat="46.01405" lon="6.94057">
        <ele>2042</ele>
        <extensions>
          <distance>20918</distance>
        </extensions>
      </trkpt>
      <trkpt lat="46.01399" lon="6.94056">
        <ele>2041</ele>
        <extensions>
          <distance>20925</distance>
        </extensions>
      </trkpt>
      <trkpt lat="46.01394" lon="6.94058">
        <ele>2039</ele>
        <extensions>
          <distance>20931</distance>
        </extensions>
      </trkpt>
      <trkpt lat="46.01392" lon="6.9406">
        <ele>2039</ele>
        <extensions>
          <distance>20934</distance>
        </extensions>
      </trkpt>
      <trkpt lat="46.01391" lon="6.94067">
        <ele>2039</ele>
        <extensions>
          <distance>20939</distance>
        </extensions>
      </trkpt>
      <trkpt lat="46.01394" lon="6.94075">
        <ele>2037</ele>
        <extensions>
          <distance>20947</distance>
        </extensions>
      </trkpt>
      <trkpt lat="46.01399" lon="6.94084">
        <ele>2035</ele>
        <extensions>
          <distance>20956</distance>
        </extensions>
      </trkpt>
      <trkpt lat="46.014" lon="6.94088">
        <ele>2035</ele>
        <extensions>
          <distance>20959</distance>
        </extensions>
      </trkpt>
      <trkpt lat="46.01406" lon="6.94093">
        <ele>2035</ele>
        <extensions>
          <distance>20967</distance>
        </extensions>
      </trkpt>
      <trkpt lat="46.01409" lon="6.94097">
        <ele>2034</ele>
        <extensions>
          <distance>20971</distance>
        </extensions>
      </trkpt>
      <trkpt lat="46.01411" lon="6.941">
        <ele>2033</ele>
        <extensions>
          <distance>20975</distance>
        </extensions>
      </trkpt>
      <trkpt lat="46.01411" lon="6.94103">
        <ele>2032</ele>
        <extensions>
          <distance>20977</distance>
        </extensions>
      </trkpt>
      <trkpt lat="46.01409" lon="6.94105">
        <ele>2032</ele>
        <extensions>
          <distance>20980</distance>
        </extensions>
      </trkpt>
      <trkpt lat="46.01399" lon="6.94108">
        <ele>2031</ele>
        <extensions>
          <distance>20991</distance>
        </extensions>
      </trkpt>
      <trkpt lat="46.01388" lon="6.94106">
        <ele>2029</ele>
        <extensions>
          <distance>21004</distance>
        </extensions>
      </trkpt>
      <trkpt lat="46.01384" lon="6.94104">
        <ele>2028</ele>
        <extensions>
          <distance>21009</distance>
        </extensions>
      </trkpt>
      <trkpt lat="46.01379" lon="6.94096">
        <ele>2027</ele>
        <extensions>
          <distance>21017</distance>
        </extensions>
      </trkpt>
      <trkpt lat="46.01373" lon="6.94089">
        <ele>2023</ele>
        <extensions>
          <distance>21026</distance>
        </extensions>
      </trkpt>
      <trkpt lat="46.01362" lon="6.94078">
        <ele>2022</ele>
        <extensions>
          <distance>21041</distance>
        </extensions>
      </trkpt>
      <trkpt lat="46.01358" lon="6.94076">
        <ele>2021</ele>
        <extensions>
          <distance>21046</distance>
        </extensions>
      </trkpt>
      <trkpt lat="46.01355" lon="6.94073">
        <ele>2021</ele>
        <extensions>
          <distance>21050</distance>
        </extensions>
      </trkpt>
      <trkpt lat="46.01351" lon="6.94065">
        <ele>2021</ele>
        <extensions>
          <distance>21057</distance>
        </extensions>
      </trkpt>
      <trkpt lat="46.01341" lon="6.9405">
        <ele>2018</ele>
        <extensions>
          <distance>21074</distance>
        </extensions>
      </trkpt>
      <trkpt lat="46.01336" lon="6.94045">
        <ele>2016</ele>
        <extensions>
          <distance>21081</distance>
        </extensions>
      </trkpt>
      <trkpt lat="46.01332" lon="6.94044">
        <ele>2015</ele>
        <extensions>
          <distance>21086</distance>
        </extensions>
      </trkpt>
      <trkpt lat="46.01328" lon="6.9406">
        <ele>2013</ele>
        <extensions>
          <distance>21099</distance>
        </extensions>
      </trkpt>
      <trkpt lat="46.01328" lon="6.94066">
        <ele>2012</ele>
        <extensions>
          <distance>21104</distance>
        </extensions>
      </trkpt>
      <trkpt lat="46.01325" lon="6.94083">
        <ele>2010</ele>
        <extensions>
          <distance>21117</distance>
        </extensions>
      </trkpt>
      <trkpt lat="46.01326" lon="6.94089">
        <ele>2010</ele>
        <extensions>
          <distance>21122</distance>
        </extensions>
      </trkpt>
      <trkpt lat="46.01326" lon="6.94102">
        <ele>2009</ele>
        <extensions>
          <distance>21132</distance>
        </extensions>
      </trkpt>
      <trkpt lat="46.01325" lon="6.94106">
        <ele>2009</ele>
        <extensions>
          <distance>21135</distance>
        </extensions>
      </trkpt>
      <trkpt lat="46.01322" lon="6.94107">
        <ele>2008</ele>
        <extensions>
          <distance>21139</distance>
        </extensions>
      </trkpt>
      <trkpt lat="46.01315" lon="6.94106">
        <ele>2007</ele>
        <extensions>
          <distance>21147</distance>
        </extensions>
      </trkpt>
      <trkpt lat="46.01311" lon="6.94112">
        <ele>2006</ele>
        <extensions>
          <distance>21153</distance>
        </extensions>
      </trkpt>
      <trkpt lat="46.01308" lon="6.9412">
        <ele>2005</ele>
        <extensions>
          <distance>21160</distance>
        </extensions>
      </trkpt>
      <trkpt lat="46.01306" lon="6.94123">
        <ele>2004</ele>
        <extensions>
          <distance>21164</distance>
        </extensions>
      </trkpt>
      <trkpt lat="46.01303" lon="6.94125">
        <ele>2003</ele>
        <extensions>
          <distance>21168</distance>
        </extensions>
      </trkpt>
      <trkpt lat="46.01302" lon="6.94129">
        <ele>2002</ele>
        <extensions>
          <distance>21171</distance>
        </extensions>
      </trkpt>
      <trkpt lat="46.01297" lon="6.94135">
        <ele>2001</ele>
        <extensions>
          <distance>21178</distance>
        </extensions>
      </trkpt>
      <trkpt lat="46.01295" lon="6.94135">
        <ele>2001</ele>
        <extensions>
          <distance>21180</distance>
        </extensions>
      </trkpt>
      <trkpt lat="46.01289" lon="6.94131">
        <ele>2000</ele>
        <extensions>
          <distance>21188</distance>
        </extensions>
      </trkpt>
      <trkpt lat="46.01283" lon="6.94119">
        <ele>1998</ele>
        <extensions>
          <distance>21199</distance>
        </extensions>
      </trkpt>
      <trkpt lat="46.01281" lon="6.94109">
        <ele>1997</ele>
        <extensions>
          <distance>21208</distance>
        </extensions>
      </trkpt>
      <trkpt lat="46.01277" lon="6.94103">
        <ele>1996</ele>
        <extensions>
          <distance>21214</distance>
        </extensions>
      </trkpt>
      <trkpt lat="46.01274" lon="6.94101">
        <ele>1995</ele>
        <extensions>
          <distance>21218</distance>
        </extensions>
      </trkpt>
      <trkpt lat="46.01271" lon="6.941">
        <ele>1994</ele>
        <extensions>
          <distance>21221</distance>
        </extensions>
      </trkpt>
      <trkpt lat="46.01265" lon="6.941">
        <ele>1993</ele>
        <extensions>
          <distance>21228</distance>
        </extensions>
      </trkpt>
      <trkpt lat="46.01259" lon="6.94102">
        <ele>1993</ele>
        <extensions>
          <distance>21235</distance>
        </extensions>
      </trkpt>
      <trkpt lat="46.01253" lon="6.94106">
        <ele>1991</ele>
        <extensions>
          <distance>21243</distance>
        </extensions>
      </trkpt>
      <trkpt lat="46.01236" lon="6.9411">
        <ele>1987</ele>
        <extensions>
          <distance>21262</distance>
        </extensions>
      </trkpt>
      <trkpt lat="46.01232" lon="6.9411">
        <ele>1986</ele>
        <extensions>
          <distance>21267</distance>
        </extensions>
      </trkpt>
      <trkpt lat="46.01224" lon="6.94108">
        <ele>1986</ele>
        <extensions>
          <distance>21276</distance>
        </extensions>
      </trkpt>
      <trkpt lat="46.01217" lon="6.94104">
        <ele>1985</ele>
        <extensions>
          <distance>21284</distance>
        </extensions>
      </trkpt>
      <trkpt lat="46.01214" lon="6.94101">
        <ele>1984</ele>
        <extensions>
          <distance>21288</distance>
        </extensions>
      </trkpt>
      <trkpt lat="46.012" lon="6.94081">
        <ele>1981</ele>
        <extensions>
          <distance>21310</distance>
        </extensions>
      </trkpt>
      <trkpt lat="46.01194" lon="6.94078">
        <ele>1980</ele>
        <extensions>
          <distance>21317</distance>
        </extensions>
      </trkpt>
      <trkpt lat="46.01183" lon="6.94079">
        <ele>1978</ele>
        <extensions>
          <distance>21330</distance>
        </extensions>
      </trkpt>
      <trkpt lat="46.01176" lon="6.94076">
        <ele>1978</ele>
        <extensions>
          <distance>21338</distance>
        </extensions>
      </trkpt>
      <trkpt lat="46.01174" lon="6.94074">
        <ele>1977</ele>
        <extensions>
          <distance>21341</distance>
        </extensions>
      </trkpt>
      <trkpt lat="46.0117" lon="6.94067">
        <ele>1976</ele>
        <extensions>
          <distance>21348</distance>
        </extensions>
      </trkpt>
      <trkpt lat="46.01169" lon="6.94054">
        <ele>1974</ele>
        <extensions>
          <distance>21358</distance>
        </extensions>
      </trkpt>
      <trkpt lat="46.01167" lon="6.94045">
        <ele>1974</ele>
        <extensions>
          <distance>21366</distance>
        </extensions>
      </trkpt>
      <trkpt lat="46.01161" lon="6.94036">
        <ele>1972</ele>
        <extensions>
          <distance>21375</distance>
        </extensions>
      </trkpt>
      <trkpt lat="46.01155" lon="6.94017">
        <ele>1970</ele>
        <extensions>
          <distance>21392</distance>
        </extensions>
      </trkpt>
      <trkpt lat="46.01153" lon="6.94013">
        <ele>1970</ele>
        <extensions>
          <distance>21395</distance>
        </extensions>
      </trkpt>
      <trkpt lat="46.0115" lon="6.9401">
        <ele>1969</ele>
        <extensions>
          <distance>21399</distance>
        </extensions>
      </trkpt>
      <trkpt lat="46.01143" lon="6.93997">
        <ele>1969</ele>
        <extensions>
          <distance>21412</distance>
        </extensions>
      </trkpt>
      <trkpt lat="46.01141" lon="6.93989">
        <ele>1968</ele>
        <extensions>
          <distance>21419</distance>
        </extensions>
      </trkpt>
      <trkpt lat="46.01134" lon="6.93977">
        <ele>1968</ele>
        <extensions>
          <distance>21431</distance>
        </extensions>
      </trkpt>
      <trkpt lat="46.01131" lon="6.93974">
        <ele>1967</ele>
        <extensions>
          <distance>21435</distance>
        </extensions>
      </trkpt>
      <trkpt lat="46.01125" lon="6.93963">
        <ele>1965</ele>
        <extensions>
          <distance>21446</distance>
        </extensions>
      </trkpt>
      <trkpt lat="46.01123" lon="6.93961">
        <ele>1964</ele>
        <extensions>
          <distance>21449</distance>
        </extensions>
      </trkpt>
      <trkpt lat="46.01118" lon="6.93959">
        <ele>1963</ele>
        <extensions>
          <distance>21455</distance>
        </extensions>
      </trkpt>
      <trkpt lat="46.01112" lon="6.93952">
        <ele>1959</ele>
        <extensions>
          <distance>21464</distance>
        </extensions>
      </trkpt>
      <trkpt lat="46.01109" lon="6.93951">
        <ele>1956</ele>
        <extensions>
          <distance>21469</distance>
        </extensions>
      </trkpt>
      <trkpt lat="46.01107" lon="6.93951">
        <ele>1952</ele>
        <extensions>
          <distance>21473</distance>
        </extensions>
      </trkpt>
      <trkpt lat="46.01105" lon="6.93953">
        <ele>1950</ele>
        <extensions>
          <distance>21476</distance>
        </extensions>
      </trkpt>
      <trkpt lat="46.011" lon="6.93978">
        <ele>1950</ele>
        <extensions>
          <distance>21496</distance>
        </extensions>
      </trkpt>
      <trkpt lat="46.011" lon="6.93987">
        <ele>1950</ele>
        <extensions>
          <distance>21503</distance>
        </extensions>
      </trkpt>
      <trkpt lat="46.01093" lon="6.94015">
        <ele>1942</ele>
        <extensions>
          <distance>21527</distance>
        </extensions>
      </trkpt>
      <trkpt lat="46.01087" lon="6.94022">
        <ele>1939</ele>
        <extensions>
          <distance>21536</distance>
        </extensions>
      </trkpt>
      <trkpt lat="46.01082" lon="6.94033">
        <ele>1936</ele>
        <extensions>
          <distance>21547</distance>
        </extensions>
      </trkpt>
      <trkpt lat="46.01077" lon="6.94041">
        <ele>1933</ele>
        <extensions>
          <distance>21556</distance>
        </extensions>
      </trkpt>
      <trkpt lat="46.01075" lon="6.94048">
        <ele>1931</ele>
        <extensions>
          <distance>21561</distance>
        </extensions>
      </trkpt>
      <trkpt lat="46.01075" lon="6.94059">
        <ele>1929</ele>
        <extensions>
          <distance>21570</distance>
        </extensions>
      </trkpt>
      <trkpt lat="46.01077" lon="6.94066">
        <ele>1926</ele>
        <extensions>
          <distance>21577</distance>
        </extensions>
      </trkpt>
      <trkpt lat="46.01077" lon="6.94074">
        <ele>1924</ele>
        <extensions>
          <distance>21583</distance>
        </extensions>
      </trkpt>
      <trkpt lat="46.01073" lon="6.94088">
        <ele>1920</ele>
        <extensions>
          <distance>21596</distance>
        </extensions>
      </trkpt>
      <trkpt lat="46.01074" lon="6.94113">
        <ele>1914</ele>
        <extensions>
          <distance>21616</distance>
        </extensions>
      </trkpt>
      <trkpt lat="46.01079" lon="6.94127">
        <ele>1912</ele>
        <extensions>
          <distance>21628</distance>
        </extensions>
      </trkpt>
      <trkpt lat="46.01081" lon="6.94137">
        <ele>1912</ele>
        <extensions>
          <distance>21637</distance>
        </extensions>
      </trkpt>
      <trkpt lat="46.01085" lon="6.94147">
        <ele>1911</ele>
        <extensions>
          <distance>21646</distance>
        </extensions>
      </trkpt>
      <trkpt lat="46.01087" lon="6.94157">
        <ele>1910</ele>
        <extensions>
          <distance>21654</distance>
        </extensions>
      </trkpt>
      <trkpt lat="46.01089" lon="6.94161">
        <ele>1910</ele>
        <extensions>
          <distance>21657</distance>
        </extensions>
      </trkpt>
      <trkpt lat="46.01091" lon="6.94176">
        <ele>1908</ele>
        <extensions>
          <distance>21669</distance>
        </extensions>
      </trkpt>
      <trkpt lat="46.01091" lon="6.94191">
        <ele>1905</ele>
        <extensions>
          <distance>21681</distance>
        </extensions>
      </trkpt>
      <trkpt lat="46.01089" lon="6.94207">
        <ele>1903</ele>
        <extensions>
          <distance>21694</distance>
        </extensions>
      </trkpt>
      <trkpt lat="46.01089" lon="6.94217">
        <ele>1902</ele>
        <extensions>
          <distance>21702</distance>
        </extensions>
      </trkpt>
      <trkpt lat="46.01086" lon="6.94231">
        <ele>1901</ele>
        <extensions>
          <distance>21713</distance>
        </extensions>
      </trkpt>
      <trkpt lat="46.01084" lon="6.94234">
        <ele>1900</ele>
        <extensions>
          <distance>21717</distance>
        </extensions>
      </trkpt>
      <trkpt lat="46.01082" lon="6.94236">
        <ele>1900</ele>
        <extensions>
          <distance>21719</distance>
        </extensions>
      </trkpt>
      <trkpt lat="46.01078" lon="6.94235">
        <ele>1899</ele>
        <extensions>
          <distance>21724</distance>
        </extensions>
      </trkpt>
      <trkpt lat="46.01073" lon="6.94229">
        <ele>1896</ele>
        <extensions>
          <distance>21732</distance>
        </extensions>
      </trkpt>
      <trkpt lat="46.01059" lon="6.94221">
        <ele>1892</ele>
        <extensions>
          <distance>21749</distance>
        </extensions>
      </trkpt>
      <trkpt lat="46.01045" lon="6.942">
        <ele>1884</ele>
        <extensions>
          <distance>21773</distance>
        </extensions>
      </trkpt>
      <trkpt lat="46.0104" lon="6.94196">
        <ele>1882</ele>
        <extensions>
          <distance>21779</distance>
        </extensions>
      </trkpt>
      <trkpt lat="46.01036" lon="6.94191">
        <ele>1879</ele>
        <extensions>
          <distance>21786</distance>
        </extensions>
      </trkpt>
      <trkpt lat="46.01033" lon="6.9419">
        <ele>1878</ele>
        <extensions>
          <distance>21790</distance>
        </extensions>
      </trkpt>
      <trkpt lat="46.01021" lon="6.94181">
        <ele>1872</ele>
        <extensions>
          <distance>21806</distance>
        </extensions>
      </trkpt>
      <trkpt lat="46.01016" lon="6.94177">
        <ele>1870</ele>
        <extensions>
          <distance>21812</distance>
        </extensions>
      </trkpt>
      <trkpt lat="46.01011" lon="6.94171">
        <ele>1867</ele>
        <extensions>
          <distance>21820</distance>
        </extensions>
      </trkpt>
      <trkpt lat="46.01008" lon="6.9417">
        <ele>1867</ele>
        <extensions>
          <distance>21824</distance>
        </extensions>
      </trkpt>
      <trkpt lat="46.00994" lon="6.94158">
        <ele>1860</ele>
        <extensions>
          <distance>21843</distance>
        </extensions>
      </trkpt>
      <trkpt lat="46.00984" lon="6.94151">
        <ele>1856</ele>
        <extensions>
          <distance>21856</distance>
        </extensions>
      </trkpt>
      <trkpt lat="46.00968" lon="6.94144">
        <ele>1851</ele>
        <extensions>
          <distance>21875</distance>
        </extensions>
      </trkpt>
      <trkpt lat="46.00952" lon="6.94137">
        <ele>1846</ele>
        <extensions>
          <distance>21895</distance>
        </extensions>
      </trkpt>
      <trkpt lat="46.00946" lon="6.94135">
        <ele>1844</ele>
        <extensions>
          <distance>21901</distance>
        </extensions>
      </trkpt>
      <trkpt lat="46.00941" lon="6.94135">
        <ele>1842</ele>
        <extensions>
          <distance>21908</distance>
        </extensions>
      </trkpt>
      <trkpt lat="46.0094" lon="6.94137">
        <ele>1841</ele>
        <extensions>
          <distance>21910</distance>
        </extensions>
      </trkpt>
      <trkpt lat="46.00942" lon="6.94145">
        <ele>1840</ele>
        <extensions>
          <distance>21916</distance>
        </extensions>
      </trkpt>
      <trkpt lat="46.00947" lon="6.94157">
        <ele>1840</ele>
        <extensions>
          <distance>21927</distance>
        </extensions>
      </trkpt>
      <trkpt lat="46.00951" lon="6.94171">
        <ele>1840</ele>
        <extensions>
          <distance>21939</distance>
        </extensions>
      </trkpt>
      <trkpt lat="46.00961" lon="6.94194">
        <ele>1838</ele>
        <extensions>
          <distance>21960</distance>
        </extensions>
      </trkpt>
      <trkpt lat="46.00964" lon="6.94206">
        <ele>1836</ele>
        <extensions>
          <distance>21970</distance>
        </extensions>
      </trkpt>
      <trkpt lat="46.00965" lon="6.94215">
        <ele>1835</ele>
        <extensions>
          <distance>21977</distance>
        </extensions>
      </trkpt>
      <trkpt lat="46.00965" lon="6.94219">
        <ele>1834</ele>
        <extensions>
          <distance>21980</distance>
        </extensions>
      </trkpt>
      <trkpt lat="46.0096" lon="6.94238">
        <ele>1829</ele>
        <extensions>
          <distance>21997</distance>
        </extensions>
      </trkpt>
      <trkpt lat="46.00955" lon="6.94257">
        <ele>1824</ele>
        <extensions>
          <distance>22013</distance>
        </extensions>
      </trkpt>
      <trkpt lat="46.00955" lon="6.94272">
        <ele>1820</ele>
        <extensions>
          <distance>22026</distance>
        </extensions>
      </trkpt>
      <trkpt lat="46.00956" lon="6.94277">
        <ele>1819</ele>
        <extensions>
          <distance>22030</distance>
        </extensions>
      </trkpt>
      <trkpt lat="46.00955" lon="6.94284">
        <ele>1818</ele>
        <extensions>
          <distance>22035</distance>
        </extensions>
      </trkpt>
      <trkpt lat="46.00952" lon="6.94284">
        <ele>1817</ele>
        <extensions>
          <distance>22039</distance>
        </extensions>
      </trkpt>
      <trkpt lat="46.0095" lon="6.94282">
        <ele>1816</ele>
        <extensions>
          <distance>22042</distance>
        </extensions>
      </trkpt>
      <trkpt lat="46.00949" lon="6.94278">
        <ele>1816</ele>
        <extensions>
          <distance>22045</distance>
        </extensions>
      </trkpt>
      <trkpt lat="46.00941" lon="6.94263">
        <ele>1813</ele>
        <extensions>
          <distance>22060</distance>
        </extensions>
      </trkpt>
      <trkpt lat="46.00936" lon="6.94257">
        <ele>1811</ele>
        <extensions>
          <distance>22067</distance>
        </extensions>
      </trkpt>
      <trkpt lat="46.0093" lon="6.94252">
        <ele>1809</ele>
        <extensions>
          <distance>22075</distance>
        </extensions>
      </trkpt>
      <trkpt lat="46.00916" lon="6.94247">
        <ele>1807</ele>
        <extensions>
          <distance>22091</distance>
        </extensions>
      </trkpt>
      <trkpt lat="46.0091" lon="6.94243">
        <ele>1806</ele>
        <extensions>
          <distance>22099</distance>
        </extensions>
      </trkpt>
      <trkpt lat="46.00903" lon="6.94233">
        <ele>1803</ele>
        <extensions>
          <distance>22110</distance>
        </extensions>
      </trkpt>
      <trkpt lat="46.00901" lon="6.94233">
        <ele>1803</ele>
        <extensions>
          <distance>22113</distance>
        </extensions>
      </trkpt>
      <trkpt lat="46.009" lon="6.94235">
        <ele>1802</ele>
        <extensions>
          <distance>22114</distance>
        </extensions>
      </trkpt>
      <trkpt lat="46.00901" lon="6.94244">
        <ele>1802</ele>
        <extensions>
          <distance>22121</distance>
        </extensions>
      </trkpt>
      <trkpt lat="46.00907" lon="6.94263">
        <ele>1798</ele>
        <extensions>
          <distance>22138</distance>
        </extensions>
      </trkpt>
      <trkpt lat="46.00913" lon="6.94292">
        <ele>1794</ele>
        <extensions>
          <distance>22162</distance>
        </extensions>
      </trkpt>
      <trkpt lat="46.00921" lon="6.94308">
        <ele>1792</ele>
        <extensions>
          <distance>22177</distance>
        </extensions>
      </trkpt>
      <trkpt lat="46.00921" lon="6.94327">
        <ele>1788</ele>
        <extensions>
          <distance>22192</distance>
        </extensions>
      </trkpt>
      <trkpt lat="46.0092" lon="6.94332">
        <ele>1788</ele>
        <extensions>
          <distance>22196</distance>
        </extensions>
      </trkpt>
      <trkpt lat="46.00921" lon="6.94338">
        <ele>1787</ele>
        <extensions>
          <distance>22201</distance>
        </extensions>
      </trkpt>
      <trkpt lat="46.00921" lon="6.943685">
        <ele>1783.5</ele>
        <extensions>
          <distance>22225</distance>
        </extensions>
      </trkpt>
      <trkpt lat="46.00921" lon="6.94399">
        <ele>1780</ele>
        <extensions>
          <distance>22249</distance>
        </extensions>
      </trkpt>
      <trkpt lat="46.00919" lon="6.94402">
        <ele>1779</ele>
        <extensions>
          <distance>22252</distance>
        </extensions>
      </trkpt>
      <trkpt lat="46.00916" lon="6.94404">
        <ele>1779</ele>
        <extensions>
          <distance>22256</distance>
        </extensions>
      </trkpt>
      <trkpt lat="46.0091" lon="6.94405">
        <ele>1776</ele>
        <extensions>
          <distance>22263</distance>
        </extensions>
      </trkpt>
      <trkpt lat="46.00907" lon="6.94404">
        <ele>1776</ele>
        <extensions>
          <distance>22267</distance>
        </extensions>
      </trkpt>
      <trkpt lat="46.00895" lon="6.94396">
        <ele>1773</ele>
        <extensions>
          <distance>22282</distance>
        </extensions>
      </trkpt>
      <trkpt lat="46.00887" lon="6.94386">
        <ele>1771</ele>
        <extensions>
          <distance>22293</distance>
        </extensions>
      </trkpt>
      <trkpt lat="46.00883" lon="6.94377">
        <ele>1769</ele>
        <extensions>
          <distance>22302</distance>
        </extensions>
      </trkpt>
      <trkpt lat="46.00874" lon="6.94362">
        <ele>1767</ele>
        <extensions>
          <distance>22317</distance>
        </extensions>
      </trkpt>
      <trkpt lat="46.00865" lon="6.94353">
        <ele>1766</ele>
        <extensions>
          <distance>22330</distance>
        </extensions>
      </trkpt>
      <trkpt lat="46.00856" lon="6.94342">
        <ele>1762</ele>
        <extensions>
          <distance>22343</distance>
        </extensions>
      </trkpt>
      <trkpt lat="46.00849" lon="6.9434">
        <ele>1761</ele>
        <extensions>
          <distance>22351</distance>
        </extensions>
      </trkpt>
      <trkpt lat="46.00836" lon="6.94341">
        <ele>1757</ele>
        <extensions>
          <distance>22366</distance>
        </extensions>
      </trkpt>
      <trkpt lat="46.00831" lon="6.94345">
        <ele>1756</ele>
        <extensions>
          <distance>22373</distance>
        </extensions>
      </trkpt>
      <trkpt lat="46.00829" lon="6.94353">
        <ele>1755</ele>
        <extensions>
          <distance>22379</distance>
        </extensions>
      </trkpt>
      <trkpt lat="46.00831" lon="6.94363">
        <ele>1754</ele>
        <extensions>
          <distance>22388</distance>
        </extensions>
      </trkpt>
      <trkpt lat="46.00831" lon="6.94373">
        <ele>1754</ele>
        <extensions>
          <distance>22395</distance>
        </extensions>
      </trkpt>
      <trkpt lat="46.00832" lon="6.94378">
        <ele>1754</ele>
        <extensions>
          <distance>22399</distance>
        </extensions>
      </trkpt>
      <trkpt lat="46.00832" lon="6.94401">
        <ele>1752</ele>
        <extensions>
          <distance>22417</distance>
        </extensions>
      </trkpt>
      <trkpt lat="46.00831" lon="6.94406">
        <ele>1751</ele>
        <extensions>
          <distance>22421</distance>
        </extensions>
      </trkpt>
      <trkpt lat="46.00829" lon="6.94409">
        <ele>1750</ele>
        <extensions>
          <distance>22425</distance>
        </extensions>
      </trkpt>
      <trkpt lat="46.00825" lon="6.9441">
        <ele>1750</ele>
        <extensions>
          <distance>22429</distance>
        </extensions>
      </trkpt>
      <trkpt lat="46.00818" lon="6.94404">
        <ele>1748</ele>
        <extensions>
          <distance>22438</distance>
        </extensions>
      </trkpt>
      <trkpt lat="46.00808" lon="6.94388">
        <ele>1745</ele>
        <extensions>
          <distance>22455</distance>
        </extensions>
      </trkpt>
      <trkpt lat="46.00804" lon="6.94377">
        <ele>1743</ele>
        <extensions>
          <distance>22465</distance>
        </extensions>
      </trkpt>
      <trkpt lat="46.00802" lon="6.94374">
        <ele>1742</ele>
        <extensions>
          <distance>22469</distance>
        </extensions>
      </trkpt>
      <trkpt lat="46.00797" lon="6.94373">
        <ele>1740</ele>
        <extensions>
          <distance>22474</distance>
        </extensions>
      </trkpt>
      <trkpt lat="46.00793" lon="6.94377">
        <ele>1738</ele>
        <extensions>
          <distance>22480</distance>
        </extensions>
      </trkpt>
      <trkpt lat="46.00788" lon="6.94406">
        <ele>1734</ele>
        <extensions>
          <distance>22504</distance>
        </extensions>
      </trkpt>
      <trkpt lat="46.00785" lon="6.94415">
        <ele>1733</ele>
        <extensions>
          <distance>22511</distance>
        </extensions>
      </trkpt>
      <trkpt lat="46.00785" lon="6.9442">
        <ele>1733</ele>
        <extensions>
          <distance>22515</distance>
        </extensions>
      </trkpt>
      <trkpt lat="46.00782" lon="6.9443">
        <ele>1732</ele>
        <extensions>
          <distance>22524</distance>
        </extensions>
      </trkpt>
      <trkpt lat="46.00782" lon="6.94434">
        <ele>1731</ele>
        <extensions>
          <distance>22527</distance>
        </extensions>
      </trkpt>
      <trkpt lat="46.00779" lon="6.94438">
        <ele>1730</ele>
        <extensions>
          <distance>22532</distance>
        </extensions>
      </trkpt>
      <trkpt lat="46.00769" lon="6.94443">
        <ele>1728</ele>
        <extensions>
          <distance>22544</distance>
        </extensions>
      </trkpt>
      <trkpt lat="46.00767" lon="6.94446">
        <ele>1727</ele>
        <extensions>
          <distance>22547</distance>
        </extensions>
      </trkpt>
      <trkpt lat="46.00755" lon="6.94454">
        <ele>1724</ele>
        <extensions>
          <distance>22562</distance>
        </extensions>
      </trkpt>
      <trkpt lat="46.0073" lon="6.94466">
        <ele>1720</ele>
        <extensions>
          <distance>22592</distance>
        </extensions>
      </trkpt>
      <trkpt lat="46.00727" lon="6.94467">
        <ele>1720</ele>
        <extensions>
          <distance>22595</distance>
        </extensions>
      </trkpt>
      <trkpt lat="46.00715" lon="6.94467">
        <ele>1718</ele>
        <extensions>
          <distance>22608</distance>
        </extensions>
      </trkpt>
      <trkpt lat="46.00709" lon="6.94462">
        <ele>1716</ele>
        <extensions>
          <distance>22616</distance>
        </extensions>
      </trkpt>
      <trkpt lat="46.00703" lon="6.9445">
        <ele>1712</ele>
        <extensions>
          <distance>22629</distance>
        </extensions>
      </trkpt>
      <trkpt lat="46.00699" lon="6.94437">
        <ele>1709</ele>
        <extensions>
          <distance>22640</distance>
        </extensions>
      </trkpt>
      <trkpt lat="46.00695" lon="6.94428">
        <ele>1708</ele>
        <extensions>
          <distance>22648</distance>
        </extensions>
      </trkpt>
      <trkpt lat="46.00692" lon="6.94413">
        <ele>1707</ele>
        <extensions>
          <distance>22660</distance>
        </extensions>
      </trkpt>
      <trkpt lat="46.00693" lon="6.94396">
        <ele>1705</ele>
        <extensions>
          <distance>22674</distance>
        </extensions>
      </trkpt>
      <trkpt lat="46.00696" lon="6.94388">
        <ele>1704</ele>
        <extensions>
          <distance>22681</distance>
        </extensions>
      </trkpt>
      <trkpt lat="46.00702" lon="6.94378">
        <ele>1702</ele>
        <extensions>
          <distance>22691</distance>
        </extensions>
      </trkpt>
      <trkpt lat="46.00704" lon="6.9437">
        <ele>1701</ele>
        <extensions>
          <distance>22698</distance>
        </extensions>
      </trkpt>
      <trkpt lat="46.00703" lon="6.94367">
        <ele>1700</ele>
        <extensions>
          <distance>22700</distance>
        </extensions>
      </trkpt>
      <trkpt lat="46.007" lon="6.94366">
        <ele>1700</ele>
        <extensions>
          <distance>22704</distance>
        </extensions>
      </trkpt>
      <trkpt lat="46.00684" lon="6.94376">
        <ele>1694</ele>
        <extensions>
          <distance>22724</distance>
        </extensions>
      </trkpt>
      <trkpt lat="46.00675" lon="6.94394">
        <ele>1692</ele>
        <extensions>
          <distance>22741</distance>
        </extensions>
      </trkpt>
      <trkpt lat="46.00669" lon="6.9441">
        <ele>1688</ele>
        <extensions>
          <distance>22756</distance>
        </extensions>
      </trkpt>
      <trkpt lat="46.00667" lon="6.94413">
        <ele>1687</ele>
        <extensions>
          <distance>22759</distance>
        </extensions>
      </trkpt>
      <trkpt lat="46.00661" lon="6.94418">
        <ele>1686</ele>
        <extensions>
          <distance>22767</distance>
        </extensions>
      </trkpt>
      <trkpt lat="46.00654" lon="6.94419">
        <ele>1683</ele>
        <extensions>
          <distance>22775</distance>
        </extensions>
      </trkpt>
      <trkpt lat="46.0065" lon="6.94417">
        <ele>1683</ele>
        <extensions>
          <distance>22780</distance>
        </extensions>
      </trkpt>
      <trkpt lat="46.00647" lon="6.94414">
        <ele>1681</ele>
        <extensions>
          <distance>22784</distance>
        </extensions>
      </trkpt>
      <trkpt lat="46.00641" lon="6.94407">
        <ele>1681</ele>
        <extensions>
          <distance>22793</distance>
        </extensions>
      </trkpt>
      <trkpt lat="46.00639" lon="6.94403">
        <ele>1679</ele>
        <extensions>
          <distance>22797</distance>
        </extensions>
      </trkpt>
      <trkpt lat="46.00633" lon="6.944">
        <ele>1678</ele>
        <extensions>
          <distance>22804</distance>
        </extensions>
      </trkpt>
      <trkpt lat="46.00627" lon="6.94401">
        <ele>1678</ele>
        <extensions>
          <distance>22811</distance>
        </extensions>
      </trkpt>
      <trkpt lat="46.00625" lon="6.94404">
        <ele>1678</ele>
        <extensions>
          <distance>22814</distance>
        </extensions>
      </trkpt>
      <trkpt lat="46.00624" lon="6.94408">
        <ele>1677</ele>
        <extensions>
          <distance>22817</distance>
        </extensions>
      </trkpt>
      <trkpt lat="46.00625" lon="6.94413">
        <ele>1677</ele>
        <extensions>
          <distance>22821</distance>
        </extensions>
      </trkpt>
      <trkpt lat="46.00627" lon="6.94419">
        <ele>1676</ele>
        <extensions>
          <distance>22827</distance>
        </extensions>
      </trkpt>
      <trkpt lat="46.0063" lon="6.94423">
        <ele>1675</ele>
        <extensions>
          <distance>22831</distance>
        </extensions>
      </trkpt>
      <trkpt lat="46.00632" lon="6.94428">
        <ele>1675</ele>
        <extensions>
          <distance>22836</distance>
        </extensions>
      </trkpt>
      <trkpt lat="46.00636" lon="6.94431">
        <ele>1675</ele>
        <extensions>
          <distance>22841</distance>
        </extensions>
      </trkpt>
      <trkpt lat="46.00642" lon="6.94443">
        <ele>1673</ele>
        <extensions>
          <distance>22852</distance>
        </extensions>
      </trkpt>
      <trkpt lat="46.00644" lon="6.94454">
        <ele>1672</ele>
        <extensions>
          <distance>22861</distance>
        </extensions>
      </trkpt>
      <trkpt lat="46.00643" lon="6.94459">
        <ele>1671</ele>
        <extensions>
          <distance>22865</distance>
        </extensions>
      </trkpt>
      <trkpt lat="46.00645" lon="6.9448">
        <ele>1670</ele>
        <extensions>
          <distance>22882</distance>
        </extensions>
      </trkpt>
      <trkpt lat="46.00645" lon="6.94513">
        <ele>1666</ele>
        <extensions>
          <distance>22908</distance>
        </extensions>
      </trkpt>
      <trkpt lat="46.00644" lon="6.94524">
        <ele>1665</ele>
        <extensions>
          <distance>22916</distance>
        </extensions>
      </trkpt>
      <trkpt lat="46.00643" lon="6.94529">
        <ele>1665</ele>
        <extensions>
          <distance>22920</distance>
        </extensions>
      </trkpt>
      <trkpt lat="46.00639" lon="6.94536">
        <ele>1664</ele>
        <extensions>
          <distance>22927</distance>
        </extensions>
      </trkpt>
      <trkpt lat="46.00637" lon="6.94537">
        <ele>1663</ele>
        <extensions>
          <distance>22930</distance>
        </extensions>
      </trkpt>
      <trkpt lat="46.00635" lon="6.94536">
        <ele>1662</ele>
        <extensions>
          <distance>22932</distance>
        </extensions>
      </trkpt>
      <trkpt lat="46.00627" lon="6.94525">
        <ele>1660</ele>
        <extensions>
          <distance>22945</distance>
        </extensions>
      </trkpt>
      <trkpt lat="46.00619" lon="6.945">
        <ele>1656</ele>
        <extensions>
          <distance>22966</distance>
        </extensions>
      </trkpt>
      <trkpt lat="46.00617" lon="6.94499">
        <ele>1656</ele>
        <extensions>
          <distance>22969</distance>
        </extensions>
      </trkpt>
      <trkpt lat="46.00614" lon="6.94499">
        <ele>1655</ele>
        <extensions>
          <distance>22972</distance>
        </extensions>
      </trkpt>
      <trkpt lat="46.00612" lon="6.94501">
        <ele>1654</ele>
        <extensions>
          <distance>22975</distance>
        </extensions>
      </trkpt>
      <trkpt lat="46.00609" lon="6.94516">
        <ele>1653</ele>
        <extensions>
          <distance>22987</distance>
        </extensions>
      </trkpt>
      <trkpt lat="46.00609" lon="6.94522">
        <ele>1653</ele>
        <extensions>
          <distance>22992</distance>
        </extensions>
      </trkpt>
      <trkpt lat="46.0061" lon="6.94534">
        <ele>1652</ele>
        <extensions>
          <distance>23001</distance>
        </extensions>
      </trkpt>
      <trkpt lat="46.00615" lon="6.94549">
        <ele>1651</ele>
        <extensions>
          <distance>23014</distance>
        </extensions>
      </trkpt>
      <trkpt lat="46.006215" lon="6.945735">
        <ele>1646.5</ele>
        <extensions>
          <distance>23035</distance>
        </extensions>
      </trkpt>
      <trkpt lat="46.00628" lon="6.94598">
        <ele>1642</ele>
        <extensions>
          <distance>23056</distance>
        </extensions>
      </trkpt>
      <trkpt lat="46.00631" lon="6.94614">
        <ele>1639</ele>
        <extensions>
          <distance>23069</distance>
        </extensions>
      </trkpt>
      <trkpt lat="46.0063" lon="6.94621">
        <ele>1638</ele>
        <extensions>
          <distance>23074</distance>
        </extensions>
      </trkpt>
      <trkpt lat="46.00628" lon="6.94621">
        <ele>1637</ele>
        <extensions>
          <distance>23076</distance>
        </extensions>
      </trkpt>
      <trkpt lat="46.00622" lon="6.94617">
        <ele>1636</ele>
        <extensions>
          <distance>23084</distance>
        </extensions>
      </trkpt>
      <trkpt lat="46.00608" lon="6.94604">
        <ele>1632</ele>
        <extensions>
          <distance>23103</distance>
        </extensions>
      </trkpt>
      <trkpt lat="46.00595" lon="6.94585">
        <ele>1627</ele>
        <extensions>
          <distance>23124</distance>
        </extensions>
      </trkpt>
      <trkpt lat="46.00588" lon="6.94579">
        <ele>1626</ele>
        <extensions>
          <distance>23133</distance>
        </extensions>
      </trkpt>
      <trkpt lat="46.00582" lon="6.94572">
        <ele>1624</ele>
        <extensions>
          <distance>23142</distance>
        </extensions>
      </trkpt>
      <trkpt lat="46.00576" lon="6.9456">
        <ele>1622</ele>
        <extensions>
          <distance>23154</distance>
        </extensions>
      </trkpt>
      <trkpt lat="46.0057" lon="6.94553">
        <ele>1621</ele>
        <extensions>
          <distance>23162</distance>
        </extensions>
      </trkpt>
      <trkpt lat="46.00566" lon="6.94544">
        <ele>1620</ele>
        <extensions>
          <distance>23171</distance>
        </extensions>
      </trkpt>
      <trkpt lat="46.00563" lon="6.94532">
        <ele>1617</ele>
        <extensions>
          <distance>23181</distance>
        </extensions>
      </trkpt>
      <trkpt lat="46.0056" lon="6.94526">
        <ele>1616</ele>
        <extensions>
          <distance>23187</distance>
        </extensions>
      </trkpt>
      <trkpt lat="46.00557" lon="6.94524">
        <ele>1616</ele>
        <extensions>
          <distance>23190</distance>
        </extensions>
      </trkpt>
      <trkpt lat="46.00554" lon="6.94525">
        <ele>1613</ele>
        <extensions>
          <distance>23194</distance>
        </extensions>
      </trkpt>
      <trkpt lat="46.00552" lon="6.94528">
        <ele>1613</ele>
        <extensions>
          <distance>23198</distance>
        </extensions>
      </trkpt>
      <trkpt lat="46.00551" lon="6.94532">
        <ele>1613</ele>
        <extensions>
          <distance>23201</distance>
        </extensions>
      </trkpt>
      <trkpt lat="46.00551" lon="6.94541">
        <ele>1612</ele>
        <extensions>
          <distance>23208</distance>
        </extensions>
      </trkpt>
      <trkpt lat="46.00552" lon="6.94546">
        <ele>1611</ele>
        <extensions>
          <distance>23212</distance>
        </extensions>
      </trkpt>
      <trkpt lat="46.00552" lon="6.94557">
        <ele>1610</ele>
        <extensions>
          <distance>23221</distance>
        </extensions>
      </trkpt>
      <trkpt lat="46.00554" lon="6.94562">
        <ele>1609</ele>
        <extensions>
          <distance>23225</distance>
        </extensions>
      </trkpt>
      <trkpt lat="46.00554" lon="6.94568">
        <ele>1609</ele>
        <extensions>
          <distance>23230</distance>
        </extensions>
      </trkpt>
      <trkpt lat="46.00557" lon="6.94583">
        <ele>1607</ele>
        <extensions>
          <distance>23242</distance>
        </extensions>
      </trkpt>
      <trkpt lat="46.00557" lon="6.94612">
        <ele>1601</ele>
        <extensions>
          <distance>23265</distance>
        </extensions>
      </trkpt>
      <trkpt lat="46.0056" lon="6.94625">
        <ele>1599</ele>
        <extensions>
          <distance>23276</distance>
        </extensions>
      </trkpt>
      <trkpt lat="46.0056" lon="6.94634">
        <ele>1596</ele>
        <extensions>
          <distance>23284</distance>
        </extensions>
      </trkpt>
      <trkpt lat="46.00564" lon="6.94652">
        <ele>1592</ele>
        <extensions>
          <distance>23299</distance>
        </extensions>
      </trkpt>
      <trkpt lat="46.00564" lon="6.94657">
        <ele>1592</ele>
        <extensions>
          <distance>23303</distance>
        </extensions>
      </trkpt>
      <trkpt lat="46.00568" lon="6.94674">
        <ele>1588</ele>
        <extensions>
          <distance>23317</distance>
        </extensions>
      </trkpt>
      <trkpt lat="46.00572" lon="6.94682">
        <ele>1587</ele>
        <extensions>
          <distance>23325</distance>
        </extensions>
      </trkpt>
      <trkpt lat="46.00584" lon="6.94695">
        <ele>1582</ele>
        <extensions>
          <distance>23342</distance>
        </extensions>
      </trkpt>
      <trkpt lat="46.006005" lon="6.9470600000000005">
        <ele>1576.5</ele>
        <extensions>
          <distance>23363</distance>
        </extensions>
      </trkpt>
      <trkpt lat="46.00617" lon="6.94717">
        <ele>1571</ele>
        <extensions>
          <distance>23384</distance>
        </extensions>
      </trkpt>
      <trkpt lat="46.00629" lon="6.9473">
        <ele>1569</ele>
        <extensions>
          <distance>23401</distance>
        </extensions>
      </trkpt>
      <trkpt lat="46.00636" lon="6.94734">
        <ele>1566</ele>
        <extensions>
          <distance>23410</distance>
        </extensions>
      </trkpt>
      <trkpt lat="46.00639" lon="6.94737">
        <ele>1566</ele>
        <extensions>
          <distance>23414</distance>
        </extensions>
      </trkpt>
      <trkpt lat="46.0065" lon="6.94743">
        <ele>1563</ele>
        <extensions>
          <distance>23427</distance>
        </extensions>
      </trkpt>
      <trkpt lat="46.00656" lon="6.94749">
        <ele>1561</ele>
        <extensions>
          <distance>23435</distance>
        </extensions>
      </trkpt>
      <trkpt lat="46.00657" lon="6.94752">
        <ele>1561</ele>
        <extensions>
          <distance>23438</distance>
        </extensions>
      </trkpt>
      <trkpt lat="46.00655" lon="6.9475">
        <ele>1545</ele>
        <extensions>
          <distance>23449</distance>
        </extensions>
      </trkpt>
      <trkpt lat="46.00653" lon="6.94754">
        <ele>1543</ele>
        <extensions>
          <distance>23453</distance>
        </extensions>
      </trkpt>
      <trkpt lat="46.0064" lon="6.94755">
        <ele>1540</ele>
        <extensions>
          <distance>23468</distance>
        </extensions>
      </trkpt>
      <trkpt lat="46.00637" lon="6.94763">
        <ele>1538</ele>
        <extensions>
          <distance>23475</distance>
        </extensions>
      </trkpt>
      <trkpt lat="46.00652" lon="6.94778">
        <ele>1537</ele>
        <extensions>
          <distance>23496</distance>
        </extensions>
      </trkpt>
      <trkpt lat="46.00647" lon="6.94788">
        <ele>1535</ele>
        <extensions>
          <distance>23505</distance>
        </extensions>
      </trkpt>
      <trkpt lat="46.006335" lon="6.947905">
        <ele>1531.5</ele>
        <extensions>
          <distance>23521</distance>
        </extensions>
      </trkpt>
      <trkpt lat="46.0062" lon="6.94793">
        <ele>1528</ele>
        <extensions>
          <distance>23537</distance>
        </extensions>
      </trkpt>
      <trkpt lat="46.00599" lon="6.94783">
        <ele>1525.5</ele>
        <extensions>
          <distance>23561</distance>
        </extensions>
      </trkpt>
      <trkpt lat="46.00578" lon="6.94773">
        <ele>1523</ele>
        <extensions>
          <distance>23586</distance>
        </extensions>
      </trkpt>
      <trkpt lat="46.00554" lon="6.94769">
        <ele>1520</ele>
        <extensions>
          <distance>23613</distance>
        </extensions>
      </trkpt>
      <trkpt lat="46.0054" lon="6.94771">
        <ele>1516.5</ele>
        <extensions>
          <distance>23629</distance>
        </extensions>
      </trkpt>
      <trkpt lat="46.00526" lon="6.94773">
        <ele>1513</ele>
        <extensions>
          <distance>23645</distance>
        </extensions>
      </trkpt>
      <trkpt lat="46.00509" lon="6.9477">
        <ele>1513</ele>
        <extensions>
          <distance>23664</distance>
        </extensions>
      </trkpt>
      <trkpt lat="46.00487" lon="6.94761">
        <ele>1509</ele>
        <extensions>
          <distance>23690</distance>
        </extensions>
      </trkpt>
      <trkpt lat="46.00485" lon="6.94759">
        <ele>1506</ele>
        <extensions>
          <distance>23694</distance>
        </extensions>
      </trkpt>
      <trkpt lat="46.00486" lon="6.94755">
        <ele>1504</ele>
        <extensions>
          <distance>23697</distance>
        </extensions>
      </trkpt>
      <trkpt lat="46.004695" lon="6.94738">
        <ele>1499.5</ele>
        <extensions>
          <distance>23721</distance>
        </extensions>
      </trkpt>
      <trkpt lat="46.00453" lon="6.94721">
        <ele>1495</ele>
        <extensions>
          <distance>23744</distance>
        </extensions>
      </trkpt>
      <trkpt lat="46.004360000000005" lon="6.947045">
        <ele>1492.5</ele>
        <extensions>
          <distance>23766</distance>
        </extensions>
      </trkpt>
      <trkpt lat="46.00419" lon="6.94688">
        <ele>1490</ele>
        <extensions>
          <distance>23789</distance>
        </extensions>
      </trkpt>
      <trkpt lat="46.004065" lon="6.94669">
        <ele>1489.5</ele>
        <extensions>
          <distance>23810</distance>
        </extensions>
      </trkpt>
      <trkpt lat="46.00394" lon="6.9465">
        <ele>1489</ele>
        <extensions>
          <distance>23830</distance>
        </extensions>
      </trkpt>
      <trkpt lat="46.00389" lon="6.94657">
        <ele>1488</ele>
        <extensions>
          <distance>23838</distance>
        </extensions>
      </trkpt>
      <trkpt lat="46.00388" lon="6.94655">
        <ele>1487</ele>
        <extensions>
          <distance>23840</distance>
        </extensions>
      </trkpt>
      <trkpt lat="46.00387" lon="6.94656">
        <ele>1487</ele>
        <extensions>
          <distance>23841</distance>
        </extensions>
      </trkpt>
      <trkpt lat="46.00377" lon="6.946695">
        <ele>1487</ele>
        <extensions>
          <distance>23856</distance>
        </extensions>
      </trkpt>
      <trkpt lat="46.00367" lon="6.94683">
        <ele>1487</ele>
        <extensions>
          <distance>23872</distance>
        </extensions>
      </trkpt>
      <trkpt lat="46.00363" lon="6.94679">
        <ele>1486</ele>
        <extensions>
          <distance>23877</distance>
        </extensions>
      </trkpt>
      <trkpt lat="46.00346" lon="6.94649">
        <ele>1478</ele>
        <extensions>
          <distance>23908</distance>
        </extensions>
      </trkpt>
      <trkpt lat="46.00338" lon="6.94633">
        <ele>1477</ele>
        <extensions>
          <distance>23923</distance>
        </extensions>
      </trkpt>
      <trkpt lat="46.00333" lon="6.94619">
        <ele>1477</ele>
        <extensions>
          <distance>23935</distance>
        </extensions>
      </trkpt>
      <trkpt lat="46.00313" lon="6.946345">
        <ele>1477</ele>
        <extensions>
          <distance>23960</distance>
        </extensions>
      </trkpt>
      <trkpt lat="46.00293" lon="6.9465">
        <ele>1477</ele>
        <extensions>
          <distance>23986</distance>
        </extensions>
      </trkpt>
      <trkpt lat="46.002795" lon="6.9465900000000005">
        <ele>1476.5</ele>
        <extensions>
          <distance>24002</distance>
        </extensions>
      </trkpt>
      <trkpt lat="46.00266" lon="6.94668">
        <ele>1476</ele>
        <extensions>
          <distance>24019</distance>
        </extensions>
      </trkpt>
      <trkpt lat="46.002579999999995" lon="6.946479999999999">
        <ele>1474.5</ele>
        <extensions>
          <distance>24037</distance>
        </extensions>
      </trkpt>
      <trkpt lat="46.0025" lon="6.94628">
        <ele>1473</ele>
        <extensions>
          <distance>24054</distance>
        </extensions>
      </trkpt>
      <trkpt lat="46.00237" lon="6.94603">
        <ele>1470</ele>
        <extensions>
          <distance>24079</distance>
        </extensions>
      </trkpt>
      <trkpt lat="46.00228" lon="6.9459">
        <ele>1470</ele>
        <extensions>
          <distance>24093</distance>
        </extensions>
      </trkpt>
      <trkpt lat="46.00212" lon="6.94609">
        <ele>1470</ele>
        <extensions>
          <distance>24116</distance>
        </extensions>
      </trkpt>
      <trkpt lat="46.00197" lon="6.94629">
        <ele>1470</ele>
        <extensions>
          <distance>24139</distance>
        </extensions>
      </trkpt>
      <trkpt lat="46.001850000000005" lon="6.946490000000001">
        <ele>1471.5</ele>
        <extensions>
          <distance>24159</distance>
        </extensions>
      </trkpt>
      <trkpt lat="46.00173" lon="6.94669">
        <ele>1473</ele>
        <extensions>
          <distance>24180</distance>
        </extensions>
      </trkpt>
      <trkpt lat="46.00173" lon="6.94694">
        <ele>1474</ele>
        <extensions>
          <distance>24199</distance>
        </extensions>
      </trkpt>
      <trkpt lat="46.001607500000006" lon="6.9471324999999995">
        <ele>1474.5</ele>
        <extensions>
          <distance>24219</distance>
        </extensions>
      </trkpt>
      <trkpt lat="46.001485" lon="6.947324999999999">
        <ele>1475</ele>
        <extensions>
          <distance>24240</distance>
        </extensions>
      </trkpt>
      <trkpt lat="46.0013625" lon="6.9475175">
        <ele>1475.5</ele>
        <extensions>
          <distance>24260</distance>
        </extensions>
      </trkpt>
      <trkpt lat="46.00124" lon="6.94771">
        <ele>1476</ele>
        <extensions>
          <distance>24280</distance>
        </extensions>
      </trkpt>
      <trkpt lat="46.001125" lon="6.94786">
        <ele>1476</ele>
        <extensions>
          <distance>24297</distance>
        </extensions>
      </trkpt>
      <trkpt lat="46.00101" lon="6.94801">
        <ele>1476</ele>
        <extensions>
          <distance>24314</distance>
        </extensions>
      </trkpt>
      <trkpt lat="46.0009275" lon="6.948225">
        <ele>1476.25</ele>
        <extensions>
          <distance>24333</distance>
        </extensions>
      </trkpt>
      <trkpt lat="46.000845" lon="6.94844">
        <ele>1476.5</ele>
        <extensions>
          <distance>24353</distance>
        </extensions>
      </trkpt>
      <trkpt lat="46.0007625" lon="6.9486550000000005">
        <ele>1476.75</ele>
        <extensions>
          <distance>24372</distance>
        </extensions>
      </trkpt>
      <trkpt lat="46.00068" lon="6.94887">
        <ele>1477</ele>
        <extensions>
          <distance>24391</distance>
        </extensions>
      </trkpt>
      <trkpt lat="46.00063" lon="6.94893">
        <ele>1477</ele>
        <extensions>
          <distance>24398</distance>
        </extensions>
      </trkpt>
      <trkpt lat="46.00064" lon="6.94902">
        <ele>1495</ele>
        <extensions>
          <distance>24406</distance>
        </extensions>
      </trkpt>
      <trkpt lat="46.00057" lon="6.94907">
        <ele>1495</ele>
        <extensions>
          <distance>24415</distance>
        </extensions>
      </trkpt>
      <trkpt lat="46.00048" lon="6.94911">
        <ele>1496</ele>
        <extensions>
          <distance>24425</distance>
        </extensions>
      </trkpt>
      <trkpt lat="46.00034" lon="6.94912">
        <ele>1496</ele>
        <extensions>
          <distance>24441</distance>
        </extensions>
      </trkpt>
      <trkpt lat="46.00028" lon="6.94916">
        <ele>1496</ele>
        <extensions>
          <distance>24448</distance>
        </extensions>
      </trkpt>
      <trkpt lat="46.00022" lon="6.94924">
        <ele>1496</ele>
        <extensions>
          <distance>24457</distance>
        </extensions>
      </trkpt>
      <trkpt lat="46.00019" lon="6.94941">
        <ele>1495</ele>
        <extensions>
          <distance>24471</distance>
        </extensions>
      </trkpt>
      <trkpt lat="46.00017" lon="6.94947">
        <ele>1495</ele>
        <extensions>
          <distance>24476</distance>
        </extensions>
      </trkpt>
      <trkpt lat="46.00004" lon="6.94974">
        <ele>1494</ele>
        <extensions>
          <distance>24502</distance>
        </extensions>
      </trkpt>
      <trkpt lat="45.99993" lon="6.94991">
        <ele>1493</ele>
        <extensions>
          <distance>24520</distance>
        </extensions>
      </trkpt>
      <trkpt lat="45.99972" lon="6.94991">
        <ele>1493</ele>
        <extensions>
          <distance>24543</distance>
        </extensions>
      </trkpt>
      <trkpt lat="45.99964" lon="6.94987">
        <ele>1493</ele>
        <extensions>
          <distance>24552</distance>
        </extensions>
      </trkpt>
      <trkpt lat="45.99961" lon="6.94984">
        <ele>1493</ele>
        <extensions>
          <distance>24556</distance>
        </extensions>
      </trkpt>
      <trkpt lat="45.99959" lon="6.94979">
        <ele>1492</ele>
        <extensions>
          <distance>24561</distance>
        </extensions>
      </trkpt>
      <trkpt lat="45.99959" lon="6.94975">
        <ele>1492</ele>
        <extensions>
          <distance>24564</distance>
        </extensions>
      </trkpt>
      <trkpt lat="45.99955" lon="6.94962">
        <ele>1492</ele>
        <extensions>
          <distance>24575</distance>
        </extensions>
      </trkpt>
      <trkpt lat="45.99952" lon="6.94957">
        <ele>1489</ele>
        <extensions>
          <distance>24580</distance>
        </extensions>
      </trkpt>
      <trkpt lat="45.99948" lon="6.94953">
        <ele>1489</ele>
        <extensions>
          <distance>24586</distance>
        </extensions>
      </trkpt>
      <trkpt lat="45.99943" lon="6.94941">
        <ele>1489</ele>
        <extensions>
          <distance>24597</distance>
        </extensions>
      </trkpt>
      <trkpt lat="45.99937" lon="6.94932">
        <ele>1489</ele>
        <extensions>
          <distance>24606</distance>
        </extensions>
      </trkpt>
      <trkpt lat="45.99934" lon="6.94925">
        <ele>1489</ele>
        <extensions>
          <distance>24613</distance>
        </extensions>
      </trkpt>
      <trkpt lat="45.99931" lon="6.94899">
        <ele>1489</ele>
        <extensions>
          <distance>24633</distance>
        </extensions>
      </trkpt>
      <trkpt lat="45.99932" lon="6.94895">
        <ele>1489</ele>
        <extensions>
          <distance>24636</distance>
        </extensions>
      </trkpt>
      <trkpt lat="45.99936" lon="6.94889">
        <ele>1489</ele>
        <extensions>
          <distance>24643</distance>
        </extensions>
      </trkpt>
      <trkpt lat="45.99936" lon="6.94879">
        <ele>1489</ele>
        <extensions>
          <distance>24651</distance>
        </extensions>
      </trkpt>
      <trkpt lat="45.99932" lon="6.94867">
        <ele>1489</ele>
        <extensions>
          <distance>24661</distance>
        </extensions>
      </trkpt>
      <trkpt lat="45.99932" lon="6.94861">
        <ele>1489</ele>
        <extensions>
          <distance>24665</distance>
        </extensions>
      </trkpt>
      <trkpt lat="45.99926" lon="6.94837">
        <ele>1489</ele>
        <extensions>
          <distance>24685</distance>
        </extensions>
      </trkpt>
      <trkpt lat="45.99921" lon="6.9482">
        <ele>1492</ele>
        <extensions>
          <distance>24700</distance>
        </extensions>
      </trkpt>
      <trkpt lat="45.99918" lon="6.94815">
        <ele>1492</ele>
        <extensions>
          <distance>24705</distance>
        </extensions>
      </trkpt>
      <trkpt lat="45.99915" lon="6.94806">
        <ele>1493</ele>
        <extensions>
          <distance>24712</distance>
        </extensions>
      </trkpt>
      <trkpt lat="45.99912" lon="6.9479">
        <ele>1493</ele>
        <extensions>
          <distance>24725</distance>
        </extensions>
      </trkpt>
      <trkpt lat="45.99909" lon="6.94785">
        <ele>1495</ele>
        <extensions>
          <distance>24730</distance>
        </extensions>
      </trkpt>
      <trkpt lat="45.99908" lon="6.94781">
        <ele>1495</ele>
        <extensions>
          <distance>24734</distance>
        </extensions>
      </trkpt>
      <trkpt lat="45.99908" lon="6.94773">
        <ele>1496</ele>
        <extensions>
          <distance>24740</distance>
        </extensions>
      </trkpt>
      <trkpt lat="45.99909" lon="6.94771">
        <ele>1496</ele>
        <extensions>
          <distance>24742</distance>
        </extensions>
      </trkpt>
      <trkpt lat="45.99907" lon="6.94764">
        <ele>1496</ele>
        <extensions>
          <distance>24748</distance>
        </extensions>
      </trkpt>
      <trkpt lat="45.99906" lon="6.94754">
        <ele>1498</ele>
        <extensions>
          <distance>24756</distance>
        </extensions>
      </trkpt>
      <trkpt lat="45.99907" lon="6.94753">
        <ele>1498</ele>
        <extensions>
          <distance>24757</distance>
        </extensions>
      </trkpt>
      <trkpt lat="45.99904" lon="6.94745">
        <ele>1498</ele>
        <extensions>
          <distance>24764</distance>
        </extensions>
      </trkpt>
      <trkpt lat="45.99904" lon="6.94742">
        <ele>1498</ele>
        <extensions>
          <distance>24766</distance>
        </extensions>
      </trkpt>
      <trkpt lat="45.99902" lon="6.94738">
        <ele>1498</ele>
        <extensions>
          <distance>24770</distance>
        </extensions>
      </trkpt>
      <trkpt lat="45.99887" lon="6.94723">
        <ele>1500</ele>
        <extensions>
          <distance>24791</distance>
        </extensions>
      </trkpt>
      <trkpt lat="45.9988" lon="6.94713">
        <ele>1501</ele>
        <extensions>
          <distance>24802</distance>
        </extensions>
      </trkpt>
      <trkpt lat="45.99869" lon="6.94691">
        <ele>1502</ele>
        <extensions>
          <distance>24823</distance>
        </extensions>
      </trkpt>
      <trkpt lat="45.99859" lon="6.94679">
        <ele>1502</ele>
        <extensions>
          <distance>24837</distance>
        </extensions>
      </trkpt>
      <trkpt lat="45.99849" lon="6.94662">
        <ele>1503</ele>
        <extensions>
          <distance>24854</distance>
        </extensions>
      </trkpt>
      <trkpt lat="45.99844" lon="6.94647">
        <ele>1503</ele>
        <extensions>
          <distance>24867</distance>
        </extensions>
      </trkpt>
      <trkpt lat="45.99841" lon="6.94643">
        <ele>1503</ele>
        <extensions>
          <distance>24872</distance>
        </extensions>
      </trkpt>
      <trkpt lat="45.99834" lon="6.94628">
        <ele>1505</ele>
        <extensions>
          <distance>24886</distance>
        </extensions>
      </trkpt>
      <trkpt lat="45.99835" lon="6.94623">
        <ele>1507</ele>
        <extensions>
          <distance>24890</distance>
        </extensions>
      </trkpt>
      <trkpt lat="45.99833" lon="6.9462">
        <ele>1507</ele>
        <extensions>
          <distance>24893</distance>
        </extensions>
      </trkpt>
      <trkpt lat="45.99831" lon="6.94613">
        <ele>1507</ele>
        <extensions>
          <distance>24899</distance>
        </extensions>
      </trkpt>
      <trkpt lat="45.99829" lon="6.94611">
        <ele>1507</ele>
        <extensions>
          <distance>24902</distance>
        </extensions>
      </trkpt>
      <trkpt lat="45.9983" lon="6.94596">
        <ele>1509</ele>
        <extensions>
          <distance>24914</distance>
        </extensions>
      </trkpt>
      <trkpt lat="45.99822" lon="6.94571">
        <ele>1511</ele>
        <extensions>
          <distance>24935</distance>
        </extensions>
      </trkpt>
      <trkpt lat="45.99814" lon="6.94551">
        <ele>1511</ele>
        <extensions>
          <distance>24953</distance>
        </extensions>
      </trkpt>
      <trkpt lat="45.99804" lon="6.94533">
        <ele>1512</ele>
        <extensions>
          <distance>24971</distance>
        </extensions>
      </trkpt>
      <trkpt lat="45.99802" lon="6.94531">
        <ele>1512</ele>
        <extensions>
          <distance>24973</distance>
        </extensions>
      </trkpt>
      <trkpt lat="45.99804" lon="6.94528">
        <ele>1512</ele>
        <extensions>
          <distance>24977</distance>
        </extensions>
      </trkpt>
      <trkpt lat="45.99804" lon="6.94525">
        <ele>1512</ele>
        <extensions>
          <distance>24979</distance>
        </extensions>
      </trkpt>
      <trkpt lat="45.99802" lon="6.94519">
        <ele>1514</ele>
        <extensions>
          <distance>24984</distance>
        </extensions>
      </trkpt>
      <trkpt lat="45.99803" lon="6.94517">
        <ele>1514</ele>
        <extensions>
          <distance>24986</distance>
        </extensions>
      </trkpt>
      <trkpt lat="45.99807" lon="6.94516">
        <ele>1514</ele>
        <extensions>
          <distance>24991</distance>
        </extensions>
      </trkpt>
      <trkpt lat="45.99805" lon="6.94511">
        <ele>1514</ele>
        <extensions>
          <distance>24995</distance>
        </extensions>
      </trkpt>
      <trkpt lat="45.99797" lon="6.94501">
        <ele>1517</ele>
        <extensions>
          <distance>25007</distance>
        </extensions>
      </trkpt>
      <trkpt lat="45.99788" lon="6.94487">
        <ele>1517</ele>
        <extensions>
          <distance>25022</distance>
        </extensions>
      </trkpt>
      <trkpt lat="45.99786" lon="6.94482">
        <ele>1517</ele>
        <extensions>
          <distance>25026</distance>
        </extensions>
      </trkpt>
      <trkpt lat="45.9978" lon="6.94474">
        <ele>1517</ele>
        <extensions>
          <distance>25035</distance>
        </extensions>
      </trkpt>
      <trkpt lat="45.99777" lon="6.94466">
        <ele>1518</ele>
        <extensions>
          <distance>25043</distance>
        </extensions>
      </trkpt>
      <trkpt lat="45.99771" lon="6.94457">
        <ele>1518</ele>
        <extensions>
          <distance>25052</distance>
        </extensions>
      </trkpt>
      <trkpt lat="45.99766" lon="6.94445">
        <ele>1518</ele>
        <extensions>
          <distance>25063</distance>
        </extensions>
      </trkpt>
      <trkpt lat="45.99765" lon="6.94438">
        <ele>1521</ele>
        <extensions>
          <distance>25069</distance>
        </extensions>
      </trkpt>
      <trkpt lat="45.99756" lon="6.94418">
        <ele>1521</ele>
        <extensions>
          <distance>25087</distance>
        </extensions>
      </trkpt>
      <trkpt lat="45.99748" lon="6.94404">
        <ele>1523</ele>
        <extensions>
          <distance>25101</distance>
        </extensions>
      </trkpt>
      <trkpt lat="45.99731" lon="6.94379">
        <ele>1523</ele>
        <extensions>
          <distance>25128</distance>
        </extensions>
      </trkpt>
      <trkpt lat="45.9972" lon="6.94359">
        <ele>1525</ele>
        <extensions>
          <distance>25148</distance>
        </extensions>
      </trkpt>
      <trkpt lat="45.99717" lon="6.94356">
        <ele>1525</ele>
        <extensions>
          <distance>25152</distance>
        </extensions>
      </trkpt>
      <trkpt lat="45.99715" lon="6.9436">
        <ele>1526</ele>
        <extensions>
          <distance>25156</distance>
        </extensions>
      </trkpt>
      <trkpt lat="45.99711" lon="6.9436">
        <ele>1526</ele>
        <extensions>
          <distance>25160</distance>
        </extensions>
      </trkpt>
      <trkpt lat="45.9971" lon="6.94358">
        <ele>1526</ele>
        <extensions>
          <distance>25162</distance>
        </extensions>
      </trkpt>
      <trkpt lat="45.9971" lon="6.94351">
        <ele>1526</ele>
        <extensions>
          <distance>25168</distance>
        </extensions>
      </trkpt>
      <trkpt lat="45.99708" lon="6.94349">
        <ele>1527</ele>
        <extensions>
          <distance>25170</distance>
        </extensions>
      </trkpt>
      <trkpt lat="45.99708" lon="6.94346">
        <ele>1527</ele>
        <extensions>
          <distance>25173</distance>
        </extensions>
      </trkpt>
      <trkpt lat="45.9969" lon="6.94322">
        <ele>1530</ele>
        <extensions>
          <distance>25200</distance>
        </extensions>
      </trkpt>
      <trkpt lat="45.99675" lon="6.94308">
        <ele>1530</ele>
        <extensions>
          <distance>25220</distance>
        </extensions>
      </trkpt>
      <trkpt lat="45.99671" lon="6.94302">
        <ele>1530</ele>
        <extensions>
          <distance>25227</distance>
        </extensions>
      </trkpt>
      <trkpt lat="45.99671" lon="6.943">
        <ele>1530</ele>
        <extensions>
          <distance>25228</distance>
        </extensions>
      </trkpt>
      <trkpt lat="45.99668" lon="6.94297">
        <ele>1530</ele>
        <extensions>
          <distance>25232</distance>
        </extensions>
      </trkpt>
      <trkpt lat="45.99667" lon="6.94294">
        <ele>1532</ele>
        <extensions>
          <distance>25235</distance>
        </extensions>
      </trkpt>
      <trkpt lat="45.99661" lon="6.94287">
        <ele>1532</ele>
        <extensions>
          <distance>25243</distance>
        </extensions>
      </trkpt>
      <trkpt lat="45.99654" lon="6.94276">
        <ele>1533</ele>
        <extensions>
          <distance>25255</distance>
        </extensions>
      </trkpt>
      <trkpt lat="45.9965" lon="6.94266">
        <ele>1534</ele>
        <extensions>
          <distance>25264</distance>
        </extensions>
      </trkpt>
      <trkpt lat="45.99639" lon="6.94247">
        <ele>1535</ele>
        <extensions>
          <distance>25283</distance>
        </extensions>
      </trkpt>
      <trkpt lat="45.99638" lon="6.94238">
        <ele>1535</ele>
        <extensions>
          <distance>25290</distance>
        </extensions>
      </trkpt>
      <trkpt lat="45.99636" lon="6.94235">
        <ele>1535</ele>
        <extensions>
          <distance>25293</distance>
        </extensions>
      </trkpt>
      <trkpt lat="45.99634" lon="6.94226">
        <ele>1535</ele>
        <extensions>
          <distance>25301</distance>
        </extensions>
      </trkpt>
      <trkpt lat="45.99634" lon="6.94222">
        <ele>1535</ele>
        <extensions>
          <distance>25304</distance>
        </extensions>
      </trkpt>
      <trkpt lat="45.99638" lon="6.94208">
        <ele>1534</ele>
        <extensions>
          <distance>25315</distance>
        </extensions>
      </trkpt>
      <trkpt lat="45.99638" lon="6.94197">
        <ele>1534</ele>
        <extensions>
          <distance>25324</distance>
        </extensions>
      </trkpt>
      <trkpt lat="45.99632" lon="6.94178">
        <ele>1533</ele>
        <extensions>
          <distance>25340</distance>
        </extensions>
      </trkpt>
      <trkpt lat="45.99632" lon="6.94162">
        <ele>1532</ele>
        <extensions>
          <distance>25353</distance>
        </extensions>
      </trkpt>
      <trkpt lat="45.99634" lon="6.94152">
        <ele>1530</ele>
        <extensions>
          <distance>25361</distance>
        </extensions>
      </trkpt>
      <trkpt lat="45.99633" lon="6.94147">
        <ele>1530</ele>
        <extensions>
          <distance>25365</distance>
        </extensions>
      </trkpt>
      <trkpt lat="45.9962" lon="6.9413">
        <ele>1528</ele>
        <extensions>
          <distance>25384</distance>
        </extensions>
      </trkpt>
      <trkpt lat="45.99612" lon="6.94117">
        <ele>1528</ele>
        <extensions>
          <distance>25398</distance>
        </extensions>
      </trkpt>
      <trkpt lat="45.996" lon="6.94083">
        <ele>1525</ele>
        <extensions>
          <distance>25427</distance>
        </extensions>
      </trkpt>
      <trkpt lat="45.99597" lon="6.94071">
        <ele>1523</ele>
        <extensions>
          <distance>25437</distance>
        </extensions>
      </trkpt>
      <trkpt lat="45.99598" lon="6.94067">
        <ele>1523</ele>
        <extensions>
          <distance>25441</distance>
        </extensions>
      </trkpt>
      <trkpt lat="45.99597" lon="6.94055">
        <ele>1523</ele>
        <extensions>
          <distance>25450</distance>
        </extensions>
      </trkpt>
      <trkpt lat="45.99591" lon="6.94042">
        <ele>1521</ele>
        <extensions>
          <distance>25462</distance>
        </extensions>
      </trkpt>
      <trkpt lat="45.99582" lon="6.94029">
        <ele>1521</ele>
        <extensions>
          <distance>25476</distance>
        </extensions>
      </trkpt>
      <trkpt lat="45.99576" lon="6.94017">
        <ele>1521</ele>
        <extensions>
          <distance>25488</distance>
        </extensions>
      </trkpt>
      <trkpt lat="45.995635" lon="6.94001">
        <ele>1519</ele>
        <extensions>
          <distance>25506</distance>
        </extensions>
      </trkpt>
      <trkpt lat="45.99551" lon="6.93985">
        <ele>1517</ele>
        <extensions>
          <distance>25525</distance>
        </extensions>
      </trkpt>
      <trkpt lat="45.99546" lon="6.93973">
        <ele>1517</ele>
        <extensions>
          <distance>25536</distance>
        </extensions>
      </trkpt>
      <trkpt lat="45.99533" lon="6.93951">
        <ele>1517</ele>
        <extensions>
          <distance>25558</distance>
        </extensions>
      </trkpt>
      <trkpt lat="45.99524" lon="6.9394">
        <ele>1511</ele>
        <extensions>
          <distance>25572</distance>
        </extensions>
      </trkpt>
      <trkpt lat="45.99518" lon="6.93929">
        <ele>1510</ele>
        <extensions>
          <distance>25583</distance>
        </extensions>
      </trkpt>
      <trkpt lat="45.99497" lon="6.93907">
        <ele>1507</ele>
        <extensions>
          <distance>25612</distance>
        </extensions>
      </trkpt>
      <trkpt lat="45.99493" lon="6.93905">
        <ele>1505</ele>
        <extensions>
          <distance>25617</distance>
        </extensions>
      </trkpt>
      <trkpt lat="45.99491" lon="6.93899">
        <ele>1505</ele>
        <extensions>
          <distance>25622</distance>
        </extensions>
      </trkpt>
      <trkpt lat="45.99487" lon="6.93895">
        <ele>1503</ele>
        <extensions>
          <distance>25628</distance>
        </extensions>
      </trkpt>
      <trkpt lat="45.99483" lon="6.93882">
        <ele>1503</ele>
        <extensions>
          <distance>25639</distance>
        </extensions>
      </trkpt>
      <trkpt lat="45.99473" lon="6.93862">
        <ele>1503</ele>
        <extensions>
          <distance>25658</distance>
        </extensions>
      </trkpt>
      <trkpt lat="45.9947" lon="6.93851">
        <ele>1503</ele>
        <extensions>
          <distance>25667</distance>
        </extensions>
      </trkpt>
      <trkpt lat="45.99471" lon="6.93849">
        <ele>1502</ele>
        <extensions>
          <distance>25669</distance>
        </extensions>
      </trkpt>
      <trkpt lat="45.9947" lon="6.93846">
        <ele>1502</ele>
        <extensions>
          <distance>25671</distance>
        </extensions>
      </trkpt>
      <trkpt lat="45.99458" lon="6.938305">
        <ele>1502</ele>
        <extensions>
          <distance>25689</distance>
        </extensions>
      </trkpt>
      <trkpt lat="45.99446" lon="6.93815">
        <ele>1502</ele>
        <extensions>
          <distance>25707</distance>
        </extensions>
      </trkpt>
      <trkpt lat="45.99442" lon="6.93808">
        <ele>1500</ele>
        <extensions>
          <distance>25714</distance>
        </extensions>
      </trkpt>
      <trkpt lat="45.99422" lon="6.93785">
        <ele>1498</ele>
        <extensions>
          <distance>25743</distance>
        </extensions>
      </trkpt>
      <trkpt lat="45.99406" lon="6.93759">
        <ele>1496</ele>
        <extensions>
          <distance>25770</distance>
        </extensions>
      </trkpt>
      <trkpt lat="45.99396" lon="6.93748">
        <ele>1494</ele>
        <extensions>
          <distance>25784</distance>
        </extensions>
      </trkpt>
      <trkpt lat="45.99392" lon="6.93745">
        <ele>1494</ele>
        <extensions>
          <distance>25789</distance>
        </extensions>
      </trkpt>
      <trkpt lat="45.99376" lon="6.93726">
        <ele>1493</ele>
        <extensions>
          <distance>25812</distance>
        </extensions>
      </trkpt>
      <trkpt lat="45.99372" lon="6.93717">
        <ele>1493</ele>
        <extensions>
          <distance>25820</distance>
        </extensions>
      </trkpt>
      <trkpt lat="45.99369" lon="6.93714">
        <ele>1493</ele>
        <extensions>
          <distance>25824</distance>
        </extensions>
      </trkpt>
      <trkpt lat="45.99364" lon="6.93705">
        <ele>1493</ele>
        <extensions>
          <distance>25833</distance>
        </extensions>
      </trkpt>
      <trkpt lat="45.99362" lon="6.93695">
        <ele>1489</ele>
        <extensions>
          <distance>25842</distance>
        </extensions>
      </trkpt>
      <trkpt lat="45.9936" lon="6.93691">
        <ele>1489</ele>
        <extensions>
          <distance>25845</distance>
        </extensions>
      </trkpt>
      <trkpt lat="45.99352" lon="6.93682">
        <ele>1487</ele>
        <extensions>
          <distance>25857</distance>
        </extensions>
      </trkpt>
      <trkpt lat="45.99336" lon="6.93654">
        <ele>1485</ele>
        <extensions>
          <distance>25885</distance>
        </extensions>
      </trkpt>
      <trkpt lat="45.99326" lon="6.93642">
        <ele>1485</ele>
        <extensions>
          <distance>25899</distance>
        </extensions>
      </trkpt>
      <trkpt lat="45.99325" lon="6.93639">
        <ele>1479</ele>
        <extensions>
          <distance>25903</distance>
        </extensions>
      </trkpt>
      <trkpt lat="45.9932" lon="6.93632">
        <ele>1478</ele>
        <extensions>
          <distance>25911</distance>
        </extensions>
      </trkpt>
      <trkpt lat="45.99314" lon="6.93626">
        <ele>1476</ele>
        <extensions>
          <distance>25919</distance>
        </extensions>
      </trkpt>
      <trkpt lat="45.99305" lon="6.93614">
        <ele>1475</ele>
        <extensions>
          <distance>25933</distance>
        </extensions>
      </trkpt>
      <trkpt lat="45.99287" lon="6.93586">
        <ele>1470</ele>
        <extensions>
          <distance>25963</distance>
        </extensions>
      </trkpt>
      <trkpt lat="45.99277" lon="6.93579">
        <ele>1466</ele>
        <extensions>
          <distance>25976</distance>
        </extensions>
      </trkpt>
      <trkpt lat="45.99267" lon="6.93568">
        <ele>1462</ele>
        <extensions>
          <distance>25990</distance>
        </extensions>
      </trkpt>
      <trkpt lat="45.99258" lon="6.93563">
        <ele>1457</ele>
        <extensions>
          <distance>26002</distance>
        </extensions>
      </trkpt>
      <trkpt lat="45.99252" lon="6.93557">
        <ele>1454</ele>
        <extensions>
          <distance>26011</distance>
        </extensions>
      </trkpt>
      <trkpt lat="45.99235" lon="6.93535">
        <ele>1446</ele>
        <extensions>
          <distance>26038</distance>
        </extensions>
      </trkpt>
      <trkpt lat="45.99214" lon="6.93515">
        <ele>1441</ele>
        <extensions>
          <distance>26066</distance>
        </extensions>
      </trkpt>
      <trkpt lat="45.99209" lon="6.93513">
        <ele>1441</ele>
        <extensions>
          <distance>26072</distance>
        </extensions>
      </trkpt>
      <trkpt lat="45.99204" lon="6.93513">
        <ele>1441</ele>
        <extensions>
          <distance>26077</distance>
        </extensions>
      </trkpt>
      <trkpt lat="45.99193" lon="6.9351">
        <ele>1438</ele>
        <extensions>
          <distance>26090</distance>
        </extensions>
      </trkpt>
      <trkpt lat="45.99187" lon="6.9351">
        <ele>1438</ele>
        <extensions>
          <distance>26097</distance>
        </extensions>
      </trkpt>
      <trkpt lat="45.99175" lon="6.93504">
        <ele>1436</ele>
        <extensions>
          <distance>26111</distance>
        </extensions>
      </trkpt>
      <trkpt lat="45.99171" lon="6.93503">
        <ele>1436</ele>
        <extensions>
          <distance>26115</distance>
        </extensions>
      </trkpt>
      <trkpt lat="45.99147" lon="6.93511">
        <ele>1430</ele>
        <extensions>
          <distance>26143</distance>
        </extensions>
      </trkpt>
      <trkpt lat="45.99139" lon="6.9351">
        <ele>1430</ele>
        <extensions>
          <distance>26152</distance>
        </extensions>
      </trkpt>
      <trkpt lat="45.99129" lon="6.93506">
        <ele>1428</ele>
        <extensions>
          <distance>26164</distance>
        </extensions>
      </trkpt>
      <trkpt lat="45.99112" lon="6.93488">
        <ele>1425</ele>
        <extensions>
          <distance>26188</distance>
        </extensions>
      </trkpt>
      <trkpt lat="45.991" lon="6.93477">
        <ele>1425</ele>
        <extensions>
          <distance>26203</distance>
        </extensions>
      </trkpt>
      <trkpt lat="45.990854999999996" lon="6.93459">
        <ele>1421.5</ele>
        <extensions>
          <distance>26225</distance>
        </extensions>
      </trkpt>
      <trkpt lat="45.99071" lon="6.93441">
        <ele>1418</ele>
        <extensions>
          <distance>26246</distance>
        </extensions>
      </trkpt>
      <trkpt lat="45.990570000000005" lon="6.93431">
        <ele>1416</ele>
        <extensions>
          <distance>26264</distance>
        </extensions>
      </trkpt>
      <trkpt lat="45.99043" lon="6.93421">
        <ele>1414</ele>
        <extensions>
          <distance>26281</distance>
        </extensions>
      </trkpt>
      <trkpt lat="45.99035" lon="6.93414">
        <ele>1414</ele>
        <extensions>
          <distance>26292</distance>
        </extensions>
      </trkpt>
      <trkpt lat="45.990210000000005" lon="6.93398">
        <ele>1413.5</ele>
        <extensions>
          <distance>26312</distance>
        </extensions>
      </trkpt>
      <trkpt lat="45.99007" lon="6.93382">
        <ele>1413</ele>
        <extensions>
          <distance>26332</distance>
        </extensions>
      </trkpt>
      <trkpt lat="45.98998" lon="6.93369">
        <ele>1412</ele>
        <extensions>
          <distance>26346</distance>
        </extensions>
      </trkpt>
      <trkpt lat="45.98991" lon="6.93361">
        <ele>1412</ele>
        <extensions>
          <distance>26356</distance>
        </extensions>
      </trkpt>
      <trkpt lat="45.98969" lon="6.93339">
        <ele>1409</ele>
        <extensions>
          <distance>26386</distance>
        </extensions>
      </trkpt>
      <trkpt lat="45.98954" lon="6.93326">
        <ele>1407</ele>
        <extensions>
          <distance>26405</distance>
        </extensions>
      </trkpt>
      <trkpt lat="45.98948" lon="6.93317">
        <ele>1406</ele>
        <extensions>
          <distance>26415</distance>
        </extensions>
      </trkpt>
      <trkpt lat="45.98942" lon="6.933">
        <ele>1405</ele>
        <extensions>
          <distance>26430</distance>
        </extensions>
      </trkpt>
      <trkpt lat="45.98935" lon="6.93266">
        <ele>1405</ele>
        <extensions>
          <distance>26457</distance>
        </extensions>
      </trkpt>
      <trkpt lat="45.98927" lon="6.93242">
        <ele>1403</ele>
        <extensions>
          <distance>26478</distance>
        </extensions>
      </trkpt>
      <trkpt lat="45.98925" lon="6.93238">
        <ele>1403</ele>
        <extensions>
          <distance>26482</distance>
        </extensions>
      </trkpt>
      <trkpt lat="45.98907" lon="6.93221">
        <ele>1403</ele>
        <extensions>
          <distance>26506</distance>
        </extensions>
      </trkpt>
      <trkpt lat="45.98905" lon="6.93216">
        <ele>1403</ele>
        <extensions>
          <distance>26510</distance>
        </extensions>
      </trkpt>
      <trkpt lat="45.98905" lon="6.93212">
        <ele>1403</ele>
        <extensions>
          <distance>26513</distance>
        </extensions>
      </trkpt>
      <trkpt lat="45.98893" lon="6.93195">
        <ele>1403</ele>
        <extensions>
          <distance>26532</distance>
        </extensions>
      </trkpt>
      <trkpt lat="45.98891" lon="6.9319">
        <ele>1403</ele>
        <extensions>
          <distance>26536</distance>
        </extensions>
      </trkpt>
      <trkpt lat="45.98892" lon="6.93182">
        <ele>1402</ele>
        <extensions>
          <distance>26543</distance>
        </extensions>
      </trkpt>
      <trkpt lat="45.98905" lon="6.93152">
        <ele>1400</ele>
        <extensions>
          <distance>26570</distance>
        </extensions>
      </trkpt>
      <trkpt lat="45.9891" lon="6.93138">
        <ele>1396</ele>
        <extensions>
          <distance>26583</distance>
        </extensions>
      </trkpt>
      <trkpt lat="45.98916" lon="6.93112">
        <ele>1393</ele>
        <extensions>
          <distance>26604</distance>
        </extensions>
      </trkpt>
      <trkpt lat="45.98917" lon="6.93105">
        <ele>1393</ele>
        <extensions>
          <distance>26610</distance>
        </extensions>
      </trkpt>
      <trkpt lat="45.98915" lon="6.93088">
        <ele>1393</ele>
        <extensions>
          <distance>26623</distance>
        </extensions>
      </trkpt>
      <trkpt lat="45.9891" lon="6.93074">
        <ele>1391</ele>
        <extensions>
          <distance>26635</distance>
        </extensions>
      </trkpt>
      <trkpt lat="45.98909" lon="6.93073">
        <ele>1391</ele>
        <extensions>
          <distance>26637</distance>
        </extensions>
      </trkpt>
      <trkpt lat="45.98907" lon="6.93086">
        <ele>1389</ele>
        <extensions>
          <distance>26647</distance>
        </extensions>
      </trkpt>
      <trkpt lat="45.98905" lon="6.9309">
        <ele>1389</ele>
        <extensions>
          <distance>26651</distance>
        </extensions>
      </trkpt>
      <trkpt lat="45.98902" lon="6.93093">
        <ele>1388</ele>
        <extensions>
          <distance>26655</distance>
        </extensions>
      </trkpt>
      <trkpt lat="45.98898" lon="6.93095">
        <ele>1388</ele>
        <extensions>
          <distance>26660</distance>
        </extensions>
      </trkpt>
      <trkpt lat="45.98891" lon="6.93097">
        <ele>1386</ele>
        <extensions>
          <distance>26668</distance>
        </extensions>
      </trkpt>
      <trkpt lat="45.98888" lon="6.93096">
        <ele>1384</ele>
        <extensions>
          <distance>26672</distance>
        </extensions>
      </trkpt>
      <trkpt lat="45.98883" lon="6.93086">
        <ele>1382</ele>
        <extensions>
          <distance>26682</distance>
        </extensions>
      </trkpt>
      <trkpt lat="45.98877" lon="6.9308">
        <ele>1381</ele>
        <extensions>
          <distance>26690</distance>
        </extensions>
      </trkpt>
      <trkpt lat="45.98874" lon="6.9308">
        <ele>1380</ele>
        <extensions>
          <distance>26693</distance>
        </extensions>
      </trkpt>
      <trkpt lat="45.98871" lon="6.93082">
        <ele>1380</ele>
        <extensions>
          <distance>26697</distance>
        </extensions>
      </trkpt>
      <trkpt lat="45.98857" lon="6.93105">
        <ele>1379</ele>
        <extensions>
          <distance>26721</distance>
        </extensions>
      </trkpt>
      <trkpt lat="45.98846" lon="6.93131">
        <ele>1368</ele>
        <extensions>
          <distance>26747</distance>
        </extensions>
      </trkpt>
      <trkpt lat="45.98834" lon="6.93149">
        <ele>1365</ele>
        <extensions>
          <distance>26766</distance>
        </extensions>
      </trkpt>
      <trkpt lat="45.9883" lon="6.93152">
        <ele>1363</ele>
        <extensions>
          <distance>26771</distance>
        </extensions>
      </trkpt>
      <trkpt lat="45.98819" lon="6.93157">
        <ele>1359</ele>
        <extensions>
          <distance>26785</distance>
        </extensions>
      </trkpt>
      <trkpt lat="45.98815" lon="6.93156">
        <ele>1357</ele>
        <extensions>
          <distance>26789</distance>
        </extensions>
      </trkpt>
      <trkpt lat="45.98814" lon="6.93151">
        <ele>1355</ele>
        <extensions>
          <distance>26794</distance>
        </extensions>
      </trkpt>
      <trkpt lat="45.98816" lon="6.93145">
        <ele>1355</ele>
        <extensions>
          <distance>26800</distance>
        </extensions>
      </trkpt>
      <trkpt lat="45.98822" lon="6.93115">
        <ele>1349</ele>
        <extensions>
          <distance>26824</distance>
        </extensions>
      </trkpt>
      <trkpt lat="45.98824" lon="6.93089">
        <ele>1345</ele>
        <extensions>
          <distance>26845</distance>
        </extensions>
      </trkpt>
      <trkpt lat="45.98824" lon="6.93074">
        <ele>1345</ele>
        <extensions>
          <distance>26857</distance>
        </extensions>
      </trkpt>
      <trkpt lat="45.98822" lon="6.93067">
        <ele>1343</ele>
        <extensions>
          <distance>26862</distance>
        </extensions>
      </trkpt>
      <trkpt lat="45.98822" lon="6.93048">
        <ele>1341</ele>
        <extensions>
          <distance>26877</distance>
        </extensions>
      </trkpt>
      <trkpt lat="45.9882" lon="6.93032">
        <ele>1338</ele>
        <extensions>
          <distance>26890</distance>
        </extensions>
      </trkpt>
      <trkpt lat="45.98808" lon="6.93038">
        <ele>1332</ele>
        <extensions>
          <distance>26906</distance>
        </extensions>
      </trkpt>
      <trkpt lat="45.98801" lon="6.93047">
        <ele>1330</ele>
        <extensions>
          <distance>26916</distance>
        </extensions>
      </trkpt>
      <trkpt lat="45.98797" lon="6.93055">
        <ele>1329</ele>
        <extensions>
          <distance>26924</distance>
        </extensions>
      </trkpt>
      <trkpt lat="45.98792" lon="6.9306">
        <ele>1325</ele>
        <extensions>
          <distance>26932</distance>
        </extensions>
      </trkpt>
      <trkpt lat="45.9879" lon="6.93061">
        <ele>1325</ele>
        <extensions>
          <distance>26934</distance>
        </extensions>
      </trkpt>
      <trkpt lat="45.98787" lon="6.9306">
        <ele>1325</ele>
        <extensions>
          <distance>26938</distance>
        </extensions>
      </trkpt>
      <trkpt lat="45.98783" lon="6.93055">
        <ele>1325</ele>
        <extensions>
          <distance>26944</distance>
        </extensions>
      </trkpt>
      <trkpt lat="45.98782" lon="6.93051">
        <ele>1325</ele>
        <extensions>
          <distance>26947</distance>
        </extensions>
      </trkpt>
      <trkpt lat="45.98783" lon="6.93042">
        <ele>1318</ele>
        <extensions>
          <distance>26955</distance>
        </extensions>
      </trkpt>
      <trkpt lat="45.98792" lon="6.93023">
        <ele>1315</ele>
        <extensions>
          <distance>26973</distance>
        </extensions>
      </trkpt>
      <trkpt lat="45.98797" lon="6.93008">
        <ele>1311</ele>
        <extensions>
          <distance>26987</distance>
        </extensions>
      </trkpt>
      <trkpt lat="45.98797" lon="6.93004">
        <ele>1311</ele>
        <extensions>
          <distance>26990</distance>
        </extensions>
      </trkpt>
      <trkpt lat="45.98799" lon="6.93">
        <ele>1311</ele>
        <extensions>
          <distance>26993</distance>
        </extensions>
      </trkpt>
      <trkpt lat="45.98804" lon="6.92973">
        <ele>1311</ele>
        <extensions>
          <distance>27015</distance>
        </extensions>
      </trkpt>
      <trkpt lat="45.9881" lon="6.92958">
        <ele>1311</ele>
        <extensions>
          <distance>27029</distance>
        </extensions>
      </trkpt>
      <trkpt lat="45.98814" lon="6.92944">
        <ele>1311</ele>
        <extensions>
          <distance>27040</distance>
        </extensions>
      </trkpt>
      <trkpt lat="45.9882" lon="6.92931">
        <ele>1309</ele>
        <extensions>
          <distance>27052</distance>
        </extensions>
      </trkpt>
      <trkpt lat="45.98818" lon="6.92927">
        <ele>1309</ele>
        <extensions>
          <distance>27056</distance>
        </extensions>
      </trkpt>
      <trkpt lat="45.98802" lon="6.9293">
        <ele>1308</ele>
        <extensions>
          <distance>27074</distance>
        </extensions>
      </trkpt>
      <trkpt lat="45.98788" lon="6.92937">
        <ele>1306</ele>
        <extensions>
          <distance>27091</distance>
        </extensions>
      </trkpt>
      <trkpt lat="45.98785" lon="6.9294">
        <ele>1306</ele>
        <extensions>
          <distance>27095</distance>
        </extensions>
      </trkpt>
      <trkpt lat="45.98781" lon="6.92941">
        <ele>1304</ele>
        <extensions>
          <distance>27099</distance>
        </extensions>
      </trkpt>
      <trkpt lat="45.98774" lon="6.92945">
        <ele>1304</ele>
        <extensions>
          <distance>27108</distance>
        </extensions>
      </trkpt>
      <trkpt lat="45.98769" lon="6.92946">
        <ele>1304</ele>
        <extensions>
          <distance>27113</distance>
        </extensions>
      </trkpt>
      <trkpt lat="45.98765" lon="6.92949">
        <ele>1304</ele>
        <extensions>
          <distance>27118</distance>
        </extensions>
      </trkpt>
      <trkpt lat="45.9876" lon="6.92951">
        <ele>1304</ele>
        <extensions>
          <distance>27124</distance>
        </extensions>
      </trkpt>
      <trkpt lat="45.98756" lon="6.9295">
        <ele>1304</ele>
        <extensions>
          <distance>27129</distance>
        </extensions>
      </trkpt>
      <trkpt lat="45.98751" lon="6.92951">
        <ele>1304</ele>
        <extensions>
          <distance>27134</distance>
        </extensions>
      </trkpt>
      <trkpt lat="45.98743" lon="6.92955">
        <ele>1302</ele>
        <extensions>
          <distance>27144</distance>
        </extensions>
      </trkpt>
      <trkpt lat="45.98734" lon="6.92963">
        <ele>1302</ele>
        <extensions>
          <distance>27156</distance>
        </extensions>
      </trkpt>
      <trkpt lat="45.9873" lon="6.92964">
        <ele>1302</ele>
        <extensions>
          <distance>27160</distance>
        </extensions>
      </trkpt>
      <trkpt lat="45.98716" lon="6.9296">
        <ele>1300</ele>
        <extensions>
          <distance>27176</distance>
        </extensions>
      </trkpt>
      <trkpt lat="45.98702" lon="6.92967">
        <ele>1300</ele>
        <extensions>
          <distance>27193</distance>
        </extensions>
      </trkpt>
      <trkpt lat="45.98681" lon="6.92972">
        <ele>1299</ele>
        <extensions>
          <distance>27216</distance>
        </extensions>
      </trkpt>
      <trkpt lat="45.98664" lon="6.92974">
        <ele>1297</ele>
        <extensions>
          <distance>27235</distance>
        </extensions>
      </trkpt>
      <trkpt lat="45.98648" lon="6.929735">
        <ele>1296</ele>
        <extensions>
          <distance>27253</distance>
        </extensions>
      </trkpt>
      <trkpt lat="45.98632" lon="6.92973">
        <ele>1295</ele>
        <extensions>
          <distance>27271</distance>
        </extensions>
      </trkpt>
      <trkpt lat="45.98623" lon="6.92971">
        <ele>1293</ele>
        <extensions>
          <distance>27281</distance>
        </extensions>
      </trkpt>
      <trkpt lat="45.9861" lon="6.9297">
        <ele>1293</ele>
        <extensions>
          <distance>27296</distance>
        </extensions>
      </trkpt>
      <trkpt lat="45.98598" lon="6.92966">
        <ele>1293</ele>
        <extensions>
          <distance>27309</distance>
        </extensions>
      </trkpt>
      <trkpt lat="45.98579" lon="6.92962">
        <ele>1292</ele>
        <extensions>
          <distance>27331</distance>
        </extensions>
      </trkpt>
      <trkpt lat="45.98565" lon="6.9296">
        <ele>1292</ele>
        <extensions>
          <distance>27346</distance>
        </extensions>
      </trkpt>
      <trkpt lat="45.98558" lon="6.9296">
        <ele>1291</ele>
        <extensions>
          <distance>27354</distance>
        </extensions>
      </trkpt>
      <trkpt lat="45.98541" lon="6.92956">
        <ele>1290</ele>
        <extensions>
          <distance>27373</distance>
        </extensions>
      </trkpt>
      <trkpt lat="45.98532" lon="6.9295">
        <ele>1288</ele>
        <extensions>
          <distance>27384</distance>
        </extensions>
      </trkpt>
      <trkpt lat="45.98529" lon="6.92945">
        <ele>1288</ele>
        <extensions>
          <distance>27389</distance>
        </extensions>
      </trkpt>
      <trkpt lat="45.98509" lon="6.92932">
        <ele>1286</ele>
        <extensions>
          <distance>27414</distance>
        </extensions>
      </trkpt>
      <trkpt lat="45.98502" lon="6.92924">
        <ele>1286</ele>
        <extensions>
          <distance>27424</distance>
        </extensions>
      </trkpt>
      <trkpt lat="45.98499" lon="6.92913">
        <ele>1264</ele>
        <extensions>
          <distance>27443</distance>
        </extensions>
      </trkpt>
      <trkpt lat="45.98508" lon="6.92882">
        <ele>1263</ele>
        <extensions>
          <distance>27469</distance>
        </extensions>
      </trkpt>
      <trkpt lat="45.98509" lon="6.92869">
        <ele>1263</ele>
        <extensions>
          <distance>27479</distance>
        </extensions>
      </trkpt>
      <trkpt lat="45.98509" lon="6.92863">
        <ele>1263</ele>
        <extensions>
          <distance>27484</distance>
        </extensions>
      </trkpt>
      <trkpt lat="45.98507" lon="6.92854">
        <ele>1263</ele>
        <extensions>
          <distance>27491</distance>
        </extensions>
      </trkpt>
      <trkpt lat="45.98503" lon="6.92848">
        <ele>1263</ele>
        <extensions>
          <distance>27498</distance>
        </extensions>
      </trkpt>
      <trkpt lat="45.98495" lon="6.92841">
        <ele>1262</ele>
        <extensions>
          <distance>27508</distance>
        </extensions>
      </trkpt>
      <trkpt lat="45.9848" lon="6.92831">
        <ele>1260</ele>
        <extensions>
          <distance>27527</distance>
        </extensions>
      </trkpt>
      <trkpt lat="45.98476" lon="6.9283">
        <ele>1260</ele>
        <extensions>
          <distance>27531</distance>
        </extensions>
      </trkpt>
      <trkpt lat="45.98462" lon="6.928235">
        <ele>1258</ele>
        <extensions>
          <distance>27547</distance>
        </extensions>
      </trkpt>
      <trkpt lat="45.98448" lon="6.92817">
        <ele>1256</ele>
        <extensions>
          <distance>27564</distance>
        </extensions>
      </trkpt>
      <trkpt lat="45.98423" lon="6.92808">
        <ele>1256</ele>
        <extensions>
          <distance>27593</distance>
        </extensions>
      </trkpt>
      <trkpt lat="45.98415" lon="6.92804">
        <ele>1256</ele>
        <extensions>
          <distance>27602</distance>
        </extensions>
      </trkpt>
      <trkpt lat="45.98413" lon="6.92801">
        <ele>1256</ele>
        <extensions>
          <distance>27605</distance>
        </extensions>
      </trkpt>
      <trkpt lat="45.98411" lon="6.92797">
        <ele>1255</ele>
        <extensions>
          <distance>27609</distance>
        </extensions>
      </trkpt>
      <trkpt lat="45.98411" lon="6.92765">
        <ele>1255</ele>
        <extensions>
          <distance>27634</distance>
        </extensions>
      </trkpt>
      <trkpt lat="45.98416" lon="6.9273">
        <ele>1255</ele>
        <extensions>
          <distance>27662</distance>
        </extensions>
      </trkpt>
      <trkpt lat="45.98415" lon="6.92717">
        <ele>1255</ele>
        <extensions>
          <distance>27672</distance>
        </extensions>
      </trkpt>
      <trkpt lat="45.98412" lon="6.92705">
        <ele>1255</ele>
        <extensions>
          <distance>27682</distance>
        </extensions>
      </trkpt>
      <trkpt lat="45.98415" lon="6.92704">
        <ele>1255</ele>
        <extensions>
          <distance>27685</distance>
        </extensions>
      </trkpt>
      <trkpt lat="45.98414" lon="6.927239999999999">
        <ele>1255</ele>
        <extensions>
          <distance>27701</distance>
        </extensions>
      </trkpt>
      <trkpt lat="45.98413" lon="6.92744">
        <ele>1255</ele>
        <extensions>
          <distance>27716</distance>
        </extensions>
      </trkpt>
      <trkpt lat="45.98407" lon="6.92726">
        <ele>1255</ele>
        <extensions>
          <distance>27732</distance>
        </extensions>
      </trkpt>
      <trkpt lat="45.98414" lon="6.92752">
        <ele>1255</ele>
        <extensions>
          <distance>27753</distance>
        </extensions>
      </trkpt>
      <trkpt lat="45.98413" lon="6.92769">
        <ele>1255</ele>
        <extensions>
          <distance>27766</distance>
        </extensions>
      </trkpt>
      <trkpt lat="45.98413" lon="6.9279675">
        <ele>1255</ele>
        <extensions>
          <distance>27788</distance>
        </extensions>
      </trkpt>
      <trkpt lat="45.98413" lon="6.928245">
        <ele>1256</ele>
        <extensions>
          <distance>27809</distance>
        </extensions>
      </trkpt>
      <trkpt lat="45.98413" lon="6.9285225">
        <ele>1257</ele>
        <extensions>
          <distance>27831</distance>
        </extensions>
      </trkpt>
      <trkpt lat="45.98413" lon="6.9288">
        <ele>1257</ele>
        <extensions>
          <distance>27852</distance>
        </extensions>
      </trkpt>
      <trkpt lat="45.98414" lon="6.92905">
        <ele>1259</ele>
        <extensions>
          <distance>27872</distance>
        </extensions>
      </trkpt>
      <trkpt lat="45.98419" lon="6.92919">
        <ele>1259</ele>
        <extensions>
          <distance>27884</distance>
        </extensions>
      </trkpt>
      <trkpt lat="45.98429" lon="6.92929">
        <ele>1262</ele>
        <extensions>
          <distance>27898</distance>
        </extensions>
      </trkpt>
      <trkpt lat="45.98423" lon="6.92945">
        <ele>1263</ele>
        <extensions>
          <distance>27912</distance>
        </extensions>
      </trkpt>
      <trkpt lat="45.98417" lon="6.92954">
        <ele>1263</ele>
        <extensions>
          <distance>27921</distance>
        </extensions>
      </trkpt>
      <trkpt lat="45.98416" lon="6.9296">
        <ele>1263</ele>
        <extensions>
          <distance>27926</distance>
        </extensions>
      </trkpt>
      <trkpt lat="45.98417" lon="6.92973">
        <ele>1263</ele>
        <extensions>
          <distance>27936</distance>
        </extensions>
      </trkpt>
      <trkpt lat="45.98421" lon="6.92989">
        <ele>1263</ele>
        <extensions>
          <distance>27950</distance>
        </extensions>
      </trkpt>
      <trkpt lat="45.98424" lon="6.9301">
        <ele>1263.5</ele>
        <extensions>
          <distance>27966</distance>
        </extensions>
      </trkpt>
      <trkpt lat="45.98427" lon="6.93031">
        <ele>1264</ele>
        <extensions>
          <distance>27983</distance>
        </extensions>
      </trkpt>
      <trkpt lat="45.98429" lon="6.930605">
        <ele>1264</ele>
        <extensions>
          <distance>28006</distance>
        </extensions>
      </trkpt>
      <trkpt lat="45.98431" lon="6.9309">
        <ele>1264</ele>
        <extensions>
          <distance>28029</distance>
        </extensions>
      </trkpt>
      <trkpt lat="45.98436" lon="6.93119">
        <ele>1264</ele>
        <extensions>
          <distance>28052</distance>
        </extensions>
      </trkpt>
      <trkpt lat="45.98431" lon="6.93156">
        <ele>1264</ele>
        <extensions>
          <distance>28081</distance>
        </extensions>
      </trkpt>
      <trkpt lat="45.98426" lon="6.93178">
        <ele>1264</ele>
        <extensions>
          <distance>28099</distance>
        </extensions>
      </trkpt>
      <trkpt lat="45.98421" lon="6.932">
        <ele>1264</ele>
        <extensions>
          <distance>28117</distance>
        </extensions>
      </trkpt>
      <trkpt lat="45.98419" lon="6.93216">
        <ele>1264</ele>
        <extensions>
          <distance>28129</distance>
        </extensions>
      </trkpt>
      <trkpt lat="45.98407" lon="6.93249">
        <ele>1266.5</ele>
        <extensions>
          <distance>28158</distance>
        </extensions>
      </trkpt>
      <trkpt lat="45.98395" lon="6.93282">
        <ele>1269</ele>
        <extensions>
          <distance>28187</distance>
        </extensions>
      </trkpt>
      <trkpt lat="45.98385" lon="6.93306">
        <ele>1271</ele>
        <extensions>
          <distance>28209</distance>
        </extensions>
      </trkpt>
      <trkpt lat="45.98385" lon="6.93308">
        <ele>1271</ele>
        <extensions>
          <distance>28211</distance>
        </extensions>
      </trkpt>
      <trkpt lat="45.98376" lon="6.93329">
        <ele>1273</ele>
        <extensions>
          <distance>28230</distance>
        </extensions>
      </trkpt>
      <trkpt lat="45.98367" lon="6.9335">
        <ele>1275</ele>
        <extensions>
          <distance>28249</distance>
        </extensions>
      </trkpt>
      <trkpt lat="45.983455" lon="6.93333">
        <ele>1275</ele>
        <extensions>
          <distance>28276</distance>
        </extensions>
      </trkpt>
      <trkpt lat="45.98324" lon="6.93316">
        <ele>1275</ele>
        <extensions>
          <distance>28304</distance>
        </extensions>
      </trkpt>
      <trkpt lat="45.98308" lon="6.93301">
        <ele>1275</ele>
        <extensions>
          <distance>28325</distance>
        </extensions>
      </trkpt>
      <trkpt lat="45.98305" lon="6.93297">
        <ele>1275</ele>
        <extensions>
          <distance>28329</distance>
        </extensions>
      </trkpt>
      <trkpt lat="45.982905" lon="6.9328975">
        <ele>1275</ele>
        <extensions>
          <distance>28346</distance>
        </extensions>
      </trkpt>
      <trkpt lat="45.98276" lon="6.932825">
        <ele>1275</ele>
        <extensions>
          <distance>28364</distance>
        </extensions>
      </trkpt>
      <trkpt lat="45.982614999999996" lon="6.9327525">
        <ele>1275</ele>
        <extensions>
          <distance>28381</distance>
        </extensions>
      </trkpt>
      <trkpt lat="45.98247" lon="6.93268">
        <ele>1275</ele>
        <extensions>
          <distance>28398</distance>
        </extensions>
      </trkpt>
      <trkpt lat="45.982335" lon="6.93257">
        <ele>1275.5</ele>
        <extensions>
          <distance>28415</distance>
        </extensions>
      </trkpt>
      <trkpt lat="45.9822" lon="6.93246">
        <ele>1276</ele>
        <extensions>
          <distance>28432</distance>
        </extensions>
      </trkpt>
      <trkpt lat="45.98202" lon="6.93246">
        <ele>1276</ele>
        <extensions>
          <distance>28452</distance>
        </extensions>
      </trkpt>
      <trkpt lat="45.98199" lon="6.93253">
        <ele>1279</ele>
        <extensions>
          <distance>28459</distance>
        </extensions>
      </trkpt>
      <trkpt lat="45.98193" lon="6.93255">
        <ele>1279</ele>
        <extensions>
          <distance>28465</distance>
        </extensions>
      </trkpt>
      <trkpt lat="45.98183" lon="6.93282">
        <ele>1279</ele>
        <extensions>
          <distance>28489</distance>
        </extensions>
      </trkpt>
      <trkpt lat="45.98178" lon="6.9329">
        <ele>1279</ele>
        <extensions>
          <distance>28497</distance>
        </extensions>
      </trkpt>
      <trkpt lat="45.98168" lon="6.93298">
        <ele>1279</ele>
        <extensions>
          <distance>28510</distance>
        </extensions>
      </trkpt>
      <trkpt lat="45.98159" lon="6.93301">
        <ele>1279</ele>
        <extensions>
          <distance>28520</distance>
        </extensions>
      </trkpt>
      <trkpt lat="45.98151" lon="6.93302">
        <ele>1279</ele>
        <extensions>
          <distance>28529</distance>
        </extensions>
      </trkpt>
      <trkpt lat="45.98132" lon="6.93299">
        <ele>1279</ele>
        <extensions>
          <distance>28551</distance>
        </extensions>
      </trkpt>
      <trkpt lat="45.98128" lon="6.93297">
        <ele>1279</ele>
        <extensions>
          <distance>28555</distance>
        </extensions>
      </trkpt>
      <trkpt lat="45.98121" lon="6.93297">
        <ele>1279</ele>
        <extensions>
          <distance>28563</distance>
        </extensions>
      </trkpt>
      <trkpt lat="45.98104" lon="6.9329">
        <ele>1279</ele>
        <extensions>
          <distance>28583</distance>
        </extensions>
      </trkpt>
      <trkpt lat="45.98094" lon="6.93287">
        <ele>1279</ele>
        <extensions>
          <distance>28594</distance>
        </extensions>
      </trkpt>
      <trkpt lat="45.9808" lon="6.93279">
        <ele>1279</ele>
        <extensions>
          <distance>28611</distance>
        </extensions>
      </trkpt>
      <trkpt lat="45.98059" lon="6.93274">
        <ele>1279</ele>
        <extensions>
          <distance>28635</distance>
        </extensions>
      </trkpt>
      <trkpt lat="45.9805" lon="6.9327">
        <ele>1281</ele>
        <extensions>
          <distance>28645</distance>
        </extensions>
      </trkpt>
      <trkpt lat="45.9804" lon="6.93264">
        <ele>1281</ele>
        <extensions>
          <distance>28657</distance>
        </extensions>
      </trkpt>
      <trkpt lat="45.98024" lon="6.93259">
        <ele>1282</ele>
        <extensions>
          <distance>28675</distance>
        </extensions>
      </trkpt>
      <trkpt lat="45.98017" lon="6.93259">
        <ele>1283</ele>
        <extensions>
          <distance>28683</distance>
        </extensions>
      </trkpt>
      <trkpt lat="45.98011" lon="6.93262">
        <ele>1283</ele>
        <extensions>
          <distance>28690</distance>
        </extensions>
      </trkpt>
      <trkpt lat="45.98006" lon="6.93262">
        <ele>1283</ele>
        <extensions>
          <distance>28696</distance>
        </extensions>
      </trkpt>
      <trkpt lat="45.97993" lon="6.93266">
        <ele>1284</ele>
        <extensions>
          <distance>28710</distance>
        </extensions>
      </trkpt>
      <trkpt lat="45.97989" lon="6.93266">
        <ele>1284</ele>
        <extensions>
          <distance>28715</distance>
        </extensions>
      </trkpt>
      <trkpt lat="45.97981" lon="6.93268">
        <ele>1286</ele>
        <extensions>
          <distance>28724</distance>
        </extensions>
      </trkpt>
      <trkpt lat="45.97972" lon="6.93267">
        <ele>1286</ele>
        <extensions>
          <distance>28734</distance>
        </extensions>
      </trkpt>
      <trkpt lat="45.97965" lon="6.9326">
        <ele>1286</ele>
        <extensions>
          <distance>28744</distance>
        </extensions>
      </trkpt>
      <trkpt lat="45.979555000000005" lon="6.93244">
        <ele>1286</ele>
        <extensions>
          <distance>28760</distance>
        </extensions>
      </trkpt>
      <trkpt lat="45.97946" lon="6.93228">
        <ele>1286</ele>
        <extensions>
          <distance>28776</distance>
        </extensions>
      </trkpt>
      <trkpt lat="45.97943" lon="6.93219">
        <ele>1286</ele>
        <extensions>
          <distance>28784</distance>
        </extensions>
      </trkpt>
      <trkpt lat="45.9794" lon="6.93215">
        <ele>1286</ele>
        <extensions>
          <distance>28788</distance>
        </extensions>
      </trkpt>
      <trkpt lat="45.97936" lon="6.93203">
        <ele>1286</ele>
        <extensions>
          <distance>28799</distance>
        </extensions>
      </trkpt>
      <trkpt lat="45.97931" lon="6.93192">
        <ele>1286</ele>
        <extensions>
          <distance>28809</distance>
        </extensions>
      </trkpt>
      <trkpt lat="45.97917" lon="6.9317">
        <ele>1284</ele>
        <extensions>
          <distance>28832</distance>
        </extensions>
      </trkpt>
      <trkpt lat="45.97909" lon="6.9316">
        <ele>1283</ele>
        <extensions>
          <distance>28844</distance>
        </extensions>
      </trkpt>
      <trkpt lat="45.97905" lon="6.93158">
        <ele>1283</ele>
        <extensions>
          <distance>28849</distance>
        </extensions>
      </trkpt>
      <trkpt lat="45.97901" lon="6.93153">
        <ele>1283</ele>
        <extensions>
          <distance>28854</distance>
        </extensions>
      </trkpt>
      <trkpt lat="45.97897" lon="6.9315">
        <ele>1282</ele>
        <extensions>
          <distance>28859</distance>
        </extensions>
      </trkpt>
      <trkpt lat="45.97877" lon="6.93127">
        <ele>1281</ele>
        <extensions>
          <distance>28888</distance>
        </extensions>
      </trkpt>
      <trkpt lat="45.97865" lon="6.93099">
        <ele>1279</ele>
        <extensions>
          <distance>28914</distance>
        </extensions>
      </trkpt>
      <trkpt lat="45.97865" lon="6.93096">
        <ele>1279</ele>
        <extensions>
          <distance>28916</distance>
        </extensions>
      </trkpt>
      <trkpt lat="45.97859" lon="6.93072">
        <ele>1279</ele>
        <extensions>
          <distance>28936</distance>
        </extensions>
      </trkpt>
      <trkpt lat="45.97859" lon="6.93066">
        <ele>1279</ele>
        <extensions>
          <distance>28940</distance>
        </extensions>
      </trkpt>
      <trkpt lat="45.97855" lon="6.93054">
        <ele>1279</ele>
        <extensions>
          <distance>28951</distance>
        </extensions>
      </trkpt>
      <trkpt lat="45.97852" lon="6.93047">
        <ele>1279</ele>
        <extensions>
          <distance>28957</distance>
        </extensions>
      </trkpt>
      <trkpt lat="45.97845" lon="6.93039">
        <ele>1279</ele>
        <extensions>
          <distance>28967</distance>
        </extensions>
      </trkpt>
      <trkpt lat="45.97843" lon="6.93035">
        <ele>1279</ele>
        <extensions>
          <distance>28971</distance>
        </extensions>
      </trkpt>
      <trkpt lat="45.97831" lon="6.93028">
        <ele>1277</ele>
        <extensions>
          <distance>28985</distance>
        </extensions>
      </trkpt>
      <trkpt lat="45.97813" lon="6.93011">
        <ele>1276</ele>
        <extensions>
          <distance>29009</distance>
        </extensions>
      </trkpt>
      <trkpt lat="45.97809" lon="6.93006">
        <ele>1276</ele>
        <extensions>
          <distance>29015</distance>
        </extensions>
      </trkpt>
      <trkpt lat="45.97801" lon="6.93008">
        <ele>1276</ele>
        <extensions>
          <distance>29024</distance>
        </extensions>
      </trkpt>
      <trkpt lat="45.97798" lon="6.9301">
        <ele>1275</ele>
        <extensions>
          <distance>29028</distance>
        </extensions>
      </trkpt>
      <trkpt lat="45.97792" lon="6.93008">
        <ele>1275</ele>
        <extensions>
          <distance>29035</distance>
        </extensions>
      </trkpt>
      <trkpt lat="45.97782" lon="6.93001">
        <ele>1275</ele>
        <extensions>
          <distance>29047</distance>
        </extensions>
      </trkpt>
      <trkpt lat="45.97774" lon="6.92994">
        <ele>1275</ele>
        <extensions>
          <distance>29057</distance>
        </extensions>
      </trkpt>
      <trkpt lat="45.97764" lon="6.92981">
        <ele>1274</ele>
        <extensions>
          <distance>29072</distance>
        </extensions>
      </trkpt>
      <trkpt lat="45.97755" lon="6.92963">
        <ele>1274</ele>
        <extensions>
          <distance>29090</distance>
        </extensions>
      </trkpt>
      <trkpt lat="45.97744" lon="6.92953">
        <ele>1274</ele>
        <extensions>
          <distance>29104</distance>
        </extensions>
      </trkpt>
      <trkpt lat="45.97725" lon="6.9294">
        <ele>1274</ele>
        <extensions>
          <distance>29127</distance>
        </extensions>
      </trkpt>
      <trkpt lat="45.97709" lon="6.92922">
        <ele>1272</ele>
        <extensions>
          <distance>29150</distance>
        </extensions>
      </trkpt>
      <trkpt lat="45.97706" lon="6.92917">
        <ele>1272</ele>
        <extensions>
          <distance>29155</distance>
        </extensions>
      </trkpt>
      <trkpt lat="45.97693" lon="6.92904">
        <ele>1270</ele>
        <extensions>
          <distance>29173</distance>
        </extensions>
      </trkpt>
      <trkpt lat="45.97689" lon="6.92903">
        <ele>1270</ele>
        <extensions>
          <distance>29177</distance>
        </extensions>
      </trkpt>
      <trkpt lat="45.97684" lon="6.92914">
        <ele>1270</ele>
        <extensions>
          <distance>29187</distance>
        </extensions>
      </trkpt>
      <trkpt lat="45.97677" lon="6.92919">
        <ele>1270</ele>
        <extensions>
          <distance>29196</distance>
        </extensions>
      </trkpt>
      <trkpt lat="45.97674" lon="6.9292">
        <ele>1270</ele>
        <extensions>
          <distance>29200</distance>
        </extensions>
      </trkpt>
      <trkpt lat="45.97668" lon="6.92927">
        <ele>1270</ele>
        <extensions>
          <distance>29208</distance>
        </extensions>
      </trkpt>
      <trkpt lat="45.97659" lon="6.92934">
        <ele>1270</ele>
        <extensions>
          <distance>29220</distance>
        </extensions>
      </trkpt>
      <trkpt lat="45.97651" lon="6.92934">
        <ele>1270</ele>
        <extensions>
          <distance>29228</distance>
        </extensions>
      </trkpt>
      <trkpt lat="45.97643" lon="6.92932">
        <ele>1270</ele>
        <extensions>
          <distance>29237</distance>
        </extensions>
      </trkpt>
      <trkpt lat="45.97621" lon="6.9292">
        <ele>1270</ele>
        <extensions>
          <distance>29264</distance>
        </extensions>
      </trkpt>
      <trkpt lat="45.976055" lon="6.92905">
        <ele>1270</ele>
        <extensions>
          <distance>29284</distance>
        </extensions>
      </trkpt>
      <trkpt lat="45.9759" lon="6.9289">
        <ele>1270</ele>
        <extensions>
          <distance>29305</distance>
        </extensions>
      </trkpt>
      <trkpt lat="45.97583" lon="6.92871">
        <ele>1270</ele>
        <extensions>
          <distance>29322</distance>
        </extensions>
      </trkpt>
      <trkpt lat="45.97581" lon="6.92862">
        <ele>1270</ele>
        <extensions>
          <distance>29329</distance>
        </extensions>
      </trkpt>
      <trkpt lat="45.97576" lon="6.92852">
        <ele>1266</ele>
        <extensions>
          <distance>29339</distance>
        </extensions>
      </trkpt>
      <trkpt lat="45.97574" lon="6.92849">
        <ele>1266</ele>
        <extensions>
          <distance>29342</distance>
        </extensions>
      </trkpt>
      <trkpt lat="45.97571" lon="6.92847">
        <ele>1266</ele>
        <extensions>
          <distance>29346</distance>
        </extensions>
      </trkpt>
      <trkpt lat="45.97568" lon="6.92842">
        <ele>1265</ele>
        <extensions>
          <distance>29351</distance>
        </extensions>
      </trkpt>
      <trkpt lat="45.97556" lon="6.9284">
        <ele>1265</ele>
        <extensions>
          <distance>29364</distance>
        </extensions>
      </trkpt>
      <trkpt lat="45.97551" lon="6.92838">
        <ele>1265</ele>
        <extensions>
          <distance>29370</distance>
        </extensions>
      </trkpt>
      <trkpt lat="45.97546" lon="6.92838">
        <ele>1265</ele>
        <extensions>
          <distance>29376</distance>
        </extensions>
      </trkpt>
      <trkpt lat="45.97543" lon="6.9284">
        <ele>1268</ele>
        <extensions>
          <distance>29379</distance>
        </extensions>
      </trkpt>
      <trkpt lat="45.97541" lon="6.9284">
        <ele>1268</ele>
        <extensions>
          <distance>29381</distance>
        </extensions>
      </trkpt>
      <trkpt lat="45.97532" lon="6.92837">
        <ele>1268</ele>
        <extensions>
          <distance>29392</distance>
        </extensions>
      </trkpt>
      <trkpt lat="45.97519" lon="6.92826">
        <ele>1272</ele>
        <extensions>
          <distance>29409</distance>
        </extensions>
      </trkpt>
      <trkpt lat="45.97516" lon="6.92816">
        <ele>1272</ele>
        <extensions>
          <distance>29417</distance>
        </extensions>
      </trkpt>
      <trkpt lat="45.97512" lon="6.92812">
        <ele>1274</ele>
        <extensions>
          <distance>29423</distance>
        </extensions>
      </trkpt>
      <trkpt lat="45.97503" lon="6.92809">
        <ele>1276</ele>
        <extensions>
          <distance>29433</distance>
        </extensions>
      </trkpt>
      <trkpt lat="45.97501" lon="6.92811">
        <ele>1276</ele>
        <extensions>
          <distance>29436</distance>
        </extensions>
      </trkpt>
      <trkpt lat="45.97498" lon="6.92811">
        <ele>1277</ele>
        <extensions>
          <distance>29439</distance>
        </extensions>
      </trkpt>
      <trkpt lat="45.97492" lon="6.92805">
        <ele>1279</ele>
        <extensions>
          <distance>29448</distance>
        </extensions>
      </trkpt>
      <trkpt lat="45.97483" lon="6.92793">
        <ele>1281</ele>
        <extensions>
          <distance>29461</distance>
        </extensions>
      </trkpt>
      <trkpt lat="45.97477" lon="6.92791">
        <ele>1283</ele>
        <extensions>
          <distance>29469</distance>
        </extensions>
      </trkpt>
      <trkpt lat="45.97474" lon="6.92787">
        <ele>1284</ele>
        <extensions>
          <distance>29473</distance>
        </extensions>
      </trkpt>
      <trkpt lat="45.97472" lon="6.92787">
        <ele>1284</ele>
        <extensions>
          <distance>29475</distance>
        </extensions>
      </trkpt>
      <trkpt lat="45.97471" lon="6.92785">
        <ele>1284</ele>
        <extensions>
          <distance>29477</distance>
        </extensions>
      </trkpt>
      <trkpt lat="45.97469" lon="6.92784">
        <ele>1284</ele>
        <extensions>
          <distance>29480</distance>
        </extensions>
      </trkpt>
      <trkpt lat="45.97458" lon="6.92783">
        <ele>1286</ele>
        <extensions>
          <distance>29492</distance>
        </extensions>
      </trkpt>
      <trkpt lat="45.97455" lon="6.92781">
        <ele>1286</ele>
        <extensions>
          <distance>29496</distance>
        </extensions>
      </trkpt>
      <trkpt lat="45.97451" lon="6.9278">
        <ele>1286</ele>
        <extensions>
          <distance>29500</distance>
        </extensions>
      </trkpt>
      <trkpt lat="45.97448" lon="6.9278">
        <ele>1286</ele>
        <extensions>
          <distance>29504</distance>
        </extensions>
      </trkpt>
      <trkpt lat="45.97445" lon="6.92782">
        <ele>1288</ele>
        <extensions>
          <distance>29507</distance>
        </extensions>
      </trkpt>
      <trkpt lat="45.97442" lon="6.92782">
        <ele>1288</ele>
        <extensions>
          <distance>29511</distance>
        </extensions>
      </trkpt>
      <trkpt lat="45.97434" lon="6.92776">
        <ele>1288</ele>
        <extensions>
          <distance>29521</distance>
        </extensions>
      </trkpt>
      <trkpt lat="45.97433" lon="6.92774">
        <ele>1290</ele>
        <extensions>
          <distance>29523</distance>
        </extensions>
      </trkpt>
      <trkpt lat="45.97424" lon="6.9277">
        <ele>1290</ele>
        <extensions>
          <distance>29533</distance>
        </extensions>
      </trkpt>
      <trkpt lat="45.97421" lon="6.92767">
        <ele>1290</ele>
        <extensions>
          <distance>29537</distance>
        </extensions>
      </trkpt>
      <trkpt lat="45.97416" lon="6.92765">
        <ele>1290</ele>
        <extensions>
          <distance>29543</distance>
        </extensions>
      </trkpt>
      <trkpt lat="45.97409" lon="6.92765">
        <ele>1293</ele>
        <extensions>
          <distance>29551</distance>
        </extensions>
      </trkpt>
      <trkpt lat="45.97406" lon="6.92762">
        <ele>1293</ele>
        <extensions>
          <distance>29555</distance>
        </extensions>
      </trkpt>
      <trkpt lat="45.974" lon="6.9276">
        <ele>1295</ele>
        <extensions>
          <distance>29562</distance>
        </extensions>
      </trkpt>
      <trkpt lat="45.97392" lon="6.92748">
        <ele>1295</ele>
        <extensions>
          <distance>29575</distance>
        </extensions>
      </trkpt>
      <trkpt lat="45.97384" lon="6.92741">
        <ele>1295</ele>
        <extensions>
          <distance>29585</distance>
        </extensions>
      </trkpt>
      <trkpt lat="45.97378" lon="6.92732">
        <ele>1295</ele>
        <extensions>
          <distance>29595</distance>
        </extensions>
      </trkpt>
      <trkpt lat="45.97375" lon="6.9273">
        <ele>1295</ele>
        <extensions>
          <distance>29599</distance>
        </extensions>
      </trkpt>
      <trkpt lat="45.97371" lon="6.92723">
        <ele>1295</ele>
        <extensions>
          <distance>29606</distance>
        </extensions>
      </trkpt>
      <trkpt lat="45.97368" lon="6.92709">
        <ele>1295</ele>
        <extensions>
          <distance>29617</distance>
        </extensions>
      </trkpt>
      <trkpt lat="45.9736" lon="6.92685">
        <ele>1293</ele>
        <extensions>
          <distance>29638</distance>
        </extensions>
      </trkpt>
      <trkpt lat="45.9736" lon="6.92681">
        <ele>1293</ele>
        <extensions>
          <distance>29641</distance>
        </extensions>
      </trkpt>
      <trkpt lat="45.97353" lon="6.92664">
        <ele>1293</ele>
        <extensions>
          <distance>29656</distance>
        </extensions>
      </trkpt>
      <trkpt lat="45.97336" lon="6.92636">
        <ele>1286</ele>
        <extensions>
          <distance>29685</distance>
        </extensions>
      </trkpt>
      <trkpt lat="45.97331" lon="6.92626">
        <ele>1284</ele>
        <extensions>
          <distance>29694</distance>
        </extensions>
      </trkpt>
      <trkpt lat="45.97327" lon="6.92621">
        <ele>1283</ele>
        <extensions>
          <distance>29701</distance>
        </extensions>
      </trkpt>
      <trkpt lat="45.9732" lon="6.92605">
        <ele>1281</ele>
        <extensions>
          <distance>29715</distance>
        </extensions>
      </trkpt>
      <trkpt lat="45.9732" lon="6.926">
        <ele>1279</ele>
        <extensions>
          <distance>29720</distance>
        </extensions>
      </trkpt>
      <trkpt lat="45.97322" lon="6.92592">
        <ele>1277</ele>
        <extensions>
          <distance>29726</distance>
        </extensions>
      </trkpt>
      <trkpt lat="45.97317" lon="6.92562">
        <ele>1272</ele>
        <extensions>
          <distance>29751</distance>
        </extensions>
      </trkpt>
      <trkpt lat="45.97318" lon="6.92561">
        <ele>1252</ele>
        <extensions>
          <distance>29771</distance>
        </extensions>
      </trkpt>
      <trkpt lat="45.97321" lon="6.92545">
        <ele>1248</ele>
        <extensions>
          <distance>29784</distance>
        </extensions>
      </trkpt>
      <trkpt lat="45.97326" lon="6.92537">
        <ele>1247</ele>
        <extensions>
          <distance>29793</distance>
        </extensions>
      </trkpt>
      <trkpt lat="45.973323750000006" lon="6.925178750000001">
        <ele>1245</ele>
        <extensions>
          <distance>29809</distance>
        </extensions>
      </trkpt>
      <trkpt lat="45.9733875" lon="6.9249875">
        <ele>1243</ele>
        <extensions>
          <distance>29826</distance>
        </extensions>
      </trkpt>
      <trkpt lat="45.973451250000004" lon="6.92479625">
        <ele>1241</ele>
        <extensions>
          <distance>29842</distance>
        </extensions>
      </trkpt>
      <trkpt lat="45.973515000000006" lon="6.924605">
        <ele>1239</ele>
        <extensions>
          <distance>29859</distance>
        </extensions>
      </trkpt>
      <trkpt lat="45.97357875" lon="6.924413749999999">
        <ele>1237</ele>
        <extensions>
          <distance>29876</distance>
        </extensions>
      </trkpt>
      <trkpt lat="45.973642500000004" lon="6.9242225">
        <ele>1235</ele>
        <extensions>
          <distance>29892</distance>
        </extensions>
      </trkpt>
      <trkpt lat="45.973706250000006" lon="6.9240312500000005">
        <ele>1233</ele>
        <extensions>
          <distance>29909</distance>
        </extensions>
      </trkpt>
      <trkpt lat="45.97377" lon="6.92384">
        <ele>1231</ele>
        <extensions>
          <distance>29925</distance>
        </extensions>
      </trkpt>
      <trkpt lat="45.97382" lon="6.92361">
        <ele>1229</ele>
        <extensions>
          <distance>29944</distance>
        </extensions>
      </trkpt>
      <trkpt lat="45.97386" lon="6.92335">
        <ele>1227</ele>
        <extensions>
          <distance>29965</distance>
        </extensions>
      </trkpt>
      <trkpt lat="45.97402" lon="6.92326">
        <ele>1226</ele>
        <extensions>
          <distance>29984</distance>
        </extensions>
      </trkpt>
      <trkpt lat="45.97415" lon="6.92323">
        <ele>1226</ele>
        <extensions>
          <distance>29998</distance>
        </extensions>
      </trkpt>
      <trkpt lat="45.97439" lon="6.92314">
        <ele>1224</ele>
        <extensions>
          <distance>30026</distance>
        </extensions>
      </trkpt>
      <trkpt lat="45.97454" lon="6.92301">
        <ele>1223</ele>
        <extensions>
          <distance>30046</distance>
        </extensions>
      </trkpt>
      <trkpt lat="45.97467" lon="6.923">
        <ele>1222</ele>
        <extensions>
          <distance>30060</distance>
        </extensions>
      </trkpt>
      <trkpt lat="45.97487" lon="6.92302">
        <ele>1222</ele>
        <extensions>
          <distance>30082</distance>
        </extensions>
      </trkpt>
      <trkpt lat="45.974945000000005" lon="6.92279">
        <ele>1220.5</ele>
        <extensions>
          <distance>30102</distance>
        </extensions>
      </trkpt>
      <trkpt lat="45.97502" lon="6.92256">
        <ele>1219</ele>
        <extensions>
          <distance>30122</distance>
        </extensions>
      </trkpt>
      <trkpt lat="45.9751" lon="6.92238">
        <ele>1217.5</ele>
        <extensions>
          <distance>30138</distance>
        </extensions>
      </trkpt>
      <trkpt lat="45.97518" lon="6.9222">
        <ele>1216</ele>
        <extensions>
          <distance>30155</distance>
        </extensions>
      </trkpt>
      <trkpt lat="45.9754" lon="6.92202">
        <ele>1215</ele>
        <extensions>
          <distance>30183</distance>
        </extensions>
      </trkpt>
      <trkpt lat="45.97556" lon="6.92187">
        <ele>1214</ele>
        <extensions>
          <distance>30204</distance>
        </extensions>
      </trkpt>
      <trkpt lat="45.9756" lon="6.9218">
        <ele>1214</ele>
        <extensions>
          <distance>30211</distance>
        </extensions>
      </trkpt>
      <trkpt lat="45.9756" lon="6.9217">
        <ele>1214</ele>
        <extensions>
          <distance>30219</distance>
        </extensions>
      </trkpt>
      <trkpt lat="45.97565" lon="6.92169">
        <ele>1214</ele>
        <extensions>
          <distance>30225</distance>
        </extensions>
      </trkpt>
      <trkpt lat="45.9758" lon="6.92138">
        <ele>1214</ele>
        <extensions>
          <distance>30254</distance>
        </extensions>
      </trkpt>
      <trkpt lat="45.97572" lon="6.92129">
        <ele>1214</ele>
        <extensions>
          <distance>30265</distance>
        </extensions>
      </trkpt>
      <trkpt lat="45.97574" lon="6.92125">
        <ele>1214</ele>
        <extensions>
          <distance>30269</distance>
        </extensions>
      </trkpt>
      <trkpt lat="45.97573" lon="6.92113">
        <ele>1214</ele>
        <extensions>
          <distance>30278</distance>
        </extensions>
      </trkpt>
      <trkpt lat="45.97586" lon="6.920975">
        <ele>1214.5</ele>
        <extensions>
          <distance>30297</distance>
        </extensions>
      </trkpt>
      <trkpt lat="45.97599" lon="6.92082">
        <ele>1214.5</ele>
        <extensions>
          <distance>30316</distance>
        </extensions>
      </trkpt>
      <trkpt lat="45.97603" lon="6.9208">
        <ele>1214.5</ele>
        <extensions>
          <distance>30321</distance>
        </extensions>
      </trkpt>
      <trkpt lat="45.97601" lon="6.92074">
        <ele>1214.5</ele>
        <extensions>
          <distance>30326</distance>
        </extensions>
      </trkpt>
      <trkpt lat="45.9758025" lon="6.920540000000001">
        <ele>1213.25</ele>
        <extensions>
          <distance>30354</distance>
        </extensions>
      </trkpt>
      <trkpt lat="45.975595" lon="6.92034">
        <ele>1211.5</ele>
        <extensions>
          <distance>30382</distance>
        </extensions>
      </trkpt>
      <trkpt lat="45.9753875" lon="6.92014">
        <ele>1209.75</ele>
        <extensions>
          <distance>30409</distance>
        </extensions>
      </trkpt>
      <trkpt lat="45.97518" lon="6.91994">
        <ele>1208</ele>
        <extensions>
          <distance>30437</distance>
        </extensions>
      </trkpt>
      <trkpt lat="45.97508" lon="6.9198">
        <ele>1208</ele>
        <extensions>
          <distance>30453</distance>
        </extensions>
      </trkpt>
      <trkpt lat="45.97505" lon="6.91974">
        <ele>1207</ele>
        <extensions>
          <distance>30459</distance>
        </extensions>
      </trkpt>
      <trkpt lat="45.974985000000004" lon="6.91949">
        <ele>1207</ele>
        <extensions>
          <distance>30479</distance>
        </extensions>
      </trkpt>
      <trkpt lat="45.97492" lon="6.91924">
        <ele>1207</ele>
        <extensions>
          <distance>30500</distance>
        </extensions>
      </trkpt>
      <trkpt lat="45.97481" lon="6.91896">
        <ele>1206</ele>
        <extensions>
          <distance>30525</distance>
        </extensions>
      </trkpt>
      <trkpt lat="45.97476" lon="6.91879">
        <ele>1205</ele>
        <extensions>
          <distance>30539</distance>
        </extensions>
      </trkpt>
      <trkpt lat="45.974720000000005" lon="6.918585">
        <ele>1204.5</ele>
        <extensions>
          <distance>30556</distance>
        </extensions>
      </trkpt>
      <trkpt lat="45.97468" lon="6.91838">
        <ele>1204</ele>
        <extensions>
          <distance>30572</distance>
        </extensions>
      </trkpt>
      <trkpt lat="45.97462" lon="6.91816">
        <ele>1203.5</ele>
        <extensions>
          <distance>30590</distance>
        </extensions>
      </trkpt>
      <trkpt lat="45.97456" lon="6.91794">
        <ele>1203</ele>
        <extensions>
          <distance>30609</distance>
        </extensions>
      </trkpt>
      <trkpt lat="45.97447" lon="6.91767">
        <ele>1202</ele>
        <extensions>
          <distance>30632</distance>
        </extensions>
      </trkpt>
      <trkpt lat="45.974405" lon="6.917495000000001">
        <ele>1202</ele>
        <extensions>
          <distance>30647</distance>
        </extensions>
      </trkpt>
      <trkpt lat="45.97434" lon="6.91732">
        <ele>1202</ele>
        <extensions>
          <distance>30663</distance>
        </extensions>
      </trkpt>
      <trkpt lat="45.974235" lon="6.91708">
        <ele>1201.5</ele>
        <extensions>
          <distance>30685</distance>
        </extensions>
      </trkpt>
      <trkpt lat="45.97413" lon="6.91684">
        <ele>1201</ele>
        <extensions>
          <distance>30707</distance>
        </extensions>
      </trkpt>
      <trkpt lat="45.974005000000005" lon="6.916595">
        <ele>1200.5</ele>
        <extensions>
          <distance>30730</distance>
        </extensions>
      </trkpt>
      <trkpt lat="45.97388" lon="6.91635">
        <ele>1200</ele>
        <extensions>
          <distance>30754</distance>
        </extensions>
      </trkpt>
      <trkpt lat="45.97378" lon="6.91619">
        <ele>1200</ele>
        <extensions>
          <distance>30770</distance>
        </extensions>
      </trkpt>
      <trkpt lat="45.973654999999994" lon="6.916040000000001">
        <ele>1199</ele>
        <extensions>
          <distance>30788</distance>
        </extensions>
      </trkpt>
      <trkpt lat="45.97353" lon="6.91589">
        <ele>1199</ele>
        <extensions>
          <distance>30807</distance>
        </extensions>
      </trkpt>
      <trkpt lat="45.97341" lon="6.915735">
        <ele>1199</ele>
        <extensions>
          <distance>30825</distance>
        </extensions>
      </trkpt>
      <trkpt lat="45.97329" lon="6.91558">
        <ele>1198</ele>
        <extensions>
          <distance>30842</distance>
        </extensions>
      </trkpt>
      <trkpt lat="45.973124999999996" lon="6.91541">
        <ele>1198</ele>
        <extensions>
          <distance>30865</distance>
        </extensions>
      </trkpt>
      <trkpt lat="45.97296" lon="6.91524">
        <ele>1197</ele>
        <extensions>
          <distance>30888</distance>
        </extensions>
      </trkpt>
      <trkpt lat="45.97285" lon="6.915115">
        <ele>1197</ele>
        <extensions>
          <distance>30903</distance>
        </extensions>
      </trkpt>
      <trkpt lat="45.97274" lon="6.9149899999999995">
        <ele>1196</ele>
        <extensions>
          <distance>30919</distance>
        </extensions>
      </trkpt>
      <trkpt lat="45.97263" lon="6.914865">
        <ele>1195</ele>
        <extensions>
          <distance>30934</distance>
        </extensions>
      </trkpt>
      <trkpt lat="45.97252" lon="6.91474">
        <ele>1195</ele>
        <extensions>
          <distance>30950</distance>
        </extensions>
      </trkpt>
      <trkpt lat="45.9724" lon="6.91463">
        <ele>1194.75</ele>
        <extensions>
          <distance>30966</distance>
        </extensions>
      </trkpt>
      <trkpt lat="45.97228" lon="6.9145199999999996">
        <ele>1194.5</ele>
        <extensions>
          <distance>30982</distance>
        </extensions>
      </trkpt>
      <trkpt lat="45.97216" lon="6.91441">
        <ele>1194.25</ele>
        <extensions>
          <distance>30998</distance>
        </extensions>
      </trkpt>
      <trkpt lat="45.97204" lon="6.9143">
        <ele>1194</ele>
        <extensions>
          <distance>31013</distance>
        </extensions>
      </trkpt>
      <trkpt lat="45.97189" lon="6.91418">
        <ele>1193</ele>
        <extensions>
          <distance>31033</distance>
        </extensions>
      </trkpt>
      <trkpt lat="45.97168" lon="6.91405">
        <ele>1192</ele>
        <extensions>
          <distance>31058</distance>
        </extensions>
      </trkpt>
      <trkpt lat="45.97146" lon="6.91393">
        <ele>1192</ele>
        <extensions>
          <distance>31084</distance>
        </extensions>
      </trkpt>
      <trkpt lat="45.97131" lon="6.91389">
        <ele>1192</ele>
        <extensions>
          <distance>31101</distance>
        </extensions>
      </trkpt>
      <trkpt lat="45.97106" lon="6.91378">
        <ele>1191</ele>
        <extensions>
          <distance>31130</distance>
        </extensions>
      </trkpt>
      <trkpt lat="45.97081" lon="6.91367">
        <ele>1190</ele>
        <extensions>
          <distance>31159</distance>
        </extensions>
      </trkpt>
      <trkpt lat="45.97057" lon="6.91359">
        <ele>1190</ele>
        <extensions>
          <distance>31187</distance>
        </extensions>
      </trkpt>
      <trkpt lat="45.9704" lon="6.91352">
        <ele>1189</ele>
        <extensions>
          <distance>31206</distance>
        </extensions>
      </trkpt>
      <trkpt lat="45.97031" lon="6.91347">
        <ele>1189</ele>
        <extensions>
          <distance>31217</distance>
        </extensions>
      </trkpt>
      <trkpt lat="45.97018" lon="6.91347">
        <ele>1189</ele>
        <extensions>
          <distance>31231</distance>
        </extensions>
      </trkpt>
      <trkpt lat="45.97" lon="6.9134150000000005">
        <ele>1189</ele>
        <extensions>
          <distance>31252</distance>
        </extensions>
      </trkpt>
      <trkpt lat="45.96982" lon="6.91336">
        <ele>1188</ele>
        <extensions>
          <distance>31272</distance>
        </extensions>
      </trkpt>
      <trkpt lat="45.96974" lon="6.91321">
        <ele>1188</ele>
        <extensions>
          <distance>31287</distance>
        </extensions>
      </trkpt>
      <trkpt lat="45.96957" lon="6.91306">
        <ele>1188</ele>
        <extensions>
          <distance>31309</distance>
        </extensions>
      </trkpt>
      <trkpt lat="45.9695" lon="6.91302">
        <ele>1187</ele>
        <extensions>
          <distance>31318</distance>
        </extensions>
      </trkpt>
      <trkpt lat="45.9695" lon="6.91314">
        <ele>1186</ele>
        <extensions>
          <distance>31327</distance>
        </extensions>
      </trkpt>
      <trkpt lat="45.969345" lon="6.9130199999999995">
        <ele>1185.5</ele>
        <extensions>
          <distance>31346</distance>
        </extensions>
      </trkpt>
      <trkpt lat="45.96919" lon="6.9129">
        <ele>1185</ele>
        <extensions>
          <distance>31366</distance>
        </extensions>
      </trkpt>
      <trkpt lat="45.96898" lon="6.91278">
        <ele>1185</ele>
        <extensions>
          <distance>31391</distance>
        </extensions>
      </trkpt>
      <trkpt lat="45.96875" lon="6.91271">
        <ele>1185</ele>
        <extensions>
          <distance>31417</distance>
        </extensions>
      </trkpt>
      <trkpt lat="45.96855" lon="6.91258">
        <ele>1185</ele>
        <extensions>
          <distance>31442</distance>
        </extensions>
      </trkpt>
      <trkpt lat="45.96836" lon="6.91244">
        <ele>1185</ele>
        <extensions>
          <distance>31465</distance>
        </extensions>
      </trkpt>
      <trkpt lat="45.9682" lon="6.9124">
        <ele>1184</ele>
        <extensions>
          <distance>31484</distance>
        </extensions>
      </trkpt>
      <trkpt lat="45.96804" lon="6.91234">
        <ele>1184</ele>
        <extensions>
          <distance>31502</distance>
        </extensions>
      </trkpt>
      <trkpt lat="45.967915000000005" lon="6.912235000000001">
        <ele>1184</ele>
        <extensions>
          <distance>31518</distance>
        </extensions>
      </trkpt>
      <trkpt lat="45.96779" lon="6.91213">
        <ele>1184</ele>
        <extensions>
          <distance>31534</distance>
        </extensions>
      </trkpt>
      <trkpt lat="45.96773" lon="6.9121">
        <ele>1184</ele>
        <extensions>
          <distance>31541</distance>
        </extensions>
      </trkpt>
      <trkpt lat="45.967605000000006" lon="6.9119575">
        <ele>1184.5</ele>
        <extensions>
          <distance>31559</distance>
        </extensions>
      </trkpt>
      <trkpt lat="45.96748" lon="6.911815">
        <ele>1185</ele>
        <extensions>
          <distance>31577</distance>
        </extensions>
      </trkpt>
      <trkpt lat="45.967355" lon="6.9116725">
        <ele>1185</ele>
        <extensions>
          <distance>31594</distance>
        </extensions>
      </trkpt>
      <trkpt lat="45.96723" lon="6.91153">
        <ele>1185</ele>
        <extensions>
          <distance>31612</distance>
        </extensions>
      </trkpt>
      <trkpt lat="45.96718" lon="6.91151">
        <ele>1185</ele>
        <extensions>
          <distance>31618</distance>
        </extensions>
      </trkpt>
      <trkpt lat="45.96714" lon="6.91151">
        <ele>1185</ele>
        <extensions>
          <distance>31622</distance>
        </extensions>
      </trkpt>
      <trkpt lat="45.96709" lon="6.91153">
        <ele>1184</ele>
        <extensions>
          <distance>31628</distance>
        </extensions>
      </trkpt>
      <trkpt lat="45.96705" lon="6.91156">
        <ele>1182</ele>
        <extensions>
          <distance>31633</distance>
        </extensions>
      </trkpt>
      <trkpt lat="45.96702" lon="6.91167">
        <ele>1181</ele>
        <extensions>
          <distance>31642</distance>
        </extensions>
      </trkpt>
      <trkpt lat="45.96697" lon="6.91171">
        <ele>1180</ele>
        <extensions>
          <distance>31649</distance>
        </extensions>
      </trkpt>
      <trkpt lat="45.96691" lon="6.91171">
        <ele>1180</ele>
        <extensions>
          <distance>31655</distance>
        </extensions>
      </trkpt>
      <trkpt lat="45.96674" lon="6.91176">
        <ele>1180</ele>
        <extensions>
          <distance>31675</distance>
        </extensions>
      </trkpt>
      <trkpt lat="45.96662" lon="6.91176">
        <ele>1180</ele>
        <extensions>
          <distance>31688</distance>
        </extensions>
      </trkpt>
      <trkpt lat="45.9666" lon="6.91177">
        <ele>1180</ele>
        <extensions>
          <distance>31690</distance>
        </extensions>
      </trkpt>
      <trkpt lat="45.96658" lon="6.91181">
        <ele>1179</ele>
        <extensions>
          <distance>31694</distance>
        </extensions>
      </trkpt>
      <trkpt lat="45.96656" lon="6.91214">
        <ele>1179</ele>
        <extensions>
          <distance>31720</distance>
        </extensions>
      </trkpt>
      <trkpt lat="45.96652" lon="6.9122">
        <ele>1179</ele>
        <extensions>
          <distance>31726</distance>
        </extensions>
      </trkpt>
      <trkpt lat="45.96649" lon="6.91221">
        <ele>1179</ele>
        <extensions>
          <distance>31730</distance>
        </extensions>
      </trkpt>
      <trkpt lat="45.96636" lon="6.9122">
        <ele>1179</ele>
        <extensions>
          <distance>31744</distance>
        </extensions>
      </trkpt>
      <trkpt lat="45.9662" lon="6.91213">
        <ele>1179</ele>
        <extensions>
          <distance>31763</distance>
        </extensions>
      </trkpt>
      <trkpt lat="45.96596" lon="6.91209">
        <ele>1178</ele>
        <extensions>
          <distance>31790</distance>
        </extensions>
      </trkpt>
      <trkpt lat="45.96582" lon="6.91203">
        <ele>1177.5</ele>
        <extensions>
          <distance>31806</distance>
        </extensions>
      </trkpt>
      <trkpt lat="45.96568" lon="6.91197">
        <ele>1177</ele>
        <extensions>
          <distance>31822</distance>
        </extensions>
      </trkpt>
      <trkpt lat="45.9656" lon="6.91195">
        <ele>1177</ele>
        <extensions>
          <distance>31831</distance>
        </extensions>
      </trkpt>
      <trkpt lat="45.96545" lon="6.91194">
        <ele>1176</ele>
        <extensions>
          <distance>31848</distance>
        </extensions>
      </trkpt>
      <trkpt lat="45.9654" lon="6.91195">
        <ele>1176</ele>
        <extensions>
          <distance>31853</distance>
        </extensions>
      </trkpt>
      <trkpt lat="45.96525" lon="6.91202">
        <ele>1176</ele>
        <extensions>
          <distance>31871</distance>
        </extensions>
      </trkpt>
      <trkpt lat="45.96514" lon="6.91198">
        <ele>1176</ele>
        <extensions>
          <distance>31884</distance>
        </extensions>
      </trkpt>
      <trkpt lat="45.96503" lon="6.91192">
        <ele>1176</ele>
        <extensions>
          <distance>31897</distance>
        </extensions>
      </trkpt>
      <trkpt lat="45.96488" lon="6.91173">
        <ele>1175</ele>
        <extensions>
          <distance>31919</distance>
        </extensions>
      </trkpt>
      <trkpt lat="45.96476" lon="6.91177">
        <ele>1175</ele>
        <extensions>
          <distance>31933</distance>
        </extensions>
      </trkpt>
      <trkpt lat="45.96462" lon="6.91176">
        <ele>1175</ele>
        <extensions>
          <distance>31948</distance>
        </extensions>
      </trkpt>
      <trkpt lat="45.964394999999996" lon="6.91171">
        <ele>1174</ele>
        <extensions>
          <distance>31974</distance>
        </extensions>
      </trkpt>
      <trkpt lat="45.96417" lon="6.91166">
        <ele>1173</ele>
        <extensions>
          <distance>31999</distance>
        </extensions>
      </trkpt>
      <trkpt lat="45.96402" lon="6.91156">
        <ele>1173</ele>
        <extensions>
          <distance>32017</distance>
        </extensions>
      </trkpt>
      <trkpt lat="45.96381" lon="6.91134">
        <ele>1172</ele>
        <extensions>
          <distance>32046</distance>
        </extensions>
      </trkpt>
      <trkpt lat="45.96359" lon="6.9112">
        <ele>1172</ele>
        <extensions>
          <distance>32073</distance>
        </extensions>
      </trkpt>
      <trkpt lat="45.96344" lon="6.91103">
        <ele>1172</ele>
        <extensions>
          <distance>32094</distance>
        </extensions>
      </trkpt>
      <trkpt lat="45.9634" lon="6.91096">
        <ele>1171</ele>
        <extensions>
          <distance>32101</distance>
        </extensions>
      </trkpt>
      <trkpt lat="45.96334" lon="6.91079">
        <ele>1171</ele>
        <extensions>
          <distance>32116</distance>
        </extensions>
      </trkpt>
      <trkpt lat="45.96331" lon="6.91076">
        <ele>1171</ele>
        <extensions>
          <distance>32120</distance>
        </extensions>
      </trkpt>
      <trkpt lat="45.96325" lon="6.91063">
        <ele>1171</ele>
        <extensions>
          <distance>32132</distance>
        </extensions>
      </trkpt>
      <trkpt lat="45.96316" lon="6.91039">
        <ele>1170</ele>
        <extensions>
          <distance>32153</distance>
        </extensions>
      </trkpt>
      <trkpt lat="45.96309" lon="6.910155">
        <ele>1170</ele>
        <extensions>
          <distance>32173</distance>
        </extensions>
      </trkpt>
      <trkpt lat="45.96302" lon="6.90992">
        <ele>1170</ele>
        <extensions>
          <distance>32193</distance>
        </extensions>
      </trkpt>
      <trkpt lat="45.96294" lon="6.90981">
        <ele>1170</ele>
        <extensions>
          <distance>32205</distance>
        </extensions>
      </trkpt>
      <trkpt lat="45.96287" lon="6.90972">
        <ele>1170</ele>
        <extensions>
          <distance>32216</distance>
        </extensions>
      </trkpt>
      <trkpt lat="45.96266" lon="6.90952">
        <ele>1169</ele>
        <extensions>
          <distance>32244</distance>
        </extensions>
      </trkpt>
      <trkpt lat="45.962525" lon="6.909314999999999">
        <ele>1169</ele>
        <extensions>
          <distance>32266</distance>
        </extensions>
      </trkpt>
      <trkpt lat="45.96239" lon="6.90911">
        <ele>1168</ele>
        <extensions>
          <distance>32287</distance>
        </extensions>
      </trkpt>
      <trkpt lat="45.96232" lon="6.90908">
        <ele>1168</ele>
        <extensions>
          <distance>32296</distance>
        </extensions>
      </trkpt>
      <trkpt lat="45.96218" lon="6.90907">
        <ele>1167</ele>
        <extensions>
          <distance>32311</distance>
        </extensions>
      </trkpt>
      <trkpt lat="45.96213" lon="6.90905">
        <ele>1166</ele>
        <extensions>
          <distance>32317</distance>
        </extensions>
      </trkpt>
      <trkpt lat="45.96196" lon="6.90892">
        <ele>1165</ele>
        <extensions>
          <distance>32338</distance>
        </extensions>
      </trkpt>
      <trkpt lat="45.96185" lon="6.90882">
        <ele>1165</ele>
        <extensions>
          <distance>32353</distance>
        </extensions>
      </trkpt>
      <trkpt lat="45.96172" lon="6.90857">
        <ele>1165</ele>
        <extensions>
          <distance>32377</distance>
        </extensions>
      </trkpt>
      <trkpt lat="45.96162" lon="6.90842">
        <ele>1164</ele>
        <extensions>
          <distance>32393</distance>
        </extensions>
      </trkpt>
      <trkpt lat="45.96143" lon="6.90821">
        <ele>1163</ele>
        <extensions>
          <distance>32420</distance>
        </extensions>
      </trkpt>
      <trkpt lat="45.96135" lon="6.90806">
        <ele>1162</ele>
        <extensions>
          <distance>32434</distance>
        </extensions>
      </trkpt>
      <trkpt lat="45.96120500000001" lon="6.90787">
        <ele>1162</ele>
        <extensions>
          <distance>32456</distance>
        </extensions>
      </trkpt>
      <trkpt lat="45.96106" lon="6.90768">
        <ele>1159</ele>
        <extensions>
          <distance>32478</distance>
        </extensions>
      </trkpt>
      <trkpt lat="45.96102" lon="6.90764">
        <ele>1158</ele>
        <extensions>
          <distance>32484</distance>
        </extensions>
      </trkpt>
      <trkpt lat="45.9608" lon="6.90757">
        <ele>1153</ele>
        <extensions>
          <distance>32509</distance>
        </extensions>
      </trkpt>
      <trkpt lat="45.96076" lon="6.90754">
        <ele>1153</ele>
        <extensions>
          <distance>32514</distance>
        </extensions>
      </trkpt>
      <trkpt lat="45.96063" lon="6.9074">
        <ele>1151</ele>
        <extensions>
          <distance>32532</distance>
        </extensions>
      </trkpt>
      <trkpt lat="45.9606" lon="6.90735">
        <ele>1151</ele>
        <extensions>
          <distance>32538</distance>
        </extensions>
      </trkpt>
      <trkpt lat="45.9605" lon="6.9071">
        <ele>1149</ele>
        <extensions>
          <distance>32560</distance>
        </extensions>
      </trkpt>
      <trkpt lat="45.96039" lon="6.9069">
        <ele>1147</ele>
        <extensions>
          <distance>32580</distance>
        </extensions>
      </trkpt>
      <trkpt lat="45.9603" lon="6.90678">
        <ele>1146</ele>
        <extensions>
          <distance>32594</distance>
        </extensions>
      </trkpt>
      <trkpt lat="45.96016" lon="6.90666">
        <ele>1145</ele>
        <extensions>
          <distance>32612</distance>
        </extensions>
      </trkpt>
      <trkpt lat="45.9601" lon="6.90659">
        <ele>1145</ele>
        <extensions>
          <distance>32620</distance>
        </extensions>
      </trkpt>
      <trkpt lat="45.96007" lon="6.90652">
        <ele>1145</ele>
        <extensions>
          <distance>32627</distance>
        </extensions>
      </trkpt>
      <trkpt lat="45.96003" lon="6.90633">
        <ele>1145</ele>
        <extensions>
          <distance>32642</distance>
        </extensions>
      </trkpt>
      <trkpt lat="45.96004" lon="6.90615">
        <ele>1145</ele>
        <extensions>
          <distance>32656</distance>
        </extensions>
      </trkpt>
      <trkpt lat="45.96003" lon="6.90594">
        <ele>1145</ele>
        <extensions>
          <distance>32672</distance>
        </extensions>
      </trkpt>
      <trkpt lat="45.95999" lon="6.90574">
        <ele>1145</ele>
        <extensions>
          <distance>32688</distance>
        </extensions>
      </trkpt>
      <trkpt lat="45.95992" lon="6.90554">
        <ele>1145</ele>
        <extensions>
          <distance>32706</distance>
        </extensions>
      </trkpt>
      <trkpt lat="45.95979" lon="6.90537">
        <ele>1142</ele>
        <extensions>
          <distance>32725</distance>
        </extensions>
      </trkpt>
      <trkpt lat="45.9597" lon="6.90521">
        <ele>1142</ele>
        <extensions>
          <distance>32741</distance>
        </extensions>
      </trkpt>
      <trkpt lat="45.95966" lon="6.9051">
        <ele>1142</ele>
        <extensions>
          <distance>32751</distance>
        </extensions>
      </trkpt>
      <trkpt lat="45.9596" lon="6.9048">
        <ele>1142</ele>
        <extensions>
          <distance>32775</distance>
        </extensions>
      </trkpt>
      <trkpt lat="45.95953" lon="6.904515">
        <ele>1142</ele>
        <extensions>
          <distance>32799</distance>
        </extensions>
      </trkpt>
      <trkpt lat="45.95946" lon="6.90423">
        <ele>1141</ele>
        <extensions>
          <distance>32822</distance>
        </extensions>
      </trkpt>
      <trkpt lat="45.95933" lon="6.90397">
        <ele>1138</ele>
        <extensions>
          <distance>32847</distance>
        </extensions>
      </trkpt>
      <trkpt lat="45.959275000000005" lon="6.90376">
        <ele>1138</ele>
        <extensions>
          <distance>32864</distance>
        </extensions>
      </trkpt>
      <trkpt lat="45.95922" lon="6.90355">
        <ele>1138</ele>
        <extensions>
          <distance>32882</distance>
        </extensions>
      </trkpt>
      <trkpt lat="45.95916" lon="6.90338">
        <ele>1138</ele>
        <extensions>
          <distance>32896</distance>
        </extensions>
      </trkpt>
      <trkpt lat="45.95905" lon="6.9032">
        <ele>1140</ele>
        <extensions>
          <distance>32915</distance>
        </extensions>
      </trkpt>
      <trkpt lat="45.95894" lon="6.90305">
        <ele>1140.5</ele>
        <extensions>
          <distance>32932</distance>
        </extensions>
      </trkpt>
      <trkpt lat="45.95883" lon="6.9029">
        <ele>1141</ele>
        <extensions>
          <distance>32949</distance>
        </extensions>
      </trkpt>
      <trkpt lat="45.958704999999995" lon="6.902749999999999">
        <ele>1141</ele>
        <extensions>
          <distance>32967</distance>
        </extensions>
      </trkpt>
      <trkpt lat="45.95858" lon="6.9026">
        <ele>1141</ele>
        <extensions>
          <distance>32985</distance>
        </extensions>
      </trkpt>
      <trkpt lat="45.95846" lon="6.90249">
        <ele>1141</ele>
        <extensions>
          <distance>33001</distance>
        </extensions>
      </trkpt>
      <trkpt lat="45.95826" lon="6.90235">
        <ele>1141</ele>
        <extensions>
          <distance>33026</distance>
        </extensions>
      </trkpt>
      <trkpt lat="45.95807" lon="6.9022">
        <ele>1140</ele>
        <extensions>
          <distance>33050</distance>
        </extensions>
      </trkpt>
      <trkpt lat="45.95801" lon="6.90218">
        <ele>1139</ele>
        <extensions>
          <distance>33057</distance>
        </extensions>
      </trkpt>
      <trkpt lat="45.95789" lon="6.90216">
        <ele>1137</ele>
        <extensions>
          <distance>33070</distance>
        </extensions>
      </trkpt>
      <trkpt lat="45.95784" lon="6.90214">
        <ele>1136</ele>
        <extensions>
          <distance>33076</distance>
        </extensions>
      </trkpt>
      <trkpt lat="45.9578" lon="6.90211">
        <ele>1136</ele>
        <extensions>
          <distance>33081</distance>
        </extensions>
      </trkpt>
      <trkpt lat="45.95771" lon="6.90201">
        <ele>1133</ele>
        <extensions>
          <distance>33094</distance>
        </extensions>
      </trkpt>
      <trkpt lat="45.9576" lon="6.90193">
        <ele>1131</ele>
        <extensions>
          <distance>33108</distance>
        </extensions>
      </trkpt>
      <trkpt lat="45.95756" lon="6.90187">
        <ele>1131</ele>
        <extensions>
          <distance>33114</distance>
        </extensions>
      </trkpt>
      <trkpt lat="45.95753" lon="6.90179">
        <ele>1130</ele>
        <extensions>
          <distance>33121</distance>
        </extensions>
      </trkpt>
      <trkpt lat="45.95749" lon="6.90174">
        <ele>1130</ele>
        <extensions>
          <distance>33127</distance>
        </extensions>
      </trkpt>
      <trkpt lat="45.95744" lon="6.9017">
        <ele>1129</ele>
        <extensions>
          <distance>33133</distance>
        </extensions>
      </trkpt>
      <trkpt lat="45.95734" lon="6.90168">
        <ele>1129</ele>
        <extensions>
          <distance>33145</distance>
        </extensions>
      </trkpt>
      <trkpt lat="45.957185" lon="6.901635">
        <ele>1129</ele>
        <extensions>
          <distance>33162</distance>
        </extensions>
      </trkpt>
      <trkpt lat="45.95703" lon="6.90159">
        <ele>1128</ele>
        <extensions>
          <distance>33180</distance>
        </extensions>
      </trkpt>
      <trkpt lat="45.957" lon="6.90157">
        <ele>1128</ele>
        <extensions>
          <distance>33183</distance>
        </extensions>
      </trkpt>
      <trkpt lat="45.9569" lon="6.90144">
        <ele>1127</ele>
        <extensions>
          <distance>33199</distance>
        </extensions>
      </trkpt>
      <trkpt lat="45.95681" lon="6.90139">
        <ele>1127</ele>
        <extensions>
          <distance>33209</distance>
        </extensions>
      </trkpt>
      <trkpt lat="45.9567" lon="6.90139">
        <ele>1127</ele>
        <extensions>
          <distance>33222</distance>
        </extensions>
      </trkpt>
      <trkpt lat="45.95664" lon="6.90133">
        <ele>1127</ele>
        <extensions>
          <distance>33230</distance>
        </extensions>
      </trkpt>
      <trkpt lat="45.95662" lon="6.90129">
        <ele>1127</ele>
        <extensions>
          <distance>33233</distance>
        </extensions>
      </trkpt>
      <trkpt lat="45.95658" lon="6.90126">
        <ele>1127</ele>
        <extensions>
          <distance>33238</distance>
        </extensions>
      </trkpt>
      <trkpt lat="45.95654" lon="6.90124">
        <ele>1127</ele>
        <extensions>
          <distance>33243</distance>
        </extensions>
      </trkpt>
      <trkpt lat="45.95639" lon="6.90121">
        <ele>1126</ele>
        <extensions>
          <distance>33260</distance>
        </extensions>
      </trkpt>
      <trkpt lat="45.9563" lon="6.90115">
        <ele>1125</ele>
        <extensions>
          <distance>33271</distance>
        </extensions>
      </trkpt>
      <trkpt lat="45.95617" lon="6.9011">
        <ele>1124</ele>
        <extensions>
          <distance>33286</distance>
        </extensions>
      </trkpt>
      <trkpt lat="45.95614" lon="6.90108">
        <ele>1123</ele>
        <extensions>
          <distance>33290</distance>
        </extensions>
      </trkpt>
      <trkpt lat="45.95608" lon="6.90092">
        <ele>1122</ele>
        <extensions>
          <distance>33304</distance>
        </extensions>
      </trkpt>
      <trkpt lat="45.95603" lon="6.90082">
        <ele>1122</ele>
        <extensions>
          <distance>33313</distance>
        </extensions>
      </trkpt>
      <trkpt lat="45.95602" lon="6.90082">
        <ele>1121</ele>
        <extensions>
          <distance>33315</distance>
        </extensions>
      </trkpt>
      <trkpt lat="45.95603" lon="6.90094">
        <ele>1121</ele>
        <extensions>
          <distance>33324</distance>
        </extensions>
      </trkpt>
      <trkpt lat="45.95602" lon="6.90099">
        <ele>1120</ele>
        <extensions>
          <distance>33328</distance>
        </extensions>
      </trkpt>
      <trkpt lat="45.956" lon="6.90102">
        <ele>1120</ele>
        <extensions>
          <distance>33331</distance>
        </extensions>
      </trkpt>
      <trkpt lat="45.95597" lon="6.90102">
        <ele>1120</ele>
        <extensions>
          <distance>33335</distance>
        </extensions>
      </trkpt>
      <trkpt lat="45.95592" lon="6.90094">
        <ele>1119</ele>
        <extensions>
          <distance>33343</distance>
        </extensions>
      </trkpt>
      <trkpt lat="45.95586" lon="6.90088">
        <ele>1118</ele>
        <extensions>
          <distance>33351</distance>
        </extensions>
      </trkpt>
      <trkpt lat="45.9557" lon="6.90077">
        <ele>1115</ele>
        <extensions>
          <distance>33371</distance>
        </extensions>
      </trkpt>
      <trkpt lat="45.95561" lon="6.90068">
        <ele>1112</ele>
        <extensions>
          <distance>33384</distance>
        </extensions>
      </trkpt>
      <trkpt lat="45.95548" lon="6.90059">
        <ele>1108</ele>
        <extensions>
          <distance>33400</distance>
        </extensions>
      </trkpt>
      <trkpt lat="45.95545" lon="6.90054">
        <ele>1106</ele>
        <extensions>
          <distance>33405</distance>
        </extensions>
      </trkpt>
      <trkpt lat="45.95537" lon="6.90045">
        <ele>1105</ele>
        <extensions>
          <distance>33417</distance>
        </extensions>
      </trkpt>
      <trkpt lat="45.95527" lon="6.90012">
        <ele>1098</ele>
        <extensions>
          <distance>33446</distance>
        </extensions>
      </trkpt>
      <trkpt lat="45.95524" lon="6.90007">
        <ele>1097</ele>
        <extensions>
          <distance>33451</distance>
        </extensions>
      </trkpt>
      <trkpt lat="45.95508" lon="6.89999">
        <ele>1095</ele>
        <extensions>
          <distance>33470</distance>
        </extensions>
      </trkpt>
      <trkpt lat="45.95506" lon="6.8999">
        <ele>1095</ele>
        <extensions>
          <distance>33477</distance>
        </extensions>
      </trkpt>
      <trkpt lat="45.95496" lon="6.89972">
        <ele>1094</ele>
        <extensions>
          <distance>33495</distance>
        </extensions>
      </trkpt>
      <trkpt lat="45.95483" lon="6.89953">
        <ele>1093</ele>
        <extensions>
          <distance>33516</distance>
        </extensions>
      </trkpt>
      <trkpt lat="45.9547" lon="6.89934">
        <ele>1093</ele>
        <extensions>
          <distance>33536</distance>
        </extensions>
      </trkpt>
      <trkpt lat="45.9545" lon="6.89916">
        <ele>1091</ele>
        <extensions>
          <distance>33563</distance>
        </extensions>
      </trkpt>
      <trkpt lat="45.95438250000001" lon="6.89904">
        <ele>1090.5</ele>
        <extensions>
          <distance>33579</distance>
        </extensions>
      </trkpt>
      <trkpt lat="45.95426500000001" lon="6.89892">
        <ele>1090</ele>
        <extensions>
          <distance>33595</distance>
        </extensions>
      </trkpt>
      <trkpt lat="45.954147500000005" lon="6.8988">
        <ele>1089.5</ele>
        <extensions>
          <distance>33611</distance>
        </extensions>
      </trkpt>
      <trkpt lat="45.95403" lon="6.89868">
        <ele>1089</ele>
        <extensions>
          <distance>33627</distance>
        </extensions>
      </trkpt>
      <trkpt lat="45.95385" lon="6.898505">
        <ele>1088.5</ele>
        <extensions>
          <distance>33651</distance>
        </extensions>
      </trkpt>
      <trkpt lat="45.95367" lon="6.89833">
        <ele>1088</ele>
        <extensions>
          <distance>33675</distance>
        </extensions>
      </trkpt>
      <trkpt lat="45.953435" lon="6.898149999999999">
        <ele>1088</ele>
        <extensions>
          <distance>33705</distance>
        </extensions>
      </trkpt>
      <trkpt lat="45.9532" lon="6.89797">
        <ele>1088</ele>
        <extensions>
          <distance>33734</distance>
        </extensions>
      </trkpt>
      <trkpt lat="45.95309" lon="6.89785">
        <ele>1087.5</ele>
        <extensions>
          <distance>33750</distance>
        </extensions>
      </trkpt>
      <trkpt lat="45.95298" lon="6.89773">
        <ele>1087.5</ele>
        <extensions>
          <distance>33765</distance>
        </extensions>
      </trkpt>
      <trkpt lat="45.95287999999999" lon="6.897565">
        <ele>1087</ele>
        <extensions>
          <distance>33782</distance>
        </extensions>
      </trkpt>
      <trkpt lat="45.95278" lon="6.8974">
        <ele>1086</ele>
        <extensions>
          <distance>33799</distance>
        </extensions>
      </trkpt>
      <trkpt lat="45.95267" lon="6.89715">
        <ele>1085</ele>
        <extensions>
          <distance>33822</distance>
        </extensions>
      </trkpt>
      <trkpt lat="45.95259" lon="6.89687">
        <ele>1085</ele>
        <extensions>
          <distance>33845</distance>
        </extensions>
      </trkpt>
      <trkpt lat="45.95253" lon="6.89659">
        <ele>1085</ele>
        <extensions>
          <distance>33868</distance>
        </extensions>
      </trkpt>
      <trkpt lat="45.95251" lon="6.89654">
        <ele>1085</ele>
        <extensions>
          <distance>33873</distance>
        </extensions>
      </trkpt>
      <trkpt lat="45.9524" lon="6.8964">
        <ele>1085</ele>
        <extensions>
          <distance>33889</distance>
        </extensions>
      </trkpt>
      <trkpt lat="45.9523" lon="6.89625">
        <ele>1085</ele>
        <extensions>
          <distance>33905</distance>
        </extensions>
      </trkpt>
      <trkpt lat="45.95227" lon="6.89623">
        <ele>1085</ele>
        <extensions>
          <distance>33909</distance>
        </extensions>
      </trkpt>
      <trkpt lat="45.95225" lon="6.89624">
        <ele>1085</ele>
        <extensions>
          <distance>33911</distance>
        </extensions>
      </trkpt>
      <trkpt lat="45.9522" lon="6.89618">
        <ele>1085</ele>
        <extensions>
          <distance>33918</distance>
        </extensions>
      </trkpt>
      <trkpt lat="45.95213" lon="6.89605">
        <ele>1085</ele>
        <extensions>
          <distance>33931</distance>
        </extensions>
      </trkpt>
      <trkpt lat="45.95207" lon="6.895849999999999">
        <ele>1086.5</ele>
        <extensions>
          <distance>33948</distance>
        </extensions>
      </trkpt>
      <trkpt lat="45.95201" lon="6.89565">
        <ele>1089</ele>
        <extensions>
          <distance>33965</distance>
        </extensions>
      </trkpt>
      <trkpt lat="45.95197" lon="6.8955">
        <ele>1090</ele>
        <extensions>
          <distance>33977</distance>
        </extensions>
      </trkpt>
      <trkpt lat="45.9519375" lon="6.89531">
        <ele>1094.75</ele>
        <extensions>
          <distance>33993</distance>
        </extensions>
      </trkpt>
      <trkpt lat="45.951905" lon="6.89512">
        <ele>1099.5</ele>
        <extensions>
          <distance>34009</distance>
        </extensions>
      </trkpt>
      <trkpt lat="45.95187249999999" lon="6.8949300000000004">
        <ele>1104.25</ele>
        <extensions>
          <distance>34025</distance>
        </extensions>
      </trkpt>
      <trkpt lat="45.95184" lon="6.89474">
        <ele>1109</ele>
        <extensions>
          <distance>34041</distance>
        </extensions>
      </trkpt>
      <trkpt lat="45.951775" lon="6.894495">
        <ele>1110</ele>
        <extensions>
          <distance>34061</distance>
        </extensions>
      </trkpt>
      <trkpt lat="45.95171" lon="6.89425">
        <ele>1111</ele>
        <extensions>
          <distance>34081</distance>
        </extensions>
      </trkpt>
      <trkpt lat="45.95169" lon="6.89392">
        <ele>1115</ele>
        <extensions>
          <distance>34107</distance>
        </extensions>
      </trkpt>
      <trkpt lat="45.95167" lon="6.89381">
        <ele>1116</ele>
        <extensions>
          <distance>34116</distance>
        </extensions>
      </trkpt>
      <trkpt lat="45.95167" lon="6.89366">
        <ele>1120</ele>
        <extensions>
          <distance>34128</distance>
        </extensions>
      </trkpt>
      <trkpt lat="45.95162" lon="6.89338">
        <ele>1120</ele>
        <extensions>
          <distance>34151</distance>
        </extensions>
      </trkpt>
      <trkpt lat="45.95155" lon="6.89316">
        <ele>1122</ele>
        <extensions>
          <distance>34169</distance>
        </extensions>
      </trkpt>
      <trkpt lat="45.951515" lon="6.892935">
        <ele>1124</ele>
        <extensions>
          <distance>34187</distance>
        </extensions>
      </trkpt>
      <trkpt lat="45.95148" lon="6.89271">
        <ele>1128</ele>
        <extensions>
          <distance>34206</distance>
        </extensions>
      </trkpt>
      <trkpt lat="45.95143" lon="6.8925149999999995">
        <ele>1129.5</ele>
        <extensions>
          <distance>34222</distance>
        </extensions>
      </trkpt>
      <trkpt lat="45.95138" lon="6.89232">
        <ele>1131</ele>
        <extensions>
          <distance>34238</distance>
        </extensions>
      </trkpt>
      <trkpt lat="45.95133" lon="6.8920924999999995">
        <ele>1134.25</ele>
        <extensions>
          <distance>34257</distance>
        </extensions>
      </trkpt>
      <trkpt lat="45.95128" lon="6.891864999999999">
        <ele>1137.5</ele>
        <extensions>
          <distance>34276</distance>
        </extensions>
      </trkpt>
      <trkpt lat="45.951229999999995" lon="6.8916375">
        <ele>1140.75</ele>
        <extensions>
          <distance>34294</distance>
        </extensions>
      </trkpt>
      <trkpt lat="45.95118" lon="6.89141">
        <ele>1144</ele>
        <extensions>
          <distance>34313</distance>
        </extensions>
      </trkpt>
      <trkpt lat="45.95112" lon="6.891215">
        <ele>1144</ele>
        <extensions>
          <distance>34330</distance>
        </extensions>
      </trkpt>
      <trkpt lat="45.95106" lon="6.89102">
        <ele>1144</ele>
        <extensions>
          <distance>34346</distance>
        </extensions>
      </trkpt>
      <trkpt lat="45.95104" lon="6.8909">
        <ele>1144.5</ele>
        <extensions>
          <distance>34356</distance>
        </extensions>
      </trkpt>
      <trkpt lat="45.95096" lon="6.89078">
        <ele>1145</ele>
        <extensions>
          <distance>34369</distance>
        </extensions>
      </trkpt>
      <trkpt lat="45.95091" lon="6.89065">
        <ele>1145</ele>
        <extensions>
          <distance>34380</distance>
        </extensions>
      </trkpt>
      <trkpt lat="45.95088" lon="6.89048">
        <ele>1146</ele>
        <extensions>
          <distance>34394</distance>
        </extensions>
      </trkpt>
      <trkpt lat="45.95086" lon="6.89043">
        <ele>1147</ele>
        <extensions>
          <distance>34398</distance>
        </extensions>
      </trkpt>
      <trkpt lat="45.9507" lon="6.89017">
        <ele>1149</ele>
        <extensions>
          <distance>34425</distance>
        </extensions>
      </trkpt>
      <trkpt lat="45.95065" lon="6.89001">
        <ele>1150</ele>
        <extensions>
          <distance>34439</distance>
        </extensions>
      </trkpt>
      <trkpt lat="45.95053" lon="6.88973">
        <ele>1153</ele>
        <extensions>
          <distance>34465</distance>
        </extensions>
      </trkpt>
      <trkpt lat="45.95044" lon="6.889585">
        <ele>1154</ele>
        <extensions>
          <distance>34480</distance>
        </extensions>
      </trkpt>
      <trkpt lat="45.95035" lon="6.88944">
        <ele>1155</ele>
        <extensions>
          <distance>34495</distance>
        </extensions>
      </trkpt>
      <trkpt lat="45.95024" lon="6.88924">
        <ele>1160</ele>
        <extensions>
          <distance>34515</distance>
        </extensions>
      </trkpt>
      <trkpt lat="45.95014" lon="6.88898">
        <ele>1161</ele>
        <extensions>
          <distance>34538</distance>
        </extensions>
      </trkpt>
      <trkpt lat="45.95008" lon="6.88889">
        <ele>1161</ele>
        <extensions>
          <distance>34548</distance>
        </extensions>
      </trkpt>
      <trkpt lat="45.95001" lon="6.888695">
        <ele>1161</ele>
        <extensions>
          <distance>34565</distance>
        </extensions>
      </trkpt>
      <trkpt lat="45.94994" lon="6.8885">
        <ele>1161</ele>
        <extensions>
          <distance>34582</distance>
        </extensions>
      </trkpt>
      <trkpt lat="45.94987" lon="6.88837">
        <ele>1161</ele>
        <extensions>
          <distance>34594</distance>
        </extensions>
      </trkpt>
      <trkpt lat="45.94974" lon="6.88807">
        <ele>1161</ele>
        <extensions>
          <distance>34622</distance>
        </extensions>
      </trkpt>
      <trkpt lat="45.94968" lon="6.88789">
        <ele>1161</ele>
        <extensions>
          <distance>34637</distance>
        </extensions>
      </trkpt>
      <trkpt lat="45.94963" lon="6.8877">
        <ele>1162</ele>
        <extensions>
          <distance>34653</distance>
        </extensions>
      </trkpt>
      <trkpt lat="45.94958" lon="6.88751">
        <ele>1163</ele>
        <extensions>
          <distance>34669</distance>
        </extensions>
      </trkpt>
      <trkpt lat="45.94955" lon="6.88736">
        <ele>1166</ele>
        <extensions>
          <distance>34681</distance>
        </extensions>
      </trkpt>
      <trkpt lat="45.94953" lon="6.88718">
        <ele>1168</ele>
        <extensions>
          <distance>34695</distance>
        </extensions>
      </trkpt>
      <trkpt lat="45.94954" lon="6.88709">
        <ele>1169</ele>
        <extensions>
          <distance>34703</distance>
        </extensions>
      </trkpt>
      <trkpt lat="45.94951" lon="6.88697">
        <ele>1170</ele>
        <extensions>
          <distance>34712</distance>
        </extensions>
      </trkpt>
      <trkpt lat="45.949405" lon="6.886825">
        <ele>1171</ele>
        <extensions>
          <distance>34729</distance>
        </extensions>
      </trkpt>
      <trkpt lat="45.9493" lon="6.88668">
        <ele>1173</ele>
        <extensions>
          <distance>34745</distance>
        </extensions>
      </trkpt>
      <trkpt lat="45.94917" lon="6.8864">
        <ele>1174</ele>
        <extensions>
          <distance>34771</distance>
        </extensions>
      </trkpt>
      <trkpt lat="45.94911" lon="6.88622">
        <ele>1176</ele>
        <extensions>
          <distance>34787</distance>
        </extensions>
      </trkpt>
      <trkpt lat="45.94903" lon="6.88611">
        <ele>1178</ele>
        <extensions>
          <distance>34799</distance>
        </extensions>
      </trkpt>
      <trkpt lat="45.94887" lon="6.88596">
        <ele>1179</ele>
        <extensions>
          <distance>34820</distance>
        </extensions>
      </trkpt>
      <trkpt lat="45.94874" lon="6.88572">
        <ele>1182.5</ele>
        <extensions>
          <distance>34844</distance>
        </extensions>
      </trkpt>
      <trkpt lat="45.94861" lon="6.88548">
        <ele>1187</ele>
        <extensions>
          <distance>34868</distance>
        </extensions>
      </trkpt>
      <trkpt lat="45.94853" lon="6.88541">
        <ele>1189</ele>
        <extensions>
          <distance>34879</distance>
        </extensions>
      </trkpt>
      <trkpt lat="45.94845" lon="6.88524">
        <ele>1190</ele>
        <extensions>
          <distance>34895</distance>
        </extensions>
      </trkpt>
      <trkpt lat="45.9483" lon="6.88497">
        <ele>1190.5</ele>
        <extensions>
          <distance>34921</distance>
        </extensions>
      </trkpt>
      <trkpt lat="45.94815" lon="6.884735">
        <ele>1191</ele>
        <extensions>
          <distance>34946</distance>
        </extensions>
      </trkpt>
      <trkpt lat="45.948" lon="6.8845">
        <ele>1191</ele>
        <extensions>
          <distance>34971</distance>
        </extensions>
      </trkpt>
      <trkpt lat="45.94792" lon="6.88434">
        <ele>1191</ele>
        <extensions>
          <distance>34986</distance>
        </extensions>
      </trkpt>
      <trkpt lat="45.94785" lon="6.88417">
        <ele>1191</ele>
        <extensions>
          <distance>35001</distance>
        </extensions>
      </trkpt>
      <trkpt lat="45.94778" lon="6.88393">
        <ele>1192</ele>
        <extensions>
          <distance>35022</distance>
        </extensions>
      </trkpt>
      <trkpt lat="45.94765" lon="6.8837">
        <ele>1192</ele>
        <extensions>
          <distance>35045</distance>
        </extensions>
      </trkpt>
      <trkpt lat="45.94753" lon="6.88346">
        <ele>1192</ele>
        <extensions>
          <distance>35067</distance>
        </extensions>
      </trkpt>
      <trkpt lat="45.94747" lon="6.88322">
        <ele>1192</ele>
        <extensions>
          <distance>35087</distance>
        </extensions>
      </trkpt>
      <trkpt lat="45.94744" lon="6.88315">
        <ele>1191</ele>
        <extensions>
          <distance>35094</distance>
        </extensions>
      </trkpt>
      <trkpt lat="45.94735" lon="6.88301">
        <ele>1190</ele>
        <extensions>
          <distance>35108</distance>
        </extensions>
      </trkpt>
      <trkpt lat="45.94733" lon="6.88291">
        <ele>1189</ele>
        <extensions>
          <distance>35116</distance>
        </extensions>
      </trkpt>
      <trkpt lat="45.947235" lon="6.88274">
        <ele>1187.5</ele>
        <extensions>
          <distance>35133</distance>
        </extensions>
      </trkpt>
      <trkpt lat="45.94714" lon="6.88257">
        <ele>1187.5</ele>
        <extensions>
          <distance>35150</distance>
        </extensions>
      </trkpt>
      <trkpt lat="45.94704" lon="6.88235">
        <ele>1187</ele>
        <extensions>
          <distance>35171</distance>
        </extensions>
      </trkpt>
      <trkpt lat="45.946945" lon="6.882194999999999">
        <ele>1187</ele>
        <extensions>
          <distance>35187</distance>
        </extensions>
      </trkpt>
      <trkpt lat="45.94685" lon="6.88204">
        <ele>1187.5</ele>
        <extensions>
          <distance>35203</distance>
        </extensions>
      </trkpt>
      <trkpt lat="45.94668" lon="6.8818">
        <ele>1188</ele>
        <extensions>
          <distance>35229</distance>
        </extensions>
      </trkpt>
      <trkpt lat="45.94656" lon="6.88157">
        <ele>1190</ele>
        <extensions>
          <distance>35251</distance>
        </extensions>
      </trkpt>
      <trkpt lat="45.94653" lon="6.88153">
        <ele>1190</ele>
        <extensions>
          <distance>35256</distance>
        </extensions>
      </trkpt>
      <trkpt lat="45.94641" lon="6.88143">
        <ele>1191</ele>
        <extensions>
          <distance>35271</distance>
        </extensions>
      </trkpt>
      <trkpt lat="45.94629" lon="6.88133">
        <ele>1192</ele>
        <extensions>
          <distance>35287</distance>
        </extensions>
      </trkpt>
      <trkpt lat="45.94619" lon="6.88121">
        <ele>1192</ele>
        <extensions>
          <distance>35301</distance>
        </extensions>
      </trkpt>
      <trkpt lat="45.94607" lon="6.88108">
        <ele>1192</ele>
        <extensions>
          <distance>35318</distance>
        </extensions>
      </trkpt>
      <trkpt lat="45.94598" lon="6.881">
        <ele>1192</ele>
        <extensions>
          <distance>35330</distance>
        </extensions>
      </trkpt>
      <trkpt lat="45.945865" lon="6.88087">
        <ele>1192</ele>
        <extensions>
          <distance>35346</distance>
        </extensions>
      </trkpt>
      <trkpt lat="45.94575" lon="6.88074">
        <ele>1192</ele>
        <extensions>
          <distance>35362</distance>
        </extensions>
      </trkpt>
      <trkpt lat="45.9456" lon="6.88049">
        <ele>1192</ele>
        <extensions>
          <distance>35388</distance>
        </extensions>
      </trkpt>
      <trkpt lat="45.94552" lon="6.8802900000000005">
        <ele>1192</ele>
        <extensions>
          <distance>35406</distance>
        </extensions>
      </trkpt>
      <trkpt lat="45.94544" lon="6.88009">
        <ele>1192</ele>
        <extensions>
          <distance>35424</distance>
        </extensions>
      </trkpt>
      <trkpt lat="45.94536" lon="6.87995">
        <ele>1192</ele>
        <extensions>
          <distance>35438</distance>
        </extensions>
      </trkpt>
      <trkpt lat="45.94528" lon="6.87988">
        <ele>1192</ele>
        <extensions>
          <distance>35448</distance>
        </extensions>
      </trkpt>
      <trkpt lat="45.94518" lon="6.87982">
        <ele>1193</ele>
        <extensions>
          <distance>35460</distance>
        </extensions>
      </trkpt>
      <trkpt lat="45.94509" lon="6.8797">
        <ele>1193</ele>
        <extensions>
          <distance>35474</distance>
        </extensions>
      </trkpt>
      <trkpt lat="45.94506" lon="6.87964">
        <ele>1193</ele>
        <extensions>
          <distance>35480</distance>
        </extensions>
      </trkpt>
      <trkpt lat="45.94502" lon="6.87949">
        <ele>1190</ele>
        <extensions>
          <distance>35492</distance>
        </extensions>
      </trkpt>
      <trkpt lat="45.94497" lon="6.87938">
        <ele>1190</ele>
        <extensions>
          <distance>35502</distance>
        </extensions>
      </trkpt>
      <trkpt lat="45.94491" lon="6.87932">
        <ele>1190</ele>
        <extensions>
          <distance>35511</distance>
        </extensions>
      </trkpt>
      <trkpt lat="45.94474" lon="6.87925">
        <ele>1190</ele>
        <extensions>
          <distance>35530</distance>
        </extensions>
      </trkpt>
      <trkpt lat="45.94469" lon="6.87922">
        <ele>1190</ele>
        <extensions>
          <distance>35536</distance>
        </extensions>
      </trkpt>
      <trkpt lat="45.94461" lon="6.87914">
        <ele>1188</ele>
        <extensions>
          <distance>35547</distance>
        </extensions>
      </trkpt>
      <trkpt lat="45.94455" lon="6.87915">
        <ele>1187</ele>
        <extensions>
          <distance>35554</distance>
        </extensions>
      </trkpt>
      <trkpt lat="45.94452" lon="6.87914">
        <ele>1187</ele>
        <extensions>
          <distance>35557</distance>
        </extensions>
      </trkpt>
      <trkpt lat="45.94447" lon="6.8791">
        <ele>1187</ele>
        <extensions>
          <distance>35564</distance>
        </extensions>
      </trkpt>
      <trkpt lat="45.94438" lon="6.87896">
        <ele>1187</ele>
        <extensions>
          <distance>35578</distance>
        </extensions>
      </trkpt>
      <trkpt lat="45.94435" lon="6.87887">
        <ele>1187</ele>
        <extensions>
          <distance>35586</distance>
        </extensions>
      </trkpt>
      <trkpt lat="45.94424" lon="6.87873">
        <ele>1187</ele>
        <extensions>
          <distance>35602</distance>
        </extensions>
      </trkpt>
      <trkpt lat="45.9442" lon="6.8787">
        <ele>1188.5</ele>
        <extensions>
          <distance>35607</distance>
        </extensions>
      </trkpt>
      <trkpt lat="45.94409" lon="6.87866">
        <ele>1188.5</ele>
        <extensions>
          <distance>35620</distance>
        </extensions>
      </trkpt>
      <trkpt lat="45.94394" lon="6.87853">
        <ele>1188.5</ele>
        <extensions>
          <distance>35640</distance>
        </extensions>
      </trkpt>
      <trkpt lat="45.943725" lon="6.878399999999999">
        <ele>1188.5</ele>
        <extensions>
          <distance>35666</distance>
        </extensions>
      </trkpt>
      <trkpt lat="45.94351" lon="6.87827">
        <ele>1188.5</ele>
        <extensions>
          <distance>35691</distance>
        </extensions>
      </trkpt>
      <trkpt lat="45.94348" lon="6.87824">
        <ele>1188.5</ele>
        <extensions>
          <distance>35696</distance>
        </extensions>
      </trkpt>
      <trkpt lat="45.94346" lon="6.87819">
        <ele>1188</ele>
        <extensions>
          <distance>35700</distance>
        </extensions>
      </trkpt>
      <trkpt lat="45.94343" lon="6.87815">
        <ele>1188</ele>
        <extensions>
          <distance>35705</distance>
        </extensions>
      </trkpt>
      <trkpt lat="45.94335" lon="6.87811">
        <ele>1188</ele>
        <extensions>
          <distance>35714</distance>
        </extensions>
      </trkpt>
      <trkpt lat="45.94325" lon="6.87801">
        <ele>1188</ele>
        <extensions>
          <distance>35728</distance>
        </extensions>
      </trkpt>
      <trkpt lat="45.94318" lon="6.87791">
        <ele>1188</ele>
        <extensions>
          <distance>35738</distance>
        </extensions>
      </trkpt>
      <trkpt lat="45.94309" lon="6.87782">
        <ele>1188</ele>
        <extensions>
          <distance>35751</distance>
        </extensions>
      </trkpt>
      <trkpt lat="45.94292" lon="6.87755">
        <ele>1187</ele>
        <extensions>
          <distance>35779</distance>
        </extensions>
      </trkpt>
      <trkpt lat="45.94277" lon="6.87727">
        <ele>1187</ele>
        <extensions>
          <distance>35806</distance>
        </extensions>
      </trkpt>
      <trkpt lat="45.94272" lon="6.8772">
        <ele>1187</ele>
        <extensions>
          <distance>35814</distance>
        </extensions>
      </trkpt>
      <trkpt lat="45.94265" lon="6.87713">
        <ele>1187</ele>
        <extensions>
          <distance>35824</distance>
        </extensions>
      </trkpt>
      <trkpt lat="45.942499999999995" lon="6.8769">
        <ele>1187</ele>
        <extensions>
          <distance>35848</distance>
        </extensions>
      </trkpt>
      <trkpt lat="45.94235" lon="6.87667">
        <ele>1187</ele>
        <extensions>
          <distance>35872</distance>
        </extensions>
      </trkpt>
      <trkpt lat="45.942225" lon="6.876519999999999">
        <ele>1188.5</ele>
        <extensions>
          <distance>35890</distance>
        </extensions>
      </trkpt>
      <trkpt lat="45.9421" lon="6.87637">
        <ele>1190</ele>
        <extensions>
          <distance>35909</distance>
        </extensions>
      </trkpt>
      <trkpt lat="45.94206" lon="6.8763">
        <ele>1191</ele>
        <extensions>
          <distance>35916</distance>
        </extensions>
      </trkpt>
      <trkpt lat="45.94201" lon="6.87616">
        <ele>1195</ele>
        <extensions>
          <distance>35928</distance>
        </extensions>
      </trkpt>
      <trkpt lat="45.94191" lon="6.876025">
        <ele>1196.5</ele>
        <extensions>
          <distance>35944</distance>
        </extensions>
      </trkpt>
      <trkpt lat="45.94181" lon="6.87589">
        <ele>1197</ele>
        <extensions>
          <distance>35959</distance>
        </extensions>
      </trkpt>
      <trkpt lat="45.94167" lon="6.87572">
        <ele>1197</ele>
        <extensions>
          <distance>35979</distance>
        </extensions>
      </trkpt>
      <trkpt lat="45.94163" lon="6.87569">
        <ele>1197</ele>
        <extensions>
          <distance>35984</distance>
        </extensions>
      </trkpt>
      <trkpt lat="45.94152" lon="6.87565">
        <ele>1197</ele>
        <extensions>
          <distance>35997</distance>
        </extensions>
      </trkpt>
      <trkpt lat="45.941365" lon="6.87552">
        <ele>1197</ele>
        <extensions>
          <distance>36017</distance>
        </extensions>
      </trkpt>
      <trkpt lat="45.94121" lon="6.87539">
        <ele>1197</ele>
        <extensions>
          <distance>36037</distance>
        </extensions>
      </trkpt>
      <trkpt lat="45.94116" lon="6.87533">
        <ele>1197</ele>
        <extensions>
          <distance>36044</distance>
        </extensions>
      </trkpt>
      <trkpt lat="45.94106" lon="6.87516">
        <ele>1197</ele>
        <extensions>
          <distance>36061</distance>
        </extensions>
      </trkpt>
      <trkpt lat="45.94095" lon="6.875">
        <ele>1199</ele>
        <extensions>
          <distance>36079</distance>
        </extensions>
      </trkpt>
      <trkpt lat="45.94085" lon="6.87482">
        <ele>1201</ele>
        <extensions>
          <distance>36097</distance>
        </extensions>
      </trkpt>
      <trkpt lat="45.940715" lon="6.87465">
        <ele>1201</ele>
        <extensions>
          <distance>36117</distance>
        </extensions>
      </trkpt>
      <trkpt lat="45.94058" lon="6.87448">
        <ele>1201</ele>
        <extensions>
          <distance>36137</distance>
        </extensions>
      </trkpt>
      <trkpt lat="45.94051" lon="6.87436">
        <ele>1201</ele>
        <extensions>
          <distance>36149</distance>
        </extensions>
      </trkpt>
      <trkpt lat="45.94039" lon="6.87426">
        <ele>1198</ele>
        <extensions>
          <distance>36164</distance>
        </extensions>
      </trkpt>
      <trkpt lat="45.94025" lon="6.874195">
        <ele>1197</ele>
        <extensions>
          <distance>36181</distance>
        </extensions>
      </trkpt>
      <trkpt lat="45.94011" lon="6.87413">
        <ele>1197</ele>
        <extensions>
          <distance>36197</distance>
        </extensions>
      </trkpt>
      <trkpt lat="45.94" lon="6.87404">
        <ele>1196</ele>
        <extensions>
          <distance>36211</distance>
        </extensions>
      </trkpt>
      <trkpt lat="45.93993" lon="6.87395">
        <ele>1194</ele>
        <extensions>
          <distance>36222</distance>
        </extensions>
      </trkpt>
      <trkpt lat="45.93978" lon="6.87379">
        <ele>1194</ele>
        <extensions>
          <distance>36242</distance>
        </extensions>
      </trkpt>
      <trkpt lat="45.93966" lon="6.87364">
        <ele>1193.5</ele>
        <extensions>
          <distance>36260</distance>
        </extensions>
      </trkpt>
      <trkpt lat="45.939555" lon="6.87348">
        <ele>1193.5</ele>
        <extensions>
          <distance>36277</distance>
        </extensions>
      </trkpt>
      <trkpt lat="45.93945" lon="6.87332">
        <ele>1193.5</ele>
        <extensions>
          <distance>36294</distance>
        </extensions>
      </trkpt>
      <trkpt lat="45.93931" lon="6.87316">
        <ele>1193</ele>
        <extensions>
          <distance>36314</distance>
        </extensions>
      </trkpt>
      <trkpt lat="45.93915" lon="6.872915000000001">
        <ele>1192.5</ele>
        <extensions>
          <distance>36340</distance>
        </extensions>
      </trkpt>
      <trkpt lat="45.93899" lon="6.87267">
        <ele>1191</ele>
        <extensions>
          <distance>36366</distance>
        </extensions>
      </trkpt>
      <trkpt lat="45.93894" lon="6.87261">
        <ele>1190</ele>
        <extensions>
          <distance>36373</distance>
        </extensions>
      </trkpt>
      <trkpt lat="45.93882" lon="6.872515">
        <ele>1190</ele>
        <extensions>
          <distance>36389</distance>
        </extensions>
      </trkpt>
      <trkpt lat="45.9387" lon="6.87242">
        <ele>1190</ele>
        <extensions>
          <distance>36404</distance>
        </extensions>
      </trkpt>
      <trkpt lat="45.93854" lon="6.87223">
        <ele>1190</ele>
        <extensions>
          <distance>36427</distance>
        </extensions>
      </trkpt>
      <trkpt lat="45.93848" lon="6.87214">
        <ele>1188.5</ele>
        <extensions>
          <distance>36437</distance>
        </extensions>
      </trkpt>
      <trkpt lat="45.93834" lon="6.87201">
        <ele>1188</ele>
        <extensions>
          <distance>36455</distance>
        </extensions>
      </trkpt>
      <trkpt lat="45.93813" lon="6.87195">
        <ele>1188</ele>
        <extensions>
          <distance>36479</distance>
        </extensions>
      </trkpt>
      <trkpt lat="45.93795" lon="6.87187">
        <ele>1187</ele>
        <extensions>
          <distance>36500</distance>
        </extensions>
      </trkpt>
      <trkpt lat="45.93789" lon="6.87186">
        <ele>1186</ele>
        <extensions>
          <distance>36507</distance>
        </extensions>
      </trkpt>
      <trkpt lat="45.93782" lon="6.87188">
        <ele>1185</ele>
        <extensions>
          <distance>36515</distance>
        </extensions>
      </trkpt>
      <trkpt lat="45.93768" lon="6.87197">
        <ele>1181</ele>
        <extensions>
          <distance>36532</distance>
        </extensions>
      </trkpt>
      <trkpt lat="45.93754" lon="6.87206">
        <ele>1177</ele>
        <extensions>
          <distance>36550</distance>
        </extensions>
      </trkpt>
      <trkpt lat="45.937585" lon="6.872255">
        <ele>1171</ele>
        <extensions>
          <distance>36567</distance>
        </extensions>
      </trkpt>
      <trkpt lat="45.93763" lon="6.87245">
        <ele>1165</ele>
        <extensions>
          <distance>36584</distance>
        </extensions>
      </trkpt>
      <trkpt lat="45.93764" lon="6.87257">
        <ele>1161</ele>
        <extensions>
          <distance>36594</distance>
        </extensions>
      </trkpt>
      <trkpt lat="45.9376" lon="6.87261">
        <ele>1160</ele>
        <extensions>
          <distance>36599</distance>
        </extensions>
      </trkpt>
      <trkpt lat="45.93753" lon="6.87263">
        <ele>1156</ele>
        <extensions>
          <distance>36608</distance>
        </extensions>
      </trkpt>
      <trkpt lat="45.93749" lon="6.87267">
        <ele>1155</ele>
        <extensions>
          <distance>36614</distance>
        </extensions>
      </trkpt>
      <trkpt lat="45.93728" lon="6.872695">
        <ele>1152</ele>
        <extensions>
          <distance>36637</distance>
        </extensions>
      </trkpt>
      <trkpt lat="45.93707" lon="6.87272">
        <ele>1149</ele>
        <extensions>
          <distance>36661</distance>
        </extensions>
      </trkpt>
      <trkpt lat="45.936840000000004" lon="6.87267">
        <ele>1145.5</ele>
        <extensions>
          <distance>36687</distance>
        </extensions>
      </trkpt>
      <trkpt lat="45.93661" lon="6.87262">
        <ele>1142</ele>
        <extensions>
          <distance>36713</distance>
        </extensions>
      </trkpt>
      <trkpt lat="45.936495" lon="6.87251">
        <ele>1140.75</ele>
        <extensions>
          <distance>36729</distance>
        </extensions>
      </trkpt>
      <trkpt lat="45.93638" lon="6.872400000000001">
        <ele>1139.5</ele>
        <extensions>
          <distance>36744</distance>
        </extensions>
      </trkpt>
      <trkpt lat="45.936265" lon="6.8722900000000005">
        <ele>1138.25</ele>
        <extensions>
          <distance>36759</distance>
        </extensions>
      </trkpt>
      <trkpt lat="45.93615" lon="6.87218">
        <ele>1137</ele>
        <extensions>
          <distance>36775</distance>
        </extensions>
      </trkpt>
      <trkpt lat="45.93597" lon="6.871935000000001">
        <ele>1135.5</ele>
        <extensions>
          <distance>36802</distance>
        </extensions>
      </trkpt>
      <trkpt lat="45.93579" lon="6.87169">
        <ele>1134</ele>
        <extensions>
          <distance>36830</distance>
        </extensions>
      </trkpt>
      <trkpt lat="45.935625" lon="6.871595">
        <ele>1130.5</ele>
        <extensions>
          <distance>36850</distance>
        </extensions>
      </trkpt>
      <trkpt lat="45.93546" lon="6.8715">
        <ele>1127</ele>
        <extensions>
          <distance>36870</distance>
        </extensions>
      </trkpt>
      <trkpt lat="45.93528" lon="6.8713725">
        <ele>1125.5</ele>
        <extensions>
          <distance>36893</distance>
        </extensions>
      </trkpt>
      <trkpt lat="45.9351" lon="6.871245">
        <ele>1124</ele>
        <extensions>
          <distance>36915</distance>
        </extensions>
      </trkpt>
      <trkpt lat="45.93492" lon="6.8711175">
        <ele>1122.5</ele>
        <extensions>
          <distance>36937</distance>
        </extensions>
      </trkpt>
      <trkpt lat="45.93474" lon="6.87099">
        <ele>1121</ele>
        <extensions>
          <distance>36960</distance>
        </extensions>
      </trkpt>
      <trkpt lat="45.93452" lon="6.870875">
        <ele>1120.5</ele>
        <extensions>
          <distance>36986</distance>
        </extensions>
      </trkpt>
      <trkpt lat="45.9343" lon="6.87076">
        <ele>1120</ele>
        <extensions>
          <distance>37012</distance>
        </extensions>
      </trkpt>
      <trkpt lat="45.934132500000004" lon="6.8707625">
        <ele>1119</ele>
        <extensions>
          <distance>37030</distance>
        </extensions>
      </trkpt>
      <trkpt lat="45.933965" lon="6.8707650000000005">
        <ele>1118</ele>
        <extensions>
          <distance>37049</distance>
        </extensions>
      </trkpt>
      <trkpt lat="45.9337975" lon="6.8707675">
        <ele>1117</ele>
        <extensions>
          <distance>37068</distance>
        </extensions>
      </trkpt>
      <trkpt lat="45.93363" lon="6.87077">
        <ele>1116</ele>
        <extensions>
          <distance>37086</distance>
        </extensions>
      </trkpt>
      <trkpt lat="45.933425" lon="6.8707899999999995">
        <ele>1114</ele>
        <extensions>
          <distance>37109</distance>
        </extensions>
      </trkpt>
      <trkpt lat="45.93322" lon="6.87081">
        <ele>1112</ele>
        <extensions>
          <distance>37132</distance>
        </extensions>
      </trkpt>
      <trkpt lat="45.933028750000005" lon="6.87081375">
        <ele>1108.625</ele>
        <extensions>
          <distance>37154</distance>
        </extensions>
      </trkpt>
      <trkpt lat="45.932837500000005" lon="6.870817499999999">
        <ele>1105.25</ele>
        <extensions>
          <distance>37175</distance>
        </extensions>
      </trkpt>
      <trkpt lat="45.932646250000005" lon="6.87082125">
        <ele>1101.875</ele>
        <extensions>
          <distance>37197</distance>
        </extensions>
      </trkpt>
      <trkpt lat="45.932455000000004" lon="6.870825">
        <ele>1098.5</ele>
        <extensions>
          <distance>37218</distance>
        </extensions>
      </trkpt>
      <trkpt lat="45.932263750000004" lon="6.87082875">
        <ele>1095.125</ele>
        <extensions>
          <distance>37240</distance>
        </extensions>
      </trkpt>
      <trkpt lat="45.932072500000004" lon="6.870832500000001">
        <ele>1091.75</ele>
        <extensions>
          <distance>37261</distance>
        </extensions>
      </trkpt>
      <trkpt lat="45.93188125" lon="6.87083625">
        <ele>1088.375</ele>
        <extensions>
          <distance>37283</distance>
        </extensions>
      </trkpt>
      <trkpt lat="45.93169" lon="6.87084">
        <ele>1085</ele>
        <extensions>
          <distance>37304</distance>
        </extensions>
      </trkpt>
      <trkpt lat="45.93154" lon="6.87088">
        <ele>1082</ele>
        <extensions>
          <distance>37322</distance>
        </extensions>
      </trkpt>
      <trkpt lat="45.93137" lon="6.8709">
        <ele>1076</ele>
        <extensions>
          <distance>37341</distance>
        </extensions>
      </trkpt>
      <trkpt lat="45.9313" lon="6.87093">
        <ele>1074</ele>
        <extensions>
          <distance>37350</distance>
        </extensions>
      </trkpt>
      <trkpt lat="45.9312" lon="6.87092">
        <ele>1072</ele>
        <extensions>
          <distance>37361</distance>
        </extensions>
      </trkpt>
      <trkpt lat="45.931" lon="6.8708">
        <ele>1069</ele>
        <extensions>
          <distance>37385</distance>
        </extensions>
      </trkpt>
      <trkpt lat="45.93102" lon="6.8709">
        <ele>1069</ele>
        <extensions>
          <distance>37393</distance>
        </extensions>
      </trkpt>
      <trkpt lat="45.93105" lon="6.87097">
        <ele>1069</ele>
        <extensions>
          <distance>37400</distance>
        </extensions>
      </trkpt>
      <trkpt lat="45.93117" lon="6.87118">
        <ele>1068</ele>
        <extensions>
          <distance>37421</distance>
        </extensions>
      </trkpt>
      <trkpt lat="45.93118" lon="6.87123">
        <ele>1068</ele>
        <extensions>
          <distance>37425</distance>
        </extensions>
      </trkpt>
      <trkpt lat="45.93117" lon="6.87128">
        <ele>1068</ele>
        <extensions>
          <distance>37429</distance>
        </extensions>
      </trkpt>
      <trkpt lat="45.93116" lon="6.87132">
        <ele>1067</ele>
        <extensions>
          <distance>37432</distance>
        </extensions>
      </trkpt>
      <trkpt lat="45.9311" lon="6.87141">
        <ele>1066</ele>
        <extensions>
          <distance>37442</distance>
        </extensions>
      </trkpt>
      <trkpt lat="45.93104" lon="6.87141">
        <ele>1064</ele>
        <extensions>
          <distance>37449</distance>
        </extensions>
      </trkpt>
      <trkpt lat="45.931" lon="6.87145">
        <ele>1063</ele>
        <extensions>
          <distance>37454</distance>
        </extensions>
      </trkpt>
      <trkpt lat="45.93097" lon="6.87151">
        <ele>1062</ele>
        <extensions>
          <distance>37460</distance>
        </extensions>
      </trkpt>
      <trkpt lat="45.93095" lon="6.87162">
        <ele>1060</ele>
        <extensions>
          <distance>37469</distance>
        </extensions>
      </trkpt>
      <trkpt lat="45.93083" lon="6.87182">
        <ele>1055</ele>
        <extensions>
          <distance>37490</distance>
        </extensions>
      </trkpt>
      <trkpt lat="45.93077" lon="6.87209">
        <ele>1052</ele>
        <extensions>
          <distance>37513</distance>
        </extensions>
      </trkpt>
      <trkpt lat="45.93072" lon="6.8722">
        <ele>1050</ele>
        <extensions>
          <distance>37523</distance>
        </extensions>
      </trkpt>
      <trkpt lat="45.93071" lon="6.87227">
        <ele>1048</ele>
        <extensions>
          <distance>37529</distance>
        </extensions>
      </trkpt>
      <trkpt lat="45.93071" lon="6.87232">
        <ele>1048</ele>
        <extensions>
          <distance>37533</distance>
        </extensions>
      </trkpt>
      <trkpt lat="45.93075" lon="6.87239">
        <ele>1048</ele>
        <extensions>
          <distance>37540</distance>
        </extensions>
      </trkpt>
      <trkpt lat="45.93076" lon="6.87244">
        <ele>1048</ele>
        <extensions>
          <distance>37544</distance>
        </extensions>
      </trkpt>
      <trkpt lat="45.93075" lon="6.87246">
        <ele>1048</ele>
        <extensions>
          <distance>37546</distance>
        </extensions>
      </trkpt>
      <trkpt lat="45.9307" lon="6.87248">
        <ele>1047</ele>
        <extensions>
          <distance>37551</distance>
        </extensions>
      </trkpt>
      <trkpt lat="45.9306" lon="6.87262">
        <ele>1047</ele>
        <extensions>
          <distance>37567</distance>
        </extensions>
      </trkpt>
      <trkpt lat="45.93043" lon="6.87251">
        <ele>1045</ele>
        <extensions>
          <distance>37588</distance>
        </extensions>
      </trkpt>
      <trkpt lat="45.930295" lon="6.872450000000001">
        <ele>1043.5</ele>
        <extensions>
          <distance>37603</distance>
        </extensions>
      </trkpt>
      <trkpt lat="45.93016" lon="6.87239">
        <ele>1042</ele>
        <extensions>
          <distance>37619</distance>
        </extensions>
      </trkpt>
      <trkpt lat="45.93005" lon="6.87237">
        <ele>1041</ele>
        <extensions>
          <distance>37632</distance>
        </extensions>
      </trkpt>
      <trkpt lat="45.92995" lon="6.8724">
        <ele>1041</ele>
        <extensions>
          <distance>37643</distance>
        </extensions>
      </trkpt>
      <trkpt lat="45.92982" lon="6.872335">
        <ele>1040.5</ele>
        <extensions>
          <distance>37658</distance>
        </extensions>
      </trkpt>
      <trkpt lat="45.92969" lon="6.87227">
        <ele>1040</ele>
        <extensions>
          <distance>37674</distance>
        </extensions>
      </trkpt>
      <trkpt lat="45.92963" lon="6.87264">
        <ele>1040</ele>
        <extensions>
          <distance>37703</distance>
        </extensions>
      </trkpt>
      <trkpt lat="45.92949" lon="6.87261">
        <ele>1039.75</ele>
        <extensions>
          <distance>37719</distance>
        </extensions>
      </trkpt>
      <trkpt lat="45.92935" lon="6.872579999999999">
        <ele>1039.5</ele>
        <extensions>
          <distance>37735</distance>
        </extensions>
      </trkpt>
      <trkpt lat="45.92921" lon="6.8725499999999995">
        <ele>1039.25</ele>
        <extensions>
          <distance>37750</distance>
        </extensions>
      </trkpt>
      <trkpt lat="45.92907" lon="6.87252">
        <ele>1039</ele>
        <extensions>
          <distance>37766</distance>
        </extensions>
      </trkpt>
      <trkpt lat="45.92898" lon="6.87245">
        <ele>1039</ele>
        <extensions>
          <distance>37777</distance>
        </extensions>
      </trkpt>
      <trkpt lat="45.92874" lon="6.8724">
        <ele>1039</ele>
        <extensions>
          <distance>37804</distance>
        </extensions>
      </trkpt>
      <trkpt lat="45.928605" lon="6.8723600000000005">
        <ele>1038.5</ele>
        <extensions>
          <distance>37820</distance>
        </extensions>
      </trkpt>
      <trkpt lat="45.92847" lon="6.87232">
        <ele>1038</ele>
        <extensions>
          <distance>37835</distance>
        </extensions>
      </trkpt>
      <trkpt lat="45.928264999999996" lon="6.872215000000001">
        <ele>1038</ele>
        <extensions>
          <distance>37859</distance>
        </extensions>
      </trkpt>
      <trkpt lat="45.92806" lon="6.87211">
        <ele>1038</ele>
        <extensions>
          <distance>37883</distance>
        </extensions>
      </trkpt>
      <trkpt lat="45.92792" lon="6.87205">
        <ele>1038</ele>
        <extensions>
          <distance>37900</distance>
        </extensions>
      </trkpt>
      <trkpt lat="45.92778" lon="6.87202">
        <ele>1038</ele>
        <extensions>
          <distance>37915</distance>
        </extensions>
      </trkpt>
      <trkpt lat="45.92779" lon="6.87197">
        <ele>1038</ele>
        <extensions>
          <distance>37919</distance>
        </extensions>
      </trkpt>
      <trkpt lat="45.927624375" lon="6.871919375000001">
        <ele>1037.9375</ele>
        <extensions>
          <distance>37938</distance>
        </extensions>
      </trkpt>
      <trkpt lat="45.92745875" lon="6.871868750000001">
        <ele>1037.875</ele>
        <extensions>
          <distance>37957</distance>
        </extensions>
      </trkpt>
      <trkpt lat="45.927293125" lon="6.871818125000001">
        <ele>1037.8125</ele>
        <extensions>
          <distance>37976</distance>
        </extensions>
      </trkpt>
      <trkpt lat="45.9271275" lon="6.871767500000001">
        <ele>1037.75</ele>
        <extensions>
          <distance>37995</distance>
        </extensions>
      </trkpt>
      <trkpt lat="45.926961874999996" lon="6.871716875000001">
        <ele>1037.6875</ele>
        <extensions>
          <distance>38014</distance>
        </extensions>
      </trkpt>
      <trkpt lat="45.926796249999995" lon="6.8716662500000005">
        <ele>1037.625</ele>
        <extensions>
          <distance>38032</distance>
        </extensions>
      </trkpt>
      <trkpt lat="45.926630625" lon="6.8716156250000004">
        <ele>1037.5625</ele>
        <extensions>
          <distance>38051</distance>
        </extensions>
      </trkpt>
      <trkpt lat="45.926465" lon="6.871565">
        <ele>1037.5</ele>
        <extensions>
          <distance>38070</distance>
        </extensions>
      </trkpt>
      <trkpt lat="45.926299375" lon="6.871514375">
        <ele>1037.4375</ele>
        <extensions>
          <distance>38089</distance>
        </extensions>
      </trkpt>
      <trkpt lat="45.926133750000005" lon="6.87146375">
        <ele>1037.375</ele>
        <extensions>
          <distance>38108</distance>
        </extensions>
      </trkpt>
      <trkpt lat="45.925968125000004" lon="6.871413125">
        <ele>1037.3125</ele>
        <extensions>
          <distance>38126</distance>
        </extensions>
      </trkpt>
      <trkpt lat="45.9258025" lon="6.8713625">
        <ele>1037.25</ele>
        <extensions>
          <distance>38145</distance>
        </extensions>
      </trkpt>
      <trkpt lat="45.925636875" lon="6.871311875">
        <ele>1037.1875</ele>
        <extensions>
          <distance>38164</distance>
        </extensions>
      </trkpt>
      <trkpt lat="45.92547125" lon="6.87126125">
        <ele>1037.125</ele>
        <extensions>
          <distance>38183</distance>
        </extensions>
      </trkpt>
      <trkpt lat="45.925305625" lon="6.871210625">
        <ele>1037.0625</ele>
        <extensions>
          <distance>38202</distance>
        </extensions>
      </trkpt>
      <trkpt lat="45.92514" lon="6.87116">
        <ele>1037</ele>
        <extensions>
          <distance>38221</distance>
        </extensions>
      </trkpt>
      <trkpt lat="45.92518" lon="6.87092">
        <ele>1037</ele>
        <extensions>
          <distance>38240</distance>
        </extensions>
      </trkpt>
      <trkpt lat="45.92514" lon="6.87083">
        <ele>1037</ele>
        <extensions>
          <distance>38248</distance>
        </extensions>
      </trkpt>
      <trkpt lat="45.9251775" lon="6.870615">
        <ele>1037</ele>
        <extensions>
          <distance>38265</distance>
        </extensions>
      </trkpt>
      <trkpt lat="45.925214999999994" lon="6.8704">
        <ele>1037.5</ele>
        <extensions>
          <distance>38282</distance>
        </extensions>
      </trkpt>
      <trkpt lat="45.9252525" lon="6.870185">
        <ele>1038.25</ele>
        <extensions>
          <distance>38300</distance>
        </extensions>
      </trkpt>
      <trkpt lat="45.92529" lon="6.86997">
        <ele>1039</ele>
        <extensions>
          <distance>38317</distance>
        </extensions>
      </trkpt>
      <trkpt lat="45.92526" lon="6.86992">
        <ele>1039</ele>
        <extensions>
          <distance>38322</distance>
        </extensions>
      </trkpt>
      <trkpt lat="45.92523" lon="6.86981">
        <ele>1039</ele>
        <extensions>
          <distance>38331</distance>
        </extensions>
      </trkpt>
      <trkpt lat="45.92498" lon="6.86976">
        <ele>1039</ele>
        <extensions>
          <distance>38359</distance>
        </extensions>
      </trkpt>
      <trkpt lat="45.92492" lon="6.86976">
        <ele>1039</ele>
        <extensions>
          <distance>38366</distance>
        </extensions>
      </trkpt>
      <trkpt lat="45.9246975" lon="6.869770000000001">
        <ele>1038.25</ele>
        <extensions>
          <distance>38390</distance>
        </extensions>
      </trkpt>
      <trkpt lat="45.924475" lon="6.86978">
        <ele>1037.5</ele>
        <extensions>
          <distance>38415</distance>
        </extensions>
      </trkpt>
      <trkpt lat="45.9242525" lon="6.86979">
        <ele>1036.75</ele>
        <extensions>
          <distance>38440</distance>
        </extensions>
      </trkpt>
      <trkpt lat="45.92403" lon="6.8698">
        <ele>1036</ele>
        <extensions>
          <distance>38465</distance>
        </extensions>
      </trkpt>
      <trkpt lat="45.923845" lon="6.86982">
        <ele>1035.5</ele>
        <extensions>
          <distance>38485</distance>
        </extensions>
      </trkpt>
      <trkpt lat="45.92366" lon="6.86984">
        <ele>1035.5</ele>
        <extensions>
          <distance>38506</distance>
        </extensions>
      </trkpt>
      <trkpt lat="45.92345" lon="6.86966">
        <ele>1035.5</ele>
        <extensions>
          <distance>38533</distance>
        </extensions>
      </trkpt>
      <trkpt lat="45.923519999999996" lon="6.869405">
        <ele>1035.5</ele>
        <extensions>
          <distance>38554</distance>
        </extensions>
      </trkpt>
      <trkpt lat="45.92359" lon="6.86915">
        <ele>1035.25</ele>
        <extensions>
          <distance>38576</distance>
        </extensions>
      </trkpt>
    </trkseg>
  </trk>
</gpx>