<?xml version='1.0' encoding='UTF-8'?>
<gpx xmlns="http://www.topografix.com/GPX/1/1" xmlns:ns2="https://ordnancesurvey.co.uk/public/schema/route/0.1" xmlns:ns3="http://www.topografix.com/GPX/gpx_style/0/2" xmlns:xsi="http://www.w3.org/2001/XMLSchema-instance" version="1.1" creator="OS Maps - Web" xsi:schemaLocation="http://www.topografix.com/GPX/1/1 http://www.topografix.com/GPX/1/1/gpx.xsd">
    <metadata>
        <name>New Whole 100</name>
        <desc />
        <bounds minlat="54.3534100" minlon="-3.2801210" maxlat="54.6417840" maxlon="-2.7954839" />
        <extensions>
            <ns2:version>2.0</ns2:version>
            <ns2:point lat="54.3675960" lon="-3.0742479" type="start" />
            <ns2:point lat="54.3675460" lon="-3.0741680" type="end" />
            <ns2:activity>ON_FOOT_WALKING</ns2:activity>
            <ns2:difficulty>UNKNOWN</ns2:difficulty>
            <ns2:paths>
                <ns2:path start="0" end="1018" type="plotted" />
            </ns2:paths>
            <ns2:distance>164730.2387733</ns2:distance>
            <ns2:elevation_ascent>6264.3200000</ns2:elevation_ascent>
        </extensions>
    </metadata>
    <wpt lat="54.3675960" lon="-3.0742479" />
    <wpt lat="54.3681140" lon="-3.0765400" />
    <wpt lat="54.3692620" lon="-3.0758190" />
    <wpt lat="54.3698310" lon="-3.0764980" />
    <wpt lat="54.3702940" lon="-3.0765510" />
    <wpt lat="54.3711650" lon="-3.0782039" />
    <wpt lat="54.3721250" lon="-3.0783130" />
    <wpt lat="54.3724070" lon="-3.0787779" />
    <wpt lat="54.3722290" lon="-3.0801500" />
    <wpt lat="54.3726180" lon="-3.0820790" />
    <wpt lat="54.3723510" lon="-3.0852970" />
    <wpt lat="54.3728620" lon="-3.0872530" />
    <wpt lat="54.3728470" lon="-3.0881160" />
    <wpt lat="54.3737950" lon="-3.0892039" />
    <wpt lat="54.3748150" lon="-3.0929999" />
    <wpt lat="54.3746000" lon="-3.0953569" />
    <wpt lat="54.3741080" lon="-3.0969740" />
    <wpt lat="54.3741680" lon="-3.1011630" />
    <wpt lat="54.3734060" lon="-3.1028710" />
    <wpt lat="54.3731520" lon="-3.1024080" />
    <wpt lat="54.3699700" lon="-3.1021189" />
    <wpt lat="54.3660110" lon="-3.0984199" />
    <wpt lat="54.3654210" lon="-3.0983960" />
    <wpt lat="54.3648820" lon="-3.0968829" />
    <wpt lat="54.3642900" lon="-3.0964840" />
    <wpt lat="54.3640070" lon="-3.0956339" />
    <wpt lat="54.3625930" lon="-3.0989519" />
    <wpt lat="54.3624380" lon="-3.1002440" />
    <wpt lat="54.3627400" lon="-3.1017439" />
    <wpt lat="54.3626180" lon="-3.1030969" />
    <wpt lat="54.3619180" lon="-3.1058740" />
    <wpt lat="54.3602430" lon="-3.1082270" />
    <wpt lat="54.3585170" lon="-3.1120539" />
    <wpt lat="54.3582110" lon="-3.1158730" />
    <wpt lat="54.3586200" lon="-3.1183880" />
    <wpt lat="54.3581220" lon="-3.1205809" />
    <wpt lat="54.3587200" lon="-3.1231279" />
    <wpt lat="54.3578050" lon="-3.1298220" />
    <wpt lat="54.3580810" lon="-3.1306720" />
    <wpt lat="54.3578640" lon="-3.1308270" />
    <wpt lat="54.3579470" lon="-3.1315030" />
    <wpt lat="54.3575610" lon="-3.1331300" />
    <wpt lat="54.3572000" lon="-3.1336240" />
    <wpt lat="54.3575040" lon="-3.1356950" />
    <wpt lat="54.3571950" lon="-3.1373440" />
    <wpt lat="54.3573580" lon="-3.1392140" />
    <wpt lat="54.3584380" lon="-3.1435250" />
    <wpt lat="54.3587340" lon="-3.1439939" />
    <wpt lat="54.3558840" lon="-3.1523379" />
    <wpt lat="54.3558530" lon="-3.1543430" />
    <wpt lat="54.3560510" lon="-3.1554100" />
    <wpt lat="54.3566460" lon="-3.1551989" />
    <wpt lat="54.3573340" lon="-3.1562260" />
    <wpt lat="54.3581230" lon="-3.1583710" />
    <wpt lat="54.3588320" lon="-3.1593350" />
    <wpt lat="54.3590840" lon="-3.1605960" />
    <wpt lat="54.3597830" lon="-3.1615119" />
    <wpt lat="54.3605500" lon="-3.1654770" />
    <wpt lat="54.3607860" lon="-3.1677610" />
    <wpt lat="54.3605030" lon="-3.1686749" />
    <wpt lat="54.3609830" lon="-3.1698030" />
    <wpt lat="54.3608570" lon="-3.1703470" />
    <wpt lat="54.3610440" lon="-3.1705429" />
    <wpt lat="54.3610820" lon="-3.1726840" />
    <wpt lat="54.3615470" lon="-3.1741760" />
    <wpt lat="54.3619460" lon="-3.1772200" />
    <wpt lat="54.3617800" lon="-3.1787210" />
    <wpt lat="54.3621300" lon="-3.1797479" />
    <wpt lat="54.3617290" lon="-3.1815920" />
    <wpt lat="54.3611710" lon="-3.1824529" />
    <wpt lat="54.3599630" lon="-3.1826460" />
    <wpt lat="54.3590360" lon="-3.1835749" />
    <wpt lat="54.3582950" lon="-3.1836210" />
    <wpt lat="54.3565010" lon="-3.1847870" />
    <wpt lat="54.3551470" lon="-3.1878290" />
    <wpt lat="54.3540400" lon="-3.1882330" />
    <wpt lat="54.3534100" lon="-3.1889980" />
    <wpt lat="54.3538430" lon="-3.1901420" />
    <wpt lat="54.3536560" lon="-3.1924430" />
    <wpt lat="54.3540970" lon="-3.1927390" />
    <wpt lat="54.3542420" lon="-3.1934180" />
    <wpt lat="54.3563260" lon="-3.1955460" />
    <wpt lat="54.3569530" lon="-3.1950640" />
    <wpt lat="54.3570503" lon="-3.1953342" />
    <wpt lat="54.3567269" lon="-3.2006626" />
    <wpt lat="54.3573052" lon="-3.2011277" />
    <wpt lat="54.3589229" lon="-3.2004410" />
    <wpt lat="54.3592171" lon="-3.2007643" />
    <wpt lat="54.3594793" lon="-3.2003423" />
    <wpt lat="54.3597429" lon="-3.2006169" />
    <wpt lat="54.3598611" lon="-3.1998760" />
    <wpt lat="54.3618880" lon="-3.2007018" />
    <wpt lat="54.3624301" lon="-3.1984913" />
    <wpt lat="54.3634189" lon="-3.1973193" />
    <wpt lat="54.3645684" lon="-3.1972518" />
    <wpt lat="54.3675691" lon="-3.1955850" />
    <wpt lat="54.3691075" lon="-3.1957268" />
    <wpt lat="54.3695209" lon="-3.1950637" />
    <wpt lat="54.3710545" lon="-3.1946064" />
    <wpt lat="54.3717919" lon="-3.1950568" />
    <wpt lat="54.3724430" lon="-3.1958629" />
    <wpt lat="54.3722504" lon="-3.1964111" />
    <wpt lat="54.3727184" lon="-3.1972644" />
    <wpt lat="54.3725572" lon="-3.1999932" />
    <wpt lat="54.3727017" lon="-3.2021284" />
    <wpt lat="54.3735260" lon="-3.2040055" />
    <wpt lat="54.3740442" lon="-3.2042767" />
    <wpt lat="54.3752523" lon="-3.2066870" />
    <wpt lat="54.3755153" lon="-3.2087261" />
    <wpt lat="54.3763359" lon="-3.2107274" />
    <wpt lat="54.3790617" lon="-3.2114811" />
    <wpt lat="54.3815144" lon="-3.2142127" />
    <wpt lat="54.3826329" lon="-3.2161287" />
    <wpt lat="54.3835871" lon="-3.2167485" />
    <wpt lat="54.3845720" lon="-3.2184127" />
    <wpt lat="54.3849954" lon="-3.2185727" />
    <wpt lat="54.3856595" lon="-3.2206559" />
    <wpt lat="54.3867815" lon="-3.2215093" />
    <wpt lat="54.3874036" lon="-3.2224947" />
    <wpt lat="54.3890772" lon="-3.2227882" />
    <wpt lat="54.3910848" lon="-3.2278617" />
    <wpt lat="54.3909301" lon="-3.2295080" />
    <wpt lat="54.3911965" lon="-3.2299519" />
    <wpt lat="54.3913825" lon="-3.2318390" />
    <wpt lat="54.3913893" lon="-3.2360701" />
    <wpt lat="54.3922874" lon="-3.2375006" />
    <wpt lat="54.3927736" lon="-3.2376736" />
    <wpt lat="54.3927568" lon="-3.2398243" />
    <wpt lat="54.3933076" lon="-3.2396052" />
    <wpt lat="54.3952446" lon="-3.2407572" />
    <wpt lat="54.3955520" lon="-3.2421313" />
    <wpt lat="54.3953214" lon="-3.2428099" />
    <wpt lat="54.3953327" lon="-3.2441785" />
    <wpt lat="54.3959847" lon="-3.2446319" />
    <wpt lat="54.3960990" lon="-3.2462382" />
    <wpt lat="54.3957674" lon="-3.2499781" />
    <wpt lat="54.3945145" lon="-3.2513172" />
    <wpt lat="54.3940705" lon="-3.2534082" />
    <wpt lat="54.3934276" lon="-3.2547688" />
    <wpt lat="54.3932628" lon="-3.2559950" />
    <wpt lat="54.3913596" lon="-3.2593536" />
    <wpt lat="54.3901744" lon="-3.2636384" />
    <wpt lat="54.3903869" lon="-3.2662374" />
    <wpt lat="54.3910447" lon="-3.2680262" />
    <wpt lat="54.3908982" lon="-3.2702119" />
    <wpt lat="54.3924397" lon="-3.2707990" />
    <wpt lat="54.3926730" lon="-3.2700101" />
    <wpt lat="54.3930837" lon="-3.2699123" />
    <wpt lat="54.3940793" lon="-3.2707529" />
    <wpt lat="54.3954203" lon="-3.2704200" />
    <wpt lat="54.3965160" lon="-3.2710531" />
    <wpt lat="54.3973068" lon="-3.2708395" />
    <wpt lat="54.3982361" lon="-3.2700173" />
    <wpt lat="54.3994710" lon="-3.2704369" />
    <wpt lat="54.4001020" lon="-3.2702150" />
    <wpt lat="54.4012180" lon="-3.2688880" />
    <wpt lat="54.4030530" lon="-3.2681020" />
    <wpt lat="54.4051560" lon="-3.2660740" />
    <wpt lat="54.4066340" lon="-3.2650890" />
    <wpt lat="54.4073120" lon="-3.2650880" />
    <wpt lat="54.4088250" lon="-3.2634560" />
    <wpt lat="54.4116190" lon="-3.2620330" />
    <wpt lat="54.4134300" lon="-3.2604640" />
    <wpt lat="54.4175410" lon="-3.2589780" />
    <wpt lat="54.4182860" lon="-3.2596079" />
    <wpt lat="54.4191340" lon="-3.2590400" />
    <wpt lat="54.4204090" lon="-3.2588309" />
    <wpt lat="54.4220180" lon="-3.2572720" />
    <wpt lat="54.4231440" lon="-3.2579969" />
    <wpt lat="54.4237660" lon="-3.2578929" />
    <wpt lat="54.4271100" lon="-3.2554040" />
    <wpt lat="54.4296540" lon="-3.2544670" />
    <wpt lat="54.4307070" lon="-3.2548400" />
    <wpt lat="54.4322425" lon="-3.2561959" />
    <wpt lat="54.4324080" lon="-3.2572990" />
    <wpt lat="54.4330820" lon="-3.2581790" />
    <wpt lat="54.4350070" lon="-3.2598010" />
    <wpt lat="54.4360540" lon="-3.2590940" />
    <wpt lat="54.4386310" lon="-3.2594909" />
    <wpt lat="54.4392900" lon="-3.2604849" />
    <wpt lat="54.4415470" lon="-3.2608350" />
    <wpt lat="54.4432550" lon="-3.2621959" />
    <wpt lat="54.4436160" lon="-3.2630760" />
    <wpt lat="54.4448540" lon="-3.2631490" />
    <wpt lat="54.4466630" lon="-3.2618900" />
    <wpt lat="54.4477490" lon="-3.2604590" />
    <wpt lat="54.4492830" lon="-3.2599389" />
    <wpt lat="54.4530920" lon="-3.2594810" />
    <wpt lat="54.4546900" lon="-3.2598229" />
    <wpt lat="54.4550030" lon="-3.2600270" />
    <wpt lat="54.4559350" lon="-3.2632680" />
    <wpt lat="54.4570630" lon="-3.2644809" />
    <wpt lat="54.4573400" lon="-3.2652729" />
    <wpt lat="54.4608290" lon="-3.2619260" />
    <wpt lat="54.4621000" lon="-3.2612980" />
    <wpt lat="54.4627420" lon="-3.2605660" />
    <wpt lat="54.4640220" lon="-3.2598099" />
    <wpt lat="54.4669600" lon="-3.2589510" />
    <wpt lat="54.4677640" lon="-3.2578920" />
    <wpt lat="54.4682590" lon="-3.2568100" />
    <wpt lat="54.4681200" lon="-3.2565400" />
    <wpt lat="54.4687520" lon="-3.2563399" />
    <wpt lat="54.4690560" lon="-3.2557270" />
    <wpt lat="54.4701700" lon="-3.2548940" />
    <wpt lat="54.4710370" lon="-3.2548329" />
    <wpt lat="54.4716670" lon="-3.2554890" />
    <wpt lat="54.4720630" lon="-3.2570490" />
    <wpt lat="54.4730240" lon="-3.2581350" />
    <wpt lat="54.4747480" lon="-3.2588490" />
    <wpt lat="54.4759160" lon="-3.2601860" />
    <wpt lat="54.4769970" lon="-3.2608540" />
    <wpt lat="54.4780610" lon="-3.2625230" />
    <wpt lat="54.4795270" lon="-3.2633380" />
    <wpt lat="54.4806700" lon="-3.2630999" />
    <wpt lat="54.4815890" lon="-3.2635060" />
    <wpt lat="54.4830060" lon="-3.2634810" />
    <wpt lat="54.4846050" lon="-3.2629230" />
    <wpt lat="54.4861280" lon="-3.2610770" />
    <wpt lat="54.4864520" lon="-3.2621209" />
    <wpt lat="54.4865770" lon="-3.2617890" />
    <wpt lat="54.4869460" lon="-3.2619710" />
    <wpt lat="54.4882160" lon="-3.2610200" />
    <wpt lat="54.4892610" lon="-3.2597140" />
    <wpt lat="54.4907870" lon="-3.2561480" />
    <wpt lat="54.4911590" lon="-3.2545029" />
    <wpt lat="54.4909860" lon="-3.2523530" />
    <wpt lat="54.4912960" lon="-3.2508130" />
    <wpt lat="54.4923560" lon="-3.2477920" />
    <wpt lat="54.4929470" lon="-3.2469760" />
    <wpt lat="54.4926970" lon="-3.2462599" />
    <wpt lat="54.4927920" lon="-3.2458680" />
    <wpt lat="54.4923230" lon="-3.2454119" />
    <wpt lat="54.4928240" lon="-3.2439930" />
    <wpt lat="54.4942020" lon="-3.2425870" />
    <wpt lat="54.4979440" lon="-3.2413040" />
    <wpt lat="54.4997030" lon="-3.2445150" />
    <wpt lat="54.5006360" lon="-3.2453220" />
    <wpt lat="54.5010100" lon="-3.2492669" />
    <wpt lat="54.5014830" lon="-3.2503760" />
    <wpt lat="54.5029590" lon="-3.2524230" />
    <wpt lat="54.5036830" lon="-3.2527690" />
    <wpt lat="54.5042260" lon="-3.2536000" />
    <wpt lat="54.5061520" lon="-3.2545790" />
    <wpt lat="54.5089440" lon="-3.2536829" />
    <wpt lat="54.5101150" lon="-3.2545019" />
    <wpt lat="54.5108790" lon="-3.2555779" />
    <wpt lat="54.5125400" lon="-3.2562590" />
    <wpt lat="54.5143500" lon="-3.2558379" />
    <wpt lat="54.5152360" lon="-3.2565360" />
    <wpt lat="54.5166040" lon="-3.2567029" />
    <wpt lat="54.5188080" lon="-3.2559000" />
    <wpt lat="54.5207360" lon="-3.2566210" />
    <wpt lat="54.5213980" lon="-3.2561440" />
    <wpt lat="54.5222900" lon="-3.2564970" />
    <wpt lat="54.5238120" lon="-3.2577819" />
    <wpt lat="54.5282920" lon="-3.2647290" />
    <wpt lat="54.5295100" lon="-3.2673080" />
    <wpt lat="54.5300610" lon="-3.2692800" />
    <wpt lat="54.5314030" lon="-3.2712790" />
    <wpt lat="54.5326950" lon="-3.2745489" />
    <wpt lat="54.5328300" lon="-3.2757569" />
    <wpt lat="54.5349330" lon="-3.2800450" />
    <wpt lat="54.5355410" lon="-3.2801210" />
    <wpt lat="54.5366920" lon="-3.2783869" />
    <wpt lat="54.5381190" lon="-3.2789890" />
    <wpt lat="54.5397770" lon="-3.2777050" />
    <wpt lat="54.5403500" lon="-3.2785530" />
    <wpt lat="54.5413130" lon="-3.2766740" />
    <wpt lat="54.5414820" lon="-3.2757900" />
    <wpt lat="54.5414920" lon="-3.2768560" />
    <wpt lat="54.5422860" lon="-3.2760149" />
    <wpt lat="54.5427640" lon="-3.2737790" />
    <wpt lat="54.5430360" lon="-3.2735839" />
    <wpt lat="54.5438090" lon="-3.2740759" />
    <wpt lat="54.5448790" lon="-3.2725950" />
    <wpt lat="54.5465650" lon="-3.2668709" />
    <wpt lat="54.5467310" lon="-3.2644310" />
    <wpt lat="54.5493430" lon="-3.2594230" />
    <wpt lat="54.5501940" lon="-3.2591980" />
    <wpt lat="54.5522120" lon="-3.2577010" />
    <wpt lat="54.5525960" lon="-3.2582510" />
    <wpt lat="54.5530360" lon="-3.2602310" />
    <wpt lat="54.5537730" lon="-3.2597059" />
    <wpt lat="54.5543300" lon="-3.2585520" />
    <wpt lat="54.5556400" lon="-3.2570609" />
    <wpt lat="54.5568680" lon="-3.2562050" />
    <wpt lat="54.5575120" lon="-3.2567169" />
    <wpt lat="54.5578760" lon="-3.2590039" />
    <wpt lat="54.5588240" lon="-3.2563340" />
    <wpt lat="54.5616410" lon="-3.2520999" />
    <wpt lat="54.5650280" lon="-3.2456149" />
    <wpt lat="54.5654550" lon="-3.2450710" />
    <wpt lat="54.5662900" lon="-3.2449109" />
    <wpt lat="54.5664639" lon="-3.2439639" />
    <wpt lat="54.5663716" lon="-3.2398236" />
    <wpt lat="54.5670558" lon="-3.2388390" />
    <wpt lat="54.5674278" lon="-3.2376129" />
    <wpt lat="54.5682700" lon="-3.2358980" />
    <wpt lat="54.5690760" lon="-3.2350760" />
    <wpt lat="54.5716070" lon="-3.2337460" />
    <wpt lat="54.5732100" lon="-3.2322750" />
    <wpt lat="54.5739180" lon="-3.2320959" />
    <wpt lat="54.5745060" lon="-3.2310540" />
    <wpt lat="54.5774370" lon="-3.2289060" />
    <wpt lat="54.5793190" lon="-3.2244630" />
    <wpt lat="54.5805450" lon="-3.2190180" />
    <wpt lat="54.5825610" lon="-3.2155660" />
    <wpt lat="54.5837290" lon="-3.2128280" />
    <wpt lat="54.5838510" lon="-3.2077039" />
    <wpt lat="54.5842550" lon="-3.2057209" />
    <wpt lat="54.5847160" lon="-3.2052420" />
    <wpt lat="54.5898290" lon="-3.2034100" />
    <wpt lat="54.5914954" lon="-3.2015859" />
    <wpt lat="54.5931790" lon="-3.1992629" />
    <wpt lat="54.5934440" lon="-3.1983330" />
    <wpt lat="54.5941310" lon="-3.1973629" />
    <wpt lat="54.5963530" lon="-3.1956409" />
    <wpt lat="54.5973090" lon="-3.1954219" />
    <wpt lat="54.5991920" lon="-3.1931239" />
    <wpt lat="54.6008010" lon="-3.1926580" />
    <wpt lat="54.6006510" lon="-3.1920429" />
    <wpt lat="54.6011850" lon="-3.1914470" />
    <wpt lat="54.6016530" lon="-3.1913070" />
    <wpt lat="54.6021940" lon="-3.1917100" />
    <wpt lat="54.6025110" lon="-3.1915580" />
    <wpt lat="54.6027870" lon="-3.1904449" />
    <wpt lat="54.6034950" lon="-3.1907789" />
    <wpt lat="54.6028740" lon="-3.1906230" />
    <wpt lat="54.6025230" lon="-3.1910160" />
    <wpt lat="54.6023400" lon="-3.1904749" />
    <wpt lat="54.6021330" lon="-3.1871580" />
    <wpt lat="54.6022210" lon="-3.1837920" />
    <wpt lat="54.6008770" lon="-3.1760160" />
    <wpt lat="54.6007350" lon="-3.1733130" />
    <wpt lat="54.6013270" lon="-3.1701640" />
    <wpt lat="54.6027380" lon="-3.1671420" />
    <wpt lat="54.6045450" lon="-3.1645919" />
    <wpt lat="54.6054530" lon="-3.1622110" />
    <wpt lat="54.6059100" lon="-3.1623550" />
    <wpt lat="54.6062030" lon="-3.1619620" />
    <wpt lat="54.6084150" lon="-3.1581270" />
    <wpt lat="54.6096880" lon="-3.1495230" />
    <wpt lat="54.6097270" lon="-3.1456949" />
    <wpt lat="54.6090160" lon="-3.1415919" />
    <wpt lat="54.6075440" lon="-3.1406139" />
    <wpt lat="54.6069580" lon="-3.1353450" />
    <wpt lat="54.6102500" lon="-3.1294429" />
    <wpt lat="54.6122870" lon="-3.1281090" />
    <wpt lat="54.6127610" lon="-3.1272640" />
    <wpt lat="54.6129880" lon="-3.1277410" />
    <wpt lat="54.6147320" lon="-3.1243890" />
    <wpt lat="54.6154000" lon="-3.1253400" />
    <wpt lat="54.6161940" lon="-3.1251340" />
    <wpt lat="54.6167410" lon="-3.1243970" />
    <wpt lat="54.6183540" lon="-3.1194960" />
    <wpt lat="54.6183370" lon="-3.1176140" />
    <wpt lat="54.6180130" lon="-3.1162330" />
    <wpt lat="54.6184530" lon="-3.1160860" />
    <wpt lat="54.6180230" lon="-3.1150270" />
    <wpt lat="54.6196340" lon="-3.1121600" />
    <wpt lat="54.6215740" lon="-3.1117799" />
    <wpt lat="54.6229480" lon="-3.1125820" />
    <wpt lat="54.6236720" lon="-3.1124340" />
    <wpt lat="54.6225420" lon="-3.1073310" />
    <wpt lat="54.6228650" lon="-3.1022250" />
    <wpt lat="54.6235170" lon="-3.0974739" />
    <wpt lat="54.6239420" lon="-3.0961410" />
    <wpt lat="54.6254660" lon="-3.0949719" />
    <wpt lat="54.6274210" lon="-3.0962809" />
    <wpt lat="54.6300370" lon="-3.0971950" />
    <wpt lat="54.6314470" lon="-3.0962020" />
    <wpt lat="54.6327040" lon="-3.0966590" />
    <wpt lat="54.6339830" lon="-3.0960049" />
    <wpt lat="54.6353450" lon="-3.0959740" />
    <wpt lat="54.6386520" lon="-3.0975550" />
    <wpt lat="54.6405230" lon="-3.0976640" />
    <wpt lat="54.6412060" lon="-3.0985519" />
    <wpt lat="54.6417840" lon="-3.0980980" />
    <wpt lat="54.6416340" lon="-3.0973370" />
    <wpt lat="54.6411950" lon="-3.0970679" />
    <wpt lat="54.6404050" lon="-3.0936720" />
    <wpt lat="54.6404540" lon="-3.0929330" />
    <wpt lat="54.6409270" lon="-3.0919499" />
    <wpt lat="54.6408660" lon="-3.0912729" />
    <wpt lat="54.6394490" lon="-3.0904119" />
    <wpt lat="54.6386780" lon="-3.0884859" />
    <wpt lat="54.6381780" lon="-3.0886429" />
    <wpt lat="54.6359890" lon="-3.0867859" />
    <wpt lat="54.6337440" lon="-3.0867780" />
    <wpt lat="54.6330790" lon="-3.0863310" />
    <wpt lat="54.6307500" lon="-3.0875460" />
    <wpt lat="54.6283220" lon="-3.0879730" />
    <wpt lat="54.6262120" lon="-3.0866390" />
    <wpt lat="54.6231820" lon="-3.0864790" />
    <wpt lat="54.6217010" lon="-3.0836900" />
    <wpt lat="54.6209300" lon="-3.0805780" />
    <wpt lat="54.6204500" lon="-3.0814959" />
    <wpt lat="54.6203771" lon="-3.0836599" />
    <wpt lat="54.6198754" lon="-3.0844984" />
    <wpt lat="54.6191875" lon="-3.0888054" />
    <wpt lat="54.6173448" lon="-3.0888337" />
    <wpt lat="54.6159603" lon="-3.0903840" />
    <wpt lat="54.6156034" lon="-3.0901034" />
    <wpt lat="54.6151304" lon="-3.0877293" />
    <wpt lat="54.6143252" lon="-3.0873207" />
    <wpt lat="54.6138245" lon="-3.0880428" />
    <wpt lat="54.6133541" lon="-3.0878754" />
    <wpt lat="54.6130494" lon="-3.0867834" />
    <wpt lat="54.6126710" lon="-3.0863862" />
    <wpt lat="54.6123946" lon="-3.0846369" />
    <wpt lat="54.6117601" lon="-3.0827232" />
    <wpt lat="54.6111568" lon="-3.0798427" />
    <wpt lat="54.6113233" lon="-3.0762858" />
    <wpt lat="54.6134890" lon="-3.0702265" />
    <wpt lat="54.6141204" lon="-3.0674171" />
    <wpt lat="54.6140449" lon="-3.0657892" />
    <wpt lat="54.6121801" lon="-3.0632243" />
    <wpt lat="54.6133375" lon="-3.0616008" />
    <wpt lat="54.6122397" lon="-3.0586690" />
    <wpt lat="54.6118249" lon="-3.0547098" />
    <wpt lat="54.6121210" lon="-3.0516593" />
    <wpt lat="54.6151279" lon="-3.0417100" />
    <wpt lat="54.6147718" lon="-3.0413138" />
    <wpt lat="54.6142757" lon="-3.0389009" />
    <wpt lat="54.6126214" lon="-3.0379297" />
    <wpt lat="54.6122996" lon="-3.0387732" />
    <wpt lat="54.6106463" lon="-3.0376860" />
    <wpt lat="54.6089740" lon="-3.0388047" />
    <wpt lat="54.6078849" lon="-3.0374223" />
    <wpt lat="54.6037797" lon="-3.0340283" />
    <wpt lat="54.6026155" lon="-3.0335344" />
    <wpt lat="54.6028593" lon="-3.0312959" />
    <wpt lat="54.6026689" lon="-3.0272661" />
    <wpt lat="54.6028419" lon="-3.0227423" />
    <wpt lat="54.6003908" lon="-3.0176501" />
    <wpt lat="54.5996138" lon="-3.0111680" />
    <wpt lat="54.5984066" lon="-3.0104416" />
    <wpt lat="54.5973505" lon="-3.0104542" />
    <wpt lat="54.5956818" lon="-3.0084782" />
    <wpt lat="54.5947467" lon="-3.0047404" />
    <wpt lat="54.5949257" lon="-3.0021136" />
    <wpt lat="54.5960315" lon="-2.9988130" />
    <wpt lat="54.5959542" lon="-2.9945546" />
    <wpt lat="54.5955758" lon="-2.9913725" />
    <wpt lat="54.5953787" lon="-2.9907485" />
    <wpt lat="54.5944875" lon="-2.9898370" />
    <wpt lat="54.5944036" lon="-2.9890998" />
    <wpt lat="54.5948000" lon="-2.9817962" />
    <wpt lat="54.5955926" lon="-2.9782554" />
    <wpt lat="54.5958113" lon="-2.9734237" />
    <wpt lat="54.5954418" lon="-2.9718671" />
    <wpt lat="54.5942606" lon="-2.9706782" />
    <wpt lat="54.5920413" lon="-2.9700451" />
    <wpt lat="54.5907321" lon="-2.9707878" />
    <wpt lat="54.5905118" lon="-2.9702410" />
    <wpt lat="54.5904965" lon="-2.9693508" />
    <wpt lat="54.5896710" lon="-2.9658104" />
    <wpt lat="54.5900150" lon="-2.9649287" />
    <wpt lat="54.5894698" lon="-2.9628654" />
    <wpt lat="54.5885220" lon="-2.9610780" />
    <wpt lat="54.5890540" lon="-2.9592640" />
    <wpt lat="54.5892080" lon="-2.9573480" />
    <wpt lat="54.5888260" lon="-2.9495430" />
    <wpt lat="54.5885430" lon="-2.9489019" />
    <wpt lat="54.5874160" lon="-2.9486310" />
    <wpt lat="54.5863950" lon="-2.9476980" />
    <wpt lat="54.5855150" lon="-2.9451889" />
    <wpt lat="54.5853790" lon="-2.9431670" />
    <wpt lat="54.5861440" lon="-2.9408179" />
    <wpt lat="54.5860100" lon="-2.9397750" />
    <wpt lat="54.5865420" lon="-2.9380709" />
    <wpt lat="54.5862170" lon="-2.9352210" />
    <wpt lat="54.5866890" lon="-2.9339950" />
    <wpt lat="54.5865400" lon="-2.9332620" />
    <wpt lat="54.5859460" lon="-2.9323759" />
    <wpt lat="54.5858230" lon="-2.9316630" />
    <wpt lat="54.5822730" lon="-2.9297350" />
    <wpt lat="54.5808560" lon="-2.9297100" />
    <wpt lat="54.5790910" lon="-2.9285379" />
    <wpt lat="54.5766640" lon="-2.9293470" />
    <wpt lat="54.5761270" lon="-2.9292139" />
    <wpt lat="54.5753780" lon="-2.9276009" />
    <wpt lat="54.5751410" lon="-2.9263880" />
    <wpt lat="54.5754250" lon="-2.9238370" />
    <wpt lat="54.5758890" lon="-2.9227559" />
    <wpt lat="54.5777050" lon="-2.9145859" />
    <wpt lat="54.5772670" lon="-2.9095200" />
    <wpt lat="54.5775770" lon="-2.9086270" />
    <wpt lat="54.5780830" lon="-2.9081879" />
    <wpt lat="54.5790960" lon="-2.9081589" />
    <wpt lat="54.5791810" lon="-2.9093529" />
    <wpt lat="54.5798480" lon="-2.9100380" />
    <wpt lat="54.5809420" lon="-2.9092600" />
    <wpt lat="54.5825220" lon="-2.9091110" />
    <wpt lat="54.5829870" lon="-2.9085080" />
    <wpt lat="54.5839040" lon="-2.9092350" />
    <wpt lat="54.5843300" lon="-2.9085049" />
    <wpt lat="54.5856730" lon="-2.9078090" />
    <wpt lat="54.5865010" lon="-2.9080680" />
    <wpt lat="54.5875210" lon="-2.9075730" />
    <wpt lat="54.5884520" lon="-2.9060579" />
    <wpt lat="54.5887600" lon="-2.9042619" />
    <wpt lat="54.5898230" lon="-2.9026460" />
    <wpt lat="54.5913311" lon="-2.9026197" />
    <wpt lat="54.5946690" lon="-2.8998080" />
    <wpt lat="54.5953480" lon="-2.8961779" />
    <wpt lat="54.5951970" lon="-2.8937820" />
    <wpt lat="54.5945120" lon="-2.8918369" />
    <wpt lat="54.5950750" lon="-2.8902910" />
    <wpt lat="54.5947530" lon="-2.8893440" />
    <wpt lat="54.5948100" lon="-2.8883999" />
    <wpt lat="54.5955340" lon="-2.8867449" />
    <wpt lat="54.5965830" lon="-2.8857560" />
    <wpt lat="54.5973530" lon="-2.8855320" />
    <wpt lat="54.5985640" lon="-2.8843009" />
    <wpt lat="54.6003720" lon="-2.8835170" />
    <wpt lat="54.6010460" lon="-2.8815229" />
    <wpt lat="54.6019340" lon="-2.8770780" />
    <wpt lat="54.6027510" lon="-2.8762410" />
    <wpt lat="54.6038760" lon="-2.8740360" />
    <wpt lat="54.6039920" lon="-2.8727050" />
    <wpt lat="54.6049000" lon="-2.8710920" />
    <wpt lat="54.6056000" lon="-2.8686500" />
    <wpt lat="54.6066830" lon="-2.8663959" />
    <wpt lat="54.6067380" lon="-2.8656380" />
    <wpt lat="54.6062300" lon="-2.8639840" />
    <wpt lat="54.6062880" lon="-2.8631400" />
    <wpt lat="54.6072990" lon="-2.8611039" />
    <wpt lat="54.6077940" lon="-2.8606670" />
    <wpt lat="54.6091510" lon="-2.8607770" />
    <wpt lat="54.6156720" lon="-2.8587930" />
    <wpt lat="54.6227050" lon="-2.8603100" />
    <wpt lat="54.6244650" lon="-2.8545149" />
    <wpt lat="54.6260130" lon="-2.8508260" />
    <wpt lat="54.6270710" lon="-2.8498030" />
    <wpt lat="54.6271260" lon="-2.8478729" />
    <wpt lat="54.6287330" lon="-2.8440169" />
    <wpt lat="54.6296750" lon="-2.8407040" />
    <wpt lat="54.6304170" lon="-2.8391750" />
    <wpt lat="54.6311470" lon="-2.8391900" />
    <wpt lat="54.6311080" lon="-2.8379980" />
    <wpt lat="54.6300020" lon="-2.8359000" />
    <wpt lat="54.6292820" lon="-2.8336580" />
    <wpt lat="54.6307860" lon="-2.8258230" />
    <wpt lat="54.6344600" lon="-2.8169420" />
    <wpt lat="54.6347940" lon="-2.8150129" />
    <wpt lat="54.6347350" lon="-2.8116960" />
    <wpt lat="54.6353510" lon="-2.8108320" />
    <wpt lat="54.6353190" lon="-2.8104850" />
    <wpt lat="54.6347420" lon="-2.8099460" />
    <wpt lat="54.6335330" lon="-2.8104740" />
    <wpt lat="54.6331910" lon="-2.8113330" />
    <wpt lat="54.6288330" lon="-2.8153020" />
    <wpt lat="54.6249920" lon="-2.8181100" />
    <wpt lat="54.6245670" lon="-2.8191130" />
    <wpt lat="54.6244790" lon="-2.8209219" />
    <wpt lat="54.6237850" lon="-2.8218760" />
    <wpt lat="54.6236310" lon="-2.8200869" />
    <wpt lat="54.6232720" lon="-2.8189740" />
    <wpt lat="54.6222560" lon="-2.8195970" />
    <wpt lat="54.6213890" lon="-2.8194839" />
    <wpt lat="54.6208890" lon="-2.8184000" />
    <wpt lat="54.6193810" lon="-2.8187819" />
    <wpt lat="54.6188740" lon="-2.8182160" />
    <wpt lat="54.6177140" lon="-2.8187789" />
    <wpt lat="54.6162270" lon="-2.8203250" />
    <wpt lat="54.6126480" lon="-2.8229629" />
    <wpt lat="54.6120800" lon="-2.8215660" />
    <wpt lat="54.6126390" lon="-2.8198680" />
    <wpt lat="54.6127070" lon="-2.8181360" />
    <wpt lat="54.6109780" lon="-2.8138189" />
    <wpt lat="54.6096530" lon="-2.8117990" />
    <wpt lat="54.6079860" lon="-2.8112869" />
    <wpt lat="54.6067960" lon="-2.8092620" />
    <wpt lat="54.6054790" lon="-2.8092100" />
    <wpt lat="54.6046810" lon="-2.8081900" />
    <wpt lat="54.6005230" lon="-2.8065330" />
    <wpt lat="54.5981210" lon="-2.8035880" />
    <wpt lat="54.5970630" lon="-2.8017109" />
    <wpt lat="54.5941890" lon="-2.8025050" />
    <wpt lat="54.5929130" lon="-2.8024119" />
    <wpt lat="54.5925460" lon="-2.8033580" />
    <wpt lat="54.5926940" lon="-2.8048910" />
    <wpt lat="54.5923560" lon="-2.8092550" />
    <wpt lat="54.5911320" lon="-2.8138690" />
    <wpt lat="54.5908760" lon="-2.8157029" />
    <wpt lat="54.5903300" lon="-2.8167929" />
    <wpt lat="54.5904740" lon="-2.8172419" />
    <wpt lat="54.5902600" lon="-2.8202210" />
    <wpt lat="54.5896970" lon="-2.8230019" />
    <wpt lat="54.5880190" lon="-2.8264459" />
    <wpt lat="54.5867650" lon="-2.8310280" />
    <wpt lat="54.5844520" lon="-2.8370380" />
    <wpt lat="54.5833980" lon="-2.8407300" />
    <wpt lat="54.5791860" lon="-2.8484990" />
    <wpt lat="54.5782980" lon="-2.8490210" />
    <wpt lat="54.5762700" lon="-2.8521920" />
    <wpt lat="54.5748210" lon="-2.8562070" />
    <wpt lat="54.5739210" lon="-2.8579020" />
    <wpt lat="54.5721700" lon="-2.8590169" />
    <wpt lat="54.5691200" lon="-2.8594170" />
    <wpt lat="54.5678860" lon="-2.8589690" />
    <wpt lat="54.5675330" lon="-2.8600710" />
    <wpt lat="54.5677330" lon="-2.8608410" />
    <wpt lat="54.5684280" lon="-2.8614059" />
    <wpt lat="54.5686770" lon="-2.8624240" />
    <wpt lat="54.5689010" lon="-2.8625549" />
    <wpt lat="54.5689090" lon="-2.8620089" />
    <wpt lat="54.5684280" lon="-2.8625070" />
    <wpt lat="54.5684190" lon="-2.8619350" />
    <wpt lat="54.5684130" lon="-2.8626129" />
    <wpt lat="54.5683150" lon="-2.8622750" />
    <wpt lat="54.5688640" lon="-2.8624719" />
    <wpt lat="54.5684370" lon="-2.8614240" />
    <wpt lat="54.5671540" lon="-2.8605820" />
    <wpt lat="54.5665320" lon="-2.8610810" />
    <wpt lat="54.5634150" lon="-2.8601279" />
    <wpt lat="54.5617440" lon="-2.8607650" />
    <wpt lat="54.5604120" lon="-2.8604450" />
    <wpt lat="54.5601700" lon="-2.8601310" />
    <wpt lat="54.5601040" lon="-2.8592870" />
    <wpt lat="54.5574040" lon="-2.8587360" />
    <wpt lat="54.5559600" lon="-2.8590199" />
    <wpt lat="54.5553420" lon="-2.8597069" />
    <wpt lat="54.5538290" lon="-2.8596410" />
    <wpt lat="54.5524100" lon="-2.8589459" />
    <wpt lat="54.5515580" lon="-2.8590950" />
    <wpt lat="54.5481510" lon="-2.8567920" />
    <wpt lat="54.5477670" lon="-2.8569739" />
    <wpt lat="54.5469120" lon="-2.8556780" />
    <wpt lat="54.5451740" lon="-2.8555280" />
    <wpt lat="54.5445800" lon="-2.8560210" />
    <wpt lat="54.5444450" lon="-2.8554320" />
    <wpt lat="54.5436900" lon="-2.8548039" />
    <wpt lat="54.5422320" lon="-2.8557430" />
    <wpt lat="54.5402130" lon="-2.8525090" />
    <wpt lat="54.5381220" lon="-2.8521810" />
    <wpt lat="54.5374460" lon="-2.8515790" />
    <wpt lat="54.5361760" lon="-2.8485520" />
    <wpt lat="54.5366190" lon="-2.8481899" />
    <wpt lat="54.5368740" lon="-2.8473539" />
    <wpt lat="54.5371190" lon="-2.8443380" />
    <wpt lat="54.5364200" lon="-2.8404789" />
    <wpt lat="54.5362920" lon="-2.8384399" />
    <wpt lat="54.5371890" lon="-2.8361089" />
    <wpt lat="54.5382730" lon="-2.8282100" />
    <wpt lat="54.5383350" lon="-2.8260289" />
    <wpt lat="54.5399010" lon="-2.8161329" />
    <wpt lat="54.5406820" lon="-2.8137049" />
    <wpt lat="54.5408030" lon="-2.8123130" />
    <wpt lat="54.5404310" lon="-2.8102809" />
    <wpt lat="54.5396650" lon="-2.8086320" />
    <wpt lat="54.5395930" lon="-2.8079359" />
    <wpt lat="54.5389900" lon="-2.8075850" />
    <wpt lat="54.5387190" lon="-2.8030309" />
    <wpt lat="54.5370710" lon="-2.8016529" />
    <wpt lat="54.5360400" lon="-2.8000279" />
    <wpt lat="54.5353110" lon="-2.8000520" />
    <wpt lat="54.5344270" lon="-2.8012750" />
    <wpt lat="54.5338280" lon="-2.8013649" />
    <wpt lat="54.5326992" lon="-2.7990989" />
    <wpt lat="54.5315790" lon="-2.7954839" />
    <wpt lat="54.5303060" lon="-2.7976959" />
    <wpt lat="54.5295640" lon="-2.8003009" />
    <wpt lat="54.5282060" lon="-2.8014420" />
    <wpt lat="54.5268280" lon="-2.8037490" />
    <wpt lat="54.5251310" lon="-2.8053919" />
    <wpt lat="54.5231740" lon="-2.8091050" />
    <wpt lat="54.5203720" lon="-2.8110920" />
    <wpt lat="54.5188560" lon="-2.8117120" />
    <wpt lat="54.5175700" lon="-2.8131240" />
    <wpt lat="54.5159390" lon="-2.8141000" />
    <wpt lat="54.5109100" lon="-2.8196569" />
    <wpt lat="54.5095810" lon="-2.8189379" />
    <wpt lat="54.5066860" lon="-2.8189539" />
    <wpt lat="54.5046620" lon="-2.8181950" />
    <wpt lat="54.5018980" lon="-2.8180820" />
    <wpt lat="54.5011660" lon="-2.8190040" />
    <wpt lat="54.4995700" lon="-2.8224660" />
    <wpt lat="54.4989850" lon="-2.8223920" />
    <wpt lat="54.4984750" lon="-2.8230990" />
    <wpt lat="54.4979800" lon="-2.8229160" />
    <wpt lat="54.4974440" lon="-2.8212710" />
    <wpt lat="54.4967660" lon="-2.8204909" />
    <wpt lat="54.4961650" lon="-2.8189430" />
    <wpt lat="54.4959310" lon="-2.8175549" />
    <wpt lat="54.4960870" lon="-2.8155840" />
    <wpt lat="54.4957460" lon="-2.8153800" />
    <wpt lat="54.4946000" lon="-2.8161960" />
    <wpt lat="54.4901120" lon="-2.8237950" />
    <wpt lat="54.4889940" lon="-2.8224660" />
    <wpt lat="54.4886800" lon="-2.8214360" />
    <wpt lat="54.4890750" lon="-2.8208560" />
    <wpt lat="54.4883500" lon="-2.8212770" />
    <wpt lat="54.4872430" lon="-2.8230910" />
    <wpt lat="54.4858130" lon="-2.8232320" />
    <wpt lat="54.4855140" lon="-2.8222860" />
    <wpt lat="54.4846620" lon="-2.8220490" />
    <wpt lat="54.4839020" lon="-2.8209440" />
    <wpt lat="54.4836270" lon="-2.8210529" />
    <wpt lat="54.4834880" lon="-2.8202690" />
    <wpt lat="54.4829680" lon="-2.8201479" />
    <wpt lat="54.4824610" lon="-2.8190860" />
    <wpt lat="54.4810460" lon="-2.8180589" />
    <wpt lat="54.4793480" lon="-2.8156240" />
    <wpt lat="54.4791470" lon="-2.8158520" />
    <wpt lat="54.4789270" lon="-2.8148959" />
    <wpt lat="54.4783700" lon="-2.8141110" />
    <wpt lat="54.4776410" lon="-2.8136490" />
    <wpt lat="54.4763300" lon="-2.8136650" />
    <wpt lat="54.4754570" lon="-2.8129249" />
    <wpt lat="54.4750850" lon="-2.8113279" />
    <wpt lat="54.4742870" lon="-2.8099320" />
    <wpt lat="54.4727330" lon="-2.8086150" />
    <wpt lat="54.4715910" lon="-2.8091540" />
    <wpt lat="54.4710420" lon="-2.8087390" />
    <wpt lat="54.4709070" lon="-2.8089760" />
    <wpt lat="54.4706430" lon="-2.8078720" />
    <wpt lat="54.4701550" lon="-2.8078030" />
    <wpt lat="54.4696840" lon="-2.8068520" />
    <wpt lat="54.4688490" lon="-2.8067600" />
    <wpt lat="54.4681820" lon="-2.8056470" />
    <wpt lat="54.4644960" lon="-2.8071289" />
    <wpt lat="54.4639160" lon="-2.8068250" />
    <wpt lat="54.4639420" lon="-2.8074860" />
    <wpt lat="54.4633250" lon="-2.8070449" />
    <wpt lat="54.4620350" lon="-2.8070850" />
    <wpt lat="54.4600320" lon="-2.8059190" />
    <wpt lat="54.4592480" lon="-2.8041650" />
    <wpt lat="54.4577070" lon="-2.8026299" />
    <wpt lat="54.4561320" lon="-2.8020679" />
    <wpt lat="54.4529820" lon="-2.8000119" />
    <wpt lat="54.4497860" lon="-2.7993629" />
    <wpt lat="54.4475210" lon="-2.7979839" />
    <wpt lat="54.4459080" lon="-2.7974550" />
    <wpt lat="54.4441360" lon="-2.7978610" />
    <wpt lat="54.4440930" lon="-2.7992250" />
    <wpt lat="54.4434510" lon="-2.8004080" />
    <wpt lat="54.4425100" lon="-2.8004230" />
    <wpt lat="54.4417300" lon="-2.8009280" />
    <wpt lat="54.4388870" lon="-2.8003660" />
    <wpt lat="54.4384070" lon="-2.8007280" />
    <wpt lat="54.4380650" lon="-2.8011540" />
    <wpt lat="54.4377940" lon="-2.8027660" />
    <wpt lat="54.4369950" lon="-2.8048670" />
    <wpt lat="54.4369490" lon="-2.8075810" />
    <wpt lat="54.4374650" lon="-2.8095150" />
    <wpt lat="54.4374360" lon="-2.8145420" />
    <wpt lat="54.4359080" lon="-2.8231830" />
    <wpt lat="54.4362460" lon="-2.8248840" />
    <wpt lat="54.4374920" lon="-2.8251180" />
    <wpt lat="54.4378550" lon="-2.8265189" />
    <wpt lat="54.4373720" lon="-2.8278809" />
    <wpt lat="54.4347310" lon="-2.8298860" />
    <wpt lat="54.4344930" lon="-2.8315359" />
    <wpt lat="54.4340260" lon="-2.8324090" />
    <wpt lat="54.4342710" lon="-2.8335410" />
    <wpt lat="54.4339790" lon="-2.8345549" />
    <wpt lat="54.4330380" lon="-2.8348640" />
    <wpt lat="54.4317020" lon="-2.8365839" />
    <wpt lat="54.4309150" lon="-2.8371279" />
    <wpt lat="54.4296740" lon="-2.8391360" />
    <wpt lat="54.4292280" lon="-2.8393380" />
    <wpt lat="54.4296010" lon="-2.8401400" />
    <wpt lat="54.4291790" lon="-2.8400410" />
    <wpt lat="54.4297920" lon="-2.8404700" />
    <wpt lat="54.4303110" lon="-2.8403509" />
    <wpt lat="54.4309750" lon="-2.8409780" />
    <wpt lat="54.4319180" lon="-2.8406519" />
    <wpt lat="54.4323980" lon="-2.8427119" />
    <wpt lat="54.4330760" lon="-2.8440059" />
    <wpt lat="54.4329560" lon="-2.8464410" />
    <wpt lat="54.4325580" lon="-2.8486680" />
    <wpt lat="54.4328380" lon="-2.8518180" />
    <wpt lat="54.4326450" lon="-2.8568720" />
    <wpt lat="54.4330600" lon="-2.8595410" />
    <wpt lat="54.4337660" lon="-2.8618270" />
    <wpt lat="54.4335840" lon="-2.8627660" />
    <wpt lat="54.4318640" lon="-2.8666340" />
    <wpt lat="54.4318730" lon="-2.8674240" />
    <wpt lat="54.4315410" lon="-2.8682310" />
    <wpt lat="54.4315290" lon="-2.8696159" />
    <wpt lat="54.4321960" lon="-2.8729500" />
    <wpt lat="54.4311500" lon="-2.8741860" />
    <wpt lat="54.4309350" lon="-2.8763860" />
    <wpt lat="54.4304360" lon="-2.8777299" />
    <wpt lat="54.4303310" lon="-2.8788049" />
    <wpt lat="54.4283050" lon="-2.8839060" />
    <wpt lat="54.4280610" lon="-2.8851059" />
    <wpt lat="54.4274020" lon="-2.8862390" />
    <wpt lat="54.4262290" lon="-2.8873759" />
    <wpt lat="54.4258020" lon="-2.8888400" />
    <wpt lat="54.4182380" lon="-2.8966860" />
    <wpt lat="54.4181910" lon="-2.8972490" />
    <wpt lat="54.4177300" lon="-2.8975710" />
    <wpt lat="54.4166140" lon="-2.9000400" />
    <wpt lat="54.4149460" lon="-2.9021769" />
    <wpt lat="54.4140680" lon="-2.9042810" />
    <wpt lat="54.4134730" lon="-2.9064010" />
    <wpt lat="54.4144190" lon="-2.9065189" />
    <wpt lat="54.4154150" lon="-2.9076829" />
    <wpt lat="54.4160580" lon="-2.9069789" />
    <wpt lat="54.4162960" lon="-2.9071949" />
    <wpt lat="54.4156460" lon="-2.9101900" />
    <wpt lat="54.4159410" lon="-2.9120409" />
    <wpt lat="54.4156410" lon="-2.9137210" />
    <wpt lat="54.4158620" lon="-2.9143650" />
    <wpt lat="54.4134070" lon="-2.9171270" />
    <wpt lat="54.4126250" lon="-2.9186690" />
    <wpt lat="54.4121530" lon="-2.9201330" />
    <wpt lat="54.4116270" lon="-2.9242760" />
    <wpt lat="54.4118580" lon="-2.9267890" />
    <wpt lat="54.4121480" lon="-2.9276469" />
    <wpt lat="54.4145560" lon="-2.9308260" />
    <wpt lat="54.4152720" lon="-2.9322720" />
    <wpt lat="54.4170160" lon="-2.9330160" />
    <wpt lat="54.4173990" lon="-2.9344380" />
    <wpt lat="54.4173970" lon="-2.9354320" />
    <wpt lat="54.4177440" lon="-2.9365150" />
    <wpt lat="54.4172520" lon="-2.9377630" />
    <wpt lat="54.4176590" lon="-2.9412219" />
    <wpt lat="54.4174370" lon="-2.9432499" />
    <wpt lat="54.4176290" lon="-2.9445340" />
    <wpt lat="54.4175090" lon="-2.9468319" />
    <wpt lat="54.4177330" lon="-2.9479340" />
    <wpt lat="54.4175860" lon="-2.9492720" />
    <wpt lat="54.4180000" lon="-2.9512309" />
    <wpt lat="54.4186950" lon="-2.9526519" />
    <wpt lat="54.4186110" lon="-2.9532270" />
    <wpt lat="54.4193450" lon="-2.9541229" />
    <wpt lat="54.4191990" lon="-2.9549969" />
    <wpt lat="54.4195810" lon="-2.9558759" />
    <wpt lat="54.4204020" lon="-2.9571409" />
    <wpt lat="54.4217500" lon="-2.9581150" />
    <wpt lat="54.4228610" lon="-2.9580140" />
    <wpt lat="54.4237110" lon="-2.9583929" />
    <wpt lat="54.4243170" lon="-2.9604649" />
    <wpt lat="54.4247800" lon="-2.9607959" />
    <wpt lat="54.4279530" lon="-2.9612640" />
    <wpt lat="54.4297460" lon="-2.9622329" />
    <wpt lat="54.4315367" lon="-2.9622065" />
    <wpt lat="54.4316303" lon="-2.9639294" />
    <wpt lat="54.4310320" lon="-2.9663630" />
    <wpt lat="54.4318310" lon="-2.9700750" />
    <wpt lat="54.4315900" lon="-2.9699839" />
    <wpt lat="54.4321300" lon="-2.9718890" />
    <wpt lat="54.4317410" lon="-2.9733110" />
    <wpt lat="54.4319710" lon="-2.9765650" />
    <wpt lat="54.4316140" lon="-2.9768320" />
    <wpt lat="54.4321520" lon="-2.9773159" />
    <wpt lat="54.4327530" lon="-2.9787030" />
    <wpt lat="54.4320130" lon="-2.9820939" />
    <wpt lat="54.4323850" lon="-2.9839290" />
    <wpt lat="54.4322310" lon="-2.9855120" />
    <wpt lat="54.4325960" lon="-2.9868870" />
    <wpt lat="54.4306860" lon="-2.9914549" />
    <wpt lat="54.4303720" lon="-2.9938740" />
    <wpt lat="54.4296150" lon="-2.9955079" />
    <wpt lat="54.4275990" lon="-2.9978269" />
    <wpt lat="54.4271640" lon="-2.9988700" />
    <wpt lat="54.4271070" lon="-2.9993140" />
    <wpt lat="54.4287710" lon="-3.0034649" />
    <wpt lat="54.4289680" lon="-3.0049910" />
    <wpt lat="54.4277460" lon="-3.0074400" />
    <wpt lat="54.4275430" lon="-3.0091019" />
    <wpt lat="54.4270730" lon="-3.0094110" />
    <wpt lat="54.4270930" lon="-3.0101779" />
    <wpt lat="54.4263990" lon="-3.0101919" />
    <wpt lat="54.4250720" lon="-3.0110660" />
    <wpt lat="54.4236500" lon="-3.0108170" />
    <wpt lat="54.4219260" lon="-3.0122219" />
    <wpt lat="54.4216820" lon="-3.0127860" />
    <wpt lat="54.4221890" lon="-3.0160510" />
    <wpt lat="54.4228230" lon="-3.0174630" />
    <wpt lat="54.4230060" lon="-3.0196900" />
    <wpt lat="54.4233320" lon="-3.0203490" />
    <wpt lat="54.4238900" lon="-3.0205690" />
    <wpt lat="54.4255420" lon="-3.0200060" />
    <wpt lat="54.4269380" lon="-3.0221940" />
    <wpt lat="54.4286670" lon="-3.0222510" />
    <wpt lat="54.4296290" lon="-3.0228860" />
    <wpt lat="54.4304100" lon="-3.0274700" />
    <wpt lat="54.4302160" lon="-3.0282080" />
    <wpt lat="54.4305460" lon="-3.0314690" />
    <wpt lat="54.4314110" lon="-3.0326800" />
    <wpt lat="54.4338130" lon="-3.0378749" />
    <wpt lat="54.4336980" lon="-3.0383320" />
    <wpt lat="54.4340610" lon="-3.0391569" />
    <wpt lat="54.4340790" lon="-3.0399469" />
    <wpt lat="54.4348750" lon="-3.0406330" />
    <wpt lat="54.4358020" lon="-3.0422110" />
    <wpt lat="54.4367630" lon="-3.0429180" />
    <wpt lat="54.4372160" lon="-3.0437080" />
    <wpt lat="54.4380530" lon="-3.0467980" />
    <wpt lat="54.4383430" lon="-3.0471099" />
    <wpt lat="54.4381290" lon="-3.0476060" />
    <wpt lat="54.4381520" lon="-3.0485860" />
    <wpt lat="54.4385015" lon="-3.0501241" />
    <wpt lat="54.4392700" lon="-3.0521868" />
    <wpt lat="54.4393404" lon="-3.0544243" />
    <wpt lat="54.4383976" lon="-3.0543230" />
    <wpt lat="54.4395657" lon="-3.0594623" />
    <wpt lat="54.4403901" lon="-3.0609885" />
    <wpt lat="54.4418235" lon="-3.0613498" />
    <wpt lat="54.4424600" lon="-3.0621140" />
    <wpt lat="54.4433080" lon="-3.0650299" />
    <wpt lat="54.4425180" lon="-3.0677449" />
    <wpt lat="54.4436410" lon="-3.0685929" />
    <wpt lat="54.4438330" lon="-3.0698299" />
    <wpt lat="54.4451720" lon="-3.0721479" />
    <wpt lat="54.4458350" lon="-3.0746580" />
    <wpt lat="54.4458480" lon="-3.0793500" />
    <wpt lat="54.4450310" lon="-3.0818529" />
    <wpt lat="54.4453110" lon="-3.0858239" />
    <wpt lat="54.4448810" lon="-3.0872870" />
    <wpt lat="54.4442690" lon="-3.0877990" />
    <wpt lat="54.4432690" lon="-3.0898690" />
    <wpt lat="54.4431390" lon="-3.0909700" />
    <wpt lat="54.4414380" lon="-3.0964196" />
    <wpt lat="54.4402410" lon="-3.1015680" />
    <wpt lat="54.4397230" lon="-3.1008180" />
    <wpt lat="54.4390300" lon="-3.1006570" />
    <wpt lat="54.4389350" lon="-3.1001430" />
    <wpt lat="54.4380320" lon="-3.0995680" />
    <wpt lat="54.4371120" lon="-3.0983130" />
    <wpt lat="54.4367240" lon="-3.0971380" />
    <wpt lat="54.4362510" lon="-3.0973299" />
    <wpt lat="54.4354810" lon="-3.0963659" />
    <wpt lat="54.4333800" lon="-3.0965480" />
    <wpt lat="54.4326660" lon="-3.0951390" />
    <wpt lat="54.4320340" lon="-3.0949699" />
    <wpt lat="54.4309740" lon="-3.0937359" />
    <wpt lat="54.4302450" lon="-3.0937590" />
    <wpt lat="54.4295700" lon="-3.0925440" />
    <wpt lat="54.4280190" lon="-3.0923720" />
    <wpt lat="54.4268580" lon="-3.0927559" />
    <wpt lat="54.4263480" lon="-3.0914870" />
    <wpt lat="54.4257150" lon="-3.0912110" />
    <wpt lat="54.4251510" lon="-3.0904239" />
    <wpt lat="54.4237350" lon="-3.0897990" />
    <wpt lat="54.4227310" lon="-3.0902790" />
    <wpt lat="54.4203697" lon="-3.0926971" />
    <wpt lat="54.4190198" lon="-3.0933167" />
    <wpt lat="54.4198270" lon="-3.0896460" />
    <wpt lat="54.4198980" lon="-3.0866940" />
    <wpt lat="54.4194050" lon="-3.0852850" />
    <wpt lat="54.4195350" lon="-3.0834450" />
    <wpt lat="54.4198810" lon="-3.0825869" />
    <wpt lat="54.4189220" lon="-3.0814890" />
    <wpt lat="54.4190730" lon="-3.0802060" />
    <wpt lat="54.4170060" lon="-3.0788079" />
    <wpt lat="54.4163330" lon="-3.0778800" />
    <wpt lat="54.4161720" lon="-3.0772010" />
    <wpt lat="54.4164710" lon="-3.0760760" />
    <wpt lat="54.4162300" lon="-3.0748059" />
    <wpt lat="54.4162240" lon="-3.0721730" />
    <wpt lat="54.4159040" lon="-3.0704540" />
    <wpt lat="54.4149980" lon="-3.0689849" />
    <wpt lat="54.4144310" lon="-3.0665610" />
    <wpt lat="54.4130290" lon="-3.0663550" />
    <wpt lat="54.4103260" lon="-3.0651419" />
    <wpt lat="54.4096770" lon="-3.0653019" />
    <wpt lat="54.4087980" lon="-3.0647050" />
    <wpt lat="54.4081140" lon="-3.0651370" />
    <wpt lat="54.4074960" lon="-3.0643870" />
    <wpt lat="54.4052710" lon="-3.0652780" />
    <wpt lat="54.4043770" lon="-3.0652520" />
    <wpt lat="54.4013570" lon="-3.0708750" />
    <wpt lat="54.4006280" lon="-3.0713129" />
    <wpt lat="54.4003320" lon="-3.0705069" />
    <wpt lat="54.3994910" lon="-3.0698530" />
    <wpt lat="54.3983370" lon="-3.0721169" />
    <wpt lat="54.3970240" lon="-3.0730389" />
    <wpt lat="54.3963280" lon="-3.0741650" />
    <wpt lat="54.3959120" lon="-3.0751350" />
    <wpt lat="54.3957860" lon="-3.0763110" />
    <wpt lat="54.3967830" lon="-3.0795060" />
    <wpt lat="54.3962520" lon="-3.0802520" />
    <wpt lat="54.3955150" lon="-3.0802200" />
    <wpt lat="54.3929590" lon="-3.0780879" />
    <wpt lat="54.3910040" lon="-3.0789860" />
    <wpt lat="54.3902560" lon="-3.0789079" />
    <wpt lat="54.3902180" lon="-3.0785230" />
    <wpt lat="54.3902350" lon="-3.0794780" />
    <wpt lat="54.3889680" lon="-3.0808550" />
    <wpt lat="54.3879530" lon="-3.0828570" />
    <wpt lat="54.3872580" lon="-3.0834550" />
    <wpt lat="54.3860390" lon="-3.0854390" />
    <wpt lat="54.3827770" lon="-3.0893100" />
    <wpt lat="54.3812260" lon="-3.0904000" />
    <wpt lat="54.3804110" lon="-3.0904060" />
    <wpt lat="54.3783520" lon="-3.0888270" />
    <wpt lat="54.3775160" lon="-3.0885590" />
    <wpt lat="54.3766580" lon="-3.0892830" />
    <wpt lat="54.3770960" lon="-3.0899690" />
    <wpt lat="54.3759410" lon="-3.0902130" />
    <wpt lat="54.3731780" lon="-3.0883419" />
    <wpt lat="54.3725400" lon="-3.0867309" />
    <wpt lat="54.3722000" lon="-3.0847459" />
    <wpt lat="54.3725780" lon="-3.0820160" />
    <wpt lat="54.3721880" lon="-3.0803039" />
    <wpt lat="54.3723780" lon="-3.0786189" />
    <wpt lat="54.3711030" lon="-3.0781650" />
    <wpt lat="54.3704090" lon="-3.0766980" />
    <wpt lat="54.3697440" lon="-3.0764209" />
    <wpt lat="54.3693130" lon="-3.0757340" />
    <wpt lat="54.3690270" lon="-3.0756559" />
    <wpt lat="54.3682110" lon="-3.0765370" />
    <wpt lat="54.3678620" lon="-3.0746610" />
    <wpt lat="54.3675460" lon="-3.0741680" />
    <trk>
        <name>New Whole 100</name>
        <trkseg>
            <trkpt lat="54.3675960" lon="-3.0742479"><ele>52.6</ele></trkpt>
            <trkpt lat="54.3681140" lon="-3.0765400"><ele>64.0</ele></trkpt>
            <trkpt lat="54.3692620" lon="-3.0758190"><ele>59.4</ele></trkpt>
            <trkpt lat="54.3698310" lon="-3.0764980"><ele>58.8</ele></trkpt>
            <trkpt lat="54.3702940" lon="-3.0765510"><ele>66.3</ele></trkpt>
            <trkpt lat="54.3711650" lon="-3.0782039"><ele>74.5</ele></trkpt>
            <trkpt lat="54.3721250" lon="-3.0783130"><ele>84.4</ele></trkpt>
            <trkpt lat="54.3724070" lon="-3.0787779"><ele>93.5</ele></trkpt>
            <trkpt lat="54.3722290" lon="-3.0801500"><ele>105.8</ele></trkpt>
            <trkpt lat="54.3726180" lon="-3.0820790"><ele>118.3</ele></trkpt>
            <trkpt lat="54.3723510" lon="-3.0852970"><ele>130.3</ele></trkpt>
            <trkpt lat="54.3728620" lon="-3.0872530"><ele>140.1</ele></trkpt>
            <trkpt lat="54.3728470" lon="-3.0881160"><ele>147.7</ele></trkpt>
            <trkpt lat="54.3737950" lon="-3.0892039"><ele>164.4</ele></trkpt>
            <trkpt lat="54.3748150" lon="-3.0929999"><ele>200.5</ele></trkpt>
            <trkpt lat="54.3746000" lon="-3.0953569"><ele>225.4</ele></trkpt>
            <trkpt lat="54.3741080" lon="-3.0969740"><ele>249.7</ele></trkpt>
            <trkpt lat="54.3741680" lon="-3.1011630"><ele>279.2</ele></trkpt>
            <trkpt lat="54.3734060" lon="-3.1028710"><ele>305.2</ele></trkpt>
            <trkpt lat="54.3731520" lon="-3.1024080"><ele>303.5</ele></trkpt>
            <trkpt lat="54.3699700" lon="-3.1021189"><ele>283.4</ele></trkpt>
            <trkpt lat="54.3660110" lon="-3.0984199"><ele>242.4</ele></trkpt>
            <trkpt lat="54.3654210" lon="-3.0983960"><ele>235.5</ele></trkpt>
            <trkpt lat="54.3648820" lon="-3.0968829"><ele>231.9</ele></trkpt>
            <trkpt lat="54.3642900" lon="-3.0964840"><ele>231.5</ele></trkpt>
            <trkpt lat="54.3640070" lon="-3.0956339"><ele>221.5</ele></trkpt>
            <trkpt lat="54.3625930" lon="-3.0989519"><ele>243.5</ele></trkpt>
            <trkpt lat="54.3624380" lon="-3.1002440"><ele>253.8</ele></trkpt>
            <trkpt lat="54.3627400" lon="-3.1017439"><ele>258.6</ele></trkpt>
            <trkpt lat="54.3626180" lon="-3.1030969"><ele>265.7</ele></trkpt>
            <trkpt lat="54.3619180" lon="-3.1058740"><ele>280.1</ele></trkpt>
            <trkpt lat="54.3602430" lon="-3.1082270"><ele>283.7</ele></trkpt>
            <trkpt lat="54.3585170" lon="-3.1120539"><ele>280.9</ele></trkpt>
            <trkpt lat="54.3582110" lon="-3.1158730"><ele>315.2</ele></trkpt>
            <trkpt lat="54.3586200" lon="-3.1183880"><ele>335.2</ele></trkpt>
            <trkpt lat="54.3581220" lon="-3.1205809"><ele>351.5</ele></trkpt>
            <trkpt lat="54.3587200" lon="-3.1231279"><ele>370.8</ele></trkpt>
            <trkpt lat="54.3578050" lon="-3.1298220"><ele>429.7</ele></trkpt>
            <trkpt lat="54.3580810" lon="-3.1306720"><ele>435.1</ele></trkpt>
            <trkpt lat="54.3578640" lon="-3.1308270"><ele>451.7</ele></trkpt>
            <trkpt lat="54.3579470" lon="-3.1315030"><ele>471.8</ele></trkpt>
            <trkpt lat="54.3575610" lon="-3.1331300"><ele>494.2</ele></trkpt>
            <trkpt lat="54.3572000" lon="-3.1336240"><ele>488.5</ele></trkpt>
            <trkpt lat="54.3575040" lon="-3.1356950"><ele>515.3</ele></trkpt>
            <trkpt lat="54.3571950" lon="-3.1373440"><ele>543.6</ele></trkpt>
            <trkpt lat="54.3573580" lon="-3.1392140"><ele>571.3</ele></trkpt>
            <trkpt lat="54.3584380" lon="-3.1435250"><ele>595.1</ele></trkpt>
            <trkpt lat="54.3587340" lon="-3.1439939"><ele>584.5</ele></trkpt>
            <trkpt lat="54.3558840" lon="-3.1523379"><ele>472.9</ele></trkpt>
            <trkpt lat="54.3558530" lon="-3.1543430"><ele>442.5</ele></trkpt>
            <trkpt lat="54.3560510" lon="-3.1554100"><ele>428.0</ele></trkpt>
            <trkpt lat="54.3566460" lon="-3.1551989"><ele>413.2</ele></trkpt>
            <trkpt lat="54.3573340" lon="-3.1562260"><ele>389.5</ele></trkpt>
            <trkpt lat="54.3581230" lon="-3.1583710"><ele>353.5</ele></trkpt>
            <trkpt lat="54.3588320" lon="-3.1593350"><ele>342.0</ele></trkpt>
            <trkpt lat="54.3590840" lon="-3.1605960"><ele>328.5</ele></trkpt>
            <trkpt lat="54.3597830" lon="-3.1615119"><ele>315.5</ele></trkpt>
            <trkpt lat="54.3605500" lon="-3.1654770"><ele>263.0</ele></trkpt>
            <trkpt lat="54.3607860" lon="-3.1677610"><ele>236.2</ele></trkpt>
            <trkpt lat="54.3605030" lon="-3.1686749"><ele>218.0</ele></trkpt>
            <trkpt lat="54.3609830" lon="-3.1698030"><ele>204.7</ele></trkpt>
            <trkpt lat="54.3608570" lon="-3.1703470"><ele>194.8</ele></trkpt>
            <trkpt lat="54.3610440" lon="-3.1705429"><ele>192.8</ele></trkpt>
            <trkpt lat="54.3610820" lon="-3.1726840"><ele>174.2</ele></trkpt>
            <trkpt lat="54.3615470" lon="-3.1741760"><ele>166.5</ele></trkpt>
            <trkpt lat="54.3619460" lon="-3.1772200"><ele>169.8</ele></trkpt>
            <trkpt lat="54.3617800" lon="-3.1787210"><ele>164.5</ele></trkpt>
            <trkpt lat="54.3621300" lon="-3.1797479"><ele>158.8</ele></trkpt>
            <trkpt lat="54.3617290" lon="-3.1815920"><ele>145.9</ele></trkpt>
            <trkpt lat="54.3611710" lon="-3.1824529"><ele>146.4</ele></trkpt>
            <trkpt lat="54.3599630" lon="-3.1826460"><ele>148.8</ele></trkpt>
            <trkpt lat="54.3590360" lon="-3.1835749"><ele>147.4</ele></trkpt>
            <trkpt lat="54.3582950" lon="-3.1836210"><ele>140.2</ele></trkpt>
            <trkpt lat="54.3565010" lon="-3.1847870"><ele>121.5</ele></trkpt>
            <trkpt lat="54.3551470" lon="-3.1878290"><ele>111.2</ele></trkpt>
            <trkpt lat="54.3540400" lon="-3.1882330"><ele>107.1</ele></trkpt>
            <trkpt lat="54.3534100" lon="-3.1889980"><ele>107.1</ele></trkpt>
            <trkpt lat="54.3538430" lon="-3.1901420"><ele>102.1</ele></trkpt>
            <trkpt lat="54.3536560" lon="-3.1924430"><ele>103.3</ele></trkpt>
            <trkpt lat="54.3540970" lon="-3.1927390"><ele>108.0</ele></trkpt>
            <trkpt lat="54.3542420" lon="-3.1934180"><ele>104.8</ele></trkpt>
            <trkpt lat="54.3546690" lon="-3.1938220"><ele>111.2</ele></trkpt>
            <trkpt lat="54.3553860" lon="-3.1944090"><ele>111.0</ele></trkpt>
            <trkpt lat="54.3563260" lon="-3.1955460"><ele>106.3</ele></trkpt>
            <trkpt lat="54.3569530" lon="-3.1950640"><ele>106.7</ele></trkpt>
            <trkpt lat="54.3570503" lon="-3.1953342"><ele>112.3</ele></trkpt>
            <trkpt lat="54.3566899" lon="-3.1999945"><ele>103.1</ele></trkpt>
            <trkpt lat="54.3567269" lon="-3.2006626"><ele>103.0</ele></trkpt>
            <trkpt lat="54.3573052" lon="-3.2011277"><ele>107.6</ele></trkpt>
            <trkpt lat="54.3589229" lon="-3.2004410"><ele>147.6</ele></trkpt>
            <trkpt lat="54.3592171" lon="-3.2007643"><ele>156.7</ele></trkpt>
            <trkpt lat="54.3594793" lon="-3.2003423"><ele>164.9</ele></trkpt>
            <trkpt lat="54.3597429" lon="-3.2006169"><ele>178.3</ele></trkpt>
            <trkpt lat="54.3598611" lon="-3.1998760"><ele>181.5</ele></trkpt>
            <trkpt lat="54.3618880" lon="-3.2007018"><ele>233.9</ele></trkpt>
            <trkpt lat="54.3624301" lon="-3.1984913"><ele>250.2</ele></trkpt>
            <trkpt lat="54.3634189" lon="-3.1973193"><ele>247.0</ele></trkpt>
            <trkpt lat="54.3645684" lon="-3.1972518"><ele>238.0</ele></trkpt>
            <trkpt lat="54.3675691" lon="-3.1955850"><ele>244.4</ele></trkpt>
            <trkpt lat="54.3691075" lon="-3.1957268"><ele>238.9</ele></trkpt>
            <trkpt lat="54.3695209" lon="-3.1950637"><ele>225.6</ele></trkpt>
            <trkpt lat="54.3710545" lon="-3.1946064"><ele>218.2</ele></trkpt>
            <trkpt lat="54.3717919" lon="-3.1950568"><ele>230.4</ele></trkpt>
            <trkpt lat="54.3724430" lon="-3.1958629"><ele>235.3</ele></trkpt>
            <trkpt lat="54.3722504" lon="-3.1964111"><ele>238.2</ele></trkpt>
            <trkpt lat="54.3727184" lon="-3.1972644"><ele>238.6</ele></trkpt>
            <trkpt lat="54.3725572" lon="-3.1999932"><ele>249.8</ele></trkpt>
            <trkpt lat="54.3727017" lon="-3.2021284"><ele>249.9</ele></trkpt>
            <trkpt lat="54.3735260" lon="-3.2040055"><ele>255.2</ele></trkpt>
            <trkpt lat="54.3740442" lon="-3.2042767"><ele>262.9</ele></trkpt>
            <trkpt lat="54.3752523" lon="-3.2066870"><ele>279.3</ele></trkpt>
            <trkpt lat="54.3755153" lon="-3.2087261"><ele>289.0</ele></trkpt>
            <trkpt lat="54.3763359" lon="-3.2107274"><ele>301.6</ele></trkpt>
            <trkpt lat="54.3790617" lon="-3.2114811"><ele>336.4</ele></trkpt>
            <trkpt lat="54.3815144" lon="-3.2142127"><ele>355.4</ele></trkpt>
            <trkpt lat="54.3826329" lon="-3.2161287"><ele>348.1</ele></trkpt>
            <trkpt lat="54.3835871" lon="-3.2167485"><ele>344.2</ele></trkpt>
            <trkpt lat="54.3845720" lon="-3.2184127"><ele>345.8</ele></trkpt>
            <trkpt lat="54.3849954" lon="-3.2185727"><ele>347.9</ele></trkpt>
            <trkpt lat="54.3856595" lon="-3.2206559"><ele>334.5</ele></trkpt>
            <trkpt lat="54.3867815" lon="-3.2215093"><ele>323.3</ele></trkpt>
            <trkpt lat="54.3874036" lon="-3.2224947"><ele>315.3</ele></trkpt>
            <trkpt lat="54.3890772" lon="-3.2227882"><ele>289.3</ele></trkpt>
            <trkpt lat="54.3910848" lon="-3.2278617"><ele>216.8</ele></trkpt>
            <trkpt lat="54.3909301" lon="-3.2295080"><ele>215.7</ele></trkpt>
            <trkpt lat="54.3911965" lon="-3.2299519"><ele>210.1</ele></trkpt>
            <trkpt lat="54.3913825" lon="-3.2318390"><ele>190.0</ele></trkpt>
            <trkpt lat="54.3913893" lon="-3.2360701"><ele>177.1</ele></trkpt>
            <trkpt lat="54.3922874" lon="-3.2375006"><ele>139.2</ele></trkpt>
            <trkpt lat="54.3927736" lon="-3.2376736"><ele>135.4</ele></trkpt>
            <trkpt lat="54.3927568" lon="-3.2398243"><ele>114.3</ele></trkpt>
            <trkpt lat="54.3933076" lon="-3.2396052"><ele>101.4</ele></trkpt>
            <trkpt lat="54.3952446" lon="-3.2407572"><ele>80.3</ele></trkpt>
            <trkpt lat="54.3955520" lon="-3.2421313"><ele>74.8</ele></trkpt>
            <trkpt lat="54.3953214" lon="-3.2428099"><ele>78.1</ele></trkpt>
            <trkpt lat="54.3953327" lon="-3.2441785"><ele>75.7</ele></trkpt>
            <trkpt lat="54.3959847" lon="-3.2446319"><ele>72.5</ele></trkpt>
            <trkpt lat="54.3960990" lon="-3.2462382"><ele>67.0</ele></trkpt>
            <trkpt lat="54.3957674" lon="-3.2499781"><ele>69.5</ele></trkpt>
            <trkpt lat="54.3945145" lon="-3.2513172"><ele>64.7</ele></trkpt>
            <trkpt lat="54.3940705" lon="-3.2534082"><ele>64.3</ele></trkpt>
            <trkpt lat="54.3934276" lon="-3.2547688"><ele>60.3</ele></trkpt>
            <trkpt lat="54.3932628" lon="-3.2559950"><ele>66.2</ele></trkpt>
            <trkpt lat="54.3913596" lon="-3.2593536"><ele>67.1</ele></trkpt>
            <trkpt lat="54.3901744" lon="-3.2636384"><ele>64.5</ele></trkpt>
            <trkpt lat="54.3903869" lon="-3.2662374"><ele>59.7</ele></trkpt>
            <trkpt lat="54.3910447" lon="-3.2680262"><ele>52.3</ele></trkpt>
            <trkpt lat="54.3908982" lon="-3.2702119"><ele>47.3</ele></trkpt>
            <trkpt lat="54.3924397" lon="-3.2707990"><ele>48.7</ele></trkpt>
            <trkpt lat="54.3926730" lon="-3.2700101"><ele>51.5</ele></trkpt>
            <trkpt lat="54.3930837" lon="-3.2699123"><ele>52.3</ele></trkpt>
            <trkpt lat="54.3940793" lon="-3.2707529"><ele>60.6</ele></trkpt>
            <trkpt lat="54.3954203" lon="-3.2704200"><ele>53.4</ele></trkpt>
            <trkpt lat="54.3965160" lon="-3.2710531"><ele>53.5</ele></trkpt>
            <trkpt lat="54.3973068" lon="-3.2708395"><ele>53.4</ele></trkpt>
            <trkpt lat="54.3982361" lon="-3.2700173"><ele>59.0</ele></trkpt>
            <trkpt lat="54.3994710" lon="-3.2704369"><ele>69.1</ele></trkpt>
            <trkpt lat="54.4001020" lon="-3.2702150"><ele>81.4</ele></trkpt>
            <trkpt lat="54.4012180" lon="-3.2688880"><ele>104.7</ele></trkpt>
            <trkpt lat="54.4030530" lon="-3.2681020"><ele>130.6</ele></trkpt>
            <trkpt lat="54.4051560" lon="-3.2660740"><ele>148.8</ele></trkpt>
            <trkpt lat="54.4066340" lon="-3.2650890"><ele>158.1</ele></trkpt>
            <trkpt lat="54.4073120" lon="-3.2650880"><ele>164.0</ele></trkpt>
            <trkpt lat="54.4088250" lon="-3.2634560"><ele>183.9</ele></trkpt>
            <trkpt lat="54.4116190" lon="-3.2620330"><ele>196.4</ele></trkpt>
            <trkpt lat="54.4134300" lon="-3.2604640"><ele>212.7</ele></trkpt>
            <trkpt lat="54.4175410" lon="-3.2589780"><ele>257.0</ele></trkpt>
            <trkpt lat="54.4182860" lon="-3.2596079"><ele>275.2</ele></trkpt>
            <trkpt lat="54.4191340" lon="-3.2590400"><ele>279.9</ele></trkpt>
            <trkpt lat="54.4204090" lon="-3.2588309"><ele>281.7</ele></trkpt>
            <trkpt lat="54.4220180" lon="-3.2572720"><ele>278.1</ele></trkpt>
            <trkpt lat="54.4231440" lon="-3.2579969"><ele>283.8</ele></trkpt>
            <trkpt lat="54.4237660" lon="-3.2578929"><ele>282.4</ele></trkpt>
            <trkpt lat="54.4271100" lon="-3.2554040"><ele>264.4</ele></trkpt>
            <trkpt lat="54.4296540" lon="-3.2544670"><ele>254.6</ele></trkpt>
            <trkpt lat="54.4307070" lon="-3.2548400"><ele>253.3</ele></trkpt>
            <trkpt lat="54.4322425" lon="-3.2561959"><ele>254.9</ele></trkpt>
            <trkpt lat="54.4324080" lon="-3.2572990"><ele>257.5</ele></trkpt>
            <trkpt lat="54.4330820" lon="-3.2581790"><ele>260.2</ele></trkpt>
            <trkpt lat="54.4350070" lon="-3.2598010"><ele>275.2</ele></trkpt>
            <trkpt lat="54.4360540" lon="-3.2590940"><ele>286.3</ele></trkpt>
            <trkpt lat="54.4386310" lon="-3.2594909"><ele>295.2</ele></trkpt>
            <trkpt lat="54.4392900" lon="-3.2604849"><ele>296.9</ele></trkpt>
            <trkpt lat="54.4415470" lon="-3.2608350"><ele>278.0</ele></trkpt>
            <trkpt lat="54.4432550" lon="-3.2621959"><ele>263.4</ele></trkpt>
            <trkpt lat="54.4436160" lon="-3.2630760"><ele>250.0</ele></trkpt>
            <trkpt lat="54.4448540" lon="-3.2631490"><ele>230.1</ele></trkpt>
            <trkpt lat="54.4466630" lon="-3.2618900"><ele>198.3</ele></trkpt>
            <trkpt lat="54.4477490" lon="-3.2604590"><ele>182.9</ele></trkpt>
            <trkpt lat="54.4492830" lon="-3.2599389"><ele>140.9</ele></trkpt>
            <trkpt lat="54.4530920" lon="-3.2594810"><ele>87.6</ele></trkpt>
            <trkpt lat="54.4546900" lon="-3.2598229"><ele>87.7</ele></trkpt>
            <trkpt lat="54.4550030" lon="-3.2600270"><ele>77.7</ele></trkpt>
            <trkpt lat="54.4559350" lon="-3.2632680"><ele>70.1</ele></trkpt>
            <trkpt lat="54.4570630" lon="-3.2644809"><ele>62.7</ele></trkpt>
            <trkpt lat="54.4573400" lon="-3.2652729"><ele>63.6</ele></trkpt>
            <trkpt lat="54.4608290" lon="-3.2619260"><ele>72.9</ele></trkpt>
            <trkpt lat="54.4621000" lon="-3.2612980"><ele>82.6</ele></trkpt>
            <trkpt lat="54.4627420" lon="-3.2605660"><ele>75.6</ele></trkpt>
            <trkpt lat="54.4640220" lon="-3.2598099"><ele>71.3</ele></trkpt>
            <trkpt lat="54.4669600" lon="-3.2589510"><ele>78.9</ele></trkpt>
            <trkpt lat="54.4677640" lon="-3.2578920"><ele>78.2</ele></trkpt>
            <trkpt lat="54.4682590" lon="-3.2568100"><ele>78.8</ele></trkpt>
            <trkpt lat="54.4681200" lon="-3.2565400"><ele>79.9</ele></trkpt>
            <trkpt lat="54.4687520" lon="-3.2563399"><ele>80.2</ele></trkpt>
            <trkpt lat="54.4690560" lon="-3.2557270"><ele>82.5</ele></trkpt>
            <trkpt lat="54.4701700" lon="-3.2548940"><ele>84.1</ele></trkpt>
            <trkpt lat="54.4710370" lon="-3.2548329"><ele>110.1</ele></trkpt>
            <trkpt lat="54.4716670" lon="-3.2554890"><ele>115.1</ele></trkpt>
            <trkpt lat="54.4720630" lon="-3.2570490"><ele>122.9</ele></trkpt>
            <trkpt lat="54.4730240" lon="-3.2581350"><ele>135.3</ele></trkpt>
            <trkpt lat="54.4747480" lon="-3.2588490"><ele>128.9</ele></trkpt>
            <trkpt lat="54.4759160" lon="-3.2601860"><ele>129.6</ele></trkpt>
            <trkpt lat="54.4769970" lon="-3.2608540"><ele>130.1</ele></trkpt>
            <trkpt lat="54.4780610" lon="-3.2625230"><ele>140.9</ele></trkpt>
            <trkpt lat="54.4795270" lon="-3.2633380"><ele>134.1</ele></trkpt>
            <trkpt lat="54.4806700" lon="-3.2630999"><ele>160.4</ele></trkpt>
            <trkpt lat="54.4815890" lon="-3.2635060"><ele>158.6</ele></trkpt>
            <trkpt lat="54.4830060" lon="-3.2634810"><ele>190.1</ele></trkpt>
            <trkpt lat="54.4846050" lon="-3.2629230"><ele>232.9</ele></trkpt>
            <trkpt lat="54.4861280" lon="-3.2610770"><ele>295.6</ele></trkpt>
            <trkpt lat="54.4864520" lon="-3.2621209"><ele>295.8</ele></trkpt>
            <trkpt lat="54.4865770" lon="-3.2617890"><ele>295.7</ele></trkpt>
            <trkpt lat="54.4869460" lon="-3.2619710"><ele>321.1</ele></trkpt>
            <trkpt lat="54.4882160" lon="-3.2610200"><ele>363.6</ele></trkpt>
            <trkpt lat="54.4892610" lon="-3.2597140"><ele>373.6</ele></trkpt>
            <trkpt lat="54.4907870" lon="-3.2561480"><ele>416.5</ele></trkpt>
            <trkpt lat="54.4911590" lon="-3.2545029"><ele>450.1</ele></trkpt>
            <trkpt lat="54.4909860" lon="-3.2523530"><ele>493.9</ele></trkpt>
            <trkpt lat="54.4912960" lon="-3.2508130"><ele>538.1</ele></trkpt>
            <trkpt lat="54.4923560" lon="-3.2477920"><ele>519.5</ele></trkpt>
            <trkpt lat="54.4929470" lon="-3.2469760"><ele>501.5</ele></trkpt>
            <trkpt lat="54.4926970" lon="-3.2462599"><ele>493.4</ele></trkpt>
            <trkpt lat="54.4927920" lon="-3.2458680"><ele>472.9</ele></trkpt>
            <trkpt lat="54.4923230" lon="-3.2454119"><ele>447.8</ele></trkpt>
            <trkpt lat="54.4928240" lon="-3.2439930"><ele>420.4</ele></trkpt>
            <trkpt lat="54.4942020" lon="-3.2425870"><ele>356.7</ele></trkpt>
            <trkpt lat="54.4979440" lon="-3.2413040"><ele>279.2</ele></trkpt>
            <trkpt lat="54.4997030" lon="-3.2445150"><ele>281.0</ele></trkpt>
            <trkpt lat="54.5006360" lon="-3.2453220"><ele>289.2</ele></trkpt>
            <trkpt lat="54.5010100" lon="-3.2492669"><ele>277.7</ele></trkpt>
            <trkpt lat="54.5014830" lon="-3.2503760"><ele>274.4</ele></trkpt>
            <trkpt lat="54.5029590" lon="-3.2524230"><ele>316.3</ele></trkpt>
            <trkpt lat="54.5036830" lon="-3.2527690"><ele>334.1</ele></trkpt>
            <trkpt lat="54.5042260" lon="-3.2536000"><ele>342.2</ele></trkpt>
            <trkpt lat="54.5061520" lon="-3.2545790"><ele>400.3</ele></trkpt>
            <trkpt lat="54.5089440" lon="-3.2536829"><ele>448.0</ele></trkpt>
            <trkpt lat="54.5101150" lon="-3.2545019"><ele>442.0</ele></trkpt>
            <trkpt lat="54.5108790" lon="-3.2555779"><ele>410.8</ele></trkpt>
            <trkpt lat="54.5125400" lon="-3.2562590"><ele>353.4</ele></trkpt>
            <trkpt lat="54.5143500" lon="-3.2558379"><ele>336.1</ele></trkpt>
            <trkpt lat="54.5152360" lon="-3.2565360"><ele>325.8</ele></trkpt>
            <trkpt lat="54.5166040" lon="-3.2567029"><ele>281.8</ele></trkpt>
            <trkpt lat="54.5188080" lon="-3.2559000"><ele>237.3</ele></trkpt>
            <trkpt lat="54.5207360" lon="-3.2566210"><ele>180.7</ele></trkpt>
            <trkpt lat="54.5213980" lon="-3.2561440"><ele>159.4</ele></trkpt>
            <trkpt lat="54.5222900" lon="-3.2564970"><ele>127.8</ele></trkpt>
            <trkpt lat="54.5238120" lon="-3.2577819"><ele>103.3</ele></trkpt>
            <trkpt lat="54.5282920" lon="-3.2647290"><ele>124.2</ele></trkpt>
            <trkpt lat="54.5295100" lon="-3.2673080"><ele>114.1</ele></trkpt>
            <trkpt lat="54.5300610" lon="-3.2692800"><ele>100.5</ele></trkpt>
            <trkpt lat="54.5314030" lon="-3.2712790"><ele>111.0</ele></trkpt>
            <trkpt lat="54.5326950" lon="-3.2745489"><ele>108.1</ele></trkpt>
            <trkpt lat="54.5328300" lon="-3.2757569"><ele>123.6</ele></trkpt>
            <trkpt lat="54.5349330" lon="-3.2800450"><ele>107.9</ele></trkpt>
            <trkpt lat="54.5355410" lon="-3.2801210"><ele>101.9</ele></trkpt>
            <trkpt lat="54.5366920" lon="-3.2783869"><ele>101.8</ele></trkpt>
            <trkpt lat="54.5381190" lon="-3.2789890"><ele>103.9</ele></trkpt>
            <trkpt lat="54.5397770" lon="-3.2777050"><ele>107.8</ele></trkpt>
            <trkpt lat="54.5403500" lon="-3.2785530"><ele>109.3</ele></trkpt>
            <trkpt lat="54.5413130" lon="-3.2766740"><ele>117.3</ele></trkpt>
            <trkpt lat="54.5414820" lon="-3.2757900"><ele>121.1</ele></trkpt>
            <trkpt lat="54.5414920" lon="-3.2768560"><ele>117.3</ele></trkpt>
            <trkpt lat="54.5422860" lon="-3.2760149"><ele>131.1</ele></trkpt>
            <trkpt lat="54.5427640" lon="-3.2737790"><ele>143.7</ele></trkpt>
            <trkpt lat="54.5430360" lon="-3.2735839"><ele>147.2</ele></trkpt>
            <trkpt lat="54.5438090" lon="-3.2740759"><ele>154.5</ele></trkpt>
            <trkpt lat="54.5448790" lon="-3.2725950"><ele>176.7</ele></trkpt>
            <trkpt lat="54.5465650" lon="-3.2668709"><ele>181.9</ele></trkpt>
            <trkpt lat="54.5467310" lon="-3.2644310"><ele>191.9</ele></trkpt>
            <trkpt lat="54.5493430" lon="-3.2594230"><ele>206.6</ele></trkpt>
            <trkpt lat="54.5501940" lon="-3.2591980"><ele>240.1</ele></trkpt>
            <trkpt lat="54.5522120" lon="-3.2577010"><ele>231.7</ele></trkpt>
            <trkpt lat="54.5525960" lon="-3.2582510"><ele>233.9</ele></trkpt>
            <trkpt lat="54.5530360" lon="-3.2602310"><ele>253.3</ele></trkpt>
            <trkpt lat="54.5537730" lon="-3.2597059"><ele>280.5</ele></trkpt>
            <trkpt lat="54.5543300" lon="-3.2585520"><ele>291.5</ele></trkpt>
            <trkpt lat="54.5556400" lon="-3.2570609"><ele>289.2</ele></trkpt>
            <trkpt lat="54.5568680" lon="-3.2562050"><ele>297.8</ele></trkpt>
            <trkpt lat="54.5575120" lon="-3.2567169"><ele>294.9</ele></trkpt>
            <trkpt lat="54.5578760" lon="-3.2590039"><ele>316.3</ele></trkpt>
            <trkpt lat="54.5588240" lon="-3.2563340"><ele>325.7</ele></trkpt>
            <trkpt lat="54.5616410" lon="-3.2520999"><ele>348.6</ele></trkpt>
            <trkpt lat="54.5650280" lon="-3.2456149"><ele>371.0</ele></trkpt>
            <trkpt lat="54.5654550" lon="-3.2450710"><ele>366.6</ele></trkpt>
            <trkpt lat="54.5662900" lon="-3.2449109"><ele>379.9</ele></trkpt>
            <trkpt lat="54.5664639" lon="-3.2439639"><ele>384.2</ele></trkpt>
            <trkpt lat="54.5663716" lon="-3.2398236"><ele>416.7</ele></trkpt>
            <trkpt lat="54.5670558" lon="-3.2388390"><ele>450.6</ele></trkpt>
            <trkpt lat="54.5674278" lon="-3.2376129"><ele>476.5</ele></trkpt>
            <trkpt lat="54.5682700" lon="-3.2358980"><ele>490.5</ele></trkpt>
            <trkpt lat="54.5690760" lon="-3.2350760"><ele>504.5</ele></trkpt>
            <trkpt lat="54.5716070" lon="-3.2337460"><ele>574.3</ele></trkpt>
            <trkpt lat="54.5732100" lon="-3.2322750"><ele>620.5</ele></trkpt>
            <trkpt lat="54.5739180" lon="-3.2320959"><ele>607.8</ele></trkpt>
            <trkpt lat="54.5745060" lon="-3.2310540"><ele>581.5</ele></trkpt>
            <trkpt lat="54.5774370" lon="-3.2289060"><ele>520.4</ele></trkpt>
            <trkpt lat="54.5793190" lon="-3.2244630"><ele>494.5</ele></trkpt>
            <trkpt lat="54.5805450" lon="-3.2190180"><ele>455.9</ele></trkpt>
            <trkpt lat="54.5825610" lon="-3.2155660"><ele>405.2</ele></trkpt>
            <trkpt lat="54.5837290" lon="-3.2128280"><ele>386.2</ele></trkpt>
            <trkpt lat="54.5838510" lon="-3.2077039"><ele>386.8</ele></trkpt>
            <trkpt lat="54.5842550" lon="-3.2057209"><ele>385.0</ele></trkpt>
            <trkpt lat="54.5847160" lon="-3.2052420"><ele>386.9</ele></trkpt>
            <trkpt lat="54.5898290" lon="-3.2034100"><ele>291.7</ele></trkpt>
            <trkpt lat="54.5914954" lon="-3.2015859"><ele>261.8</ele></trkpt>
            <trkpt lat="54.5931790" lon="-3.1992629"><ele>224.1</ele></trkpt>
            <trkpt lat="54.5934440" lon="-3.1983330"><ele>218.0</ele></trkpt>
            <trkpt lat="54.5941310" lon="-3.1973629"><ele>190.8</ele></trkpt>
            <trkpt lat="54.5963530" lon="-3.1956409"><ele>169.8</ele></trkpt>
            <trkpt lat="54.5973090" lon="-3.1954219"><ele>160.7</ele></trkpt>
            <trkpt lat="54.5991920" lon="-3.1931239"><ele>127.0</ele></trkpt>
            <trkpt lat="54.6008010" lon="-3.1926580"><ele>103.0</ele></trkpt>
            <trkpt lat="54.6006510" lon="-3.1920429"><ele>95.7</ele></trkpt>
            <trkpt lat="54.6011850" lon="-3.1914470"><ele>89.4</ele></trkpt>
            <trkpt lat="54.6016530" lon="-3.1913070"><ele>89.2</ele></trkpt>
            <trkpt lat="54.6021940" lon="-3.1917100"><ele>88.5</ele></trkpt>
            <trkpt lat="54.6025110" lon="-3.1915580"><ele>96.9</ele></trkpt>
            <trkpt lat="54.6027870" lon="-3.1904449"><ele>86.0</ele></trkpt>
            <trkpt lat="54.6034950" lon="-3.1907789"><ele>103.2</ele></trkpt>
            <trkpt lat="54.6028740" lon="-3.1906230"><ele>89.3</ele></trkpt>
            <trkpt lat="54.6025230" lon="-3.1910160"><ele>87.1</ele></trkpt>
            <trkpt lat="54.6023400" lon="-3.1904749"><ele>85.8</ele></trkpt>
            <trkpt lat="54.6021330" lon="-3.1871580"><ele>82.1</ele></trkpt>
            <trkpt lat="54.6022210" lon="-3.1837920"><ele>78.9</ele></trkpt>
            <trkpt lat="54.6008770" lon="-3.1760160"><ele>78.6</ele></trkpt>
            <trkpt lat="54.6007350" lon="-3.1733130"><ele>76.3</ele></trkpt>
            <trkpt lat="54.6013270" lon="-3.1701640"><ele>75.6</ele></trkpt>
            <trkpt lat="54.6027380" lon="-3.1671420"><ele>78.7</ele></trkpt>
            <trkpt lat="54.6045450" lon="-3.1645919"><ele>75.6</ele></trkpt>
            <trkpt lat="54.6054530" lon="-3.1622110"><ele>78.0</ele></trkpt>
            <trkpt lat="54.6059100" lon="-3.1623550"><ele>80.1</ele></trkpt>
            <trkpt lat="54.6062030" lon="-3.1619620"><ele>77.7</ele></trkpt>
            <trkpt lat="54.6084150" lon="-3.1581270"><ele>78.2</ele></trkpt>
            <trkpt lat="54.6096880" lon="-3.1495230"><ele>84.4</ele></trkpt>
            <trkpt lat="54.6097270" lon="-3.1456949"><ele>87.3</ele></trkpt>
            <trkpt lat="54.6090160" lon="-3.1415919"><ele>91.4</ele></trkpt>
            <trkpt lat="54.6075440" lon="-3.1406139"><ele>90.1</ele></trkpt>
            <trkpt lat="54.6069580" lon="-3.1353450"><ele>89.7</ele></trkpt>
            <trkpt lat="54.6102500" lon="-3.1294429"><ele>135.5</ele></trkpt>
            <trkpt lat="54.6122870" lon="-3.1281090"><ele>175.2</ele></trkpt>
            <trkpt lat="54.6127610" lon="-3.1272640"><ele>202.0</ele></trkpt>
            <trkpt lat="54.6129880" lon="-3.1277410"><ele>191.9</ele></trkpt>
            <trkpt lat="54.6147320" lon="-3.1243890"><ele>232.3</ele></trkpt>
            <trkpt lat="54.6154000" lon="-3.1253400"><ele>217.8</ele></trkpt>
            <trkpt lat="54.6161940" lon="-3.1251340"><ele>238.0</ele></trkpt>
            <trkpt lat="54.6167410" lon="-3.1243970"><ele>247.0</ele></trkpt>
            <trkpt lat="54.6183540" lon="-3.1194960"><ele>267.3</ele></trkpt>
            <trkpt lat="54.6183370" lon="-3.1176140"><ele>272.6</ele></trkpt>
            <trkpt lat="54.6180130" lon="-3.1162330"><ele>280.8</ele></trkpt>
            <trkpt lat="54.6184530" lon="-3.1160860"><ele>284.6</ele></trkpt>
            <trkpt lat="54.6180230" lon="-3.1150270"><ele>296.1</ele></trkpt>
            <trkpt lat="54.6196340" lon="-3.1121600"><ele>303.1</ele></trkpt>
            <trkpt lat="54.6215740" lon="-3.1117799"><ele>318.4</ele></trkpt>
            <trkpt lat="54.6229480" lon="-3.1125820"><ele>301.3</ele></trkpt>
            <trkpt lat="54.6236720" lon="-3.1124340"><ele>300.3</ele></trkpt>
            <trkpt lat="54.6225420" lon="-3.1073310"><ele>329.5</ele></trkpt>
            <trkpt lat="54.6228650" lon="-3.1022250"><ele>346.4</ele></trkpt>
            <trkpt lat="54.6235170" lon="-3.0974739"><ele>360.1</ele></trkpt>
            <trkpt lat="54.6239420" lon="-3.0961410"><ele>361.7</ele></trkpt>
            <trkpt lat="54.6254660" lon="-3.0949719"><ele>373.3</ele></trkpt>
            <trkpt lat="54.6274210" lon="-3.0962809"><ele>389.0</ele></trkpt>
            <trkpt lat="54.6300370" lon="-3.0971950"><ele>408.5</ele></trkpt>
            <trkpt lat="54.6314470" lon="-3.0962020"><ele>400.8</ele></trkpt>
            <trkpt lat="54.6327040" lon="-3.0966590"><ele>421.2</ele></trkpt>
            <trkpt lat="54.6339830" lon="-3.0960049"><ele>415.9</ele></trkpt>
            <trkpt lat="54.6353450" lon="-3.0959740"><ele>416.2</ele></trkpt>
            <trkpt lat="54.6386520" lon="-3.0975550"><ele>385.8</ele></trkpt>
            <trkpt lat="54.6405230" lon="-3.0976640"><ele>386.8</ele></trkpt>
            <trkpt lat="54.6412060" lon="-3.0985519"><ele>399.0</ele></trkpt>
            <trkpt lat="54.6417840" lon="-3.0980980"><ele>393.8</ele></trkpt>
            <trkpt lat="54.6416340" lon="-3.0973370"><ele>385.6</ele></trkpt>
            <trkpt lat="54.6411950" lon="-3.0970679"><ele>379.3</ele></trkpt>
            <trkpt lat="54.6404050" lon="-3.0936720"><ele>335.4</ele></trkpt>
            <trkpt lat="54.6404540" lon="-3.0929330"><ele>330.9</ele></trkpt>
            <trkpt lat="54.6409270" lon="-3.0919499"><ele>331.0</ele></trkpt>
            <trkpt lat="54.6408660" lon="-3.0912729"><ele>335.3</ele></trkpt>
            <trkpt lat="54.6394490" lon="-3.0904119"><ele>327.6</ele></trkpt>
            <trkpt lat="54.6386780" lon="-3.0884859"><ele>330.8</ele></trkpt>
            <trkpt lat="54.6381780" lon="-3.0886429"><ele>326.5</ele></trkpt>
            <trkpt lat="54.6359890" lon="-3.0867859"><ele>340.4</ele></trkpt>
            <trkpt lat="54.6337440" lon="-3.0867780"><ele>349.3</ele></trkpt>
            <trkpt lat="54.6330790" lon="-3.0863310"><ele>348.0</ele></trkpt>
            <trkpt lat="54.6307500" lon="-3.0875460"><ele>317.5</ele></trkpt>
            <trkpt lat="54.6283220" lon="-3.0879730"><ele>323.6</ele></trkpt>
            <trkpt lat="54.6262120" lon="-3.0866390"><ele>314.1</ele></trkpt>
            <trkpt lat="54.6231820" lon="-3.0864790"><ele>309.5</ele></trkpt>
            <trkpt lat="54.6217010" lon="-3.0836900"><ele>294.7</ele></trkpt>
            <trkpt lat="54.6209300" lon="-3.0805780"><ele>282.6</ele></trkpt>
            <trkpt lat="54.6204500" lon="-3.0814959"><ele>272.2</ele></trkpt>
            <trkpt lat="54.6203771" lon="-3.0836599"><ele>253.2</ele></trkpt>
            <trkpt lat="54.6198754" lon="-3.0844984"><ele>242.3</ele></trkpt>
            <trkpt lat="54.6194755" lon="-3.0865011"><ele>204.9</ele></trkpt>
            <trkpt lat="54.6191875" lon="-3.0888054"><ele>184.9</ele></trkpt>
            <trkpt lat="54.6173448" lon="-3.0888337"><ele>165.5</ele></trkpt>
            <trkpt lat="54.6159603" lon="-3.0903840"><ele>180.1</ele></trkpt>
            <trkpt lat="54.6156034" lon="-3.0901034"><ele>176.3</ele></trkpt>
            <trkpt lat="54.6151304" lon="-3.0877293"><ele>152.7</ele></trkpt>
            <trkpt lat="54.6143252" lon="-3.0873207"><ele>148.3</ele></trkpt>
            <trkpt lat="54.6138245" lon="-3.0880428"><ele>136.0</ele></trkpt>
            <trkpt lat="54.6133541" lon="-3.0878754"><ele>132.1</ele></trkpt>
            <trkpt lat="54.6130494" lon="-3.0867834"><ele>128.1</ele></trkpt>
            <trkpt lat="54.6126710" lon="-3.0863862"><ele>124.9</ele></trkpt>
            <trkpt lat="54.6123946" lon="-3.0846369"><ele>131.8</ele></trkpt>
            <trkpt lat="54.6117601" lon="-3.0827232"><ele>133.6</ele></trkpt>
            <trkpt lat="54.6111568" lon="-3.0798427"><ele>139.1</ele></trkpt>
            <trkpt lat="54.6113233" lon="-3.0762858"><ele>140.3</ele></trkpt>
            <trkpt lat="54.6134890" lon="-3.0702265"><ele>149.5</ele></trkpt>
            <trkpt lat="54.6141204" lon="-3.0674171"><ele>146.2</ele></trkpt>
            <trkpt lat="54.6140449" lon="-3.0657892"><ele>145.1</ele></trkpt>
            <trkpt lat="54.6121801" lon="-3.0632243"><ele>143.4</ele></trkpt>
            <trkpt lat="54.6133375" lon="-3.0616008"><ele>145.4</ele></trkpt>
            <trkpt lat="54.6122397" lon="-3.0586690"><ele>138.7</ele></trkpt>
            <trkpt lat="54.6118249" lon="-3.0547098"><ele>145.0</ele></trkpt>
            <trkpt lat="54.6121210" lon="-3.0516593"><ele>147.6</ele></trkpt>
            <trkpt lat="54.6151279" lon="-3.0417100"><ele>158.4</ele></trkpt>
            <trkpt lat="54.6147718" lon="-3.0413138"><ele>162.5</ele></trkpt>
            <trkpt lat="54.6142757" lon="-3.0389009"><ele>175.3</ele></trkpt>
            <trkpt lat="54.6126214" lon="-3.0379297"><ele>191.4</ele></trkpt>
            <trkpt lat="54.6122996" lon="-3.0387732"><ele>186.3</ele></trkpt>
            <trkpt lat="54.6106463" lon="-3.0376860"><ele>213.7</ele></trkpt>
            <trkpt lat="54.6089740" lon="-3.0388047"><ele>235.2</ele></trkpt>
            <trkpt lat="54.6078849" lon="-3.0374223"><ele>247.9</ele></trkpt>
            <trkpt lat="54.6037797" lon="-3.0340283"><ele>335.0</ele></trkpt>
            <trkpt lat="54.6026155" lon="-3.0335344"><ele>351.6</ele></trkpt>
            <trkpt lat="54.6028593" lon="-3.0312959"><ele>371.0</ele></trkpt>
            <trkpt lat="54.6026689" lon="-3.0272661"><ele>416.0</ele></trkpt>
            <trkpt lat="54.6028419" lon="-3.0227423"><ele>432.7</ele></trkpt>
            <trkpt lat="54.6003908" lon="-3.0176501"><ele>436.9</ele></trkpt>
            <trkpt lat="54.5996138" lon="-3.0111680"><ele>410.6</ele></trkpt>
            <trkpt lat="54.5984066" lon="-3.0104416"><ele>409.8</ele></trkpt>
            <trkpt lat="54.5973505" lon="-3.0104542"><ele>406.6</ele></trkpt>
            <trkpt lat="54.5956818" lon="-3.0084782"><ele>392.4</ele></trkpt>
            <trkpt lat="54.5947467" lon="-3.0047404"><ele>402.3</ele></trkpt>
            <trkpt lat="54.5949257" lon="-3.0021136"><ele>399.8</ele></trkpt>
            <trkpt lat="54.5960315" lon="-2.9988130"><ele>405.8</ele></trkpt>
            <trkpt lat="54.5959542" lon="-2.9945546"><ele>407.1</ele></trkpt>
            <trkpt lat="54.5955758" lon="-2.9913725"><ele>410.1</ele></trkpt>
            <trkpt lat="54.5953787" lon="-2.9907485"><ele>409.5</ele></trkpt>
            <trkpt lat="54.5944875" lon="-2.9898370"><ele>415.0</ele></trkpt>
            <trkpt lat="54.5944036" lon="-2.9890998"><ele>417.4</ele></trkpt>
            <trkpt lat="54.5948000" lon="-2.9817962"><ele>436.5</ele></trkpt>
            <trkpt lat="54.5955926" lon="-2.9782554"><ele>428.5</ele></trkpt>
            <trkpt lat="54.5958113" lon="-2.9734237"><ele>431.4</ele></trkpt>
            <trkpt lat="54.5954418" lon="-2.9718671"><ele>428.6</ele></trkpt>
            <trkpt lat="54.5942606" lon="-2.9706782"><ele>424.4</ele></trkpt>
            <trkpt lat="54.5920413" lon="-2.9700451"><ele>423.7</ele></trkpt>
            <trkpt lat="54.5907321" lon="-2.9707878"><ele>425.7</ele></trkpt>
            <trkpt lat="54.5905118" lon="-2.9702410"><ele>423.9</ele></trkpt>
            <trkpt lat="54.5904965" lon="-2.9693508"><ele>420.0</ele></trkpt>
            <trkpt lat="54.5896710" lon="-2.9658104"><ele>425.8</ele></trkpt>
            <trkpt lat="54.5900150" lon="-2.9649287"><ele>424.1</ele></trkpt>
            <trkpt lat="54.5894698" lon="-2.9628654"><ele>417.6</ele></trkpt>
            <trkpt lat="54.5885220" lon="-2.9610780"><ele>414.2</ele></trkpt>
            <trkpt lat="54.5890540" lon="-2.9592640"><ele>405.6</ele></trkpt>
            <trkpt lat="54.5892080" lon="-2.9573480"><ele>396.1</ele></trkpt>
            <trkpt lat="54.5888260" lon="-2.9495430"><ele>352.5</ele></trkpt>
            <trkpt lat="54.5885430" lon="-2.9489019"><ele>347.9</ele></trkpt>
            <trkpt lat="54.5874160" lon="-2.9486310"><ele>336.1</ele></trkpt>
            <trkpt lat="54.5863950" lon="-2.9476980"><ele>322.1</ele></trkpt>
            <trkpt lat="54.5855150" lon="-2.9451889"><ele>309.5</ele></trkpt>
            <trkpt lat="54.5853790" lon="-2.9431670"><ele>297.3</ele></trkpt>
            <trkpt lat="54.5861440" lon="-2.9408179"><ele>289.4</ele></trkpt>
            <trkpt lat="54.5860100" lon="-2.9397750"><ele>287.3</ele></trkpt>
            <trkpt lat="54.5865420" lon="-2.9380709"><ele>289.3</ele></trkpt>
            <trkpt lat="54.5862170" lon="-2.9352210"><ele>271.6</ele></trkpt>
            <trkpt lat="54.5866890" lon="-2.9339950"><ele>267.2</ele></trkpt>
            <trkpt lat="54.5865400" lon="-2.9332620"><ele>272.5</ele></trkpt>
            <trkpt lat="54.5859460" lon="-2.9323759"><ele>274.0</ele></trkpt>
            <trkpt lat="54.5858230" lon="-2.9316630"><ele>277.3</ele></trkpt>
            <trkpt lat="54.5822730" lon="-2.9297350"><ele>254.3</ele></trkpt>
            <trkpt lat="54.5808560" lon="-2.9297100"><ele>244.8</ele></trkpt>
            <trkpt lat="54.5790910" lon="-2.9285379"><ele>252.2</ele></trkpt>
            <trkpt lat="54.5766640" lon="-2.9293470"><ele>209.7</ele></trkpt>
            <trkpt lat="54.5761270" lon="-2.9292139"><ele>215.0</ele></trkpt>
            <trkpt lat="54.5753780" lon="-2.9276009"><ele>195.2</ele></trkpt>
            <trkpt lat="54.5751410" lon="-2.9263880"><ele>198.5</ele></trkpt>
            <trkpt lat="54.5754250" lon="-2.9238370"><ele>200.1</ele></trkpt>
            <trkpt lat="54.5758890" lon="-2.9227559"><ele>223.9</ele></trkpt>
            <trkpt lat="54.5777050" lon="-2.9145859"><ele>301.7</ele></trkpt>
            <trkpt lat="54.5772670" lon="-2.9095200"><ele>299.3</ele></trkpt>
            <trkpt lat="54.5775770" lon="-2.9086270"><ele>301.4</ele></trkpt>
            <trkpt lat="54.5780830" lon="-2.9081879"><ele>318.9</ele></trkpt>
            <trkpt lat="54.5790960" lon="-2.9081589"><ele>329.8</ele></trkpt>
            <trkpt lat="54.5791810" lon="-2.9093529"><ele>338.9</ele></trkpt>
            <trkpt lat="54.5798480" lon="-2.9100380"><ele>359.8</ele></trkpt>
            <trkpt lat="54.5809420" lon="-2.9092600"><ele>336.3</ele></trkpt>
            <trkpt lat="54.5825220" lon="-2.9091110"><ele>347.2</ele></trkpt>
            <trkpt lat="54.5829870" lon="-2.9085080"><ele>340.4</ele></trkpt>
            <trkpt lat="54.5839040" lon="-2.9092350"><ele>354.6</ele></trkpt>
            <trkpt lat="54.5843300" lon="-2.9085049"><ele>342.9</ele></trkpt>
            <trkpt lat="54.5856730" lon="-2.9078090"><ele>343.5</ele></trkpt>
            <trkpt lat="54.5865010" lon="-2.9080680"><ele>377.5</ele></trkpt>
            <trkpt lat="54.5875210" lon="-2.9075730"><ele>346.8</ele></trkpt>
            <trkpt lat="54.5884520" lon="-2.9060579"><ele>360.6</ele></trkpt>
            <trkpt lat="54.5887600" lon="-2.9042619"><ele>350.7</ele></trkpt>
            <trkpt lat="54.5898230" lon="-2.9026460"><ele>350.7</ele></trkpt>
            <trkpt lat="54.5913311" lon="-2.9026197"><ele>353.3</ele></trkpt>
            <trkpt lat="54.5922640" lon="-2.9019650"><ele>357.5</ele></trkpt>
            <trkpt lat="54.5946690" lon="-2.8998080"><ele>353.2</ele></trkpt>
            <trkpt lat="54.5953480" lon="-2.8961779"><ele>341.4</ele></trkpt>
            <trkpt lat="54.5951970" lon="-2.8937820"><ele>327.5</ele></trkpt>
            <trkpt lat="54.5945120" lon="-2.8918369"><ele>308.3</ele></trkpt>
            <trkpt lat="54.5950750" lon="-2.8902910"><ele>306.0</ele></trkpt>
            <trkpt lat="54.5947530" lon="-2.8893440"><ele>285.8</ele></trkpt>
            <trkpt lat="54.5948100" lon="-2.8883999"><ele>279.8</ele></trkpt>
            <trkpt lat="54.5955340" lon="-2.8867449"><ele>268.7</ele></trkpt>
            <trkpt lat="54.5965830" lon="-2.8857560"><ele>242.6</ele></trkpt>
            <trkpt lat="54.5973530" lon="-2.8855320"><ele>249.9</ele></trkpt>
            <trkpt lat="54.5985640" lon="-2.8843009"><ele>250.5</ele></trkpt>
            <trkpt lat="54.6003720" lon="-2.8835170"><ele>259.8</ele></trkpt>
            <trkpt lat="54.6010460" lon="-2.8815229"><ele>259.2</ele></trkpt>
            <trkpt lat="54.6019340" lon="-2.8770780"><ele>247.3</ele></trkpt>
            <trkpt lat="54.6027510" lon="-2.8762410"><ele>242.0</ele></trkpt>
            <trkpt lat="54.6038760" lon="-2.8740360"><ele>231.2</ele></trkpt>
            <trkpt lat="54.6039920" lon="-2.8727050"><ele>229.2</ele></trkpt>
            <trkpt lat="54.6049000" lon="-2.8710920"><ele>247.8</ele></trkpt>
            <trkpt lat="54.6056000" lon="-2.8686500"><ele>252.1</ele></trkpt>
            <trkpt lat="54.6066830" lon="-2.8663959"><ele>247.9</ele></trkpt>
            <trkpt lat="54.6067380" lon="-2.8656380"><ele>250.9</ele></trkpt>
            <trkpt lat="54.6062300" lon="-2.8639840"><ele>249.4</ele></trkpt>
            <trkpt lat="54.6062880" lon="-2.8631400"><ele>259.5</ele></trkpt>
            <trkpt lat="54.6072990" lon="-2.8611039"><ele>260.5</ele></trkpt>
            <trkpt lat="54.6077940" lon="-2.8606670"><ele>261.8</ele></trkpt>
            <trkpt lat="54.6091510" lon="-2.8607770"><ele>259.4</ele></trkpt>
            <trkpt lat="54.6156720" lon="-2.8587930"><ele>255.9</ele></trkpt>
            <trkpt lat="54.6227050" lon="-2.8603100"><ele>215.7</ele></trkpt>
            <trkpt lat="54.6244650" lon="-2.8545149"><ele>194.0</ele></trkpt>
            <trkpt lat="54.6260130" lon="-2.8508260"><ele>174.3</ele></trkpt>
            <trkpt lat="54.6270710" lon="-2.8498030"><ele>173.1</ele></trkpt>
            <trkpt lat="54.6271260" lon="-2.8478729"><ele>167.5</ele></trkpt>
            <trkpt lat="54.6287330" lon="-2.8440169"><ele>171.4</ele></trkpt>
            <trkpt lat="54.6296750" lon="-2.8407040"><ele>170.1</ele></trkpt>
            <trkpt lat="54.6304170" lon="-2.8391750"><ele>178.6</ele></trkpt>
            <trkpt lat="54.6311470" lon="-2.8391900"><ele>176.6</ele></trkpt>
            <trkpt lat="54.6311080" lon="-2.8379980"><ele>177.0</ele></trkpt>
            <trkpt lat="54.6300020" lon="-2.8359000"><ele>171.3</ele></trkpt>
            <trkpt lat="54.6292820" lon="-2.8336580"><ele>156.4</ele></trkpt>
            <trkpt lat="54.6307860" lon="-2.8258230"><ele>153.0</ele></trkpt>
            <trkpt lat="54.6344600" lon="-2.8169420"><ele>152.8</ele></trkpt>
            <trkpt lat="54.6347940" lon="-2.8150129"><ele>158.3</ele></trkpt>
            <trkpt lat="54.6347350" lon="-2.8116960"><ele>147.3</ele></trkpt>
            <trkpt lat="54.6353510" lon="-2.8108320"><ele>153.2</ele></trkpt>
            <trkpt lat="54.6353190" lon="-2.8104850"><ele>153.2</ele></trkpt>
            <trkpt lat="54.6347420" lon="-2.8099460"><ele>145.1</ele></trkpt>
            <trkpt lat="54.6335330" lon="-2.8104740"><ele>141.3</ele></trkpt>
            <trkpt lat="54.6331910" lon="-2.8113330"><ele>144.2</ele></trkpt>
            <trkpt lat="54.6288330" lon="-2.8153020"><ele>177.1</ele></trkpt>
            <trkpt lat="54.6249920" lon="-2.8181100"><ele>170.0</ele></trkpt>
            <trkpt lat="54.6245670" lon="-2.8191130"><ele>164.0</ele></trkpt>
            <trkpt lat="54.6244790" lon="-2.8209219"><ele>157.4</ele></trkpt>
            <trkpt lat="54.6237850" lon="-2.8218760"><ele>156.3</ele></trkpt>
            <trkpt lat="54.6236310" lon="-2.8200869"><ele>152.5</ele></trkpt>
            <trkpt lat="54.6232720" lon="-2.8189740"><ele>149.8</ele></trkpt>
            <trkpt lat="54.6222560" lon="-2.8195970"><ele>150.1</ele></trkpt>
            <trkpt lat="54.6213890" lon="-2.8194839"><ele>155.6</ele></trkpt>
            <trkpt lat="54.6208890" lon="-2.8184000"><ele>147.4</ele></trkpt>
            <trkpt lat="54.6193810" lon="-2.8187819"><ele>146.3</ele></trkpt>
            <trkpt lat="54.6188740" lon="-2.8182160"><ele>144.8</ele></trkpt>
            <trkpt lat="54.6177140" lon="-2.8187789"><ele>146.1</ele></trkpt>
            <trkpt lat="54.6162270" lon="-2.8203250"><ele>146.8</ele></trkpt>
            <trkpt lat="54.6126480" lon="-2.8229629"><ele>170.9</ele></trkpt>
            <trkpt lat="54.6120800" lon="-2.8215660"><ele>148.4</ele></trkpt>
            <trkpt lat="54.6126390" lon="-2.8198680"><ele>149.2</ele></trkpt>
            <trkpt lat="54.6127070" lon="-2.8181360"><ele>150.0</ele></trkpt>
            <trkpt lat="54.6109780" lon="-2.8138189"><ele>167.5</ele></trkpt>
            <trkpt lat="54.6096530" lon="-2.8117990"><ele>188.1</ele></trkpt>
            <trkpt lat="54.6079860" lon="-2.8112869"><ele>195.6</ele></trkpt>
            <trkpt lat="54.6067960" lon="-2.8092620"><ele>205.0</ele></trkpt>
            <trkpt lat="54.6054790" lon="-2.8092100"><ele>212.1</ele></trkpt>
            <trkpt lat="54.6046810" lon="-2.8081900"><ele>221.9</ele></trkpt>
            <trkpt lat="54.6005230" lon="-2.8065330"><ele>265.0</ele></trkpt>
            <trkpt lat="54.5981210" lon="-2.8035880"><ele>296.6</ele></trkpt>
            <trkpt lat="54.5970630" lon="-2.8017109"><ele>312.3</ele></trkpt>
            <trkpt lat="54.5941890" lon="-2.8025050"><ele>313.8</ele></trkpt>
            <trkpt lat="54.5929130" lon="-2.8024119"><ele>321.8</ele></trkpt>
            <trkpt lat="54.5925460" lon="-2.8033580"><ele>322.4</ele></trkpt>
            <trkpt lat="54.5926940" lon="-2.8048910"><ele>323.7</ele></trkpt>
            <trkpt lat="54.5923560" lon="-2.8092550"><ele>331.5</ele></trkpt>
            <trkpt lat="54.5911320" lon="-2.8138690"><ele>329.1</ele></trkpt>
            <trkpt lat="54.5908760" lon="-2.8157029"><ele>330.0</ele></trkpt>
            <trkpt lat="54.5903300" lon="-2.8167929"><ele>330.6</ele></trkpt>
            <trkpt lat="54.5904740" lon="-2.8172419"><ele>326.6</ele></trkpt>
            <trkpt lat="54.5902600" lon="-2.8202210"><ele>320.3</ele></trkpt>
            <trkpt lat="54.5896970" lon="-2.8230019"><ele>313.6</ele></trkpt>
            <trkpt lat="54.5880190" lon="-2.8264459"><ele>300.1</ele></trkpt>
            <trkpt lat="54.5867650" lon="-2.8310280"><ele>291.4</ele></trkpt>
            <trkpt lat="54.5844520" lon="-2.8370380"><ele>247.6</ele></trkpt>
            <trkpt lat="54.5833980" lon="-2.8407300"><ele>227.0</ele></trkpt>
            <trkpt lat="54.5791860" lon="-2.8484990"><ele>202.9</ele></trkpt>
            <trkpt lat="54.5782980" lon="-2.8490210"><ele>205.0</ele></trkpt>
            <trkpt lat="54.5762700" lon="-2.8521920"><ele>211.8</ele></trkpt>
            <trkpt lat="54.5748210" lon="-2.8562070"><ele>210.0</ele></trkpt>
            <trkpt lat="54.5739210" lon="-2.8579020"><ele>188.3</ele></trkpt>
            <trkpt lat="54.5721700" lon="-2.8590169"><ele>184.9</ele></trkpt>
            <trkpt lat="54.5691200" lon="-2.8594170"><ele>173.3</ele></trkpt>
            <trkpt lat="54.5678860" lon="-2.8589690"><ele>186.5</ele></trkpt>
            <trkpt lat="54.5675330" lon="-2.8600710"><ele>173.8</ele></trkpt>
            <trkpt lat="54.5677330" lon="-2.8608410"><ele>173.0</ele></trkpt>
            <trkpt lat="54.5684280" lon="-2.8614059"><ele>162.3</ele></trkpt>
            <trkpt lat="54.5686770" lon="-2.8624240"><ele>157.3</ele></trkpt>
            <trkpt lat="54.5689010" lon="-2.8625549"><ele>156.9</ele></trkpt>
            <trkpt lat="54.5689090" lon="-2.8620089"><ele>156.9</ele></trkpt>
            <trkpt lat="54.5684280" lon="-2.8625070"><ele>159.8</ele></trkpt>
            <trkpt lat="54.5684190" lon="-2.8619350"><ele>162.3</ele></trkpt>
            <trkpt lat="54.5684130" lon="-2.8626129"><ele>159.8</ele></trkpt>
            <trkpt lat="54.5683150" lon="-2.8622750"><ele>159.8</ele></trkpt>
            <trkpt lat="54.5688640" lon="-2.8624719"><ele>156.9</ele></trkpt>
            <trkpt lat="54.5684370" lon="-2.8614240"><ele>162.3</ele></trkpt>
            <trkpt lat="54.5671540" lon="-2.8605820"><ele>172.5</ele></trkpt>
            <trkpt lat="54.5665320" lon="-2.8610810"><ele>172.0</ele></trkpt>
            <trkpt lat="54.5634150" lon="-2.8601279"><ele>177.0</ele></trkpt>
            <trkpt lat="54.5617440" lon="-2.8607650"><ele>192.7</ele></trkpt>
            <trkpt lat="54.5604120" lon="-2.8604450"><ele>186.4</ele></trkpt>
            <trkpt lat="54.5601700" lon="-2.8601310"><ele>188.1</ele></trkpt>
            <trkpt lat="54.5601040" lon="-2.8592870"><ele>190.6</ele></trkpt>
            <trkpt lat="54.5574040" lon="-2.8587360"><ele>219.1</ele></trkpt>
            <trkpt lat="54.5559600" lon="-2.8590199"><ele>237.7</ele></trkpt>
            <trkpt lat="54.5553420" lon="-2.8597069"><ele>235.4</ele></trkpt>
            <trkpt lat="54.5538290" lon="-2.8596410"><ele>262.4</ele></trkpt>
            <trkpt lat="54.5524100" lon="-2.8589459"><ele>292.8</ele></trkpt>
            <trkpt lat="54.5515580" lon="-2.8590950"><ele>299.9</ele></trkpt>
            <trkpt lat="54.5481510" lon="-2.8567920"><ele>387.7</ele></trkpt>
            <trkpt lat="54.5477670" lon="-2.8569739"><ele>395.8</ele></trkpt>
            <trkpt lat="54.5469120" lon="-2.8556780"><ele>424.0</ele></trkpt>
            <trkpt lat="54.5451740" lon="-2.8555280"><ele>431.6</ele></trkpt>
            <trkpt lat="54.5445800" lon="-2.8560210"><ele>428.6</ele></trkpt>
            <trkpt lat="54.5444450" lon="-2.8554320"><ele>434.4</ele></trkpt>
            <trkpt lat="54.5436900" lon="-2.8548039"><ele>447.9</ele></trkpt>
            <trkpt lat="54.5422320" lon="-2.8557430"><ele>464.9</ele></trkpt>
            <trkpt lat="54.5402130" lon="-2.8525090"><ele>527.4</ele></trkpt>
            <trkpt lat="54.5381220" lon="-2.8521810"><ele>581.6</ele></trkpt>
            <trkpt lat="54.5374460" lon="-2.8515790"><ele>605.0</ele></trkpt>
            <trkpt lat="54.5361760" lon="-2.8485520"><ele>650.5</ele></trkpt>
            <trkpt lat="54.5366190" lon="-2.8481899"><ele>652.3</ele></trkpt>
            <trkpt lat="54.5368740" lon="-2.8473539"><ele>658.0</ele></trkpt>
            <trkpt lat="54.5371190" lon="-2.8443380"><ele>662.5</ele></trkpt>
            <trkpt lat="54.5364200" lon="-2.8404789"><ele>660.0</ele></trkpt>
            <trkpt lat="54.5362920" lon="-2.8384399"><ele>662.4</ele></trkpt>
            <trkpt lat="54.5371890" lon="-2.8361089"><ele>653.6</ele></trkpt>
            <trkpt lat="54.5382730" lon="-2.8282100"><ele>604.0</ele></trkpt>
            <trkpt lat="54.5383350" lon="-2.8260289"><ele>588.0</ele></trkpt>
            <trkpt lat="54.5399010" lon="-2.8161329"><ele>568.3</ele></trkpt>
            <trkpt lat="54.5406820" lon="-2.8137049"><ele>569.1</ele></trkpt>
            <trkpt lat="54.5408030" lon="-2.8123130"><ele>562.5</ele></trkpt>
            <trkpt lat="54.5404310" lon="-2.8102809"><ele>545.7</ele></trkpt>
            <trkpt lat="54.5396650" lon="-2.8086320"><ele>521.2</ele></trkpt>
            <trkpt lat="54.5395930" lon="-2.8079359"><ele>510.6</ele></trkpt>
            <trkpt lat="54.5389900" lon="-2.8075850"><ele>490.7</ele></trkpt>
            <trkpt lat="54.5387190" lon="-2.8030309"><ele>447.0</ele></trkpt>
            <trkpt lat="54.5370710" lon="-2.8016529"><ele>405.8</ele></trkpt>
            <trkpt lat="54.5360400" lon="-2.8000279"><ele>369.7</ele></trkpt>
            <trkpt lat="54.5353110" lon="-2.8000520"><ele>354.7</ele></trkpt>
            <trkpt lat="54.5344270" lon="-2.8012750"><ele>342.0</ele></trkpt>
            <trkpt lat="54.5338280" lon="-2.8013649"><ele>338.6</ele></trkpt>
            <trkpt lat="54.5326992" lon="-2.7990989"><ele>327.4</ele></trkpt>
            <trkpt lat="54.5315790" lon="-2.7954839"><ele>259.8</ele></trkpt>
            <trkpt lat="54.5303060" lon="-2.7976959"><ele>255.6</ele></trkpt>
            <trkpt lat="54.5295640" lon="-2.8003009"><ele>278.1</ele></trkpt>
            <trkpt lat="54.5282060" lon="-2.8014420"><ele>265.5</ele></trkpt>
            <trkpt lat="54.5268280" lon="-2.8037490"><ele>285.8</ele></trkpt>
            <trkpt lat="54.5251310" lon="-2.8053919"><ele>273.7</ele></trkpt>
            <trkpt lat="54.5231740" lon="-2.8091050"><ele>272.0</ele></trkpt>
            <trkpt lat="54.5203720" lon="-2.8110920"><ele>252.5</ele></trkpt>
            <trkpt lat="54.5188560" lon="-2.8117120"><ele>237.0</ele></trkpt>
            <trkpt lat="54.5175700" lon="-2.8131240"><ele>249.8</ele></trkpt>
            <trkpt lat="54.5159390" lon="-2.8141000"><ele>264.1</ele></trkpt>
            <trkpt lat="54.5109100" lon="-2.8196569"><ele>259.4</ele></trkpt>
            <trkpt lat="54.5095810" lon="-2.8189379"><ele>260.7</ele></trkpt>
            <trkpt lat="54.5066860" lon="-2.8189539"><ele>294.1</ele></trkpt>
            <trkpt lat="54.5046620" lon="-2.8181950"><ele>252.8</ele></trkpt>
            <trkpt lat="54.5018980" lon="-2.8180820"><ele>251.0</ele></trkpt>
            <trkpt lat="54.5011660" lon="-2.8190040"><ele>248.8</ele></trkpt>
            <trkpt lat="54.4995700" lon="-2.8224660"><ele>254.6</ele></trkpt>
            <trkpt lat="54.4989850" lon="-2.8223920"><ele>247.8</ele></trkpt>
            <trkpt lat="54.4984750" lon="-2.8230990"><ele>242.5</ele></trkpt>
            <trkpt lat="54.4979800" lon="-2.8229160"><ele>244.8</ele></trkpt>
            <trkpt lat="54.4974440" lon="-2.8212710"><ele>244.0</ele></trkpt>
            <trkpt lat="54.4967660" lon="-2.8204909"><ele>252.4</ele></trkpt>
            <trkpt lat="54.4961650" lon="-2.8189430"><ele>266.4</ele></trkpt>
            <trkpt lat="54.4959310" lon="-2.8175549"><ele>276.1</ele></trkpt>
            <trkpt lat="54.4960870" lon="-2.8155840"><ele>284.3</ele></trkpt>
            <trkpt lat="54.4957460" lon="-2.8153800"><ele>280.8</ele></trkpt>
            <trkpt lat="54.4946000" lon="-2.8161960"><ele>269.2</ele></trkpt>
            <trkpt lat="54.4901120" lon="-2.8237950"><ele>242.2</ele></trkpt>
            <trkpt lat="54.4889940" lon="-2.8224660"><ele>248.9</ele></trkpt>
            <trkpt lat="54.4886800" lon="-2.8214360"><ele>259.7</ele></trkpt>
            <trkpt lat="54.4890750" lon="-2.8208560"><ele>250.5</ele></trkpt>
            <trkpt lat="54.4883500" lon="-2.8212770"><ele>275.6</ele></trkpt>
            <trkpt lat="54.4872430" lon="-2.8230910"><ele>284.9</ele></trkpt>
            <trkpt lat="54.4858130" lon="-2.8232320"><ele>305.7</ele></trkpt>
            <trkpt lat="54.4855140" lon="-2.8222860"><ele>319.6</ele></trkpt>
            <trkpt lat="54.4846620" lon="-2.8220490"><ele>347.4</ele></trkpt>
            <trkpt lat="54.4839020" lon="-2.8209440"><ele>383.6</ele></trkpt>
            <trkpt lat="54.4836270" lon="-2.8210529"><ele>393.9</ele></trkpt>
            <trkpt lat="54.4834880" lon="-2.8202690"><ele>397.7</ele></trkpt>
            <trkpt lat="54.4829680" lon="-2.8201479"><ele>417.3</ele></trkpt>
            <trkpt lat="54.4824610" lon="-2.8190860"><ele>430.1</ele></trkpt>
            <trkpt lat="54.4810460" lon="-2.8180589"><ele>446.6</ele></trkpt>
            <trkpt lat="54.4793480" lon="-2.8156240"><ele>502.4</ele></trkpt>
            <trkpt lat="54.4791470" lon="-2.8158520"><ele>517.8</ele></trkpt>
            <trkpt lat="54.4789270" lon="-2.8148959"><ele>531.9</ele></trkpt>
            <trkpt lat="54.4783700" lon="-2.8141110"><ele>553.4</ele></trkpt>
            <trkpt lat="54.4776410" lon="-2.8136490"><ele>567.0</ele></trkpt>
            <trkpt lat="54.4763300" lon="-2.8136650"><ele>579.0</ele></trkpt>
            <trkpt lat="54.4754570" lon="-2.8129249"><ele>587.0</ele></trkpt>
            <trkpt lat="54.4750850" lon="-2.8113279"><ele>575.8</ele></trkpt>
            <trkpt lat="54.4742870" lon="-2.8099320"><ele>564.0</ele></trkpt>
            <trkpt lat="54.4727330" lon="-2.8086150"><ele>517.7</ele></trkpt>
            <trkpt lat="54.4715910" lon="-2.8091540"><ele>490.1</ele></trkpt>
            <trkpt lat="54.4710420" lon="-2.8087390"><ele>474.1</ele></trkpt>
            <trkpt lat="54.4709070" lon="-2.8089760"><ele>463.6</ele></trkpt>
            <trkpt lat="54.4706430" lon="-2.8078720"><ele>450.6</ele></trkpt>
            <trkpt lat="54.4701550" lon="-2.8078030"><ele>442.8</ele></trkpt>
            <trkpt lat="54.4696840" lon="-2.8068520"><ele>429.2</ele></trkpt>
            <trkpt lat="54.4688490" lon="-2.8067600"><ele>426.8</ele></trkpt>
            <trkpt lat="54.4681820" lon="-2.8056470"><ele>423.5</ele></trkpt>
            <trkpt lat="54.4644960" lon="-2.8071289"><ele>360.8</ele></trkpt>
            <trkpt lat="54.4639160" lon="-2.8068250"><ele>352.0</ele></trkpt>
            <trkpt lat="54.4639420" lon="-2.8074860"><ele>342.2</ele></trkpt>
            <trkpt lat="54.4633250" lon="-2.8070449"><ele>330.2</ele></trkpt>
            <trkpt lat="54.4620350" lon="-2.8070850"><ele>297.4</ele></trkpt>
            <trkpt lat="54.4600320" lon="-2.8059190"><ele>263.8</ele></trkpt>
            <trkpt lat="54.4592480" lon="-2.8041650"><ele>250.6</ele></trkpt>
            <trkpt lat="54.4577070" lon="-2.8026299"><ele>235.0</ele></trkpt>
            <trkpt lat="54.4561320" lon="-2.8020679"><ele>226.2</ele></trkpt>
            <trkpt lat="54.4529820" lon="-2.8000119"><ele>221.6</ele></trkpt>
            <trkpt lat="54.4497860" lon="-2.7993629"><ele>208.0</ele></trkpt>
            <trkpt lat="54.4475210" lon="-2.7979839"><ele>214.7</ele></trkpt>
            <trkpt lat="54.4459080" lon="-2.7974550"><ele>209.8</ele></trkpt>
            <trkpt lat="54.4441360" lon="-2.7978610"><ele>199.0</ele></trkpt>
            <trkpt lat="54.4440930" lon="-2.7992250"><ele>196.9</ele></trkpt>
            <trkpt lat="54.4434510" lon="-2.8004080"><ele>218.4</ele></trkpt>
            <trkpt lat="54.4425100" lon="-2.8004230"><ele>217.3</ele></trkpt>
            <trkpt lat="54.4417300" lon="-2.8009280"><ele>233.7</ele></trkpt>
            <trkpt lat="54.4388870" lon="-2.8003660"><ele>253.0</ele></trkpt>
            <trkpt lat="54.4384070" lon="-2.8007280"><ele>260.8</ele></trkpt>
            <trkpt lat="54.4380650" lon="-2.8011540"><ele>274.8</ele></trkpt>
            <trkpt lat="54.4377940" lon="-2.8027660"><ele>297.6</ele></trkpt>
            <trkpt lat="54.4369950" lon="-2.8048670"><ele>324.7</ele></trkpt>
            <trkpt lat="54.4369490" lon="-2.8075810"><ele>339.9</ele></trkpt>
            <trkpt lat="54.4374650" lon="-2.8095150"><ele>345.5</ele></trkpt>
            <trkpt lat="54.4374360" lon="-2.8145420"><ele>334.6</ele></trkpt>
            <trkpt lat="54.4359080" lon="-2.8231830"><ele>289.3</ele></trkpt>
            <trkpt lat="54.4362460" lon="-2.8248840"><ele>277.3</ele></trkpt>
            <trkpt lat="54.4374920" lon="-2.8251180"><ele>276.8</ele></trkpt>
            <trkpt lat="54.4378550" lon="-2.8265189"><ele>257.6</ele></trkpt>
            <trkpt lat="54.4373720" lon="-2.8278809"><ele>256.3</ele></trkpt>
            <trkpt lat="54.4347310" lon="-2.8298860"><ele>245.6</ele></trkpt>
            <trkpt lat="54.4344930" lon="-2.8315359"><ele>228.4</ele></trkpt>
            <trkpt lat="54.4340260" lon="-2.8324090"><ele>223.4</ele></trkpt>
            <trkpt lat="54.4342710" lon="-2.8335410"><ele>209.9</ele></trkpt>
            <trkpt lat="54.4339790" lon="-2.8345549"><ele>209.4</ele></trkpt>
            <trkpt lat="54.4330380" lon="-2.8348640"><ele>211.7</ele></trkpt>
            <trkpt lat="54.4317020" lon="-2.8365839"><ele>196.9</ele></trkpt>
            <trkpt lat="54.4309150" lon="-2.8371279"><ele>186.4</ele></trkpt>
            <trkpt lat="54.4296740" lon="-2.8391360"><ele>174.4</ele></trkpt>
            <trkpt lat="54.4292280" lon="-2.8393380"><ele>172.1</ele></trkpt>
            <trkpt lat="54.4296010" lon="-2.8401400"><ele>174.6</ele></trkpt>
            <trkpt lat="54.4291790" lon="-2.8400410"><ele>167.4</ele></trkpt>
            <trkpt lat="54.4297920" lon="-2.8404700"><ele>174.6</ele></trkpt>
            <trkpt lat="54.4303110" lon="-2.8403509"><ele>178.0</ele></trkpt>
            <trkpt lat="54.4309750" lon="-2.8409780"><ele>187.5</ele></trkpt>
            <trkpt lat="54.4319180" lon="-2.8406519"><ele>195.9</ele></trkpt>
            <trkpt lat="54.4323980" lon="-2.8427119"><ele>201.8</ele></trkpt>
            <trkpt lat="54.4330760" lon="-2.8440059"><ele>213.7</ele></trkpt>
            <trkpt lat="54.4329560" lon="-2.8464410"><ele>230.0</ele></trkpt>
            <trkpt lat="54.4325580" lon="-2.8486680"><ele>229.2</ele></trkpt>
            <trkpt lat="54.4328380" lon="-2.8518180"><ele>259.1</ele></trkpt>
            <trkpt lat="54.4326450" lon="-2.8568720"><ele>303.8</ele></trkpt>
            <trkpt lat="54.4330600" lon="-2.8595410"><ele>325.5</ele></trkpt>
            <trkpt lat="54.4337660" lon="-2.8618270"><ele>344.5</ele></trkpt>
            <trkpt lat="54.4335840" lon="-2.8627660"><ele>365.3</ele></trkpt>
            <trkpt lat="54.4318640" lon="-2.8666340"><ele>417.1</ele></trkpt>
            <trkpt lat="54.4318730" lon="-2.8674240"><ele>424.7</ele></trkpt>
            <trkpt lat="54.4315410" lon="-2.8682310"><ele>437.8</ele></trkpt>
            <trkpt lat="54.4315290" lon="-2.8696159"><ele>445.5</ele></trkpt>
            <trkpt lat="54.4321960" lon="-2.8729500"><ele>439.3</ele></trkpt>
            <trkpt lat="54.4311500" lon="-2.8741860"><ele>448.3</ele></trkpt>
            <trkpt lat="54.4309350" lon="-2.8763860"><ele>437.4</ele></trkpt>
            <trkpt lat="54.4304360" lon="-2.8777299"><ele>443.9</ele></trkpt>
            <trkpt lat="54.4303310" lon="-2.8788049"><ele>425.6</ele></trkpt>
            <trkpt lat="54.4283050" lon="-2.8839060"><ele>396.3</ele></trkpt>
            <trkpt lat="54.4280610" lon="-2.8851059"><ele>384.3</ele></trkpt>
            <trkpt lat="54.4274020" lon="-2.8862390"><ele>373.3</ele></trkpt>
            <trkpt lat="54.4262290" lon="-2.8873759"><ele>357.8</ele></trkpt>
            <trkpt lat="54.4258020" lon="-2.8888400"><ele>342.9</ele></trkpt>
            <trkpt lat="54.4182380" lon="-2.8966860"><ele>248.3</ele></trkpt>
            <trkpt lat="54.4181910" lon="-2.8972490"><ele>241.0</ele></trkpt>
            <trkpt lat="54.4177300" lon="-2.8975710"><ele>247.9</ele></trkpt>
            <trkpt lat="54.4166140" lon="-2.9000400"><ele>210.8</ele></trkpt>
            <trkpt lat="54.4149460" lon="-2.9021769"><ele>206.4</ele></trkpt>
            <trkpt lat="54.4140680" lon="-2.9042810"><ele>184.4</ele></trkpt>
            <trkpt lat="54.4134730" lon="-2.9064010"><ele>172.2</ele></trkpt>
            <trkpt lat="54.4144190" lon="-2.9065189"><ele>158.3</ele></trkpt>
            <trkpt lat="54.4154150" lon="-2.9076829"><ele>121.6</ele></trkpt>
            <trkpt lat="54.4160580" lon="-2.9069789"><ele>128.7</ele></trkpt>
            <trkpt lat="54.4162960" lon="-2.9071949"><ele>128.7</ele></trkpt>
            <trkpt lat="54.4156460" lon="-2.9101900"><ele>129.2</ele></trkpt>
            <trkpt lat="54.4159410" lon="-2.9120409"><ele>133.8</ele></trkpt>
            <trkpt lat="54.4156410" lon="-2.9137210"><ele>152.8</ele></trkpt>
            <trkpt lat="54.4158620" lon="-2.9143650"><ele>158.4</ele></trkpt>
            <trkpt lat="54.4134070" lon="-2.9171270"><ele>200.8</ele></trkpt>
            <trkpt lat="54.4126250" lon="-2.9186690"><ele>202.6</ele></trkpt>
            <trkpt lat="54.4121530" lon="-2.9201330"><ele>218.0</ele></trkpt>
            <trkpt lat="54.4116270" lon="-2.9242760"><ele>229.8</ele></trkpt>
            <trkpt lat="54.4118580" lon="-2.9267890"><ele>236.6</ele></trkpt>
            <trkpt lat="54.4121480" lon="-2.9276469"><ele>239.1</ele></trkpt>
            <trkpt lat="54.4145560" lon="-2.9308260"><ele>242.4</ele></trkpt>
            <trkpt lat="54.4152720" lon="-2.9322720"><ele>235.4</ele></trkpt>
            <trkpt lat="54.4170160" lon="-2.9330160"><ele>223.8</ele></trkpt>
            <trkpt lat="54.4173990" lon="-2.9344380"><ele>220.2</ele></trkpt>
            <trkpt lat="54.4173970" lon="-2.9354320"><ele>213.5</ele></trkpt>
            <trkpt lat="54.4177440" lon="-2.9365150"><ele>204.4</ele></trkpt>
            <trkpt lat="54.4172520" lon="-2.9377630"><ele>189.0</ele></trkpt>
            <trkpt lat="54.4176590" lon="-2.9412219"><ele>204.9</ele></trkpt>
            <trkpt lat="54.4174370" lon="-2.9432499"><ele>208.1</ele></trkpt>
            <trkpt lat="54.4176290" lon="-2.9445340"><ele>202.9</ele></trkpt>
            <trkpt lat="54.4175090" lon="-2.9468319"><ele>207.3</ele></trkpt>
            <trkpt lat="54.4177330" lon="-2.9479340"><ele>208.2</ele></trkpt>
            <trkpt lat="54.4175860" lon="-2.9492720"><ele>194.2</ele></trkpt>
            <trkpt lat="54.4180000" lon="-2.9512309"><ele>183.6</ele></trkpt>
            <trkpt lat="54.4186950" lon="-2.9526519"><ele>177.5</ele></trkpt>
            <trkpt lat="54.4186110" lon="-2.9532270"><ele>177.5</ele></trkpt>
            <trkpt lat="54.4193450" lon="-2.9541229"><ele>154.3</ele></trkpt>
            <trkpt lat="54.4191990" lon="-2.9549969"><ele>139.9</ele></trkpt>
            <trkpt lat="54.4195810" lon="-2.9558759"><ele>139.0</ele></trkpt>
            <trkpt lat="54.4204020" lon="-2.9571409"><ele>120.8</ele></trkpt>
            <trkpt lat="54.4217500" lon="-2.9581150"><ele>98.0</ele></trkpt>
            <trkpt lat="54.4228610" lon="-2.9580140"><ele>108.8</ele></trkpt>
            <trkpt lat="54.4237110" lon="-2.9583929"><ele>104.0</ele></trkpt>
            <trkpt lat="54.4243170" lon="-2.9604649"><ele>73.9</ele></trkpt>
            <trkpt lat="54.4247800" lon="-2.9607959"><ele>74.1</ele></trkpt>
            <trkpt lat="54.4279530" lon="-2.9612640"><ele>75.4</ele></trkpt>
            <trkpt lat="54.4297460" lon="-2.9622329"><ele>59.2</ele></trkpt>
            <trkpt lat="54.4315367" lon="-2.9622065"><ele>59.1</ele></trkpt>
            <trkpt lat="54.4316303" lon="-2.9639294"><ele>51.8</ele></trkpt>
            <trkpt lat="54.4310320" lon="-2.9663630"><ele>48.7</ele></trkpt>
            <trkpt lat="54.4318310" lon="-2.9700750"><ele>54.6</ele></trkpt>
            <trkpt lat="54.4315900" lon="-2.9699839"><ele>46.7</ele></trkpt>
            <trkpt lat="54.4321300" lon="-2.9718890"><ele>48.5</ele></trkpt>
            <trkpt lat="54.4317410" lon="-2.9733110"><ele>78.4</ele></trkpt>
            <trkpt lat="54.4319710" lon="-2.9765650"><ele>96.0</ele></trkpt>
            <trkpt lat="54.4316140" lon="-2.9768320"><ele>110.5</ele></trkpt>
            <trkpt lat="54.4321520" lon="-2.9773159"><ele>123.4</ele></trkpt>
            <trkpt lat="54.4327530" lon="-2.9787030"><ele>124.7</ele></trkpt>
            <trkpt lat="54.4320130" lon="-2.9820939"><ele>137.6</ele></trkpt>
            <trkpt lat="54.4323850" lon="-2.9839290"><ele>152.3</ele></trkpt>
            <trkpt lat="54.4322310" lon="-2.9855120"><ele>161.5</ele></trkpt>
            <trkpt lat="54.4325960" lon="-2.9868870"><ele>163.5</ele></trkpt>
            <trkpt lat="54.4306860" lon="-2.9914549"><ele>192.3</ele></trkpt>
            <trkpt lat="54.4303720" lon="-2.9938740"><ele>180.3</ele></trkpt>
            <trkpt lat="54.4296150" lon="-2.9955079"><ele>173.5</ele></trkpt>
            <trkpt lat="54.4275990" lon="-2.9978269"><ele>146.6</ele></trkpt>
            <trkpt lat="54.4271640" lon="-2.9988700"><ele>140.7</ele></trkpt>
            <trkpt lat="54.4271070" lon="-2.9993140"><ele>130.3</ele></trkpt>
            <trkpt lat="54.4287710" lon="-3.0034649"><ele>140.0</ele></trkpt>
            <trkpt lat="54.4289680" lon="-3.0049910"><ele>122.0</ele></trkpt>
            <trkpt lat="54.4277460" lon="-3.0074400"><ele>99.8</ele></trkpt>
            <trkpt lat="54.4275430" lon="-3.0091019"><ele>99.2</ele></trkpt>
            <trkpt lat="54.4270730" lon="-3.0094110"><ele>94.2</ele></trkpt>
            <trkpt lat="54.4270930" lon="-3.0101779"><ele>99.1</ele></trkpt>
            <trkpt lat="54.4263990" lon="-3.0101919"><ele>100.4</ele></trkpt>
            <trkpt lat="54.4250720" lon="-3.0110660"><ele>92.3</ele></trkpt>
            <trkpt lat="54.4236500" lon="-3.0108170"><ele>61.5</ele></trkpt>
            <trkpt lat="54.4219260" lon="-3.0122219"><ele>49.6</ele></trkpt>
            <trkpt lat="54.4216820" lon="-3.0127860"><ele>51.8</ele></trkpt>
            <trkpt lat="54.4221890" lon="-3.0160510"><ele>63.4</ele></trkpt>
            <trkpt lat="54.4228230" lon="-3.0174630"><ele>78.9</ele></trkpt>
            <trkpt lat="54.4230060" lon="-3.0196900"><ele>56.1</ele></trkpt>
            <trkpt lat="54.4233320" lon="-3.0203490"><ele>55.7</ele></trkpt>
            <trkpt lat="54.4238900" lon="-3.0205690"><ele>55.2</ele></trkpt>
            <trkpt lat="54.4255420" lon="-3.0200060"><ele>59.2</ele></trkpt>
            <trkpt lat="54.4269380" lon="-3.0221940"><ele>58.9</ele></trkpt>
            <trkpt lat="54.4286670" lon="-3.0222510"><ele>74.9</ele></trkpt>
            <trkpt lat="54.4296290" lon="-3.0228860"><ele>70.9</ele></trkpt>
            <trkpt lat="54.4304100" lon="-3.0274700"><ele>61.4</ele></trkpt>
            <trkpt lat="54.4302160" lon="-3.0282080"><ele>57.2</ele></trkpt>
            <trkpt lat="54.4305460" lon="-3.0314690"><ele>59.5</ele></trkpt>
            <trkpt lat="54.4314110" lon="-3.0326800"><ele>59.3</ele></trkpt>
            <trkpt lat="54.4338130" lon="-3.0378749"><ele>62.7</ele></trkpt>
            <trkpt lat="54.4336980" lon="-3.0383320"><ele>75.8</ele></trkpt>
            <trkpt lat="54.4340610" lon="-3.0391569"><ele>72.5</ele></trkpt>
            <trkpt lat="54.4340790" lon="-3.0399469"><ele>73.8</ele></trkpt>
            <trkpt lat="54.4348750" lon="-3.0406330"><ele>74.0</ele></trkpt>
            <trkpt lat="54.4358020" lon="-3.0422110"><ele>91.0</ele></trkpt>
            <trkpt lat="54.4367630" lon="-3.0429180"><ele>84.3</ele></trkpt>
            <trkpt lat="54.4372160" lon="-3.0437080"><ele>77.2</ele></trkpt>
            <trkpt lat="54.4380530" lon="-3.0467980"><ele>78.0</ele></trkpt>
            <trkpt lat="54.4383430" lon="-3.0471099"><ele>84.3</ele></trkpt>
            <trkpt lat="54.4381290" lon="-3.0476060"><ele>84.3</ele></trkpt>
            <trkpt lat="54.4381520" lon="-3.0485860"><ele>92.0</ele></trkpt>
            <trkpt lat="54.4385015" lon="-3.0501241"><ele>82.9</ele></trkpt>
            <trkpt lat="54.4392700" lon="-3.0521868"><ele>82.9</ele></trkpt>
            <trkpt lat="54.4393404" lon="-3.0544243"><ele>85.4</ele></trkpt>
            <trkpt lat="54.4383976" lon="-3.0543230"><ele>89.9</ele></trkpt>
            <trkpt lat="54.4395657" lon="-3.0594623"><ele>80.0</ele></trkpt>
            <trkpt lat="54.4401493" lon="-3.0606166"><ele>82.8</ele></trkpt>
            <trkpt lat="54.4403901" lon="-3.0609885"><ele>80.1</ele></trkpt>
            <trkpt lat="54.4418235" lon="-3.0613498"><ele>80.9</ele></trkpt>
            <trkpt lat="54.4424600" lon="-3.0621140"><ele>82.0</ele></trkpt>
            <trkpt lat="54.4433080" lon="-3.0650299"><ele>82.2</ele></trkpt>
            <trkpt lat="54.4425180" lon="-3.0677449"><ele>88.5</ele></trkpt>
            <trkpt lat="54.4436410" lon="-3.0685929"><ele>92.2</ele></trkpt>
            <trkpt lat="54.4438330" lon="-3.0698299"><ele>97.4</ele></trkpt>
            <trkpt lat="54.4451720" lon="-3.0721479"><ele>85.2</ele></trkpt>
            <trkpt lat="54.4458350" lon="-3.0746580"><ele>98.8</ele></trkpt>
            <trkpt lat="54.4458480" lon="-3.0793500"><ele>115.5</ele></trkpt>
            <trkpt lat="54.4450310" lon="-3.0818529"><ele>132.8</ele></trkpt>
            <trkpt lat="54.4453110" lon="-3.0858239"><ele>90.3</ele></trkpt>
            <trkpt lat="54.4448810" lon="-3.0872870"><ele>97.4</ele></trkpt>
            <trkpt lat="54.4442690" lon="-3.0877990"><ele>104.7</ele></trkpt>
            <trkpt lat="54.4432690" lon="-3.0898690"><ele>114.9</ele></trkpt>
            <trkpt lat="54.4431390" lon="-3.0909700"><ele>107.8</ele></trkpt>
            <trkpt lat="54.4425180" lon="-3.0926559"><ele>113.3</ele></trkpt>
            <trkpt lat="54.4421332" lon="-3.0940867"><ele>114.7</ele></trkpt>
            <trkpt lat="54.4414380" lon="-3.0964196"><ele>126.8</ele></trkpt>
            <trkpt lat="54.4410630" lon="-3.0982410"><ele>121.6</ele></trkpt>
            <trkpt lat="54.4402410" lon="-3.1015680"><ele>124.9</ele></trkpt>
            <trkpt lat="54.4397230" lon="-3.1008180"><ele>144.0</ele></trkpt>
            <trkpt lat="54.4390300" lon="-3.1006570"><ele>167.3</ele></trkpt>
            <trkpt lat="54.4389350" lon="-3.1001430"><ele>171.5</ele></trkpt>
            <trkpt lat="54.4380320" lon="-3.0995680"><ele>201.7</ele></trkpt>
            <trkpt lat="54.4371120" lon="-3.0983130"><ele>217.5</ele></trkpt>
            <trkpt lat="54.4367240" lon="-3.0971380"><ele>222.3</ele></trkpt>
            <trkpt lat="54.4362510" lon="-3.0973299"><ele>225.9</ele></trkpt>
            <trkpt lat="54.4354810" lon="-3.0963659"><ele>211.9</ele></trkpt>
            <trkpt lat="54.4333800" lon="-3.0965480"><ele>225.1</ele></trkpt>
            <trkpt lat="54.4326660" lon="-3.0951390"><ele>208.0</ele></trkpt>
            <trkpt lat="54.4320340" lon="-3.0949699"><ele>207.1</ele></trkpt>
            <trkpt lat="54.4309740" lon="-3.0937359"><ele>201.5</ele></trkpt>
            <trkpt lat="54.4302450" lon="-3.0937590"><ele>217.1</ele></trkpt>
            <trkpt lat="54.4295700" lon="-3.0925440"><ele>204.6</ele></trkpt>
            <trkpt lat="54.4280190" lon="-3.0923720"><ele>185.8</ele></trkpt>
            <trkpt lat="54.4268580" lon="-3.0927559"><ele>178.0</ele></trkpt>
            <trkpt lat="54.4263480" lon="-3.0914870"><ele>163.7</ele></trkpt>
            <trkpt lat="54.4257150" lon="-3.0912110"><ele>170.2</ele></trkpt>
            <trkpt lat="54.4251510" lon="-3.0904239"><ele>169.5</ele></trkpt>
            <trkpt lat="54.4237350" lon="-3.0897990"><ele>166.8</ele></trkpt>
            <trkpt lat="54.4227310" lon="-3.0902790"><ele>164.6</ele></trkpt>
            <trkpt lat="54.4215082" lon="-3.0914565"><ele>167.3</ele></trkpt>
            <trkpt lat="54.4203697" lon="-3.0926971"><ele>190.1</ele></trkpt>
            <trkpt lat="54.4190198" lon="-3.0933167"><ele>177.9</ele></trkpt>
            <trkpt lat="54.4198270" lon="-3.0896460"><ele>164.6</ele></trkpt>
            <trkpt lat="54.4198980" lon="-3.0866940"><ele>152.6</ele></trkpt>
            <trkpt lat="54.4194050" lon="-3.0852850"><ele>134.5</ele></trkpt>
            <trkpt lat="54.4195350" lon="-3.0834450"><ele>127.2</ele></trkpt>
            <trkpt lat="54.4198810" lon="-3.0825869"><ele>114.7</ele></trkpt>
            <trkpt lat="54.4189220" lon="-3.0814890"><ele>112.3</ele></trkpt>
            <trkpt lat="54.4190730" lon="-3.0802060"><ele>109.6</ele></trkpt>
            <trkpt lat="54.4170060" lon="-3.0788079"><ele>112.7</ele></trkpt>
            <trkpt lat="54.4163330" lon="-3.0778800"><ele>110.2</ele></trkpt>
            <trkpt lat="54.4161720" lon="-3.0772010"><ele>118.6</ele></trkpt>
            <trkpt lat="54.4164710" lon="-3.0760760"><ele>122.4</ele></trkpt>
            <trkpt lat="54.4162300" lon="-3.0748059"><ele>131.1</ele></trkpt>
            <trkpt lat="54.4162240" lon="-3.0721730"><ele>140.2</ele></trkpt>
            <trkpt lat="54.4159040" lon="-3.0704540"><ele>142.8</ele></trkpt>
            <trkpt lat="54.4149980" lon="-3.0689849"><ele>160.9</ele></trkpt>
            <trkpt lat="54.4144310" lon="-3.0665610"><ele>174.6</ele></trkpt>
            <trkpt lat="54.4130290" lon="-3.0663550"><ele>197.0</ele></trkpt>
            <trkpt lat="54.4103260" lon="-3.0651419"><ele>212.6</ele></trkpt>
            <trkpt lat="54.4096770" lon="-3.0653019"><ele>207.4</ele></trkpt>
            <trkpt lat="54.4087980" lon="-3.0647050"><ele>194.8</ele></trkpt>
            <trkpt lat="54.4081140" lon="-3.0651370"><ele>185.1</ele></trkpt>
            <trkpt lat="54.4074960" lon="-3.0643870"><ele>184.5</ele></trkpt>
            <trkpt lat="54.4052710" lon="-3.0652780"><ele>188.2</ele></trkpt>
            <trkpt lat="54.4043770" lon="-3.0652520"><ele>180.1</ele></trkpt>
            <trkpt lat="54.4013570" lon="-3.0708750"><ele>152.9</ele></trkpt>
            <trkpt lat="54.4006280" lon="-3.0713129"><ele>158.3</ele></trkpt>
            <trkpt lat="54.4003320" lon="-3.0705069"><ele>157.6</ele></trkpt>
            <trkpt lat="54.3994910" lon="-3.0698530"><ele>157.5</ele></trkpt>
            <trkpt lat="54.3983370" lon="-3.0721169"><ele>202.4</ele></trkpt>
            <trkpt lat="54.3970240" lon="-3.0730389"><ele>245.1</ele></trkpt>
            <trkpt lat="54.3963280" lon="-3.0741650"><ele>260.2</ele></trkpt>
            <trkpt lat="54.3959120" lon="-3.0751350"><ele>285.9</ele></trkpt>
            <trkpt lat="54.3957860" lon="-3.0763110"><ele>283.2</ele></trkpt>
            <trkpt lat="54.3967830" lon="-3.0795060"><ele>291.6</ele></trkpt>
            <trkpt lat="54.3962520" lon="-3.0802520"><ele>298.1</ele></trkpt>
            <trkpt lat="54.3955150" lon="-3.0802200"><ele>305.1</ele></trkpt>
            <trkpt lat="54.3929590" lon="-3.0780879"><ele>310.1</ele></trkpt>
            <trkpt lat="54.3910040" lon="-3.0789860"><ele>312.0</ele></trkpt>
            <trkpt lat="54.3902560" lon="-3.0789079"><ele>321.4</ele></trkpt>
            <trkpt lat="54.3902180" lon="-3.0785230"><ele>323.4</ele></trkpt>
            <trkpt lat="54.3902350" lon="-3.0794780"><ele>319.4</ele></trkpt>
            <trkpt lat="54.3889680" lon="-3.0808550"><ele>329.7</ele></trkpt>
            <trkpt lat="54.3879530" lon="-3.0828570"><ele>357.8</ele></trkpt>
            <trkpt lat="54.3872580" lon="-3.0834550"><ele>372.1</ele></trkpt>
            <trkpt lat="54.3860390" lon="-3.0854390"><ele>395.7</ele></trkpt>
            <trkpt lat="54.3827770" lon="-3.0893100"><ele>405.6</ele></trkpt>
            <trkpt lat="54.3812260" lon="-3.0904000"><ele>358.9</ele></trkpt>
            <trkpt lat="54.3804110" lon="-3.0904060"><ele>333.7</ele></trkpt>
            <trkpt lat="54.3783520" lon="-3.0888270"><ele>269.1</ele></trkpt>
            <trkpt lat="54.3775160" lon="-3.0885590"><ele>245.1</ele></trkpt>
            <trkpt lat="54.3766580" lon="-3.0892830"><ele>226.1</ele></trkpt>
            <trkpt lat="54.3770960" lon="-3.0899690"><ele>209.1</ele></trkpt>
            <trkpt lat="54.3759410" lon="-3.0902130"><ele>191.7</ele></trkpt>
            <trkpt lat="54.3731780" lon="-3.0883419"><ele>154.5</ele></trkpt>
            <trkpt lat="54.3725400" lon="-3.0867309"><ele>137.2</ele></trkpt>
            <trkpt lat="54.3722000" lon="-3.0847459"><ele>133.4</ele></trkpt>
            <trkpt lat="54.3725780" lon="-3.0820160"><ele>118.3</ele></trkpt>
            <trkpt lat="54.3721880" lon="-3.0803039"><ele>105.8</ele></trkpt>
            <trkpt lat="54.3723780" lon="-3.0786189"><ele>93.5</ele></trkpt>
            <trkpt lat="54.3711030" lon="-3.0781650"><ele>68.9</ele></trkpt>
            <trkpt lat="54.3704090" lon="-3.0766980"><ele>65.3</ele></trkpt>
            <trkpt lat="54.3697440" lon="-3.0764209"><ele>58.8</ele></trkpt>
            <trkpt lat="54.3693130" lon="-3.0757340"><ele>59.4</ele></trkpt>
            <trkpt lat="54.3690270" lon="-3.0756559"><ele>59.4</ele></trkpt>
            <trkpt lat="54.3682110" lon="-3.0765370"><ele>62.9</ele></trkpt>
            <trkpt lat="54.3678620" lon="-3.0746610"><ele>55.2</ele></trkpt>
            <trkpt lat="54.3675460" lon="-3.0741680"><ele>53.7</ele></trkpt>
            <extensions>
                <ns3:line>
                    <ns3:color>453C90</ns3:color>
                    <ns3:opacity>1.0</ns3:opacity>
                    <ns3:width>4.0</ns3:width>
                </ns3:line>
            </extensions>
        </trkseg>
    </trk>
</gpx>