<?xml version="1.0" encoding="UTF-8"?>
<gpx
  creator="LiveTrail"
  version="1.1"
  xmlns="http://www.topografix.com/GPX/1/1"
  xmlns:xsi="http://www.w3.org/2001/XMLSchema-instance"
  xsi:schemaLocation="http://www.topografix.com/GPX/1/1 https://www.topografix.com/GPX/1/1/gpx.xsd">
  <metadata>
    <name>LiveTrail Race</name>
    <bounds maxlat="-33.71214" maxlon="150.28043" minlat="-33.7836" minlon="150.38168"></bounds>
    <copyright author="LiveTrail®"></copyright>
    <link href="https://livetrail.run"></link>
  </metadata>
  <trk>
    <trkseg>
      <trkpt lat="-33.72879" lon="150.30047">
        <ele>959.25</ele>
        <extensions>
          <distance>0</distance>
        </extensions>
      </trkpt>
      <trkpt lat="-33.72893" lon="150.30048499999998">
        <ele>959.5</ele>
        <extensions>
          <distance>16</distance>
        </extensions>
      </trkpt>
      <trkpt lat="-33.72907" lon="150.3005">
        <ele>959.75</ele>
        <extensions>
          <distance>31</distance>
        </extensions>
      </trkpt>
      <trkpt lat="-33.72909" lon="150.30041">
        <ele>960</ele>
        <extensions>
          <distance>40</distance>
        </extensions>
      </trkpt>
      <trkpt lat="-33.729060000000004" lon="150.30019">
        <ele>961</ele>
        <extensions>
          <distance>60</distance>
        </extensions>
      </trkpt>
      <trkpt lat="-33.72903" lon="150.29997">
        <ele>962</ele>
        <extensions>
          <distance>81</distance>
        </extensions>
      </trkpt>
      <trkpt lat="-33.72908" lon="150.29993">
        <ele>963</ele>
        <extensions>
          <distance>88</distance>
        </extensions>
      </trkpt>
      <trkpt lat="-33.72923" lon="150.29991">
        <ele>963</ele>
        <extensions>
          <distance>105</distance>
        </extensions>
      </trkpt>
      <trkpt lat="-33.72939" lon="150.29987">
        <ele>972</ele>
        <extensions>
          <distance>124</distance>
        </extensions>
      </trkpt>
      <trkpt lat="-33.729525" lon="150.29982">
        <ele>972</ele>
        <extensions>
          <distance>140</distance>
        </extensions>
      </trkpt>
      <trkpt lat="-33.72966" lon="150.29977">
        <ele>973</ele>
        <extensions>
          <distance>155</distance>
        </extensions>
      </trkpt>
      <trkpt lat="-33.72973" lon="150.29969">
        <ele>973</ele>
        <extensions>
          <distance>166</distance>
        </extensions>
      </trkpt>
      <trkpt lat="-33.72987" lon="150.29957">
        <ele>973</ele>
        <extensions>
          <distance>185</distance>
        </extensions>
      </trkpt>
      <trkpt lat="-33.72997" lon="150.29945">
        <ele>974</ele>
        <extensions>
          <distance>201</distance>
        </extensions>
      </trkpt>
      <trkpt lat="-33.73008" lon="150.299265">
        <ele>975.5</ele>
        <extensions>
          <distance>222</distance>
        </extensions>
      </trkpt>
      <trkpt lat="-33.73019" lon="150.29908">
        <ele>976</ele>
        <extensions>
          <distance>243</distance>
        </extensions>
      </trkpt>
      <trkpt lat="-33.73029" lon="150.29899">
        <ele>976</ele>
        <extensions>
          <distance>257</distance>
        </extensions>
      </trkpt>
      <trkpt lat="-33.73035" lon="150.29897">
        <ele>976</ele>
        <extensions>
          <distance>264</distance>
        </extensions>
      </trkpt>
      <trkpt lat="-33.73043" lon="150.29896">
        <ele>976</ele>
        <extensions>
          <distance>273</distance>
        </extensions>
      </trkpt>
      <trkpt lat="-33.73059" lon="150.29897">
        <ele>974</ele>
        <extensions>
          <distance>290</distance>
        </extensions>
      </trkpt>
      <trkpt lat="-33.73069" lon="150.29899">
        <ele>973</ele>
        <extensions>
          <distance>302</distance>
        </extensions>
      </trkpt>
      <trkpt lat="-33.730827500000004" lon="150.2990325">
        <ele>973</ele>
        <extensions>
          <distance>317</distance>
        </extensions>
      </trkpt>
      <trkpt lat="-33.730965" lon="150.29907500000002">
        <ele>973</ele>
        <extensions>
          <distance>333</distance>
        </extensions>
      </trkpt>
      <trkpt lat="-33.7311025" lon="150.29911750000002">
        <ele>973</ele>
        <extensions>
          <distance>349</distance>
        </extensions>
      </trkpt>
      <trkpt lat="-33.73124" lon="150.29916">
        <ele>973</ele>
        <extensions>
          <distance>365</distance>
        </extensions>
      </trkpt>
      <trkpt lat="-33.73143" lon="150.29921">
        <ele>973</ele>
        <extensions>
          <distance>386</distance>
        </extensions>
      </trkpt>
      <trkpt lat="-33.73148" lon="150.29922">
        <ele>973</ele>
        <extensions>
          <distance>392</distance>
        </extensions>
      </trkpt>
      <trkpt lat="-33.73154" lon="150.29921">
        <ele>973</ele>
        <extensions>
          <distance>399</distance>
        </extensions>
      </trkpt>
      <trkpt lat="-33.73167" lon="150.29901999999998">
        <ele>979.5</ele>
        <extensions>
          <distance>421</distance>
        </extensions>
      </trkpt>
      <trkpt lat="-33.7318" lon="150.29883">
        <ele>985</ele>
        <extensions>
          <distance>445</distance>
        </extensions>
      </trkpt>
      <trkpt lat="-33.73189" lon="150.29876">
        <ele>985</ele>
        <extensions>
          <distance>457</distance>
        </extensions>
      </trkpt>
      <trkpt lat="-33.732" lon="150.29872">
        <ele>985</ele>
        <extensions>
          <distance>469</distance>
        </extensions>
      </trkpt>
      <trkpt lat="-33.73215" lon="150.29873">
        <ele>985</ele>
        <extensions>
          <distance>486</distance>
        </extensions>
      </trkpt>
      <trkpt lat="-33.73227" lon="150.29876">
        <ele>978</ele>
        <extensions>
          <distance>500</distance>
        </extensions>
      </trkpt>
      <trkpt lat="-33.73233" lon="150.29876">
        <ele>978</ele>
        <extensions>
          <distance>507</distance>
        </extensions>
      </trkpt>
      <trkpt lat="-33.73241" lon="150.29874">
        <ele>978</ele>
        <extensions>
          <distance>516</distance>
        </extensions>
      </trkpt>
      <trkpt lat="-33.73248" lon="150.29867">
        <ele>978</ele>
        <extensions>
          <distance>526</distance>
        </extensions>
      </trkpt>
      <trkpt lat="-33.73251" lon="150.29861">
        <ele>981</ele>
        <extensions>
          <distance>533</distance>
        </extensions>
      </trkpt>
      <trkpt lat="-33.73254" lon="150.2984">
        <ele>988</ele>
        <extensions>
          <distance>554</distance>
        </extensions>
      </trkpt>
      <trkpt lat="-33.73252" lon="150.29824">
        <ele>993</ele>
        <extensions>
          <distance>569</distance>
        </extensions>
      </trkpt>
      <trkpt lat="-33.73248" lon="150.29817">
        <ele>994</ele>
        <extensions>
          <distance>577</distance>
        </extensions>
      </trkpt>
      <trkpt lat="-33.73244" lon="150.29812">
        <ele>996</ele>
        <extensions>
          <distance>584</distance>
        </extensions>
      </trkpt>
      <trkpt lat="-33.732322499999995" lon="150.29803750000002">
        <ele>998</ele>
        <extensions>
          <distance>599</distance>
        </extensions>
      </trkpt>
      <trkpt lat="-33.73220499999999" lon="150.297955">
        <ele>998</ele>
        <extensions>
          <distance>614</distance>
        </extensions>
      </trkpt>
      <trkpt lat="-33.73208749999999" lon="150.29787249999998">
        <ele>999</ele>
        <extensions>
          <distance>629</distance>
        </extensions>
      </trkpt>
      <trkpt lat="-33.73197" lon="150.29779">
        <ele>1006</ele>
        <extensions>
          <distance>646</distance>
        </extensions>
      </trkpt>
      <trkpt lat="-33.73192" lon="150.29774">
        <ele>1006</ele>
        <extensions>
          <distance>653</distance>
        </extensions>
      </trkpt>
      <trkpt lat="-33.73187" lon="150.29767">
        <ele>1006</ele>
        <extensions>
          <distance>662</distance>
        </extensions>
      </trkpt>
      <trkpt lat="-33.73184" lon="150.29759">
        <ele>1006</ele>
        <extensions>
          <distance>670</distance>
        </extensions>
      </trkpt>
      <trkpt lat="-33.73182" lon="150.29733">
        <ele>1007</ele>
        <extensions>
          <distance>694</distance>
        </extensions>
      </trkpt>
      <trkpt lat="-33.73184" lon="150.29707">
        <ele>1007</ele>
        <extensions>
          <distance>718</distance>
        </extensions>
      </trkpt>
      <trkpt lat="-33.73189" lon="150.29685">
        <ele>1007</ele>
        <extensions>
          <distance>739</distance>
        </extensions>
      </trkpt>
      <trkpt lat="-33.7319" lon="150.29667">
        <ele>1007</ele>
        <extensions>
          <distance>756</distance>
        </extensions>
      </trkpt>
      <trkpt lat="-33.73187" lon="150.29659">
        <ele>1006</ele>
        <extensions>
          <distance>764</distance>
        </extensions>
      </trkpt>
      <trkpt lat="-33.73183" lon="150.29653">
        <ele>1005</ele>
        <extensions>
          <distance>771</distance>
        </extensions>
      </trkpt>
      <trkpt lat="-33.73178" lon="150.29649">
        <ele>1005</ele>
        <extensions>
          <distance>778</distance>
        </extensions>
      </trkpt>
      <trkpt lat="-33.73172" lon="150.29646">
        <ele>1005</ele>
        <extensions>
          <distance>785</distance>
        </extensions>
      </trkpt>
      <trkpt lat="-33.73164" lon="150.29644">
        <ele>1005</ele>
        <extensions>
          <distance>794</distance>
        </extensions>
      </trkpt>
      <trkpt lat="-33.73154" lon="150.29645">
        <ele>1004</ele>
        <extensions>
          <distance>805</distance>
        </extensions>
      </trkpt>
      <trkpt lat="-33.7314" lon="150.29649">
        <ele>1004</ele>
        <extensions>
          <distance>821</distance>
        </extensions>
      </trkpt>
      <trkpt lat="-33.73128" lon="150.29655">
        <ele>1002</ele>
        <extensions>
          <distance>836</distance>
        </extensions>
      </trkpt>
      <trkpt lat="-33.73115" lon="150.29666">
        <ele>1000</ele>
        <extensions>
          <distance>854</distance>
        </extensions>
      </trkpt>
      <trkpt lat="-33.73095" lon="150.2968">
        <ele>995</ele>
        <extensions>
          <distance>880</distance>
        </extensions>
      </trkpt>
      <trkpt lat="-33.73087" lon="150.29683">
        <ele>994</ele>
        <extensions>
          <distance>889</distance>
        </extensions>
      </trkpt>
      <trkpt lat="-33.73077" lon="150.29683">
        <ele>994</ele>
        <extensions>
          <distance>900</distance>
        </extensions>
      </trkpt>
      <trkpt lat="-33.73058" lon="150.29679">
        <ele>994</ele>
        <extensions>
          <distance>922</distance>
        </extensions>
      </trkpt>
      <trkpt lat="-33.7304225" lon="150.29673499999998">
        <ele>992.75</ele>
        <extensions>
          <distance>940</distance>
        </extensions>
      </trkpt>
      <trkpt lat="-33.730265" lon="150.29667999999998">
        <ele>991.5</ele>
        <extensions>
          <distance>958</distance>
        </extensions>
      </trkpt>
      <trkpt lat="-33.7301075" lon="150.296625">
        <ele>990.25</ele>
        <extensions>
          <distance>976</distance>
        </extensions>
      </trkpt>
      <trkpt lat="-33.72995" lon="150.29657">
        <ele>990</ele>
        <extensions>
          <distance>994</distance>
        </extensions>
      </trkpt>
      <trkpt lat="-33.72981" lon="150.29651">
        <ele>989</ele>
        <extensions>
          <distance>1011</distance>
        </extensions>
      </trkpt>
      <trkpt lat="-33.7296725" lon="150.29644000000002">
        <ele>988</ele>
        <extensions>
          <distance>1028</distance>
        </extensions>
      </trkpt>
      <trkpt lat="-33.729535" lon="150.29637000000002">
        <ele>988</ele>
        <extensions>
          <distance>1044</distance>
        </extensions>
      </trkpt>
      <trkpt lat="-33.7293975" lon="150.29630000000003">
        <ele>985</ele>
        <extensions>
          <distance>1061</distance>
        </extensions>
      </trkpt>
      <trkpt lat="-33.72926" lon="150.29623">
        <ele>984</ele>
        <extensions>
          <distance>1078</distance>
        </extensions>
      </trkpt>
      <trkpt lat="-33.72916" lon="150.29601">
        <ele>983</ele>
        <extensions>
          <distance>1101</distance>
        </extensions>
      </trkpt>
      <trkpt lat="-33.729055" lon="150.29586">
        <ele>983</ele>
        <extensions>
          <distance>1119</distance>
        </extensions>
      </trkpt>
      <trkpt lat="-33.72895" lon="150.29571">
        <ele>982</ele>
        <extensions>
          <distance>1137</distance>
        </extensions>
      </trkpt>
      <trkpt lat="-33.728854999999996" lon="150.29548">
        <ele>981</ele>
        <extensions>
          <distance>1161</distance>
        </extensions>
      </trkpt>
      <trkpt lat="-33.72876" lon="150.29525">
        <ele>980</ele>
        <extensions>
          <distance>1185</distance>
        </extensions>
      </trkpt>
      <trkpt lat="-33.72873" lon="150.29503">
        <ele>976</ele>
        <extensions>
          <distance>1206</distance>
        </extensions>
      </trkpt>
      <trkpt lat="-33.72873" lon="150.29483">
        <ele>976</ele>
        <extensions>
          <distance>1224</distance>
        </extensions>
      </trkpt>
      <trkpt lat="-33.72869" lon="150.29459">
        <ele>976</ele>
        <extensions>
          <distance>1247</distance>
        </extensions>
      </trkpt>
      <trkpt lat="-33.728575" lon="150.29448">
        <ele>976</ele>
        <extensions>
          <distance>1263</distance>
        </extensions>
      </trkpt>
      <trkpt lat="-33.72846" lon="150.29437">
        <ele>976</ele>
        <extensions>
          <distance>1279</distance>
        </extensions>
      </trkpt>
      <trkpt lat="-33.72836" lon="150.29422">
        <ele>976</ele>
        <extensions>
          <distance>1297</distance>
        </extensions>
      </trkpt>
      <trkpt lat="-33.72836" lon="150.29402">
        <ele>976</ele>
        <extensions>
          <distance>1316</distance>
        </extensions>
      </trkpt>
      <trkpt lat="-33.72838" lon="150.29382999999999">
        <ele>973</ele>
        <extensions>
          <distance>1334</distance>
        </extensions>
      </trkpt>
      <trkpt lat="-33.7284" lon="150.29363999999998">
        <ele>970</ele>
        <extensions>
          <distance>1352</distance>
        </extensions>
      </trkpt>
      <trkpt lat="-33.72842" lon="150.29345">
        <ele>965</ele>
        <extensions>
          <distance>1370</distance>
        </extensions>
      </trkpt>
      <trkpt lat="-33.72844" lon="150.29326">
        <ele>964</ele>
        <extensions>
          <distance>1388</distance>
        </extensions>
      </trkpt>
      <trkpt lat="-33.72839" lon="150.29314">
        <ele>963</ele>
        <extensions>
          <distance>1400</distance>
        </extensions>
      </trkpt>
      <trkpt lat="-33.72828" lon="150.292995">
        <ele>961</ele>
        <extensions>
          <distance>1418</distance>
        </extensions>
      </trkpt>
      <trkpt lat="-33.72817" lon="150.29285">
        <ele>961</ele>
        <extensions>
          <distance>1437</distance>
        </extensions>
      </trkpt>
      <trkpt lat="-33.72816" lon="150.29272">
        <ele>960</ele>
        <extensions>
          <distance>1449</distance>
        </extensions>
      </trkpt>
      <trkpt lat="-33.72819" lon="150.29248">
        <ele>960</ele>
        <extensions>
          <distance>1471</distance>
        </extensions>
      </trkpt>
      <trkpt lat="-33.72815" lon="150.29234">
        <ele>959</ele>
        <extensions>
          <distance>1485</distance>
        </extensions>
      </trkpt>
      <trkpt lat="-33.72809" lon="150.29223">
        <ele>959</ele>
        <extensions>
          <distance>1497</distance>
        </extensions>
      </trkpt>
      <trkpt lat="-33.728" lon="150.2921">
        <ele>958</ele>
        <extensions>
          <distance>1513</distance>
        </extensions>
      </trkpt>
      <trkpt lat="-33.72795" lon="150.29194">
        <ele>955</ele>
        <extensions>
          <distance>1529</distance>
        </extensions>
      </trkpt>
      <trkpt lat="-33.72793" lon="150.29179">
        <ele>952</ele>
        <extensions>
          <distance>1543</distance>
        </extensions>
      </trkpt>
      <trkpt lat="-33.72795" lon="150.2915">
        <ele>945</ele>
        <extensions>
          <distance>1571</distance>
        </extensions>
      </trkpt>
      <trkpt lat="-33.727869999999996" lon="150.2913">
        <ele>945</ele>
        <extensions>
          <distance>1592</distance>
        </extensions>
      </trkpt>
      <trkpt lat="-33.72779" lon="150.2911">
        <ele>945</ele>
        <extensions>
          <distance>1612</distance>
        </extensions>
      </trkpt>
      <trkpt lat="-33.72778" lon="150.29092">
        <ele>942</ele>
        <extensions>
          <distance>1629</distance>
        </extensions>
      </trkpt>
      <trkpt lat="-33.727810000000005" lon="150.29073">
        <ele>938</ele>
        <extensions>
          <distance>1647</distance>
        </extensions>
      </trkpt>
      <trkpt lat="-33.72784" lon="150.29054">
        <ele>938</ele>
        <extensions>
          <distance>1665</distance>
        </extensions>
      </trkpt>
      <trkpt lat="-33.72791" lon="150.29039">
        <ele>935</ele>
        <extensions>
          <distance>1681</distance>
        </extensions>
      </trkpt>
      <trkpt lat="-33.728030000000004" lon="150.29028499999998">
        <ele>935</ele>
        <extensions>
          <distance>1698</distance>
        </extensions>
      </trkpt>
      <trkpt lat="-33.72815" lon="150.29018">
        <ele>933</ele>
        <extensions>
          <distance>1714</distance>
        </extensions>
      </trkpt>
      <trkpt lat="-33.728269999999995" lon="150.290055">
        <ele>932</ele>
        <extensions>
          <distance>1732</distance>
        </extensions>
      </trkpt>
      <trkpt lat="-33.72839" lon="150.28993">
        <ele>931</ele>
        <extensions>
          <distance>1750</distance>
        </extensions>
      </trkpt>
      <trkpt lat="-33.72855" lon="150.28974">
        <ele>930</ele>
        <extensions>
          <distance>1775</distance>
        </extensions>
      </trkpt>
      <trkpt lat="-33.72857" lon="150.28967">
        <ele>930</ele>
        <extensions>
          <distance>1782</distance>
        </extensions>
      </trkpt>
      <trkpt lat="-33.72858" lon="150.28959">
        <ele>930</ele>
        <extensions>
          <distance>1789</distance>
        </extensions>
      </trkpt>
      <trkpt lat="-33.72857" lon="150.28947">
        <ele>930</ele>
        <extensions>
          <distance>1800</distance>
        </extensions>
      </trkpt>
      <trkpt lat="-33.72855" lon="150.28936">
        <ele>930</ele>
        <extensions>
          <distance>1811</distance>
        </extensions>
      </trkpt>
      <trkpt lat="-33.72855" lon="150.28925">
        <ele>929</ele>
        <extensions>
          <distance>1821</distance>
        </extensions>
      </trkpt>
      <trkpt lat="-33.7286" lon="150.28913">
        <ele>927</ele>
        <extensions>
          <distance>1833</distance>
        </extensions>
      </trkpt>
      <trkpt lat="-33.72863" lon="150.28903">
        <ele>926</ele>
        <extensions>
          <distance>1843</distance>
        </extensions>
      </trkpt>
      <trkpt lat="-33.72868" lon="150.28895">
        <ele>925</ele>
        <extensions>
          <distance>1853</distance>
        </extensions>
      </trkpt>
      <trkpt lat="-33.72874" lon="150.28891">
        <ele>924</ele>
        <extensions>
          <distance>1860</distance>
        </extensions>
      </trkpt>
      <trkpt lat="-33.72879" lon="150.28889">
        <ele>924</ele>
        <extensions>
          <distance>1866</distance>
        </extensions>
      </trkpt>
      <trkpt lat="-33.728935" lon="150.28889">
        <ele>924</ele>
        <extensions>
          <distance>1882</distance>
        </extensions>
      </trkpt>
      <trkpt lat="-33.72908" lon="150.28889">
        <ele>924</ele>
        <extensions>
          <distance>1898</distance>
        </extensions>
      </trkpt>
      <trkpt lat="-33.72931" lon="150.28888">
        <ele>923</ele>
        <extensions>
          <distance>1924</distance>
        </extensions>
      </trkpt>
      <trkpt lat="-33.7295" lon="150.28886">
        <ele>919</ele>
        <extensions>
          <distance>1945</distance>
        </extensions>
      </trkpt>
      <trkpt lat="-33.72956" lon="150.2888">
        <ele>916</ele>
        <extensions>
          <distance>1955</distance>
        </extensions>
      </trkpt>
      <trkpt lat="-33.72962" lon="150.28869">
        <ele>914</ele>
        <extensions>
          <distance>1967</distance>
        </extensions>
      </trkpt>
      <trkpt lat="-33.72971" lon="150.28858">
        <ele>912</ele>
        <extensions>
          <distance>1981</distance>
        </extensions>
      </trkpt>
      <trkpt lat="-33.7298" lon="150.28852">
        <ele>911</ele>
        <extensions>
          <distance>1993</distance>
        </extensions>
      </trkpt>
      <trkpt lat="-33.72988" lon="150.28843">
        <ele>910</ele>
        <extensions>
          <distance>2005</distance>
        </extensions>
      </trkpt>
      <trkpt lat="-33.72994" lon="150.28833">
        <ele>910</ele>
        <extensions>
          <distance>2016</distance>
        </extensions>
      </trkpt>
      <trkpt lat="-33.72995" lon="150.2881">
        <ele>909</ele>
        <extensions>
          <distance>2038</distance>
        </extensions>
      </trkpt>
      <trkpt lat="-33.72999" lon="150.28802">
        <ele>909</ele>
        <extensions>
          <distance>2046</distance>
        </extensions>
      </trkpt>
      <trkpt lat="-33.73014" lon="150.28787">
        <ele>907</ele>
        <extensions>
          <distance>2068</distance>
        </extensions>
      </trkpt>
      <trkpt lat="-33.7303" lon="150.28773">
        <ele>907</ele>
        <extensions>
          <distance>2090</distance>
        </extensions>
      </trkpt>
      <trkpt lat="-33.73046" lon="150.28759">
        <ele>907</ele>
        <extensions>
          <distance>2112</distance>
        </extensions>
      </trkpt>
      <trkpt lat="-33.73053" lon="150.28747">
        <ele>907</ele>
        <extensions>
          <distance>2126</distance>
        </extensions>
      </trkpt>
      <trkpt lat="-33.73064" lon="150.28719">
        <ele>911</ele>
        <extensions>
          <distance>2154</distance>
        </extensions>
      </trkpt>
      <trkpt lat="-33.7307" lon="150.28694">
        <ele>911</ele>
        <extensions>
          <distance>2178</distance>
        </extensions>
      </trkpt>
      <trkpt lat="-33.73076" lon="150.28663">
        <ele>911</ele>
        <extensions>
          <distance>2208</distance>
        </extensions>
      </trkpt>
      <trkpt lat="-33.73087" lon="150.28643">
        <ele>911</ele>
        <extensions>
          <distance>2230</distance>
        </extensions>
      </trkpt>
      <trkpt lat="-33.73103" lon="150.28623">
        <ele>911</ele>
        <extensions>
          <distance>2256</distance>
        </extensions>
      </trkpt>
      <trkpt lat="-33.73114" lon="150.28616">
        <ele>911</ele>
        <extensions>
          <distance>2270</distance>
        </extensions>
      </trkpt>
      <trkpt lat="-33.73134" lon="150.2861">
        <ele>911</ele>
        <extensions>
          <distance>2292</distance>
        </extensions>
      </trkpt>
      <trkpt lat="-33.73154" lon="150.28604">
        <ele>912</ele>
        <extensions>
          <distance>2315</distance>
        </extensions>
      </trkpt>
      <trkpt lat="-33.73174" lon="150.28592">
        <ele>914</ele>
        <extensions>
          <distance>2340</distance>
        </extensions>
      </trkpt>
      <trkpt lat="-33.73194" lon="150.285705">
        <ele>914</ele>
        <extensions>
          <distance>2370</distance>
        </extensions>
      </trkpt>
      <trkpt lat="-33.73214" lon="150.28549">
        <ele>914</ele>
        <extensions>
          <distance>2400</distance>
        </extensions>
      </trkpt>
      <trkpt lat="-33.73221" lon="150.28537">
        <ele>919</ele>
        <extensions>
          <distance>2414</distance>
        </extensions>
      </trkpt>
      <trkpt lat="-33.73222" lon="150.2853">
        <ele>922</ele>
        <extensions>
          <distance>2421</distance>
        </extensions>
      </trkpt>
      <trkpt lat="-33.73221" lon="150.28515">
        <ele>922</ele>
        <extensions>
          <distance>2435</distance>
        </extensions>
      </trkpt>
      <trkpt lat="-33.73217" lon="150.28507">
        <ele>922</ele>
        <extensions>
          <distance>2443</distance>
        </extensions>
      </trkpt>
      <trkpt lat="-33.732055" lon="150.28492">
        <ele>922</ele>
        <extensions>
          <distance>2462</distance>
        </extensions>
      </trkpt>
      <trkpt lat="-33.73194" lon="150.28477">
        <ele>920</ele>
        <extensions>
          <distance>2481</distance>
        </extensions>
      </trkpt>
      <trkpt lat="-33.73189" lon="150.28466">
        <ele>917</ele>
        <extensions>
          <distance>2493</distance>
        </extensions>
      </trkpt>
      <trkpt lat="-33.73187" lon="150.28456">
        <ele>914</ele>
        <extensions>
          <distance>2503</distance>
        </extensions>
      </trkpt>
      <trkpt lat="-33.73189" lon="150.28443">
        <ele>914</ele>
        <extensions>
          <distance>2515</distance>
        </extensions>
      </trkpt>
      <trkpt lat="-33.73193" lon="150.28433">
        <ele>914</ele>
        <extensions>
          <distance>2525</distance>
        </extensions>
      </trkpt>
      <trkpt lat="-33.73197" lon="150.28426">
        <ele>914</ele>
        <extensions>
          <distance>2533</distance>
        </extensions>
      </trkpt>
      <trkpt lat="-33.73204" lon="150.28418">
        <ele>915</ele>
        <extensions>
          <distance>2544</distance>
        </extensions>
      </trkpt>
      <trkpt lat="-33.73211" lon="150.28415">
        <ele>918</ele>
        <extensions>
          <distance>2552</distance>
        </extensions>
      </trkpt>
      <trkpt lat="-33.73221" lon="150.28413">
        <ele>922</ele>
        <extensions>
          <distance>2564</distance>
        </extensions>
      </trkpt>
      <trkpt lat="-33.73227" lon="150.28413">
        <ele>928</ele>
        <extensions>
          <distance>2573</distance>
        </extensions>
      </trkpt>
      <trkpt lat="-33.732405" lon="150.28414">
        <ele>931</ele>
        <extensions>
          <distance>2589</distance>
        </extensions>
      </trkpt>
      <trkpt lat="-33.73254" lon="150.28415">
        <ele>934</ele>
        <extensions>
          <distance>2604</distance>
        </extensions>
      </trkpt>
      <trkpt lat="-33.732675" lon="150.28415999999999">
        <ele>937</ele>
        <extensions>
          <distance>2619</distance>
        </extensions>
      </trkpt>
      <trkpt lat="-33.73281" lon="150.28417">
        <ele>948</ele>
        <extensions>
          <distance>2638</distance>
        </extensions>
      </trkpt>
      <trkpt lat="-33.73307" lon="150.28421">
        <ele>948</ele>
        <extensions>
          <distance>2667</distance>
        </extensions>
      </trkpt>
      <trkpt lat="-33.7332" lon="150.28421">
        <ele>948</ele>
        <extensions>
          <distance>2681</distance>
        </extensions>
      </trkpt>
      <trkpt lat="-33.73334" lon="150.28415">
        <ele>948</ele>
        <extensions>
          <distance>2698</distance>
        </extensions>
      </trkpt>
      <trkpt lat="-33.7335" lon="150.28399">
        <ele>948</ele>
        <extensions>
          <distance>2721</distance>
        </extensions>
      </trkpt>
      <trkpt lat="-33.73356" lon="150.2839">
        <ele>949</ele>
        <extensions>
          <distance>2732</distance>
        </extensions>
      </trkpt>
      <trkpt lat="-33.733625" lon="150.28370999999999">
        <ele>951</ele>
        <extensions>
          <distance>2751</distance>
        </extensions>
      </trkpt>
      <trkpt lat="-33.73369" lon="150.28352">
        <ele>953</ele>
        <extensions>
          <distance>2770</distance>
        </extensions>
      </trkpt>
      <trkpt lat="-33.73378" lon="150.28331">
        <ele>953</ele>
        <extensions>
          <distance>2792</distance>
        </extensions>
      </trkpt>
      <trkpt lat="-33.73384" lon="150.28307">
        <ele>953</ele>
        <extensions>
          <distance>2815</distance>
        </extensions>
      </trkpt>
      <trkpt lat="-33.73384" lon="150.28302">
        <ele>953</ele>
        <extensions>
          <distance>2819</distance>
        </extensions>
      </trkpt>
      <trkpt lat="-33.7339" lon="150.28279">
        <ele>957</ele>
        <extensions>
          <distance>2842</distance>
        </extensions>
      </trkpt>
      <trkpt lat="-33.734" lon="150.28265">
        <ele>957</ele>
        <extensions>
          <distance>2859</distance>
        </extensions>
      </trkpt>
      <trkpt lat="-33.73423" lon="150.2825">
        <ele>958</ele>
        <extensions>
          <distance>2888</distance>
        </extensions>
      </trkpt>
      <trkpt lat="-33.734354999999994" lon="150.28240499999998">
        <ele>958</ele>
        <extensions>
          <distance>2904</distance>
        </extensions>
      </trkpt>
      <trkpt lat="-33.73448" lon="150.28231">
        <ele>957</ele>
        <extensions>
          <distance>2921</distance>
        </extensions>
      </trkpt>
      <trkpt lat="-33.73458" lon="150.28226">
        <ele>957</ele>
        <extensions>
          <distance>2933</distance>
        </extensions>
      </trkpt>
      <trkpt lat="-33.73468" lon="150.28224">
        <ele>957</ele>
        <extensions>
          <distance>2944</distance>
        </extensions>
      </trkpt>
      <trkpt lat="-33.73493" lon="150.28226">
        <ele>957</ele>
        <extensions>
          <distance>2972</distance>
        </extensions>
      </trkpt>
      <trkpt lat="-33.73511" lon="150.28233">
        <ele>957</ele>
        <extensions>
          <distance>2993</distance>
        </extensions>
      </trkpt>
      <trkpt lat="-33.73533" lon="150.28235">
        <ele>956</ele>
        <extensions>
          <distance>3017</distance>
        </extensions>
      </trkpt>
      <trkpt lat="-33.73547" lon="150.28235">
        <ele>955</ele>
        <extensions>
          <distance>3033</distance>
        </extensions>
      </trkpt>
      <trkpt lat="-33.73558" lon="150.28233">
        <ele>955</ele>
        <extensions>
          <distance>3045</distance>
        </extensions>
      </trkpt>
      <trkpt lat="-33.73567" lon="150.28226">
        <ele>955</ele>
        <extensions>
          <distance>3057</distance>
        </extensions>
      </trkpt>
      <trkpt lat="-33.73577" lon="150.28207">
        <ele>955</ele>
        <extensions>
          <distance>3078</distance>
        </extensions>
      </trkpt>
      <trkpt lat="-33.73585" lon="150.28185">
        <ele>957</ele>
        <extensions>
          <distance>3100</distance>
        </extensions>
      </trkpt>
      <trkpt lat="-33.7359" lon="150.28176">
        <ele>957</ele>
        <extensions>
          <distance>3110</distance>
        </extensions>
      </trkpt>
      <trkpt lat="-33.73605" lon="150.28155">
        <ele>964</ele>
        <extensions>
          <distance>3136</distance>
        </extensions>
      </trkpt>
      <trkpt lat="-33.73609" lon="150.28139">
        <ele>969</ele>
        <extensions>
          <distance>3152</distance>
        </extensions>
      </trkpt>
      <trkpt lat="-33.73609999999999" lon="150.28122">
        <ele>969</ele>
        <extensions>
          <distance>3168</distance>
        </extensions>
      </trkpt>
      <trkpt lat="-33.73611" lon="150.28105">
        <ele>969</ele>
        <extensions>
          <distance>3184</distance>
        </extensions>
      </trkpt>
      <trkpt lat="-33.73613" lon="150.28091">
        <ele>969</ele>
        <extensions>
          <distance>3197</distance>
        </extensions>
      </trkpt>
      <trkpt lat="-33.73617" lon="150.28076">
        <ele>969</ele>
        <extensions>
          <distance>3212</distance>
        </extensions>
      </trkpt>
      <trkpt lat="-33.73625" lon="150.28058">
        <ele>968</ele>
        <extensions>
          <distance>3230</distance>
        </extensions>
      </trkpt>
      <trkpt lat="-33.73631" lon="150.28047">
        <ele>968</ele>
        <extensions>
          <distance>3243</distance>
        </extensions>
      </trkpt>
      <trkpt lat="-33.73636" lon="150.28043">
        <ele>968</ele>
        <extensions>
          <distance>3249</distance>
        </extensions>
      </trkpt>
      <trkpt lat="-33.73643" lon="150.28043">
        <ele>968</ele>
        <extensions>
          <distance>3257</distance>
        </extensions>
      </trkpt>
      <trkpt lat="-33.73655" lon="150.28046">
        <ele>970</ele>
        <extensions>
          <distance>3271</distance>
        </extensions>
      </trkpt>
      <trkpt lat="-33.736685" lon="150.28052">
        <ele>976</ele>
        <extensions>
          <distance>3287</distance>
        </extensions>
      </trkpt>
      <trkpt lat="-33.73682" lon="150.28058">
        <ele>980</ele>
        <extensions>
          <distance>3303</distance>
        </extensions>
      </trkpt>
      <trkpt lat="-33.73704" lon="150.280645">
        <ele>983</ele>
        <extensions>
          <distance>3329</distance>
        </extensions>
      </trkpt>
      <trkpt lat="-33.73726" lon="150.28071">
        <ele>986</ele>
        <extensions>
          <distance>3354</distance>
        </extensions>
      </trkpt>
      <trkpt lat="-33.737404999999995" lon="150.280745">
        <ele>988</ele>
        <extensions>
          <distance>3370</distance>
        </extensions>
      </trkpt>
      <trkpt lat="-33.73755" lon="150.28078">
        <ele>991</ele>
        <extensions>
          <distance>3387</distance>
        </extensions>
      </trkpt>
      <trkpt lat="-33.737764999999996" lon="150.280815">
        <ele>997</ele>
        <extensions>
          <distance>3412</distance>
        </extensions>
      </trkpt>
      <trkpt lat="-33.73798" lon="150.28085">
        <ele>1006</ele>
        <extensions>
          <distance>3438</distance>
        </extensions>
      </trkpt>
      <trkpt lat="-33.7381225" lon="150.28085249999998">
        <ele>1009</ele>
        <extensions>
          <distance>3454</distance>
        </extensions>
      </trkpt>
      <trkpt lat="-33.738265" lon="150.28085499999997">
        <ele>1011</ele>
        <extensions>
          <distance>3469</distance>
        </extensions>
      </trkpt>
      <trkpt lat="-33.738407499999994" lon="150.28085749999997">
        <ele>1012</ele>
        <extensions>
          <distance>3485</distance>
        </extensions>
      </trkpt>
      <trkpt lat="-33.73855" lon="150.28086">
        <ele>1014</ele>
        <extensions>
          <distance>3501</distance>
        </extensions>
      </trkpt>
      <trkpt lat="-33.73881" lon="150.28085">
        <ele>1016</ele>
        <extensions>
          <distance>3530</distance>
        </extensions>
      </trkpt>
      <trkpt lat="-33.73888" lon="150.28083">
        <ele>1016</ele>
        <extensions>
          <distance>3538</distance>
        </extensions>
      </trkpt>
      <trkpt lat="-33.73889" lon="150.28088">
        <ele>1016</ele>
        <extensions>
          <distance>3543</distance>
        </extensions>
      </trkpt>
      <trkpt lat="-33.73881" lon="150.28087">
        <ele>1016</ele>
        <extensions>
          <distance>3552</distance>
        </extensions>
      </trkpt>
      <trkpt lat="-33.73855" lon="150.28088">
        <ele>1014</ele>
        <extensions>
          <distance>3581</distance>
        </extensions>
      </trkpt>
      <trkpt lat="-33.738407499999994" lon="150.28087749999997">
        <ele>1013</ele>
        <extensions>
          <distance>3597</distance>
        </extensions>
      </trkpt>
      <trkpt lat="-33.738265" lon="150.28087499999998">
        <ele>1011</ele>
        <extensions>
          <distance>3612</distance>
        </extensions>
      </trkpt>
      <trkpt lat="-33.7381225" lon="150.2808725">
        <ele>1010</ele>
        <extensions>
          <distance>3628</distance>
        </extensions>
      </trkpt>
      <trkpt lat="-33.73798" lon="150.28087">
        <ele>1006</ele>
        <extensions>
          <distance>3645</distance>
        </extensions>
      </trkpt>
      <trkpt lat="-33.73776" lon="150.280835">
        <ele>998</ele>
        <extensions>
          <distance>3671</distance>
        </extensions>
      </trkpt>
      <trkpt lat="-33.73754" lon="150.2808">
        <ele>992</ele>
        <extensions>
          <distance>3696</distance>
        </extensions>
      </trkpt>
      <trkpt lat="-33.73739500000001" lon="150.280765">
        <ele>988</ele>
        <extensions>
          <distance>3713</distance>
        </extensions>
      </trkpt>
      <trkpt lat="-33.73725" lon="150.28073">
        <ele>986</ele>
        <extensions>
          <distance>3729</distance>
        </extensions>
      </trkpt>
      <trkpt lat="-33.737030000000004" lon="150.28066">
        <ele>984</ele>
        <extensions>
          <distance>3755</distance>
        </extensions>
      </trkpt>
      <trkpt lat="-33.73681" lon="150.28059">
        <ele>980</ele>
        <extensions>
          <distance>3780</distance>
        </extensions>
      </trkpt>
      <trkpt lat="-33.73668" lon="150.280535">
        <ele>976</ele>
        <extensions>
          <distance>3796</distance>
        </extensions>
      </trkpt>
      <trkpt lat="-33.73655" lon="150.28048">
        <ele>972</ele>
        <extensions>
          <distance>3812</distance>
        </extensions>
      </trkpt>
      <trkpt lat="-33.73643" lon="150.28044">
        <ele>971</ele>
        <extensions>
          <distance>3826</distance>
        </extensions>
      </trkpt>
      <trkpt lat="-33.73636" lon="150.28044">
        <ele>971</ele>
        <extensions>
          <distance>3833</distance>
        </extensions>
      </trkpt>
      <trkpt lat="-33.73631" lon="150.28049">
        <ele>970</ele>
        <extensions>
          <distance>3841</distance>
        </extensions>
      </trkpt>
      <trkpt lat="-33.73625" lon="150.28059">
        <ele>970</ele>
        <extensions>
          <distance>3852</distance>
        </extensions>
      </trkpt>
      <trkpt lat="-33.73618" lon="150.28077">
        <ele>970</ele>
        <extensions>
          <distance>3870</distance>
        </extensions>
      </trkpt>
      <trkpt lat="-33.73614" lon="150.28091">
        <ele>970</ele>
        <extensions>
          <distance>3884</distance>
        </extensions>
      </trkpt>
      <trkpt lat="-33.73612" lon="150.28105">
        <ele>970</ele>
        <extensions>
          <distance>3897</distance>
        </extensions>
      </trkpt>
      <trkpt lat="-33.73611" lon="150.281225">
        <ele>970</ele>
        <extensions>
          <distance>3914</distance>
        </extensions>
      </trkpt>
      <trkpt lat="-33.7361" lon="150.2814">
        <ele>970</ele>
        <extensions>
          <distance>3930</distance>
        </extensions>
      </trkpt>
      <trkpt lat="-33.73606" lon="150.28155">
        <ele>965</ele>
        <extensions>
          <distance>3945</distance>
        </extensions>
      </trkpt>
      <trkpt lat="-33.7359" lon="150.28177">
        <ele>957</ele>
        <extensions>
          <distance>3973</distance>
        </extensions>
      </trkpt>
      <trkpt lat="-33.73586" lon="150.28185">
        <ele>955</ele>
        <extensions>
          <distance>3981</distance>
        </extensions>
      </trkpt>
      <trkpt lat="-33.73577" lon="150.28208">
        <ele>952</ele>
        <extensions>
          <distance>4005</distance>
        </extensions>
      </trkpt>
      <trkpt lat="-33.73568" lon="150.28227">
        <ele>952</ele>
        <extensions>
          <distance>4026</distance>
        </extensions>
      </trkpt>
      <trkpt lat="-33.73558" lon="150.28234">
        <ele>952</ele>
        <extensions>
          <distance>4038</distance>
        </extensions>
      </trkpt>
      <trkpt lat="-33.73547" lon="150.28236">
        <ele>952</ele>
        <extensions>
          <distance>4051</distance>
        </extensions>
      </trkpt>
      <trkpt lat="-33.73534" lon="150.28236">
        <ele>953</ele>
        <extensions>
          <distance>4065</distance>
        </extensions>
      </trkpt>
      <trkpt lat="-33.73511" lon="150.28234">
        <ele>956</ele>
        <extensions>
          <distance>4091</distance>
        </extensions>
      </trkpt>
      <trkpt lat="-33.73493" lon="150.28226">
        <ele>957</ele>
        <extensions>
          <distance>4112</distance>
        </extensions>
      </trkpt>
      <trkpt lat="-33.73468" lon="150.28224">
        <ele>957</ele>
        <extensions>
          <distance>4140</distance>
        </extensions>
      </trkpt>
      <trkpt lat="-33.73458" lon="150.28227">
        <ele>957</ele>
        <extensions>
          <distance>4151</distance>
        </extensions>
      </trkpt>
      <trkpt lat="-33.73449" lon="150.28231">
        <ele>957</ele>
        <extensions>
          <distance>4162</distance>
        </extensions>
      </trkpt>
      <trkpt lat="-33.734359999999995" lon="150.28241">
        <ele>957</ele>
        <extensions>
          <distance>4179</distance>
        </extensions>
      </trkpt>
      <trkpt lat="-33.73423" lon="150.28251">
        <ele>957</ele>
        <extensions>
          <distance>4196</distance>
        </extensions>
      </trkpt>
      <trkpt lat="-33.734" lon="150.28265">
        <ele>956.5</ele>
        <extensions>
          <distance>4225</distance>
        </extensions>
      </trkpt>
      <trkpt lat="-33.7339" lon="150.2828">
        <ele>954</ele>
        <extensions>
          <distance>4243</distance>
        </extensions>
      </trkpt>
      <trkpt lat="-33.73384" lon="150.283055">
        <ele>953</ele>
        <extensions>
          <distance>4267</distance>
        </extensions>
      </trkpt>
      <trkpt lat="-33.73378" lon="150.28331">
        <ele>953</ele>
        <extensions>
          <distance>4292</distance>
        </extensions>
      </trkpt>
      <trkpt lat="-33.73369" lon="150.28352">
        <ele>953</ele>
        <extensions>
          <distance>4314</distance>
        </extensions>
      </trkpt>
      <trkpt lat="-33.733625" lon="150.28370999999999">
        <ele>951</ele>
        <extensions>
          <distance>4333</distance>
        </extensions>
      </trkpt>
      <trkpt lat="-33.73356" lon="150.2839">
        <ele>949</ele>
        <extensions>
          <distance>4352</distance>
        </extensions>
      </trkpt>
      <trkpt lat="-33.7335" lon="150.28399">
        <ele>948</ele>
        <extensions>
          <distance>4363</distance>
        </extensions>
      </trkpt>
      <trkpt lat="-33.73334" lon="150.28415">
        <ele>948</ele>
        <extensions>
          <distance>4386</distance>
        </extensions>
      </trkpt>
      <trkpt lat="-33.7332" lon="150.28421">
        <ele>948</ele>
        <extensions>
          <distance>4402</distance>
        </extensions>
      </trkpt>
      <trkpt lat="-33.73307" lon="150.28421">
        <ele>948</ele>
        <extensions>
          <distance>4417</distance>
        </extensions>
      </trkpt>
      <trkpt lat="-33.73281" lon="150.28417">
        <ele>948</ele>
        <extensions>
          <distance>4446</distance>
        </extensions>
      </trkpt>
      <trkpt lat="-33.732675" lon="150.28415999999999">
        <ele>937</ele>
        <extensions>
          <distance>4461</distance>
        </extensions>
      </trkpt>
      <trkpt lat="-33.73254" lon="150.28415">
        <ele>934</ele>
        <extensions>
          <distance>4477</distance>
        </extensions>
      </trkpt>
      <trkpt lat="-33.732405" lon="150.28414">
        <ele>931</ele>
        <extensions>
          <distance>4492</distance>
        </extensions>
      </trkpt>
      <trkpt lat="-33.73227" lon="150.28413">
        <ele>928</ele>
        <extensions>
          <distance>4507</distance>
        </extensions>
      </trkpt>
      <trkpt lat="-33.73221" lon="150.28413">
        <ele>922</ele>
        <extensions>
          <distance>4516</distance>
        </extensions>
      </trkpt>
      <trkpt lat="-33.73211" lon="150.28415">
        <ele>918</ele>
        <extensions>
          <distance>4528</distance>
        </extensions>
      </trkpt>
      <trkpt lat="-33.73204" lon="150.28418">
        <ele>918</ele>
        <extensions>
          <distance>4536</distance>
        </extensions>
      </trkpt>
      <trkpt lat="-33.73197" lon="150.28426">
        <ele>917</ele>
        <extensions>
          <distance>4547</distance>
        </extensions>
      </trkpt>
      <trkpt lat="-33.73193" lon="150.28433">
        <ele>917</ele>
        <extensions>
          <distance>4555</distance>
        </extensions>
      </trkpt>
      <trkpt lat="-33.73189" lon="150.28445">
        <ele>917</ele>
        <extensions>
          <distance>4567</distance>
        </extensions>
      </trkpt>
      <trkpt lat="-33.73187" lon="150.28456">
        <ele>917</ele>
        <extensions>
          <distance>4577</distance>
        </extensions>
      </trkpt>
      <trkpt lat="-33.73189" lon="150.28466">
        <ele>920</ele>
        <extensions>
          <distance>4587</distance>
        </extensions>
      </trkpt>
      <trkpt lat="-33.73194" lon="150.28477">
        <ele>923</ele>
        <extensions>
          <distance>4599</distance>
        </extensions>
      </trkpt>
      <trkpt lat="-33.732055" lon="150.28492">
        <ele>923</ele>
        <extensions>
          <distance>4618</distance>
        </extensions>
      </trkpt>
      <trkpt lat="-33.73217" lon="150.28507">
        <ele>923</ele>
        <extensions>
          <distance>4636</distance>
        </extensions>
      </trkpt>
      <trkpt lat="-33.73221" lon="150.28515">
        <ele>923</ele>
        <extensions>
          <distance>4645</distance>
        </extensions>
      </trkpt>
      <trkpt lat="-33.73222" lon="150.28522">
        <ele>923</ele>
        <extensions>
          <distance>4652</distance>
        </extensions>
      </trkpt>
      <trkpt lat="-33.73221" lon="150.28537">
        <ele>919</ele>
        <extensions>
          <distance>4666</distance>
        </extensions>
      </trkpt>
      <trkpt lat="-33.73214" lon="150.28549">
        <ele>914</ele>
        <extensions>
          <distance>4680</distance>
        </extensions>
      </trkpt>
      <trkpt lat="-33.73194" lon="150.285705">
        <ele>914</ele>
        <extensions>
          <distance>4710</distance>
        </extensions>
      </trkpt>
      <trkpt lat="-33.73174" lon="150.28592">
        <ele>914</ele>
        <extensions>
          <distance>4740</distance>
        </extensions>
      </trkpt>
      <trkpt lat="-33.73154" lon="150.28604">
        <ele>912</ele>
        <extensions>
          <distance>4765</distance>
        </extensions>
      </trkpt>
      <trkpt lat="-33.73134" lon="150.2861">
        <ele>911</ele>
        <extensions>
          <distance>4788</distance>
        </extensions>
      </trkpt>
      <trkpt lat="-33.73114" lon="150.28616">
        <ele>911</ele>
        <extensions>
          <distance>4810</distance>
        </extensions>
      </trkpt>
      <trkpt lat="-33.73103" lon="150.28623">
        <ele>911</ele>
        <extensions>
          <distance>4824</distance>
        </extensions>
      </trkpt>
      <trkpt lat="-33.73087" lon="150.28643">
        <ele>911</ele>
        <extensions>
          <distance>4850</distance>
        </extensions>
      </trkpt>
      <trkpt lat="-33.73076" lon="150.28663">
        <ele>911</ele>
        <extensions>
          <distance>4872</distance>
        </extensions>
      </trkpt>
      <trkpt lat="-33.7307" lon="150.28694">
        <ele>911</ele>
        <extensions>
          <distance>4902</distance>
        </extensions>
      </trkpt>
      <trkpt lat="-33.73064" lon="150.28719">
        <ele>911</ele>
        <extensions>
          <distance>4926</distance>
        </extensions>
      </trkpt>
      <trkpt lat="-33.73053" lon="150.28747">
        <ele>907</ele>
        <extensions>
          <distance>4954</distance>
        </extensions>
      </trkpt>
      <trkpt lat="-33.73046" lon="150.28759">
        <ele>907</ele>
        <extensions>
          <distance>4968</distance>
        </extensions>
      </trkpt>
      <trkpt lat="-33.7303" lon="150.28773">
        <ele>907</ele>
        <extensions>
          <distance>4990</distance>
        </extensions>
      </trkpt>
      <trkpt lat="-33.73014" lon="150.28787">
        <ele>907</ele>
        <extensions>
          <distance>5012</distance>
        </extensions>
      </trkpt>
      <trkpt lat="-33.72999" lon="150.28802">
        <ele>909</ele>
        <extensions>
          <distance>5034</distance>
        </extensions>
      </trkpt>
      <trkpt lat="-33.72995" lon="150.2881">
        <ele>909</ele>
        <extensions>
          <distance>5042</distance>
        </extensions>
      </trkpt>
      <trkpt lat="-33.72994" lon="150.28833">
        <ele>910</ele>
        <extensions>
          <distance>5064</distance>
        </extensions>
      </trkpt>
      <trkpt lat="-33.72988" lon="150.28843">
        <ele>910</ele>
        <extensions>
          <distance>5075</distance>
        </extensions>
      </trkpt>
      <trkpt lat="-33.7298" lon="150.28852">
        <ele>911</ele>
        <extensions>
          <distance>5087</distance>
        </extensions>
      </trkpt>
      <trkpt lat="-33.72971" lon="150.28858">
        <ele>912</ele>
        <extensions>
          <distance>5099</distance>
        </extensions>
      </trkpt>
      <trkpt lat="-33.72962" lon="150.28869">
        <ele>914</ele>
        <extensions>
          <distance>5113</distance>
        </extensions>
      </trkpt>
      <trkpt lat="-33.72956" lon="150.2888">
        <ele>916</ele>
        <extensions>
          <distance>5125</distance>
        </extensions>
      </trkpt>
      <trkpt lat="-33.7295" lon="150.28886">
        <ele>919</ele>
        <extensions>
          <distance>5135</distance>
        </extensions>
      </trkpt>
      <trkpt lat="-33.72944" lon="150.28887">
        <ele>922</ele>
        <extensions>
          <distance>5142</distance>
        </extensions>
      </trkpt>
      <trkpt lat="-33.72926" lon="150.28888">
        <ele>923</ele>
        <extensions>
          <distance>5162</distance>
        </extensions>
      </trkpt>
      <trkpt lat="-33.72908" lon="150.28889">
        <ele>924</ele>
        <extensions>
          <distance>5182</distance>
        </extensions>
      </trkpt>
      <trkpt lat="-33.728935" lon="150.28889">
        <ele>924</ele>
        <extensions>
          <distance>5198</distance>
        </extensions>
      </trkpt>
      <trkpt lat="-33.72879" lon="150.28889">
        <ele>924</ele>
        <extensions>
          <distance>5214</distance>
        </extensions>
      </trkpt>
      <trkpt lat="-33.72874" lon="150.28891">
        <ele>924</ele>
        <extensions>
          <distance>5220</distance>
        </extensions>
      </trkpt>
      <trkpt lat="-33.72868" lon="150.28895">
        <ele>925</ele>
        <extensions>
          <distance>5228</distance>
        </extensions>
      </trkpt>
      <trkpt lat="-33.72863" lon="150.28903">
        <ele>926</ele>
        <extensions>
          <distance>5237</distance>
        </extensions>
      </trkpt>
      <trkpt lat="-33.7286" lon="150.28913">
        <ele>927</ele>
        <extensions>
          <distance>5247</distance>
        </extensions>
      </trkpt>
      <trkpt lat="-33.72855" lon="150.28925">
        <ele>929</ele>
        <extensions>
          <distance>5259</distance>
        </extensions>
      </trkpt>
      <trkpt lat="-33.72855" lon="150.28936">
        <ele>930</ele>
        <extensions>
          <distance>5270</distance>
        </extensions>
      </trkpt>
      <trkpt lat="-33.72857" lon="150.28947">
        <ele>930</ele>
        <extensions>
          <distance>5280</distance>
        </extensions>
      </trkpt>
      <trkpt lat="-33.72858" lon="150.28959">
        <ele>930</ele>
        <extensions>
          <distance>5291</distance>
        </extensions>
      </trkpt>
      <trkpt lat="-33.72857" lon="150.28967">
        <ele>930</ele>
        <extensions>
          <distance>5299</distance>
        </extensions>
      </trkpt>
      <trkpt lat="-33.72855" lon="150.28974">
        <ele>930</ele>
        <extensions>
          <distance>5306</distance>
        </extensions>
      </trkpt>
      <trkpt lat="-33.72839" lon="150.28993">
        <ele>932</ele>
        <extensions>
          <distance>5331</distance>
        </extensions>
      </trkpt>
      <trkpt lat="-33.728269999999995" lon="150.290055">
        <ele>935</ele>
        <extensions>
          <distance>5348</distance>
        </extensions>
      </trkpt>
      <trkpt lat="-33.72815" lon="150.29018">
        <ele>938</ele>
        <extensions>
          <distance>5366</distance>
        </extensions>
      </trkpt>
      <trkpt lat="-33.728030000000004" lon="150.29028">
        <ele>939</ele>
        <extensions>
          <distance>5383</distance>
        </extensions>
      </trkpt>
      <trkpt lat="-33.72791" lon="150.29038">
        <ele>939</ele>
        <extensions>
          <distance>5399</distance>
        </extensions>
      </trkpt>
      <trkpt lat="-33.72782" lon="150.29057">
        <ele>940</ele>
        <extensions>
          <distance>5419</distance>
        </extensions>
      </trkpt>
      <trkpt lat="-33.727795" lon="150.290775">
        <ele>941</ele>
        <extensions>
          <distance>5438</distance>
        </extensions>
      </trkpt>
      <trkpt lat="-33.72777" lon="150.29098">
        <ele>943</ele>
        <extensions>
          <distance>5458</distance>
        </extensions>
      </trkpt>
      <trkpt lat="-33.72783" lon="150.29122">
        <ele>945</ele>
        <extensions>
          <distance>5481</distance>
        </extensions>
      </trkpt>
      <trkpt lat="-33.727885" lon="150.29137500000002">
        <ele>945</ele>
        <extensions>
          <distance>5497</distance>
        </extensions>
      </trkpt>
      <trkpt lat="-33.72794" lon="150.29153">
        <ele>946</ele>
        <extensions>
          <distance>5512</distance>
        </extensions>
      </trkpt>
      <trkpt lat="-33.72792" lon="150.29181">
        <ele>957</ele>
        <extensions>
          <distance>5539</distance>
        </extensions>
      </trkpt>
      <trkpt lat="-33.72797" lon="150.29202">
        <ele>958</ele>
        <extensions>
          <distance>5560</distance>
        </extensions>
      </trkpt>
      <trkpt lat="-33.72804" lon="150.29217">
        <ele>959</ele>
        <extensions>
          <distance>5576</distance>
        </extensions>
      </trkpt>
      <trkpt lat="-33.72814" lon="150.29232">
        <ele>959</ele>
        <extensions>
          <distance>5593</distance>
        </extensions>
      </trkpt>
      <trkpt lat="-33.72819" lon="150.29246">
        <ele>959</ele>
        <extensions>
          <distance>5607</distance>
        </extensions>
      </trkpt>
      <trkpt lat="-33.72816" lon="150.29269">
        <ele>960</ele>
        <extensions>
          <distance>5629</distance>
        </extensions>
      </trkpt>
      <trkpt lat="-33.72817" lon="150.29287">
        <ele>961</ele>
        <extensions>
          <distance>5646</distance>
        </extensions>
      </trkpt>
      <trkpt lat="-33.728285" lon="150.293025">
        <ele>962</ele>
        <extensions>
          <distance>5665</distance>
        </extensions>
      </trkpt>
      <trkpt lat="-33.7284" lon="150.29318">
        <ele>963</ele>
        <extensions>
          <distance>5684</distance>
        </extensions>
      </trkpt>
      <trkpt lat="-33.72845" lon="150.29335">
        <ele>964</ele>
        <extensions>
          <distance>5701</distance>
        </extensions>
      </trkpt>
      <trkpt lat="-33.72838" lon="150.29364">
        <ele>970</ele>
        <extensions>
          <distance>5730</distance>
        </extensions>
      </trkpt>
      <trkpt lat="-33.72837" lon="150.2939">
        <ele>975</ele>
        <extensions>
          <distance>5754</distance>
        </extensions>
      </trkpt>
      <trkpt lat="-33.72834" lon="150.29415">
        <ele>977</ele>
        <extensions>
          <distance>5778</distance>
        </extensions>
      </trkpt>
      <trkpt lat="-33.72837" lon="150.29427">
        <ele>977</ele>
        <extensions>
          <distance>5789</distance>
        </extensions>
      </trkpt>
      <trkpt lat="-33.7285" lon="150.29443">
        <ele>977</ele>
        <extensions>
          <distance>5810</distance>
        </extensions>
      </trkpt>
      <trkpt lat="-33.72865" lon="150.29454">
        <ele>980</ele>
        <extensions>
          <distance>5830</distance>
        </extensions>
      </trkpt>
      <trkpt lat="-33.72872" lon="150.29468">
        <ele>980</ele>
        <extensions>
          <distance>5845</distance>
        </extensions>
      </trkpt>
      <trkpt lat="-33.72872" lon="150.29492">
        <ele>980</ele>
        <extensions>
          <distance>5867</distance>
        </extensions>
      </trkpt>
      <trkpt lat="-33.72874" lon="150.29522">
        <ele>981</ele>
        <extensions>
          <distance>5895</distance>
        </extensions>
      </trkpt>
      <trkpt lat="-33.72883" lon="150.295455">
        <ele>981</ele>
        <extensions>
          <distance>5919</distance>
        </extensions>
      </trkpt>
      <trkpt lat="-33.72892" lon="150.29569">
        <ele>983</ele>
        <extensions>
          <distance>5943</distance>
        </extensions>
      </trkpt>
      <trkpt lat="-33.729025" lon="150.295835">
        <ele>983</ele>
        <extensions>
          <distance>5961</distance>
        </extensions>
      </trkpt>
      <trkpt lat="-33.72913" lon="150.29598">
        <ele>983</ele>
        <extensions>
          <distance>5978</distance>
        </extensions>
      </trkpt>
      <trkpt lat="-33.729205" lon="150.296115">
        <ele>984</ele>
        <extensions>
          <distance>5993</distance>
        </extensions>
      </trkpt>
      <trkpt lat="-33.72928" lon="150.29625">
        <ele>984</ele>
        <extensions>
          <distance>6008</distance>
        </extensions>
      </trkpt>
      <trkpt lat="-33.729475" lon="150.29635">
        <ele>987</ele>
        <extensions>
          <distance>6032</distance>
        </extensions>
      </trkpt>
      <trkpt lat="-33.72967" lon="150.29645">
        <ele>988</ele>
        <extensions>
          <distance>6056</distance>
        </extensions>
      </trkpt>
      <trkpt lat="-33.72981" lon="150.29651">
        <ele>988.5</ele>
        <extensions>
          <distance>6072</distance>
        </extensions>
      </trkpt>
      <trkpt lat="-33.72995" lon="150.29657">
        <ele>989</ele>
        <extensions>
          <distance>6089</distance>
        </extensions>
      </trkpt>
      <trkpt lat="-33.7301075" lon="150.296625">
        <ele>990.25</ele>
        <extensions>
          <distance>6107</distance>
        </extensions>
      </trkpt>
      <trkpt lat="-33.730265" lon="150.29667999999998">
        <ele>991.5</ele>
        <extensions>
          <distance>6125</distance>
        </extensions>
      </trkpt>
      <trkpt lat="-33.7304225" lon="150.29673499999998">
        <ele>992.75</ele>
        <extensions>
          <distance>6143</distance>
        </extensions>
      </trkpt>
      <trkpt lat="-33.73058" lon="150.29679">
        <ele>994</ele>
        <extensions>
          <distance>6162</distance>
        </extensions>
      </trkpt>
      <trkpt lat="-33.73077" lon="150.29683">
        <ele>994</ele>
        <extensions>
          <distance>6183</distance>
        </extensions>
      </trkpt>
      <trkpt lat="-33.73087" lon="150.29683">
        <ele>994</ele>
        <extensions>
          <distance>6194</distance>
        </extensions>
      </trkpt>
      <trkpt lat="-33.73095" lon="150.2968">
        <ele>995</ele>
        <extensions>
          <distance>6203</distance>
        </extensions>
      </trkpt>
      <trkpt lat="-33.73115" lon="150.29666">
        <ele>996</ele>
        <extensions>
          <distance>6229</distance>
        </extensions>
      </trkpt>
      <trkpt lat="-33.73128" lon="150.29655">
        <ele>1000</ele>
        <extensions>
          <distance>6247</distance>
        </extensions>
      </trkpt>
      <trkpt lat="-33.73135" lon="150.29651">
        <ele>1002</ele>
        <extensions>
          <distance>6255</distance>
        </extensions>
      </trkpt>
      <trkpt lat="-33.73154" lon="150.29645">
        <ele>1004</ele>
        <extensions>
          <distance>6278</distance>
        </extensions>
      </trkpt>
      <trkpt lat="-33.73164" lon="150.29644">
        <ele>1005</ele>
        <extensions>
          <distance>6289</distance>
        </extensions>
      </trkpt>
      <trkpt lat="-33.73172" lon="150.29646">
        <ele>1005</ele>
        <extensions>
          <distance>6298</distance>
        </extensions>
      </trkpt>
      <trkpt lat="-33.73178" lon="150.29649">
        <ele>1005</ele>
        <extensions>
          <distance>6305</distance>
        </extensions>
      </trkpt>
      <trkpt lat="-33.73183" lon="150.29653">
        <ele>1005</ele>
        <extensions>
          <distance>6312</distance>
        </extensions>
      </trkpt>
      <trkpt lat="-33.73187" lon="150.29659">
        <ele>1006</ele>
        <extensions>
          <distance>6319</distance>
        </extensions>
      </trkpt>
      <trkpt lat="-33.7319" lon="150.29667">
        <ele>1007</ele>
        <extensions>
          <distance>6327</distance>
        </extensions>
      </trkpt>
      <trkpt lat="-33.73189" lon="150.29685">
        <ele>1007</ele>
        <extensions>
          <distance>6344</distance>
        </extensions>
      </trkpt>
      <trkpt lat="-33.73184" lon="150.29707">
        <ele>1007</ele>
        <extensions>
          <distance>6365</distance>
        </extensions>
      </trkpt>
      <trkpt lat="-33.73182" lon="150.29733">
        <ele>1007</ele>
        <extensions>
          <distance>6389</distance>
        </extensions>
      </trkpt>
      <trkpt lat="-33.73184" lon="150.29759">
        <ele>1006</ele>
        <extensions>
          <distance>6413</distance>
        </extensions>
      </trkpt>
      <trkpt lat="-33.73187" lon="150.29767">
        <ele>1006</ele>
        <extensions>
          <distance>6421</distance>
        </extensions>
      </trkpt>
      <trkpt lat="-33.73192" lon="150.29774">
        <ele>1006</ele>
        <extensions>
          <distance>6430</distance>
        </extensions>
      </trkpt>
      <trkpt lat="-33.73197" lon="150.29779">
        <ele>1006</ele>
        <extensions>
          <distance>6437</distance>
        </extensions>
      </trkpt>
      <trkpt lat="-33.732164999999995" lon="150.297925">
        <ele>1003</ele>
        <extensions>
          <distance>6462</distance>
        </extensions>
      </trkpt>
      <trkpt lat="-33.73236" lon="150.29806">
        <ele>1000</ele>
        <extensions>
          <distance>6487</distance>
        </extensions>
      </trkpt>
      <trkpt lat="-33.73244" lon="150.29812">
        <ele>998</ele>
        <extensions>
          <distance>6498</distance>
        </extensions>
      </trkpt>
      <trkpt lat="-33.73248" lon="150.29817">
        <ele>996</ele>
        <extensions>
          <distance>6505</distance>
        </extensions>
      </trkpt>
      <trkpt lat="-33.73252" lon="150.29824">
        <ele>993</ele>
        <extensions>
          <distance>6513</distance>
        </extensions>
      </trkpt>
      <trkpt lat="-33.73254" lon="150.2984">
        <ele>988</ele>
        <extensions>
          <distance>6529</distance>
        </extensions>
      </trkpt>
      <trkpt lat="-33.73251" lon="150.29861">
        <ele>981</ele>
        <extensions>
          <distance>6550</distance>
        </extensions>
      </trkpt>
      <trkpt lat="-33.73248" lon="150.29867">
        <ele>978</ele>
        <extensions>
          <distance>6557</distance>
        </extensions>
      </trkpt>
      <trkpt lat="-33.73241" lon="150.29874">
        <ele>978</ele>
        <extensions>
          <distance>6567</distance>
        </extensions>
      </trkpt>
      <trkpt lat="-33.73233" lon="150.29876">
        <ele>978</ele>
        <extensions>
          <distance>6576</distance>
        </extensions>
      </trkpt>
      <trkpt lat="-33.73227" lon="150.29876">
        <ele>978</ele>
        <extensions>
          <distance>6583</distance>
        </extensions>
      </trkpt>
      <trkpt lat="-33.73215" lon="150.29873">
        <ele>985</ele>
        <extensions>
          <distance>6597</distance>
        </extensions>
      </trkpt>
      <trkpt lat="-33.732" lon="150.29872">
        <ele>985</ele>
        <extensions>
          <distance>6614</distance>
        </extensions>
      </trkpt>
      <trkpt lat="-33.73189" lon="150.29876">
        <ele>985</ele>
        <extensions>
          <distance>6626</distance>
        </extensions>
      </trkpt>
      <trkpt lat="-33.7318" lon="150.29883">
        <ele>985</ele>
        <extensions>
          <distance>6638</distance>
        </extensions>
      </trkpt>
      <trkpt lat="-33.73167" lon="150.29901999999998">
        <ele>979.5</ele>
        <extensions>
          <distance>6661</distance>
        </extensions>
      </trkpt>
      <trkpt lat="-33.73154" lon="150.29921">
        <ele>979.5</ele>
        <extensions>
          <distance>6684</distance>
        </extensions>
      </trkpt>
      <trkpt lat="-33.73148" lon="150.29922">
        <ele>979.5</ele>
        <extensions>
          <distance>6691</distance>
        </extensions>
      </trkpt>
      <trkpt lat="-33.73143" lon="150.29921">
        <ele>979.5</ele>
        <extensions>
          <distance>6696</distance>
        </extensions>
      </trkpt>
      <trkpt lat="-33.73122" lon="150.29915">
        <ele>981</ele>
        <extensions>
          <distance>6720</distance>
        </extensions>
      </trkpt>
      <trkpt lat="-33.73101" lon="150.29909">
        <ele>981</ele>
        <extensions>
          <distance>6744</distance>
        </extensions>
      </trkpt>
      <trkpt lat="-33.73093" lon="150.29906">
        <ele>981</ele>
        <extensions>
          <distance>6754</distance>
        </extensions>
      </trkpt>
      <trkpt lat="-33.73093" lon="150.29905">
        <ele>981</ele>
        <extensions>
          <distance>6755</distance>
        </extensions>
      </trkpt>
      <trkpt lat="-33.73093" lon="150.29906">
        <ele>981</ele>
        <extensions>
          <distance>6755</distance>
        </extensions>
      </trkpt>
      <trkpt lat="-33.73069" lon="150.29899">
        <ele>978</ele>
        <extensions>
          <distance>6783</distance>
        </extensions>
      </trkpt>
      <trkpt lat="-33.7305" lon="150.29896">
        <ele>977</ele>
        <extensions>
          <distance>6804</distance>
        </extensions>
      </trkpt>
      <trkpt lat="-33.73035" lon="150.29897">
        <ele>977</ele>
        <extensions>
          <distance>6821</distance>
        </extensions>
      </trkpt>
      <trkpt lat="-33.73029" lon="150.29899">
        <ele>975.5</ele>
        <extensions>
          <distance>6828</distance>
        </extensions>
      </trkpt>
      <trkpt lat="-33.73019" lon="150.29908">
        <ele>975.5</ele>
        <extensions>
          <distance>6842</distance>
        </extensions>
      </trkpt>
      <trkpt lat="-33.73008" lon="150.299265">
        <ele>975.5</ele>
        <extensions>
          <distance>6863</distance>
        </extensions>
      </trkpt>
      <trkpt lat="-33.72997" lon="150.29945">
        <ele>974</ele>
        <extensions>
          <distance>6884</distance>
        </extensions>
      </trkpt>
      <trkpt lat="-33.72987" lon="150.29957">
        <ele>974</ele>
        <extensions>
          <distance>6899</distance>
        </extensions>
      </trkpt>
      <trkpt lat="-33.7298" lon="150.29963">
        <ele>973</ele>
        <extensions>
          <distance>6909</distance>
        </extensions>
      </trkpt>
      <trkpt lat="-33.72975" lon="150.29966">
        <ele>973</ele>
        <extensions>
          <distance>6915</distance>
        </extensions>
      </trkpt>
      <trkpt lat="-33.72957" lon="150.29973">
        <ele>973</ele>
        <extensions>
          <distance>6936</distance>
        </extensions>
      </trkpt>
      <trkpt lat="-33.72941" lon="150.29975">
        <ele>973</ele>
        <extensions>
          <distance>6954</distance>
        </extensions>
      </trkpt>
      <trkpt lat="-33.729214999999996" lon="150.29978999999997">
        <ele>969</ele>
        <extensions>
          <distance>6976</distance>
        </extensions>
      </trkpt>
      <trkpt lat="-33.72902" lon="150.29983">
        <ele>963</ele>
        <extensions>
          <distance>6999</distance>
        </extensions>
      </trkpt>
      <trkpt lat="-33.72893" lon="150.29986">
        <ele>961</ele>
        <extensions>
          <distance>7009</distance>
        </extensions>
      </trkpt>
      <trkpt lat="-33.7287" lon="150.29988">
        <ele>959</ele>
        <extensions>
          <distance>7035</distance>
        </extensions>
      </trkpt>
      <trkpt lat="-33.72847" lon="150.2999">
        <ele>957</ele>
        <extensions>
          <distance>7061</distance>
        </extensions>
      </trkpt>
      <trkpt lat="-33.728325" lon="150.29992500000003">
        <ele>957</ele>
        <extensions>
          <distance>7077</distance>
        </extensions>
      </trkpt>
      <trkpt lat="-33.72818" lon="150.29995000000002">
        <ele>956</ele>
        <extensions>
          <distance>7093</distance>
        </extensions>
      </trkpt>
      <trkpt lat="-33.728035000000006" lon="150.29997500000002">
        <ele>956</ele>
        <extensions>
          <distance>7109</distance>
        </extensions>
      </trkpt>
      <trkpt lat="-33.72789" lon="150.3">
        <ele>956</ele>
        <extensions>
          <distance>7126</distance>
        </extensions>
      </trkpt>
      <trkpt lat="-33.727715" lon="150.300045">
        <ele>955</ele>
        <extensions>
          <distance>7145</distance>
        </extensions>
      </trkpt>
      <trkpt lat="-33.72754" lon="150.30009">
        <ele>954</ele>
        <extensions>
          <distance>7165</distance>
        </extensions>
      </trkpt>
      <trkpt lat="-33.72744" lon="150.30015">
        <ele>953</ele>
        <extensions>
          <distance>7178</distance>
        </extensions>
      </trkpt>
      <trkpt lat="-33.72738" lon="150.3002">
        <ele>952</ele>
        <extensions>
          <distance>7186</distance>
        </extensions>
      </trkpt>
      <trkpt lat="-33.727296249999995" lon="150.30034374999997">
        <ele>951</ele>
        <extensions>
          <distance>7202</distance>
        </extensions>
      </trkpt>
      <trkpt lat="-33.72721249999999" lon="150.30048749999997">
        <ele>950</ele>
        <extensions>
          <distance>7219</distance>
        </extensions>
      </trkpt>
      <trkpt lat="-33.72712874999999" lon="150.30063124999998">
        <ele>950</ele>
        <extensions>
          <distance>7235</distance>
        </extensions>
      </trkpt>
      <trkpt lat="-33.727045" lon="150.300775">
        <ele>950</ele>
        <extensions>
          <distance>7251</distance>
        </extensions>
      </trkpt>
      <trkpt lat="-33.72696125" lon="150.30091875">
        <ele>950</ele>
        <extensions>
          <distance>7267</distance>
        </extensions>
      </trkpt>
      <trkpt lat="-33.7268775" lon="150.3010625">
        <ele>951</ele>
        <extensions>
          <distance>7283</distance>
        </extensions>
      </trkpt>
      <trkpt lat="-33.72679375" lon="150.30120625">
        <ele>951</ele>
        <extensions>
          <distance>7300</distance>
        </extensions>
      </trkpt>
      <trkpt lat="-33.72671" lon="150.30135">
        <ele>952</ele>
        <extensions>
          <distance>7316</distance>
        </extensions>
      </trkpt>
      <trkpt lat="-33.72662" lon="150.301565">
        <ele>953</ele>
        <extensions>
          <distance>7338</distance>
        </extensions>
      </trkpt>
      <trkpt lat="-33.72653" lon="150.30178">
        <ele>954</ele>
        <extensions>
          <distance>7361</distance>
        </extensions>
      </trkpt>
      <trkpt lat="-33.72645" lon="150.301995">
        <ele>954</ele>
        <extensions>
          <distance>7382</distance>
        </extensions>
      </trkpt>
      <trkpt lat="-33.72637" lon="150.30221">
        <ele>954</ele>
        <extensions>
          <distance>7404</distance>
        </extensions>
      </trkpt>
      <trkpt lat="-33.726290000000006" lon="150.302425">
        <ele>954</ele>
        <extensions>
          <distance>7426</distance>
        </extensions>
      </trkpt>
      <trkpt lat="-33.72621" lon="150.30264">
        <ele>951</ele>
        <extensions>
          <distance>7448</distance>
        </extensions>
      </trkpt>
      <trkpt lat="-33.72615" lon="150.30281">
        <ele>950</ele>
        <extensions>
          <distance>7465</distance>
        </extensions>
      </trkpt>
      <trkpt lat="-33.72611" lon="150.30296">
        <ele>949</ele>
        <extensions>
          <distance>7480</distance>
        </extensions>
      </trkpt>
      <trkpt lat="-33.72611" lon="150.30315">
        <ele>947</ele>
        <extensions>
          <distance>7497</distance>
        </extensions>
      </trkpt>
      <trkpt lat="-33.726145" lon="150.30331999999999">
        <ele>946</ele>
        <extensions>
          <distance>7514</distance>
        </extensions>
      </trkpt>
      <trkpt lat="-33.72618" lon="150.30349">
        <ele>946</ele>
        <extensions>
          <distance>7530</distance>
        </extensions>
      </trkpt>
      <trkpt lat="-33.726240000000004" lon="150.303745">
        <ele>946</ele>
        <extensions>
          <distance>7554</distance>
        </extensions>
      </trkpt>
      <trkpt lat="-33.7263" lon="150.304">
        <ele>944</ele>
        <extensions>
          <distance>7579</distance>
        </extensions>
      </trkpt>
      <trkpt lat="-33.72633" lon="150.30417">
        <ele>943</ele>
        <extensions>
          <distance>7595</distance>
        </extensions>
      </trkpt>
      <trkpt lat="-33.72632" lon="150.3043">
        <ele>941</ele>
        <extensions>
          <distance>7607</distance>
        </extensions>
      </trkpt>
      <trkpt lat="-33.72625" lon="150.30455">
        <ele>940</ele>
        <extensions>
          <distance>7632</distance>
        </extensions>
      </trkpt>
      <trkpt lat="-33.7262" lon="150.30466">
        <ele>940</ele>
        <extensions>
          <distance>7643</distance>
        </extensions>
      </trkpt>
      <trkpt lat="-33.72614" lon="150.30476">
        <ele>940</ele>
        <extensions>
          <distance>7655</distance>
        </extensions>
      </trkpt>
      <trkpt lat="-33.72599" lon="150.30491">
        <ele>940</ele>
        <extensions>
          <distance>7676</distance>
        </extensions>
      </trkpt>
      <trkpt lat="-33.725835000000004" lon="150.30505">
        <ele>940</ele>
        <extensions>
          <distance>7698</distance>
        </extensions>
      </trkpt>
      <trkpt lat="-33.72568" lon="150.30519">
        <ele>940</ele>
        <extensions>
          <distance>7719</distance>
        </extensions>
      </trkpt>
      <trkpt lat="-33.725525" lon="150.30533000000003">
        <ele>940</ele>
        <extensions>
          <distance>7741</distance>
        </extensions>
      </trkpt>
      <trkpt lat="-33.72537" lon="150.30547">
        <ele>940</ele>
        <extensions>
          <distance>7763</distance>
        </extensions>
      </trkpt>
      <trkpt lat="-33.72531" lon="150.30554">
        <ele>940</ele>
        <extensions>
          <distance>7772</distance>
        </extensions>
      </trkpt>
      <trkpt lat="-33.72524" lon="150.30565">
        <ele>941</ele>
        <extensions>
          <distance>7785</distance>
        </extensions>
      </trkpt>
      <trkpt lat="-33.72519" lon="150.30577">
        <ele>941</ele>
        <extensions>
          <distance>7797</distance>
        </extensions>
      </trkpt>
      <trkpt lat="-33.72517" lon="150.30594">
        <ele>941</ele>
        <extensions>
          <distance>7813</distance>
        </extensions>
      </trkpt>
      <trkpt lat="-33.72518" lon="150.30608">
        <ele>941</ele>
        <extensions>
          <distance>7826</distance>
        </extensions>
      </trkpt>
      <trkpt lat="-33.72524" lon="150.30607">
        <ele>939</ele>
        <extensions>
          <distance>7833</distance>
        </extensions>
      </trkpt>
      <trkpt lat="-33.72532" lon="150.30608">
        <ele>939</ele>
        <extensions>
          <distance>7842</distance>
        </extensions>
      </trkpt>
      <trkpt lat="-33.72539" lon="150.30611">
        <ele>939</ele>
        <extensions>
          <distance>7850</distance>
        </extensions>
      </trkpt>
      <trkpt lat="-33.72548" lon="150.30613">
        <ele>939</ele>
        <extensions>
          <distance>7860</distance>
        </extensions>
      </trkpt>
      <trkpt lat="-33.72566" lon="150.30613">
        <ele>939</ele>
        <extensions>
          <distance>7880</distance>
        </extensions>
      </trkpt>
      <trkpt lat="-33.7258" lon="150.30616">
        <ele>940</ele>
        <extensions>
          <distance>7896</distance>
        </extensions>
      </trkpt>
      <trkpt lat="-33.72584" lon="150.30616">
        <ele>940</ele>
        <extensions>
          <distance>7900</distance>
        </extensions>
      </trkpt>
      <trkpt lat="-33.7259" lon="150.30618">
        <ele>940</ele>
        <extensions>
          <distance>7907</distance>
        </extensions>
      </trkpt>
      <trkpt lat="-33.72603" lon="150.30616">
        <ele>941</ele>
        <extensions>
          <distance>7922</distance>
        </extensions>
      </trkpt>
      <trkpt lat="-33.726165" lon="150.30616">
        <ele>942</ele>
        <extensions>
          <distance>7937</distance>
        </extensions>
      </trkpt>
      <trkpt lat="-33.7263" lon="150.30616">
        <ele>943</ele>
        <extensions>
          <distance>7952</distance>
        </extensions>
      </trkpt>
      <trkpt lat="-33.72635" lon="150.30615">
        <ele>943</ele>
        <extensions>
          <distance>7957</distance>
        </extensions>
      </trkpt>
      <trkpt lat="-33.72642" lon="150.30608">
        <ele>943</ele>
        <extensions>
          <distance>7967</distance>
        </extensions>
      </trkpt>
      <trkpt lat="-33.7265" lon="150.30581">
        <ele>943</ele>
        <extensions>
          <distance>7994</distance>
        </extensions>
      </trkpt>
      <trkpt lat="-33.72662" lon="150.305705">
        <ele>943</ele>
        <extensions>
          <distance>8010</distance>
        </extensions>
      </trkpt>
      <trkpt lat="-33.72674" lon="150.3056">
        <ele>943</ele>
        <extensions>
          <distance>8027</distance>
        </extensions>
      </trkpt>
      <trkpt lat="-33.72687" lon="150.3055">
        <ele>940</ele>
        <extensions>
          <distance>8044</distance>
        </extensions>
      </trkpt>
      <trkpt lat="-33.727" lon="150.30542">
        <ele>940</ele>
        <extensions>
          <distance>8060</distance>
        </extensions>
      </trkpt>
      <trkpt lat="-33.72713" lon="150.30538">
        <ele>940</ele>
        <extensions>
          <distance>8075</distance>
        </extensions>
      </trkpt>
      <trkpt lat="-33.72729" lon="150.30537">
        <ele>940</ele>
        <extensions>
          <distance>8093</distance>
        </extensions>
      </trkpt>
      <trkpt lat="-33.72743" lon="150.30543">
        <ele>940</ele>
        <extensions>
          <distance>8109</distance>
        </extensions>
      </trkpt>
      <trkpt lat="-33.7275" lon="150.30549">
        <ele>942</ele>
        <extensions>
          <distance>8119</distance>
        </extensions>
      </trkpt>
      <trkpt lat="-33.72755" lon="150.3055">
        <ele>943</ele>
        <extensions>
          <distance>8125</distance>
        </extensions>
      </trkpt>
      <trkpt lat="-33.7276" lon="150.30549">
        <ele>943</ele>
        <extensions>
          <distance>8130</distance>
        </extensions>
      </trkpt>
      <trkpt lat="-33.72769" lon="150.30543">
        <ele>943</ele>
        <extensions>
          <distance>8142</distance>
        </extensions>
      </trkpt>
      <trkpt lat="-33.72793" lon="150.30531">
        <ele>943</ele>
        <extensions>
          <distance>8170</distance>
        </extensions>
      </trkpt>
      <trkpt lat="-33.72801" lon="150.30526">
        <ele>943</ele>
        <extensions>
          <distance>8181</distance>
        </extensions>
      </trkpt>
      <trkpt lat="-33.72813" lon="150.30521">
        <ele>943</ele>
        <extensions>
          <distance>8195</distance>
        </extensions>
      </trkpt>
      <trkpt lat="-33.72821" lon="150.3052">
        <ele>943</ele>
        <extensions>
          <distance>8204</distance>
        </extensions>
      </trkpt>
      <trkpt lat="-33.72836" lon="150.30529">
        <ele>943</ele>
        <extensions>
          <distance>8222</distance>
        </extensions>
      </trkpt>
      <trkpt lat="-33.72859" lon="150.30531">
        <ele>943</ele>
        <extensions>
          <distance>8248</distance>
        </extensions>
      </trkpt>
      <trkpt lat="-33.72856" lon="150.30542">
        <ele>943</ele>
        <extensions>
          <distance>8258</distance>
        </extensions>
      </trkpt>
      <trkpt lat="-33.72853" lon="150.30559">
        <ele>943</ele>
        <extensions>
          <distance>8275</distance>
        </extensions>
      </trkpt>
      <trkpt lat="-33.72852" lon="150.30576">
        <ele>943</ele>
        <extensions>
          <distance>8290</distance>
        </extensions>
      </trkpt>
      <trkpt lat="-33.72851" lon="150.30593">
        <ele>945</ele>
        <extensions>
          <distance>8306</distance>
        </extensions>
      </trkpt>
      <trkpt lat="-33.72853" lon="150.30605">
        <ele>947</ele>
        <extensions>
          <distance>8317</distance>
        </extensions>
      </trkpt>
      <trkpt lat="-33.72857" lon="150.30614">
        <ele>949</ele>
        <extensions>
          <distance>8327</distance>
        </extensions>
      </trkpt>
      <trkpt lat="-33.7287" lon="150.30626">
        <ele>952</ele>
        <extensions>
          <distance>8346</distance>
        </extensions>
      </trkpt>
      <trkpt lat="-33.72887" lon="150.30635">
        <ele>954</ele>
        <extensions>
          <distance>8366</distance>
        </extensions>
      </trkpt>
      <trkpt lat="-33.7289" lon="150.30643">
        <ele>954</ele>
        <extensions>
          <distance>8375</distance>
        </extensions>
      </trkpt>
      <trkpt lat="-33.72889" lon="150.3065">
        <ele>954</ele>
        <extensions>
          <distance>8381</distance>
        </extensions>
      </trkpt>
      <trkpt lat="-33.72896" lon="150.30666">
        <ele>954</ele>
        <extensions>
          <distance>8398</distance>
        </extensions>
      </trkpt>
      <trkpt lat="-33.72918" lon="150.30677">
        <ele>954</ele>
        <extensions>
          <distance>8424</distance>
        </extensions>
      </trkpt>
      <trkpt lat="-33.72923" lon="150.30677">
        <ele>951</ele>
        <extensions>
          <distance>8430</distance>
        </extensions>
      </trkpt>
      <trkpt lat="-33.72929" lon="150.30675">
        <ele>947</ele>
        <extensions>
          <distance>8437</distance>
        </extensions>
      </trkpt>
      <trkpt lat="-33.72933" lon="150.3067">
        <ele>943</ele>
        <extensions>
          <distance>8444</distance>
        </extensions>
      </trkpt>
      <trkpt lat="-33.72938" lon="150.30661">
        <ele>936</ele>
        <extensions>
          <distance>8457</distance>
        </extensions>
      </trkpt>
      <trkpt lat="-33.72947" lon="150.30651">
        <ele>928</ele>
        <extensions>
          <distance>8472</distance>
        </extensions>
      </trkpt>
      <trkpt lat="-33.72964" lon="150.30651">
        <ele>928</ele>
        <extensions>
          <distance>8491</distance>
        </extensions>
      </trkpt>
      <trkpt lat="-33.72975" lon="150.306655">
        <ele>928</ele>
        <extensions>
          <distance>8509</distance>
        </extensions>
      </trkpt>
      <trkpt lat="-33.72986" lon="150.3068">
        <ele>928</ele>
        <extensions>
          <distance>8528</distance>
        </extensions>
      </trkpt>
      <trkpt lat="-33.72989" lon="150.3069">
        <ele>928</ele>
        <extensions>
          <distance>8537</distance>
        </extensions>
      </trkpt>
      <trkpt lat="-33.72988" lon="150.30695">
        <ele>929</ele>
        <extensions>
          <distance>8542</distance>
        </extensions>
      </trkpt>
      <trkpt lat="-33.72992" lon="150.30701">
        <ele>931</ele>
        <extensions>
          <distance>8549</distance>
        </extensions>
      </trkpt>
      <trkpt lat="-33.72985" lon="150.30697">
        <ele>932</ele>
        <extensions>
          <distance>8558</distance>
        </extensions>
      </trkpt>
      <trkpt lat="-33.72981" lon="150.30697">
        <ele>933</ele>
        <extensions>
          <distance>8562</distance>
        </extensions>
      </trkpt>
      <trkpt lat="-33.7297" lon="150.30699">
        <ele>936</ele>
        <extensions>
          <distance>8575</distance>
        </extensions>
      </trkpt>
      <trkpt lat="-33.72965" lon="150.30702">
        <ele>939</ele>
        <extensions>
          <distance>8582</distance>
        </extensions>
      </trkpt>
      <trkpt lat="-33.7296" lon="150.30714">
        <ele>944</ele>
        <extensions>
          <distance>8596</distance>
        </extensions>
      </trkpt>
      <trkpt lat="-33.72959" lon="150.30721">
        <ele>946</ele>
        <extensions>
          <distance>8602</distance>
        </extensions>
      </trkpt>
      <trkpt lat="-33.72962" lon="150.30731">
        <ele>946</ele>
        <extensions>
          <distance>8612</distance>
        </extensions>
      </trkpt>
      <trkpt lat="-33.72962" lon="150.30741">
        <ele>946</ele>
        <extensions>
          <distance>8621</distance>
        </extensions>
      </trkpt>
      <trkpt lat="-33.72965" lon="150.30747">
        <ele>946</ele>
        <extensions>
          <distance>8628</distance>
        </extensions>
      </trkpt>
      <trkpt lat="-33.72978" lon="150.3075">
        <ele>943</ele>
        <extensions>
          <distance>8642</distance>
        </extensions>
      </trkpt>
      <trkpt lat="-33.72987" lon="150.3075">
        <ele>939</ele>
        <extensions>
          <distance>8653</distance>
        </extensions>
      </trkpt>
      <trkpt lat="-33.72991" lon="150.30754">
        <ele>938</ele>
        <extensions>
          <distance>8658</distance>
        </extensions>
      </trkpt>
      <trkpt lat="-33.72994" lon="150.30763">
        <ele>938</ele>
        <extensions>
          <distance>8667</distance>
        </extensions>
      </trkpt>
      <trkpt lat="-33.72996" lon="150.30764">
        <ele>938</ele>
        <extensions>
          <distance>8670</distance>
        </extensions>
      </trkpt>
      <trkpt lat="-33.72993" lon="150.30764">
        <ele>938</ele>
        <extensions>
          <distance>8673</distance>
        </extensions>
      </trkpt>
      <trkpt lat="-33.7299" lon="150.30766">
        <ele>940</ele>
        <extensions>
          <distance>8677</distance>
        </extensions>
      </trkpt>
      <trkpt lat="-33.72978" lon="150.30768">
        <ele>945</ele>
        <extensions>
          <distance>8691</distance>
        </extensions>
      </trkpt>
      <trkpt lat="-33.72972" lon="150.30776">
        <ele>948</ele>
        <extensions>
          <distance>8701</distance>
        </extensions>
      </trkpt>
      <trkpt lat="-33.72966" lon="150.30786">
        <ele>948</ele>
        <extensions>
          <distance>8713</distance>
        </extensions>
      </trkpt>
      <trkpt lat="-33.72967" lon="150.30796">
        <ele>948</ele>
        <extensions>
          <distance>8722</distance>
        </extensions>
      </trkpt>
      <trkpt lat="-33.7297" lon="150.30804">
        <ele>948</ele>
        <extensions>
          <distance>8730</distance>
        </extensions>
      </trkpt>
      <trkpt lat="-33.72985" lon="150.30806">
        <ele>948</ele>
        <extensions>
          <distance>8747</distance>
        </extensions>
      </trkpt>
      <trkpt lat="-33.72994" lon="150.30806">
        <ele>945</ele>
        <extensions>
          <distance>8757</distance>
        </extensions>
      </trkpt>
      <trkpt lat="-33.73002" lon="150.30804">
        <ele>942</ele>
        <extensions>
          <distance>8766</distance>
        </extensions>
      </trkpt>
      <trkpt lat="-33.73007" lon="150.30806">
        <ele>941</ele>
        <extensions>
          <distance>8772</distance>
        </extensions>
      </trkpt>
      <trkpt lat="-33.7301" lon="150.30809">
        <ele>941</ele>
        <extensions>
          <distance>8777</distance>
        </extensions>
      </trkpt>
      <trkpt lat="-33.7301" lon="150.30813">
        <ele>941</ele>
        <extensions>
          <distance>8780</distance>
        </extensions>
      </trkpt>
      <trkpt lat="-33.7301" lon="150.30812">
        <ele>941</ele>
        <extensions>
          <distance>8781</distance>
        </extensions>
      </trkpt>
      <trkpt lat="-33.73009" lon="150.30816">
        <ele>941</ele>
        <extensions>
          <distance>8785</distance>
        </extensions>
      </trkpt>
      <trkpt lat="-33.7301" lon="150.3083">
        <ele>942</ele>
        <extensions>
          <distance>8798</distance>
        </extensions>
      </trkpt>
      <trkpt lat="-33.73011" lon="150.30837">
        <ele>942</ele>
        <extensions>
          <distance>8805</distance>
        </extensions>
      </trkpt>
      <trkpt lat="-33.73014" lon="150.30843">
        <ele>943</ele>
        <extensions>
          <distance>8811</distance>
        </extensions>
      </trkpt>
      <trkpt lat="-33.73015" lon="150.30848">
        <ele>943</ele>
        <extensions>
          <distance>8816</distance>
        </extensions>
      </trkpt>
      <trkpt lat="-33.73016" lon="150.30862">
        <ele>943</ele>
        <extensions>
          <distance>8829</distance>
        </extensions>
      </trkpt>
      <trkpt lat="-33.73019" lon="150.30867">
        <ele>943</ele>
        <extensions>
          <distance>8835</distance>
        </extensions>
      </trkpt>
      <trkpt lat="-33.73026" lon="150.30875">
        <ele>944</ele>
        <extensions>
          <distance>8845</distance>
        </extensions>
      </trkpt>
      <trkpt lat="-33.73038" lon="150.30885">
        <ele>944</ele>
        <extensions>
          <distance>8862</distance>
        </extensions>
      </trkpt>
      <trkpt lat="-33.73032" lon="150.30885">
        <ele>944</ele>
        <extensions>
          <distance>8868</distance>
        </extensions>
      </trkpt>
      <trkpt lat="-33.73032" lon="150.30888">
        <ele>944</ele>
        <extensions>
          <distance>8871</distance>
        </extensions>
      </trkpt>
      <trkpt lat="-33.73029" lon="150.30888">
        <ele>945</ele>
        <extensions>
          <distance>8874</distance>
        </extensions>
      </trkpt>
      <trkpt lat="-33.73019" lon="150.30906">
        <ele>958</ele>
        <extensions>
          <distance>8898</distance>
        </extensions>
      </trkpt>
      <trkpt lat="-33.73023" lon="150.30921">
        <ele>962</ele>
        <extensions>
          <distance>8913</distance>
        </extensions>
      </trkpt>
      <trkpt lat="-33.73027" lon="150.30941">
        <ele>962</ele>
        <extensions>
          <distance>8933</distance>
        </extensions>
      </trkpt>
      <trkpt lat="-33.73044" lon="150.30955">
        <ele>962</ele>
        <extensions>
          <distance>8955</distance>
        </extensions>
      </trkpt>
      <trkpt lat="-33.73053" lon="150.30966">
        <ele>962</ele>
        <extensions>
          <distance>8970</distance>
        </extensions>
      </trkpt>
      <trkpt lat="-33.73056" lon="150.30972">
        <ele>962</ele>
        <extensions>
          <distance>8976</distance>
        </extensions>
      </trkpt>
      <trkpt lat="-33.73057" lon="150.30979">
        <ele>962</ele>
        <extensions>
          <distance>8983</distance>
        </extensions>
      </trkpt>
      <trkpt lat="-33.73054" lon="150.30995">
        <ele>962</ele>
        <extensions>
          <distance>8998</distance>
        </extensions>
      </trkpt>
      <trkpt lat="-33.73063" lon="150.31024">
        <ele>962</ele>
        <extensions>
          <distance>9027</distance>
        </extensions>
      </trkpt>
      <trkpt lat="-33.73068" lon="150.31034">
        <ele>962</ele>
        <extensions>
          <distance>9037</distance>
        </extensions>
      </trkpt>
      <trkpt lat="-33.73073" lon="150.31037">
        <ele>960</ele>
        <extensions>
          <distance>9044</distance>
        </extensions>
      </trkpt>
      <trkpt lat="-33.73076" lon="150.3104">
        <ele>957</ele>
        <extensions>
          <distance>9048</distance>
        </extensions>
      </trkpt>
      <trkpt lat="-33.73085" lon="150.31042">
        <ele>956</ele>
        <extensions>
          <distance>9058</distance>
        </extensions>
      </trkpt>
      <trkpt lat="-33.73094" lon="150.31046">
        <ele>956</ele>
        <extensions>
          <distance>9069</distance>
        </extensions>
      </trkpt>
      <trkpt lat="-33.73103" lon="150.31055">
        <ele>956</ele>
        <extensions>
          <distance>9082</distance>
        </extensions>
      </trkpt>
      <trkpt lat="-33.73104" lon="150.31061">
        <ele>956</ele>
        <extensions>
          <distance>9088</distance>
        </extensions>
      </trkpt>
      <trkpt lat="-33.73102" lon="150.31069">
        <ele>956</ele>
        <extensions>
          <distance>9095</distance>
        </extensions>
      </trkpt>
      <trkpt lat="-33.73092" lon="150.31087">
        <ele>956</ele>
        <extensions>
          <distance>9115</distance>
        </extensions>
      </trkpt>
      <trkpt lat="-33.73091" lon="150.31094">
        <ele>965</ele>
        <extensions>
          <distance>9122</distance>
        </extensions>
      </trkpt>
      <trkpt lat="-33.73098" lon="150.311">
        <ele>965</ele>
        <extensions>
          <distance>9132</distance>
        </extensions>
      </trkpt>
      <trkpt lat="-33.73098" lon="150.31101">
        <ele>965</ele>
        <extensions>
          <distance>9133</distance>
        </extensions>
      </trkpt>
      <trkpt lat="-33.73112" lon="150.31106">
        <ele>966</ele>
        <extensions>
          <distance>9149</distance>
        </extensions>
      </trkpt>
      <trkpt lat="-33.73116" lon="150.31111">
        <ele>966</ele>
        <extensions>
          <distance>9155</distance>
        </extensions>
      </trkpt>
      <trkpt lat="-33.7312" lon="150.3112">
        <ele>967</ele>
        <extensions>
          <distance>9165</distance>
        </extensions>
      </trkpt>
      <trkpt lat="-33.73133" lon="150.31133">
        <ele>967</ele>
        <extensions>
          <distance>9184</distance>
        </extensions>
      </trkpt>
      <trkpt lat="-33.7315" lon="150.31155">
        <ele>967</ele>
        <extensions>
          <distance>9211</distance>
        </extensions>
      </trkpt>
      <trkpt lat="-33.73164" lon="150.31164">
        <ele>967</ele>
        <extensions>
          <distance>9229</distance>
        </extensions>
      </trkpt>
      <trkpt lat="-33.731785" lon="150.311695">
        <ele>967</ele>
        <extensions>
          <distance>9246</distance>
        </extensions>
      </trkpt>
      <trkpt lat="-33.73193" lon="150.31175">
        <ele>967</ele>
        <extensions>
          <distance>9263</distance>
        </extensions>
      </trkpt>
      <trkpt lat="-33.73208" lon="150.31178">
        <ele>965</ele>
        <extensions>
          <distance>9280</distance>
        </extensions>
      </trkpt>
      <trkpt lat="-33.73214" lon="150.31181">
        <ele>964</ele>
        <extensions>
          <distance>9287</distance>
        </extensions>
      </trkpt>
      <trkpt lat="-33.73218" lon="150.31185">
        <ele>964</ele>
        <extensions>
          <distance>9293</distance>
        </extensions>
      </trkpt>
      <trkpt lat="-33.73226" lon="150.31186">
        <ele>963</ele>
        <extensions>
          <distance>9302</distance>
        </extensions>
      </trkpt>
      <trkpt lat="-33.73237" lon="150.3119">
        <ele>962</ele>
        <extensions>
          <distance>9314</distance>
        </extensions>
      </trkpt>
      <trkpt lat="-33.7325" lon="150.31201">
        <ele>960</ele>
        <extensions>
          <distance>9332</distance>
        </extensions>
      </trkpt>
      <trkpt lat="-33.73254" lon="150.31201">
        <ele>960</ele>
        <extensions>
          <distance>9336</distance>
        </extensions>
      </trkpt>
      <trkpt lat="-33.7326" lon="150.31198">
        <ele>958</ele>
        <extensions>
          <distance>9344</distance>
        </extensions>
      </trkpt>
      <trkpt lat="-33.73263" lon="150.31198">
        <ele>958</ele>
        <extensions>
          <distance>9347</distance>
        </extensions>
      </trkpt>
      <trkpt lat="-33.73264" lon="150.31199">
        <ele>958</ele>
        <extensions>
          <distance>9349</distance>
        </extensions>
      </trkpt>
      <trkpt lat="-33.73264" lon="150.31201">
        <ele>958</ele>
        <extensions>
          <distance>9351</distance>
        </extensions>
      </trkpt>
      <trkpt lat="-33.73259" lon="150.31205">
        <ele>959</ele>
        <extensions>
          <distance>9357</distance>
        </extensions>
      </trkpt>
      <trkpt lat="-33.73246" lon="150.31213">
        <ele>962</ele>
        <extensions>
          <distance>9374</distance>
        </extensions>
      </trkpt>
      <trkpt lat="-33.73237" lon="150.3122">
        <ele>964</ele>
        <extensions>
          <distance>9386</distance>
        </extensions>
      </trkpt>
      <trkpt lat="-33.73228" lon="150.3123">
        <ele>966</ele>
        <extensions>
          <distance>9400</distance>
        </extensions>
      </trkpt>
      <trkpt lat="-33.73215" lon="150.31239">
        <ele>967</ele>
        <extensions>
          <distance>9416</distance>
        </extensions>
      </trkpt>
      <trkpt lat="-33.73198" lon="150.31244">
        <ele>968</ele>
        <extensions>
          <distance>9436</distance>
        </extensions>
      </trkpt>
      <trkpt lat="-33.73195" lon="150.31266">
        <ele>968</ele>
        <extensions>
          <distance>9456</distance>
        </extensions>
      </trkpt>
      <trkpt lat="-33.732" lon="150.31295">
        <ele>968</ele>
        <extensions>
          <distance>9484</distance>
        </extensions>
      </trkpt>
      <trkpt lat="-33.73203" lon="150.31305">
        <ele>968</ele>
        <extensions>
          <distance>9494</distance>
        </extensions>
      </trkpt>
      <trkpt lat="-33.73208" lon="150.31315">
        <ele>968</ele>
        <extensions>
          <distance>9504</distance>
        </extensions>
      </trkpt>
      <trkpt lat="-33.73209" lon="150.31321">
        <ele>968</ele>
        <extensions>
          <distance>9510</distance>
        </extensions>
      </trkpt>
      <trkpt lat="-33.73203" lon="150.31349">
        <ele>971</ele>
        <extensions>
          <distance>9537</distance>
        </extensions>
      </trkpt>
      <trkpt lat="-33.73205" lon="150.31373">
        <ele>974</ele>
        <extensions>
          <distance>9559</distance>
        </extensions>
      </trkpt>
      <trkpt lat="-33.73212" lon="150.31392">
        <ele>974</ele>
        <extensions>
          <distance>9579</distance>
        </extensions>
      </trkpt>
      <trkpt lat="-33.73216" lon="150.31399">
        <ele>974</ele>
        <extensions>
          <distance>9587</distance>
        </extensions>
      </trkpt>
      <trkpt lat="-33.7323" lon="150.3141">
        <ele>974</ele>
        <extensions>
          <distance>9605</distance>
        </extensions>
      </trkpt>
      <trkpt lat="-33.73243" lon="150.31431">
        <ele>971</ele>
        <extensions>
          <distance>9629</distance>
        </extensions>
      </trkpt>
      <trkpt lat="-33.73254" lon="150.31439">
        <ele>968</ele>
        <extensions>
          <distance>9644</distance>
        </extensions>
      </trkpt>
      <trkpt lat="-33.7327" lon="150.31445">
        <ele>964</ele>
        <extensions>
          <distance>9663</distance>
        </extensions>
      </trkpt>
      <trkpt lat="-33.73286" lon="150.31448">
        <ele>961</ele>
        <extensions>
          <distance>9681</distance>
        </extensions>
      </trkpt>
      <trkpt lat="-33.73312" lon="150.3145">
        <ele>958</ele>
        <extensions>
          <distance>9710</distance>
        </extensions>
      </trkpt>
      <trkpt lat="-33.73338" lon="150.31442">
        <ele>955</ele>
        <extensions>
          <distance>9740</distance>
        </extensions>
      </trkpt>
      <trkpt lat="-33.73349" lon="150.3144">
        <ele>955</ele>
        <extensions>
          <distance>9753</distance>
        </extensions>
      </trkpt>
      <trkpt lat="-33.73354" lon="150.31442">
        <ele>954</ele>
        <extensions>
          <distance>9758</distance>
        </extensions>
      </trkpt>
      <trkpt lat="-33.7336" lon="150.31447">
        <ele>954</ele>
        <extensions>
          <distance>9767</distance>
        </extensions>
      </trkpt>
      <trkpt lat="-33.73371" lon="150.31473">
        <ele>954</ele>
        <extensions>
          <distance>9794</distance>
        </extensions>
      </trkpt>
      <trkpt lat="-33.73381" lon="150.31484">
        <ele>954</ele>
        <extensions>
          <distance>9809</distance>
        </extensions>
      </trkpt>
      <trkpt lat="-33.73359" lon="150.31499">
        <ele>954</ele>
        <extensions>
          <distance>9837</distance>
        </extensions>
      </trkpt>
      <trkpt lat="-33.73353" lon="150.315">
        <ele>955</ele>
        <extensions>
          <distance>9843</distance>
        </extensions>
      </trkpt>
      <trkpt lat="-33.73332" lon="150.31494">
        <ele>955</ele>
        <extensions>
          <distance>9867</distance>
        </extensions>
      </trkpt>
      <trkpt lat="-33.7331" lon="150.31483">
        <ele>955</ele>
        <extensions>
          <distance>9894</distance>
        </extensions>
      </trkpt>
      <trkpt lat="-33.732925" lon="150.31482">
        <ele>956</ele>
        <extensions>
          <distance>9913</distance>
        </extensions>
      </trkpt>
      <trkpt lat="-33.73275" lon="150.31481">
        <ele>957</ele>
        <extensions>
          <distance>9933</distance>
        </extensions>
      </trkpt>
      <trkpt lat="-33.73257" lon="150.3147">
        <ele>960</ele>
        <extensions>
          <distance>9955</distance>
        </extensions>
      </trkpt>
      <trkpt lat="-33.73239" lon="150.31467">
        <ele>960</ele>
        <extensions>
          <distance>9975</distance>
        </extensions>
      </trkpt>
      <trkpt lat="-33.7323" lon="150.3147">
        <ele>960</ele>
        <extensions>
          <distance>9986</distance>
        </extensions>
      </trkpt>
      <trkpt lat="-33.73217" lon="150.31488">
        <ele>960</ele>
        <extensions>
          <distance>10008</distance>
        </extensions>
      </trkpt>
      <trkpt lat="-33.73208" lon="150.31507">
        <ele>955</ele>
        <extensions>
          <distance>10028</distance>
        </extensions>
      </trkpt>
      <trkpt lat="-33.73199" lon="150.31511">
        <ele>953</ele>
        <extensions>
          <distance>10039</distance>
        </extensions>
      </trkpt>
      <trkpt lat="-33.73195" lon="150.31529">
        <ele>952</ele>
        <extensions>
          <distance>10056</distance>
        </extensions>
      </trkpt>
      <trkpt lat="-33.73194" lon="150.31554">
        <ele>950</ele>
        <extensions>
          <distance>10079</distance>
        </extensions>
      </trkpt>
      <trkpt lat="-33.73173" lon="150.31554">
        <ele>948</ele>
        <extensions>
          <distance>10103</distance>
        </extensions>
      </trkpt>
      <trkpt lat="-33.73161" lon="150.31558">
        <ele>946</ele>
        <extensions>
          <distance>10117</distance>
        </extensions>
      </trkpt>
      <trkpt lat="-33.731415" lon="150.31569000000002">
        <ele>940</ele>
        <extensions>
          <distance>10141</distance>
        </extensions>
      </trkpt>
      <trkpt lat="-33.73122" lon="150.3158">
        <ele>940</ele>
        <extensions>
          <distance>10165</distance>
        </extensions>
      </trkpt>
      <trkpt lat="-33.73097" lon="150.31589">
        <ele>930</ele>
        <extensions>
          <distance>10195</distance>
        </extensions>
      </trkpt>
      <trkpt lat="-33.7308" lon="150.31603">
        <ele>913</ele>
        <extensions>
          <distance>10224</distance>
        </extensions>
      </trkpt>
      <trkpt lat="-33.73073" lon="150.31604">
        <ele>913</ele>
        <extensions>
          <distance>10232</distance>
        </extensions>
      </trkpt>
      <trkpt lat="-33.730565" lon="150.316035">
        <ele>913</ele>
        <extensions>
          <distance>10250</distance>
        </extensions>
      </trkpt>
      <trkpt lat="-33.7304" lon="150.31603">
        <ele>913</ele>
        <extensions>
          <distance>10268</distance>
        </extensions>
      </trkpt>
      <trkpt lat="-33.73035" lon="150.31595">
        <ele>921</ele>
        <extensions>
          <distance>10278</distance>
        </extensions>
      </trkpt>
      <trkpt lat="-33.73038" lon="150.3159">
        <ele>927</ele>
        <extensions>
          <distance>10286</distance>
        </extensions>
      </trkpt>
      <trkpt lat="-33.73039" lon="150.3158">
        <ele>937</ele>
        <extensions>
          <distance>10300</distance>
        </extensions>
      </trkpt>
      <trkpt lat="-33.73031" lon="150.31576">
        <ele>937</ele>
        <extensions>
          <distance>10310</distance>
        </extensions>
      </trkpt>
      <trkpt lat="-33.73027" lon="150.31572">
        <ele>938</ele>
        <extensions>
          <distance>10315</distance>
        </extensions>
      </trkpt>
      <trkpt lat="-33.73005" lon="150.31573">
        <ele>940</ele>
        <extensions>
          <distance>10340</distance>
        </extensions>
      </trkpt>
      <trkpt lat="-33.72997" lon="150.31581">
        <ele>941</ele>
        <extensions>
          <distance>10351</distance>
        </extensions>
      </trkpt>
      <trkpt lat="-33.72981" lon="150.31569">
        <ele>947</ele>
        <extensions>
          <distance>10373</distance>
        </extensions>
      </trkpt>
      <trkpt lat="-33.72967" lon="150.31569">
        <ele>949</ele>
        <extensions>
          <distance>10389</distance>
        </extensions>
      </trkpt>
      <trkpt lat="-33.72962" lon="150.31568">
        <ele>951</ele>
        <extensions>
          <distance>10395</distance>
        </extensions>
      </trkpt>
      <trkpt lat="-33.7296" lon="150.31565">
        <ele>952</ele>
        <extensions>
          <distance>10398</distance>
        </extensions>
      </trkpt>
      <trkpt lat="-33.72963" lon="150.31562">
        <ele>952</ele>
        <extensions>
          <distance>10403</distance>
        </extensions>
      </trkpt>
      <trkpt lat="-33.72958" lon="150.3156">
        <ele>954</ele>
        <extensions>
          <distance>10409</distance>
        </extensions>
      </trkpt>
      <trkpt lat="-33.72955" lon="150.31563">
        <ele>954</ele>
        <extensions>
          <distance>10413</distance>
        </extensions>
      </trkpt>
      <trkpt lat="-33.72949" lon="150.31562">
        <ele>956</ele>
        <extensions>
          <distance>10420</distance>
        </extensions>
      </trkpt>
      <trkpt lat="-33.72945" lon="150.31557">
        <ele>958</ele>
        <extensions>
          <distance>10427</distance>
        </extensions>
      </trkpt>
      <trkpt lat="-33.72928" lon="150.31554">
        <ele>958</ele>
        <extensions>
          <distance>10446</distance>
        </extensions>
      </trkpt>
      <trkpt lat="-33.72919" lon="150.31562">
        <ele>958</ele>
        <extensions>
          <distance>10458</distance>
        </extensions>
      </trkpt>
      <trkpt lat="-33.72909" lon="150.31575">
        <ele>958</ele>
        <extensions>
          <distance>10475</distance>
        </extensions>
      </trkpt>
      <trkpt lat="-33.729034999999996" lon="150.31593500000002">
        <ele>958</ele>
        <extensions>
          <distance>10493</distance>
        </extensions>
      </trkpt>
      <trkpt lat="-33.72898" lon="150.31612">
        <ele>957.5</ele>
        <extensions>
          <distance>10511</distance>
        </extensions>
      </trkpt>
      <trkpt lat="-33.72885" lon="150.31617">
        <ele>953</ele>
        <extensions>
          <distance>10526</distance>
        </extensions>
      </trkpt>
      <trkpt lat="-33.72869" lon="150.31618">
        <ele>951</ele>
        <extensions>
          <distance>10544</distance>
        </extensions>
      </trkpt>
      <trkpt lat="-33.72857" lon="150.31626">
        <ele>951</ele>
        <extensions>
          <distance>10559</distance>
        </extensions>
      </trkpt>
      <trkpt lat="-33.72845" lon="150.31631">
        <ele>951</ele>
        <extensions>
          <distance>10573</distance>
        </extensions>
      </trkpt>
      <trkpt lat="-33.72837" lon="150.31626">
        <ele>951</ele>
        <extensions>
          <distance>10583</distance>
        </extensions>
      </trkpt>
      <trkpt lat="-33.72824" lon="150.31622">
        <ele>951</ele>
        <extensions>
          <distance>10598</distance>
        </extensions>
      </trkpt>
      <trkpt lat="-33.72811" lon="150.31624">
        <ele>951</ele>
        <extensions>
          <distance>10613</distance>
        </extensions>
      </trkpt>
      <trkpt lat="-33.72802" lon="150.31628">
        <ele>951</ele>
        <extensions>
          <distance>10623</distance>
        </extensions>
      </trkpt>
      <trkpt lat="-33.72786" lon="150.31646">
        <ele>949</ele>
        <extensions>
          <distance>10648</distance>
        </extensions>
      </trkpt>
      <trkpt lat="-33.7278" lon="150.31658">
        <ele>946</ele>
        <extensions>
          <distance>10661</distance>
        </extensions>
      </trkpt>
      <trkpt lat="-33.72763" lon="150.31678">
        <ele>940</ele>
        <extensions>
          <distance>10688</distance>
        </extensions>
      </trkpt>
      <trkpt lat="-33.72756" lon="150.31695">
        <ele>929</ele>
        <extensions>
          <distance>10709</distance>
        </extensions>
      </trkpt>
      <trkpt lat="-33.72755" lon="150.31707">
        <ele>915</ele>
        <extensions>
          <distance>10727</distance>
        </extensions>
      </trkpt>
      <trkpt lat="-33.72756" lon="150.31726">
        <ele>888</ele>
        <extensions>
          <distance>10759</distance>
        </extensions>
      </trkpt>
      <trkpt lat="-33.72752" lon="150.31734">
        <ele>868</ele>
        <extensions>
          <distance>10781</distance>
        </extensions>
      </trkpt>
      <trkpt lat="-33.72739" lon="150.3174">
        <ele>863</ele>
        <extensions>
          <distance>10797</distance>
        </extensions>
      </trkpt>
      <trkpt lat="-33.72732" lon="150.31748">
        <ele>859</ele>
        <extensions>
          <distance>10809</distance>
        </extensions>
      </trkpt>
      <trkpt lat="-33.72725" lon="150.31753">
        <ele>859</ele>
        <extensions>
          <distance>10818</distance>
        </extensions>
      </trkpt>
      <trkpt lat="-33.72718" lon="150.31756">
        <ele>859</ele>
        <extensions>
          <distance>10826</distance>
        </extensions>
      </trkpt>
      <trkpt lat="-33.72703" lon="150.31769">
        <ele>859</ele>
        <extensions>
          <distance>10846</distance>
        </extensions>
      </trkpt>
      <trkpt lat="-33.72682" lon="150.31777">
        <ele>861</ele>
        <extensions>
          <distance>10871</distance>
        </extensions>
      </trkpt>
      <trkpt lat="-33.72677" lon="150.3178">
        <ele>863</ele>
        <extensions>
          <distance>10877</distance>
        </extensions>
      </trkpt>
      <trkpt lat="-33.72671" lon="150.31787">
        <ele>864</ele>
        <extensions>
          <distance>10887</distance>
        </extensions>
      </trkpt>
      <trkpt lat="-33.72658" lon="150.31796">
        <ele>864</ele>
        <extensions>
          <distance>10903</distance>
        </extensions>
      </trkpt>
      <trkpt lat="-33.72654" lon="150.31797">
        <ele>868</ele>
        <extensions>
          <distance>10908</distance>
        </extensions>
      </trkpt>
      <trkpt lat="-33.72651" lon="150.31796">
        <ele>872</ele>
        <extensions>
          <distance>10913</distance>
        </extensions>
      </trkpt>
      <trkpt lat="-33.72635" lon="150.31779">
        <ele>904</ele>
        <extensions>
          <distance>10953</distance>
        </extensions>
      </trkpt>
      <trkpt lat="-33.72614" lon="150.31769">
        <ele>917</ele>
        <extensions>
          <distance>10981</distance>
        </extensions>
      </trkpt>
      <trkpt lat="-33.72607" lon="150.31769">
        <ele>920</ele>
        <extensions>
          <distance>10990</distance>
        </extensions>
      </trkpt>
      <trkpt lat="-33.72602" lon="150.31771">
        <ele>920</ele>
        <extensions>
          <distance>10996</distance>
        </extensions>
      </trkpt>
      <trkpt lat="-33.72599" lon="150.31774">
        <ele>921</ele>
        <extensions>
          <distance>11000</distance>
        </extensions>
      </trkpt>
      <trkpt lat="-33.72596" lon="150.31779">
        <ele>922</ele>
        <extensions>
          <distance>11006</distance>
        </extensions>
      </trkpt>
      <trkpt lat="-33.72595" lon="150.31786">
        <ele>922</ele>
        <extensions>
          <distance>11012</distance>
        </extensions>
      </trkpt>
      <trkpt lat="-33.72591" lon="150.31787">
        <ele>922</ele>
        <extensions>
          <distance>11017</distance>
        </extensions>
      </trkpt>
      <trkpt lat="-33.72572" lon="150.31786">
        <ele>929</ele>
        <extensions>
          <distance>11039</distance>
        </extensions>
      </trkpt>
      <trkpt lat="-33.72567" lon="150.31794">
        <ele>929</ele>
        <extensions>
          <distance>11048</distance>
        </extensions>
      </trkpt>
      <trkpt lat="-33.72562" lon="150.31795">
        <ele>929</ele>
        <extensions>
          <distance>11054</distance>
        </extensions>
      </trkpt>
      <trkpt lat="-33.72558" lon="150.31797">
        <ele>929</ele>
        <extensions>
          <distance>11058</distance>
        </extensions>
      </trkpt>
      <trkpt lat="-33.72551" lon="150.31819">
        <ele>921</ele>
        <extensions>
          <distance>11081</distance>
        </extensions>
      </trkpt>
      <trkpt lat="-33.725494999999995" lon="150.318365">
        <ele>914.5</ele>
        <extensions>
          <distance>11099</distance>
        </extensions>
      </trkpt>
      <trkpt lat="-33.72548" lon="150.31854">
        <ele>908</ele>
        <extensions>
          <distance>11116</distance>
        </extensions>
      </trkpt>
      <trkpt lat="-33.72546" lon="150.31861">
        <ele>905</ele>
        <extensions>
          <distance>11124</distance>
        </extensions>
      </trkpt>
      <trkpt lat="-33.72542" lon="150.31866">
        <ele>900</ele>
        <extensions>
          <distance>11132</distance>
        </extensions>
      </trkpt>
      <trkpt lat="-33.72536" lon="150.31868">
        <ele>900</ele>
        <extensions>
          <distance>11139</distance>
        </extensions>
      </trkpt>
      <trkpt lat="-33.72523" lon="150.31864">
        <ele>900</ele>
        <extensions>
          <distance>11154</distance>
        </extensions>
      </trkpt>
      <trkpt lat="-33.72516" lon="150.31859">
        <ele>900</ele>
        <extensions>
          <distance>11163</distance>
        </extensions>
      </trkpt>
      <trkpt lat="-33.72496" lon="150.31855">
        <ele>900</ele>
        <extensions>
          <distance>11185</distance>
        </extensions>
      </trkpt>
      <trkpt lat="-33.72492" lon="150.31849">
        <ele>902</ele>
        <extensions>
          <distance>11192</distance>
        </extensions>
      </trkpt>
      <trkpt lat="-33.72489" lon="150.3184">
        <ele>911</ele>
        <extensions>
          <distance>11202</distance>
        </extensions>
      </trkpt>
      <trkpt lat="-33.72481" lon="150.31832">
        <ele>918</ele>
        <extensions>
          <distance>11216</distance>
        </extensions>
      </trkpt>
      <trkpt lat="-33.7247" lon="150.31825">
        <ele>925</ele>
        <extensions>
          <distance>11231</distance>
        </extensions>
      </trkpt>
      <trkpt lat="-33.72453" lon="150.31817">
        <ele>929</ele>
        <extensions>
          <distance>11252</distance>
        </extensions>
      </trkpt>
      <trkpt lat="-33.72446" lon="150.31817">
        <ele>929</ele>
        <extensions>
          <distance>11259</distance>
        </extensions>
      </trkpt>
      <trkpt lat="-33.72441" lon="150.31818">
        <ele>932</ele>
        <extensions>
          <distance>11265</distance>
        </extensions>
      </trkpt>
      <trkpt lat="-33.72435" lon="150.31821">
        <ele>932</ele>
        <extensions>
          <distance>11273</distance>
        </extensions>
      </trkpt>
      <trkpt lat="-33.72429" lon="150.31821">
        <ele>932</ele>
        <extensions>
          <distance>11279</distance>
        </extensions>
      </trkpt>
      <trkpt lat="-33.72425" lon="150.31815">
        <ele>932</ele>
        <extensions>
          <distance>11286</distance>
        </extensions>
      </trkpt>
      <trkpt lat="-33.72418" lon="150.31808">
        <ele>931.5</ele>
        <extensions>
          <distance>11296</distance>
        </extensions>
      </trkpt>
      <trkpt lat="-33.72396" lon="150.318">
        <ele>931.5</ele>
        <extensions>
          <distance>11322</distance>
        </extensions>
      </trkpt>
      <trkpt lat="-33.723825" lon="150.317915">
        <ele>931.5</ele>
        <extensions>
          <distance>11339</distance>
        </extensions>
      </trkpt>
      <trkpt lat="-33.72369" lon="150.31783">
        <ele>931</ele>
        <extensions>
          <distance>11356</distance>
        </extensions>
      </trkpt>
      <trkpt lat="-33.72351" lon="150.31776">
        <ele>931</ele>
        <extensions>
          <distance>11377</distance>
        </extensions>
      </trkpt>
      <trkpt lat="-33.72345" lon="150.3177">
        <ele>931</ele>
        <extensions>
          <distance>11386</distance>
        </extensions>
      </trkpt>
      <trkpt lat="-33.72348" lon="150.31767">
        <ele>931</ele>
        <extensions>
          <distance>11390</distance>
        </extensions>
      </trkpt>
      <trkpt lat="-33.7235" lon="150.31759">
        <ele>932</ele>
        <extensions>
          <distance>11398</distance>
        </extensions>
      </trkpt>
      <trkpt lat="-33.72348" lon="150.31744">
        <ele>937</ele>
        <extensions>
          <distance>11412</distance>
        </extensions>
      </trkpt>
      <trkpt lat="-33.72341" lon="150.31726">
        <ele>941</ele>
        <extensions>
          <distance>11431</distance>
        </extensions>
      </trkpt>
      <trkpt lat="-33.72327" lon="150.31719">
        <ele>941</ele>
        <extensions>
          <distance>11447</distance>
        </extensions>
      </trkpt>
      <trkpt lat="-33.72318" lon="150.31721">
        <ele>941</ele>
        <extensions>
          <distance>11458</distance>
        </extensions>
      </trkpt>
      <trkpt lat="-33.72308" lon="150.31733">
        <ele>943</ele>
        <extensions>
          <distance>11473</distance>
        </extensions>
      </trkpt>
      <trkpt lat="-33.72306" lon="150.31744">
        <ele>943</ele>
        <extensions>
          <distance>11484</distance>
        </extensions>
      </trkpt>
      <trkpt lat="-33.72298" lon="150.31749">
        <ele>943</ele>
        <extensions>
          <distance>11494</distance>
        </extensions>
      </trkpt>
      <trkpt lat="-33.7228" lon="150.31747">
        <ele>943</ele>
        <extensions>
          <distance>11514</distance>
        </extensions>
      </trkpt>
      <trkpt lat="-33.72273" lon="150.3175">
        <ele>943</ele>
        <extensions>
          <distance>11522</distance>
        </extensions>
      </trkpt>
      <trkpt lat="-33.72267" lon="150.31748">
        <ele>943</ele>
        <extensions>
          <distance>11529</distance>
        </extensions>
      </trkpt>
      <trkpt lat="-33.72257" lon="150.31747">
        <ele>943</ele>
        <extensions>
          <distance>11540</distance>
        </extensions>
      </trkpt>
      <trkpt lat="-33.72247" lon="150.3174">
        <ele>943</ele>
        <extensions>
          <distance>11553</distance>
        </extensions>
      </trkpt>
      <trkpt lat="-33.72233" lon="150.31739">
        <ele>943</ele>
        <extensions>
          <distance>11568</distance>
        </extensions>
      </trkpt>
      <trkpt lat="-33.72222" lon="150.31746">
        <ele>942</ele>
        <extensions>
          <distance>11582</distance>
        </extensions>
      </trkpt>
      <trkpt lat="-33.72221" lon="150.31752">
        <ele>942</ele>
        <extensions>
          <distance>11588</distance>
        </extensions>
      </trkpt>
      <trkpt lat="-33.72223" lon="150.31758">
        <ele>942</ele>
        <extensions>
          <distance>11594</distance>
        </extensions>
      </trkpt>
      <trkpt lat="-33.72211" lon="150.3178">
        <ele>942</ele>
        <extensions>
          <distance>11618</distance>
        </extensions>
      </trkpt>
      <trkpt lat="-33.72203" lon="150.31771">
        <ele>944</ele>
        <extensions>
          <distance>11630</distance>
        </extensions>
      </trkpt>
      <trkpt lat="-33.72191" lon="150.31752">
        <ele>949</ele>
        <extensions>
          <distance>11653</distance>
        </extensions>
      </trkpt>
      <trkpt lat="-33.7217" lon="150.31743">
        <ele>951</ele>
        <extensions>
          <distance>11678</distance>
        </extensions>
      </trkpt>
      <trkpt lat="-33.7215" lon="150.31726">
        <ele>954</ele>
        <extensions>
          <distance>11705</distance>
        </extensions>
      </trkpt>
      <trkpt lat="-33.7214" lon="150.31725">
        <ele>954</ele>
        <extensions>
          <distance>11716</distance>
        </extensions>
      </trkpt>
      <trkpt lat="-33.72127" lon="150.31712">
        <ele>959</ele>
        <extensions>
          <distance>11736</distance>
        </extensions>
      </trkpt>
      <trkpt lat="-33.72115" lon="150.31711">
        <ele>959</ele>
        <extensions>
          <distance>11749</distance>
        </extensions>
      </trkpt>
      <trkpt lat="-33.72099" lon="150.31719">
        <ele>959</ele>
        <extensions>
          <distance>11768</distance>
        </extensions>
      </trkpt>
      <trkpt lat="-33.72077" lon="150.31728">
        <ele>959</ele>
        <extensions>
          <distance>11794</distance>
        </extensions>
      </trkpt>
      <trkpt lat="-33.72073" lon="150.31739">
        <ele>959</ele>
        <extensions>
          <distance>11805</distance>
        </extensions>
      </trkpt>
      <trkpt lat="-33.72062" lon="150.31748">
        <ele>959</ele>
        <extensions>
          <distance>11820</distance>
        </extensions>
      </trkpt>
      <trkpt lat="-33.72053" lon="150.31762">
        <ele>959</ele>
        <extensions>
          <distance>11836</distance>
        </extensions>
      </trkpt>
      <trkpt lat="-33.72049" lon="150.31774">
        <ele>959</ele>
        <extensions>
          <distance>11848</distance>
        </extensions>
      </trkpt>
      <trkpt lat="-33.72046" lon="150.31788">
        <ele>959</ele>
        <extensions>
          <distance>11862</distance>
        </extensions>
      </trkpt>
      <trkpt lat="-33.72048" lon="150.31795">
        <ele>958</ele>
        <extensions>
          <distance>11868</distance>
        </extensions>
      </trkpt>
      <trkpt lat="-33.72047" lon="150.31803">
        <ele>958</ele>
        <extensions>
          <distance>11876</distance>
        </extensions>
      </trkpt>
      <trkpt lat="-33.720565" lon="150.318215">
        <ele>957</ele>
        <extensions>
          <distance>11896</distance>
        </extensions>
      </trkpt>
      <trkpt lat="-33.72066" lon="150.3184">
        <ele>956</ele>
        <extensions>
          <distance>11916</distance>
        </extensions>
      </trkpt>
      <trkpt lat="-33.72079" lon="150.3185">
        <ele>955</ele>
        <extensions>
          <distance>11933</distance>
        </extensions>
      </trkpt>
      <trkpt lat="-33.72087" lon="150.31853">
        <ele>954</ele>
        <extensions>
          <distance>11943</distance>
        </extensions>
      </trkpt>
      <trkpt lat="-33.72096" lon="150.31859">
        <ele>953</ele>
        <extensions>
          <distance>11954</distance>
        </extensions>
      </trkpt>
      <trkpt lat="-33.72104" lon="150.31873">
        <ele>952</ele>
        <extensions>
          <distance>11970</distance>
        </extensions>
      </trkpt>
      <trkpt lat="-33.72109" lon="150.31865">
        <ele>950</ele>
        <extensions>
          <distance>11979</distance>
        </extensions>
      </trkpt>
      <trkpt lat="-33.72109" lon="150.31846">
        <ele>949</ele>
        <extensions>
          <distance>11997</distance>
        </extensions>
      </trkpt>
      <trkpt lat="-33.72098" lon="150.31827">
        <ele>949</ele>
        <extensions>
          <distance>12018</distance>
        </extensions>
      </trkpt>
      <trkpt lat="-33.721" lon="150.31824">
        <ele>948</ele>
        <extensions>
          <distance>12022</distance>
        </extensions>
      </trkpt>
      <trkpt lat="-33.72106" lon="150.31823">
        <ele>948</ele>
        <extensions>
          <distance>12029</distance>
        </extensions>
      </trkpt>
      <trkpt lat="-33.72112" lon="150.3182">
        <ele>946</ele>
        <extensions>
          <distance>12036</distance>
        </extensions>
      </trkpt>
      <trkpt lat="-33.72117" lon="150.31815">
        <ele>945</ele>
        <extensions>
          <distance>12043</distance>
        </extensions>
      </trkpt>
      <trkpt lat="-33.72123" lon="150.31815">
        <ele>943</ele>
        <extensions>
          <distance>12050</distance>
        </extensions>
      </trkpt>
      <trkpt lat="-33.72136" lon="150.31836">
        <ele>938</ele>
        <extensions>
          <distance>12075</distance>
        </extensions>
      </trkpt>
      <trkpt lat="-33.72139" lon="150.31837">
        <ele>936</ele>
        <extensions>
          <distance>12078</distance>
        </extensions>
      </trkpt>
      <trkpt lat="-33.7214" lon="150.31831">
        <ele>936</ele>
        <extensions>
          <distance>12084</distance>
        </extensions>
      </trkpt>
      <trkpt lat="-33.72144" lon="150.31838">
        <ele>936</ele>
        <extensions>
          <distance>12092</distance>
        </extensions>
      </trkpt>
      <trkpt lat="-33.72145" lon="150.31835">
        <ele>936</ele>
        <extensions>
          <distance>12095</distance>
        </extensions>
      </trkpt>
      <trkpt lat="-33.72141" lon="150.31829">
        <ele>936</ele>
        <extensions>
          <distance>12102</distance>
        </extensions>
      </trkpt>
      <trkpt lat="-33.72143" lon="150.31817">
        <ele>935</ele>
        <extensions>
          <distance>12114</distance>
        </extensions>
      </trkpt>
      <trkpt lat="-33.72146" lon="150.31816">
        <ele>934</ele>
        <extensions>
          <distance>12117</distance>
        </extensions>
      </trkpt>
      <trkpt lat="-33.72162" lon="150.31824">
        <ele>931</ele>
        <extensions>
          <distance>12137</distance>
        </extensions>
      </trkpt>
      <trkpt lat="-33.72166" lon="150.31833">
        <ele>925</ele>
        <extensions>
          <distance>12148</distance>
        </extensions>
      </trkpt>
      <trkpt lat="-33.72173" lon="150.31839">
        <ele>925</ele>
        <extensions>
          <distance>12157</distance>
        </extensions>
      </trkpt>
      <trkpt lat="-33.72186" lon="150.31839">
        <ele>923</ele>
        <extensions>
          <distance>12172</distance>
        </extensions>
      </trkpt>
      <trkpt lat="-33.72193" lon="150.31844">
        <ele>922</ele>
        <extensions>
          <distance>12181</distance>
        </extensions>
      </trkpt>
      <trkpt lat="-33.72195" lon="150.31854">
        <ele>922</ele>
        <extensions>
          <distance>12190</distance>
        </extensions>
      </trkpt>
      <trkpt lat="-33.72207" lon="150.31866">
        <ele>919</ele>
        <extensions>
          <distance>12208</distance>
        </extensions>
      </trkpt>
      <trkpt lat="-33.72216" lon="150.31868">
        <ele>916</ele>
        <extensions>
          <distance>12219</distance>
        </extensions>
      </trkpt>
      <trkpt lat="-33.72221" lon="150.31872">
        <ele>914</ele>
        <extensions>
          <distance>12225</distance>
        </extensions>
      </trkpt>
      <trkpt lat="-33.72231" lon="150.31871">
        <ele>911</ele>
        <extensions>
          <distance>12237</distance>
        </extensions>
      </trkpt>
      <trkpt lat="-33.72237" lon="150.31878">
        <ele>908</ele>
        <extensions>
          <distance>12247</distance>
        </extensions>
      </trkpt>
      <trkpt lat="-33.7224" lon="150.31871">
        <ele>907</ele>
        <extensions>
          <distance>12254</distance>
        </extensions>
      </trkpt>
      <trkpt lat="-33.7224" lon="150.31867">
        <ele>907</ele>
        <extensions>
          <distance>12258</distance>
        </extensions>
      </trkpt>
      <trkpt lat="-33.72245" lon="150.31868">
        <ele>906</ele>
        <extensions>
          <distance>12263</distance>
        </extensions>
      </trkpt>
      <trkpt lat="-33.7226" lon="150.31882">
        <ele>897</ele>
        <extensions>
          <distance>12286</distance>
        </extensions>
      </trkpt>
      <trkpt lat="-33.72263" lon="150.31883">
        <ele>896</ele>
        <extensions>
          <distance>12290</distance>
        </extensions>
      </trkpt>
      <trkpt lat="-33.72266" lon="150.31888">
        <ele>894</ele>
        <extensions>
          <distance>12296</distance>
        </extensions>
      </trkpt>
      <trkpt lat="-33.72271" lon="150.31888">
        <ele>893</ele>
        <extensions>
          <distance>12301</distance>
        </extensions>
      </trkpt>
      <trkpt lat="-33.7228" lon="150.319">
        <ele>889</ele>
        <extensions>
          <distance>12317</distance>
        </extensions>
      </trkpt>
      <trkpt lat="-33.72297" lon="150.31903">
        <ele>882</ele>
        <extensions>
          <distance>12337</distance>
        </extensions>
      </trkpt>
      <trkpt lat="-33.72299" lon="150.31895">
        <ele>882</ele>
        <extensions>
          <distance>12345</distance>
        </extensions>
      </trkpt>
      <trkpt lat="-33.72305" lon="150.31895">
        <ele>880</ele>
        <extensions>
          <distance>12352</distance>
        </extensions>
      </trkpt>
      <trkpt lat="-33.7231" lon="150.31904">
        <ele>876</ele>
        <extensions>
          <distance>12362</distance>
        </extensions>
      </trkpt>
      <trkpt lat="-33.72316" lon="150.31918">
        <ele>871</ele>
        <extensions>
          <distance>12378</distance>
        </extensions>
      </trkpt>
      <trkpt lat="-33.72321" lon="150.31922">
        <ele>861</ele>
        <extensions>
          <distance>12390</distance>
        </extensions>
      </trkpt>
      <trkpt lat="-33.723380000000006" lon="150.31939">
        <ele>859</ele>
        <extensions>
          <distance>12414</distance>
        </extensions>
      </trkpt>
      <trkpt lat="-33.72355" lon="150.31956">
        <ele>856.5</ele>
        <extensions>
          <distance>12439</distance>
        </extensions>
      </trkpt>
      <trkpt lat="-33.72359" lon="150.31973">
        <ele>854</ele>
        <extensions>
          <distance>12455</distance>
        </extensions>
      </trkpt>
      <trkpt lat="-33.7236" lon="150.31973">
        <ele>852</ele>
        <extensions>
          <distance>12457</distance>
        </extensions>
      </trkpt>
      <trkpt lat="-33.72371" lon="150.31994">
        <ele>847</ele>
        <extensions>
          <distance>12481</distance>
        </extensions>
      </trkpt>
      <trkpt lat="-33.72374" lon="150.31993">
        <ele>844</ele>
        <extensions>
          <distance>12485</distance>
        </extensions>
      </trkpt>
      <trkpt lat="-33.72382" lon="150.31986">
        <ele>837</ele>
        <extensions>
          <distance>12498</distance>
        </extensions>
      </trkpt>
      <trkpt lat="-33.72392" lon="150.31988">
        <ele>827</ele>
        <extensions>
          <distance>12513</distance>
        </extensions>
      </trkpt>
      <trkpt lat="-33.72408" lon="150.32012">
        <ele>805</ele>
        <extensions>
          <distance>12549</distance>
        </extensions>
      </trkpt>
      <trkpt lat="-33.72408" lon="150.32035">
        <ele>805</ele>
        <extensions>
          <distance>12571</distance>
        </extensions>
      </trkpt>
      <trkpt lat="-33.72406" lon="150.32051">
        <ele>805</ele>
        <extensions>
          <distance>12586</distance>
        </extensions>
      </trkpt>
      <trkpt lat="-33.72397" lon="150.32077">
        <ele>805</ele>
        <extensions>
          <distance>12612</distance>
        </extensions>
      </trkpt>
      <trkpt lat="-33.72376" lon="150.32086">
        <ele>824</ele>
        <extensions>
          <distance>12638</distance>
        </extensions>
      </trkpt>
      <trkpt lat="-33.723625" lon="150.320825">
        <ele>839.5</ele>
        <extensions>
          <distance>12660</distance>
        </extensions>
      </trkpt>
      <trkpt lat="-33.72349" lon="150.32079">
        <ele>855</ele>
        <extensions>
          <distance>12682</distance>
        </extensions>
      </trkpt>
      <trkpt lat="-33.72339" lon="150.32068">
        <ele>875</ele>
        <extensions>
          <distance>12707</distance>
        </extensions>
      </trkpt>
      <trkpt lat="-33.72335" lon="150.32065">
        <ele>875</ele>
        <extensions>
          <distance>12712</distance>
        </extensions>
      </trkpt>
      <trkpt lat="-33.72331" lon="150.32065">
        <ele>875</ele>
        <extensions>
          <distance>12717</distance>
        </extensions>
      </trkpt>
      <trkpt lat="-33.72329" lon="150.32067">
        <ele>875</ele>
        <extensions>
          <distance>12720</distance>
        </extensions>
      </trkpt>
      <trkpt lat="-33.72332" lon="150.32085">
        <ele>869</ele>
        <extensions>
          <distance>12737</distance>
        </extensions>
      </trkpt>
      <trkpt lat="-33.72336" lon="150.32101">
        <ele>855</ele>
        <extensions>
          <distance>12758</distance>
        </extensions>
      </trkpt>
      <trkpt lat="-33.72345" lon="150.32123">
        <ele>832</ele>
        <extensions>
          <distance>12790</distance>
        </extensions>
      </trkpt>
      <trkpt lat="-33.72351" lon="150.32131">
        <ele>818</ele>
        <extensions>
          <distance>12808</distance>
        </extensions>
      </trkpt>
      <trkpt lat="-33.72355" lon="150.32139">
        <ele>818</ele>
        <extensions>
          <distance>12816</distance>
        </extensions>
      </trkpt>
      <trkpt lat="-33.72352" lon="150.32152">
        <ele>818</ele>
        <extensions>
          <distance>12829</distance>
        </extensions>
      </trkpt>
      <trkpt lat="-33.72345" lon="150.32159">
        <ele>818</ele>
        <extensions>
          <distance>12839</distance>
        </extensions>
      </trkpt>
      <trkpt lat="-33.72333" lon="150.32158">
        <ele>824</ele>
        <extensions>
          <distance>12853</distance>
        </extensions>
      </trkpt>
      <trkpt lat="-33.72319" lon="150.32148">
        <ele>829</ele>
        <extensions>
          <distance>12871</distance>
        </extensions>
      </trkpt>
      <trkpt lat="-33.72315" lon="150.32152">
        <ele>833</ele>
        <extensions>
          <distance>12878</distance>
        </extensions>
      </trkpt>
      <trkpt lat="-33.72306" lon="150.32165">
        <ele>836</ele>
        <extensions>
          <distance>12894</distance>
        </extensions>
      </trkpt>
      <trkpt lat="-33.72296" lon="150.32186">
        <ele>836</ele>
        <extensions>
          <distance>12917</distance>
        </extensions>
      </trkpt>
      <trkpt lat="-33.72282" lon="150.32201">
        <ele>837</ele>
        <extensions>
          <distance>12938</distance>
        </extensions>
      </trkpt>
      <trkpt lat="-33.72279" lon="150.32213">
        <ele>837</ele>
        <extensions>
          <distance>12949</distance>
        </extensions>
      </trkpt>
      <trkpt lat="-33.72271" lon="150.32221">
        <ele>837</ele>
        <extensions>
          <distance>12961</distance>
        </extensions>
      </trkpt>
      <trkpt lat="-33.72259" lon="150.322295">
        <ele>840.5</ele>
        <extensions>
          <distance>12976</distance>
        </extensions>
      </trkpt>
      <trkpt lat="-33.72247" lon="150.32238">
        <ele>843</ele>
        <extensions>
          <distance>12992</distance>
        </extensions>
      </trkpt>
      <trkpt lat="-33.72244" lon="150.32235">
        <ele>844</ele>
        <extensions>
          <distance>12996</distance>
        </extensions>
      </trkpt>
      <trkpt lat="-33.722494999999995" lon="150.322185">
        <ele>844</ele>
        <extensions>
          <distance>13013</distance>
        </extensions>
      </trkpt>
      <trkpt lat="-33.72255" lon="150.32202">
        <ele>845</ele>
        <extensions>
          <distance>13029</distance>
        </extensions>
      </trkpt>
      <trkpt lat="-33.72247" lon="150.32181">
        <ele>851</ele>
        <extensions>
          <distance>13051</distance>
        </extensions>
      </trkpt>
      <trkpt lat="-33.72238" lon="150.32172">
        <ele>858</ele>
        <extensions>
          <distance>13066</distance>
        </extensions>
      </trkpt>
      <trkpt lat="-33.7223" lon="150.32167">
        <ele>864</ele>
        <extensions>
          <distance>13078</distance>
        </extensions>
      </trkpt>
      <trkpt lat="-33.72221" lon="150.32164">
        <ele>871</ele>
        <extensions>
          <distance>13090</distance>
        </extensions>
      </trkpt>
      <trkpt lat="-33.72217" lon="150.32158">
        <ele>878</ele>
        <extensions>
          <distance>13100</distance>
        </extensions>
      </trkpt>
      <trkpt lat="-33.72214" lon="150.32143">
        <ele>891</ele>
        <extensions>
          <distance>13119</distance>
        </extensions>
      </trkpt>
      <trkpt lat="-33.72211" lon="150.32135">
        <ele>897</ele>
        <extensions>
          <distance>13130</distance>
        </extensions>
      </trkpt>
      <trkpt lat="-33.72198" lon="150.3213">
        <ele>898</ele>
        <extensions>
          <distance>13145</distance>
        </extensions>
      </trkpt>
      <trkpt lat="-33.7219" lon="150.32131">
        <ele>898</ele>
        <extensions>
          <distance>13154</distance>
        </extensions>
      </trkpt>
      <trkpt lat="-33.7219" lon="150.32135">
        <ele>898</ele>
        <extensions>
          <distance>13157</distance>
        </extensions>
      </trkpt>
      <trkpt lat="-33.72192" lon="150.32145">
        <ele>898</ele>
        <extensions>
          <distance>13167</distance>
        </extensions>
      </trkpt>
      <trkpt lat="-33.72198" lon="150.32155">
        <ele>889</ele>
        <extensions>
          <distance>13179</distance>
        </extensions>
      </trkpt>
      <trkpt lat="-33.72196" lon="150.32157">
        <ele>889</ele>
        <extensions>
          <distance>13182</distance>
        </extensions>
      </trkpt>
      <trkpt lat="-33.72196" lon="150.32159">
        <ele>888</ele>
        <extensions>
          <distance>13184</distance>
        </extensions>
      </trkpt>
      <trkpt lat="-33.72198" lon="150.32165">
        <ele>883</ele>
        <extensions>
          <distance>13191</distance>
        </extensions>
      </trkpt>
      <trkpt lat="-33.72198" lon="150.32172">
        <ele>881</ele>
        <extensions>
          <distance>13198</distance>
        </extensions>
      </trkpt>
      <trkpt lat="-33.72202" lon="150.32189">
        <ele>881</ele>
        <extensions>
          <distance>13214</distance>
        </extensions>
      </trkpt>
      <trkpt lat="-33.72197" lon="150.32205">
        <ele>881</ele>
        <extensions>
          <distance>13230</distance>
        </extensions>
      </trkpt>
      <trkpt lat="-33.72191" lon="150.3221">
        <ele>881</ele>
        <extensions>
          <distance>13238</distance>
        </extensions>
      </trkpt>
      <trkpt lat="-33.72193" lon="150.32217">
        <ele>882</ele>
        <extensions>
          <distance>13245</distance>
        </extensions>
      </trkpt>
      <trkpt lat="-33.72189" lon="150.32217">
        <ele>883</ele>
        <extensions>
          <distance>13249</distance>
        </extensions>
      </trkpt>
      <trkpt lat="-33.72187" lon="150.32223">
        <ele>885</ele>
        <extensions>
          <distance>13255</distance>
        </extensions>
      </trkpt>
      <trkpt lat="-33.72191" lon="150.32224">
        <ele>885</ele>
        <extensions>
          <distance>13260</distance>
        </extensions>
      </trkpt>
      <trkpt lat="-33.72193" lon="150.32226">
        <ele>885</ele>
        <extensions>
          <distance>13263</distance>
        </extensions>
      </trkpt>
      <trkpt lat="-33.72193" lon="150.32234">
        <ele>885</ele>
        <extensions>
          <distance>13270</distance>
        </extensions>
      </trkpt>
      <trkpt lat="-33.72198" lon="150.32236">
        <ele>885</ele>
        <extensions>
          <distance>13276</distance>
        </extensions>
      </trkpt>
      <trkpt lat="-33.722" lon="150.3224">
        <ele>889</ele>
        <extensions>
          <distance>13281</distance>
        </extensions>
      </trkpt>
      <trkpt lat="-33.72179" lon="150.32229">
        <ele>889</ele>
        <extensions>
          <distance>13306</distance>
        </extensions>
      </trkpt>
      <trkpt lat="-33.72169" lon="150.32228">
        <ele>891</ele>
        <extensions>
          <distance>13317</distance>
        </extensions>
      </trkpt>
      <trkpt lat="-33.72167" lon="150.3223">
        <ele>891</ele>
        <extensions>
          <distance>13320</distance>
        </extensions>
      </trkpt>
      <trkpt lat="-33.72164" lon="150.32229">
        <ele>891</ele>
        <extensions>
          <distance>13323</distance>
        </extensions>
      </trkpt>
      <trkpt lat="-33.72158" lon="150.32237">
        <ele>893</ele>
        <extensions>
          <distance>13334</distance>
        </extensions>
      </trkpt>
      <trkpt lat="-33.7215" lon="150.3225">
        <ele>895</ele>
        <extensions>
          <distance>13349</distance>
        </extensions>
      </trkpt>
      <trkpt lat="-33.72144" lon="150.32256">
        <ele>897</ele>
        <extensions>
          <distance>13358</distance>
        </extensions>
      </trkpt>
      <trkpt lat="-33.72138" lon="150.3226">
        <ele>898</ele>
        <extensions>
          <distance>13365</distance>
        </extensions>
      </trkpt>
      <trkpt lat="-33.72122" lon="150.32265">
        <ele>902</ele>
        <extensions>
          <distance>13384</distance>
        </extensions>
      </trkpt>
      <trkpt lat="-33.72109" lon="150.32268">
        <ele>904</ele>
        <extensions>
          <distance>13399</distance>
        </extensions>
      </trkpt>
      <trkpt lat="-33.72099" lon="150.32273">
        <ele>906</ele>
        <extensions>
          <distance>13411</distance>
        </extensions>
      </trkpt>
      <trkpt lat="-33.72083" lon="150.32287">
        <ele>909</ele>
        <extensions>
          <distance>13433</distance>
        </extensions>
      </trkpt>
      <trkpt lat="-33.72071" lon="150.32292">
        <ele>911</ele>
        <extensions>
          <distance>13447</distance>
        </extensions>
      </trkpt>
      <trkpt lat="-33.72054" lon="150.32292">
        <ele>912</ele>
        <extensions>
          <distance>13466</distance>
        </extensions>
      </trkpt>
      <trkpt lat="-33.7204" lon="150.32299">
        <ele>915</ele>
        <extensions>
          <distance>13483</distance>
        </extensions>
      </trkpt>
      <trkpt lat="-33.72029" lon="150.32297">
        <ele>916</ele>
        <extensions>
          <distance>13496</distance>
        </extensions>
      </trkpt>
      <trkpt lat="-33.72017" lon="150.32302">
        <ele>916</ele>
        <extensions>
          <distance>13510</distance>
        </extensions>
      </trkpt>
      <trkpt lat="-33.72031" lon="150.32303">
        <ele>916</ele>
        <extensions>
          <distance>13525</distance>
        </extensions>
      </trkpt>
      <trkpt lat="-33.72038" lon="150.32307">
        <ele>916</ele>
        <extensions>
          <distance>13534</distance>
        </extensions>
      </trkpt>
      <trkpt lat="-33.72043" lon="150.32307">
        <ele>915</ele>
        <extensions>
          <distance>13539</distance>
        </extensions>
      </trkpt>
      <trkpt lat="-33.72065" lon="150.32312">
        <ele>913.5</ele>
        <extensions>
          <distance>13564</distance>
        </extensions>
      </trkpt>
      <trkpt lat="-33.7208" lon="150.323075">
        <ele>913</ele>
        <extensions>
          <distance>13581</distance>
        </extensions>
      </trkpt>
      <trkpt lat="-33.72095" lon="150.32303">
        <ele>913</ele>
        <extensions>
          <distance>13599</distance>
        </extensions>
      </trkpt>
      <trkpt lat="-33.72106" lon="150.32301">
        <ele>913</ele>
        <extensions>
          <distance>13611</distance>
        </extensions>
      </trkpt>
      <trkpt lat="-33.72113" lon="150.32302">
        <ele>913</ele>
        <extensions>
          <distance>13619</distance>
        </extensions>
      </trkpt>
      <trkpt lat="-33.72123" lon="150.32308">
        <ele>913</ele>
        <extensions>
          <distance>13631</distance>
        </extensions>
      </trkpt>
      <trkpt lat="-33.72139" lon="150.32321">
        <ele>917</ele>
        <extensions>
          <distance>13653</distance>
        </extensions>
      </trkpt>
      <trkpt lat="-33.72146" lon="150.32331">
        <ele>917</ele>
        <extensions>
          <distance>13665</distance>
        </extensions>
      </trkpt>
      <trkpt lat="-33.7216" lon="150.32338">
        <ele>917</ele>
        <extensions>
          <distance>13682</distance>
        </extensions>
      </trkpt>
      <trkpt lat="-33.72167" lon="150.32339">
        <ele>917</ele>
        <extensions>
          <distance>13689</distance>
        </extensions>
      </trkpt>
      <trkpt lat="-33.72184" lon="150.3232">
        <ele>912</ele>
        <extensions>
          <distance>13715</distance>
        </extensions>
      </trkpt>
      <trkpt lat="-33.72188" lon="150.32319">
        <ele>911</ele>
        <extensions>
          <distance>13720</distance>
        </extensions>
      </trkpt>
      <trkpt lat="-33.72196" lon="150.32321">
        <ele>911</ele>
        <extensions>
          <distance>13729</distance>
        </extensions>
      </trkpt>
      <trkpt lat="-33.72199" lon="150.32323">
        <ele>911</ele>
        <extensions>
          <distance>13733</distance>
        </extensions>
      </trkpt>
      <trkpt lat="-33.72201" lon="150.32327">
        <ele>911</ele>
        <extensions>
          <distance>13737</distance>
        </extensions>
      </trkpt>
      <trkpt lat="-33.72209" lon="150.32334">
        <ele>912</ele>
        <extensions>
          <distance>13748</distance>
        </extensions>
      </trkpt>
      <trkpt lat="-33.72213" lon="150.32349">
        <ele>915</ele>
        <extensions>
          <distance>13763</distance>
        </extensions>
      </trkpt>
      <trkpt lat="-33.72214" lon="150.32356">
        <ele>917</ele>
        <extensions>
          <distance>13769</distance>
        </extensions>
      </trkpt>
      <trkpt lat="-33.72226" lon="150.32364">
        <ele>918</ele>
        <extensions>
          <distance>13785</distance>
        </extensions>
      </trkpt>
      <trkpt lat="-33.72232" lon="150.32373">
        <ele>920</ele>
        <extensions>
          <distance>13795</distance>
        </extensions>
      </trkpt>
      <trkpt lat="-33.72237" lon="150.32394">
        <ele>923</ele>
        <extensions>
          <distance>13816</distance>
        </extensions>
      </trkpt>
      <trkpt lat="-33.72242" lon="150.32401">
        <ele>923</ele>
        <extensions>
          <distance>13824</distance>
        </extensions>
      </trkpt>
      <trkpt lat="-33.72253" lon="150.32408">
        <ele>923</ele>
        <extensions>
          <distance>13838</distance>
        </extensions>
      </trkpt>
      <trkpt lat="-33.72258" lon="150.32409">
        <ele>923</ele>
        <extensions>
          <distance>13844</distance>
        </extensions>
      </trkpt>
      <trkpt lat="-33.72267" lon="150.32403">
        <ele>921</ele>
        <extensions>
          <distance>13855</distance>
        </extensions>
      </trkpt>
      <trkpt lat="-33.72272" lon="150.32401">
        <ele>921</ele>
        <extensions>
          <distance>13861</distance>
        </extensions>
      </trkpt>
      <trkpt lat="-33.72278" lon="150.32402">
        <ele>921</ele>
        <extensions>
          <distance>13868</distance>
        </extensions>
      </trkpt>
      <trkpt lat="-33.72283" lon="150.32408">
        <ele>920</ele>
        <extensions>
          <distance>13876</distance>
        </extensions>
      </trkpt>
      <trkpt lat="-33.7229" lon="150.32431">
        <ele>920</ele>
        <extensions>
          <distance>13899</distance>
        </extensions>
      </trkpt>
      <trkpt lat="-33.72294" lon="150.32437">
        <ele>919</ele>
        <extensions>
          <distance>13906</distance>
        </extensions>
      </trkpt>
      <trkpt lat="-33.72305" lon="150.3245">
        <ele>919</ele>
        <extensions>
          <distance>13923</distance>
        </extensions>
      </trkpt>
      <trkpt lat="-33.7231" lon="150.32453">
        <ele>919</ele>
        <extensions>
          <distance>13929</distance>
        </extensions>
      </trkpt>
      <trkpt lat="-33.72316" lon="150.32455">
        <ele>918</ele>
        <extensions>
          <distance>13936</distance>
        </extensions>
      </trkpt>
      <trkpt lat="-33.72322" lon="150.32455">
        <ele>916</ele>
        <extensions>
          <distance>13943</distance>
        </extensions>
      </trkpt>
      <trkpt lat="-33.72327" lon="150.32452">
        <ele>915</ele>
        <extensions>
          <distance>13949</distance>
        </extensions>
      </trkpt>
      <trkpt lat="-33.72346" lon="150.32449">
        <ele>915</ele>
        <extensions>
          <distance>13970</distance>
        </extensions>
      </trkpt>
      <trkpt lat="-33.72361" lon="150.32452">
        <ele>915</ele>
        <extensions>
          <distance>13987</distance>
        </extensions>
      </trkpt>
      <trkpt lat="-33.72358" lon="150.32464">
        <ele>915</ele>
        <extensions>
          <distance>13999</distance>
        </extensions>
      </trkpt>
      <trkpt lat="-33.72347" lon="150.3248">
        <ele>922</ele>
        <extensions>
          <distance>14018</distance>
        </extensions>
      </trkpt>
      <trkpt lat="-33.72342" lon="150.32485">
        <ele>924</ele>
        <extensions>
          <distance>14025</distance>
        </extensions>
      </trkpt>
      <trkpt lat="-33.72338" lon="150.32494">
        <ele>928</ele>
        <extensions>
          <distance>14036</distance>
        </extensions>
      </trkpt>
      <trkpt lat="-33.72339" lon="150.32513">
        <ele>933</ele>
        <extensions>
          <distance>14054</distance>
        </extensions>
      </trkpt>
      <trkpt lat="-33.72345" lon="150.32523">
        <ele>933</ele>
        <extensions>
          <distance>14066</distance>
        </extensions>
      </trkpt>
      <trkpt lat="-33.72352" lon="150.32527">
        <ele>933</ele>
        <extensions>
          <distance>14074</distance>
        </extensions>
      </trkpt>
      <trkpt lat="-33.72363" lon="150.32525">
        <ele>933</ele>
        <extensions>
          <distance>14086</distance>
        </extensions>
      </trkpt>
      <trkpt lat="-33.72375" lon="150.32524">
        <ele>930</ele>
        <extensions>
          <distance>14100</distance>
        </extensions>
      </trkpt>
      <trkpt lat="-33.72378" lon="150.32535">
        <ele>930</ele>
        <extensions>
          <distance>14111</distance>
        </extensions>
      </trkpt>
      <trkpt lat="-33.72389" lon="150.32535">
        <ele>928</ele>
        <extensions>
          <distance>14123</distance>
        </extensions>
      </trkpt>
      <trkpt lat="-33.7239" lon="150.32543">
        <ele>928</ele>
        <extensions>
          <distance>14130</distance>
        </extensions>
      </trkpt>
      <trkpt lat="-33.72388" lon="150.32554">
        <ele>927</ele>
        <extensions>
          <distance>14141</distance>
        </extensions>
      </trkpt>
      <trkpt lat="-33.72388" lon="150.3256">
        <ele>927</ele>
        <extensions>
          <distance>14146</distance>
        </extensions>
      </trkpt>
      <trkpt lat="-33.72393" lon="150.32574">
        <ele>927</ele>
        <extensions>
          <distance>14161</distance>
        </extensions>
      </trkpt>
      <trkpt lat="-33.724" lon="150.32582">
        <ele>924</ele>
        <extensions>
          <distance>14171</distance>
        </extensions>
      </trkpt>
      <trkpt lat="-33.72407" lon="150.32593">
        <ele>924</ele>
        <extensions>
          <distance>14184</distance>
        </extensions>
      </trkpt>
      <trkpt lat="-33.7242" lon="150.32598">
        <ele>921</ele>
        <extensions>
          <distance>14200</distance>
        </extensions>
      </trkpt>
      <trkpt lat="-33.72431" lon="150.326">
        <ele>918</ele>
        <extensions>
          <distance>14212</distance>
        </extensions>
      </trkpt>
      <trkpt lat="-33.72443" lon="150.32595">
        <ele>913</ele>
        <extensions>
          <distance>14227</distance>
        </extensions>
      </trkpt>
      <trkpt lat="-33.72449" lon="150.32595">
        <ele>913</ele>
        <extensions>
          <distance>14234</distance>
        </extensions>
      </trkpt>
      <trkpt lat="-33.72454" lon="150.32597">
        <ele>913</ele>
        <extensions>
          <distance>14240</distance>
        </extensions>
      </trkpt>
      <trkpt lat="-33.72456" lon="150.32599">
        <ele>913</ele>
        <extensions>
          <distance>14243</distance>
        </extensions>
      </trkpt>
      <trkpt lat="-33.72457" lon="150.32607">
        <ele>913</ele>
        <extensions>
          <distance>14250</distance>
        </extensions>
      </trkpt>
      <trkpt lat="-33.7246" lon="150.32611">
        <ele>913</ele>
        <extensions>
          <distance>14255</distance>
        </extensions>
      </trkpt>
      <trkpt lat="-33.72464" lon="150.32627">
        <ele>913</ele>
        <extensions>
          <distance>14271</distance>
        </extensions>
      </trkpt>
      <trkpt lat="-33.72473" lon="150.32633">
        <ele>913</ele>
        <extensions>
          <distance>14282</distance>
        </extensions>
      </trkpt>
      <trkpt lat="-33.72484" lon="150.32631">
        <ele>913</ele>
        <extensions>
          <distance>14294</distance>
        </extensions>
      </trkpt>
      <trkpt lat="-33.7249" lon="150.32632">
        <ele>912</ele>
        <extensions>
          <distance>14301</distance>
        </extensions>
      </trkpt>
      <trkpt lat="-33.72497" lon="150.3263">
        <ele>910</ele>
        <extensions>
          <distance>14309</distance>
        </extensions>
      </trkpt>
      <trkpt lat="-33.72508" lon="150.32624">
        <ele>907</ele>
        <extensions>
          <distance>14323</distance>
        </extensions>
      </trkpt>
      <trkpt lat="-33.72513" lon="150.32616">
        <ele>904</ele>
        <extensions>
          <distance>14333</distance>
        </extensions>
      </trkpt>
      <trkpt lat="-33.72533" lon="150.32606">
        <ele>899</ele>
        <extensions>
          <distance>14357</distance>
        </extensions>
      </trkpt>
      <trkpt lat="-33.72539" lon="150.32598">
        <ele>899</ele>
        <extensions>
          <distance>14367</distance>
        </extensions>
      </trkpt>
      <trkpt lat="-33.72543" lon="150.32598">
        <ele>899</ele>
        <extensions>
          <distance>14372</distance>
        </extensions>
      </trkpt>
      <trkpt lat="-33.72547" lon="150.32603">
        <ele>899</ele>
        <extensions>
          <distance>14378</distance>
        </extensions>
      </trkpt>
      <trkpt lat="-33.72555" lon="150.32605">
        <ele>900</ele>
        <extensions>
          <distance>14387</distance>
        </extensions>
      </trkpt>
      <trkpt lat="-33.72557" lon="150.32607">
        <ele>900</ele>
        <extensions>
          <distance>14390</distance>
        </extensions>
      </trkpt>
      <trkpt lat="-33.72559" lon="150.32614">
        <ele>902</ele>
        <extensions>
          <distance>14397</distance>
        </extensions>
      </trkpt>
      <trkpt lat="-33.72562" lon="150.32618">
        <ele>902</ele>
        <extensions>
          <distance>14402</distance>
        </extensions>
      </trkpt>
      <trkpt lat="-33.7257" lon="150.32623">
        <ele>903</ele>
        <extensions>
          <distance>14412</distance>
        </extensions>
      </trkpt>
      <trkpt lat="-33.72571" lon="150.32625">
        <ele>903</ele>
        <extensions>
          <distance>14414</distance>
        </extensions>
      </trkpt>
      <trkpt lat="-33.7257" lon="150.32628">
        <ele>904</ele>
        <extensions>
          <distance>14417</distance>
        </extensions>
      </trkpt>
      <trkpt lat="-33.72564" lon="150.32637">
        <ele>907</ele>
        <extensions>
          <distance>14428</distance>
        </extensions>
      </trkpt>
      <trkpt lat="-33.72562" lon="150.32646">
        <ele>907</ele>
        <extensions>
          <distance>14437</distance>
        </extensions>
      </trkpt>
      <trkpt lat="-33.72562" lon="150.3265">
        <ele>907</ele>
        <extensions>
          <distance>14440</distance>
        </extensions>
      </trkpt>
      <trkpt lat="-33.72569" lon="150.32659">
        <ele>907</ele>
        <extensions>
          <distance>14452</distance>
        </extensions>
      </trkpt>
      <trkpt lat="-33.72573" lon="150.32667">
        <ele>907</ele>
        <extensions>
          <distance>14460</distance>
        </extensions>
      </trkpt>
      <trkpt lat="-33.72577" lon="150.32672">
        <ele>905</ele>
        <extensions>
          <distance>14467</distance>
        </extensions>
      </trkpt>
      <trkpt lat="-33.72578" lon="150.32676">
        <ele>905</ele>
        <extensions>
          <distance>14471</distance>
        </extensions>
      </trkpt>
      <trkpt lat="-33.72577" lon="150.3268">
        <ele>905</ele>
        <extensions>
          <distance>14475</distance>
        </extensions>
      </trkpt>
      <trkpt lat="-33.72575" lon="150.32685">
        <ele>905</ele>
        <extensions>
          <distance>14480</distance>
        </extensions>
      </trkpt>
      <trkpt lat="-33.72568" lon="150.3269">
        <ele>907</ele>
        <extensions>
          <distance>14489</distance>
        </extensions>
      </trkpt>
      <trkpt lat="-33.72561" lon="150.32703">
        <ele>910</ele>
        <extensions>
          <distance>14503</distance>
        </extensions>
      </trkpt>
      <trkpt lat="-33.7255" lon="150.32719">
        <ele>914</ele>
        <extensions>
          <distance>14523</distance>
        </extensions>
      </trkpt>
      <trkpt lat="-33.72541" lon="150.32725">
        <ele>917</ele>
        <extensions>
          <distance>14535</distance>
        </extensions>
      </trkpt>
      <trkpt lat="-33.72535" lon="150.32736">
        <ele>920</ele>
        <extensions>
          <distance>14547</distance>
        </extensions>
      </trkpt>
      <trkpt lat="-33.72527" lon="150.32743">
        <ele>922</ele>
        <extensions>
          <distance>14558</distance>
        </extensions>
      </trkpt>
      <trkpt lat="-33.72526" lon="150.32746">
        <ele>923</ele>
        <extensions>
          <distance>14561</distance>
        </extensions>
      </trkpt>
      <trkpt lat="-33.72526" lon="150.32751">
        <ele>923</ele>
        <extensions>
          <distance>14566</distance>
        </extensions>
      </trkpt>
      <trkpt lat="-33.72536" lon="150.32762">
        <ele>923</ele>
        <extensions>
          <distance>14581</distance>
        </extensions>
      </trkpt>
      <trkpt lat="-33.7254" lon="150.32777">
        <ele>924</ele>
        <extensions>
          <distance>14596</distance>
        </extensions>
      </trkpt>
      <trkpt lat="-33.72529" lon="150.32789">
        <ele>929</ele>
        <extensions>
          <distance>14613</distance>
        </extensions>
      </trkpt>
      <trkpt lat="-33.72528" lon="150.32794">
        <ele>930</ele>
        <extensions>
          <distance>14617</distance>
        </extensions>
      </trkpt>
      <trkpt lat="-33.72531" lon="150.32801">
        <ele>930</ele>
        <extensions>
          <distance>14625</distance>
        </extensions>
      </trkpt>
      <trkpt lat="-33.72533" lon="150.32802">
        <ele>930</ele>
        <extensions>
          <distance>14627</distance>
        </extensions>
      </trkpt>
      <trkpt lat="-33.72536" lon="150.32801">
        <ele>930</ele>
        <extensions>
          <distance>14631</distance>
        </extensions>
      </trkpt>
      <trkpt lat="-33.72544" lon="150.32805">
        <ele>928</ele>
        <extensions>
          <distance>14640</distance>
        </extensions>
      </trkpt>
      <trkpt lat="-33.72549" lon="150.32805">
        <ele>926</ele>
        <extensions>
          <distance>14646</distance>
        </extensions>
      </trkpt>
      <trkpt lat="-33.72551" lon="150.32806">
        <ele>926</ele>
        <extensions>
          <distance>14648</distance>
        </extensions>
      </trkpt>
      <trkpt lat="-33.72554" lon="150.3281">
        <ele>926</ele>
        <extensions>
          <distance>14653</distance>
        </extensions>
      </trkpt>
      <trkpt lat="-33.72556" lon="150.32815">
        <ele>925</ele>
        <extensions>
          <distance>14658</distance>
        </extensions>
      </trkpt>
      <trkpt lat="-33.72566" lon="150.32814">
        <ele>925</ele>
        <extensions>
          <distance>14669</distance>
        </extensions>
      </trkpt>
      <trkpt lat="-33.72572" lon="150.32818">
        <ele>925</ele>
        <extensions>
          <distance>14677</distance>
        </extensions>
      </trkpt>
      <trkpt lat="-33.72578" lon="150.32828">
        <ele>925</ele>
        <extensions>
          <distance>14689</distance>
        </extensions>
      </trkpt>
      <trkpt lat="-33.72579" lon="150.32833">
        <ele>925</ele>
        <extensions>
          <distance>14693</distance>
        </extensions>
      </trkpt>
      <trkpt lat="-33.72574" lon="150.32847">
        <ele>929</ele>
        <extensions>
          <distance>14707</distance>
        </extensions>
      </trkpt>
      <trkpt lat="-33.7257" lon="150.32854">
        <ele>932</ele>
        <extensions>
          <distance>14716</distance>
        </extensions>
      </trkpt>
      <trkpt lat="-33.72565" lon="150.32858">
        <ele>935</ele>
        <extensions>
          <distance>14723</distance>
        </extensions>
      </trkpt>
      <trkpt lat="-33.72559" lon="150.32869">
        <ele>940</ele>
        <extensions>
          <distance>14736</distance>
        </extensions>
      </trkpt>
      <trkpt lat="-33.72556" lon="150.32885">
        <ele>940</ele>
        <extensions>
          <distance>14752</distance>
        </extensions>
      </trkpt>
      <trkpt lat="-33.72558" lon="150.32891">
        <ele>940</ele>
        <extensions>
          <distance>14758</distance>
        </extensions>
      </trkpt>
      <trkpt lat="-33.72563" lon="150.32895">
        <ele>940</ele>
        <extensions>
          <distance>14764</distance>
        </extensions>
      </trkpt>
      <trkpt lat="-33.72569" lon="150.32898">
        <ele>939</ele>
        <extensions>
          <distance>14771</distance>
        </extensions>
      </trkpt>
      <trkpt lat="-33.72571" lon="150.32898">
        <ele>934</ele>
        <extensions>
          <distance>14774</distance>
        </extensions>
      </trkpt>
      <trkpt lat="-33.7258" lon="150.32894">
        <ele>932</ele>
        <extensions>
          <distance>14785</distance>
        </extensions>
      </trkpt>
      <trkpt lat="-33.72584" lon="150.32894">
        <ele>931</ele>
        <extensions>
          <distance>14789</distance>
        </extensions>
      </trkpt>
      <trkpt lat="-33.72593" lon="150.3289">
        <ele>931</ele>
        <extensions>
          <distance>14800</distance>
        </extensions>
      </trkpt>
      <trkpt lat="-33.72598" lon="150.32891">
        <ele>931</ele>
        <extensions>
          <distance>14806</distance>
        </extensions>
      </trkpt>
      <trkpt lat="-33.726" lon="150.32895">
        <ele>931</ele>
        <extensions>
          <distance>14810</distance>
        </extensions>
      </trkpt>
      <trkpt lat="-33.72598" lon="150.32907">
        <ele>931</ele>
        <extensions>
          <distance>14821</distance>
        </extensions>
      </trkpt>
      <trkpt lat="-33.72599" lon="150.32915">
        <ele>931</ele>
        <extensions>
          <distance>14829</distance>
        </extensions>
      </trkpt>
      <trkpt lat="-33.7261" lon="150.32932">
        <ele>931</ele>
        <extensions>
          <distance>14849</distance>
        </extensions>
      </trkpt>
      <trkpt lat="-33.72614" lon="150.32951">
        <ele>933</ele>
        <extensions>
          <distance>14867</distance>
        </extensions>
      </trkpt>
      <trkpt lat="-33.72618" lon="150.32958">
        <ele>933</ele>
        <extensions>
          <distance>14875</distance>
        </extensions>
      </trkpt>
      <trkpt lat="-33.72619" lon="150.32964">
        <ele>933</ele>
        <extensions>
          <distance>14881</distance>
        </extensions>
      </trkpt>
      <trkpt lat="-33.72618" lon="150.32988">
        <ele>934</ele>
        <extensions>
          <distance>14903</distance>
        </extensions>
      </trkpt>
      <trkpt lat="-33.72617" lon="150.32996">
        <ele>934</ele>
        <extensions>
          <distance>14910</distance>
        </extensions>
      </trkpt>
      <trkpt lat="-33.72614" lon="150.33004">
        <ele>934</ele>
        <extensions>
          <distance>14918</distance>
        </extensions>
      </trkpt>
      <trkpt lat="-33.72613" lon="150.3302">
        <ele>934</ele>
        <extensions>
          <distance>14933</distance>
        </extensions>
      </trkpt>
      <trkpt lat="-33.72615" lon="150.33028">
        <ele>934</ele>
        <extensions>
          <distance>14941</distance>
        </extensions>
      </trkpt>
      <trkpt lat="-33.72619" lon="150.33035">
        <ele>933</ele>
        <extensions>
          <distance>14949</distance>
        </extensions>
      </trkpt>
      <trkpt lat="-33.72623" lon="150.33045">
        <ele>933</ele>
        <extensions>
          <distance>14959</distance>
        </extensions>
      </trkpt>
      <trkpt lat="-33.72619" lon="150.33052">
        <ele>933</ele>
        <extensions>
          <distance>14967</distance>
        </extensions>
      </trkpt>
      <trkpt lat="-33.72615" lon="150.33057">
        <ele>933</ele>
        <extensions>
          <distance>14973</distance>
        </extensions>
      </trkpt>
      <trkpt lat="-33.72613" lon="150.33062">
        <ele>933</ele>
        <extensions>
          <distance>14979</distance>
        </extensions>
      </trkpt>
      <trkpt lat="-33.726135" lon="150.33079500000002">
        <ele>934</ele>
        <extensions>
          <distance>14995</distance>
        </extensions>
      </trkpt>
      <trkpt lat="-33.72614" lon="150.33097">
        <ele>934</ele>
        <extensions>
          <distance>15011</distance>
        </extensions>
      </trkpt>
      <trkpt lat="-33.72615" lon="150.33103">
        <ele>934</ele>
        <extensions>
          <distance>15017</distance>
        </extensions>
      </trkpt>
      <trkpt lat="-33.72623" lon="150.33116">
        <ele>934</ele>
        <extensions>
          <distance>15032</distance>
        </extensions>
      </trkpt>
      <trkpt lat="-33.72632" lon="150.33123">
        <ele>934</ele>
        <extensions>
          <distance>15044</distance>
        </extensions>
      </trkpt>
      <trkpt lat="-33.72636" lon="150.33128">
        <ele>934</ele>
        <extensions>
          <distance>15050</distance>
        </extensions>
      </trkpt>
      <trkpt lat="-33.72638" lon="150.33133">
        <ele>934</ele>
        <extensions>
          <distance>15055</distance>
        </extensions>
      </trkpt>
      <trkpt lat="-33.72638" lon="150.3314">
        <ele>934</ele>
        <extensions>
          <distance>15062</distance>
        </extensions>
      </trkpt>
      <trkpt lat="-33.72637" lon="150.33142">
        <ele>934</ele>
        <extensions>
          <distance>15064</distance>
        </extensions>
      </trkpt>
      <trkpt lat="-33.72633" lon="150.33144">
        <ele>935</ele>
        <extensions>
          <distance>15069</distance>
        </extensions>
      </trkpt>
      <trkpt lat="-33.7263" lon="150.33143">
        <ele>936</ele>
        <extensions>
          <distance>15072</distance>
        </extensions>
      </trkpt>
      <trkpt lat="-33.72627" lon="150.3314">
        <ele>937</ele>
        <extensions>
          <distance>15076</distance>
        </extensions>
      </trkpt>
      <trkpt lat="-33.72619" lon="150.33135">
        <ele>938</ele>
        <extensions>
          <distance>15086</distance>
        </extensions>
      </trkpt>
      <trkpt lat="-33.72615" lon="150.33135">
        <ele>939</ele>
        <extensions>
          <distance>15091</distance>
        </extensions>
      </trkpt>
      <trkpt lat="-33.7261" lon="150.33136">
        <ele>941</ele>
        <extensions>
          <distance>15097</distance>
        </extensions>
      </trkpt>
      <trkpt lat="-33.72595" lon="150.33147">
        <ele>945</ele>
        <extensions>
          <distance>15117</distance>
        </extensions>
      </trkpt>
      <trkpt lat="-33.72582" lon="150.3316">
        <ele>946</ele>
        <extensions>
          <distance>15136</distance>
        </extensions>
      </trkpt>
      <trkpt lat="-33.72576" lon="150.33169">
        <ele>946</ele>
        <extensions>
          <distance>15146</distance>
        </extensions>
      </trkpt>
      <trkpt lat="-33.72576" lon="150.33188">
        <ele>946</ele>
        <extensions>
          <distance>15164</distance>
        </extensions>
      </trkpt>
      <trkpt lat="-33.72575" lon="150.33193">
        <ele>946</ele>
        <extensions>
          <distance>15169</distance>
        </extensions>
      </trkpt>
      <trkpt lat="-33.72577" lon="150.3321">
        <ele>945</ele>
        <extensions>
          <distance>15185</distance>
        </extensions>
      </trkpt>
      <trkpt lat="-33.72558" lon="150.33217">
        <ele>945</ele>
        <extensions>
          <distance>15207</distance>
        </extensions>
      </trkpt>
      <trkpt lat="-33.72534" lon="150.33229">
        <ele>944</ele>
        <extensions>
          <distance>15235</distance>
        </extensions>
      </trkpt>
      <trkpt lat="-33.72514" lon="150.33231">
        <ele>944</ele>
        <extensions>
          <distance>15258</distance>
        </extensions>
      </trkpt>
      <trkpt lat="-33.72505" lon="150.33233">
        <ele>944</ele>
        <extensions>
          <distance>15268</distance>
        </extensions>
      </trkpt>
      <trkpt lat="-33.725" lon="150.33237">
        <ele>944</ele>
        <extensions>
          <distance>15275</distance>
        </extensions>
      </trkpt>
      <trkpt lat="-33.72495" lon="150.33243">
        <ele>944</ele>
        <extensions>
          <distance>15282</distance>
        </extensions>
      </trkpt>
      <trkpt lat="-33.7249" lon="150.33246">
        <ele>944</ele>
        <extensions>
          <distance>15289</distance>
        </extensions>
      </trkpt>
      <trkpt lat="-33.72483" lon="150.3326">
        <ele>944</ele>
        <extensions>
          <distance>15304</distance>
        </extensions>
      </trkpt>
      <trkpt lat="-33.72466" lon="150.33267">
        <ele>944</ele>
        <extensions>
          <distance>15324</distance>
        </extensions>
      </trkpt>
      <trkpt lat="-33.72463" lon="150.33271">
        <ele>944</ele>
        <extensions>
          <distance>15329</distance>
        </extensions>
      </trkpt>
      <trkpt lat="-33.72458" lon="150.33291">
        <ele>941</ele>
        <extensions>
          <distance>15348</distance>
        </extensions>
      </trkpt>
      <trkpt lat="-33.72459" lon="150.33302">
        <ele>941</ele>
        <extensions>
          <distance>15358</distance>
        </extensions>
      </trkpt>
      <trkpt lat="-33.72454" lon="150.33321">
        <ele>937</ele>
        <extensions>
          <distance>15377</distance>
        </extensions>
      </trkpt>
      <trkpt lat="-33.72449" lon="150.3333">
        <ele>935</ele>
        <extensions>
          <distance>15387</distance>
        </extensions>
      </trkpt>
      <trkpt lat="-33.7244" lon="150.33342">
        <ele>929</ele>
        <extensions>
          <distance>15403</distance>
        </extensions>
      </trkpt>
      <trkpt lat="-33.724275000000006" lon="150.33355999999998">
        <ele>929</ele>
        <extensions>
          <distance>15422</distance>
        </extensions>
      </trkpt>
      <trkpt lat="-33.72415" lon="150.3337">
        <ele>929</ele>
        <extensions>
          <distance>15441</distance>
        </extensions>
      </trkpt>
      <trkpt lat="-33.72402" lon="150.33392">
        <ele>924</ele>
        <extensions>
          <distance>15466</distance>
        </extensions>
      </trkpt>
      <trkpt lat="-33.72401" lon="150.33395">
        <ele>919</ele>
        <extensions>
          <distance>15472</distance>
        </extensions>
      </trkpt>
      <trkpt lat="-33.72401" lon="150.33394">
        <ele>914</ele>
        <extensions>
          <distance>15477</distance>
        </extensions>
      </trkpt>
      <trkpt lat="-33.72397" lon="150.33406">
        <ele>912</ele>
        <extensions>
          <distance>15489</distance>
        </extensions>
      </trkpt>
      <trkpt lat="-33.72391" lon="150.33419">
        <ele>910</ele>
        <extensions>
          <distance>15503</distance>
        </extensions>
      </trkpt>
      <trkpt lat="-33.7239" lon="150.3343">
        <ele>909</ele>
        <extensions>
          <distance>15514</distance>
        </extensions>
      </trkpt>
      <trkpt lat="-33.72392" lon="150.33439">
        <ele>909</ele>
        <extensions>
          <distance>15522</distance>
        </extensions>
      </trkpt>
      <trkpt lat="-33.72401" lon="150.33459">
        <ele>907</ele>
        <extensions>
          <distance>15543</distance>
        </extensions>
      </trkpt>
      <trkpt lat="-33.72405" lon="150.33476">
        <ele>904</ele>
        <extensions>
          <distance>15560</distance>
        </extensions>
      </trkpt>
      <trkpt lat="-33.72411" lon="150.33482">
        <ele>903</ele>
        <extensions>
          <distance>15569</distance>
        </extensions>
      </trkpt>
      <trkpt lat="-33.72414" lon="150.33483">
        <ele>902</ele>
        <extensions>
          <distance>15572</distance>
        </extensions>
      </trkpt>
      <trkpt lat="-33.72421" lon="150.33482">
        <ele>901</ele>
        <extensions>
          <distance>15580</distance>
        </extensions>
      </trkpt>
      <trkpt lat="-33.72429" lon="150.33477">
        <ele>901</ele>
        <extensions>
          <distance>15590</distance>
        </extensions>
      </trkpt>
      <trkpt lat="-33.72432" lon="150.33473">
        <ele>901</ele>
        <extensions>
          <distance>15595</distance>
        </extensions>
      </trkpt>
      <trkpt lat="-33.72436" lon="150.33474">
        <ele>901</ele>
        <extensions>
          <distance>15600</distance>
        </extensions>
      </trkpt>
      <trkpt lat="-33.72438" lon="150.33476">
        <ele>900</ele>
        <extensions>
          <distance>15603</distance>
        </extensions>
      </trkpt>
      <trkpt lat="-33.72438" lon="150.33485">
        <ele>896</ele>
        <extensions>
          <distance>15611</distance>
        </extensions>
      </trkpt>
      <trkpt lat="-33.72431" lon="150.3349">
        <ele>896</ele>
        <extensions>
          <distance>15620</distance>
        </extensions>
      </trkpt>
      <trkpt lat="-33.72429" lon="150.33495">
        <ele>895</ele>
        <extensions>
          <distance>15626</distance>
        </extensions>
      </trkpt>
      <trkpt lat="-33.72428" lon="150.33507">
        <ele>892</ele>
        <extensions>
          <distance>15637</distance>
        </extensions>
      </trkpt>
      <trkpt lat="-33.72426" lon="150.33512">
        <ele>891</ele>
        <extensions>
          <distance>15642</distance>
        </extensions>
      </trkpt>
      <trkpt lat="-33.72421" lon="150.33515">
        <ele>890</ele>
        <extensions>
          <distance>15648</distance>
        </extensions>
      </trkpt>
      <trkpt lat="-33.72419" lon="150.33534">
        <ele>886</ele>
        <extensions>
          <distance>15667</distance>
        </extensions>
      </trkpt>
      <trkpt lat="-33.72419" lon="150.33543">
        <ele>886</ele>
        <extensions>
          <distance>15675</distance>
        </extensions>
      </trkpt>
      <trkpt lat="-33.72423" lon="150.33545">
        <ele>886</ele>
        <extensions>
          <distance>15680</distance>
        </extensions>
      </trkpt>
      <trkpt lat="-33.72425" lon="150.33547">
        <ele>886</ele>
        <extensions>
          <distance>15683</distance>
        </extensions>
      </trkpt>
      <trkpt lat="-33.7243" lon="150.33549">
        <ele>887</ele>
        <extensions>
          <distance>15689</distance>
        </extensions>
      </trkpt>
      <trkpt lat="-33.72433" lon="150.33548">
        <ele>887</ele>
        <extensions>
          <distance>15692</distance>
        </extensions>
      </trkpt>
      <trkpt lat="-33.724465" lon="150.33547499999997">
        <ele>888</ele>
        <extensions>
          <distance>15707</distance>
        </extensions>
      </trkpt>
      <trkpt lat="-33.7246" lon="150.33547">
        <ele>889</ele>
        <extensions>
          <distance>15722</distance>
        </extensions>
      </trkpt>
      <trkpt lat="-33.72477" lon="150.3355">
        <ele>889</ele>
        <extensions>
          <distance>15741</distance>
        </extensions>
      </trkpt>
      <trkpt lat="-33.7248" lon="150.33547">
        <ele>889</ele>
        <extensions>
          <distance>15746</distance>
        </extensions>
      </trkpt>
      <trkpt lat="-33.72481" lon="150.33547">
        <ele>889</ele>
        <extensions>
          <distance>15747</distance>
        </extensions>
      </trkpt>
      <trkpt lat="-33.72494" lon="150.33537">
        <ele>890</ele>
        <extensions>
          <distance>15764</distance>
        </extensions>
      </trkpt>
      <trkpt lat="-33.72504" lon="150.33533">
        <ele>890</ele>
        <extensions>
          <distance>15775</distance>
        </extensions>
      </trkpt>
      <trkpt lat="-33.72509" lon="150.33532">
        <ele>890</ele>
        <extensions>
          <distance>15781</distance>
        </extensions>
      </trkpt>
      <trkpt lat="-33.72513" lon="150.33534">
        <ele>890</ele>
        <extensions>
          <distance>15786</distance>
        </extensions>
      </trkpt>
      <trkpt lat="-33.72505" lon="150.33545">
        <ele>893</ele>
        <extensions>
          <distance>15800</distance>
        </extensions>
      </trkpt>
      <trkpt lat="-33.72507" lon="150.3355">
        <ele>895</ele>
        <extensions>
          <distance>15805</distance>
        </extensions>
      </trkpt>
      <trkpt lat="-33.72524" lon="150.33549">
        <ele>896</ele>
        <extensions>
          <distance>15824</distance>
        </extensions>
      </trkpt>
      <trkpt lat="-33.72536" lon="150.33554">
        <ele>897</ele>
        <extensions>
          <distance>15838</distance>
        </extensions>
      </trkpt>
      <trkpt lat="-33.72541" lon="150.33553">
        <ele>898</ele>
        <extensions>
          <distance>15843</distance>
        </extensions>
      </trkpt>
      <trkpt lat="-33.72545" lon="150.33555">
        <ele>898</ele>
        <extensions>
          <distance>15848</distance>
        </extensions>
      </trkpt>
      <trkpt lat="-33.7256" lon="150.33557">
        <ele>900</ele>
        <extensions>
          <distance>15865</distance>
        </extensions>
      </trkpt>
      <trkpt lat="-33.72562" lon="150.33558">
        <ele>903</ele>
        <extensions>
          <distance>15869</distance>
        </extensions>
      </trkpt>
      <trkpt lat="-33.72565" lon="150.3356">
        <ele>905</ele>
        <extensions>
          <distance>15873</distance>
        </extensions>
      </trkpt>
      <trkpt lat="-33.72576" lon="150.33571">
        <ele>910</ele>
        <extensions>
          <distance>15890</distance>
        </extensions>
      </trkpt>
      <trkpt lat="-33.72577" lon="150.33581">
        <ele>914</ele>
        <extensions>
          <distance>15900</distance>
        </extensions>
      </trkpt>
      <trkpt lat="-33.72579" lon="150.33589">
        <ele>917</ele>
        <extensions>
          <distance>15908</distance>
        </extensions>
      </trkpt>
      <trkpt lat="-33.72587" lon="150.33594">
        <ele>918</ele>
        <extensions>
          <distance>15918</distance>
        </extensions>
      </trkpt>
      <trkpt lat="-33.72599" lon="150.33593">
        <ele>918</ele>
        <extensions>
          <distance>15932</distance>
        </extensions>
      </trkpt>
      <trkpt lat="-33.72619" lon="150.33589">
        <ele>918</ele>
        <extensions>
          <distance>15954</distance>
        </extensions>
      </trkpt>
      <trkpt lat="-33.72637" lon="150.33587">
        <ele>918</ele>
        <extensions>
          <distance>15974</distance>
        </extensions>
      </trkpt>
      <trkpt lat="-33.7264" lon="150.33586">
        <ele>918</ele>
        <extensions>
          <distance>15978</distance>
        </extensions>
      </trkpt>
      <trkpt lat="-33.72655" lon="150.335845">
        <ele>918</ele>
        <extensions>
          <distance>15994</distance>
        </extensions>
      </trkpt>
      <trkpt lat="-33.7267" lon="150.33583">
        <ele>917</ele>
        <extensions>
          <distance>16011</distance>
        </extensions>
      </trkpt>
      <trkpt lat="-33.72693" lon="150.33573">
        <ele>915</ele>
        <extensions>
          <distance>16038</distance>
        </extensions>
      </trkpt>
      <trkpt lat="-33.72696" lon="150.3357">
        <ele>914</ele>
        <extensions>
          <distance>16043</distance>
        </extensions>
      </trkpt>
      <trkpt lat="-33.72699" lon="150.3357">
        <ele>914</ele>
        <extensions>
          <distance>16046</distance>
        </extensions>
      </trkpt>
      <trkpt lat="-33.7271" lon="150.33564">
        <ele>913</ele>
        <extensions>
          <distance>16059</distance>
        </extensions>
      </trkpt>
      <trkpt lat="-33.72715" lon="150.33564">
        <ele>913</ele>
        <extensions>
          <distance>16065</distance>
        </extensions>
      </trkpt>
      <trkpt lat="-33.72726" lon="150.33567">
        <ele>913</ele>
        <extensions>
          <distance>16077</distance>
        </extensions>
      </trkpt>
      <trkpt lat="-33.72727" lon="150.33568">
        <ele>913</ele>
        <extensions>
          <distance>16079</distance>
        </extensions>
      </trkpt>
      <trkpt lat="-33.72725" lon="150.33574">
        <ele>913</ele>
        <extensions>
          <distance>16085</distance>
        </extensions>
      </trkpt>
      <trkpt lat="-33.72724" lon="150.33582">
        <ele>913</ele>
        <extensions>
          <distance>16092</distance>
        </extensions>
      </trkpt>
      <trkpt lat="-33.72725" lon="150.33587">
        <ele>913</ele>
        <extensions>
          <distance>16097</distance>
        </extensions>
      </trkpt>
      <trkpt lat="-33.72727" lon="150.33591">
        <ele>913</ele>
        <extensions>
          <distance>16101</distance>
        </extensions>
      </trkpt>
      <trkpt lat="-33.72736" lon="150.336">
        <ele>911</ele>
        <extensions>
          <distance>16115</distance>
        </extensions>
      </trkpt>
      <trkpt lat="-33.72738" lon="150.33606">
        <ele>911</ele>
        <extensions>
          <distance>16121</distance>
        </extensions>
      </trkpt>
      <trkpt lat="-33.72734" lon="150.33612">
        <ele>910</ele>
        <extensions>
          <distance>16128</distance>
        </extensions>
      </trkpt>
      <trkpt lat="-33.72736" lon="150.33625">
        <ele>910</ele>
        <extensions>
          <distance>16140</distance>
        </extensions>
      </trkpt>
      <trkpt lat="-33.72739" lon="150.33631">
        <ele>909</ele>
        <extensions>
          <distance>16146</distance>
        </extensions>
      </trkpt>
      <trkpt lat="-33.72743" lon="150.33636">
        <ele>907</ele>
        <extensions>
          <distance>16153</distance>
        </extensions>
      </trkpt>
      <trkpt lat="-33.72744" lon="150.3364">
        <ele>907</ele>
        <extensions>
          <distance>16157</distance>
        </extensions>
      </trkpt>
      <trkpt lat="-33.7274" lon="150.33658">
        <ele>907</ele>
        <extensions>
          <distance>16174</distance>
        </extensions>
      </trkpt>
      <trkpt lat="-33.72744" lon="150.3367">
        <ele>904</ele>
        <extensions>
          <distance>16186</distance>
        </extensions>
      </trkpt>
      <trkpt lat="-33.72744" lon="150.33681">
        <ele>903</ele>
        <extensions>
          <distance>16196</distance>
        </extensions>
      </trkpt>
      <trkpt lat="-33.72747" lon="150.3368">
        <ele>902</ele>
        <extensions>
          <distance>16200</distance>
        </extensions>
      </trkpt>
      <trkpt lat="-33.72749" lon="150.33676">
        <ele>902</ele>
        <extensions>
          <distance>16204</distance>
        </extensions>
      </trkpt>
      <trkpt lat="-33.72754" lon="150.33653">
        <ele>901</ele>
        <extensions>
          <distance>16226</distance>
        </extensions>
      </trkpt>
      <trkpt lat="-33.72753" lon="150.33648">
        <ele>901</ele>
        <extensions>
          <distance>16231</distance>
        </extensions>
      </trkpt>
      <trkpt lat="-33.72756" lon="150.33643">
        <ele>901</ele>
        <extensions>
          <distance>16237</distance>
        </extensions>
      </trkpt>
      <trkpt lat="-33.7276" lon="150.33648">
        <ele>901</ele>
        <extensions>
          <distance>16243</distance>
        </extensions>
      </trkpt>
      <trkpt lat="-33.72762" lon="150.33646">
        <ele>900</ele>
        <extensions>
          <distance>16246</distance>
        </extensions>
      </trkpt>
      <trkpt lat="-33.72761" lon="150.33639">
        <ele>898</ele>
        <extensions>
          <distance>16253</distance>
        </extensions>
      </trkpt>
      <trkpt lat="-33.72756" lon="150.33632">
        <ele>898</ele>
        <extensions>
          <distance>16261</distance>
        </extensions>
      </trkpt>
      <trkpt lat="-33.72758" lon="150.33631">
        <ele>898</ele>
        <extensions>
          <distance>16264</distance>
        </extensions>
      </trkpt>
      <trkpt lat="-33.72762" lon="150.33635">
        <ele>898</ele>
        <extensions>
          <distance>16270</distance>
        </extensions>
      </trkpt>
      <trkpt lat="-33.72768" lon="150.33638">
        <ele>893</ele>
        <extensions>
          <distance>16277</distance>
        </extensions>
      </trkpt>
      <trkpt lat="-33.72768" lon="150.3365">
        <ele>893</ele>
        <extensions>
          <distance>16288</distance>
        </extensions>
      </trkpt>
      <trkpt lat="-33.72767" lon="150.33654">
        <ele>893</ele>
        <extensions>
          <distance>16292</distance>
        </extensions>
      </trkpt>
      <trkpt lat="-33.72767" lon="150.33659">
        <ele>893</ele>
        <extensions>
          <distance>16297</distance>
        </extensions>
      </trkpt>
      <trkpt lat="-33.72761" lon="150.33675499999998">
        <ele>893</ele>
        <extensions>
          <distance>16314</distance>
        </extensions>
      </trkpt>
      <trkpt lat="-33.72755" lon="150.33692">
        <ele>893</ele>
        <extensions>
          <distance>16330</distance>
        </extensions>
      </trkpt>
      <trkpt lat="-33.72757" lon="150.33706">
        <ele>893</ele>
        <extensions>
          <distance>16343</distance>
        </extensions>
      </trkpt>
      <trkpt lat="-33.72757" lon="150.33712">
        <ele>893</ele>
        <extensions>
          <distance>16349</distance>
        </extensions>
      </trkpt>
      <trkpt lat="-33.72752" lon="150.33732">
        <ele>893</ele>
        <extensions>
          <distance>16368</distance>
        </extensions>
      </trkpt>
      <trkpt lat="-33.72753" lon="150.3374">
        <ele>889</ele>
        <extensions>
          <distance>16376</distance>
        </extensions>
      </trkpt>
      <trkpt lat="-33.72756" lon="150.33743">
        <ele>886</ele>
        <extensions>
          <distance>16381</distance>
        </extensions>
      </trkpt>
      <trkpt lat="-33.72756" lon="150.33744">
        <ele>883</ele>
        <extensions>
          <distance>16384</distance>
        </extensions>
      </trkpt>
      <trkpt lat="-33.72765" lon="150.33746">
        <ele>881</ele>
        <extensions>
          <distance>16395</distance>
        </extensions>
      </trkpt>
      <trkpt lat="-33.72766" lon="150.3375">
        <ele>880</ele>
        <extensions>
          <distance>16399</distance>
        </extensions>
      </trkpt>
      <trkpt lat="-33.7277" lon="150.33751">
        <ele>880</ele>
        <extensions>
          <distance>16403</distance>
        </extensions>
      </trkpt>
      <trkpt lat="-33.72772" lon="150.3375">
        <ele>880</ele>
        <extensions>
          <distance>16406</distance>
        </extensions>
      </trkpt>
      <trkpt lat="-33.72778" lon="150.33754">
        <ele>878</ele>
        <extensions>
          <distance>16413</distance>
        </extensions>
      </trkpt>
      <trkpt lat="-33.72792" lon="150.33739">
        <ele>875</ele>
        <extensions>
          <distance>16434</distance>
        </extensions>
      </trkpt>
      <trkpt lat="-33.72796" lon="150.3374">
        <ele>873</ele>
        <extensions>
          <distance>16439</distance>
        </extensions>
      </trkpt>
      <trkpt lat="-33.72798" lon="150.33736">
        <ele>873</ele>
        <extensions>
          <distance>16443</distance>
        </extensions>
      </trkpt>
      <trkpt lat="-33.728" lon="150.33736">
        <ele>872</ele>
        <extensions>
          <distance>16446</distance>
        </extensions>
      </trkpt>
      <trkpt lat="-33.72801" lon="150.33737">
        <ele>872</ele>
        <extensions>
          <distance>16447</distance>
        </extensions>
      </trkpt>
      <trkpt lat="-33.72805" lon="150.33736">
        <ele>871</ele>
        <extensions>
          <distance>16452</distance>
        </extensions>
      </trkpt>
      <trkpt lat="-33.72808" lon="150.33729">
        <ele>871</ele>
        <extensions>
          <distance>16459</distance>
        </extensions>
      </trkpt>
      <trkpt lat="-33.72817" lon="150.33722">
        <ele>871</ele>
        <extensions>
          <distance>16471</distance>
        </extensions>
      </trkpt>
      <trkpt lat="-33.72823" lon="150.33728">
        <ele>871</ele>
        <extensions>
          <distance>16480</distance>
        </extensions>
      </trkpt>
      <trkpt lat="-33.72826" lon="150.33739">
        <ele>872</ele>
        <extensions>
          <distance>16491</distance>
        </extensions>
      </trkpt>
      <trkpt lat="-33.72832" lon="150.33747">
        <ele>874</ele>
        <extensions>
          <distance>16500</distance>
        </extensions>
      </trkpt>
      <trkpt lat="-33.72836" lon="150.33751">
        <ele>875</ele>
        <extensions>
          <distance>16506</distance>
        </extensions>
      </trkpt>
      <trkpt lat="-33.72838" lon="150.33751">
        <ele>875</ele>
        <extensions>
          <distance>16509</distance>
        </extensions>
      </trkpt>
      <trkpt lat="-33.72841" lon="150.33753">
        <ele>876</ele>
        <extensions>
          <distance>16512</distance>
        </extensions>
      </trkpt>
      <trkpt lat="-33.72844" lon="150.33758">
        <ele>878</ele>
        <extensions>
          <distance>16518</distance>
        </extensions>
      </trkpt>
      <trkpt lat="-33.72845" lon="150.33765">
        <ele>880</ele>
        <extensions>
          <distance>16525</distance>
        </extensions>
      </trkpt>
      <trkpt lat="-33.72848" lon="150.33767">
        <ele>881</ele>
        <extensions>
          <distance>16529</distance>
        </extensions>
      </trkpt>
      <trkpt lat="-33.72854" lon="150.33782">
        <ele>885</ele>
        <extensions>
          <distance>16545</distance>
        </extensions>
      </trkpt>
      <trkpt lat="-33.72856" lon="150.33785">
        <ele>886</ele>
        <extensions>
          <distance>16549</distance>
        </extensions>
      </trkpt>
      <trkpt lat="-33.72858" lon="150.33786">
        <ele>886</ele>
        <extensions>
          <distance>16551</distance>
        </extensions>
      </trkpt>
      <trkpt lat="-33.72867" lon="150.33805">
        <ele>889</ele>
        <extensions>
          <distance>16572</distance>
        </extensions>
      </trkpt>
      <trkpt lat="-33.72872" lon="150.3381">
        <ele>889</ele>
        <extensions>
          <distance>16579</distance>
        </extensions>
      </trkpt>
      <trkpt lat="-33.72879" lon="150.33823">
        <ele>890</ele>
        <extensions>
          <distance>16593</distance>
        </extensions>
      </trkpt>
      <trkpt lat="-33.72871" lon="150.33837">
        <ele>896</ele>
        <extensions>
          <distance>16610</distance>
        </extensions>
      </trkpt>
      <trkpt lat="-33.7287" lon="150.33841">
        <ele>897</ele>
        <extensions>
          <distance>16613</distance>
        </extensions>
      </trkpt>
      <trkpt lat="-33.72864" lon="150.33849">
        <ele>900</ele>
        <extensions>
          <distance>16624</distance>
        </extensions>
      </trkpt>
      <trkpt lat="-33.72864" lon="150.33852">
        <ele>900</ele>
        <extensions>
          <distance>16627</distance>
        </extensions>
      </trkpt>
      <trkpt lat="-33.72869" lon="150.33865">
        <ele>900</ele>
        <extensions>
          <distance>16640</distance>
        </extensions>
      </trkpt>
      <trkpt lat="-33.72868" lon="150.33868">
        <ele>900</ele>
        <extensions>
          <distance>16643</distance>
        </extensions>
      </trkpt>
      <trkpt lat="-33.72873" lon="150.33878">
        <ele>900</ele>
        <extensions>
          <distance>16654</distance>
        </extensions>
      </trkpt>
      <trkpt lat="-33.72877" lon="150.33891">
        <ele>901</ele>
        <extensions>
          <distance>16667</distance>
        </extensions>
      </trkpt>
      <trkpt lat="-33.72873" lon="150.33899">
        <ele>903</ele>
        <extensions>
          <distance>16675</distance>
        </extensions>
      </trkpt>
      <trkpt lat="-33.72871" lon="150.33907">
        <ele>904</ele>
        <extensions>
          <distance>16683</distance>
        </extensions>
      </trkpt>
      <trkpt lat="-33.72873" lon="150.33911">
        <ele>904</ele>
        <extensions>
          <distance>16687</distance>
        </extensions>
      </trkpt>
      <trkpt lat="-33.7286" lon="150.33935">
        <ele>907</ele>
        <extensions>
          <distance>16714</distance>
        </extensions>
      </trkpt>
      <trkpt lat="-33.72859" lon="150.33942">
        <ele>908</ele>
        <extensions>
          <distance>16721</distance>
        </extensions>
      </trkpt>
      <trkpt lat="-33.72863" lon="150.33949">
        <ele>908</ele>
        <extensions>
          <distance>16729</distance>
        </extensions>
      </trkpt>
      <trkpt lat="-33.72868" lon="150.33953">
        <ele>908</ele>
        <extensions>
          <distance>16735</distance>
        </extensions>
      </trkpt>
      <trkpt lat="-33.72873" lon="150.33966">
        <ele>910</ele>
        <extensions>
          <distance>16749</distance>
        </extensions>
      </trkpt>
      <trkpt lat="-33.72877" lon="150.33966">
        <ele>910</ele>
        <extensions>
          <distance>16753</distance>
        </extensions>
      </trkpt>
      <trkpt lat="-33.728965" lon="150.33963">
        <ele>911</ele>
        <extensions>
          <distance>16775</distance>
        </extensions>
      </trkpt>
      <trkpt lat="-33.72916" lon="150.3396">
        <ele>912</ele>
        <extensions>
          <distance>16797</distance>
        </extensions>
      </trkpt>
      <trkpt lat="-33.72921" lon="150.33964">
        <ele>912</ele>
        <extensions>
          <distance>16803</distance>
        </extensions>
      </trkpt>
      <trkpt lat="-33.72923" lon="150.33969">
        <ele>912</ele>
        <extensions>
          <distance>16809</distance>
        </extensions>
      </trkpt>
      <trkpt lat="-33.72926625" lon="150.33995875">
        <ele>913</ele>
        <extensions>
          <distance>16834</distance>
        </extensions>
      </trkpt>
      <trkpt lat="-33.7293025" lon="150.34022749999997">
        <ele>914</ele>
        <extensions>
          <distance>16859</distance>
        </extensions>
      </trkpt>
      <trkpt lat="-33.729338750000004" lon="150.34049624999997">
        <ele>915</ele>
        <extensions>
          <distance>16884</distance>
        </extensions>
      </trkpt>
      <trkpt lat="-33.729375000000005" lon="150.34076499999998">
        <ele>916</ele>
        <extensions>
          <distance>16910</distance>
        </extensions>
      </trkpt>
      <trkpt lat="-33.729411250000005" lon="150.34103374999998">
        <ele>917</ele>
        <extensions>
          <distance>16935</distance>
        </extensions>
      </trkpt>
      <trkpt lat="-33.729447500000006" lon="150.34130249999998">
        <ele>918</ele>
        <extensions>
          <distance>16960</distance>
        </extensions>
      </trkpt>
      <trkpt lat="-33.72948375" lon="150.34157125">
        <ele>919</ele>
        <extensions>
          <distance>16985</distance>
        </extensions>
      </trkpt>
      <trkpt lat="-33.72952" lon="150.34184">
        <ele>920</ele>
        <extensions>
          <distance>17011</distance>
        </extensions>
      </trkpt>
      <trkpt lat="-33.729569999999995" lon="150.342155">
        <ele>921.5</ele>
        <extensions>
          <distance>17040</distance>
        </extensions>
      </trkpt>
      <trkpt lat="-33.72962" lon="150.34247">
        <ele>922</ele>
        <extensions>
          <distance>17070</distance>
        </extensions>
      </trkpt>
      <trkpt lat="-33.72964" lon="150.34256">
        <ele>923</ele>
        <extensions>
          <distance>17079</distance>
        </extensions>
      </trkpt>
      <trkpt lat="-33.72969" lon="150.34264">
        <ele>923</ele>
        <extensions>
          <distance>17088</distance>
        </extensions>
      </trkpt>
      <trkpt lat="-33.7296025" lon="150.3427825">
        <ele>923</ele>
        <extensions>
          <distance>17104</distance>
        </extensions>
      </trkpt>
      <trkpt lat="-33.729515" lon="150.34292499999998">
        <ele>924</ele>
        <extensions>
          <distance>17121</distance>
        </extensions>
      </trkpt>
      <trkpt lat="-33.7294275" lon="150.3430675">
        <ele>924</ele>
        <extensions>
          <distance>17137</distance>
        </extensions>
      </trkpt>
      <trkpt lat="-33.72934" lon="150.34321">
        <ele>924</ele>
        <extensions>
          <distance>17153</distance>
        </extensions>
      </trkpt>
      <trkpt lat="-33.729254999999995" lon="150.3433425">
        <ele>924</ele>
        <extensions>
          <distance>17169</distance>
        </extensions>
      </trkpt>
      <trkpt lat="-33.729169999999996" lon="150.343475">
        <ele>924</ele>
        <extensions>
          <distance>17184</distance>
        </extensions>
      </trkpt>
      <trkpt lat="-33.729085" lon="150.34360750000002">
        <ele>924</ele>
        <extensions>
          <distance>17200</distance>
        </extensions>
      </trkpt>
      <trkpt lat="-33.729" lon="150.34374">
        <ele>920</ele>
        <extensions>
          <distance>17215</distance>
        </extensions>
      </trkpt>
      <trkpt lat="-33.728880000000004" lon="150.343905">
        <ele>920</ele>
        <extensions>
          <distance>17236</distance>
        </extensions>
      </trkpt>
      <trkpt lat="-33.72876" lon="150.34407">
        <ele>920</ele>
        <extensions>
          <distance>17256</distance>
        </extensions>
      </trkpt>
      <trkpt lat="-33.7287" lon="150.34414">
        <ele>920</ele>
        <extensions>
          <distance>17265</distance>
        </extensions>
      </trkpt>
      <trkpt lat="-33.7286" lon="150.34423">
        <ele>920</ele>
        <extensions>
          <distance>17279</distance>
        </extensions>
      </trkpt>
      <trkpt lat="-33.72846" lon="150.34433">
        <ele>924</ele>
        <extensions>
          <distance>17297</distance>
        </extensions>
      </trkpt>
      <trkpt lat="-33.72832" lon="150.34443">
        <ele>928</ele>
        <extensions>
          <distance>17315</distance>
        </extensions>
      </trkpt>
      <trkpt lat="-33.728117499999996" lon="150.34456749999998">
        <ele>929.25</ele>
        <extensions>
          <distance>17341</distance>
        </extensions>
      </trkpt>
      <trkpt lat="-33.727914999999996" lon="150.34470499999998">
        <ele>930.5</ele>
        <extensions>
          <distance>17367</distance>
        </extensions>
      </trkpt>
      <trkpt lat="-33.727712499999996" lon="150.34484249999997">
        <ele>931.75</ele>
        <extensions>
          <distance>17393</distance>
        </extensions>
      </trkpt>
      <trkpt lat="-33.72751" lon="150.34498">
        <ele>932</ele>
        <extensions>
          <distance>17419</distance>
        </extensions>
      </trkpt>
      <trkpt lat="-33.72732" lon="150.3451">
        <ele>932</ele>
        <extensions>
          <distance>17443</distance>
        </extensions>
      </trkpt>
      <trkpt lat="-33.7271" lon="150.345255">
        <ele>932</ele>
        <extensions>
          <distance>17471</distance>
        </extensions>
      </trkpt>
      <trkpt lat="-33.72688" lon="150.34541">
        <ele>932</ele>
        <extensions>
          <distance>17499</distance>
        </extensions>
      </trkpt>
      <trkpt lat="-33.7267075" lon="150.3455225">
        <ele>931</ele>
        <extensions>
          <distance>17521</distance>
        </extensions>
      </trkpt>
      <trkpt lat="-33.726535" lon="150.345635">
        <ele>931</ele>
        <extensions>
          <distance>17543</distance>
        </extensions>
      </trkpt>
      <trkpt lat="-33.7263625" lon="150.3457475">
        <ele>931</ele>
        <extensions>
          <distance>17565</distance>
        </extensions>
      </trkpt>
      <trkpt lat="-33.72619" lon="150.34586">
        <ele>931</ele>
        <extensions>
          <distance>17586</distance>
        </extensions>
      </trkpt>
      <trkpt lat="-33.72604" lon="150.34593">
        <ele>932</ele>
        <extensions>
          <distance>17604</distance>
        </extensions>
      </trkpt>
      <trkpt lat="-33.72586" lon="150.345965">
        <ele>937.5</ele>
        <extensions>
          <distance>17625</distance>
        </extensions>
      </trkpt>
      <trkpt lat="-33.72568" lon="150.346">
        <ele>943</ele>
        <extensions>
          <distance>17645</distance>
        </extensions>
      </trkpt>
      <trkpt lat="-33.7255" lon="150.346">
        <ele>944.875</ele>
        <extensions>
          <distance>17665</distance>
        </extensions>
      </trkpt>
      <trkpt lat="-33.725359999999995" lon="150.34594375">
        <ele>944.875</ele>
        <extensions>
          <distance>17682</distance>
        </extensions>
      </trkpt>
      <trkpt lat="-33.72521999999999" lon="150.3458875">
        <ele>944.875</ele>
        <extensions>
          <distance>17698</distance>
        </extensions>
      </trkpt>
      <trkpt lat="-33.72507999999999" lon="150.34583125">
        <ele>944.875</ele>
        <extensions>
          <distance>17715</distance>
        </extensions>
      </trkpt>
      <trkpt lat="-33.72494" lon="150.345775">
        <ele>944.5</ele>
        <extensions>
          <distance>17731</distance>
        </extensions>
      </trkpt>
      <trkpt lat="-33.7248" lon="150.34571875">
        <ele>944.125</ele>
        <extensions>
          <distance>17747</distance>
        </extensions>
      </trkpt>
      <trkpt lat="-33.72466" lon="150.3456625">
        <ele>943.75</ele>
        <extensions>
          <distance>17764</distance>
        </extensions>
      </trkpt>
      <trkpt lat="-33.72452" lon="150.34560625">
        <ele>943.75</ele>
        <extensions>
          <distance>17780</distance>
        </extensions>
      </trkpt>
      <trkpt lat="-33.72438" lon="150.34555">
        <ele>943.375</ele>
        <extensions>
          <distance>17797</distance>
        </extensions>
      </trkpt>
      <trkpt lat="-33.724185" lon="150.34553">
        <ele>943</ele>
        <extensions>
          <distance>17818</distance>
        </extensions>
      </trkpt>
      <trkpt lat="-33.72399" lon="150.34551">
        <ele>943</ele>
        <extensions>
          <distance>17840</distance>
        </extensions>
      </trkpt>
      <trkpt lat="-33.72373" lon="150.34558">
        <ele>942</ele>
        <extensions>
          <distance>17869</distance>
        </extensions>
      </trkpt>
      <trkpt lat="-33.72363" lon="150.34567">
        <ele>942</ele>
        <extensions>
          <distance>17883</distance>
        </extensions>
      </trkpt>
      <trkpt lat="-33.7235" lon="150.34583500000002">
        <ele>942</ele>
        <extensions>
          <distance>17904</distance>
        </extensions>
      </trkpt>
      <trkpt lat="-33.72337" lon="150.346">
        <ele>943</ele>
        <extensions>
          <distance>17925</distance>
        </extensions>
      </trkpt>
      <trkpt lat="-33.72329" lon="150.34608">
        <ele>943</ele>
        <extensions>
          <distance>17937</distance>
        </extensions>
      </trkpt>
      <trkpt lat="-33.72333" lon="150.34626">
        <ele>943</ele>
        <extensions>
          <distance>17954</distance>
        </extensions>
      </trkpt>
      <trkpt lat="-33.72314" lon="150.34646">
        <ele>943</ele>
        <extensions>
          <distance>17982</distance>
        </extensions>
      </trkpt>
      <trkpt lat="-33.72304" lon="150.3465">
        <ele>943</ele>
        <extensions>
          <distance>17994</distance>
        </extensions>
      </trkpt>
      <trkpt lat="-33.722854999999996" lon="150.34654">
        <ele>942</ele>
        <extensions>
          <distance>18015</distance>
        </extensions>
      </trkpt>
      <trkpt lat="-33.72267" lon="150.34658">
        <ele>942</ele>
        <extensions>
          <distance>18036</distance>
        </extensions>
      </trkpt>
      <trkpt lat="-33.72249" lon="150.34664">
        <ele>942</ele>
        <extensions>
          <distance>18056</distance>
        </extensions>
      </trkpt>
      <trkpt lat="-33.72252" lon="150.34693">
        <ele>942</ele>
        <extensions>
          <distance>18083</distance>
        </extensions>
      </trkpt>
      <trkpt lat="-33.72243" lon="150.3471">
        <ele>940</ele>
        <extensions>
          <distance>18102</distance>
        </extensions>
      </trkpt>
      <trkpt lat="-33.72234" lon="150.34727">
        <ele>938</ele>
        <extensions>
          <distance>18121</distance>
        </extensions>
      </trkpt>
      <trkpt lat="-33.7222275" lon="150.3474475">
        <ele>936</ele>
        <extensions>
          <distance>18142</distance>
        </extensions>
      </trkpt>
      <trkpt lat="-33.722115" lon="150.347625">
        <ele>934</ele>
        <extensions>
          <distance>18162</distance>
        </extensions>
      </trkpt>
      <trkpt lat="-33.7220025" lon="150.3478025">
        <ele>932</ele>
        <extensions>
          <distance>18183</distance>
        </extensions>
      </trkpt>
      <trkpt lat="-33.72189" lon="150.34798">
        <ele>930</ele>
        <extensions>
          <distance>18204</distance>
        </extensions>
      </trkpt>
      <trkpt lat="-33.72194" lon="150.34808">
        <ele>929</ele>
        <extensions>
          <distance>18215</distance>
        </extensions>
      </trkpt>
      <trkpt lat="-33.72205" lon="150.34819">
        <ele>927</ele>
        <extensions>
          <distance>18231</distance>
        </extensions>
      </trkpt>
      <trkpt lat="-33.722015" lon="150.34834999999998">
        <ele>927</ele>
        <extensions>
          <distance>18246</distance>
        </extensions>
      </trkpt>
      <trkpt lat="-33.72198" lon="150.34851">
        <ele>926</ele>
        <extensions>
          <distance>18261</distance>
        </extensions>
      </trkpt>
      <trkpt lat="-33.72198" lon="150.34858">
        <ele>926</ele>
        <extensions>
          <distance>18268</distance>
        </extensions>
      </trkpt>
      <trkpt lat="-33.72201" lon="150.34871">
        <ele>926</ele>
        <extensions>
          <distance>18280</distance>
        </extensions>
      </trkpt>
      <trkpt lat="-33.72204" lon="150.34877">
        <ele>925</ele>
        <extensions>
          <distance>18287</distance>
        </extensions>
      </trkpt>
      <trkpt lat="-33.72219" lon="150.34896">
        <ele>924</ele>
        <extensions>
          <distance>18311</distance>
        </extensions>
      </trkpt>
      <trkpt lat="-33.72232" lon="150.34919">
        <ele>923</ele>
        <extensions>
          <distance>18337</distance>
        </extensions>
      </trkpt>
      <trkpt lat="-33.72225" lon="150.34926">
        <ele>923</ele>
        <extensions>
          <distance>18347</distance>
        </extensions>
      </trkpt>
      <trkpt lat="-33.72227" lon="150.34929">
        <ele>923</ele>
        <extensions>
          <distance>18351</distance>
        </extensions>
      </trkpt>
      <trkpt lat="-33.72234" lon="150.34923">
        <ele>922</ele>
        <extensions>
          <distance>18360</distance>
        </extensions>
      </trkpt>
      <trkpt lat="-33.72246" lon="150.34936">
        <ele>919</ele>
        <extensions>
          <distance>18378</distance>
        </extensions>
      </trkpt>
      <trkpt lat="-33.722615" lon="150.34948500000002">
        <ele>917</ele>
        <extensions>
          <distance>18399</distance>
        </extensions>
      </trkpt>
      <trkpt lat="-33.72277" lon="150.34961">
        <ele>915</ele>
        <extensions>
          <distance>18420</distance>
        </extensions>
      </trkpt>
      <trkpt lat="-33.72282" lon="150.3497">
        <ele>914</ele>
        <extensions>
          <distance>18430</distance>
        </extensions>
      </trkpt>
      <trkpt lat="-33.72284" lon="150.34986">
        <ele>914</ele>
        <extensions>
          <distance>18445</distance>
        </extensions>
      </trkpt>
      <trkpt lat="-33.72289" lon="150.35012">
        <ele>913</ele>
        <extensions>
          <distance>18470</distance>
        </extensions>
      </trkpt>
      <trkpt lat="-33.72287" lon="150.35038">
        <ele>913</ele>
        <extensions>
          <distance>18494</distance>
        </extensions>
      </trkpt>
      <trkpt lat="-33.72289" lon="150.3505">
        <ele>913</ele>
        <extensions>
          <distance>18505</distance>
        </extensions>
      </trkpt>
      <trkpt lat="-33.72293" lon="150.35059">
        <ele>913</ele>
        <extensions>
          <distance>18515</distance>
        </extensions>
      </trkpt>
      <trkpt lat="-33.7230325" lon="150.3507525">
        <ele>913</ele>
        <extensions>
          <distance>18534</distance>
        </extensions>
      </trkpt>
      <trkpt lat="-33.723135" lon="150.350915">
        <ele>913</ele>
        <extensions>
          <distance>18552</distance>
        </extensions>
      </trkpt>
      <trkpt lat="-33.723237499999996" lon="150.35107749999997">
        <ele>913</ele>
        <extensions>
          <distance>18571</distance>
        </extensions>
      </trkpt>
      <trkpt lat="-33.72334" lon="150.35124">
        <ele>913</ele>
        <extensions>
          <distance>18590</distance>
        </extensions>
      </trkpt>
      <trkpt lat="-33.72342" lon="150.35141">
        <ele>912</ele>
        <extensions>
          <distance>18608</distance>
        </extensions>
      </trkpt>
      <trkpt lat="-33.72344" lon="150.35159">
        <ele>908</ele>
        <extensions>
          <distance>18626</distance>
        </extensions>
      </trkpt>
      <trkpt lat="-33.72331" lon="150.35182">
        <ele>907</ele>
        <extensions>
          <distance>18651</distance>
        </extensions>
      </trkpt>
      <trkpt lat="-33.723205" lon="150.35194">
        <ele>907</ele>
        <extensions>
          <distance>18667</distance>
        </extensions>
      </trkpt>
      <trkpt lat="-33.7231" lon="150.35206">
        <ele>905</ele>
        <extensions>
          <distance>18684</distance>
        </extensions>
      </trkpt>
      <trkpt lat="-33.72304" lon="150.35227">
        <ele>904</ele>
        <extensions>
          <distance>18704</distance>
        </extensions>
      </trkpt>
      <trkpt lat="-33.72301" lon="150.35255">
        <ele>904</ele>
        <extensions>
          <distance>18730</distance>
        </extensions>
      </trkpt>
      <trkpt lat="-33.7231" lon="150.35285">
        <ele>904</ele>
        <extensions>
          <distance>18760</distance>
        </extensions>
      </trkpt>
      <trkpt lat="-33.72319" lon="150.35297">
        <ele>902</ele>
        <extensions>
          <distance>18775</distance>
        </extensions>
      </trkpt>
      <trkpt lat="-33.7233025" lon="150.35314">
        <ele>900.5</ele>
        <extensions>
          <distance>18795</distance>
        </extensions>
      </trkpt>
      <trkpt lat="-33.723415" lon="150.35331">
        <ele>899</ele>
        <extensions>
          <distance>18815</distance>
        </extensions>
      </trkpt>
      <trkpt lat="-33.7235275" lon="150.35348">
        <ele>897.5</ele>
        <extensions>
          <distance>18835</distance>
        </extensions>
      </trkpt>
      <trkpt lat="-33.72364" lon="150.35365">
        <ele>897.5</ele>
        <extensions>
          <distance>18855</distance>
        </extensions>
      </trkpt>
      <trkpt lat="-33.72379" lon="150.35381">
        <ele>897.5</ele>
        <extensions>
          <distance>18878</distance>
        </extensions>
      </trkpt>
      <trkpt lat="-33.72394" lon="150.35397">
        <ele>897.5</ele>
        <extensions>
          <distance>18900</distance>
        </extensions>
      </trkpt>
      <trkpt lat="-33.724025" lon="150.35412000000002">
        <ele>899</ele>
        <extensions>
          <distance>18917</distance>
        </extensions>
      </trkpt>
      <trkpt lat="-33.72411" lon="150.35427">
        <ele>899</ele>
        <extensions>
          <distance>18933</distance>
        </extensions>
      </trkpt>
      <trkpt lat="-33.7241" lon="150.354455">
        <ele>899</ele>
        <extensions>
          <distance>18951</distance>
        </extensions>
      </trkpt>
      <trkpt lat="-33.72409" lon="150.35464">
        <ele>899</ele>
        <extensions>
          <distance>18968</distance>
        </extensions>
      </trkpt>
      <trkpt lat="-33.72394" lon="150.35482">
        <ele>896</ele>
        <extensions>
          <distance>18991</distance>
        </extensions>
      </trkpt>
      <trkpt lat="-33.72383" lon="150.35504">
        <ele>896</ele>
        <extensions>
          <distance>19015</distance>
        </extensions>
      </trkpt>
      <trkpt lat="-33.72383" lon="150.35526">
        <ele>896</ele>
        <extensions>
          <distance>19036</distance>
        </extensions>
      </trkpt>
      <trkpt lat="-33.723855" lon="150.355435">
        <ele>896</ele>
        <extensions>
          <distance>19052</distance>
        </extensions>
      </trkpt>
      <trkpt lat="-33.72388" lon="150.35561">
        <ele>896</ele>
        <extensions>
          <distance>19069</distance>
        </extensions>
      </trkpt>
      <trkpt lat="-33.72395" lon="150.35569">
        <ele>896</ele>
        <extensions>
          <distance>19079</distance>
        </extensions>
      </trkpt>
      <trkpt lat="-33.724" lon="150.35583">
        <ele>896</ele>
        <extensions>
          <distance>19093</distance>
        </extensions>
      </trkpt>
      <trkpt lat="-33.72405" lon="150.35602">
        <ele>894</ele>
        <extensions>
          <distance>19112</distance>
        </extensions>
      </trkpt>
      <trkpt lat="-33.72413" lon="150.3561">
        <ele>892.5</ele>
        <extensions>
          <distance>19123</distance>
        </extensions>
      </trkpt>
      <trkpt lat="-33.72418" lon="150.35633">
        <ele>892.5</ele>
        <extensions>
          <distance>19145</distance>
        </extensions>
      </trkpt>
      <trkpt lat="-33.72424" lon="150.35641">
        <ele>892</ele>
        <extensions>
          <distance>19155</distance>
        </extensions>
      </trkpt>
      <trkpt lat="-33.72435" lon="150.356535">
        <ele>892</ele>
        <extensions>
          <distance>19172</distance>
        </extensions>
      </trkpt>
      <trkpt lat="-33.72446" lon="150.35666">
        <ele>892</ele>
        <extensions>
          <distance>19189</distance>
        </extensions>
      </trkpt>
      <trkpt lat="-33.72454" lon="150.35684">
        <ele>892</ele>
        <extensions>
          <distance>19208</distance>
        </extensions>
      </trkpt>
      <trkpt lat="-33.72454" lon="150.35688">
        <ele>891</ele>
        <extensions>
          <distance>19212</distance>
        </extensions>
      </trkpt>
      <trkpt lat="-33.72457" lon="150.35708">
        <ele>891</ele>
        <extensions>
          <distance>19231</distance>
        </extensions>
      </trkpt>
      <trkpt lat="-33.7246" lon="150.35728">
        <ele>891</ele>
        <extensions>
          <distance>19249</distance>
        </extensions>
      </trkpt>
      <trkpt lat="-33.7246" lon="150.35733">
        <ele>891</ele>
        <extensions>
          <distance>19254</distance>
        </extensions>
      </trkpt>
      <trkpt lat="-33.72458" lon="150.35741">
        <ele>891</ele>
        <extensions>
          <distance>19262</distance>
        </extensions>
      </trkpt>
      <trkpt lat="-33.72454" lon="150.35749">
        <ele>892</ele>
        <extensions>
          <distance>19270</distance>
        </extensions>
      </trkpt>
      <trkpt lat="-33.72449" lon="150.35754">
        <ele>892</ele>
        <extensions>
          <distance>19278</distance>
        </extensions>
      </trkpt>
      <trkpt lat="-33.7244" lon="150.35754">
        <ele>893</ele>
        <extensions>
          <distance>19288</distance>
        </extensions>
      </trkpt>
      <trkpt lat="-33.72433" lon="150.35752">
        <ele>893</ele>
        <extensions>
          <distance>19296</distance>
        </extensions>
      </trkpt>
      <trkpt lat="-33.72417" lon="150.35745500000002">
        <ele>893</ele>
        <extensions>
          <distance>19314</distance>
        </extensions>
      </trkpt>
      <trkpt lat="-33.72401" lon="150.35739">
        <ele>893</ele>
        <extensions>
          <distance>19333</distance>
        </extensions>
      </trkpt>
      <trkpt lat="-33.72394" lon="150.35737">
        <ele>892</ele>
        <extensions>
          <distance>19341</distance>
        </extensions>
      </trkpt>
      <trkpt lat="-33.72386" lon="150.35736">
        <ele>890</ele>
        <extensions>
          <distance>19350</distance>
        </extensions>
      </trkpt>
      <trkpt lat="-33.72375" lon="150.35736">
        <ele>887</ele>
        <extensions>
          <distance>19362</distance>
        </extensions>
      </trkpt>
      <trkpt lat="-33.723575" lon="150.35737749999998">
        <ele>884</ele>
        <extensions>
          <distance>19382</distance>
        </extensions>
      </trkpt>
      <trkpt lat="-33.7234" lon="150.357395">
        <ele>881</ele>
        <extensions>
          <distance>19402</distance>
        </extensions>
      </trkpt>
      <trkpt lat="-33.723225" lon="150.3574125">
        <ele>878</ele>
        <extensions>
          <distance>19421</distance>
        </extensions>
      </trkpt>
      <trkpt lat="-33.72305" lon="150.35743">
        <ele>875</ele>
        <extensions>
          <distance>19441</distance>
        </extensions>
      </trkpt>
      <trkpt lat="-33.72294" lon="150.35743">
        <ele>873</ele>
        <extensions>
          <distance>19453</distance>
        </extensions>
      </trkpt>
      <trkpt lat="-33.72284" lon="150.35739">
        <ele>873</ele>
        <extensions>
          <distance>19465</distance>
        </extensions>
      </trkpt>
      <trkpt lat="-33.72282" lon="150.35739">
        <ele>873</ele>
        <extensions>
          <distance>19467</distance>
        </extensions>
      </trkpt>
      <trkpt lat="-33.72269" lon="150.35745">
        <ele>870</ele>
        <extensions>
          <distance>19483</distance>
        </extensions>
      </trkpt>
      <trkpt lat="-33.72251" lon="150.35749">
        <ele>868</ele>
        <extensions>
          <distance>19503</distance>
        </extensions>
      </trkpt>
      <trkpt lat="-33.722364999999996" lon="150.357495">
        <ele>867</ele>
        <extensions>
          <distance>19519</distance>
        </extensions>
      </trkpt>
      <trkpt lat="-33.72222" lon="150.3575">
        <ele>866</ele>
        <extensions>
          <distance>19536</distance>
        </extensions>
      </trkpt>
      <trkpt lat="-33.72206" lon="150.35753">
        <ele>863</ele>
        <extensions>
          <distance>19554</distance>
        </extensions>
      </trkpt>
      <trkpt lat="-33.72199" lon="150.35752">
        <ele>863</ele>
        <extensions>
          <distance>19562</distance>
        </extensions>
      </trkpt>
      <trkpt lat="-33.721835" lon="150.35752">
        <ele>862</ele>
        <extensions>
          <distance>19579</distance>
        </extensions>
      </trkpt>
      <trkpt lat="-33.72168" lon="150.35752">
        <ele>862</ele>
        <extensions>
          <distance>19596</distance>
        </extensions>
      </trkpt>
      <trkpt lat="-33.72157" lon="150.35749">
        <ele>862</ele>
        <extensions>
          <distance>19608</distance>
        </extensions>
      </trkpt>
      <trkpt lat="-33.7215" lon="150.35746">
        <ele>862</ele>
        <extensions>
          <distance>19617</distance>
        </extensions>
      </trkpt>
      <trkpt lat="-33.72131" lon="150.35735">
        <ele>864</ele>
        <extensions>
          <distance>19640</distance>
        </extensions>
      </trkpt>
      <trkpt lat="-33.72116" lon="150.3574">
        <ele>864</ele>
        <extensions>
          <distance>19657</distance>
        </extensions>
      </trkpt>
      <trkpt lat="-33.72108" lon="150.35741">
        <ele>864</ele>
        <extensions>
          <distance>19666</distance>
        </extensions>
      </trkpt>
      <trkpt lat="-33.721" lon="150.35747">
        <ele>864</ele>
        <extensions>
          <distance>19677</distance>
        </extensions>
      </trkpt>
      <trkpt lat="-33.72082" lon="150.35763">
        <ele>860.5</ele>
        <extensions>
          <distance>19702</distance>
        </extensions>
      </trkpt>
      <trkpt lat="-33.72078" lon="150.35763">
        <ele>860.5</ele>
        <extensions>
          <distance>19706</distance>
        </extensions>
      </trkpt>
      <trkpt lat="-33.72072" lon="150.35761">
        <ele>860</ele>
        <extensions>
          <distance>19713</distance>
        </extensions>
      </trkpt>
      <trkpt lat="-33.720545" lon="150.35753">
        <ele>860</ele>
        <extensions>
          <distance>19734</distance>
        </extensions>
      </trkpt>
      <trkpt lat="-33.72037" lon="150.35745">
        <ele>860</ele>
        <extensions>
          <distance>19755</distance>
        </extensions>
      </trkpt>
      <trkpt lat="-33.72023" lon="150.35742">
        <ele>857</ele>
        <extensions>
          <distance>19770</distance>
        </extensions>
      </trkpt>
      <trkpt lat="-33.720034999999996" lon="150.35733499999998">
        <ele>856</ele>
        <extensions>
          <distance>19793</distance>
        </extensions>
      </trkpt>
      <trkpt lat="-33.71984" lon="150.35725">
        <ele>842</ele>
        <extensions>
          <distance>19819</distance>
        </extensions>
      </trkpt>
      <trkpt lat="-33.71965" lon="150.35714">
        <ele>836</ele>
        <extensions>
          <distance>19843</distance>
        </extensions>
      </trkpt>
      <trkpt lat="-33.71948" lon="150.35699">
        <ele>832</ele>
        <extensions>
          <distance>19867</distance>
        </extensions>
      </trkpt>
      <trkpt lat="-33.71943" lon="150.35693">
        <ele>832</ele>
        <extensions>
          <distance>19875</distance>
        </extensions>
      </trkpt>
      <trkpt lat="-33.71936" lon="150.35681">
        <ele>831</ele>
        <extensions>
          <distance>19888</distance>
        </extensions>
      </trkpt>
      <trkpt lat="-33.71934" lon="150.3568">
        <ele>830</ele>
        <extensions>
          <distance>19891</distance>
        </extensions>
      </trkpt>
      <trkpt lat="-33.7193" lon="150.35681">
        <ele>828</ele>
        <extensions>
          <distance>19895</distance>
        </extensions>
      </trkpt>
      <trkpt lat="-33.7193" lon="150.35685">
        <ele>827</ele>
        <extensions>
          <distance>19899</distance>
        </extensions>
      </trkpt>
      <trkpt lat="-33.71923" lon="150.35695">
        <ele>822</ele>
        <extensions>
          <distance>19912</distance>
        </extensions>
      </trkpt>
      <trkpt lat="-33.71913" lon="150.35716">
        <ele>816</ele>
        <extensions>
          <distance>19935</distance>
        </extensions>
      </trkpt>
      <trkpt lat="-33.71912" lon="150.35729">
        <ele>813</ele>
        <extensions>
          <distance>19948</distance>
        </extensions>
      </trkpt>
      <trkpt lat="-33.71917" lon="150.35743">
        <ele>813</ele>
        <extensions>
          <distance>19962</distance>
        </extensions>
      </trkpt>
      <trkpt lat="-33.71921" lon="150.35748">
        <ele>813</ele>
        <extensions>
          <distance>19968</distance>
        </extensions>
      </trkpt>
      <trkpt lat="-33.71938" lon="150.35753">
        <ele>813</ele>
        <extensions>
          <distance>19988</distance>
        </extensions>
      </trkpt>
      <trkpt lat="-33.71947" lon="150.35754">
        <ele>815</ele>
        <extensions>
          <distance>19998</distance>
        </extensions>
      </trkpt>
      <trkpt lat="-33.71956" lon="150.35762">
        <ele>816</ele>
        <extensions>
          <distance>20010</distance>
        </extensions>
      </trkpt>
      <trkpt lat="-33.71957" lon="150.35764">
        <ele>816</ele>
        <extensions>
          <distance>20013</distance>
        </extensions>
      </trkpt>
      <trkpt lat="-33.71961" lon="150.35774">
        <ele>816</ele>
        <extensions>
          <distance>20023</distance>
        </extensions>
      </trkpt>
      <trkpt lat="-33.7196" lon="150.35775">
        <ele>816</ele>
        <extensions>
          <distance>20024</distance>
        </extensions>
      </trkpt>
      <trkpt lat="-33.71958" lon="150.35775">
        <ele>815</ele>
        <extensions>
          <distance>20027</distance>
        </extensions>
      </trkpt>
      <trkpt lat="-33.71953" lon="150.3577">
        <ele>814</ele>
        <extensions>
          <distance>20034</distance>
        </extensions>
      </trkpt>
      <trkpt lat="-33.71946" lon="150.35769">
        <ele>812</ele>
        <extensions>
          <distance>20042</distance>
        </extensions>
      </trkpt>
      <trkpt lat="-33.71941" lon="150.35771">
        <ele>810</ele>
        <extensions>
          <distance>20048</distance>
        </extensions>
      </trkpt>
      <trkpt lat="-33.71937" lon="150.35775">
        <ele>810</ele>
        <extensions>
          <distance>20053</distance>
        </extensions>
      </trkpt>
      <trkpt lat="-33.71938" lon="150.35778">
        <ele>810</ele>
        <extensions>
          <distance>20056</distance>
        </extensions>
      </trkpt>
      <trkpt lat="-33.71946" lon="150.3578">
        <ele>810</ele>
        <extensions>
          <distance>20066</distance>
        </extensions>
      </trkpt>
      <trkpt lat="-33.7195" lon="150.35785">
        <ele>811</ele>
        <extensions>
          <distance>20072</distance>
        </extensions>
      </trkpt>
      <trkpt lat="-33.71955" lon="150.35794">
        <ele>811</ele>
        <extensions>
          <distance>20082</distance>
        </extensions>
      </trkpt>
      <trkpt lat="-33.71959" lon="150.3581">
        <ele>811</ele>
        <extensions>
          <distance>20097</distance>
        </extensions>
      </trkpt>
      <trkpt lat="-33.71955" lon="150.35819">
        <ele>811</ele>
        <extensions>
          <distance>20107</distance>
        </extensions>
      </trkpt>
      <trkpt lat="-33.71951" lon="150.35817">
        <ele>811</ele>
        <extensions>
          <distance>20112</distance>
        </extensions>
      </trkpt>
      <trkpt lat="-33.71944" lon="150.35817">
        <ele>808</ele>
        <extensions>
          <distance>20120</distance>
        </extensions>
      </trkpt>
      <trkpt lat="-33.7194" lon="150.35816">
        <ele>808</ele>
        <extensions>
          <distance>20124</distance>
        </extensions>
      </trkpt>
      <trkpt lat="-33.71935" lon="150.35809">
        <ele>808</ele>
        <extensions>
          <distance>20133</distance>
        </extensions>
      </trkpt>
      <trkpt lat="-33.71928" lon="150.35805">
        <ele>808</ele>
        <extensions>
          <distance>20141</distance>
        </extensions>
      </trkpt>
      <trkpt lat="-33.71916" lon="150.358">
        <ele>808</ele>
        <extensions>
          <distance>20155</distance>
        </extensions>
      </trkpt>
      <trkpt lat="-33.71903" lon="150.35799">
        <ele>808</ele>
        <extensions>
          <distance>20170</distance>
        </extensions>
      </trkpt>
      <trkpt lat="-33.71891" lon="150.35799">
        <ele>807</ele>
        <extensions>
          <distance>20183</distance>
        </extensions>
      </trkpt>
      <trkpt lat="-33.71881" lon="150.35807">
        <ele>807</ele>
        <extensions>
          <distance>20196</distance>
        </extensions>
      </trkpt>
      <trkpt lat="-33.71873" lon="150.35809">
        <ele>807</ele>
        <extensions>
          <distance>20205</distance>
        </extensions>
      </trkpt>
      <trkpt lat="-33.7187" lon="150.35809">
        <ele>807</ele>
        <extensions>
          <distance>20209</distance>
        </extensions>
      </trkpt>
      <trkpt lat="-33.71864" lon="150.35806">
        <ele>805</ele>
        <extensions>
          <distance>20216</distance>
        </extensions>
      </trkpt>
      <trkpt lat="-33.71853" lon="150.35803">
        <ele>805</ele>
        <extensions>
          <distance>20229</distance>
        </extensions>
      </trkpt>
      <trkpt lat="-33.71843" lon="150.35802">
        <ele>805</ele>
        <extensions>
          <distance>20240</distance>
        </extensions>
      </trkpt>
      <trkpt lat="-33.7183" lon="150.35802">
        <ele>805</ele>
        <extensions>
          <distance>20254</distance>
        </extensions>
      </trkpt>
      <trkpt lat="-33.71816" lon="150.35809">
        <ele>806</ele>
        <extensions>
          <distance>20271</distance>
        </extensions>
      </trkpt>
      <trkpt lat="-33.71802" lon="150.35807">
        <ele>807</ele>
        <extensions>
          <distance>20287</distance>
        </extensions>
      </trkpt>
      <trkpt lat="-33.71793" lon="150.35808">
        <ele>808</ele>
        <extensions>
          <distance>20297</distance>
        </extensions>
      </trkpt>
      <trkpt lat="-33.71787" lon="150.3581">
        <ele>809</ele>
        <extensions>
          <distance>20304</distance>
        </extensions>
      </trkpt>
      <trkpt lat="-33.71784" lon="150.35804">
        <ele>809</ele>
        <extensions>
          <distance>20310</distance>
        </extensions>
      </trkpt>
      <trkpt lat="-33.71782" lon="150.35786">
        <ele>809</ele>
        <extensions>
          <distance>20327</distance>
        </extensions>
      </trkpt>
      <trkpt lat="-33.71781" lon="150.35783">
        <ele>809</ele>
        <extensions>
          <distance>20330</distance>
        </extensions>
      </trkpt>
      <trkpt lat="-33.71778" lon="150.3578">
        <ele>810</ele>
        <extensions>
          <distance>20334</distance>
        </extensions>
      </trkpt>
      <trkpt lat="-33.71773" lon="150.35777">
        <ele>812</ele>
        <extensions>
          <distance>20341</distance>
        </extensions>
      </trkpt>
      <trkpt lat="-33.71771" lon="150.35779">
        <ele>813</ele>
        <extensions>
          <distance>20344</distance>
        </extensions>
      </trkpt>
      <trkpt lat="-33.71768" lon="150.35787">
        <ele>814</ele>
        <extensions>
          <distance>20352</distance>
        </extensions>
      </trkpt>
      <trkpt lat="-33.71761" lon="150.35795">
        <ele>818</ele>
        <extensions>
          <distance>20363</distance>
        </extensions>
      </trkpt>
      <trkpt lat="-33.71756" lon="150.35799">
        <ele>821</ele>
        <extensions>
          <distance>20370</distance>
        </extensions>
      </trkpt>
      <trkpt lat="-33.71753" lon="150.35807">
        <ele>823</ele>
        <extensions>
          <distance>20379</distance>
        </extensions>
      </trkpt>
      <trkpt lat="-33.7175" lon="150.35809">
        <ele>825</ele>
        <extensions>
          <distance>20383</distance>
        </extensions>
      </trkpt>
      <trkpt lat="-33.71742" lon="150.3581">
        <ele>826</ele>
        <extensions>
          <distance>20392</distance>
        </extensions>
      </trkpt>
      <trkpt lat="-33.71728" lon="150.35804">
        <ele>826</ele>
        <extensions>
          <distance>20409</distance>
        </extensions>
      </trkpt>
      <trkpt lat="-33.71723" lon="150.35798">
        <ele>826</ele>
        <extensions>
          <distance>20416</distance>
        </extensions>
      </trkpt>
      <trkpt lat="-33.71723" lon="150.35794">
        <ele>826</ele>
        <extensions>
          <distance>20420</distance>
        </extensions>
      </trkpt>
      <trkpt lat="-33.71726" lon="150.35783">
        <ele>826</ele>
        <extensions>
          <distance>20431</distance>
        </extensions>
      </trkpt>
      <trkpt lat="-33.71727" lon="150.35774">
        <ele>826</ele>
        <extensions>
          <distance>20439</distance>
        </extensions>
      </trkpt>
      <trkpt lat="-33.71726" lon="150.35769">
        <ele>826</ele>
        <extensions>
          <distance>20444</distance>
        </extensions>
      </trkpt>
      <trkpt lat="-33.71721" lon="150.35766">
        <ele>826</ele>
        <extensions>
          <distance>20450</distance>
        </extensions>
      </trkpt>
      <trkpt lat="-33.71709" lon="150.35761">
        <ele>826</ele>
        <extensions>
          <distance>20464</distance>
        </extensions>
      </trkpt>
      <trkpt lat="-33.71702" lon="150.35754">
        <ele>826</ele>
        <extensions>
          <distance>20474</distance>
        </extensions>
      </trkpt>
      <trkpt lat="-33.71693" lon="150.35743">
        <ele>826</ele>
        <extensions>
          <distance>20489</distance>
        </extensions>
      </trkpt>
      <trkpt lat="-33.7169" lon="150.35737">
        <ele>826</ele>
        <extensions>
          <distance>20495</distance>
        </extensions>
      </trkpt>
      <trkpt lat="-33.71689" lon="150.35732">
        <ele>828</ele>
        <extensions>
          <distance>20500</distance>
        </extensions>
      </trkpt>
      <trkpt lat="-33.71688" lon="150.357">
        <ele>830</ele>
        <extensions>
          <distance>20530</distance>
        </extensions>
      </trkpt>
      <trkpt lat="-33.71683" lon="150.35698">
        <ele>830</ele>
        <extensions>
          <distance>20535</distance>
        </extensions>
      </trkpt>
      <trkpt lat="-33.71672" lon="150.357">
        <ele>831</ele>
        <extensions>
          <distance>20548</distance>
        </extensions>
      </trkpt>
      <trkpt lat="-33.71661" lon="150.35699">
        <ele>839</ele>
        <extensions>
          <distance>20563</distance>
        </extensions>
      </trkpt>
      <trkpt lat="-33.71645" lon="150.35687">
        <ele>846</ele>
        <extensions>
          <distance>20585</distance>
        </extensions>
      </trkpt>
      <trkpt lat="-33.71641" lon="150.35686">
        <ele>849</ele>
        <extensions>
          <distance>20590</distance>
        </extensions>
      </trkpt>
      <trkpt lat="-33.71623" lon="150.35693">
        <ele>860</ele>
        <extensions>
          <distance>20614</distance>
        </extensions>
      </trkpt>
      <trkpt lat="-33.71613" lon="150.35693">
        <ele>861.5</ele>
        <extensions>
          <distance>20625</distance>
        </extensions>
      </trkpt>
      <trkpt lat="-33.71607" lon="150.35691">
        <ele>861.5</ele>
        <extensions>
          <distance>20632</distance>
        </extensions>
      </trkpt>
      <trkpt lat="-33.71597" lon="150.35686">
        <ele>861.5</ele>
        <extensions>
          <distance>20644</distance>
        </extensions>
      </trkpt>
      <trkpt lat="-33.715775" lon="150.356795">
        <ele>862</ele>
        <extensions>
          <distance>20666</distance>
        </extensions>
      </trkpt>
      <trkpt lat="-33.71558" lon="150.35673">
        <ele>862</ele>
        <extensions>
          <distance>20689</distance>
        </extensions>
      </trkpt>
      <trkpt lat="-33.71552" lon="150.35672">
        <ele>863</ele>
        <extensions>
          <distance>20695</distance>
        </extensions>
      </trkpt>
      <trkpt lat="-33.71545" lon="150.35669">
        <ele>863</ele>
        <extensions>
          <distance>20704</distance>
        </extensions>
      </trkpt>
      <trkpt lat="-33.71539" lon="150.35668">
        <ele>865</ele>
        <extensions>
          <distance>20710</distance>
        </extensions>
      </trkpt>
      <trkpt lat="-33.71528" lon="150.3566">
        <ele>867</ele>
        <extensions>
          <distance>20725</distance>
        </extensions>
      </trkpt>
      <trkpt lat="-33.71524" lon="150.35658">
        <ele>868</ele>
        <extensions>
          <distance>20730</distance>
        </extensions>
      </trkpt>
      <trkpt lat="-33.71522" lon="150.35658">
        <ele>870</ele>
        <extensions>
          <distance>20733</distance>
        </extensions>
      </trkpt>
      <trkpt lat="-33.7152" lon="150.35661">
        <ele>872</ele>
        <extensions>
          <distance>20736</distance>
        </extensions>
      </trkpt>
      <trkpt lat="-33.71521" lon="150.35676">
        <ele>872</ele>
        <extensions>
          <distance>20750</distance>
        </extensions>
      </trkpt>
      <trkpt lat="-33.71524" lon="150.35684">
        <ele>872</ele>
        <extensions>
          <distance>20758</distance>
        </extensions>
      </trkpt>
      <trkpt lat="-33.71531" lon="150.35696">
        <ele>872</ele>
        <extensions>
          <distance>20772</distance>
        </extensions>
      </trkpt>
      <trkpt lat="-33.71535" lon="150.35698">
        <ele>870</ele>
        <extensions>
          <distance>20777</distance>
        </extensions>
      </trkpt>
      <trkpt lat="-33.71545" lon="150.357">
        <ele>867</ele>
        <extensions>
          <distance>20788</distance>
        </extensions>
      </trkpt>
      <trkpt lat="-33.71556" lon="150.35709">
        <ele>866</ele>
        <extensions>
          <distance>20803</distance>
        </extensions>
      </trkpt>
      <trkpt lat="-33.71558" lon="150.35713">
        <ele>866</ele>
        <extensions>
          <distance>20807</distance>
        </extensions>
      </trkpt>
      <trkpt lat="-33.71558" lon="150.35715">
        <ele>866</ele>
        <extensions>
          <distance>20809</distance>
        </extensions>
      </trkpt>
      <trkpt lat="-33.71545" lon="150.35719">
        <ele>866</ele>
        <extensions>
          <distance>20824</distance>
        </extensions>
      </trkpt>
      <trkpt lat="-33.71538" lon="150.3572">
        <ele>867</ele>
        <extensions>
          <distance>20832</distance>
        </extensions>
      </trkpt>
      <trkpt lat="-33.71536" lon="150.35718">
        <ele>868</ele>
        <extensions>
          <distance>20834</distance>
        </extensions>
      </trkpt>
      <trkpt lat="-33.71523" lon="150.35716">
        <ele>872</ele>
        <extensions>
          <distance>20849</distance>
        </extensions>
      </trkpt>
      <trkpt lat="-33.71516" lon="150.35712">
        <ele>875</ele>
        <extensions>
          <distance>20858</distance>
        </extensions>
      </trkpt>
      <trkpt lat="-33.71505" lon="150.3571">
        <ele>877</ele>
        <extensions>
          <distance>20871</distance>
        </extensions>
      </trkpt>
      <trkpt lat="-33.71499" lon="150.35712">
        <ele>877</ele>
        <extensions>
          <distance>20878</distance>
        </extensions>
      </trkpt>
      <trkpt lat="-33.71491" lon="150.35718">
        <ele>877</ele>
        <extensions>
          <distance>20888</distance>
        </extensions>
      </trkpt>
      <trkpt lat="-33.71475" lon="150.35726">
        <ele>877</ele>
        <extensions>
          <distance>20907</distance>
        </extensions>
      </trkpt>
      <trkpt lat="-33.71464" lon="150.35728">
        <ele>877</ele>
        <extensions>
          <distance>20920</distance>
        </extensions>
      </trkpt>
      <trkpt lat="-33.71442" lon="150.35736">
        <ele>875</ele>
        <extensions>
          <distance>20945</distance>
        </extensions>
      </trkpt>
      <trkpt lat="-33.714240000000004" lon="150.35738">
        <ele>875</ele>
        <extensions>
          <distance>20965</distance>
        </extensions>
      </trkpt>
      <trkpt lat="-33.71406" lon="150.3574">
        <ele>875</ele>
        <extensions>
          <distance>20985</distance>
        </extensions>
      </trkpt>
      <trkpt lat="-33.71394" lon="150.3575">
        <ele>875</ele>
        <extensions>
          <distance>21001</distance>
        </extensions>
      </trkpt>
      <trkpt lat="-33.71383" lon="150.35765">
        <ele>878</ele>
        <extensions>
          <distance>21020</distance>
        </extensions>
      </trkpt>
      <trkpt lat="-33.71367" lon="150.35776">
        <ele>887</ele>
        <extensions>
          <distance>21042</distance>
        </extensions>
      </trkpt>
      <trkpt lat="-33.71349" lon="150.35782">
        <ele>892</ele>
        <extensions>
          <distance>21064</distance>
        </extensions>
      </trkpt>
      <trkpt lat="-33.71334" lon="150.35796">
        <ele>895</ele>
        <extensions>
          <distance>21085</distance>
        </extensions>
      </trkpt>
      <trkpt lat="-33.71326" lon="150.358">
        <ele>896</ele>
        <extensions>
          <distance>21095</distance>
        </extensions>
      </trkpt>
      <trkpt lat="-33.71317" lon="150.35801">
        <ele>898</ele>
        <extensions>
          <distance>21105</distance>
        </extensions>
      </trkpt>
      <trkpt lat="-33.71314" lon="150.35799">
        <ele>899</ele>
        <extensions>
          <distance>21109</distance>
        </extensions>
      </trkpt>
      <trkpt lat="-33.71314" lon="150.35791">
        <ele>900</ele>
        <extensions>
          <distance>21116</distance>
        </extensions>
      </trkpt>
      <trkpt lat="-33.71308" lon="150.35788">
        <ele>901</ele>
        <extensions>
          <distance>21124</distance>
        </extensions>
      </trkpt>
      <trkpt lat="-33.71294" lon="150.357975">
        <ele>901</ele>
        <extensions>
          <distance>21141</distance>
        </extensions>
      </trkpt>
      <trkpt lat="-33.7128" lon="150.35807">
        <ele>901</ele>
        <extensions>
          <distance>21159</distance>
        </extensions>
      </trkpt>
      <trkpt lat="-33.71268" lon="150.35817">
        <ele>901</ele>
        <extensions>
          <distance>21175</distance>
        </extensions>
      </trkpt>
      <trkpt lat="-33.71258" lon="150.35822">
        <ele>901</ele>
        <extensions>
          <distance>21187</distance>
        </extensions>
      </trkpt>
      <trkpt lat="-33.71254" lon="150.35827">
        <ele>901</ele>
        <extensions>
          <distance>21194</distance>
        </extensions>
      </trkpt>
      <trkpt lat="-33.7125" lon="150.35848">
        <ele>900</ele>
        <extensions>
          <distance>21214</distance>
        </extensions>
      </trkpt>
      <trkpt lat="-33.71248" lon="150.35864">
        <ele>900</ele>
        <extensions>
          <distance>21229</distance>
        </extensions>
      </trkpt>
      <trkpt lat="-33.71248" lon="150.3587">
        <ele>900</ele>
        <extensions>
          <distance>21234</distance>
        </extensions>
      </trkpt>
      <trkpt lat="-33.71254" lon="150.35879">
        <ele>900</ele>
        <extensions>
          <distance>21245</distance>
        </extensions>
      </trkpt>
      <trkpt lat="-33.71264" lon="150.359">
        <ele>900</ele>
        <extensions>
          <distance>21267</distance>
        </extensions>
      </trkpt>
      <trkpt lat="-33.71269" lon="150.35917">
        <ele>900</ele>
        <extensions>
          <distance>21284</distance>
        </extensions>
      </trkpt>
      <trkpt lat="-33.71265" lon="150.35932">
        <ele>903</ele>
        <extensions>
          <distance>21299</distance>
        </extensions>
      </trkpt>
      <trkpt lat="-33.71259" lon="150.35941">
        <ele>904</ele>
        <extensions>
          <distance>21309</distance>
        </extensions>
      </trkpt>
      <trkpt lat="-33.71254" lon="150.35944">
        <ele>904</ele>
        <extensions>
          <distance>21316</distance>
        </extensions>
      </trkpt>
      <trkpt lat="-33.71229" lon="150.35953">
        <ele>906</ele>
        <extensions>
          <distance>21345</distance>
        </extensions>
      </trkpt>
      <trkpt lat="-33.71224" lon="150.35958">
        <ele>906</ele>
        <extensions>
          <distance>21352</distance>
        </extensions>
      </trkpt>
      <trkpt lat="-33.71218" lon="150.35982">
        <ele>909</ele>
        <extensions>
          <distance>21375</distance>
        </extensions>
      </trkpt>
      <trkpt lat="-33.71216" lon="150.36001">
        <ele>909.5</ele>
        <extensions>
          <distance>21393</distance>
        </extensions>
      </trkpt>
      <trkpt lat="-33.71216" lon="150.36015">
        <ele>909.5</ele>
        <extensions>
          <distance>21406</distance>
        </extensions>
      </trkpt>
      <trkpt lat="-33.71214" lon="150.36023">
        <ele>909.5</ele>
        <extensions>
          <distance>21414</distance>
        </extensions>
      </trkpt>
      <trkpt lat="-33.712215" lon="150.36042500000002">
        <ele>909.5</ele>
        <extensions>
          <distance>21434</distance>
        </extensions>
      </trkpt>
      <trkpt lat="-33.71229" lon="150.36062">
        <ele>907</ele>
        <extensions>
          <distance>21454</distance>
        </extensions>
      </trkpt>
      <trkpt lat="-33.7123675" lon="150.360795">
        <ele>905.75</ele>
        <extensions>
          <distance>21472</distance>
        </extensions>
      </trkpt>
      <trkpt lat="-33.712445" lon="150.36097">
        <ele>904.5</ele>
        <extensions>
          <distance>21490</distance>
        </extensions>
      </trkpt>
      <trkpt lat="-33.712522500000006" lon="150.36114500000002">
        <ele>903.25</ele>
        <extensions>
          <distance>21509</distance>
        </extensions>
      </trkpt>
      <trkpt lat="-33.7126" lon="150.36132">
        <ele>902</ele>
        <extensions>
          <distance>21527</distance>
        </extensions>
      </trkpt>
      <trkpt lat="-33.712680000000006" lon="150.36149">
        <ele>902</ele>
        <extensions>
          <distance>21545</distance>
        </extensions>
      </trkpt>
      <trkpt lat="-33.71276" lon="150.36166">
        <ele>902</ele>
        <extensions>
          <distance>21563</distance>
        </extensions>
      </trkpt>
      <trkpt lat="-33.712832500000005" lon="150.36185">
        <ele>901.5</ele>
        <extensions>
          <distance>21583</distance>
        </extensions>
      </trkpt>
      <trkpt lat="-33.712905000000006" lon="150.36203999999998">
        <ele>901</ele>
        <extensions>
          <distance>21602</distance>
        </extensions>
      </trkpt>
      <trkpt lat="-33.71297750000001" lon="150.36222999999998">
        <ele>901</ele>
        <extensions>
          <distance>21621</distance>
        </extensions>
      </trkpt>
      <trkpt lat="-33.71305" lon="150.36242">
        <ele>901</ele>
        <extensions>
          <distance>21641</distance>
        </extensions>
      </trkpt>
      <trkpt lat="-33.713170000000005" lon="150.36269">
        <ele>901</ele>
        <extensions>
          <distance>21669</distance>
        </extensions>
      </trkpt>
      <trkpt lat="-33.71329" lon="150.36296">
        <ele>901</ele>
        <extensions>
          <distance>21697</distance>
        </extensions>
      </trkpt>
      <trkpt lat="-33.7134" lon="150.36316">
        <ele>904</ele>
        <extensions>
          <distance>21720</distance>
        </extensions>
      </trkpt>
      <trkpt lat="-33.71344" lon="150.36325">
        <ele>905</ele>
        <extensions>
          <distance>21729</distance>
        </extensions>
      </trkpt>
      <trkpt lat="-33.71349" lon="150.36329">
        <ele>905</ele>
        <extensions>
          <distance>21736</distance>
        </extensions>
      </trkpt>
      <trkpt lat="-33.71358" lon="150.3633">
        <ele>905</ele>
        <extensions>
          <distance>21746</distance>
        </extensions>
      </trkpt>
      <trkpt lat="-33.71367" lon="150.36328">
        <ele>905</ele>
        <extensions>
          <distance>21756</distance>
        </extensions>
      </trkpt>
      <trkpt lat="-33.71372" lon="150.36326">
        <ele>905</ele>
        <extensions>
          <distance>21762</distance>
        </extensions>
      </trkpt>
      <trkpt lat="-33.71378" lon="150.36322">
        <ele>904</ele>
        <extensions>
          <distance>21769</distance>
        </extensions>
      </trkpt>
      <trkpt lat="-33.71387" lon="150.36313">
        <ele>903</ele>
        <extensions>
          <distance>21782</distance>
        </extensions>
      </trkpt>
      <trkpt lat="-33.71395" lon="150.36301">
        <ele>901</ele>
        <extensions>
          <distance>21797</distance>
        </extensions>
      </trkpt>
      <trkpt lat="-33.71411" lon="150.36284">
        <ele>901</ele>
        <extensions>
          <distance>21821</distance>
        </extensions>
      </trkpt>
      <trkpt lat="-33.714304999999996" lon="150.36268">
        <ele>901</ele>
        <extensions>
          <distance>21847</distance>
        </extensions>
      </trkpt>
      <trkpt lat="-33.7145" lon="150.36252">
        <ele>901</ele>
        <extensions>
          <distance>21873</distance>
        </extensions>
      </trkpt>
      <trkpt lat="-33.714690000000004" lon="150.36243">
        <ele>901</ele>
        <extensions>
          <distance>21896</distance>
        </extensions>
      </trkpt>
      <trkpt lat="-33.71488" lon="150.36234">
        <ele>902</ele>
        <extensions>
          <distance>21918</distance>
        </extensions>
      </trkpt>
      <trkpt lat="-33.71505" lon="150.36229">
        <ele>903</ele>
        <extensions>
          <distance>21938</distance>
        </extensions>
      </trkpt>
      <trkpt lat="-33.715199999999996" lon="150.362215">
        <ele>903.5</ele>
        <extensions>
          <distance>21956</distance>
        </extensions>
      </trkpt>
      <trkpt lat="-33.71535" lon="150.36214">
        <ele>904</ele>
        <extensions>
          <distance>21974</distance>
        </extensions>
      </trkpt>
      <trkpt lat="-33.7155225" lon="150.362065">
        <ele>904</ele>
        <extensions>
          <distance>21994</distance>
        </extensions>
      </trkpt>
      <trkpt lat="-33.715695" lon="150.36199">
        <ele>904</ele>
        <extensions>
          <distance>22015</distance>
        </extensions>
      </trkpt>
      <trkpt lat="-33.7158675" lon="150.361915">
        <ele>904</ele>
        <extensions>
          <distance>22035</distance>
        </extensions>
      </trkpt>
      <trkpt lat="-33.71604" lon="150.36184">
        <ele>904</ele>
        <extensions>
          <distance>22055</distance>
        </extensions>
      </trkpt>
      <trkpt lat="-33.71617" lon="150.36175">
        <ele>904</ele>
        <extensions>
          <distance>22072</distance>
        </extensions>
      </trkpt>
      <trkpt lat="-33.71629" lon="150.36165499999998">
        <ele>903.5</ele>
        <extensions>
          <distance>22088</distance>
        </extensions>
      </trkpt>
      <trkpt lat="-33.71641" lon="150.36156">
        <ele>903</ele>
        <extensions>
          <distance>22104</distance>
        </extensions>
      </trkpt>
      <trkpt lat="-33.71659" lon="150.361445">
        <ele>902.25</ele>
        <extensions>
          <distance>22126</distance>
        </extensions>
      </trkpt>
      <trkpt lat="-33.71677" lon="150.36133">
        <ele>900.5</ele>
        <extensions>
          <distance>22149</distance>
        </extensions>
      </trkpt>
      <trkpt lat="-33.71695" lon="150.36121500000002">
        <ele>898.75</ele>
        <extensions>
          <distance>22172</distance>
        </extensions>
      </trkpt>
      <trkpt lat="-33.71713" lon="150.3611">
        <ele>897</ele>
        <extensions>
          <distance>22195</distance>
        </extensions>
      </trkpt>
      <trkpt lat="-33.71726" lon="150.36105">
        <ele>897</ele>
        <extensions>
          <distance>22210</distance>
        </extensions>
      </trkpt>
      <trkpt lat="-33.71736" lon="150.36104">
        <ele>897</ele>
        <extensions>
          <distance>22221</distance>
        </extensions>
      </trkpt>
      <trkpt lat="-33.71744" lon="150.36105">
        <ele>897</ele>
        <extensions>
          <distance>22230</distance>
        </extensions>
      </trkpt>
      <trkpt lat="-33.71752" lon="150.36115">
        <ele>898</ele>
        <extensions>
          <distance>22243</distance>
        </extensions>
      </trkpt>
      <trkpt lat="-33.71758" lon="150.36125">
        <ele>900</ele>
        <extensions>
          <distance>22254</distance>
        </extensions>
      </trkpt>
      <trkpt lat="-33.7176" lon="150.36136">
        <ele>902</ele>
        <extensions>
          <distance>22264</distance>
        </extensions>
      </trkpt>
      <trkpt lat="-33.71768" lon="150.36157">
        <ele>907</ele>
        <extensions>
          <distance>22287</distance>
        </extensions>
      </trkpt>
      <trkpt lat="-33.71787" lon="150.36178">
        <ele>907</ele>
        <extensions>
          <distance>22315</distance>
        </extensions>
      </trkpt>
      <trkpt lat="-33.717969999999994" lon="150.36194">
        <ele>907</ele>
        <extensions>
          <distance>22334</distance>
        </extensions>
      </trkpt>
      <trkpt lat="-33.71807" lon="150.3621">
        <ele>907</ele>
        <extensions>
          <distance>22352</distance>
        </extensions>
      </trkpt>
      <trkpt lat="-33.718205" lon="150.36237">
        <ele>905</ele>
        <extensions>
          <distance>22382</distance>
        </extensions>
      </trkpt>
      <trkpt lat="-33.71834" lon="150.36264">
        <ele>905</ele>
        <extensions>
          <distance>22411</distance>
        </extensions>
      </trkpt>
      <trkpt lat="-33.71846" lon="150.36293">
        <ele>905</ele>
        <extensions>
          <distance>22441</distance>
        </extensions>
      </trkpt>
      <trkpt lat="-33.71857" lon="150.36303">
        <ele>905</ele>
        <extensions>
          <distance>22456</distance>
        </extensions>
      </trkpt>
      <trkpt lat="-33.71868" lon="150.36313">
        <ele>906</ele>
        <extensions>
          <distance>22471</distance>
        </extensions>
      </trkpt>
      <trkpt lat="-33.71879" lon="150.36323">
        <ele>906</ele>
        <extensions>
          <distance>22487</distance>
        </extensions>
      </trkpt>
      <trkpt lat="-33.7189" lon="150.36333">
        <ele>906</ele>
        <extensions>
          <distance>22502</distance>
        </extensions>
      </trkpt>
      <trkpt lat="-33.719049999999996" lon="150.363385">
        <ele>906</ele>
        <extensions>
          <distance>22519</distance>
        </extensions>
      </trkpt>
      <trkpt lat="-33.7192" lon="150.36344">
        <ele>906</ele>
        <extensions>
          <distance>22537</distance>
        </extensions>
      </trkpt>
      <trkpt lat="-33.71943" lon="150.3636">
        <ele>906</ele>
        <extensions>
          <distance>22566</distance>
        </extensions>
      </trkpt>
      <trkpt lat="-33.71963" lon="150.36345">
        <ele>906</ele>
        <extensions>
          <distance>22592</distance>
        </extensions>
      </trkpt>
      <trkpt lat="-33.71976" lon="150.363225">
        <ele>904.5</ele>
        <extensions>
          <distance>22618</distance>
        </extensions>
      </trkpt>
      <trkpt lat="-33.71989" lon="150.363">
        <ele>903</ele>
        <extensions>
          <distance>22643</distance>
        </extensions>
      </trkpt>
      <trkpt lat="-33.72009" lon="150.3629">
        <ele>903</ele>
        <extensions>
          <distance>22667</distance>
        </extensions>
      </trkpt>
      <trkpt lat="-33.72016" lon="150.36282">
        <ele>903</ele>
        <extensions>
          <distance>22678</distance>
        </extensions>
      </trkpt>
      <trkpt lat="-33.72033" lon="150.36278">
        <ele>903</ele>
        <extensions>
          <distance>22697</distance>
        </extensions>
      </trkpt>
      <trkpt lat="-33.7204" lon="150.36272">
        <ele>902</ele>
        <extensions>
          <distance>22707</distance>
        </extensions>
      </trkpt>
      <trkpt lat="-33.72042" lon="150.36263">
        <ele>901</ele>
        <extensions>
          <distance>22715</distance>
        </extensions>
      </trkpt>
      <trkpt lat="-33.72042" lon="150.3625">
        <ele>901</ele>
        <extensions>
          <distance>22727</distance>
        </extensions>
      </trkpt>
      <trkpt lat="-33.72057" lon="150.36271">
        <ele>900</ele>
        <extensions>
          <distance>22753</distance>
        </extensions>
      </trkpt>
      <trkpt lat="-33.72067" lon="150.3628875">
        <ele>896.75</ele>
        <extensions>
          <distance>22773</distance>
        </extensions>
      </trkpt>
      <trkpt lat="-33.72077" lon="150.363065">
        <ele>893.5</ele>
        <extensions>
          <distance>22793</distance>
        </extensions>
      </trkpt>
      <trkpt lat="-33.720870000000005" lon="150.3632425">
        <ele>890.25</ele>
        <extensions>
          <distance>22813</distance>
        </extensions>
      </trkpt>
      <trkpt lat="-33.72097" lon="150.36342">
        <ele>887.75</ele>
        <extensions>
          <distance>22833</distance>
        </extensions>
      </trkpt>
      <trkpt lat="-33.721042499999996" lon="150.3635675">
        <ele>887.75</ele>
        <extensions>
          <distance>22849</distance>
        </extensions>
      </trkpt>
      <trkpt lat="-33.721115" lon="150.363715">
        <ele>887.75</ele>
        <extensions>
          <distance>22865</distance>
        </extensions>
      </trkpt>
      <trkpt lat="-33.7211875" lon="150.3638625">
        <ele>887.5</ele>
        <extensions>
          <distance>22881</distance>
        </extensions>
      </trkpt>
      <trkpt lat="-33.72126" lon="150.36401">
        <ele>887.5</ele>
        <extensions>
          <distance>22897</distance>
        </extensions>
      </trkpt>
      <trkpt lat="-33.7213" lon="150.36406">
        <ele>887.5</ele>
        <extensions>
          <distance>22903</distance>
        </extensions>
      </trkpt>
      <trkpt lat="-33.72135" lon="150.36407">
        <ele>886</ele>
        <extensions>
          <distance>22909</distance>
        </extensions>
      </trkpt>
      <trkpt lat="-33.72141" lon="150.36406">
        <ele>884</ele>
        <extensions>
          <distance>22916</distance>
        </extensions>
      </trkpt>
      <trkpt lat="-33.72161" lon="150.36395">
        <ele>884</ele>
        <extensions>
          <distance>22940</distance>
        </extensions>
      </trkpt>
      <trkpt lat="-33.72169" lon="150.36392">
        <ele>884</ele>
        <extensions>
          <distance>22949</distance>
        </extensions>
      </trkpt>
      <trkpt lat="-33.72187" lon="150.36391">
        <ele>884</ele>
        <extensions>
          <distance>22969</distance>
        </extensions>
      </trkpt>
      <trkpt lat="-33.72211" lon="150.36392">
        <ele>887</ele>
        <extensions>
          <distance>22996</distance>
        </extensions>
      </trkpt>
      <trkpt lat="-33.72222" lon="150.36394">
        <ele>888</ele>
        <extensions>
          <distance>23008</distance>
        </extensions>
      </trkpt>
      <trkpt lat="-33.72241" lon="150.36403">
        <ele>888</ele>
        <extensions>
          <distance>23031</distance>
        </extensions>
      </trkpt>
      <trkpt lat="-33.7226" lon="150.36415">
        <ele>889</ele>
        <extensions>
          <distance>23055</distance>
        </extensions>
      </trkpt>
      <trkpt lat="-33.72271" lon="150.36425">
        <ele>891.5</ele>
        <extensions>
          <distance>23070</distance>
        </extensions>
      </trkpt>
      <trkpt lat="-33.72282" lon="150.36435">
        <ele>892</ele>
        <extensions>
          <distance>23086</distance>
        </extensions>
      </trkpt>
      <trkpt lat="-33.72287" lon="150.36446">
        <ele>892</ele>
        <extensions>
          <distance>23097</distance>
        </extensions>
      </trkpt>
      <trkpt lat="-33.723079999999996" lon="150.36436500000002">
        <ele>892</ele>
        <extensions>
          <distance>23122</distance>
        </extensions>
      </trkpt>
      <trkpt lat="-33.72329" lon="150.36427">
        <ele>892</ele>
        <extensions>
          <distance>23147</distance>
        </extensions>
      </trkpt>
      <trkpt lat="-33.72349" lon="150.36424">
        <ele>892</ele>
        <extensions>
          <distance>23169</distance>
        </extensions>
      </trkpt>
      <trkpt lat="-33.72366" lon="150.36426">
        <ele>892</ele>
        <extensions>
          <distance>23188</distance>
        </extensions>
      </trkpt>
      <trkpt lat="-33.72372" lon="150.36423">
        <ele>891</ele>
        <extensions>
          <distance>23195</distance>
        </extensions>
      </trkpt>
      <trkpt lat="-33.72381" lon="150.36416">
        <ele>889</ele>
        <extensions>
          <distance>23207</distance>
        </extensions>
      </trkpt>
      <trkpt lat="-33.72388" lon="150.36412">
        <ele>887</ele>
        <extensions>
          <distance>23216</distance>
        </extensions>
      </trkpt>
      <trkpt lat="-33.72401" lon="150.36408">
        <ele>885</ele>
        <extensions>
          <distance>23231</distance>
        </extensions>
      </trkpt>
      <trkpt lat="-33.72424" lon="150.3641">
        <ele>882</ele>
        <extensions>
          <distance>23257</distance>
        </extensions>
      </trkpt>
      <trkpt lat="-33.72428" lon="150.36411">
        <ele>881</ele>
        <extensions>
          <distance>23261</distance>
        </extensions>
      </trkpt>
      <trkpt lat="-33.72431" lon="150.36413">
        <ele>880</ele>
        <extensions>
          <distance>23265</distance>
        </extensions>
      </trkpt>
      <trkpt lat="-33.72448" lon="150.36428">
        <ele>879</ele>
        <extensions>
          <distance>23289</distance>
        </extensions>
      </trkpt>
      <trkpt lat="-33.724615" lon="150.36434">
        <ele>877</ele>
        <extensions>
          <distance>23305</distance>
        </extensions>
      </trkpt>
      <trkpt lat="-33.72475" lon="150.3644">
        <ele>875</ele>
        <extensions>
          <distance>23321</distance>
        </extensions>
      </trkpt>
      <trkpt lat="-33.72492" lon="150.36444">
        <ele>874</ele>
        <extensions>
          <distance>23340</distance>
        </extensions>
      </trkpt>
      <trkpt lat="-33.72511" lon="150.364445">
        <ele>871.5</ele>
        <extensions>
          <distance>23362</distance>
        </extensions>
      </trkpt>
      <trkpt lat="-33.7253" lon="150.36445">
        <ele>869</ele>
        <extensions>
          <distance>23383</distance>
        </extensions>
      </trkpt>
      <trkpt lat="-33.72535" lon="150.36446">
        <ele>868</ele>
        <extensions>
          <distance>23388</distance>
        </extensions>
      </trkpt>
      <trkpt lat="-33.72539" lon="150.36449">
        <ele>868</ele>
        <extensions>
          <distance>23394</distance>
        </extensions>
      </trkpt>
      <trkpt lat="-33.72548" lon="150.36458">
        <ele>867</ele>
        <extensions>
          <distance>23407</distance>
        </extensions>
      </trkpt>
      <trkpt lat="-33.7255" lon="150.36461">
        <ele>867</ele>
        <extensions>
          <distance>23410</distance>
        </extensions>
      </trkpt>
      <trkpt lat="-33.7255" lon="150.36465">
        <ele>867</ele>
        <extensions>
          <distance>23414</distance>
        </extensions>
      </trkpt>
      <trkpt lat="-33.72547" lon="150.3647">
        <ele>867</ele>
        <extensions>
          <distance>23420</distance>
        </extensions>
      </trkpt>
      <trkpt lat="-33.72541" lon="150.36474">
        <ele>867</ele>
        <extensions>
          <distance>23427</distance>
        </extensions>
      </trkpt>
      <trkpt lat="-33.72538" lon="150.36478">
        <ele>866</ele>
        <extensions>
          <distance>23432</distance>
        </extensions>
      </trkpt>
      <trkpt lat="-33.72538" lon="150.36482">
        <ele>866</ele>
        <extensions>
          <distance>23436</distance>
        </extensions>
      </trkpt>
      <trkpt lat="-33.72541" lon="150.36484">
        <ele>865</ele>
        <extensions>
          <distance>23440</distance>
        </extensions>
      </trkpt>
      <trkpt lat="-33.72559" lon="150.36493">
        <ele>862</ele>
        <extensions>
          <distance>23462</distance>
        </extensions>
      </trkpt>
      <trkpt lat="-33.72572" lon="150.36494">
        <ele>858</ele>
        <extensions>
          <distance>23477</distance>
        </extensions>
      </trkpt>
      <trkpt lat="-33.72592" lon="150.36492">
        <ele>854</ele>
        <extensions>
          <distance>23499</distance>
        </extensions>
      </trkpt>
      <trkpt lat="-33.72599" lon="150.36489">
        <ele>853</ele>
        <extensions>
          <distance>23508</distance>
        </extensions>
      </trkpt>
      <trkpt lat="-33.72605" lon="150.36484">
        <ele>853</ele>
        <extensions>
          <distance>23516</distance>
        </extensions>
      </trkpt>
      <trkpt lat="-33.72603" lon="150.36497">
        <ele>852</ele>
        <extensions>
          <distance>23528</distance>
        </extensions>
      </trkpt>
      <trkpt lat="-33.72601" lon="150.36501">
        <ele>851</ele>
        <extensions>
          <distance>23532</distance>
        </extensions>
      </trkpt>
      <trkpt lat="-33.72594" lon="150.3651">
        <ele>850.5</ele>
        <extensions>
          <distance>23544</distance>
        </extensions>
      </trkpt>
      <trkpt lat="-33.725825" lon="150.365185">
        <ele>850</ele>
        <extensions>
          <distance>23559</distance>
        </extensions>
      </trkpt>
      <trkpt lat="-33.72571" lon="150.36527">
        <ele>850</ele>
        <extensions>
          <distance>23574</distance>
        </extensions>
      </trkpt>
      <trkpt lat="-33.72569" lon="150.3653">
        <ele>850</ele>
        <extensions>
          <distance>23577</distance>
        </extensions>
      </trkpt>
      <trkpt lat="-33.7257" lon="150.36533">
        <ele>849</ele>
        <extensions>
          <distance>23580</distance>
        </extensions>
      </trkpt>
      <trkpt lat="-33.72572" lon="150.36535">
        <ele>848</ele>
        <extensions>
          <distance>23583</distance>
        </extensions>
      </trkpt>
      <trkpt lat="-33.7258" lon="150.36536">
        <ele>846</ele>
        <extensions>
          <distance>23592</distance>
        </extensions>
      </trkpt>
      <trkpt lat="-33.72594" lon="150.36541">
        <ele>843</ele>
        <extensions>
          <distance>23609</distance>
        </extensions>
      </trkpt>
      <trkpt lat="-33.72608" lon="150.36546">
        <ele>840</ele>
        <extensions>
          <distance>23625</distance>
        </extensions>
      </trkpt>
      <trkpt lat="-33.726235" lon="150.365475">
        <ele>831</ele>
        <extensions>
          <distance>23645</distance>
        </extensions>
      </trkpt>
      <trkpt lat="-33.72639" lon="150.36549">
        <ele>830</ele>
        <extensions>
          <distance>23662</distance>
        </extensions>
      </trkpt>
      <trkpt lat="-33.72639" lon="150.36553">
        <ele>829</ele>
        <extensions>
          <distance>23666</distance>
        </extensions>
      </trkpt>
      <trkpt lat="-33.72628" lon="150.36571">
        <ele>829</ele>
        <extensions>
          <distance>23686</distance>
        </extensions>
      </trkpt>
      <trkpt lat="-33.72625" lon="150.3658">
        <ele>829</ele>
        <extensions>
          <distance>23695</distance>
        </extensions>
      </trkpt>
      <trkpt lat="-33.72624" lon="150.36596">
        <ele>829</ele>
        <extensions>
          <distance>23710</distance>
        </extensions>
      </trkpt>
      <trkpt lat="-33.72621" lon="150.366">
        <ele>829</ele>
        <extensions>
          <distance>23715</distance>
        </extensions>
      </trkpt>
      <trkpt lat="-33.72603" lon="150.36613">
        <ele>830</ele>
        <extensions>
          <distance>23739</distance>
        </extensions>
      </trkpt>
      <trkpt lat="-33.725865" lon="150.366165">
        <ele>830</ele>
        <extensions>
          <distance>23757</distance>
        </extensions>
      </trkpt>
      <trkpt lat="-33.7257" lon="150.3662">
        <ele>830</ele>
        <extensions>
          <distance>23776</distance>
        </extensions>
      </trkpt>
      <trkpt lat="-33.72554" lon="150.36646">
        <ele>830</ele>
        <extensions>
          <distance>23806</distance>
        </extensions>
      </trkpt>
      <trkpt lat="-33.72569" lon="150.36648">
        <ele>830</ele>
        <extensions>
          <distance>23822</distance>
        </extensions>
      </trkpt>
      <trkpt lat="-33.72579" lon="150.36641">
        <ele>830</ele>
        <extensions>
          <distance>23835</distance>
        </extensions>
      </trkpt>
      <trkpt lat="-33.72593" lon="150.36639">
        <ele>828</ele>
        <extensions>
          <distance>23851</distance>
        </extensions>
      </trkpt>
      <trkpt lat="-33.72599" lon="150.36641">
        <ele>828</ele>
        <extensions>
          <distance>23858</distance>
        </extensions>
      </trkpt>
      <trkpt lat="-33.72602" lon="150.36641">
        <ele>828</ele>
        <extensions>
          <distance>23861</distance>
        </extensions>
      </trkpt>
      <trkpt lat="-33.72619" lon="150.36661">
        <ele>828</ele>
        <extensions>
          <distance>23888</distance>
        </extensions>
      </trkpt>
      <trkpt lat="-33.72621" lon="150.36667">
        <ele>828</ele>
        <extensions>
          <distance>23894</distance>
        </extensions>
      </trkpt>
      <trkpt lat="-33.7262" lon="150.36684">
        <ele>828</ele>
        <extensions>
          <distance>23909</distance>
        </extensions>
      </trkpt>
      <trkpt lat="-33.72624" lon="150.36692">
        <ele>828</ele>
        <extensions>
          <distance>23918</distance>
        </extensions>
      </trkpt>
      <trkpt lat="-33.7264" lon="150.36715">
        <ele>829</ele>
        <extensions>
          <distance>23946</distance>
        </extensions>
      </trkpt>
      <trkpt lat="-33.7264" lon="150.36722">
        <ele>829</ele>
        <extensions>
          <distance>23952</distance>
        </extensions>
      </trkpt>
      <trkpt lat="-33.72637" lon="150.36727">
        <ele>829</ele>
        <extensions>
          <distance>23958</distance>
        </extensions>
      </trkpt>
      <trkpt lat="-33.72628" lon="150.36731">
        <ele>833</ele>
        <extensions>
          <distance>23969</distance>
        </extensions>
      </trkpt>
      <trkpt lat="-33.72625" lon="150.36735">
        <ele>834</ele>
        <extensions>
          <distance>23974</distance>
        </extensions>
      </trkpt>
      <trkpt lat="-33.72623" lon="150.36743">
        <ele>835</ele>
        <extensions>
          <distance>23981</distance>
        </extensions>
      </trkpt>
      <trkpt lat="-33.72626" lon="150.36752">
        <ele>835</ele>
        <extensions>
          <distance>23990</distance>
        </extensions>
      </trkpt>
      <trkpt lat="-33.7263" lon="150.36759">
        <ele>835</ele>
        <extensions>
          <distance>23998</distance>
        </extensions>
      </trkpt>
      <trkpt lat="-33.72634" lon="150.36778">
        <ele>835</ele>
        <extensions>
          <distance>24016</distance>
        </extensions>
      </trkpt>
      <trkpt lat="-33.72639" lon="150.36787">
        <ele>834</ele>
        <extensions>
          <distance>24026</distance>
        </extensions>
      </trkpt>
      <trkpt lat="-33.72648" lon="150.3679">
        <ele>834</ele>
        <extensions>
          <distance>24037</distance>
        </extensions>
      </trkpt>
      <trkpt lat="-33.72657" lon="150.36797">
        <ele>834</ele>
        <extensions>
          <distance>24049</distance>
        </extensions>
      </trkpt>
      <trkpt lat="-33.72659" lon="150.36808">
        <ele>833</ele>
        <extensions>
          <distance>24059</distance>
        </extensions>
      </trkpt>
      <trkpt lat="-33.72659" lon="150.36822">
        <ele>832</ele>
        <extensions>
          <distance>24072</distance>
        </extensions>
      </trkpt>
      <trkpt lat="-33.72663" lon="150.36833">
        <ele>832</ele>
        <extensions>
          <distance>24083</distance>
        </extensions>
      </trkpt>
      <trkpt lat="-33.7267" lon="150.36842">
        <ele>832</ele>
        <extensions>
          <distance>24095</distance>
        </extensions>
      </trkpt>
      <trkpt lat="-33.72672" lon="150.36853">
        <ele>832</ele>
        <extensions>
          <distance>24105</distance>
        </extensions>
      </trkpt>
      <trkpt lat="-33.72672" lon="150.36866">
        <ele>832</ele>
        <extensions>
          <distance>24117</distance>
        </extensions>
      </trkpt>
      <trkpt lat="-33.72674" lon="150.36881">
        <ele>831</ele>
        <extensions>
          <distance>24131</distance>
        </extensions>
      </trkpt>
      <trkpt lat="-33.72679" lon="150.3689">
        <ele>829</ele>
        <extensions>
          <distance>24141</distance>
        </extensions>
      </trkpt>
      <trkpt lat="-33.72686" lon="150.36896">
        <ele>825</ele>
        <extensions>
          <distance>24152</distance>
        </extensions>
      </trkpt>
      <trkpt lat="-33.72691" lon="150.36902">
        <ele>823</ele>
        <extensions>
          <distance>24160</distance>
        </extensions>
      </trkpt>
      <trkpt lat="-33.72694" lon="150.36912">
        <ele>823</ele>
        <extensions>
          <distance>24169</distance>
        </extensions>
      </trkpt>
      <trkpt lat="-33.72695" lon="150.36923">
        <ele>823</ele>
        <extensions>
          <distance>24180</distance>
        </extensions>
      </trkpt>
      <trkpt lat="-33.72689" lon="150.3695">
        <ele>822</ele>
        <extensions>
          <distance>24206</distance>
        </extensions>
      </trkpt>
      <trkpt lat="-33.72681" lon="150.36969">
        <ele>821</ele>
        <extensions>
          <distance>24225</distance>
        </extensions>
      </trkpt>
      <trkpt lat="-33.72682" lon="150.36977">
        <ele>821</ele>
        <extensions>
          <distance>24233</distance>
        </extensions>
      </trkpt>
      <trkpt lat="-33.72687" lon="150.36983">
        <ele>821</ele>
        <extensions>
          <distance>24241</distance>
        </extensions>
      </trkpt>
      <trkpt lat="-33.72691" lon="150.36985">
        <ele>820</ele>
        <extensions>
          <distance>24245</distance>
        </extensions>
      </trkpt>
      <trkpt lat="-33.727" lon="150.36984">
        <ele>820</ele>
        <extensions>
          <distance>24255</distance>
        </extensions>
      </trkpt>
      <trkpt lat="-33.72702" lon="150.36986">
        <ele>820</ele>
        <extensions>
          <distance>24258</distance>
        </extensions>
      </trkpt>
      <trkpt lat="-33.727" lon="150.36992">
        <ele>820</ele>
        <extensions>
          <distance>24264</distance>
        </extensions>
      </trkpt>
      <trkpt lat="-33.72694" lon="150.36998">
        <ele>820</ele>
        <extensions>
          <distance>24273</distance>
        </extensions>
      </trkpt>
      <trkpt lat="-33.72674" lon="150.37014">
        <ele>829</ele>
        <extensions>
          <distance>24300</distance>
        </extensions>
      </trkpt>
      <trkpt lat="-33.72671" lon="150.37021">
        <ele>831</ele>
        <extensions>
          <distance>24307</distance>
        </extensions>
      </trkpt>
      <trkpt lat="-33.72671" lon="150.37035">
        <ele>831</ele>
        <extensions>
          <distance>24320</distance>
        </extensions>
      </trkpt>
      <trkpt lat="-33.72673" lon="150.37037">
        <ele>831</ele>
        <extensions>
          <distance>24323</distance>
        </extensions>
      </trkpt>
      <trkpt lat="-33.72675" lon="150.37041">
        <ele>831</ele>
        <extensions>
          <distance>24327</distance>
        </extensions>
      </trkpt>
      <trkpt lat="-33.7269" lon="150.37049">
        <ele>826</ele>
        <extensions>
          <distance>24346</distance>
        </extensions>
      </trkpt>
      <trkpt lat="-33.727045000000004" lon="150.37061999999997">
        <ele>821.5</ele>
        <extensions>
          <distance>24366</distance>
        </extensions>
      </trkpt>
      <trkpt lat="-33.72719" lon="150.37075">
        <ele>817</ele>
        <extensions>
          <distance>24387</distance>
        </extensions>
      </trkpt>
      <trkpt lat="-33.72731" lon="150.37088">
        <ele>817</ele>
        <extensions>
          <distance>24405</distance>
        </extensions>
      </trkpt>
      <trkpt lat="-33.72742" lon="150.37094">
        <ele>816</ele>
        <extensions>
          <distance>24418</distance>
        </extensions>
      </trkpt>
      <trkpt lat="-33.72749" lon="150.37094">
        <ele>815</ele>
        <extensions>
          <distance>24426</distance>
        </extensions>
      </trkpt>
      <trkpt lat="-33.72751" lon="150.37097">
        <ele>815</ele>
        <extensions>
          <distance>24430</distance>
        </extensions>
      </trkpt>
      <trkpt lat="-33.72751" lon="150.37102">
        <ele>815</ele>
        <extensions>
          <distance>24434</distance>
        </extensions>
      </trkpt>
      <trkpt lat="-33.72749" lon="150.37104">
        <ele>815</ele>
        <extensions>
          <distance>24437</distance>
        </extensions>
      </trkpt>
      <trkpt lat="-33.72743" lon="150.37114">
        <ele>819</ele>
        <extensions>
          <distance>24449</distance>
        </extensions>
      </trkpt>
      <trkpt lat="-33.72741" lon="150.37127">
        <ele>819</ele>
        <extensions>
          <distance>24461</distance>
        </extensions>
      </trkpt>
      <trkpt lat="-33.72746" lon="150.37134">
        <ele>819</ele>
        <extensions>
          <distance>24469</distance>
        </extensions>
      </trkpt>
      <trkpt lat="-33.72748" lon="150.37143">
        <ele>819</ele>
        <extensions>
          <distance>24478</distance>
        </extensions>
      </trkpt>
      <trkpt lat="-33.72746" lon="150.37151">
        <ele>819</ele>
        <extensions>
          <distance>24486</distance>
        </extensions>
      </trkpt>
      <trkpt lat="-33.72742" lon="150.3716">
        <ele>819</ele>
        <extensions>
          <distance>24495</distance>
        </extensions>
      </trkpt>
      <trkpt lat="-33.72736" lon="150.37167">
        <ele>819</ele>
        <extensions>
          <distance>24504</distance>
        </extensions>
      </trkpt>
      <trkpt lat="-33.72727" lon="150.37167">
        <ele>820</ele>
        <extensions>
          <distance>24515</distance>
        </extensions>
      </trkpt>
      <trkpt lat="-33.72719" lon="150.37165">
        <ele>824</ele>
        <extensions>
          <distance>24524</distance>
        </extensions>
      </trkpt>
      <trkpt lat="-33.72708" lon="150.37166">
        <ele>828</ele>
        <extensions>
          <distance>24537</distance>
        </extensions>
      </trkpt>
      <trkpt lat="-33.72692" lon="150.37172">
        <ele>828</ele>
        <extensions>
          <distance>24556</distance>
        </extensions>
      </trkpt>
      <trkpt lat="-33.72687" lon="150.37179">
        <ele>832</ele>
        <extensions>
          <distance>24565</distance>
        </extensions>
      </trkpt>
      <trkpt lat="-33.72688" lon="150.37188">
        <ele>832</ele>
        <extensions>
          <distance>24573</distance>
        </extensions>
      </trkpt>
      <trkpt lat="-33.72692" lon="150.37197">
        <ele>832</ele>
        <extensions>
          <distance>24583</distance>
        </extensions>
      </trkpt>
      <trkpt lat="-33.72695" lon="150.37229">
        <ele>832</ele>
        <extensions>
          <distance>24612</distance>
        </extensions>
      </trkpt>
      <trkpt lat="-33.7269" lon="150.37241">
        <ele>833</ele>
        <extensions>
          <distance>24625</distance>
        </extensions>
      </trkpt>
      <trkpt lat="-33.72691" lon="150.37247">
        <ele>836</ele>
        <extensions>
          <distance>24631</distance>
        </extensions>
      </trkpt>
      <trkpt lat="-33.727" lon="150.37253">
        <ele>836</ele>
        <extensions>
          <distance>24642</distance>
        </extensions>
      </trkpt>
      <trkpt lat="-33.727" lon="150.37266">
        <ele>837</ele>
        <extensions>
          <distance>24654</distance>
        </extensions>
      </trkpt>
      <trkpt lat="-33.72695" lon="150.37276">
        <ele>843</ele>
        <extensions>
          <distance>24666</distance>
        </extensions>
      </trkpt>
      <trkpt lat="-33.72689" lon="150.37285">
        <ele>847</ele>
        <extensions>
          <distance>24677</distance>
        </extensions>
      </trkpt>
      <trkpt lat="-33.72688" lon="150.37291">
        <ele>847</ele>
        <extensions>
          <distance>24683</distance>
        </extensions>
      </trkpt>
      <trkpt lat="-33.7269" lon="150.37297">
        <ele>847</ele>
        <extensions>
          <distance>24689</distance>
        </extensions>
      </trkpt>
      <trkpt lat="-33.72695" lon="150.37305">
        <ele>847</ele>
        <extensions>
          <distance>24698</distance>
        </extensions>
      </trkpt>
      <trkpt lat="-33.72699" lon="150.37317">
        <ele>843</ele>
        <extensions>
          <distance>24710</distance>
        </extensions>
      </trkpt>
      <trkpt lat="-33.72699" lon="150.37335">
        <ele>841</ele>
        <extensions>
          <distance>24727</distance>
        </extensions>
      </trkpt>
      <trkpt lat="-33.72695" lon="150.37347">
        <ele>841</ele>
        <extensions>
          <distance>24739</distance>
        </extensions>
      </trkpt>
      <trkpt lat="-33.7268" lon="150.37361">
        <ele>841</ele>
        <extensions>
          <distance>24760</distance>
        </extensions>
      </trkpt>
      <trkpt lat="-33.72674" lon="150.37371">
        <ele>841</ele>
        <extensions>
          <distance>24771</distance>
        </extensions>
      </trkpt>
      <trkpt lat="-33.72672" lon="150.37377">
        <ele>841</ele>
        <extensions>
          <distance>24777</distance>
        </extensions>
      </trkpt>
      <trkpt lat="-33.72671" lon="150.37386">
        <ele>840</ele>
        <extensions>
          <distance>24786</distance>
        </extensions>
      </trkpt>
      <trkpt lat="-33.72675" lon="150.37391">
        <ele>837</ele>
        <extensions>
          <distance>24793</distance>
        </extensions>
      </trkpt>
      <trkpt lat="-33.72675" lon="150.37393">
        <ele>835</ele>
        <extensions>
          <distance>24795</distance>
        </extensions>
      </trkpt>
      <trkpt lat="-33.72678" lon="150.37401">
        <ele>830</ele>
        <extensions>
          <distance>24805</distance>
        </extensions>
      </trkpt>
      <trkpt lat="-33.72686" lon="150.37411">
        <ele>821</ele>
        <extensions>
          <distance>24821</distance>
        </extensions>
      </trkpt>
      <trkpt lat="-33.72703" lon="150.37422">
        <ele>821</ele>
        <extensions>
          <distance>24842</distance>
        </extensions>
      </trkpt>
      <trkpt lat="-33.727154999999996" lon="150.37429">
        <ele>818</ele>
        <extensions>
          <distance>24858</distance>
        </extensions>
      </trkpt>
      <trkpt lat="-33.72728" lon="150.37436">
        <ele>815</ele>
        <extensions>
          <distance>24873</distance>
        </extensions>
      </trkpt>
      <trkpt lat="-33.72742" lon="150.37445">
        <ele>815</ele>
        <extensions>
          <distance>24891</distance>
        </extensions>
      </trkpt>
      <trkpt lat="-33.72751" lon="150.37456">
        <ele>810</ele>
        <extensions>
          <distance>24905</distance>
        </extensions>
      </trkpt>
      <trkpt lat="-33.72755" lon="150.37471">
        <ele>810</ele>
        <extensions>
          <distance>24920</distance>
        </extensions>
      </trkpt>
      <trkpt lat="-33.72758" lon="150.37478">
        <ele>809</ele>
        <extensions>
          <distance>24927</distance>
        </extensions>
      </trkpt>
      <trkpt lat="-33.72764" lon="150.37484">
        <ele>808</ele>
        <extensions>
          <distance>24936</distance>
        </extensions>
      </trkpt>
      <trkpt lat="-33.72777" lon="150.37484">
        <ele>808</ele>
        <extensions>
          <distance>24950</distance>
        </extensions>
      </trkpt>
      <trkpt lat="-33.72779" lon="150.37481">
        <ele>808</ele>
        <extensions>
          <distance>24954</distance>
        </extensions>
      </trkpt>
      <trkpt lat="-33.7278" lon="150.37473">
        <ele>808</ele>
        <extensions>
          <distance>24961</distance>
        </extensions>
      </trkpt>
      <trkpt lat="-33.72787" lon="150.37473">
        <ele>810</ele>
        <extensions>
          <distance>24969</distance>
        </extensions>
      </trkpt>
      <trkpt lat="-33.72792" lon="150.37476">
        <ele>810</ele>
        <extensions>
          <distance>24975</distance>
        </extensions>
      </trkpt>
      <trkpt lat="-33.72794" lon="150.37474">
        <ele>810</ele>
        <extensions>
          <distance>24978</distance>
        </extensions>
      </trkpt>
      <trkpt lat="-33.728" lon="150.37474">
        <ele>810</ele>
        <extensions>
          <distance>24985</distance>
        </extensions>
      </trkpt>
      <trkpt lat="-33.72805" lon="150.37472">
        <ele>810</ele>
        <extensions>
          <distance>24991</distance>
        </extensions>
      </trkpt>
      <trkpt lat="-33.7281" lon="150.37468">
        <ele>809</ele>
        <extensions>
          <distance>24998</distance>
        </extensions>
      </trkpt>
      <trkpt lat="-33.72815" lon="150.37459">
        <ele>806</ele>
        <extensions>
          <distance>25008</distance>
        </extensions>
      </trkpt>
      <trkpt lat="-33.72816" lon="150.37454">
        <ele>804</ele>
        <extensions>
          <distance>25012</distance>
        </extensions>
      </trkpt>
      <trkpt lat="-33.72819" lon="150.37455">
        <ele>804</ele>
        <extensions>
          <distance>25016</distance>
        </extensions>
      </trkpt>
      <trkpt lat="-33.72819" lon="150.37451">
        <ele>803</ele>
        <extensions>
          <distance>25020</distance>
        </extensions>
      </trkpt>
      <trkpt lat="-33.72821" lon="150.37454">
        <ele>803</ele>
        <extensions>
          <distance>25023</distance>
        </extensions>
      </trkpt>
      <trkpt lat="-33.72821" lon="150.37452">
        <ele>803</ele>
        <extensions>
          <distance>25025</distance>
        </extensions>
      </trkpt>
      <trkpt lat="-33.72826" lon="150.37449">
        <ele>803</ele>
        <extensions>
          <distance>25032</distance>
        </extensions>
      </trkpt>
      <trkpt lat="-33.7285" lon="150.37462">
        <ele>807</ele>
        <extensions>
          <distance>25061</distance>
        </extensions>
      </trkpt>
      <trkpt lat="-33.72861" lon="150.37465">
        <ele>809</ele>
        <extensions>
          <distance>25073</distance>
        </extensions>
      </trkpt>
      <trkpt lat="-33.728745" lon="150.37465">
        <ele>815.5</ele>
        <extensions>
          <distance>25090</distance>
        </extensions>
      </trkpt>
      <trkpt lat="-33.72888" lon="150.37465">
        <ele>815.5</ele>
        <extensions>
          <distance>25105</distance>
        </extensions>
      </trkpt>
      <trkpt lat="-33.72892" lon="150.37461">
        <ele>815.5</ele>
        <extensions>
          <distance>25110</distance>
        </extensions>
      </trkpt>
      <trkpt lat="-33.72894" lon="150.37452">
        <ele>815.5</ele>
        <extensions>
          <distance>25119</distance>
        </extensions>
      </trkpt>
      <trkpt lat="-33.72891" lon="150.37436">
        <ele>813</ele>
        <extensions>
          <distance>25134</distance>
        </extensions>
      </trkpt>
      <trkpt lat="-33.72885" lon="150.37413">
        <ele>813</ele>
        <extensions>
          <distance>25157</distance>
        </extensions>
      </trkpt>
      <trkpt lat="-33.72886" lon="150.37404">
        <ele>809</ele>
        <extensions>
          <distance>25165</distance>
        </extensions>
      </trkpt>
      <trkpt lat="-33.72891" lon="150.37397">
        <ele>809</ele>
        <extensions>
          <distance>25174</distance>
        </extensions>
      </trkpt>
      <trkpt lat="-33.729" lon="150.374">
        <ele>809</ele>
        <extensions>
          <distance>25184</distance>
        </extensions>
      </trkpt>
      <trkpt lat="-33.7291" lon="150.37401">
        <ele>809</ele>
        <extensions>
          <distance>25195</distance>
        </extensions>
      </trkpt>
      <trkpt lat="-33.72917" lon="150.374">
        <ele>820</ele>
        <extensions>
          <distance>25205</distance>
        </extensions>
      </trkpt>
      <trkpt lat="-33.72931" lon="150.37399499999998">
        <ele>829</ele>
        <extensions>
          <distance>25223</distance>
        </extensions>
      </trkpt>
      <trkpt lat="-33.72945" lon="150.37399">
        <ele>831</ele>
        <extensions>
          <distance>25238</distance>
        </extensions>
      </trkpt>
      <trkpt lat="-33.7297" lon="150.37401">
        <ele>839</ele>
        <extensions>
          <distance>25267</distance>
        </extensions>
      </trkpt>
      <trkpt lat="-33.72994" lon="150.37405">
        <ele>844</ele>
        <extensions>
          <distance>25295</distance>
        </extensions>
      </trkpt>
      <trkpt lat="-33.73002" lon="150.37409">
        <ele>844</ele>
        <extensions>
          <distance>25304</distance>
        </extensions>
      </trkpt>
      <trkpt lat="-33.73022" lon="150.3743">
        <ele>844</ele>
        <extensions>
          <distance>25334</distance>
        </extensions>
      </trkpt>
      <trkpt lat="-33.73028" lon="150.37434">
        <ele>844</ele>
        <extensions>
          <distance>25341</distance>
        </extensions>
      </trkpt>
      <trkpt lat="-33.730425" lon="150.374325">
        <ele>844</ele>
        <extensions>
          <distance>25357</distance>
        </extensions>
      </trkpt>
      <trkpt lat="-33.73057" lon="150.37431">
        <ele>844</ele>
        <extensions>
          <distance>25374</distance>
        </extensions>
      </trkpt>
      <trkpt lat="-33.73066" lon="150.37437">
        <ele>844</ele>
        <extensions>
          <distance>25385</distance>
        </extensions>
      </trkpt>
      <trkpt lat="-33.73083" lon="150.37432">
        <ele>845</ele>
        <extensions>
          <distance>25404</distance>
        </extensions>
      </trkpt>
      <trkpt lat="-33.73092" lon="150.37428">
        <ele>845</ele>
        <extensions>
          <distance>25415</distance>
        </extensions>
      </trkpt>
      <trkpt lat="-33.73096" lon="150.37416">
        <ele>845</ele>
        <extensions>
          <distance>25427</distance>
        </extensions>
      </trkpt>
      <trkpt lat="-33.73113" lon="150.37396">
        <ele>846</ele>
        <extensions>
          <distance>25453</distance>
        </extensions>
      </trkpt>
      <trkpt lat="-33.731335" lon="150.373815">
        <ele>846</ele>
        <extensions>
          <distance>25480</distance>
        </extensions>
      </trkpt>
      <trkpt lat="-33.73154" lon="150.37367">
        <ele>846</ele>
        <extensions>
          <distance>25506</distance>
        </extensions>
      </trkpt>
      <trkpt lat="-33.73157" lon="150.37357">
        <ele>846</ele>
        <extensions>
          <distance>25516</distance>
        </extensions>
      </trkpt>
      <trkpt lat="-33.73165" lon="150.37345">
        <ele>846</ele>
        <extensions>
          <distance>25530</distance>
        </extensions>
      </trkpt>
      <trkpt lat="-33.73172" lon="150.37337">
        <ele>846</ele>
        <extensions>
          <distance>25541</distance>
        </extensions>
      </trkpt>
      <trkpt lat="-33.73192" lon="150.37326">
        <ele>846</ele>
        <extensions>
          <distance>25565</distance>
        </extensions>
      </trkpt>
      <trkpt lat="-33.732145" lon="150.37318499999998">
        <ele>848.5</ele>
        <extensions>
          <distance>25591</distance>
        </extensions>
      </trkpt>
      <trkpt lat="-33.73237" lon="150.37311">
        <ele>851</ele>
        <extensions>
          <distance>25617</distance>
        </extensions>
      </trkpt>
      <trkpt lat="-33.73251" lon="150.37302">
        <ele>852</ele>
        <extensions>
          <distance>25635</distance>
        </extensions>
      </trkpt>
      <trkpt lat="-33.73265" lon="150.37289">
        <ele>855</ele>
        <extensions>
          <distance>25655</distance>
        </extensions>
      </trkpt>
      <trkpt lat="-33.73271" lon="150.37285">
        <ele>856</ele>
        <extensions>
          <distance>25663</distance>
        </extensions>
      </trkpt>
      <trkpt lat="-33.73276" lon="150.37283">
        <ele>858</ele>
        <extensions>
          <distance>25669</distance>
        </extensions>
      </trkpt>
      <trkpt lat="-33.73283" lon="150.37284">
        <ele>859</ele>
        <extensions>
          <distance>25677</distance>
        </extensions>
      </trkpt>
      <trkpt lat="-33.73305" lon="150.37284">
        <ele>863</ele>
        <extensions>
          <distance>25701</distance>
        </extensions>
      </trkpt>
      <trkpt lat="-33.73313" lon="150.37282">
        <ele>865</ele>
        <extensions>
          <distance>25710</distance>
        </extensions>
      </trkpt>
      <trkpt lat="-33.7332" lon="150.37279">
        <ele>867</ele>
        <extensions>
          <distance>25719</distance>
        </extensions>
      </trkpt>
      <trkpt lat="-33.73326" lon="150.37278">
        <ele>869</ele>
        <extensions>
          <distance>25726</distance>
        </extensions>
      </trkpt>
      <trkpt lat="-33.73334" lon="150.37279">
        <ele>871</ele>
        <extensions>
          <distance>25735</distance>
        </extensions>
      </trkpt>
      <trkpt lat="-33.73343" lon="150.37282">
        <ele>872</ele>
        <extensions>
          <distance>25746</distance>
        </extensions>
      </trkpt>
      <trkpt lat="-33.7336" lon="150.37294">
        <ele>873</ele>
        <extensions>
          <distance>25768</distance>
        </extensions>
      </trkpt>
      <trkpt lat="-33.73371" lon="150.37297">
        <ele>873</ele>
        <extensions>
          <distance>25780</distance>
        </extensions>
      </trkpt>
      <trkpt lat="-33.73375" lon="150.37295">
        <ele>873</ele>
        <extensions>
          <distance>25785</distance>
        </extensions>
      </trkpt>
      <trkpt lat="-33.73378" lon="150.37292">
        <ele>873</ele>
        <extensions>
          <distance>25789</distance>
        </extensions>
      </trkpt>
      <trkpt lat="-33.73382" lon="150.37281">
        <ele>871</ele>
        <extensions>
          <distance>25800</distance>
        </extensions>
      </trkpt>
      <trkpt lat="-33.73386" lon="150.37274">
        <ele>868</ele>
        <extensions>
          <distance>25808</distance>
        </extensions>
      </trkpt>
      <trkpt lat="-33.73391" lon="150.37271">
        <ele>868</ele>
        <extensions>
          <distance>25814</distance>
        </extensions>
      </trkpt>
      <trkpt lat="-33.73397" lon="150.37271">
        <ele>868</ele>
        <extensions>
          <distance>25821</distance>
        </extensions>
      </trkpt>
      <trkpt lat="-33.73404" lon="150.37272">
        <ele>868</ele>
        <extensions>
          <distance>25829</distance>
        </extensions>
      </trkpt>
      <trkpt lat="-33.73421" lon="150.37279">
        <ele>869</ele>
        <extensions>
          <distance>25849</distance>
        </extensions>
      </trkpt>
      <trkpt lat="-33.73429" lon="150.37284">
        <ele>869</ele>
        <extensions>
          <distance>25859</distance>
        </extensions>
      </trkpt>
      <trkpt lat="-33.73438" lon="150.37287">
        <ele>869</ele>
        <extensions>
          <distance>25869</distance>
        </extensions>
      </trkpt>
      <trkpt lat="-33.7345" lon="150.37289">
        <ele>869</ele>
        <extensions>
          <distance>25883</distance>
        </extensions>
      </trkpt>
      <trkpt lat="-33.73464" lon="150.37287">
        <ele>867</ele>
        <extensions>
          <distance>25898</distance>
        </extensions>
      </trkpt>
      <trkpt lat="-33.73472" lon="150.37284">
        <ele>864</ele>
        <extensions>
          <distance>25908</distance>
        </extensions>
      </trkpt>
      <trkpt lat="-33.73485" lon="150.372775">
        <ele>862.5</ele>
        <extensions>
          <distance>25923</distance>
        </extensions>
      </trkpt>
      <trkpt lat="-33.73498" lon="150.37271">
        <ele>861</ele>
        <extensions>
          <distance>25939</distance>
        </extensions>
      </trkpt>
      <trkpt lat="-33.73506" lon="150.37269">
        <ele>860</ele>
        <extensions>
          <distance>25948</distance>
        </extensions>
      </trkpt>
      <trkpt lat="-33.7352" lon="150.37269">
        <ele>860</ele>
        <extensions>
          <distance>25964</distance>
        </extensions>
      </trkpt>
      <trkpt lat="-33.73525" lon="150.37265">
        <ele>859</ele>
        <extensions>
          <distance>25970</distance>
        </extensions>
      </trkpt>
      <trkpt lat="-33.7353" lon="150.37259">
        <ele>859</ele>
        <extensions>
          <distance>25978</distance>
        </extensions>
      </trkpt>
      <trkpt lat="-33.73536" lon="150.37256">
        <ele>859</ele>
        <extensions>
          <distance>25985</distance>
        </extensions>
      </trkpt>
      <trkpt lat="-33.73547" lon="150.37246499999998">
        <ele>859</ele>
        <extensions>
          <distance>26000</distance>
        </extensions>
      </trkpt>
      <trkpt lat="-33.73558" lon="150.37237">
        <ele>859</ele>
        <extensions>
          <distance>26016</distance>
        </extensions>
      </trkpt>
      <trkpt lat="-33.73575" lon="150.37226">
        <ele>864</ele>
        <extensions>
          <distance>26037</distance>
        </extensions>
      </trkpt>
      <trkpt lat="-33.73583" lon="150.37223">
        <ele>867</ele>
        <extensions>
          <distance>26047</distance>
        </extensions>
      </trkpt>
      <trkpt lat="-33.73594" lon="150.37221">
        <ele>870</ele>
        <extensions>
          <distance>26059</distance>
        </extensions>
      </trkpt>
      <trkpt lat="-33.736" lon="150.37222">
        <ele>872</ele>
        <extensions>
          <distance>26066</distance>
        </extensions>
      </trkpt>
      <trkpt lat="-33.73608" lon="150.37231">
        <ele>875</ele>
        <extensions>
          <distance>26079</distance>
        </extensions>
      </trkpt>
      <trkpt lat="-33.73616" lon="150.37235">
        <ele>876</ele>
        <extensions>
          <distance>26089</distance>
        </extensions>
      </trkpt>
      <trkpt lat="-33.73622" lon="150.37237">
        <ele>877</ele>
        <extensions>
          <distance>26096</distance>
        </extensions>
      </trkpt>
      <trkpt lat="-33.73641" lon="150.37241">
        <ele>878</ele>
        <extensions>
          <distance>26117</distance>
        </extensions>
      </trkpt>
      <trkpt lat="-33.73663" lon="150.37251500000002">
        <ele>880</ele>
        <extensions>
          <distance>26143</distance>
        </extensions>
      </trkpt>
      <trkpt lat="-33.73685" lon="150.37262">
        <ele>880</ele>
        <extensions>
          <distance>26170</distance>
        </extensions>
      </trkpt>
      <trkpt lat="-33.737095" lon="150.3727">
        <ele>880</ele>
        <extensions>
          <distance>26198</distance>
        </extensions>
      </trkpt>
      <trkpt lat="-33.73734" lon="150.37278">
        <ele>880</ele>
        <extensions>
          <distance>26226</distance>
        </extensions>
      </trkpt>
      <trkpt lat="-33.73743" lon="150.3728">
        <ele>877</ele>
        <extensions>
          <distance>26236</distance>
        </extensions>
      </trkpt>
      <trkpt lat="-33.73746" lon="150.37286">
        <ele>877</ele>
        <extensions>
          <distance>26243</distance>
        </extensions>
      </trkpt>
      <trkpt lat="-33.73749" lon="150.37287">
        <ele>877</ele>
        <extensions>
          <distance>26246</distance>
        </extensions>
      </trkpt>
      <trkpt lat="-33.73754" lon="150.37288">
        <ele>877</ele>
        <extensions>
          <distance>26252</distance>
        </extensions>
      </trkpt>
      <trkpt lat="-33.737785" lon="150.37285500000002">
        <ele>877.5</ele>
        <extensions>
          <distance>26279</distance>
        </extensions>
      </trkpt>
      <trkpt lat="-33.73803" lon="150.37283">
        <ele>877.5</ele>
        <extensions>
          <distance>26306</distance>
        </extensions>
      </trkpt>
      <trkpt lat="-33.73808" lon="150.37283">
        <ele>877.5</ele>
        <extensions>
          <distance>26312</distance>
        </extensions>
      </trkpt>
      <trkpt lat="-33.73809" lon="150.37284">
        <ele>877.5</ele>
        <extensions>
          <distance>26313</distance>
        </extensions>
      </trkpt>
      <trkpt lat="-33.738095" lon="150.3731225">
        <ele>876.5</ele>
        <extensions>
          <distance>26339</distance>
        </extensions>
      </trkpt>
      <trkpt lat="-33.7381" lon="150.373405">
        <ele>875</ele>
        <extensions>
          <distance>26366</distance>
        </extensions>
      </trkpt>
      <trkpt lat="-33.738105000000004" lon="150.37368750000002">
        <ele>874.75</ele>
        <extensions>
          <distance>26392</distance>
        </extensions>
      </trkpt>
      <trkpt lat="-33.73811" lon="150.37397">
        <ele>874.75</ele>
        <extensions>
          <distance>26418</distance>
        </extensions>
      </trkpt>
      <trkpt lat="-33.73817375" lon="150.374214375">
        <ele>874.75</ele>
        <extensions>
          <distance>26442</distance>
        </extensions>
      </trkpt>
      <trkpt lat="-33.7382375" lon="150.37445875000003">
        <ele>874.75</ele>
        <extensions>
          <distance>26465</distance>
        </extensions>
      </trkpt>
      <trkpt lat="-33.73830125" lon="150.37470312500002">
        <ele>876.125</ele>
        <extensions>
          <distance>26489</distance>
        </extensions>
      </trkpt>
      <trkpt lat="-33.738365" lon="150.37494750000002">
        <ele>877.5</ele>
        <extensions>
          <distance>26513</distance>
        </extensions>
      </trkpt>
      <trkpt lat="-33.73842875" lon="150.375191875">
        <ele>878.875</ele>
        <extensions>
          <distance>26537</distance>
        </extensions>
      </trkpt>
      <trkpt lat="-33.7384925" lon="150.37543625">
        <ele>880.25</ele>
        <extensions>
          <distance>26560</distance>
        </extensions>
      </trkpt>
      <trkpt lat="-33.73855625" lon="150.375680625">
        <ele>881.625</ele>
        <extensions>
          <distance>26584</distance>
        </extensions>
      </trkpt>
      <trkpt lat="-33.73862" lon="150.375925">
        <ele>883</ele>
        <extensions>
          <distance>26608</distance>
        </extensions>
      </trkpt>
      <trkpt lat="-33.73868375" lon="150.376169375">
        <ele>884.375</ele>
        <extensions>
          <distance>26632</distance>
        </extensions>
      </trkpt>
      <trkpt lat="-33.7387475" lon="150.37641374999998">
        <ele>885.75</ele>
        <extensions>
          <distance>26655</distance>
        </extensions>
      </trkpt>
      <trkpt lat="-33.73881125" lon="150.376658125">
        <ele>887.125</ele>
        <extensions>
          <distance>26679</distance>
        </extensions>
      </trkpt>
      <trkpt lat="-33.738875" lon="150.3769025">
        <ele>888.5</ele>
        <extensions>
          <distance>26703</distance>
        </extensions>
      </trkpt>
      <trkpt lat="-33.73893875" lon="150.377146875">
        <ele>889.875</ele>
        <extensions>
          <distance>26727</distance>
        </extensions>
      </trkpt>
      <trkpt lat="-33.7390025" lon="150.37739125000002">
        <ele>891.25</ele>
        <extensions>
          <distance>26750</distance>
        </extensions>
      </trkpt>
      <trkpt lat="-33.73906625" lon="150.377635625">
        <ele>892.625</ele>
        <extensions>
          <distance>26774</distance>
        </extensions>
      </trkpt>
      <trkpt lat="-33.73913" lon="150.37788">
        <ele>894</ele>
        <extensions>
          <distance>26798</distance>
        </extensions>
      </trkpt>
      <trkpt lat="-33.73933625" lon="150.37781999999999">
        <ele>894.25</ele>
        <extensions>
          <distance>26822</distance>
        </extensions>
      </trkpt>
      <trkpt lat="-33.7395425" lon="150.37776">
        <ele>894.5</ele>
        <extensions>
          <distance>26845</distance>
        </extensions>
      </trkpt>
      <trkpt lat="-33.739748750000004" lon="150.3777">
        <ele>894.75</ele>
        <extensions>
          <distance>26869</distance>
        </extensions>
      </trkpt>
      <trkpt lat="-33.739955" lon="150.37763999999999">
        <ele>895</ele>
        <extensions>
          <distance>26892</distance>
        </extensions>
      </trkpt>
      <trkpt lat="-33.74016125" lon="150.37758">
        <ele>895.25</ele>
        <extensions>
          <distance>26916</distance>
        </extensions>
      </trkpt>
      <trkpt lat="-33.740367500000005" lon="150.37752">
        <ele>895.25</ele>
        <extensions>
          <distance>26939</distance>
        </extensions>
      </trkpt>
      <trkpt lat="-33.74057375" lon="150.37745999999999">
        <ele>895.25</ele>
        <extensions>
          <distance>26963</distance>
        </extensions>
      </trkpt>
      <trkpt lat="-33.74078" lon="150.3774">
        <ele>895.25</ele>
        <extensions>
          <distance>26986</distance>
        </extensions>
      </trkpt>
      <trkpt lat="-33.74091" lon="150.3774">
        <ele>895</ele>
        <extensions>
          <distance>27001</distance>
        </extensions>
      </trkpt>
      <trkpt lat="-33.7411075" lon="150.377445">
        <ele>890</ele>
        <extensions>
          <distance>27023</distance>
        </extensions>
      </trkpt>
      <trkpt lat="-33.741305" lon="150.37749">
        <ele>889</ele>
        <extensions>
          <distance>27045</distance>
        </extensions>
      </trkpt>
      <trkpt lat="-33.741502499999996" lon="150.377535">
        <ele>888</ele>
        <extensions>
          <distance>27068</distance>
        </extensions>
      </trkpt>
      <trkpt lat="-33.7417" lon="150.37758">
        <ele>888</ele>
        <extensions>
          <distance>27090</distance>
        </extensions>
      </trkpt>
      <trkpt lat="-33.74177" lon="150.37761">
        <ele>888</ele>
        <extensions>
          <distance>27098</distance>
        </extensions>
      </trkpt>
      <trkpt lat="-33.7418" lon="150.37771">
        <ele>888</ele>
        <extensions>
          <distance>27108</distance>
        </extensions>
      </trkpt>
      <trkpt lat="-33.74184" lon="150.37776">
        <ele>888</ele>
        <extensions>
          <distance>27114</distance>
        </extensions>
      </trkpt>
      <trkpt lat="-33.7419" lon="150.37778">
        <ele>888</ele>
        <extensions>
          <distance>27121</distance>
        </extensions>
      </trkpt>
      <trkpt lat="-33.74193" lon="150.3778">
        <ele>888</ele>
        <extensions>
          <distance>27125</distance>
        </extensions>
      </trkpt>
      <trkpt lat="-33.74196" lon="150.37786">
        <ele>888</ele>
        <extensions>
          <distance>27132</distance>
        </extensions>
      </trkpt>
      <trkpt lat="-33.742" lon="150.37791">
        <ele>888</ele>
        <extensions>
          <distance>27138</distance>
        </extensions>
      </trkpt>
      <trkpt lat="-33.74207" lon="150.37796">
        <ele>888</ele>
        <extensions>
          <distance>27147</distance>
        </extensions>
      </trkpt>
      <trkpt lat="-33.74214" lon="150.37799">
        <ele>887</ele>
        <extensions>
          <distance>27155</distance>
        </extensions>
      </trkpt>
      <trkpt lat="-33.74216" lon="150.37802">
        <ele>887</ele>
        <extensions>
          <distance>27159</distance>
        </extensions>
      </trkpt>
      <trkpt lat="-33.742239999999995" lon="150.37824999999998">
        <ele>887</ele>
        <extensions>
          <distance>27182</distance>
        </extensions>
      </trkpt>
      <trkpt lat="-33.74232" lon="150.37848">
        <ele>887</ele>
        <extensions>
          <distance>27205</distance>
        </extensions>
      </trkpt>
      <trkpt lat="-33.74235" lon="150.37871">
        <ele>887</ele>
        <extensions>
          <distance>27227</distance>
        </extensions>
      </trkpt>
      <trkpt lat="-33.74233" lon="150.3788">
        <ele>887</ele>
        <extensions>
          <distance>27235</distance>
        </extensions>
      </trkpt>
      <trkpt lat="-33.74233" lon="150.37884">
        <ele>887</ele>
        <extensions>
          <distance>27239</distance>
        </extensions>
      </trkpt>
      <trkpt lat="-33.74235" lon="150.37894">
        <ele>887</ele>
        <extensions>
          <distance>27249</distance>
        </extensions>
      </trkpt>
      <trkpt lat="-33.742585000000005" lon="150.37895500000002">
        <ele>885.75</ele>
        <extensions>
          <distance>27275</distance>
        </extensions>
      </trkpt>
      <trkpt lat="-33.74282" lon="150.37897">
        <ele>885.75</ele>
        <extensions>
          <distance>27301</distance>
        </extensions>
      </trkpt>
      <trkpt lat="-33.74302" lon="150.37893125">
        <ele>885</ele>
        <extensions>
          <distance>27323</distance>
        </extensions>
      </trkpt>
      <trkpt lat="-33.74322" lon="150.3788925">
        <ele>882.625</ele>
        <extensions>
          <distance>27346</distance>
        </extensions>
      </trkpt>
      <trkpt lat="-33.74342" lon="150.37885375000002">
        <ele>882.625</ele>
        <extensions>
          <distance>27368</distance>
        </extensions>
      </trkpt>
      <trkpt lat="-33.74362" lon="150.378815">
        <ele>879.5</ele>
        <extensions>
          <distance>27391</distance>
        </extensions>
      </trkpt>
      <trkpt lat="-33.74382" lon="150.37877625">
        <ele>876.375</ele>
        <extensions>
          <distance>27414</distance>
        </extensions>
      </trkpt>
      <trkpt lat="-33.74402" lon="150.3787375">
        <ele>873.25</ele>
        <extensions>
          <distance>27436</distance>
        </extensions>
      </trkpt>
      <trkpt lat="-33.74422" lon="150.37869875">
        <ele>870.125</ele>
        <extensions>
          <distance>27459</distance>
        </extensions>
      </trkpt>
      <trkpt lat="-33.74442" lon="150.37866">
        <ele>867</ele>
        <extensions>
          <distance>27482</distance>
        </extensions>
      </trkpt>
      <trkpt lat="-33.7445775" lon="150.37856749999997">
        <ele>866.75</ele>
        <extensions>
          <distance>27501</distance>
        </extensions>
      </trkpt>
      <trkpt lat="-33.744735" lon="150.37847499999998">
        <ele>866.75</ele>
        <extensions>
          <distance>27521</distance>
        </extensions>
      </trkpt>
      <trkpt lat="-33.7448925" lon="150.3783825">
        <ele>866.75</ele>
        <extensions>
          <distance>27540</distance>
        </extensions>
      </trkpt>
      <trkpt lat="-33.74505" lon="150.37829">
        <ele>866.75</ele>
        <extensions>
          <distance>27559</distance>
        </extensions>
      </trkpt>
      <trkpt lat="-33.74522" lon="150.378225">
        <ele>872.5</ele>
        <extensions>
          <distance>27579</distance>
        </extensions>
      </trkpt>
      <trkpt lat="-33.74539" lon="150.37816">
        <ele>878.625</ele>
        <extensions>
          <distance>27600</distance>
        </extensions>
      </trkpt>
      <trkpt lat="-33.745543749999996" lon="150.37814125">
        <ele>878.625</ele>
        <extensions>
          <distance>27617</distance>
        </extensions>
      </trkpt>
      <trkpt lat="-33.7456975" lon="150.37812250000002">
        <ele>878.625</ele>
        <extensions>
          <distance>27634</distance>
        </extensions>
      </trkpt>
      <trkpt lat="-33.74585125" lon="150.37810375">
        <ele>878.625</ele>
        <extensions>
          <distance>27652</distance>
        </extensions>
      </trkpt>
      <trkpt lat="-33.746005" lon="150.378085">
        <ele>878.5</ele>
        <extensions>
          <distance>27669</distance>
        </extensions>
      </trkpt>
      <trkpt lat="-33.74615875" lon="150.37806625">
        <ele>878.375</ele>
        <extensions>
          <distance>27686</distance>
        </extensions>
      </trkpt>
      <trkpt lat="-33.7463125" lon="150.37804749999998">
        <ele>878.25</ele>
        <extensions>
          <distance>27703</distance>
        </extensions>
      </trkpt>
      <trkpt lat="-33.74646625" lon="150.37802875">
        <ele>878.125</ele>
        <extensions>
          <distance>27720</distance>
        </extensions>
      </trkpt>
      <trkpt lat="-33.74662" lon="150.37801">
        <ele>878</ele>
        <extensions>
          <distance>27737</distance>
        </extensions>
      </trkpt>
      <trkpt lat="-33.74675" lon="150.377885">
        <ele>875</ele>
        <extensions>
          <distance>27756</distance>
        </extensions>
      </trkpt>
      <trkpt lat="-33.74688" lon="150.37776">
        <ele>872</ele>
        <extensions>
          <distance>27775</distance>
        </extensions>
      </trkpt>
      <trkpt lat="-33.7470125" lon="150.3776925">
        <ele>870</ele>
        <extensions>
          <distance>27790</distance>
        </extensions>
      </trkpt>
      <trkpt lat="-33.747145" lon="150.377625">
        <ele>868</ele>
        <extensions>
          <distance>27807</distance>
        </extensions>
      </trkpt>
      <trkpt lat="-33.7472775" lon="150.3775575">
        <ele>866</ele>
        <extensions>
          <distance>27823</distance>
        </extensions>
      </trkpt>
      <trkpt lat="-33.74741" lon="150.37749">
        <ele>864</ele>
        <extensions>
          <distance>27839</distance>
        </extensions>
      </trkpt>
      <trkpt lat="-33.74744" lon="150.37746">
        <ele>863</ele>
        <extensions>
          <distance>27843</distance>
        </extensions>
      </trkpt>
      <trkpt lat="-33.747576249999995" lon="150.377365">
        <ele>863</ele>
        <extensions>
          <distance>27861</distance>
        </extensions>
      </trkpt>
      <trkpt lat="-33.7477125" lon="150.37727">
        <ele>863</ele>
        <extensions>
          <distance>27878</distance>
        </extensions>
      </trkpt>
      <trkpt lat="-33.74784875" lon="150.37717500000002">
        <ele>863</ele>
        <extensions>
          <distance>27896</distance>
        </extensions>
      </trkpt>
      <trkpt lat="-33.747985" lon="150.37708">
        <ele>863</ele>
        <extensions>
          <distance>27913</distance>
        </extensions>
      </trkpt>
      <trkpt lat="-33.74812125" lon="150.376985">
        <ele>863</ele>
        <extensions>
          <distance>27931</distance>
        </extensions>
      </trkpt>
      <trkpt lat="-33.7482575" lon="150.37689">
        <ele>863</ele>
        <extensions>
          <distance>27948</distance>
        </extensions>
      </trkpt>
      <trkpt lat="-33.748393750000005" lon="150.37679500000002">
        <ele>862</ele>
        <extensions>
          <distance>27966</distance>
        </extensions>
      </trkpt>
      <trkpt lat="-33.74853" lon="150.3767">
        <ele>862</ele>
        <extensions>
          <distance>27983</distance>
        </extensions>
      </trkpt>
      <trkpt lat="-33.74869" lon="150.37665">
        <ele>861</ele>
        <extensions>
          <distance>28002</distance>
        </extensions>
      </trkpt>
      <trkpt lat="-33.74883" lon="150.37652">
        <ele>859</ele>
        <extensions>
          <distance>28021</distance>
        </extensions>
      </trkpt>
      <trkpt lat="-33.74905" lon="150.37637">
        <ele>858.5</ele>
        <extensions>
          <distance>28049</distance>
        </extensions>
      </trkpt>
      <trkpt lat="-33.74927" lon="150.37622">
        <ele>858.5</ele>
        <extensions>
          <distance>28077</distance>
        </extensions>
      </trkpt>
      <trkpt lat="-33.74946" lon="150.37606">
        <ele>858.5</ele>
        <extensions>
          <distance>28103</distance>
        </extensions>
      </trkpt>
      <trkpt lat="-33.749665" lon="150.375925">
        <ele>858.5</ele>
        <extensions>
          <distance>28129</distance>
        </extensions>
      </trkpt>
      <trkpt lat="-33.74987" lon="150.37579">
        <ele>858</ele>
        <extensions>
          <distance>28155</distance>
        </extensions>
      </trkpt>
      <trkpt lat="-33.74994" lon="150.37573">
        <ele>858</ele>
        <extensions>
          <distance>28165</distance>
        </extensions>
      </trkpt>
      <trkpt lat="-33.75009" lon="150.37562">
        <ele>858</ele>
        <extensions>
          <distance>28184</distance>
        </extensions>
      </trkpt>
      <trkpt lat="-33.75024" lon="150.37551">
        <ele>857</ele>
        <extensions>
          <distance>28204</distance>
        </extensions>
      </trkpt>
      <trkpt lat="-33.750370000000004" lon="150.37543499999998">
        <ele>857</ele>
        <extensions>
          <distance>28220</distance>
        </extensions>
      </trkpt>
      <trkpt lat="-33.7505" lon="150.37536">
        <ele>857</ele>
        <extensions>
          <distance>28236</distance>
        </extensions>
      </trkpt>
      <trkpt lat="-33.7506" lon="150.37523">
        <ele>857</ele>
        <extensions>
          <distance>28252</distance>
        </extensions>
      </trkpt>
      <trkpt lat="-33.750820000000004" lon="150.37507">
        <ele>862.5</ele>
        <extensions>
          <distance>28281</distance>
        </extensions>
      </trkpt>
      <trkpt lat="-33.75104" lon="150.37491">
        <ele>868</ele>
        <extensions>
          <distance>28310</distance>
        </extensions>
      </trkpt>
      <trkpt lat="-33.75116" lon="150.37479">
        <ele>871</ele>
        <extensions>
          <distance>28327</distance>
        </extensions>
      </trkpt>
      <trkpt lat="-33.75122" lon="150.37477">
        <ele>873</ele>
        <extensions>
          <distance>28334</distance>
        </extensions>
      </trkpt>
      <trkpt lat="-33.75132" lon="150.37457">
        <ele>876</ele>
        <extensions>
          <distance>28356</distance>
        </extensions>
      </trkpt>
      <trkpt lat="-33.75142" lon="150.37443">
        <ele>876</ele>
        <extensions>
          <distance>28373</distance>
        </extensions>
      </trkpt>
      <trkpt lat="-33.75145" lon="150.37442">
        <ele>876</ele>
        <extensions>
          <distance>28377</distance>
        </extensions>
      </trkpt>
      <trkpt lat="-33.75158" lon="150.37459">
        <ele>878</ele>
        <extensions>
          <distance>28398</distance>
        </extensions>
      </trkpt>
      <trkpt lat="-33.75165" lon="150.37457">
        <ele>878</ele>
        <extensions>
          <distance>28406</distance>
        </extensions>
      </trkpt>
      <trkpt lat="-33.75169" lon="150.37454">
        <ele>878</ele>
        <extensions>
          <distance>28411</distance>
        </extensions>
      </trkpt>
      <trkpt lat="-33.75175" lon="150.37452">
        <ele>878</ele>
        <extensions>
          <distance>28418</distance>
        </extensions>
      </trkpt>
      <trkpt lat="-33.7518" lon="150.37452">
        <ele>878</ele>
        <extensions>
          <distance>28424</distance>
        </extensions>
      </trkpt>
      <trkpt lat="-33.75201" lon="150.37461">
        <ele>871</ele>
        <extensions>
          <distance>28449</distance>
        </extensions>
      </trkpt>
      <trkpt lat="-33.752179999999996" lon="150.37469">
        <ele>869</ele>
        <extensions>
          <distance>28469</distance>
        </extensions>
      </trkpt>
      <trkpt lat="-33.75235" lon="150.37477">
        <ele>868</ele>
        <extensions>
          <distance>28489</distance>
        </extensions>
      </trkpt>
      <trkpt lat="-33.75251" lon="150.37488">
        <ele>868</ele>
        <extensions>
          <distance>28510</distance>
        </extensions>
      </trkpt>
      <trkpt lat="-33.75265" lon="150.374955">
        <ele>868</ele>
        <extensions>
          <distance>28527</distance>
        </extensions>
      </trkpt>
      <trkpt lat="-33.75279" lon="150.37503">
        <ele>868</ele>
        <extensions>
          <distance>28544</distance>
        </extensions>
      </trkpt>
      <trkpt lat="-33.75302" lon="150.37519">
        <ele>872</ele>
        <extensions>
          <distance>28573</distance>
        </extensions>
      </trkpt>
      <trkpt lat="-33.75315" lon="150.37522">
        <ele>872</ele>
        <extensions>
          <distance>28588</distance>
        </extensions>
      </trkpt>
      <trkpt lat="-33.75323" lon="150.37525">
        <ele>872</ele>
        <extensions>
          <distance>28597</distance>
        </extensions>
      </trkpt>
      <trkpt lat="-33.75339" lon="150.37527">
        <ele>872</ele>
        <extensions>
          <distance>28615</distance>
        </extensions>
      </trkpt>
      <trkpt lat="-33.75349" lon="150.37531">
        <ele>872</ele>
        <extensions>
          <distance>28627</distance>
        </extensions>
      </trkpt>
      <trkpt lat="-33.75355" lon="150.37541">
        <ele>869</ele>
        <extensions>
          <distance>28638</distance>
        </extensions>
      </trkpt>
      <trkpt lat="-33.75371" lon="150.37551">
        <ele>867</ele>
        <extensions>
          <distance>28658</distance>
        </extensions>
      </trkpt>
      <trkpt lat="-33.753905" lon="150.375575">
        <ele>864.5</ele>
        <extensions>
          <distance>28681</distance>
        </extensions>
      </trkpt>
      <trkpt lat="-33.7541" lon="150.37564">
        <ele>862</ele>
        <extensions>
          <distance>28704</distance>
        </extensions>
      </trkpt>
      <trkpt lat="-33.75419" lon="150.37563">
        <ele>860</ele>
        <extensions>
          <distance>28714</distance>
        </extensions>
      </trkpt>
      <trkpt lat="-33.75426" lon="150.37565">
        <ele>858</ele>
        <extensions>
          <distance>28722</distance>
        </extensions>
      </trkpt>
      <trkpt lat="-33.75433" lon="150.3757">
        <ele>856</ele>
        <extensions>
          <distance>28731</distance>
        </extensions>
      </trkpt>
      <trkpt lat="-33.754485" lon="150.37574">
        <ele>850</ele>
        <extensions>
          <distance>28750</distance>
        </extensions>
      </trkpt>
      <trkpt lat="-33.75464" lon="150.37578">
        <ele>849</ele>
        <extensions>
          <distance>28768</distance>
        </extensions>
      </trkpt>
      <trkpt lat="-33.7549" lon="150.37583">
        <ele>849</ele>
        <extensions>
          <distance>28797</distance>
        </extensions>
      </trkpt>
      <trkpt lat="-33.75495" lon="150.37586">
        <ele>849</ele>
        <extensions>
          <distance>28803</distance>
        </extensions>
      </trkpt>
      <trkpt lat="-33.75515" lon="150.37589">
        <ele>849</ele>
        <extensions>
          <distance>28825</distance>
        </extensions>
      </trkpt>
      <trkpt lat="-33.75518" lon="150.37591">
        <ele>849</ele>
        <extensions>
          <distance>28829</distance>
        </extensions>
      </trkpt>
      <trkpt lat="-33.75522" lon="150.37596">
        <ele>850</ele>
        <extensions>
          <distance>28836</distance>
        </extensions>
      </trkpt>
      <trkpt lat="-33.75536" lon="150.37602">
        <ele>853</ele>
        <extensions>
          <distance>28852</distance>
        </extensions>
      </trkpt>
      <trkpt lat="-33.7555" lon="150.37605">
        <ele>853</ele>
        <extensions>
          <distance>28868</distance>
        </extensions>
      </trkpt>
      <trkpt lat="-33.755669999999995" lon="150.376055">
        <ele>853</ele>
        <extensions>
          <distance>28887</distance>
        </extensions>
      </trkpt>
      <trkpt lat="-33.75584" lon="150.37606">
        <ele>853</ele>
        <extensions>
          <distance>28906</distance>
        </extensions>
      </trkpt>
      <trkpt lat="-33.75601" lon="150.37602">
        <ele>852</ele>
        <extensions>
          <distance>28925</distance>
        </extensions>
      </trkpt>
      <trkpt lat="-33.75622" lon="150.37603">
        <ele>847</ele>
        <extensions>
          <distance>28948</distance>
        </extensions>
      </trkpt>
      <trkpt lat="-33.75627" lon="150.37602">
        <ele>846</ele>
        <extensions>
          <distance>28954</distance>
        </extensions>
      </trkpt>
      <trkpt lat="-33.75634" lon="150.37599">
        <ele>844</ele>
        <extensions>
          <distance>28962</distance>
        </extensions>
      </trkpt>
      <trkpt lat="-33.75638" lon="150.37599">
        <ele>843</ele>
        <extensions>
          <distance>28967</distance>
        </extensions>
      </trkpt>
      <trkpt lat="-33.75657" lon="150.37604">
        <ele>839</ele>
        <extensions>
          <distance>28989</distance>
        </extensions>
      </trkpt>
      <trkpt lat="-33.75675" lon="150.37602">
        <ele>837</ele>
        <extensions>
          <distance>29009</distance>
        </extensions>
      </trkpt>
      <trkpt lat="-33.75688" lon="150.37606">
        <ele>837</ele>
        <extensions>
          <distance>29024</distance>
        </extensions>
      </trkpt>
      <trkpt lat="-33.75698" lon="150.37604">
        <ele>837</ele>
        <extensions>
          <distance>29035</distance>
        </extensions>
      </trkpt>
      <trkpt lat="-33.757133749999994" lon="150.37604249999998">
        <ele>837</ele>
        <extensions>
          <distance>29052</distance>
        </extensions>
      </trkpt>
      <trkpt lat="-33.7572875" lon="150.37604499999998">
        <ele>837</ele>
        <extensions>
          <distance>29069</distance>
        </extensions>
      </trkpt>
      <trkpt lat="-33.75744125" lon="150.37604749999997">
        <ele>837</ele>
        <extensions>
          <distance>29086</distance>
        </extensions>
      </trkpt>
      <trkpt lat="-33.757594999999995" lon="150.37605">
        <ele>837</ele>
        <extensions>
          <distance>29103</distance>
        </extensions>
      </trkpt>
      <trkpt lat="-33.75774875" lon="150.37605250000001">
        <ele>837</ele>
        <extensions>
          <distance>29120</distance>
        </extensions>
      </trkpt>
      <trkpt lat="-33.7579025" lon="150.376055">
        <ele>837</ele>
        <extensions>
          <distance>29137</distance>
        </extensions>
      </trkpt>
      <trkpt lat="-33.758056249999996" lon="150.3760575">
        <ele>837</ele>
        <extensions>
          <distance>29155</distance>
        </extensions>
      </trkpt>
      <trkpt lat="-33.75821" lon="150.37606">
        <ele>845</ele>
        <extensions>
          <distance>29172</distance>
        </extensions>
      </trkpt>
      <trkpt lat="-33.7582" lon="150.37598">
        <ele>845</ele>
        <extensions>
          <distance>29179</distance>
        </extensions>
      </trkpt>
      <trkpt lat="-33.75823" lon="150.37587">
        <ele>845</ele>
        <extensions>
          <distance>29190</distance>
        </extensions>
      </trkpt>
      <trkpt lat="-33.75838" lon="150.37579">
        <ele>845</ele>
        <extensions>
          <distance>29208</distance>
        </extensions>
      </trkpt>
      <trkpt lat="-33.75848" lon="150.37576">
        <ele>845</ele>
        <extensions>
          <distance>29220</distance>
        </extensions>
      </trkpt>
      <trkpt lat="-33.75856" lon="150.37577">
        <ele>845</ele>
        <extensions>
          <distance>29228</distance>
        </extensions>
      </trkpt>
      <trkpt lat="-33.7587" lon="150.37571">
        <ele>843</ele>
        <extensions>
          <distance>29245</distance>
        </extensions>
      </trkpt>
      <trkpt lat="-33.75881" lon="150.37575">
        <ele>841</ele>
        <extensions>
          <distance>29258</distance>
        </extensions>
      </trkpt>
      <trkpt lat="-33.75883" lon="150.37578">
        <ele>838</ele>
        <extensions>
          <distance>29262</distance>
        </extensions>
      </trkpt>
      <trkpt lat="-33.75896" lon="150.3759">
        <ele>837</ele>
        <extensions>
          <distance>29281</distance>
        </extensions>
      </trkpt>
      <trkpt lat="-33.75906" lon="150.37601">
        <ele>837</ele>
        <extensions>
          <distance>29296</distance>
        </extensions>
      </trkpt>
      <trkpt lat="-33.75925" lon="150.37583">
        <ele>837</ele>
        <extensions>
          <distance>29323</distance>
        </extensions>
      </trkpt>
      <trkpt lat="-33.7593" lon="150.37589">
        <ele>837</ele>
        <extensions>
          <distance>29330</distance>
        </extensions>
      </trkpt>
      <trkpt lat="-33.75932" lon="150.37587">
        <ele>837</ele>
        <extensions>
          <distance>29333</distance>
        </extensions>
      </trkpt>
      <trkpt lat="-33.75928" lon="150.37581">
        <ele>837</ele>
        <extensions>
          <distance>29340</distance>
        </extensions>
      </trkpt>
      <trkpt lat="-33.759429999999995" lon="150.37565999999998">
        <ele>840.5</ele>
        <extensions>
          <distance>29362</distance>
        </extensions>
      </trkpt>
      <trkpt lat="-33.75958" lon="150.37551">
        <ele>845</ele>
        <extensions>
          <distance>29384</distance>
        </extensions>
      </trkpt>
      <trkpt lat="-33.75971" lon="150.3754">
        <ele>845.5</ele>
        <extensions>
          <distance>29402</distance>
        </extensions>
      </trkpt>
      <trkpt lat="-33.75984" lon="150.37529">
        <ele>846</ele>
        <extensions>
          <distance>29419</distance>
        </extensions>
      </trkpt>
      <trkpt lat="-33.759969999999996" lon="150.37518">
        <ele>846.5</ele>
        <extensions>
          <distance>29437</distance>
        </extensions>
      </trkpt>
      <trkpt lat="-33.7601" lon="150.37507">
        <ele>847</ele>
        <extensions>
          <distance>29455</distance>
        </extensions>
      </trkpt>
      <trkpt lat="-33.76025" lon="150.37493">
        <ele>849</ele>
        <extensions>
          <distance>29476</distance>
        </extensions>
      </trkpt>
      <trkpt lat="-33.760400000000004" lon="150.37479">
        <ele>851</ele>
        <extensions>
          <distance>29497</distance>
        </extensions>
      </trkpt>
      <trkpt lat="-33.76055" lon="150.37464999999997">
        <ele>853</ele>
        <extensions>
          <distance>29518</distance>
        </extensions>
      </trkpt>
      <trkpt lat="-33.7607" lon="150.37451">
        <ele>855</ele>
        <extensions>
          <distance>29539</distance>
        </extensions>
      </trkpt>
      <trkpt lat="-33.7607675" lon="150.3743275">
        <ele>855.5</ele>
        <extensions>
          <distance>29558</distance>
        </extensions>
      </trkpt>
      <trkpt lat="-33.760835" lon="150.374145">
        <ele>856</ele>
        <extensions>
          <distance>29576</distance>
        </extensions>
      </trkpt>
      <trkpt lat="-33.7609025" lon="150.3739625">
        <ele>856</ele>
        <extensions>
          <distance>29595</distance>
        </extensions>
      </trkpt>
      <trkpt lat="-33.76097" lon="150.37378">
        <ele>856</ele>
        <extensions>
          <distance>29613</distance>
        </extensions>
      </trkpt>
      <trkpt lat="-33.76103" lon="150.37366">
        <ele>856</ele>
        <extensions>
          <distance>29626</distance>
        </extensions>
      </trkpt>
      <trkpt lat="-33.76113" lon="150.37359">
        <ele>856</ele>
        <extensions>
          <distance>29639</distance>
        </extensions>
      </trkpt>
      <trkpt lat="-33.761285" lon="150.37350500000002">
        <ele>853</ele>
        <extensions>
          <distance>29658</distance>
        </extensions>
      </trkpt>
      <trkpt lat="-33.76144" lon="150.37342">
        <ele>850</ele>
        <extensions>
          <distance>29677</distance>
        </extensions>
      </trkpt>
      <trkpt lat="-33.76155" lon="150.37339">
        <ele>847</ele>
        <extensions>
          <distance>29690</distance>
        </extensions>
      </trkpt>
      <trkpt lat="-33.76169" lon="150.373335">
        <ele>845.5</ele>
        <extensions>
          <distance>29706</distance>
        </extensions>
      </trkpt>
      <trkpt lat="-33.76183" lon="150.37328">
        <ele>844</ele>
        <extensions>
          <distance>29723</distance>
        </extensions>
      </trkpt>
      <trkpt lat="-33.762060000000005" lon="150.373135">
        <ele>843</ele>
        <extensions>
          <distance>29752</distance>
        </extensions>
      </trkpt>
      <trkpt lat="-33.76229" lon="150.37299">
        <ele>843</ele>
        <extensions>
          <distance>29781</distance>
        </extensions>
      </trkpt>
      <trkpt lat="-33.76237" lon="150.37296">
        <ele>843</ele>
        <extensions>
          <distance>29790</distance>
        </extensions>
      </trkpt>
      <trkpt lat="-33.76246" lon="150.37291">
        <ele>843</ele>
        <extensions>
          <distance>29801</distance>
        </extensions>
      </trkpt>
      <trkpt lat="-33.76265" lon="150.37289">
        <ele>844</ele>
        <extensions>
          <distance>29822</distance>
        </extensions>
      </trkpt>
      <trkpt lat="-33.76279" lon="150.37291">
        <ele>845</ele>
        <extensions>
          <distance>29838</distance>
        </extensions>
      </trkpt>
      <trkpt lat="-33.763" lon="150.37296">
        <ele>846</ele>
        <extensions>
          <distance>29861</distance>
        </extensions>
      </trkpt>
      <trkpt lat="-33.76325" lon="150.37306">
        <ele>846</ele>
        <extensions>
          <distance>29891</distance>
        </extensions>
      </trkpt>
      <trkpt lat="-33.76344" lon="150.37312">
        <ele>846</ele>
        <extensions>
          <distance>29912</distance>
        </extensions>
      </trkpt>
      <trkpt lat="-33.763665" lon="150.37322">
        <ele>846</ele>
        <extensions>
          <distance>29939</distance>
        </extensions>
      </trkpt>
      <trkpt lat="-33.76389" lon="150.37332">
        <ele>846</ele>
        <extensions>
          <distance>29966</distance>
        </extensions>
      </trkpt>
      <trkpt lat="-33.76411" lon="150.37339">
        <ele>841</ele>
        <extensions>
          <distance>29991</distance>
        </extensions>
      </trkpt>
      <trkpt lat="-33.76435" lon="150.37345">
        <ele>837</ele>
        <extensions>
          <distance>30018</distance>
        </extensions>
      </trkpt>
      <trkpt lat="-33.76461" lon="150.37346">
        <ele>835</ele>
        <extensions>
          <distance>30047</distance>
        </extensions>
      </trkpt>
      <trkpt lat="-33.764775" lon="150.37342999999998">
        <ele>834</ele>
        <extensions>
          <distance>30066</distance>
        </extensions>
      </trkpt>
      <trkpt lat="-33.764939999999996" lon="150.3734">
        <ele>833</ele>
        <extensions>
          <distance>30084</distance>
        </extensions>
      </trkpt>
      <trkpt lat="-33.765105" lon="150.37337000000002">
        <ele>832</ele>
        <extensions>
          <distance>30103</distance>
        </extensions>
      </trkpt>
      <trkpt lat="-33.76527" lon="150.37334">
        <ele>831</ele>
        <extensions>
          <distance>30122</distance>
        </extensions>
      </trkpt>
      <trkpt lat="-33.7654675" lon="150.373335">
        <ele>826</ele>
        <extensions>
          <distance>30144</distance>
        </extensions>
      </trkpt>
      <trkpt lat="-33.765665" lon="150.37333">
        <ele>821</ele>
        <extensions>
          <distance>30167</distance>
        </extensions>
      </trkpt>
      <trkpt lat="-33.7658625" lon="150.37332500000002">
        <ele>816</ele>
        <extensions>
          <distance>30189</distance>
        </extensions>
      </trkpt>
      <trkpt lat="-33.76606" lon="150.37332">
        <ele>811</ele>
        <extensions>
          <distance>30211</distance>
        </extensions>
      </trkpt>
      <trkpt lat="-33.76614" lon="150.37335">
        <ele>810</ele>
        <extensions>
          <distance>30221</distance>
        </extensions>
      </trkpt>
      <trkpt lat="-33.76619" lon="150.37338">
        <ele>809</ele>
        <extensions>
          <distance>30227</distance>
        </extensions>
      </trkpt>
      <trkpt lat="-33.76636" lon="150.37356">
        <ele>808</ele>
        <extensions>
          <distance>30252</distance>
        </extensions>
      </trkpt>
      <trkpt lat="-33.766535000000005" lon="150.37372">
        <ele>807.5</ele>
        <extensions>
          <distance>30277</distance>
        </extensions>
      </trkpt>
      <trkpt lat="-33.76671" lon="150.37388">
        <ele>807</ele>
        <extensions>
          <distance>30301</distance>
        </extensions>
      </trkpt>
      <trkpt lat="-33.76686" lon="150.37396">
        <ele>806</ele>
        <extensions>
          <distance>30319</distance>
        </extensions>
      </trkpt>
      <trkpt lat="-33.76694" lon="150.37398">
        <ele>806</ele>
        <extensions>
          <distance>30328</distance>
        </extensions>
      </trkpt>
      <trkpt lat="-33.767134999999996" lon="150.37399">
        <ele>806</ele>
        <extensions>
          <distance>30350</distance>
        </extensions>
      </trkpt>
      <trkpt lat="-33.76733" lon="150.374">
        <ele>806</ele>
        <extensions>
          <distance>30372</distance>
        </extensions>
      </trkpt>
      <trkpt lat="-33.76748" lon="150.37402">
        <ele>806</ele>
        <extensions>
          <distance>30388</distance>
        </extensions>
      </trkpt>
      <trkpt lat="-33.7676" lon="150.37405">
        <ele>807</ele>
        <extensions>
          <distance>30402</distance>
        </extensions>
      </trkpt>
      <trkpt lat="-33.76774" lon="150.37417">
        <ele>807</ele>
        <extensions>
          <distance>30421</distance>
        </extensions>
      </trkpt>
      <trkpt lat="-33.76784" lon="150.37428">
        <ele>807</ele>
        <extensions>
          <distance>30436</distance>
        </extensions>
      </trkpt>
      <trkpt lat="-33.767992500000005" lon="150.374375">
        <ele>807</ele>
        <extensions>
          <distance>30455</distance>
        </extensions>
      </trkpt>
      <trkpt lat="-33.768145000000004" lon="150.37447">
        <ele>805</ele>
        <extensions>
          <distance>30474</distance>
        </extensions>
      </trkpt>
      <trkpt lat="-33.7682975" lon="150.37456500000002">
        <ele>803</ele>
        <extensions>
          <distance>30493</distance>
        </extensions>
      </trkpt>
      <trkpt lat="-33.76845" lon="150.37466">
        <ele>803</ele>
        <extensions>
          <distance>30512</distance>
        </extensions>
      </trkpt>
      <trkpt lat="-33.76866" lon="150.374785">
        <ele>803</ele>
        <extensions>
          <distance>30538</distance>
        </extensions>
      </trkpt>
      <trkpt lat="-33.76887" lon="150.37491">
        <ele>803</ele>
        <extensions>
          <distance>30564</distance>
        </extensions>
      </trkpt>
      <trkpt lat="-33.769035" lon="150.375">
        <ele>804.5</ele>
        <extensions>
          <distance>30585</distance>
        </extensions>
      </trkpt>
      <trkpt lat="-33.7692" lon="150.37509">
        <ele>804.5</ele>
        <extensions>
          <distance>30605</distance>
        </extensions>
      </trkpt>
      <trkpt lat="-33.76943" lon="150.37523">
        <ele>804.5</ele>
        <extensions>
          <distance>30633</distance>
        </extensions>
      </trkpt>
      <trkpt lat="-33.76966" lon="150.37537">
        <ele>804.5</ele>
        <extensions>
          <distance>30662</distance>
        </extensions>
      </trkpt>
      <trkpt lat="-33.76987" lon="150.37551">
        <ele>804</ele>
        <extensions>
          <distance>30689</distance>
        </extensions>
      </trkpt>
      <trkpt lat="-33.770025" lon="150.3756475">
        <ele>803.75</ele>
        <extensions>
          <distance>30710</distance>
        </extensions>
      </trkpt>
      <trkpt lat="-33.770179999999996" lon="150.375785">
        <ele>803.75</ele>
        <extensions>
          <distance>30731</distance>
        </extensions>
      </trkpt>
      <trkpt lat="-33.770335" lon="150.3759225">
        <ele>803.75</ele>
        <extensions>
          <distance>30753</distance>
        </extensions>
      </trkpt>
      <trkpt lat="-33.77049" lon="150.37606">
        <ele>803.75</ele>
        <extensions>
          <distance>30774</distance>
        </extensions>
      </trkpt>
      <trkpt lat="-33.77067" lon="150.37616">
        <ele>805</ele>
        <extensions>
          <distance>30796</distance>
        </extensions>
      </trkpt>
      <trkpt lat="-33.77079500000001" lon="150.37622249999998">
        <ele>806.5</ele>
        <extensions>
          <distance>30811</distance>
        </extensions>
      </trkpt>
      <trkpt lat="-33.770920000000004" lon="150.376285">
        <ele>808</ele>
        <extensions>
          <distance>30826</distance>
        </extensions>
      </trkpt>
      <trkpt lat="-33.771045" lon="150.3763475">
        <ele>808</ele>
        <extensions>
          <distance>30841</distance>
        </extensions>
      </trkpt>
      <trkpt lat="-33.77117" lon="150.37641">
        <ele>808</ele>
        <extensions>
          <distance>30856</distance>
        </extensions>
      </trkpt>
      <trkpt lat="-33.771415" lon="150.376545">
        <ele>808</ele>
        <extensions>
          <distance>30886</distance>
        </extensions>
      </trkpt>
      <trkpt lat="-33.77166" lon="150.37668">
        <ele>806</ele>
        <extensions>
          <distance>30916</distance>
        </extensions>
      </trkpt>
      <trkpt lat="-33.77186" lon="150.37685">
        <ele>804</ele>
        <extensions>
          <distance>30943</distance>
        </extensions>
      </trkpt>
      <trkpt lat="-33.7719575" lon="150.37696499999998">
        <ele>802</ele>
        <extensions>
          <distance>30959</distance>
        </extensions>
      </trkpt>
      <trkpt lat="-33.772054999999995" lon="150.37707999999998">
        <ele>800</ele>
        <extensions>
          <distance>30974</distance>
        </extensions>
      </trkpt>
      <trkpt lat="-33.7721525" lon="150.37719499999997">
        <ele>798</ele>
        <extensions>
          <distance>30989</distance>
        </extensions>
      </trkpt>
      <trkpt lat="-33.77225" lon="150.37731">
        <ele>798</ele>
        <extensions>
          <distance>31004</distance>
        </extensions>
      </trkpt>
      <trkpt lat="-33.7723425" lon="150.3774525">
        <ele>798</ele>
        <extensions>
          <distance>31021</distance>
        </extensions>
      </trkpt>
      <trkpt lat="-33.772435" lon="150.37759499999999">
        <ele>798</ele>
        <extensions>
          <distance>31038</distance>
        </extensions>
      </trkpt>
      <trkpt lat="-33.7725275" lon="150.3777375">
        <ele>798</ele>
        <extensions>
          <distance>31055</distance>
        </extensions>
      </trkpt>
      <trkpt lat="-33.77262" lon="150.37788">
        <ele>798</ele>
        <extensions>
          <distance>31071</distance>
        </extensions>
      </trkpt>
      <trkpt lat="-33.77272000000001" lon="150.3780175">
        <ele>798</ele>
        <extensions>
          <distance>31088</distance>
        </extensions>
      </trkpt>
      <trkpt lat="-33.77282" lon="150.378155">
        <ele>797.5</ele>
        <extensions>
          <distance>31105</distance>
        </extensions>
      </trkpt>
      <trkpt lat="-33.77292" lon="150.3782925">
        <ele>796.25</ele>
        <extensions>
          <distance>31122</distance>
        </extensions>
      </trkpt>
      <trkpt lat="-33.77302" lon="150.37843">
        <ele>795</ele>
        <extensions>
          <distance>31139</distance>
        </extensions>
      </trkpt>
      <trkpt lat="-33.773155" lon="150.37858">
        <ele>795</ele>
        <extensions>
          <distance>31159</distance>
        </extensions>
      </trkpt>
      <trkpt lat="-33.77329" lon="150.37873">
        <ele>795</ele>
        <extensions>
          <distance>31180</distance>
        </extensions>
      </trkpt>
      <trkpt lat="-33.77336" lon="150.37879">
        <ele>795</ele>
        <extensions>
          <distance>31189</distance>
        </extensions>
      </trkpt>
      <trkpt lat="-33.77343" lon="150.37883">
        <ele>796</ele>
        <extensions>
          <distance>31198</distance>
        </extensions>
      </trkpt>
      <trkpt lat="-33.773624999999996" lon="150.378905">
        <ele>799</ele>
        <extensions>
          <distance>31221</distance>
        </extensions>
      </trkpt>
      <trkpt lat="-33.77382" lon="150.37898">
        <ele>802</ele>
        <extensions>
          <distance>31243</distance>
        </extensions>
      </trkpt>
      <trkpt lat="-33.7740125" lon="150.3790075">
        <ele>803</ele>
        <extensions>
          <distance>31265</distance>
        </extensions>
      </trkpt>
      <trkpt lat="-33.774205" lon="150.379035">
        <ele>804</ele>
        <extensions>
          <distance>31286</distance>
        </extensions>
      </trkpt>
      <trkpt lat="-33.774397500000006" lon="150.37906249999997">
        <ele>805</ele>
        <extensions>
          <distance>31308</distance>
        </extensions>
      </trkpt>
      <trkpt lat="-33.77459" lon="150.37909">
        <ele>806</ele>
        <extensions>
          <distance>31330</distance>
        </extensions>
      </trkpt>
      <trkpt lat="-33.77479" lon="150.37917">
        <ele>811.5</ele>
        <extensions>
          <distance>31353</distance>
        </extensions>
      </trkpt>
      <trkpt lat="-33.774910000000006" lon="150.37926">
        <ele>811.5</ele>
        <extensions>
          <distance>31369</distance>
        </extensions>
      </trkpt>
      <trkpt lat="-33.77503" lon="150.37935">
        <ele>811.5</ele>
        <extensions>
          <distance>31385</distance>
        </extensions>
      </trkpt>
      <trkpt lat="-33.775215" lon="150.37949749999999">
        <ele>811.5</ele>
        <extensions>
          <distance>31409</distance>
        </extensions>
      </trkpt>
      <trkpt lat="-33.775400000000005" lon="150.37964499999998">
        <ele>810</ele>
        <extensions>
          <distance>31434</distance>
        </extensions>
      </trkpt>
      <trkpt lat="-33.77558500000001" lon="150.3797925">
        <ele>808.5</ele>
        <extensions>
          <distance>31459</distance>
        </extensions>
      </trkpt>
      <trkpt lat="-33.77577" lon="150.37994">
        <ele>807</ele>
        <extensions>
          <distance>31483</distance>
        </extensions>
      </trkpt>
      <trkpt lat="-33.7759" lon="150.38015">
        <ele>804</ele>
        <extensions>
          <distance>31508</distance>
        </extensions>
      </trkpt>
      <trkpt lat="-33.77595" lon="150.38046">
        <ele>800</ele>
        <extensions>
          <distance>31537</distance>
        </extensions>
      </trkpt>
      <trkpt lat="-33.77595" lon="150.38067">
        <ele>798</ele>
        <extensions>
          <distance>31557</distance>
        </extensions>
      </trkpt>
      <trkpt lat="-33.77595" lon="150.38088">
        <ele>796</ele>
        <extensions>
          <distance>31576</distance>
        </extensions>
      </trkpt>
      <trkpt lat="-33.775975" lon="150.3810525">
        <ele>794</ele>
        <extensions>
          <distance>31593</distance>
        </extensions>
      </trkpt>
      <trkpt lat="-33.775999999999996" lon="150.381225">
        <ele>792</ele>
        <extensions>
          <distance>31609</distance>
        </extensions>
      </trkpt>
      <trkpt lat="-33.776025" lon="150.3813975">
        <ele>790</ele>
        <extensions>
          <distance>31625</distance>
        </extensions>
      </trkpt>
      <trkpt lat="-33.77605" lon="150.38157">
        <ele>788</ele>
        <extensions>
          <distance>31642</distance>
        </extensions>
      </trkpt>
      <trkpt lat="-33.77614" lon="150.38167">
        <ele>786</ele>
        <extensions>
          <distance>31655</distance>
        </extensions>
      </trkpt>
      <trkpt lat="-33.77617" lon="150.38168">
        <ele>786</ele>
        <extensions>
          <distance>31659</distance>
        </extensions>
      </trkpt>
      <trkpt lat="-33.77621" lon="150.38168">
        <ele>786</ele>
        <extensions>
          <distance>31663</distance>
        </extensions>
      </trkpt>
      <trkpt lat="-33.77627" lon="150.38166">
        <ele>786</ele>
        <extensions>
          <distance>31670</distance>
        </extensions>
      </trkpt>
      <trkpt lat="-33.77631" lon="150.38161">
        <ele>786</ele>
        <extensions>
          <distance>31677</distance>
        </extensions>
      </trkpt>
      <trkpt lat="-33.77633" lon="150.38152">
        <ele>786</ele>
        <extensions>
          <distance>31685</distance>
        </extensions>
      </trkpt>
      <trkpt lat="-33.7763375" lon="150.38135499999999">
        <ele>786</ele>
        <extensions>
          <distance>31701</distance>
        </extensions>
      </trkpt>
      <trkpt lat="-33.776345" lon="150.38119">
        <ele>787</ele>
        <extensions>
          <distance>31716</distance>
        </extensions>
      </trkpt>
      <trkpt lat="-33.7763525" lon="150.38102500000002">
        <ele>788</ele>
        <extensions>
          <distance>31731</distance>
        </extensions>
      </trkpt>
      <trkpt lat="-33.77636" lon="150.38086">
        <ele>789</ele>
        <extensions>
          <distance>31747</distance>
        </extensions>
      </trkpt>
      <trkpt lat="-33.77639" lon="150.38072">
        <ele>789</ele>
        <extensions>
          <distance>31760</distance>
        </extensions>
      </trkpt>
      <trkpt lat="-33.77651" lon="150.38052">
        <ele>789</ele>
        <extensions>
          <distance>31783</distance>
        </extensions>
      </trkpt>
      <trkpt lat="-33.77658" lon="150.38047">
        <ele>789</ele>
        <extensions>
          <distance>31792</distance>
        </extensions>
      </trkpt>
      <trkpt lat="-33.77677250000001" lon="150.3804125">
        <ele>787.5</ele>
        <extensions>
          <distance>31814</distance>
        </extensions>
      </trkpt>
      <trkpt lat="-33.776965000000004" lon="150.380355">
        <ele>783</ele>
        <extensions>
          <distance>31836</distance>
        </extensions>
      </trkpt>
      <trkpt lat="-33.7771575" lon="150.38029749999998">
        <ele>778.5</ele>
        <extensions>
          <distance>31858</distance>
        </extensions>
      </trkpt>
      <trkpt lat="-33.77735" lon="150.38024">
        <ele>774</ele>
        <extensions>
          <distance>31881</distance>
        </extensions>
      </trkpt>
      <trkpt lat="-33.777497499999996" lon="150.38031">
        <ele>770.5</ele>
        <extensions>
          <distance>31899</distance>
        </extensions>
      </trkpt>
      <trkpt lat="-33.777645" lon="150.38038">
        <ele>767</ele>
        <extensions>
          <distance>31917</distance>
        </extensions>
      </trkpt>
      <trkpt lat="-33.777792500000004" lon="150.38045">
        <ele>763.5</ele>
        <extensions>
          <distance>31935</distance>
        </extensions>
      </trkpt>
      <trkpt lat="-33.77794" lon="150.38052">
        <ele>760</ele>
        <extensions>
          <distance>31953</distance>
        </extensions>
      </trkpt>
      <trkpt lat="-33.77812" lon="150.38055">
        <ele>760</ele>
        <extensions>
          <distance>31973</distance>
        </extensions>
      </trkpt>
      <trkpt lat="-33.77827" lon="150.38055">
        <ele>759</ele>
        <extensions>
          <distance>31989</distance>
        </extensions>
      </trkpt>
      <trkpt lat="-33.7785" lon="150.3805">
        <ele>756</ele>
        <extensions>
          <distance>32015</distance>
        </extensions>
      </trkpt>
      <trkpt lat="-33.77862" lon="150.38044">
        <ele>753</ele>
        <extensions>
          <distance>32030</distance>
        </extensions>
      </trkpt>
      <trkpt lat="-33.7787" lon="150.38035">
        <ele>749</ele>
        <extensions>
          <distance>32043</distance>
        </extensions>
      </trkpt>
      <trkpt lat="-33.77873" lon="150.38022">
        <ele>748</ele>
        <extensions>
          <distance>32055</distance>
        </extensions>
      </trkpt>
      <trkpt lat="-33.77869" lon="150.38005">
        <ele>747</ele>
        <extensions>
          <distance>32072</distance>
        </extensions>
      </trkpt>
      <trkpt lat="-33.77865" lon="150.37988">
        <ele>746</ele>
        <extensions>
          <distance>32088</distance>
        </extensions>
      </trkpt>
      <trkpt lat="-33.7787" lon="150.37972">
        <ele>739</ele>
        <extensions>
          <distance>32106</distance>
        </extensions>
      </trkpt>
      <trkpt lat="-33.77878" lon="150.37961">
        <ele>733</ele>
        <extensions>
          <distance>32120</distance>
        </extensions>
      </trkpt>
      <trkpt lat="-33.778915" lon="150.3795775">
        <ele>730.75</ele>
        <extensions>
          <distance>32136</distance>
        </extensions>
      </trkpt>
      <trkpt lat="-33.77905" lon="150.379545">
        <ele>728.5</ele>
        <extensions>
          <distance>32151</distance>
        </extensions>
      </trkpt>
      <trkpt lat="-33.779185" lon="150.3795125">
        <ele>726.25</ele>
        <extensions>
          <distance>32166</distance>
        </extensions>
      </trkpt>
      <trkpt lat="-33.77932" lon="150.37948">
        <ele>724</ele>
        <extensions>
          <distance>32182</distance>
        </extensions>
      </trkpt>
      <trkpt lat="-33.7795425" lon="150.3795875">
        <ele>723.5</ele>
        <extensions>
          <distance>32209</distance>
        </extensions>
      </trkpt>
      <trkpt lat="-33.779765" lon="150.379695">
        <ele>723</ele>
        <extensions>
          <distance>32235</distance>
        </extensions>
      </trkpt>
      <trkpt lat="-33.7799875" lon="150.37980249999998">
        <ele>722.5</ele>
        <extensions>
          <distance>32262</distance>
        </extensions>
      </trkpt>
      <trkpt lat="-33.78021" lon="150.37991">
        <ele>722</ele>
        <extensions>
          <distance>32289</distance>
        </extensions>
      </trkpt>
      <trkpt lat="-33.7803525" lon="150.379755">
        <ele>715.25</ele>
        <extensions>
          <distance>32310</distance>
        </extensions>
      </trkpt>
      <trkpt lat="-33.780495" lon="150.37959999999998">
        <ele>708.5</ele>
        <extensions>
          <distance>32333</distance>
        </extensions>
      </trkpt>
      <trkpt lat="-33.7806375" lon="150.37944499999998">
        <ele>701.75</ele>
        <extensions>
          <distance>32355</distance>
        </extensions>
      </trkpt>
      <trkpt lat="-33.78078" lon="150.37929">
        <ele>701.75</ele>
        <extensions>
          <distance>32376</distance>
        </extensions>
      </trkpt>
      <trkpt lat="-33.7809825" lon="150.3793025">
        <ele>701.75</ele>
        <extensions>
          <distance>32399</distance>
        </extensions>
      </trkpt>
      <trkpt lat="-33.781185" lon="150.37931500000002">
        <ele>701.75</ele>
        <extensions>
          <distance>32421</distance>
        </extensions>
      </trkpt>
      <trkpt lat="-33.7813875" lon="150.37932750000002">
        <ele>700.5</ele>
        <extensions>
          <distance>32444</distance>
        </extensions>
      </trkpt>
      <trkpt lat="-33.78159" lon="150.37934">
        <ele>700.5</ele>
        <extensions>
          <distance>32466</distance>
        </extensions>
      </trkpt>
      <trkpt lat="-33.78174" lon="150.37928">
        <ele>700.5</ele>
        <extensions>
          <distance>32484</distance>
        </extensions>
      </trkpt>
      <trkpt lat="-33.781915" lon="150.379085">
        <ele>700</ele>
        <extensions>
          <distance>32510</distance>
        </extensions>
      </trkpt>
      <trkpt lat="-33.78209" lon="150.37889">
        <ele>697</ele>
        <extensions>
          <distance>32537</distance>
        </extensions>
      </trkpt>
      <trkpt lat="-33.78234" lon="150.37879">
        <ele>697</ele>
        <extensions>
          <distance>32566</distance>
        </extensions>
      </trkpt>
      <trkpt lat="-33.78243" lon="150.37878">
        <ele>696.5</ele>
        <extensions>
          <distance>32576</distance>
        </extensions>
      </trkpt>
      <trkpt lat="-33.78261499999999" lon="150.3787875">
        <ele>696</ele>
        <extensions>
          <distance>32597</distance>
        </extensions>
      </trkpt>
      <trkpt lat="-33.782799999999995" lon="150.378795">
        <ele>696</ele>
        <extensions>
          <distance>32617</distance>
        </extensions>
      </trkpt>
      <trkpt lat="-33.782985" lon="150.3788025">
        <ele>695.5</ele>
        <extensions>
          <distance>32638</distance>
        </extensions>
      </trkpt>
      <trkpt lat="-33.78317" lon="150.37881">
        <ele>695</ele>
        <extensions>
          <distance>32658</distance>
        </extensions>
      </trkpt>
      <trkpt lat="-33.78335" lon="150.3788">
        <ele>686.5</ele>
        <extensions>
          <distance>32679</distance>
        </extensions>
      </trkpt>
      <trkpt lat="-33.78353" lon="150.37879">
        <ele>680</ele>
        <extensions>
          <distance>32700</distance>
        </extensions>
      </trkpt>
      <trkpt lat="-33.78357" lon="150.3787">
        <ele>680</ele>
        <extensions>
          <distance>32709</distance>
        </extensions>
      </trkpt>
      <trkpt lat="-33.7836" lon="150.37845">
        <ele>680</ele>
        <extensions>
          <distance>32733</distance>
        </extensions>
      </trkpt>
      <trkpt lat="-33.78358" lon="150.37835">
        <ele>680</ele>
        <extensions>
          <distance>32742</distance>
        </extensions>
      </trkpt>
      <trkpt lat="-33.78355" lon="150.37828">
        <ele>680</ele>
        <extensions>
          <distance>32749</distance>
        </extensions>
      </trkpt>
      <trkpt lat="-33.78352" lon="150.37825">
        <ele>680</ele>
        <extensions>
          <distance>32754</distance>
        </extensions>
      </trkpt>
      <trkpt lat="-33.78329" lon="150.37814">
        <ele>680</ele>
        <extensions>
          <distance>32781</distance>
        </extensions>
      </trkpt>
      <trkpt lat="-33.78305" lon="150.37801">
        <ele>680</ele>
        <extensions>
          <distance>32810</distance>
        </extensions>
      </trkpt>
      <trkpt lat="-33.78299" lon="150.37799">
        <ele>678</ele>
        <extensions>
          <distance>32817</distance>
        </extensions>
      </trkpt>
      <trkpt lat="-33.78294" lon="150.378">
        <ele>676</ele>
        <extensions>
          <distance>32823</distance>
        </extensions>
      </trkpt>
      <trkpt lat="-33.7828" lon="150.37807">
        <ele>673</ele>
        <extensions>
          <distance>32840</distance>
        </extensions>
      </trkpt>
      <trkpt lat="-33.78273" lon="150.37808">
        <ele>670</ele>
        <extensions>
          <distance>32848</distance>
        </extensions>
      </trkpt>
      <trkpt lat="-33.7825675" lon="150.37808">
        <ele>666.75</ele>
        <extensions>
          <distance>32867</distance>
        </extensions>
      </trkpt>
      <trkpt lat="-33.782405" lon="150.37808">
        <ele>663.5</ele>
        <extensions>
          <distance>32885</distance>
        </extensions>
      </trkpt>
      <trkpt lat="-33.782242499999995" lon="150.37808">
        <ele>660.25</ele>
        <extensions>
          <distance>32903</distance>
        </extensions>
      </trkpt>
      <trkpt lat="-33.78208" lon="150.37808">
        <ele>657</ele>
        <extensions>
          <distance>32922</distance>
        </extensions>
      </trkpt>
      <trkpt lat="-33.78194" lon="150.37805">
        <ele>656</ele>
        <extensions>
          <distance>32937</distance>
        </extensions>
      </trkpt>
      <trkpt lat="-33.78182" lon="150.37805">
        <ele>648</ele>
        <extensions>
          <distance>32952</distance>
        </extensions>
      </trkpt>
      <trkpt lat="-33.78169" lon="150.37807">
        <ele>646.5</ele>
        <extensions>
          <distance>32967</distance>
        </extensions>
      </trkpt>
      <trkpt lat="-33.7816" lon="150.3781">
        <ele>646.5</ele>
        <extensions>
          <distance>32977</distance>
        </extensions>
      </trkpt>
      <trkpt lat="-33.7814725" lon="150.37817">
        <ele>646.5</ele>
        <extensions>
          <distance>32993</distance>
        </extensions>
      </trkpt>
      <trkpt lat="-33.781345" lon="150.37824">
        <ele>646.5</ele>
        <extensions>
          <distance>33008</distance>
        </extensions>
      </trkpt>
      <trkpt lat="-33.7812175" lon="150.37831">
        <ele>650.75</ele>
        <extensions>
          <distance>33024</distance>
        </extensions>
      </trkpt>
      <trkpt lat="-33.78109" lon="150.37838">
        <ele>655</ele>
        <extensions>
          <distance>33040</distance>
        </extensions>
      </trkpt>
      <trkpt lat="-33.78093" lon="150.3784">
        <ele>659</ele>
        <extensions>
          <distance>33058</distance>
        </extensions>
      </trkpt>
      <trkpt lat="-33.78069" lon="150.37846000000002">
        <ele>660</ele>
        <extensions>
          <distance>33085</distance>
        </extensions>
      </trkpt>
      <trkpt lat="-33.78045" lon="150.37852">
        <ele>661</ele>
        <extensions>
          <distance>33112</distance>
        </extensions>
      </trkpt>
      <trkpt lat="-33.7802" lon="150.37851">
        <ele>661</ele>
        <extensions>
          <distance>33140</distance>
        </extensions>
      </trkpt>
      <trkpt lat="-33.780015" lon="150.37857">
        <ele>664</ele>
        <extensions>
          <distance>33161</distance>
        </extensions>
      </trkpt>
      <trkpt lat="-33.77983" lon="150.37863">
        <ele>664</ele>
        <extensions>
          <distance>33183</distance>
        </extensions>
      </trkpt>
      <trkpt lat="-33.77958" lon="150.37856">
        <ele>664</ele>
        <extensions>
          <distance>33211</distance>
        </extensions>
      </trkpt>
      <trkpt lat="-33.779415" lon="150.378445">
        <ele>664</ele>
        <extensions>
          <distance>33232</distance>
        </extensions>
      </trkpt>
      <trkpt lat="-33.77925" lon="150.37833">
        <ele>649</ele>
        <extensions>
          <distance>33255</distance>
        </extensions>
      </trkpt>
      <trkpt lat="-33.77909" lon="150.37826">
        <ele>640.5</ele>
        <extensions>
          <distance>33275</distance>
        </extensions>
      </trkpt>
      <trkpt lat="-33.77893" lon="150.37819000000002">
        <ele>632</ele>
        <extensions>
          <distance>33296</distance>
        </extensions>
      </trkpt>
      <trkpt lat="-33.77877" lon="150.37812000000002">
        <ele>623.5</ele>
        <extensions>
          <distance>33317</distance>
        </extensions>
      </trkpt>
      <trkpt lat="-33.77861" lon="150.37805">
        <ele>617</ele>
        <extensions>
          <distance>33337</distance>
        </extensions>
      </trkpt>
      <trkpt lat="-33.778490000000005" lon="150.37797">
        <ele>616</ele>
        <extensions>
          <distance>33352</distance>
        </extensions>
      </trkpt>
      <trkpt lat="-33.77837" lon="150.37789">
        <ele>615.25</ele>
        <extensions>
          <distance>33367</distance>
        </extensions>
      </trkpt>
      <trkpt lat="-33.778265000000005" lon="150.37778000000003">
        <ele>615</ele>
        <extensions>
          <distance>33383</distance>
        </extensions>
      </trkpt>
      <trkpt lat="-33.77816" lon="150.37767000000002">
        <ele>613.5</ele>
        <extensions>
          <distance>33398</distance>
        </extensions>
      </trkpt>
      <trkpt lat="-33.778054999999995" lon="150.37756000000002">
        <ele>611.75</ele>
        <extensions>
          <distance>33414</distance>
        </extensions>
      </trkpt>
      <trkpt lat="-33.77795" lon="150.37745">
        <ele>610</ele>
        <extensions>
          <distance>33429</distance>
        </extensions>
      </trkpt>
      <trkpt lat="-33.77784" lon="150.3773">
        <ele>606</ele>
        <extensions>
          <distance>33448</distance>
        </extensions>
      </trkpt>
      <trkpt lat="-33.77773" lon="150.3770875">
        <ele>600.75</ele>
        <extensions>
          <distance>33472</distance>
        </extensions>
      </trkpt>
      <trkpt lat="-33.77762" lon="150.37687499999998">
        <ele>595.5</ele>
        <extensions>
          <distance>33496</distance>
        </extensions>
      </trkpt>
      <trkpt lat="-33.77751" lon="150.3766625">
        <ele>590.25</ele>
        <extensions>
          <distance>33520</distance>
        </extensions>
      </trkpt>
      <trkpt lat="-33.7774" lon="150.37645">
        <ele>585</ele>
        <extensions>
          <distance>33543</distance>
        </extensions>
      </trkpt>
      <trkpt lat="-33.77739" lon="150.37636">
        <ele>581</ele>
        <extensions>
          <distance>33553</distance>
        </extensions>
      </trkpt>
      <trkpt lat="-33.77741" lon="150.37628">
        <ele>577</ele>
        <extensions>
          <distance>33561</distance>
        </extensions>
      </trkpt>
      <trkpt lat="-33.77747" lon="150.37624">
        <ele>577</ele>
        <extensions>
          <distance>33569</distance>
        </extensions>
      </trkpt>
      <trkpt lat="-33.77755" lon="150.37625">
        <ele>576</ele>
        <extensions>
          <distance>33578</distance>
        </extensions>
      </trkpt>
      <trkpt lat="-33.777739999999994" lon="150.37634">
        <ele>575</ele>
        <extensions>
          <distance>33601</distance>
        </extensions>
      </trkpt>
      <trkpt lat="-33.77793" lon="150.37643">
        <ele>575</ele>
        <extensions>
          <distance>33623</distance>
        </extensions>
      </trkpt>
      <trkpt lat="-33.77808" lon="150.37641">
        <ele>574</ele>
        <extensions>
          <distance>33640</distance>
        </extensions>
      </trkpt>
      <trkpt lat="-33.77826" lon="150.3764">
        <ele>569</ele>
        <extensions>
          <distance>33661</distance>
        </extensions>
      </trkpt>
      <trkpt lat="-33.778395" lon="150.376445">
        <ele>567</ele>
        <extensions>
          <distance>33676</distance>
        </extensions>
      </trkpt>
      <trkpt lat="-33.77853" lon="150.37649">
        <ele>566.5</ele>
        <extensions>
          <distance>33692</distance>
        </extensions>
      </trkpt>
      <trkpt lat="-33.77867500000001" lon="150.3765975">
        <ele>566.5</ele>
        <extensions>
          <distance>33711</distance>
        </extensions>
      </trkpt>
      <trkpt lat="-33.77882" lon="150.37670500000002">
        <ele>566</ele>
        <extensions>
          <distance>33730</distance>
        </extensions>
      </trkpt>
      <trkpt lat="-33.778965" lon="150.37681250000003">
        <ele>565.5</ele>
        <extensions>
          <distance>33749</distance>
        </extensions>
      </trkpt>
      <trkpt lat="-33.77911" lon="150.37692">
        <ele>565.5</ele>
        <extensions>
          <distance>33767</distance>
        </extensions>
      </trkpt>
      <trkpt lat="-33.77928" lon="150.37696">
        <ele>564</ele>
        <extensions>
          <distance>33787</distance>
        </extensions>
      </trkpt>
      <trkpt lat="-33.779495" lon="150.37695">
        <ele>559.5</ele>
        <extensions>
          <distance>33811</distance>
        </extensions>
      </trkpt>
      <trkpt lat="-33.77971" lon="150.37694">
        <ele>555</ele>
        <extensions>
          <distance>33835</distance>
        </extensions>
      </trkpt>
      <trkpt lat="-33.779865" lon="150.37689999999998">
        <ele>552.5</ele>
        <extensions>
          <distance>33853</distance>
        </extensions>
      </trkpt>
      <trkpt lat="-33.78002" lon="150.37686">
        <ele>550</ele>
        <extensions>
          <distance>33871</distance>
        </extensions>
      </trkpt>
      <trkpt lat="-33.78023" lon="150.376815">
        <ele>548.5</ele>
        <extensions>
          <distance>33894</distance>
        </extensions>
      </trkpt>
      <trkpt lat="-33.78044" lon="150.37677">
        <ele>547</ele>
        <extensions>
          <distance>33918</distance>
        </extensions>
      </trkpt>
      <trkpt lat="-33.78031" lon="150.37657">
        <ele>546</ele>
        <extensions>
          <distance>33942</distance>
        </extensions>
      </trkpt>
      <trkpt lat="-33.780105" lon="150.37646999999998">
        <ele>545.5</ele>
        <extensions>
          <distance>33966</distance>
        </extensions>
      </trkpt>
      <trkpt lat="-33.7799" lon="150.37637">
        <ele>545</ele>
        <extensions>
          <distance>33991</distance>
        </extensions>
      </trkpt>
      <trkpt lat="-33.779695000000004" lon="150.37627">
        <ele>544.5</ele>
        <extensions>
          <distance>34015</distance>
        </extensions>
      </trkpt>
      <trkpt lat="-33.77949" lon="150.37617">
        <ele>544</ele>
        <extensions>
          <distance>34040</distance>
        </extensions>
      </trkpt>
      <trkpt lat="-33.77928" lon="150.37602">
        <ele>543</ele>
        <extensions>
          <distance>34067</distance>
        </extensions>
      </trkpt>
      <trkpt lat="-33.7792" lon="150.37582500000002">
        <ele>540.5</ele>
        <extensions>
          <distance>34087</distance>
        </extensions>
      </trkpt>
      <trkpt lat="-33.77912" lon="150.37563">
        <ele>538</ele>
        <extensions>
          <distance>34107</distance>
        </extensions>
      </trkpt>
      <trkpt lat="-33.7789825" lon="150.375505">
        <ele>535</ele>
        <extensions>
          <distance>34127</distance>
        </extensions>
      </trkpt>
      <trkpt lat="-33.778845000000004" lon="150.37538">
        <ele>532</ele>
        <extensions>
          <distance>34146</distance>
        </extensions>
      </trkpt>
      <trkpt lat="-33.7787075" lon="150.375255">
        <ele>529</ele>
        <extensions>
          <distance>34166</distance>
        </extensions>
      </trkpt>
      <trkpt lat="-33.77857" lon="150.37513">
        <ele>526</ele>
        <extensions>
          <distance>34185</distance>
        </extensions>
      </trkpt>
      <trkpt lat="-33.778442500000004" lon="150.3750675">
        <ele>525.5</ele>
        <extensions>
          <distance>34200</distance>
        </extensions>
      </trkpt>
      <trkpt lat="-33.778315000000006" lon="150.375005">
        <ele>525</ele>
        <extensions>
          <distance>34215</distance>
        </extensions>
      </trkpt>
      <trkpt lat="-33.7781875" lon="150.37494249999997">
        <ele>524.5</ele>
        <extensions>
          <distance>34231</distance>
        </extensions>
      </trkpt>
      <trkpt lat="-33.77806" lon="150.37488">
        <ele>524</ele>
        <extensions>
          <distance>34246</distance>
        </extensions>
      </trkpt>
      <trkpt lat="-33.778" lon="150.37475">
        <ele>520</ele>
        <extensions>
          <distance>34260</distance>
        </extensions>
      </trkpt>
      <trkpt lat="-33.77797" lon="150.37457">
        <ele>517</ele>
        <extensions>
          <distance>34277</distance>
        </extensions>
      </trkpt>
      <trkpt lat="-33.77798" lon="150.3743">
        <ele>513.5</ele>
        <extensions>
          <distance>34303</distance>
        </extensions>
      </trkpt>
      <trkpt lat="-33.77799" lon="150.37403">
        <ele>510</ele>
        <extensions>
          <distance>34328</distance>
        </extensions>
      </trkpt>
      <trkpt lat="-33.77798" lon="150.37391">
        <ele>507</ele>
        <extensions>
          <distance>34339</distance>
        </extensions>
      </trkpt>
      <trkpt lat="-33.77786" lon="150.37384">
        <ele>505</ele>
        <extensions>
          <distance>34354</distance>
        </extensions>
      </trkpt>
      <trkpt lat="-33.77761" lon="150.37376">
        <ele>502</ele>
        <extensions>
          <distance>34383</distance>
        </extensions>
      </trkpt>
      <trkpt lat="-33.7775" lon="150.37356">
        <ele>499</ele>
        <extensions>
          <distance>34406</distance>
        </extensions>
      </trkpt>
      <trkpt lat="-33.77741" lon="150.37347">
        <ele>497</ele>
        <extensions>
          <distance>34419</distance>
        </extensions>
      </trkpt>
      <trkpt lat="-33.77723" lon="150.37335">
        <ele>495</ele>
        <extensions>
          <distance>34442</distance>
        </extensions>
      </trkpt>
      <trkpt lat="-33.77712" lon="150.37331">
        <ele>495</ele>
        <extensions>
          <distance>34454</distance>
        </extensions>
      </trkpt>
      <trkpt lat="-33.777" lon="150.37331">
        <ele>494</ele>
        <extensions>
          <distance>34468</distance>
        </extensions>
      </trkpt>
      <trkpt lat="-33.77676" lon="150.37338">
        <ele>494</ele>
        <extensions>
          <distance>34495</distance>
        </extensions>
      </trkpt>
      <trkpt lat="-33.77655" lon="150.37337">
        <ele>492</ele>
        <extensions>
          <distance>34519</distance>
        </extensions>
      </trkpt>
      <trkpt lat="-33.776430000000005" lon="150.37329499999998">
        <ele>490</ele>
        <extensions>
          <distance>34534</distance>
        </extensions>
      </trkpt>
      <trkpt lat="-33.77631" lon="150.37322">
        <ele>488</ele>
        <extensions>
          <distance>34549</distance>
        </extensions>
      </trkpt>
      <trkpt lat="-33.77614" lon="150.37304">
        <ele>485</ele>
        <extensions>
          <distance>34574</distance>
        </extensions>
      </trkpt>
      <trkpt lat="-33.77606" lon="150.3729">
        <ele>484</ele>
        <extensions>
          <distance>34590</distance>
        </extensions>
      </trkpt>
      <trkpt lat="-33.77605" lon="150.37284">
        <ele>484</ele>
        <extensions>
          <distance>34596</distance>
        </extensions>
      </trkpt>
      <trkpt lat="-33.77597" lon="150.37258">
        <ele>483</ele>
        <extensions>
          <distance>34621</distance>
        </extensions>
      </trkpt>
      <trkpt lat="-33.77586" lon="150.37233">
        <ele>483</ele>
        <extensions>
          <distance>34647</distance>
        </extensions>
      </trkpt>
      <trkpt lat="-33.77581" lon="150.37226">
        <ele>483</ele>
        <extensions>
          <distance>34656</distance>
        </extensions>
      </trkpt>
      <trkpt lat="-33.77574" lon="150.37222">
        <ele>483</ele>
        <extensions>
          <distance>34665</distance>
        </extensions>
      </trkpt>
      <trkpt lat="-33.77555" lon="150.37214">
        <ele>483</ele>
        <extensions>
          <distance>34687</distance>
        </extensions>
      </trkpt>
      <trkpt lat="-33.77541" lon="150.37215">
        <ele>486</ele>
        <extensions>
          <distance>34702</distance>
        </extensions>
      </trkpt>
      <trkpt lat="-33.77527" lon="150.37216">
        <ele>489</ele>
        <extensions>
          <distance>34718</distance>
        </extensions>
      </trkpt>
      <trkpt lat="-33.77514" lon="150.37221">
        <ele>489.5</ele>
        <extensions>
          <distance>34733</distance>
        </extensions>
      </trkpt>
      <trkpt lat="-33.77506" lon="150.3722">
        <ele>489.5</ele>
        <extensions>
          <distance>34742</distance>
        </extensions>
      </trkpt>
      <trkpt lat="-33.775" lon="150.37213">
        <ele>489.5</ele>
        <extensions>
          <distance>34751</distance>
        </extensions>
      </trkpt>
      <trkpt lat="-33.774964999999995" lon="150.37197">
        <ele>489.5</ele>
        <extensions>
          <distance>34767</distance>
        </extensions>
      </trkpt>
      <trkpt lat="-33.77493" lon="150.37181">
        <ele>487</ele>
        <extensions>
          <distance>34782</distance>
        </extensions>
      </trkpt>
      <trkpt lat="-33.77493" lon="150.37169">
        <ele>484</ele>
        <extensions>
          <distance>34793</distance>
        </extensions>
      </trkpt>
      <trkpt lat="-33.77489" lon="150.37155">
        <ele>481</ele>
        <extensions>
          <distance>34807</distance>
        </extensions>
      </trkpt>
      <trkpt lat="-33.77479" lon="150.3713">
        <ele>479</ele>
        <extensions>
          <distance>34833</distance>
        </extensions>
      </trkpt>
      <trkpt lat="-33.77473" lon="150.37118">
        <ele>478</ele>
        <extensions>
          <distance>34846</distance>
        </extensions>
      </trkpt>
      <trkpt lat="-33.77463" lon="150.37106">
        <ele>478</ele>
        <extensions>
          <distance>34862</distance>
        </extensions>
      </trkpt>
      <trkpt lat="-33.77455" lon="150.37094">
        <ele>478</ele>
        <extensions>
          <distance>34876</distance>
        </extensions>
      </trkpt>
      <trkpt lat="-33.774469999999994" lon="150.37077">
        <ele>476.5</ele>
        <extensions>
          <distance>34894</distance>
        </extensions>
      </trkpt>
      <trkpt lat="-33.77439" lon="150.3706">
        <ele>475</ele>
        <extensions>
          <distance>34912</distance>
        </extensions>
      </trkpt>
      <trkpt lat="-33.7744" lon="150.37038">
        <ele>472</ele>
        <extensions>
          <distance>34933</distance>
        </extensions>
      </trkpt>
      <trkpt lat="-33.77438" lon="150.37027">
        <ele>472</ele>
        <extensions>
          <distance>34943</distance>
        </extensions>
      </trkpt>
      <trkpt lat="-33.77436" lon="150.37022">
        <ele>472</ele>
        <extensions>
          <distance>34948</distance>
        </extensions>
      </trkpt>
      <trkpt lat="-33.77421" lon="150.36999">
        <ele>471</ele>
        <extensions>
          <distance>34975</distance>
        </extensions>
      </trkpt>
      <trkpt lat="-33.7741" lon="150.369855">
        <ele>471</ele>
        <extensions>
          <distance>34993</distance>
        </extensions>
      </trkpt>
      <trkpt lat="-33.77399" lon="150.36972">
        <ele>471</ele>
        <extensions>
          <distance>35010</distance>
        </extensions>
      </trkpt>
      <trkpt lat="-33.773889999999994" lon="150.36961000000002">
        <ele>469.75</ele>
        <extensions>
          <distance>35025</distance>
        </extensions>
      </trkpt>
      <trkpt lat="-33.77379" lon="150.36950000000002">
        <ele>468.5</ele>
        <extensions>
          <distance>35041</distance>
        </extensions>
      </trkpt>
      <trkpt lat="-33.77369" lon="150.36939">
        <ele>467.25</ele>
        <extensions>
          <distance>35056</distance>
        </extensions>
      </trkpt>
      <trkpt lat="-33.77359" lon="150.36928">
        <ele>466</ele>
        <extensions>
          <distance>35071</distance>
        </extensions>
      </trkpt>
      <trkpt lat="-33.77346" lon="150.369105">
        <ele>461.5</ele>
        <extensions>
          <distance>35093</distance>
        </extensions>
      </trkpt>
      <trkpt lat="-33.77333" lon="150.36893">
        <ele>457</ele>
        <extensions>
          <distance>35115</distance>
        </extensions>
      </trkpt>
      <trkpt lat="-33.7731" lon="150.36882">
        <ele>452</ele>
        <extensions>
          <distance>35143</distance>
        </extensions>
      </trkpt>
      <trkpt lat="-33.77296" lon="150.36873500000002">
        <ele>449.5</ele>
        <extensions>
          <distance>35160</distance>
        </extensions>
      </trkpt>
      <trkpt lat="-33.77282" lon="150.36865">
        <ele>447</ele>
        <extensions>
          <distance>35178</distance>
        </extensions>
      </trkpt>
      <trkpt lat="-33.7726725" lon="150.3685">
        <ele>444.5</ele>
        <extensions>
          <distance>35200</distance>
        </extensions>
      </trkpt>
      <trkpt lat="-33.772525" lon="150.36835000000002">
        <ele>442</ele>
        <extensions>
          <distance>35221</distance>
        </extensions>
      </trkpt>
      <trkpt lat="-33.772377500000005" lon="150.3682">
        <ele>439.5</ele>
        <extensions>
          <distance>35243</distance>
        </extensions>
      </trkpt>
      <trkpt lat="-33.77223" lon="150.36805">
        <ele>438</ele>
        <extensions>
          <distance>35264</distance>
        </extensions>
      </trkpt>
      <trkpt lat="-33.7721" lon="150.36794">
        <ele>437</ele>
        <extensions>
          <distance>35282</distance>
        </extensions>
      </trkpt>
      <trkpt lat="-33.77204" lon="150.36783">
        <ele>437</ele>
        <extensions>
          <distance>35294</distance>
        </extensions>
      </trkpt>
      <trkpt lat="-33.77194" lon="150.36753">
        <ele>437</ele>
        <extensions>
          <distance>35324</distance>
        </extensions>
      </trkpt>
      <trkpt lat="-33.771895" lon="150.367365">
        <ele>435.5</ele>
        <extensions>
          <distance>35340</distance>
        </extensions>
      </trkpt>
      <trkpt lat="-33.77185" lon="150.3672">
        <ele>434</ele>
        <extensions>
          <distance>35356</distance>
        </extensions>
      </trkpt>
      <trkpt lat="-33.771805" lon="150.367035">
        <ele>432.5</ele>
        <extensions>
          <distance>35373</distance>
        </extensions>
      </trkpt>
      <trkpt lat="-33.77176" lon="150.36687">
        <ele>431</ele>
        <extensions>
          <distance>35389</distance>
        </extensions>
      </trkpt>
      <trkpt lat="-33.7716" lon="150.36671">
        <ele>426</ele>
        <extensions>
          <distance>35412</distance>
        </extensions>
      </trkpt>
      <trkpt lat="-33.77148" lon="150.36661">
        <ele>421.5</ele>
        <extensions>
          <distance>35429</distance>
        </extensions>
      </trkpt>
      <trkpt lat="-33.77136" lon="150.36651">
        <ele>417</ele>
        <extensions>
          <distance>35446</distance>
        </extensions>
      </trkpt>
      <trkpt lat="-33.771150000000006" lon="150.366435">
        <ele>417</ele>
        <extensions>
          <distance>35470</distance>
        </extensions>
      </trkpt>
      <trkpt lat="-33.77094" lon="150.36636">
        <ele>417</ele>
        <extensions>
          <distance>35495</distance>
        </extensions>
      </trkpt>
      <trkpt lat="-33.77082" lon="150.36627">
        <ele>417</ele>
        <extensions>
          <distance>35510</distance>
        </extensions>
      </trkpt>
      <trkpt lat="-33.77064" lon="150.36609">
        <ele>417</ele>
        <extensions>
          <distance>35536</distance>
        </extensions>
      </trkpt>
      <trkpt lat="-33.77055" lon="150.36596">
        <ele>417</ele>
        <extensions>
          <distance>35552</distance>
        </extensions>
      </trkpt>
      <trkpt lat="-33.77048" lon="150.3658">
        <ele>417</ele>
        <extensions>
          <distance>35569</distance>
        </extensions>
      </trkpt>
      <trkpt lat="-33.7704" lon="150.36571">
        <ele>416</ele>
        <extensions>
          <distance>35581</distance>
        </extensions>
      </trkpt>
      <trkpt lat="-33.77023" lon="150.36555500000003">
        <ele>413.5</ele>
        <extensions>
          <distance>35605</distance>
        </extensions>
      </trkpt>
      <trkpt lat="-33.77006" lon="150.36540000000002">
        <ele>411</ele>
        <extensions>
          <distance>35628</distance>
        </extensions>
      </trkpt>
      <trkpt lat="-33.769890000000004" lon="150.36524500000002">
        <ele>408.5</ele>
        <extensions>
          <distance>35652</distance>
        </extensions>
      </trkpt>
      <trkpt lat="-33.76972" lon="150.36509">
        <ele>406</ele>
        <extensions>
          <distance>35676</distance>
        </extensions>
      </trkpt>
      <trkpt lat="-33.769504999999995" lon="150.36495000000002">
        <ele>401</ele>
        <extensions>
          <distance>35704</distance>
        </extensions>
      </trkpt>
      <trkpt lat="-33.76929" lon="150.36481">
        <ele>396</ele>
        <extensions>
          <distance>35731</distance>
        </extensions>
      </trkpt>
      <trkpt lat="-33.769155" lon="150.364735">
        <ele>395.25</ele>
        <extensions>
          <distance>35748</distance>
        </extensions>
      </trkpt>
      <trkpt lat="-33.76902" lon="150.36466000000001">
        <ele>394.5</ele>
        <extensions>
          <distance>35764</distance>
        </extensions>
      </trkpt>
      <trkpt lat="-33.768885" lon="150.364585">
        <ele>394</ele>
        <extensions>
          <distance>35781</distance>
        </extensions>
      </trkpt>
      <trkpt lat="-33.76875" lon="150.36451">
        <ele>393.75</ele>
        <extensions>
          <distance>35797</distance>
        </extensions>
      </trkpt>
      <trkpt lat="-33.76854" lon="150.36445">
        <ele>393</ele>
        <extensions>
          <distance>35821</distance>
        </extensions>
      </trkpt>
      <trkpt lat="-33.7684" lon="150.36442499999998">
        <ele>392.5</ele>
        <extensions>
          <distance>35837</distance>
        </extensions>
      </trkpt>
      <trkpt lat="-33.76826" lon="150.3644">
        <ele>391</ele>
        <extensions>
          <distance>35853</distance>
        </extensions>
      </trkpt>
      <trkpt lat="-33.768065" lon="150.36423">
        <ele>383</ele>
        <extensions>
          <distance>35880</distance>
        </extensions>
      </trkpt>
      <trkpt lat="-33.76787" lon="150.36406">
        <ele>375</ele>
        <extensions>
          <distance>35908</distance>
        </extensions>
      </trkpt>
      <trkpt lat="-33.767735" lon="150.364015">
        <ele>374</ele>
        <extensions>
          <distance>35924</distance>
        </extensions>
      </trkpt>
      <trkpt lat="-33.7676" lon="150.36397">
        <ele>374</ele>
        <extensions>
          <distance>35939</distance>
        </extensions>
      </trkpt>
      <trkpt lat="-33.767415" lon="150.36397499999998">
        <ele>374</ele>
        <extensions>
          <distance>35960</distance>
        </extensions>
      </trkpt>
      <trkpt lat="-33.76723" lon="150.36398">
        <ele>374</ele>
        <extensions>
          <distance>35980</distance>
        </extensions>
      </trkpt>
      <trkpt lat="-33.767089999999996" lon="150.363945">
        <ele>373.5</ele>
        <extensions>
          <distance>35996</distance>
        </extensions>
      </trkpt>
      <trkpt lat="-33.76695" lon="150.36391">
        <ele>373.5</ele>
        <extensions>
          <distance>36012</distance>
        </extensions>
      </trkpt>
      <trkpt lat="-33.766735" lon="150.36374">
        <ele>370.5</ele>
        <extensions>
          <distance>36041</distance>
        </extensions>
      </trkpt>
      <trkpt lat="-33.76652" lon="150.36357">
        <ele>367</ele>
        <extensions>
          <distance>36070</distance>
        </extensions>
      </trkpt>
      <trkpt lat="-33.76642" lon="150.36341">
        <ele>363.5</ele>
        <extensions>
          <distance>36088</distance>
        </extensions>
      </trkpt>
      <trkpt lat="-33.76632" lon="150.36325">
        <ele>360</ele>
        <extensions>
          <distance>36107</distance>
        </extensions>
      </trkpt>
      <trkpt lat="-33.76625" lon="150.36296">
        <ele>357</ele>
        <extensions>
          <distance>36135</distance>
        </extensions>
      </trkpt>
      <trkpt lat="-33.76637" lon="150.36269">
        <ele>351</ele>
        <extensions>
          <distance>36164</distance>
        </extensions>
      </trkpt>
      <trkpt lat="-33.76655" lon="150.36247">
        <ele>343</ele>
        <extensions>
          <distance>36194</distance>
        </extensions>
      </trkpt>
      <trkpt lat="-33.76659" lon="150.36231">
        <ele>338</ele>
        <extensions>
          <distance>36210</distance>
        </extensions>
      </trkpt>
      <trkpt lat="-33.76656" lon="150.3622">
        <ele>337</ele>
        <extensions>
          <distance>36221</distance>
        </extensions>
      </trkpt>
      <trkpt lat="-33.76637" lon="150.36217">
        <ele>336</ele>
        <extensions>
          <distance>36242</distance>
        </extensions>
      </trkpt>
      <trkpt lat="-33.76624" lon="150.362">
        <ele>336</ele>
        <extensions>
          <distance>36264</distance>
        </extensions>
      </trkpt>
      <trkpt lat="-33.766195" lon="150.36183">
        <ele>334</ele>
        <extensions>
          <distance>36280</distance>
        </extensions>
      </trkpt>
      <trkpt lat="-33.76615" lon="150.36166">
        <ele>334</ele>
        <extensions>
          <distance>36297</distance>
        </extensions>
      </trkpt>
      <trkpt lat="-33.765995000000004" lon="150.361465">
        <ele>334</ele>
        <extensions>
          <distance>36322</distance>
        </extensions>
      </trkpt>
      <trkpt lat="-33.76584" lon="150.36127">
        <ele>334</ele>
        <extensions>
          <distance>36347</distance>
        </extensions>
      </trkpt>
      <trkpt lat="-33.76571" lon="150.36115">
        <ele>334</ele>
        <extensions>
          <distance>36365</distance>
        </extensions>
      </trkpt>
      <trkpt lat="-33.76554" lon="150.36106">
        <ele>334</ele>
        <extensions>
          <distance>36385</distance>
        </extensions>
      </trkpt>
      <trkpt lat="-33.76545" lon="150.36078">
        <ele>334</ele>
        <extensions>
          <distance>36413</distance>
        </extensions>
      </trkpt>
      <trkpt lat="-33.76536" lon="150.3605">
        <ele>334</ele>
        <extensions>
          <distance>36441</distance>
        </extensions>
      </trkpt>
      <trkpt lat="-33.765370000000004" lon="150.36025999999998">
        <ele>327.5</ele>
        <extensions>
          <distance>36463</distance>
        </extensions>
      </trkpt>
      <trkpt lat="-33.76538" lon="150.36002">
        <ele>323</ele>
        <extensions>
          <distance>36486</distance>
        </extensions>
      </trkpt>
      <trkpt lat="-33.76535" lon="150.35977">
        <ele>323</ele>
        <extensions>
          <distance>36510</distance>
        </extensions>
      </trkpt>
      <trkpt lat="-33.76532" lon="150.35972">
        <ele>321</ele>
        <extensions>
          <distance>36515</distance>
        </extensions>
      </trkpt>
      <trkpt lat="-33.7652" lon="150.35973">
        <ele>320.5</ele>
        <extensions>
          <distance>36529</distance>
        </extensions>
      </trkpt>
      <trkpt lat="-33.7651" lon="150.35975">
        <ele>320.5</ele>
        <extensions>
          <distance>36540</distance>
        </extensions>
      </trkpt>
      <trkpt lat="-33.764897500000004" lon="150.35985499999998">
        <ele>320.5</ele>
        <extensions>
          <distance>36564</distance>
        </extensions>
      </trkpt>
      <trkpt lat="-33.764695" lon="150.35996">
        <ele>320.5</ele>
        <extensions>
          <distance>36589</distance>
        </extensions>
      </trkpt>
      <trkpt lat="-33.7644925" lon="150.36006500000002">
        <ele>320.5</ele>
        <extensions>
          <distance>36613</distance>
        </extensions>
      </trkpt>
      <trkpt lat="-33.76429" lon="150.36017">
        <ele>320.5</ele>
        <extensions>
          <distance>36638</distance>
        </extensions>
      </trkpt>
      <trkpt lat="-33.76407" lon="150.36011">
        <ele>320.5</ele>
        <extensions>
          <distance>36663</distance>
        </extensions>
      </trkpt>
      <trkpt lat="-33.76403" lon="150.35988">
        <ele>317</ele>
        <extensions>
          <distance>36685</distance>
        </extensions>
      </trkpt>
      <trkpt lat="-33.76402" lon="150.359655">
        <ele>312.5</ele>
        <extensions>
          <distance>36706</distance>
        </extensions>
      </trkpt>
      <trkpt lat="-33.76401" lon="150.35943">
        <ele>308</ele>
        <extensions>
          <distance>36727</distance>
        </extensions>
      </trkpt>
      <trkpt lat="-33.763994999999994" lon="150.359245">
        <ele>304</ele>
        <extensions>
          <distance>36745</distance>
        </extensions>
      </trkpt>
      <trkpt lat="-33.76398" lon="150.35906">
        <ele>300</ele>
        <extensions>
          <distance>36763</distance>
        </extensions>
      </trkpt>
      <trkpt lat="-33.7639" lon="150.35885">
        <ele>295</ele>
        <extensions>
          <distance>36785</distance>
        </extensions>
      </trkpt>
      <trkpt lat="-33.7638" lon="150.35863999999998">
        <ele>289.5</ele>
        <extensions>
          <distance>36808</distance>
        </extensions>
      </trkpt>
      <trkpt lat="-33.7637" lon="150.35843">
        <ele>284</ele>
        <extensions>
          <distance>36831</distance>
        </extensions>
      </trkpt>
      <trkpt lat="-33.763655" lon="150.35818">
        <ele>279.5</ele>
        <extensions>
          <distance>36855</distance>
        </extensions>
      </trkpt>
      <trkpt lat="-33.76361" lon="150.35793">
        <ele>275</ele>
        <extensions>
          <distance>36879</distance>
        </extensions>
      </trkpt>
      <trkpt lat="-33.763575" lon="150.357675">
        <ele>271.5</ele>
        <extensions>
          <distance>36903</distance>
        </extensions>
      </trkpt>
      <trkpt lat="-33.76354" lon="150.35742">
        <ele>268</ele>
        <extensions>
          <distance>36927</distance>
        </extensions>
      </trkpt>
      <trkpt lat="-33.7634975" lon="150.35721">
        <ele>266.25</ele>
        <extensions>
          <distance>36947</distance>
        </extensions>
      </trkpt>
      <trkpt lat="-33.763455" lon="150.357">
        <ele>264.5</ele>
        <extensions>
          <distance>36968</distance>
        </extensions>
      </trkpt>
      <trkpt lat="-33.7634125" lon="150.35679">
        <ele>262.75</ele>
        <extensions>
          <distance>36988</distance>
        </extensions>
      </trkpt>
      <trkpt lat="-33.76337" lon="150.35658">
        <ele>261</ele>
        <extensions>
          <distance>37008</distance>
        </extensions>
      </trkpt>
      <trkpt lat="-33.76337" lon="150.35638">
        <ele>258</ele>
        <extensions>
          <distance>37026</distance>
        </extensions>
      </trkpt>
      <trkpt lat="-33.76342" lon="150.35622">
        <ele>258</ele>
        <extensions>
          <distance>37042</distance>
        </extensions>
      </trkpt>
      <trkpt lat="-33.7635" lon="150.35611">
        <ele>257</ele>
        <extensions>
          <distance>37056</distance>
        </extensions>
      </trkpt>
      <trkpt lat="-33.76357" lon="150.35596">
        <ele>256</ele>
        <extensions>
          <distance>37072</distance>
        </extensions>
      </trkpt>
      <trkpt lat="-33.763665" lon="150.35582">
        <ele>254.5</ele>
        <extensions>
          <distance>37089</distance>
        </extensions>
      </trkpt>
      <trkpt lat="-33.76376" lon="150.35568">
        <ele>253</ele>
        <extensions>
          <distance>37105</distance>
        </extensions>
      </trkpt>
      <trkpt lat="-33.763795" lon="150.35552">
        <ele>252</ele>
        <extensions>
          <distance>37121</distance>
        </extensions>
      </trkpt>
      <trkpt lat="-33.76383" lon="150.35536">
        <ele>251</ele>
        <extensions>
          <distance>37136</distance>
        </extensions>
      </trkpt>
      <trkpt lat="-33.76389" lon="150.35517">
        <ele>248</ele>
        <extensions>
          <distance>37155</distance>
        </extensions>
      </trkpt>
      <trkpt lat="-33.76391" lon="150.35498">
        <ele>246</ele>
        <extensions>
          <distance>37173</distance>
        </extensions>
      </trkpt>
      <trkpt lat="-33.76395" lon="150.35483">
        <ele>244</ele>
        <extensions>
          <distance>37188</distance>
        </extensions>
      </trkpt>
      <trkpt lat="-33.76399" lon="150.35458">
        <ele>240.5</ele>
        <extensions>
          <distance>37212</distance>
        </extensions>
      </trkpt>
      <trkpt lat="-33.76403" lon="150.35433">
        <ele>237</ele>
        <extensions>
          <distance>37235</distance>
        </extensions>
      </trkpt>
      <trkpt lat="-33.764055" lon="150.35401000000002">
        <ele>231</ele>
        <extensions>
          <distance>37266</distance>
        </extensions>
      </trkpt>
      <trkpt lat="-33.76408" lon="150.35369">
        <ele>225</ele>
        <extensions>
          <distance>37296</distance>
        </extensions>
      </trkpt>
      <trkpt lat="-33.764055" lon="150.353465">
        <ele>222.5</ele>
        <extensions>
          <distance>37317</distance>
        </extensions>
      </trkpt>
      <trkpt lat="-33.76403" lon="150.35324">
        <ele>220</ele>
        <extensions>
          <distance>37338</distance>
        </extensions>
      </trkpt>
      <trkpt lat="-33.763945" lon="150.353005">
        <ele>220</ele>
        <extensions>
          <distance>37362</distance>
        </extensions>
      </trkpt>
      <trkpt lat="-33.76386" lon="150.35277">
        <ele>220</ele>
        <extensions>
          <distance>37386</distance>
        </extensions>
      </trkpt>
      <trkpt lat="-33.763895000000005" lon="150.35253">
        <ele>220</ele>
        <extensions>
          <distance>37408</distance>
        </extensions>
      </trkpt>
      <trkpt lat="-33.76393" lon="150.35229">
        <ele>220</ele>
        <extensions>
          <distance>37431</distance>
        </extensions>
      </trkpt>
      <trkpt lat="-33.7640675" lon="150.35219">
        <ele>220.25</ele>
        <extensions>
          <distance>37449</distance>
        </extensions>
      </trkpt>
      <trkpt lat="-33.764205000000004" lon="150.35209">
        <ele>220.5</ele>
        <extensions>
          <distance>37467</distance>
        </extensions>
      </trkpt>
      <trkpt lat="-33.7643425" lon="150.35199">
        <ele>220.75</ele>
        <extensions>
          <distance>37485</distance>
        </extensions>
      </trkpt>
      <trkpt lat="-33.76448" lon="150.35189">
        <ele>221</ele>
        <extensions>
          <distance>37502</distance>
        </extensions>
      </trkpt>
      <trkpt lat="-33.76457" lon="150.35162">
        <ele>223</ele>
        <extensions>
          <distance>37529</distance>
        </extensions>
      </trkpt>
      <trkpt lat="-33.76449" lon="150.35148">
        <ele>226</ele>
        <extensions>
          <distance>37545</distance>
        </extensions>
      </trkpt>
      <trkpt lat="-33.76431" lon="150.35126000000002">
        <ele>228.5</ele>
        <extensions>
          <distance>37574</distance>
        </extensions>
      </trkpt>
      <trkpt lat="-33.76413" lon="150.35104">
        <ele>231</ele>
        <extensions>
          <distance>37603</distance>
        </extensions>
      </trkpt>
      <trkpt lat="-33.76408" lon="150.35085500000002">
        <ele>233</ele>
        <extensions>
          <distance>37621</distance>
        </extensions>
      </trkpt>
      <trkpt lat="-33.76403" lon="150.35067">
        <ele>235</ele>
        <extensions>
          <distance>37639</distance>
        </extensions>
      </trkpt>
      <trkpt lat="-33.764095" lon="150.35046">
        <ele>237</ele>
        <extensions>
          <distance>37660</distance>
        </extensions>
      </trkpt>
      <trkpt lat="-33.76416" lon="150.35025">
        <ele>239</ele>
        <extensions>
          <distance>37681</distance>
        </extensions>
      </trkpt>
      <trkpt lat="-33.7642" lon="150.35001">
        <ele>239.5</ele>
        <extensions>
          <distance>37703</distance>
        </extensions>
      </trkpt>
      <trkpt lat="-33.76424" lon="150.34977">
        <ele>240</ele>
        <extensions>
          <distance>37726</distance>
        </extensions>
      </trkpt>
      <trkpt lat="-33.76426" lon="150.34959500000002">
        <ele>241</ele>
        <extensions>
          <distance>37742</distance>
        </extensions>
      </trkpt>
      <trkpt lat="-33.76428" lon="150.34942">
        <ele>242</ele>
        <extensions>
          <distance>37759</distance>
        </extensions>
      </trkpt>
      <trkpt lat="-33.76437" lon="150.34919">
        <ele>242</ele>
        <extensions>
          <distance>37782</distance>
        </extensions>
      </trkpt>
      <trkpt lat="-33.76441" lon="150.34903">
        <ele>243</ele>
        <extensions>
          <distance>37798</distance>
        </extensions>
      </trkpt>
      <trkpt lat="-33.7644" lon="150.34887">
        <ele>245</ele>
        <extensions>
          <distance>37813</distance>
        </extensions>
      </trkpt>
      <trkpt lat="-33.76441" lon="150.34874">
        <ele>245</ele>
        <extensions>
          <distance>37825</distance>
        </extensions>
      </trkpt>
      <trkpt lat="-33.76437" lon="150.34864">
        <ele>246</ele>
        <extensions>
          <distance>37835</distance>
        </extensions>
      </trkpt>
      <trkpt lat="-33.76429" lon="150.3486">
        <ele>247</ele>
        <extensions>
          <distance>37845</distance>
        </extensions>
      </trkpt>
      <trkpt lat="-33.76417" lon="150.34863">
        <ele>250</ele>
        <extensions>
          <distance>37859</distance>
        </extensions>
      </trkpt>
      <trkpt lat="-33.764005" lon="150.34874000000002">
        <ele>253</ele>
        <extensions>
          <distance>37880</distance>
        </extensions>
      </trkpt>
      <trkpt lat="-33.76384" lon="150.34885000000003">
        <ele>256</ele>
        <extensions>
          <distance>37901</distance>
        </extensions>
      </trkpt>
      <trkpt lat="-33.763675" lon="150.34896000000003">
        <ele>259</ele>
        <extensions>
          <distance>37922</distance>
        </extensions>
      </trkpt>
      <trkpt lat="-33.76351" lon="150.34907">
        <ele>262</ele>
        <extensions>
          <distance>37943</distance>
        </extensions>
      </trkpt>
      <trkpt lat="-33.7633" lon="150.34909">
        <ele>266</ele>
        <extensions>
          <distance>37967</distance>
        </extensions>
      </trkpt>
      <trkpt lat="-33.76315" lon="150.34908">
        <ele>269</ele>
        <extensions>
          <distance>37984</distance>
        </extensions>
      </trkpt>
      <trkpt lat="-33.763017500000004" lon="150.34902749999998">
        <ele>271.5</ele>
        <extensions>
          <distance>37999</distance>
        </extensions>
      </trkpt>
      <trkpt lat="-33.762885" lon="150.348975">
        <ele>274</ele>
        <extensions>
          <distance>38015</distance>
        </extensions>
      </trkpt>
      <trkpt lat="-33.7627525" lon="150.34892250000001">
        <ele>276.5</ele>
        <extensions>
          <distance>38031</distance>
        </extensions>
      </trkpt>
      <trkpt lat="-33.76262" lon="150.34887">
        <ele>279</ele>
        <extensions>
          <distance>38047</distance>
        </extensions>
      </trkpt>
      <trkpt lat="-33.762455" lon="150.348835">
        <ele>285</ele>
        <extensions>
          <distance>38066</distance>
        </extensions>
      </trkpt>
      <trkpt lat="-33.76229" lon="150.3488">
        <ele>291</ele>
        <extensions>
          <distance>38086</distance>
        </extensions>
      </trkpt>
      <trkpt lat="-33.762060000000005" lon="150.348645">
        <ele>293</ele>
        <extensions>
          <distance>38115</distance>
        </extensions>
      </trkpt>
      <trkpt lat="-33.76183" lon="150.34849">
        <ele>295</ele>
        <extensions>
          <distance>38144</distance>
        </extensions>
      </trkpt>
      <trkpt lat="-33.76171" lon="150.3483875">
        <ele>297</ele>
        <extensions>
          <distance>38161</distance>
        </extensions>
      </trkpt>
      <trkpt lat="-33.76159" lon="150.348285">
        <ele>299</ele>
        <extensions>
          <distance>38177</distance>
        </extensions>
      </trkpt>
      <trkpt lat="-33.76147" lon="150.3481825">
        <ele>301</ele>
        <extensions>
          <distance>38194</distance>
        </extensions>
      </trkpt>
      <trkpt lat="-33.76135" lon="150.34808">
        <ele>303</ele>
        <extensions>
          <distance>38210</distance>
        </extensions>
      </trkpt>
      <trkpt lat="-33.76113" lon="150.34797">
        <ele>307.5</ele>
        <extensions>
          <distance>38237</distance>
        </extensions>
      </trkpt>
      <trkpt lat="-33.76091" lon="150.34786">
        <ele>312</ele>
        <extensions>
          <distance>38264</distance>
        </extensions>
      </trkpt>
      <trkpt lat="-33.760745" lon="150.3478275">
        <ele>314</ele>
        <extensions>
          <distance>38282</distance>
        </extensions>
      </trkpt>
      <trkpt lat="-33.760580000000004" lon="150.34779500000002">
        <ele>316</ele>
        <extensions>
          <distance>38301</distance>
        </extensions>
      </trkpt>
      <trkpt lat="-33.760415" lon="150.34776250000002">
        <ele>318</ele>
        <extensions>
          <distance>38320</distance>
        </extensions>
      </trkpt>
      <trkpt lat="-33.76025" lon="150.34773">
        <ele>319</ele>
        <extensions>
          <distance>38338</distance>
        </extensions>
      </trkpt>
      <trkpt lat="-33.760104999999996" lon="150.347735">
        <ele>319.5</ele>
        <extensions>
          <distance>38354</distance>
        </extensions>
      </trkpt>
      <trkpt lat="-33.75996" lon="150.34774">
        <ele>320</ele>
        <extensions>
          <distance>38371</distance>
        </extensions>
      </trkpt>
      <trkpt lat="-33.75986" lon="150.34777">
        <ele>321</ele>
        <extensions>
          <distance>38382</distance>
        </extensions>
      </trkpt>
      <trkpt lat="-33.75981" lon="150.34782">
        <ele>322</ele>
        <extensions>
          <distance>38389</distance>
        </extensions>
      </trkpt>
      <trkpt lat="-33.75978" lon="150.34788">
        <ele>322</ele>
        <extensions>
          <distance>38396</distance>
        </extensions>
      </trkpt>
      <trkpt lat="-33.75973" lon="150.34807">
        <ele>322</ele>
        <extensions>
          <distance>38414</distance>
        </extensions>
      </trkpt>
      <trkpt lat="-33.7597" lon="150.34814">
        <ele>322</ele>
        <extensions>
          <distance>38421</distance>
        </extensions>
      </trkpt>
      <trkpt lat="-33.75966" lon="150.3482">
        <ele>322</ele>
        <extensions>
          <distance>38429</distance>
        </extensions>
      </trkpt>
      <trkpt lat="-33.75957" lon="150.34825">
        <ele>325</ele>
        <extensions>
          <distance>38440</distance>
        </extensions>
      </trkpt>
      <trkpt lat="-33.75942" lon="150.34831">
        <ele>329</ele>
        <extensions>
          <distance>38458</distance>
        </extensions>
      </trkpt>
      <trkpt lat="-33.75922" lon="150.34835">
        <ele>331</ele>
        <extensions>
          <distance>38480</distance>
        </extensions>
      </trkpt>
      <trkpt lat="-33.75911" lon="150.34835">
        <ele>332</ele>
        <extensions>
          <distance>38493</distance>
        </extensions>
      </trkpt>
      <trkpt lat="-33.75903" lon="150.34833">
        <ele>333</ele>
        <extensions>
          <distance>38502</distance>
        </extensions>
      </trkpt>
      <trkpt lat="-33.75894" lon="150.34828">
        <ele>334</ele>
        <extensions>
          <distance>38513</distance>
        </extensions>
      </trkpt>
      <trkpt lat="-33.75888" lon="150.34823">
        <ele>334</ele>
        <extensions>
          <distance>38521</distance>
        </extensions>
      </trkpt>
      <trkpt lat="-33.75881" lon="150.34815">
        <ele>334</ele>
        <extensions>
          <distance>38531</distance>
        </extensions>
      </trkpt>
      <trkpt lat="-33.75876" lon="150.34804">
        <ele>334</ele>
        <extensions>
          <distance>38543</distance>
        </extensions>
      </trkpt>
      <trkpt lat="-33.75874" lon="150.34792">
        <ele>334</ele>
        <extensions>
          <distance>38554</distance>
        </extensions>
      </trkpt>
      <trkpt lat="-33.75868" lon="150.34779">
        <ele>334</ele>
        <extensions>
          <distance>38568</distance>
        </extensions>
      </trkpt>
      <trkpt lat="-33.758579999999995" lon="150.34766000000002">
        <ele>332.5</ele>
        <extensions>
          <distance>38584</distance>
        </extensions>
      </trkpt>
      <trkpt lat="-33.75848" lon="150.34753">
        <ele>331</ele>
        <extensions>
          <distance>38601</distance>
        </extensions>
      </trkpt>
      <trkpt lat="-33.75838" lon="150.34727">
        <ele>329.5</ele>
        <extensions>
          <distance>38627</distance>
        </extensions>
      </trkpt>
      <trkpt lat="-33.75828" lon="150.34701">
        <ele>328</ele>
        <extensions>
          <distance>38654</distance>
        </extensions>
      </trkpt>
      <trkpt lat="-33.75821" lon="150.34692">
        <ele>326</ele>
        <extensions>
          <distance>38665</distance>
        </extensions>
      </trkpt>
      <trkpt lat="-33.75813" lon="150.34687">
        <ele>324</ele>
        <extensions>
          <distance>38676</distance>
        </extensions>
      </trkpt>
      <trkpt lat="-33.75805" lon="150.34685">
        <ele>324</ele>
        <extensions>
          <distance>38685</distance>
        </extensions>
      </trkpt>
      <trkpt lat="-33.75789" lon="150.34675">
        <ele>324</ele>
        <extensions>
          <distance>38705</distance>
        </extensions>
      </trkpt>
      <trkpt lat="-33.75782" lon="150.34667">
        <ele>324</ele>
        <extensions>
          <distance>38716</distance>
        </extensions>
      </trkpt>
      <trkpt lat="-33.75775" lon="150.34656">
        <ele>324</ele>
        <extensions>
          <distance>38728</distance>
        </extensions>
      </trkpt>
      <trkpt lat="-33.75768" lon="150.34640000000002">
        <ele>324</ele>
        <extensions>
          <distance>38745</distance>
        </extensions>
      </trkpt>
      <trkpt lat="-33.75761" lon="150.34624">
        <ele>324</ele>
        <extensions>
          <distance>38762</distance>
        </extensions>
      </trkpt>
      <trkpt lat="-33.75759" lon="150.34601">
        <ele>324</ele>
        <extensions>
          <distance>38783</distance>
        </extensions>
      </trkpt>
      <trkpt lat="-33.75755" lon="150.34593">
        <ele>323</ele>
        <extensions>
          <distance>38792</distance>
        </extensions>
      </trkpt>
      <trkpt lat="-33.75748" lon="150.34586">
        <ele>322</ele>
        <extensions>
          <distance>38802</distance>
        </extensions>
      </trkpt>
      <trkpt lat="-33.75742" lon="150.34587">
        <ele>322</ele>
        <extensions>
          <distance>38809</distance>
        </extensions>
      </trkpt>
      <trkpt lat="-33.75736" lon="150.3459">
        <ele>322</ele>
        <extensions>
          <distance>38816</distance>
        </extensions>
      </trkpt>
      <trkpt lat="-33.75717" lon="150.34588">
        <ele>320</ele>
        <extensions>
          <distance>38837</distance>
        </extensions>
      </trkpt>
      <trkpt lat="-33.75698" lon="150.34586">
        <ele>317</ele>
        <extensions>
          <distance>38859</distance>
        </extensions>
      </trkpt>
      <trkpt lat="-33.75687" lon="150.34587">
        <ele>316</ele>
        <extensions>
          <distance>38871</distance>
        </extensions>
      </trkpt>
      <trkpt lat="-33.75667" lon="150.34584">
        <ele>316</ele>
        <extensions>
          <distance>38893</distance>
        </extensions>
      </trkpt>
      <trkpt lat="-33.75652" lon="150.34575">
        <ele>313</ele>
        <extensions>
          <distance>38912</distance>
        </extensions>
      </trkpt>
      <trkpt lat="-33.75637" lon="150.34563">
        <ele>313</ele>
        <extensions>
          <distance>38932</distance>
        </extensions>
      </trkpt>
      <trkpt lat="-33.75621" lon="150.34545">
        <ele>313</ele>
        <extensions>
          <distance>38956</distance>
        </extensions>
      </trkpt>
      <trkpt lat="-33.75609" lon="150.34527500000002">
        <ele>312</ele>
        <extensions>
          <distance>38977</distance>
        </extensions>
      </trkpt>
      <trkpt lat="-33.75597" lon="150.3451">
        <ele>312</ele>
        <extensions>
          <distance>38998</distance>
        </extensions>
      </trkpt>
      <trkpt lat="-33.75588" lon="150.34499">
        <ele>312</ele>
        <extensions>
          <distance>39012</distance>
        </extensions>
      </trkpt>
      <trkpt lat="-33.75576" lon="150.3449">
        <ele>312</ele>
        <extensions>
          <distance>39028</distance>
        </extensions>
      </trkpt>
      <trkpt lat="-33.7556" lon="150.3448">
        <ele>310</ele>
        <extensions>
          <distance>39048</distance>
        </extensions>
      </trkpt>
      <trkpt lat="-33.75544" lon="150.3447">
        <ele>308</ele>
        <extensions>
          <distance>39068</distance>
        </extensions>
      </trkpt>
      <trkpt lat="-33.755285" lon="150.344585">
        <ele>308</ele>
        <extensions>
          <distance>39088</distance>
        </extensions>
      </trkpt>
      <trkpt lat="-33.75513" lon="150.34447">
        <ele>308</ele>
        <extensions>
          <distance>39109</distance>
        </extensions>
      </trkpt>
      <trkpt lat="-33.7550375" lon="150.34435000000002">
        <ele>305.875</ele>
        <extensions>
          <distance>39124</distance>
        </extensions>
      </trkpt>
      <trkpt lat="-33.754945000000006" lon="150.34423">
        <ele>303.75</ele>
        <extensions>
          <distance>39139</distance>
        </extensions>
      </trkpt>
      <trkpt lat="-33.754852500000005" lon="150.34411">
        <ele>301.625</ele>
        <extensions>
          <distance>39154</distance>
        </extensions>
      </trkpt>
      <trkpt lat="-33.754760000000005" lon="150.34399000000002">
        <ele>299.5</ele>
        <extensions>
          <distance>39170</distance>
        </extensions>
      </trkpt>
      <trkpt lat="-33.754667500000004" lon="150.34387">
        <ele>297.375</ele>
        <extensions>
          <distance>39185</distance>
        </extensions>
      </trkpt>
      <trkpt lat="-33.754575" lon="150.34375">
        <ele>295.25</ele>
        <extensions>
          <distance>39200</distance>
        </extensions>
      </trkpt>
      <trkpt lat="-33.7544825" lon="150.34363000000002">
        <ele>295.25</ele>
        <extensions>
          <distance>39215</distance>
        </extensions>
      </trkpt>
      <trkpt lat="-33.75439" lon="150.34351">
        <ele>295.25</ele>
        <extensions>
          <distance>39230</distance>
        </extensions>
      </trkpt>
      <trkpt lat="-33.75436" lon="150.34341">
        <ele>295.25</ele>
        <extensions>
          <distance>39240</distance>
        </extensions>
      </trkpt>
      <trkpt lat="-33.75438" lon="150.34324">
        <ele>297</ele>
        <extensions>
          <distance>39256</distance>
        </extensions>
      </trkpt>
      <trkpt lat="-33.75441" lon="150.34307">
        <ele>304</ele>
        <extensions>
          <distance>39273</distance>
        </extensions>
      </trkpt>
      <trkpt lat="-33.75448" lon="150.3428">
        <ele>314</ele>
        <extensions>
          <distance>39301</distance>
        </extensions>
      </trkpt>
      <trkpt lat="-33.7545" lon="150.34265">
        <ele>317</ele>
        <extensions>
          <distance>39315</distance>
        </extensions>
      </trkpt>
      <trkpt lat="-33.75447" lon="150.34251">
        <ele>320</ele>
        <extensions>
          <distance>39329</distance>
        </extensions>
      </trkpt>
      <trkpt lat="-33.7544" lon="150.34226">
        <ele>328</ele>
        <extensions>
          <distance>39354</distance>
        </extensions>
      </trkpt>
      <trkpt lat="-33.75433" lon="150.34212">
        <ele>331</ele>
        <extensions>
          <distance>39370</distance>
        </extensions>
      </trkpt>
      <trkpt lat="-33.75419" lon="150.34193">
        <ele>332</ele>
        <extensions>
          <distance>39393</distance>
        </extensions>
      </trkpt>
      <trkpt lat="-33.754075" lon="150.341725">
        <ele>332.5</ele>
        <extensions>
          <distance>39416</distance>
        </extensions>
      </trkpt>
      <trkpt lat="-33.75396" lon="150.34152">
        <ele>333</ele>
        <extensions>
          <distance>39439</distance>
        </extensions>
      </trkpt>
      <trkpt lat="-33.7538" lon="150.34126">
        <ele>333</ele>
        <extensions>
          <distance>39469</distance>
        </extensions>
      </trkpt>
      <trkpt lat="-33.75375" lon="150.34116">
        <ele>334</ele>
        <extensions>
          <distance>39480</distance>
        </extensions>
      </trkpt>
      <trkpt lat="-33.75371" lon="150.34104">
        <ele>337</ele>
        <extensions>
          <distance>39492</distance>
        </extensions>
      </trkpt>
      <trkpt lat="-33.75369" lon="150.3409">
        <ele>341</ele>
        <extensions>
          <distance>39506</distance>
        </extensions>
      </trkpt>
      <trkpt lat="-33.75369" lon="150.34059">
        <ele>346</ele>
        <extensions>
          <distance>39535</distance>
        </extensions>
      </trkpt>
      <trkpt lat="-33.75366" lon="150.34049">
        <ele>346</ele>
        <extensions>
          <distance>39545</distance>
        </extensions>
      </trkpt>
      <trkpt lat="-33.75358" lon="150.34041">
        <ele>346</ele>
        <extensions>
          <distance>39556</distance>
        </extensions>
      </trkpt>
      <trkpt lat="-33.75349" lon="150.34038">
        <ele>346</ele>
        <extensions>
          <distance>39567</distance>
        </extensions>
      </trkpt>
      <trkpt lat="-33.75323" lon="150.34038">
        <ele>346</ele>
        <extensions>
          <distance>39596</distance>
        </extensions>
      </trkpt>
      <trkpt lat="-33.7532" lon="150.34037">
        <ele>345</ele>
        <extensions>
          <distance>39599</distance>
        </extensions>
      </trkpt>
      <trkpt lat="-33.7530575" lon="150.34036">
        <ele>345</ele>
        <extensions>
          <distance>39615</distance>
        </extensions>
      </trkpt>
      <trkpt lat="-33.752915" lon="150.34035">
        <ele>345</ele>
        <extensions>
          <distance>39631</distance>
        </extensions>
      </trkpt>
      <trkpt lat="-33.752772500000006" lon="150.34034">
        <ele>345</ele>
        <extensions>
          <distance>39647</distance>
        </extensions>
      </trkpt>
      <trkpt lat="-33.75263" lon="150.34033">
        <ele>356</ele>
        <extensions>
          <distance>39663</distance>
        </extensions>
      </trkpt>
      <trkpt lat="-33.752485" lon="150.34036">
        <ele>356.5</ele>
        <extensions>
          <distance>39679</distance>
        </extensions>
      </trkpt>
      <trkpt lat="-33.75234" lon="150.34039">
        <ele>357</ele>
        <extensions>
          <distance>39695</distance>
        </extensions>
      </trkpt>
      <trkpt lat="-33.7522" lon="150.34033">
        <ele>360.5</ele>
        <extensions>
          <distance>39712</distance>
        </extensions>
      </trkpt>
      <trkpt lat="-33.75206" lon="150.34027">
        <ele>364</ele>
        <extensions>
          <distance>39729</distance>
        </extensions>
      </trkpt>
      <trkpt lat="-33.75194" lon="150.34012">
        <ele>369</ele>
        <extensions>
          <distance>39749</distance>
        </extensions>
      </trkpt>
      <trkpt lat="-33.75178" lon="150.33987">
        <ele>373</ele>
        <extensions>
          <distance>39778</distance>
        </extensions>
      </trkpt>
      <trkpt lat="-33.75159" lon="150.33976">
        <ele>374</ele>
        <extensions>
          <distance>39802</distance>
        </extensions>
      </trkpt>
      <trkpt lat="-33.75144" lon="150.33971">
        <ele>374</ele>
        <extensions>
          <distance>39819</distance>
        </extensions>
      </trkpt>
      <trkpt lat="-33.75125" lon="150.33961">
        <ele>375</ele>
        <extensions>
          <distance>39842</distance>
        </extensions>
      </trkpt>
      <trkpt lat="-33.75113" lon="150.33949">
        <ele>379</ele>
        <extensions>
          <distance>39860</distance>
        </extensions>
      </trkpt>
      <trkpt lat="-33.75099" lon="150.339225">
        <ele>387.5</ele>
        <extensions>
          <distance>39890</distance>
        </extensions>
      </trkpt>
      <trkpt lat="-33.75085" lon="150.33896">
        <ele>396</ele>
        <extensions>
          <distance>39920</distance>
        </extensions>
      </trkpt>
      <trkpt lat="-33.75083" lon="150.33879">
        <ele>401</ele>
        <extensions>
          <distance>39937</distance>
        </extensions>
      </trkpt>
      <trkpt lat="-33.75086" lon="150.33862">
        <ele>404</ele>
        <extensions>
          <distance>39953</distance>
        </extensions>
      </trkpt>
      <trkpt lat="-33.75086" lon="150.33849">
        <ele>406</ele>
        <extensions>
          <distance>39965</distance>
        </extensions>
      </trkpt>
      <trkpt lat="-33.75079" lon="150.33835">
        <ele>410</ele>
        <extensions>
          <distance>39981</distance>
        </extensions>
      </trkpt>
      <trkpt lat="-33.75062" lon="150.33822">
        <ele>412</ele>
        <extensions>
          <distance>40003</distance>
        </extensions>
      </trkpt>
      <trkpt lat="-33.75037" lon="150.3381">
        <ele>412</ele>
        <extensions>
          <distance>40033</distance>
        </extensions>
      </trkpt>
      <trkpt lat="-33.75025" lon="150.338">
        <ele>412</ele>
        <extensions>
          <distance>40049</distance>
        </extensions>
      </trkpt>
      <trkpt lat="-33.75019" lon="150.33781">
        <ele>414</ele>
        <extensions>
          <distance>40068</distance>
        </extensions>
      </trkpt>
      <trkpt lat="-33.75019" lon="150.33771">
        <ele>414</ele>
        <extensions>
          <distance>40078</distance>
        </extensions>
      </trkpt>
      <trkpt lat="-33.75021" lon="150.33762">
        <ele>414</ele>
        <extensions>
          <distance>40086</distance>
        </extensions>
      </trkpt>
      <trkpt lat="-33.75032" lon="150.33749">
        <ele>414</ele>
        <extensions>
          <distance>40103</distance>
        </extensions>
      </trkpt>
      <trkpt lat="-33.75043" lon="150.33736">
        <ele>414</ele>
        <extensions>
          <distance>40121</distance>
        </extensions>
      </trkpt>
      <trkpt lat="-33.75062" lon="150.3372">
        <ele>414</ele>
        <extensions>
          <distance>40146</distance>
        </extensions>
      </trkpt>
      <trkpt lat="-33.75081" lon="150.33701">
        <ele>414</ele>
        <extensions>
          <distance>40174</distance>
        </extensions>
      </trkpt>
      <trkpt lat="-33.751000000000005" lon="150.33684">
        <ele>414</ele>
        <extensions>
          <distance>40200</distance>
        </extensions>
      </trkpt>
      <trkpt lat="-33.75119" lon="150.33667">
        <ele>414</ele>
        <extensions>
          <distance>40226</distance>
        </extensions>
      </trkpt>
      <trkpt lat="-33.75128" lon="150.33661">
        <ele>413</ele>
        <extensions>
          <distance>40238</distance>
        </extensions>
      </trkpt>
      <trkpt lat="-33.75137" lon="150.33658">
        <ele>412</ele>
        <extensions>
          <distance>40248</distance>
        </extensions>
      </trkpt>
      <trkpt lat="-33.75158" lon="150.33656">
        <ele>411</ele>
        <extensions>
          <distance>40272</distance>
        </extensions>
      </trkpt>
      <trkpt lat="-33.75171" lon="150.33652">
        <ele>411</ele>
        <extensions>
          <distance>40286</distance>
        </extensions>
      </trkpt>
      <trkpt lat="-33.7518" lon="150.33644">
        <ele>409</ele>
        <extensions>
          <distance>40299</distance>
        </extensions>
      </trkpt>
      <trkpt lat="-33.75187" lon="150.33633">
        <ele>409</ele>
        <extensions>
          <distance>40312</distance>
        </extensions>
      </trkpt>
      <trkpt lat="-33.75192" lon="150.33618">
        <ele>408</ele>
        <extensions>
          <distance>40327</distance>
        </extensions>
      </trkpt>
      <trkpt lat="-33.75197" lon="150.336">
        <ele>403</ele>
        <extensions>
          <distance>40345</distance>
        </extensions>
      </trkpt>
      <trkpt lat="-33.7519925" lon="150.33579">
        <ele>403</ele>
        <extensions>
          <distance>40365</distance>
        </extensions>
      </trkpt>
      <trkpt lat="-33.752015" lon="150.33558">
        <ele>403</ele>
        <extensions>
          <distance>40384</distance>
        </extensions>
      </trkpt>
      <trkpt lat="-33.7520375" lon="150.33537">
        <ele>403</ele>
        <extensions>
          <distance>40404</distance>
        </extensions>
      </trkpt>
      <trkpt lat="-33.75206" lon="150.33516">
        <ele>403</ele>
        <extensions>
          <distance>40424</distance>
        </extensions>
      </trkpt>
      <trkpt lat="-33.7520575" lon="150.3349975">
        <ele>403</ele>
        <extensions>
          <distance>40439</distance>
        </extensions>
      </trkpt>
      <trkpt lat="-33.752055" lon="150.334835">
        <ele>402.75</ele>
        <extensions>
          <distance>40454</distance>
        </extensions>
      </trkpt>
      <trkpt lat="-33.7520525" lon="150.3346725">
        <ele>402.75</ele>
        <extensions>
          <distance>40469</distance>
        </extensions>
      </trkpt>
      <trkpt lat="-33.75205" lon="150.33451">
        <ele>400</ele>
        <extensions>
          <distance>40484</distance>
        </extensions>
      </trkpt>
      <trkpt lat="-33.752015" lon="150.33423499999998">
        <ele>393.5</ele>
        <extensions>
          <distance>40510</distance>
        </extensions>
      </trkpt>
      <trkpt lat="-33.75198" lon="150.33396">
        <ele>387</ele>
        <extensions>
          <distance>40537</distance>
        </extensions>
      </trkpt>
      <trkpt lat="-33.75197" lon="150.33373999999998">
        <ele>386.5</ele>
        <extensions>
          <distance>40557</distance>
        </extensions>
      </trkpt>
      <trkpt lat="-33.75196" lon="150.33352">
        <ele>386</ele>
        <extensions>
          <distance>40578</distance>
        </extensions>
      </trkpt>
      <trkpt lat="-33.75197" lon="150.33331">
        <ele>386</ele>
        <extensions>
          <distance>40597</distance>
        </extensions>
      </trkpt>
      <trkpt lat="-33.752" lon="150.33316">
        <ele>386</ele>
        <extensions>
          <distance>40612</distance>
        </extensions>
      </trkpt>
      <trkpt lat="-33.75208" lon="150.33302">
        <ele>385</ele>
        <extensions>
          <distance>40627</distance>
        </extensions>
      </trkpt>
      <trkpt lat="-33.75222" lon="150.33286">
        <ele>385</ele>
        <extensions>
          <distance>40649</distance>
        </extensions>
      </trkpt>
      <trkpt lat="-33.7523" lon="150.33272">
        <ele>382</ele>
        <extensions>
          <distance>40665</distance>
        </extensions>
      </trkpt>
      <trkpt lat="-33.75239" lon="150.33244">
        <ele>377</ele>
        <extensions>
          <distance>40693</distance>
        </extensions>
      </trkpt>
      <trkpt lat="-33.75242" lon="150.33229">
        <ele>374</ele>
        <extensions>
          <distance>40707</distance>
        </extensions>
      </trkpt>
      <trkpt lat="-33.75241" lon="150.33213">
        <ele>372</ele>
        <extensions>
          <distance>40722</distance>
        </extensions>
      </trkpt>
      <trkpt lat="-33.752359999999996" lon="150.331885">
        <ele>367.5</ele>
        <extensions>
          <distance>40746</distance>
        </extensions>
      </trkpt>
      <trkpt lat="-33.75231" lon="150.33164">
        <ele>363</ele>
        <extensions>
          <distance>40770</distance>
        </extensions>
      </trkpt>
      <trkpt lat="-33.75231" lon="150.33149">
        <ele>361</ele>
        <extensions>
          <distance>40784</distance>
        </extensions>
      </trkpt>
      <trkpt lat="-33.752365" lon="150.33128499999998">
        <ele>360</ele>
        <extensions>
          <distance>40804</distance>
        </extensions>
      </trkpt>
      <trkpt lat="-33.75242" lon="150.33108">
        <ele>360</ele>
        <extensions>
          <distance>40824</distance>
        </extensions>
      </trkpt>
      <trkpt lat="-33.75243" lon="150.33097">
        <ele>360</ele>
        <extensions>
          <distance>40834</distance>
        </extensions>
      </trkpt>
      <trkpt lat="-33.75241" lon="150.33088">
        <ele>359</ele>
        <extensions>
          <distance>40843</distance>
        </extensions>
      </trkpt>
      <trkpt lat="-33.75236" lon="150.33082">
        <ele>359</ele>
        <extensions>
          <distance>40851</distance>
        </extensions>
      </trkpt>
      <trkpt lat="-33.75232" lon="150.3308">
        <ele>358</ele>
        <extensions>
          <distance>40855</distance>
        </extensions>
      </trkpt>
      <trkpt lat="-33.75223" lon="150.3308">
        <ele>356</ele>
        <extensions>
          <distance>40866</distance>
        </extensions>
      </trkpt>
      <trkpt lat="-33.75213" lon="150.33083">
        <ele>353</ele>
        <extensions>
          <distance>40877</distance>
        </extensions>
      </trkpt>
      <trkpt lat="-33.75203" lon="150.33089">
        <ele>350</ele>
        <extensions>
          <distance>40890</distance>
        </extensions>
      </trkpt>
      <trkpt lat="-33.75191" lon="150.33098">
        <ele>348</ele>
        <extensions>
          <distance>40906</distance>
        </extensions>
      </trkpt>
      <trkpt lat="-33.751760000000004" lon="150.33113">
        <ele>348</ele>
        <extensions>
          <distance>40928</distance>
        </extensions>
      </trkpt>
      <trkpt lat="-33.75161" lon="150.33128">
        <ele>348</ele>
        <extensions>
          <distance>40949</distance>
        </extensions>
      </trkpt>
      <trkpt lat="-33.75156" lon="150.33137">
        <ele>348</ele>
        <extensions>
          <distance>40959</distance>
        </extensions>
      </trkpt>
      <trkpt lat="-33.75154" lon="150.33147">
        <ele>349</ele>
        <extensions>
          <distance>40969</distance>
        </extensions>
      </trkpt>
      <trkpt lat="-33.75153" lon="150.33156">
        <ele>352</ele>
        <extensions>
          <distance>40977</distance>
        </extensions>
      </trkpt>
      <trkpt lat="-33.75153" lon="150.33167">
        <ele>355</ele>
        <extensions>
          <distance>40987</distance>
        </extensions>
      </trkpt>
      <trkpt lat="-33.75152" lon="150.33171">
        <ele>355</ele>
        <extensions>
          <distance>40991</distance>
        </extensions>
      </trkpt>
      <trkpt lat="-33.7515" lon="150.33175">
        <ele>355</ele>
        <extensions>
          <distance>40996</distance>
        </extensions>
      </trkpt>
      <trkpt lat="-33.75145" lon="150.33178">
        <ele>355</ele>
        <extensions>
          <distance>41002</distance>
        </extensions>
      </trkpt>
      <trkpt lat="-33.75139" lon="150.33178">
        <ele>353</ele>
        <extensions>
          <distance>41009</distance>
        </extensions>
      </trkpt>
      <trkpt lat="-33.75126" lon="150.33174">
        <ele>347</ele>
        <extensions>
          <distance>41024</distance>
        </extensions>
      </trkpt>
      <trkpt lat="-33.75106" lon="150.33165">
        <ele>339</ele>
        <extensions>
          <distance>41049</distance>
        </extensions>
      </trkpt>
      <trkpt lat="-33.75095" lon="150.33158">
        <ele>337</ele>
        <extensions>
          <distance>41063</distance>
        </extensions>
      </trkpt>
      <trkpt lat="-33.7509" lon="150.33151">
        <ele>334</ele>
        <extensions>
          <distance>41072</distance>
        </extensions>
      </trkpt>
      <trkpt lat="-33.75085" lon="150.33138">
        <ele>325</ele>
        <extensions>
          <distance>41088</distance>
        </extensions>
      </trkpt>
      <trkpt lat="-33.75085" lon="150.33126">
        <ele>324</ele>
        <extensions>
          <distance>41099</distance>
        </extensions>
      </trkpt>
      <trkpt lat="-33.750875" lon="150.331095">
        <ele>323.5</ele>
        <extensions>
          <distance>41115</distance>
        </extensions>
      </trkpt>
      <trkpt lat="-33.7509" lon="150.33093">
        <ele>323</ele>
        <extensions>
          <distance>41130</distance>
        </extensions>
      </trkpt>
      <trkpt lat="-33.75098" lon="150.330715">
        <ele>322</ele>
        <extensions>
          <distance>41152</distance>
        </extensions>
      </trkpt>
      <trkpt lat="-33.75106" lon="150.3305">
        <ele>321</ele>
        <extensions>
          <distance>41174</distance>
        </extensions>
      </trkpt>
      <trkpt lat="-33.75112" lon="150.3303">
        <ele>318</ele>
        <extensions>
          <distance>41194</distance>
        </extensions>
      </trkpt>
      <trkpt lat="-33.75112" lon="150.33012">
        <ele>316</ele>
        <extensions>
          <distance>41211</distance>
        </extensions>
      </trkpt>
      <trkpt lat="-33.75108" lon="150.32989">
        <ele>313</ele>
        <extensions>
          <distance>41233</distance>
        </extensions>
      </trkpt>
      <trkpt lat="-33.75102" lon="150.32976">
        <ele>313</ele>
        <extensions>
          <distance>41247</distance>
        </extensions>
      </trkpt>
      <trkpt lat="-33.75093" lon="150.32971">
        <ele>313</ele>
        <extensions>
          <distance>41258</distance>
        </extensions>
      </trkpt>
      <trkpt lat="-33.75084" lon="150.32969">
        <ele>313</ele>
        <extensions>
          <distance>41268</distance>
        </extensions>
      </trkpt>
      <trkpt lat="-33.750659999999996" lon="150.32968499999998">
        <ele>312</ele>
        <extensions>
          <distance>41288</distance>
        </extensions>
      </trkpt>
      <trkpt lat="-33.75048" lon="150.32968">
        <ele>311</ele>
        <extensions>
          <distance>41308</distance>
        </extensions>
      </trkpt>
      <trkpt lat="-33.75036" lon="150.32972">
        <ele>311</ele>
        <extensions>
          <distance>41321</distance>
        </extensions>
      </trkpt>
      <trkpt lat="-33.75029" lon="150.32981">
        <ele>310</ele>
        <extensions>
          <distance>41333</distance>
        </extensions>
      </trkpt>
      <trkpt lat="-33.75017" lon="150.33">
        <ele>309</ele>
        <extensions>
          <distance>41355</distance>
        </extensions>
      </trkpt>
      <trkpt lat="-33.75014" lon="150.33003">
        <ele>309</ele>
        <extensions>
          <distance>41359</distance>
        </extensions>
      </trkpt>
      <trkpt lat="-33.75009" lon="150.33003">
        <ele>309</ele>
        <extensions>
          <distance>41365</distance>
        </extensions>
      </trkpt>
      <trkpt lat="-33.75005" lon="150.32994">
        <ele>309</ele>
        <extensions>
          <distance>41374</distance>
        </extensions>
      </trkpt>
      <trkpt lat="-33.75006" lon="150.32981">
        <ele>309</ele>
        <extensions>
          <distance>41386</distance>
        </extensions>
      </trkpt>
      <trkpt lat="-33.75004" lon="150.32965">
        <ele>309</ele>
        <extensions>
          <distance>41401</distance>
        </extensions>
      </trkpt>
      <trkpt lat="-33.75" lon="150.32958">
        <ele>309</ele>
        <extensions>
          <distance>41409</distance>
        </extensions>
      </trkpt>
      <trkpt lat="-33.74994" lon="150.3295">
        <ele>309</ele>
        <extensions>
          <distance>41419</distance>
        </extensions>
      </trkpt>
      <trkpt lat="-33.74979" lon="150.32937">
        <ele>311</ele>
        <extensions>
          <distance>41440</distance>
        </extensions>
      </trkpt>
      <trkpt lat="-33.74969" lon="150.3293">
        <ele>313</ele>
        <extensions>
          <distance>41453</distance>
        </extensions>
      </trkpt>
      <trkpt lat="-33.74958" lon="150.32928">
        <ele>314</ele>
        <extensions>
          <distance>41465</distance>
        </extensions>
      </trkpt>
      <trkpt lat="-33.74936" lon="150.32929">
        <ele>315</ele>
        <extensions>
          <distance>41489</distance>
        </extensions>
      </trkpt>
      <trkpt lat="-33.74928" lon="150.32927">
        <ele>315</ele>
        <extensions>
          <distance>41498</distance>
        </extensions>
      </trkpt>
      <trkpt lat="-33.74916" lon="150.329185">
        <ele>315.5</ele>
        <extensions>
          <distance>41514</distance>
        </extensions>
      </trkpt>
      <trkpt lat="-33.74904" lon="150.3291">
        <ele>316</ele>
        <extensions>
          <distance>41529</distance>
        </extensions>
      </trkpt>
      <trkpt lat="-33.74898" lon="150.32902">
        <ele>317</ele>
        <extensions>
          <distance>41539</distance>
        </extensions>
      </trkpt>
      <trkpt lat="-33.749" lon="150.32897">
        <ele>318</ele>
        <extensions>
          <distance>41545</distance>
        </extensions>
      </trkpt>
      <trkpt lat="-33.74906" lon="150.32892">
        <ele>320</ele>
        <extensions>
          <distance>41553</distance>
        </extensions>
      </trkpt>
      <trkpt lat="-33.74916" lon="150.32888">
        <ele>322</ele>
        <extensions>
          <distance>41565</distance>
        </extensions>
      </trkpt>
      <trkpt lat="-33.74936" lon="150.3287">
        <ele>327</ele>
        <extensions>
          <distance>41593</distance>
        </extensions>
      </trkpt>
      <trkpt lat="-33.74942" lon="150.32867">
        <ele>327</ele>
        <extensions>
          <distance>41600</distance>
        </extensions>
      </trkpt>
      <trkpt lat="-33.74948" lon="150.32866">
        <ele>327</ele>
        <extensions>
          <distance>41607</distance>
        </extensions>
      </trkpt>
      <trkpt lat="-33.74953" lon="150.32867">
        <ele>328</ele>
        <extensions>
          <distance>41613</distance>
        </extensions>
      </trkpt>
      <trkpt lat="-33.74962" lon="150.32871">
        <ele>329</ele>
        <extensions>
          <distance>41623</distance>
        </extensions>
      </trkpt>
      <trkpt lat="-33.7497" lon="150.32871">
        <ele>329</ele>
        <extensions>
          <distance>41632</distance>
        </extensions>
      </trkpt>
      <trkpt lat="-33.74979" lon="150.3287">
        <ele>329</ele>
        <extensions>
          <distance>41642</distance>
        </extensions>
      </trkpt>
      <trkpt lat="-33.74996" lon="150.32864">
        <ele>331</ele>
        <extensions>
          <distance>41662</distance>
        </extensions>
      </trkpt>
      <trkpt lat="-33.750145" lon="150.328535">
        <ele>331.5</ele>
        <extensions>
          <distance>41685</distance>
        </extensions>
      </trkpt>
      <trkpt lat="-33.75033" lon="150.32843">
        <ele>332</ele>
        <extensions>
          <distance>41707</distance>
        </extensions>
      </trkpt>
      <trkpt lat="-33.75045" lon="150.32834">
        <ele>332</ele>
        <extensions>
          <distance>41723</distance>
        </extensions>
      </trkpt>
      <trkpt lat="-33.75051" lon="150.32825">
        <ele>334</ele>
        <extensions>
          <distance>41734</distance>
        </extensions>
      </trkpt>
      <trkpt lat="-33.75059" lon="150.3281">
        <ele>339</ele>
        <extensions>
          <distance>41751</distance>
        </extensions>
      </trkpt>
      <trkpt lat="-33.75058" lon="150.32801">
        <ele>342</ele>
        <extensions>
          <distance>41760</distance>
        </extensions>
      </trkpt>
      <trkpt lat="-33.75054" lon="150.32792">
        <ele>347</ele>
        <extensions>
          <distance>41771</distance>
        </extensions>
      </trkpt>
      <trkpt lat="-33.75037" lon="150.32775">
        <ele>357</ele>
        <extensions>
          <distance>41797</distance>
        </extensions>
      </trkpt>
      <trkpt lat="-33.75026749999999" lon="150.3276375">
        <ele>358.75</ele>
        <extensions>
          <distance>41813</distance>
        </extensions>
      </trkpt>
      <trkpt lat="-33.750164999999996" lon="150.327525">
        <ele>360.5</ele>
        <extensions>
          <distance>41828</distance>
        </extensions>
      </trkpt>
      <trkpt lat="-33.7500625" lon="150.3274125">
        <ele>362.25</ele>
        <extensions>
          <distance>41844</distance>
        </extensions>
      </trkpt>
      <trkpt lat="-33.74996" lon="150.3273">
        <ele>364</ele>
        <extensions>
          <distance>41859</distance>
        </extensions>
      </trkpt>
      <trkpt lat="-33.74985" lon="150.32719">
        <ele>367</ele>
        <extensions>
          <distance>41875</distance>
        </extensions>
      </trkpt>
      <trkpt lat="-33.7498" lon="150.32712">
        <ele>368</ele>
        <extensions>
          <distance>41884</distance>
        </extensions>
      </trkpt>
      <trkpt lat="-33.74979" lon="150.32694">
        <ele>368</ele>
        <extensions>
          <distance>41901</distance>
        </extensions>
      </trkpt>
      <trkpt lat="-33.74989" lon="150.32677">
        <ele>369</ele>
        <extensions>
          <distance>41920</distance>
        </extensions>
      </trkpt>
      <trkpt lat="-33.74999" lon="150.32663">
        <ele>369</ele>
        <extensions>
          <distance>41937</distance>
        </extensions>
      </trkpt>
      <trkpt lat="-33.75009" lon="150.32654">
        <ele>369</ele>
        <extensions>
          <distance>41951</distance>
        </extensions>
      </trkpt>
      <trkpt lat="-33.7502" lon="150.32648">
        <ele>371</ele>
        <extensions>
          <distance>41964</distance>
        </extensions>
      </trkpt>
      <trkpt lat="-33.75044" lon="150.32639">
        <ele>372</ele>
        <extensions>
          <distance>41992</distance>
        </extensions>
      </trkpt>
      <trkpt lat="-33.75068" lon="150.3263">
        <ele>373</ele>
        <extensions>
          <distance>42020</distance>
        </extensions>
      </trkpt>
      <trkpt lat="-33.75077" lon="150.32622">
        <ele>375</ele>
        <extensions>
          <distance>42033</distance>
        </extensions>
      </trkpt>
      <trkpt lat="-33.75077" lon="150.3261">
        <ele>379</ele>
        <extensions>
          <distance>42045</distance>
        </extensions>
      </trkpt>
      <trkpt lat="-33.7507" lon="150.32603">
        <ele>381</ele>
        <extensions>
          <distance>42055</distance>
        </extensions>
      </trkpt>
      <trkpt lat="-33.750460000000004" lon="150.325975">
        <ele>382</ele>
        <extensions>
          <distance>42082</distance>
        </extensions>
      </trkpt>
      <trkpt lat="-33.75022" lon="150.32592">
        <ele>383</ele>
        <extensions>
          <distance>42109</distance>
        </extensions>
      </trkpt>
      <trkpt lat="-33.7500825" lon="150.325855">
        <ele>385.75</ele>
        <extensions>
          <distance>42126</distance>
        </extensions>
      </trkpt>
      <trkpt lat="-33.749945" lon="150.32578999999998">
        <ele>388.5</ele>
        <extensions>
          <distance>42142</distance>
        </extensions>
      </trkpt>
      <trkpt lat="-33.7498075" lon="150.32572499999998">
        <ele>391.25</ele>
        <extensions>
          <distance>42159</distance>
        </extensions>
      </trkpt>
      <trkpt lat="-33.74967" lon="150.32566">
        <ele>394</ele>
        <extensions>
          <distance>42175</distance>
        </extensions>
      </trkpt>
      <trkpt lat="-33.749535" lon="150.32566500000001">
        <ele>397.5</ele>
        <extensions>
          <distance>42191</distance>
        </extensions>
      </trkpt>
      <trkpt lat="-33.7494" lon="150.32567">
        <ele>401</ele>
        <extensions>
          <distance>42206</distance>
        </extensions>
      </trkpt>
      <trkpt lat="-33.74923" lon="150.32575500000002">
        <ele>401</ele>
        <extensions>
          <distance>42227</distance>
        </extensions>
      </trkpt>
      <trkpt lat="-33.74906" lon="150.32584">
        <ele>402</ele>
        <extensions>
          <distance>42247</distance>
        </extensions>
      </trkpt>
      <trkpt lat="-33.7489" lon="150.32584">
        <ele>402</ele>
        <extensions>
          <distance>42265</distance>
        </extensions>
      </trkpt>
      <trkpt lat="-33.74878" lon="150.32579">
        <ele>403</ele>
        <extensions>
          <distance>42279</distance>
        </extensions>
      </trkpt>
      <trkpt lat="-33.74864" lon="150.32561">
        <ele>406</ele>
        <extensions>
          <distance>42302</distance>
        </extensions>
      </trkpt>
      <trkpt lat="-33.748554999999996" lon="150.32548">
        <ele>407.5</ele>
        <extensions>
          <distance>42317</distance>
        </extensions>
      </trkpt>
      <trkpt lat="-33.74847" lon="150.32535">
        <ele>409</ele>
        <extensions>
          <distance>42333</distance>
        </extensions>
      </trkpt>
      <trkpt lat="-33.74837" lon="150.32512">
        <ele>410</ele>
        <extensions>
          <distance>42357</distance>
        </extensions>
      </trkpt>
      <trkpt lat="-33.748255" lon="150.32497">
        <ele>410</ele>
        <extensions>
          <distance>42375</distance>
        </extensions>
      </trkpt>
      <trkpt lat="-33.74814" lon="150.32482">
        <ele>410</ele>
        <extensions>
          <distance>42394</distance>
        </extensions>
      </trkpt>
      <trkpt lat="-33.74798" lon="150.32468999999998">
        <ele>411.5</ele>
        <extensions>
          <distance>42416</distance>
        </extensions>
      </trkpt>
      <trkpt lat="-33.74782" lon="150.32456">
        <ele>413</ele>
        <extensions>
          <distance>42437</distance>
        </extensions>
      </trkpt>
      <trkpt lat="-33.747677499999995" lon="150.32446749999997">
        <ele>413.75</ele>
        <extensions>
          <distance>42455</distance>
        </extensions>
      </trkpt>
      <trkpt lat="-33.747535" lon="150.32437499999997">
        <ele>414.5</ele>
        <extensions>
          <distance>42473</distance>
        </extensions>
      </trkpt>
      <trkpt lat="-33.747392500000004" lon="150.32428249999998">
        <ele>415.25</ele>
        <extensions>
          <distance>42491</distance>
        </extensions>
      </trkpt>
      <trkpt lat="-33.74725" lon="150.32419">
        <ele>415.25</ele>
        <extensions>
          <distance>42509</distance>
        </extensions>
      </trkpt>
      <trkpt lat="-33.747119999999995" lon="150.32412">
        <ele>415.25</ele>
        <extensions>
          <distance>42525</distance>
        </extensions>
      </trkpt>
      <trkpt lat="-33.74699" lon="150.32405">
        <ele>415.5</ele>
        <extensions>
          <distance>42541</distance>
        </extensions>
      </trkpt>
      <trkpt lat="-33.74686" lon="150.32398">
        <ele>415.5</ele>
        <extensions>
          <distance>42557</distance>
        </extensions>
      </trkpt>
      <trkpt lat="-33.74673" lon="150.32391">
        <ele>415.5</ele>
        <extensions>
          <distance>42572</distance>
        </extensions>
      </trkpt>
      <trkpt lat="-33.746579999999994" lon="150.3238">
        <ele>415.5</ele>
        <extensions>
          <distance>42592</distance>
        </extensions>
      </trkpt>
      <trkpt lat="-33.74643" lon="150.32369">
        <ele>416</ele>
        <extensions>
          <distance>42611</distance>
        </extensions>
      </trkpt>
      <trkpt lat="-33.74619" lon="150.32356">
        <ele>420</ele>
        <extensions>
          <distance>42641</distance>
        </extensions>
      </trkpt>
      <trkpt lat="-33.74603" lon="150.32353">
        <ele>424</ele>
        <extensions>
          <distance>42659</distance>
        </extensions>
      </trkpt>
      <trkpt lat="-33.74587" lon="150.3235">
        <ele>428</ele>
        <extensions>
          <distance>42678</distance>
        </extensions>
      </trkpt>
      <trkpt lat="-33.74571" lon="150.32347">
        <ele>432</ele>
        <extensions>
          <distance>42696</distance>
        </extensions>
      </trkpt>
      <trkpt lat="-33.74555" lon="150.32344">
        <ele>436</ele>
        <extensions>
          <distance>42715</distance>
        </extensions>
      </trkpt>
      <trkpt lat="-33.745295" lon="150.32334500000002">
        <ele>441.5</ele>
        <extensions>
          <distance>42745</distance>
        </extensions>
      </trkpt>
      <trkpt lat="-33.74504" lon="150.32325">
        <ele>447</ele>
        <extensions>
          <distance>42775</distance>
        </extensions>
      </trkpt>
      <trkpt lat="-33.74486" lon="150.32324">
        <ele>449</ele>
        <extensions>
          <distance>42795</distance>
        </extensions>
      </trkpt>
      <trkpt lat="-33.7447" lon="150.32325">
        <ele>449</ele>
        <extensions>
          <distance>42813</distance>
        </extensions>
      </trkpt>
      <trkpt lat="-33.74464" lon="150.3233">
        <ele>449</ele>
        <extensions>
          <distance>42821</distance>
        </extensions>
      </trkpt>
      <trkpt lat="-33.7446" lon="150.32339">
        <ele>449</ele>
        <extensions>
          <distance>42830</distance>
        </extensions>
      </trkpt>
      <trkpt lat="-33.7446" lon="150.32352">
        <ele>449</ele>
        <extensions>
          <distance>42842</distance>
        </extensions>
      </trkpt>
      <trkpt lat="-33.74458" lon="150.32368">
        <ele>446</ele>
        <extensions>
          <distance>42857</distance>
        </extensions>
      </trkpt>
      <trkpt lat="-33.74454" lon="150.32376">
        <ele>446</ele>
        <extensions>
          <distance>42866</distance>
        </extensions>
      </trkpt>
      <trkpt lat="-33.74449" lon="150.32382">
        <ele>446</ele>
        <extensions>
          <distance>42874</distance>
        </extensions>
      </trkpt>
      <trkpt lat="-33.74433" lon="150.32383">
        <ele>446</ele>
        <extensions>
          <distance>42891</distance>
        </extensions>
      </trkpt>
      <trkpt lat="-33.744135" lon="150.32376499999998">
        <ele>452.5</ele>
        <extensions>
          <distance>42914</distance>
        </extensions>
      </trkpt>
      <trkpt lat="-33.74394" lon="150.3237">
        <ele>459</ele>
        <extensions>
          <distance>42937</distance>
        </extensions>
      </trkpt>
      <trkpt lat="-33.74381" lon="150.32364">
        <ele>465</ele>
        <extensions>
          <distance>42954</distance>
        </extensions>
      </trkpt>
      <trkpt lat="-33.74366" lon="150.32354">
        <ele>469</ele>
        <extensions>
          <distance>42973</distance>
        </extensions>
      </trkpt>
      <trkpt lat="-33.74354" lon="150.32342">
        <ele>471</ele>
        <extensions>
          <distance>42991</distance>
        </extensions>
      </trkpt>
      <trkpt lat="-33.743385" lon="150.32329">
        <ele>472.5</ele>
        <extensions>
          <distance>43012</distance>
        </extensions>
      </trkpt>
      <trkpt lat="-33.74323" lon="150.32316">
        <ele>474</ele>
        <extensions>
          <distance>43033</distance>
        </extensions>
      </trkpt>
      <trkpt lat="-33.74309" lon="150.32308">
        <ele>476</ele>
        <extensions>
          <distance>43050</distance>
        </extensions>
      </trkpt>
      <trkpt lat="-33.74296" lon="150.32303">
        <ele>478</ele>
        <extensions>
          <distance>43065</distance>
        </extensions>
      </trkpt>
      <trkpt lat="-33.7428" lon="150.323">
        <ele>479</ele>
        <extensions>
          <distance>43084</distance>
        </extensions>
      </trkpt>
      <trkpt lat="-33.742595" lon="150.322935">
        <ele>485</ele>
        <extensions>
          <distance>43108</distance>
        </extensions>
      </trkpt>
      <trkpt lat="-33.74239" lon="150.32287">
        <ele>491</ele>
        <extensions>
          <distance>43132</distance>
        </extensions>
      </trkpt>
      <trkpt lat="-33.74223" lon="150.32285">
        <ele>495</ele>
        <extensions>
          <distance>43150</distance>
        </extensions>
      </trkpt>
      <trkpt lat="-33.742000000000004" lon="150.322845">
        <ele>497</ele>
        <extensions>
          <distance>43176</distance>
        </extensions>
      </trkpt>
      <trkpt lat="-33.74177" lon="150.32284">
        <ele>499</ele>
        <extensions>
          <distance>43202</distance>
        </extensions>
      </trkpt>
      <trkpt lat="-33.74169" lon="150.3228">
        <ele>500</ele>
        <extensions>
          <distance>43211</distance>
        </extensions>
      </trkpt>
      <trkpt lat="-33.74158" lon="150.32268">
        <ele>501</ele>
        <extensions>
          <distance>43228</distance>
        </extensions>
      </trkpt>
      <trkpt lat="-33.7415" lon="150.32256">
        <ele>501</ele>
        <extensions>
          <distance>43242</distance>
        </extensions>
      </trkpt>
      <trkpt lat="-33.74144" lon="150.32244">
        <ele>503</ele>
        <extensions>
          <distance>43255</distance>
        </extensions>
      </trkpt>
      <trkpt lat="-33.74141" lon="150.32241">
        <ele>505</ele>
        <extensions>
          <distance>43259</distance>
        </extensions>
      </trkpt>
      <trkpt lat="-33.741315" lon="150.32226">
        <ele>506</ele>
        <extensions>
          <distance>43277</distance>
        </extensions>
      </trkpt>
      <trkpt lat="-33.74122" lon="150.32211">
        <ele>511</ele>
        <extensions>
          <distance>43295</distance>
        </extensions>
      </trkpt>
      <trkpt lat="-33.741125" lon="150.321975">
        <ele>516</ele>
        <extensions>
          <distance>43312</distance>
        </extensions>
      </trkpt>
      <trkpt lat="-33.74103" lon="150.32184">
        <ele>517</ele>
        <extensions>
          <distance>43329</distance>
        </extensions>
      </trkpt>
      <trkpt lat="-33.74098" lon="150.32174">
        <ele>521</ele>
        <extensions>
          <distance>43340</distance>
        </extensions>
      </trkpt>
      <trkpt lat="-33.74099" lon="150.32163">
        <ele>523</ele>
        <extensions>
          <distance>43350</distance>
        </extensions>
      </trkpt>
      <trkpt lat="-33.74102" lon="150.32155">
        <ele>523</ele>
        <extensions>
          <distance>43358</distance>
        </extensions>
      </trkpt>
      <trkpt lat="-33.74108" lon="150.3215">
        <ele>523</ele>
        <extensions>
          <distance>43366</distance>
        </extensions>
      </trkpt>
      <trkpt lat="-33.74116" lon="150.32146">
        <ele>524</ele>
        <extensions>
          <distance>43376</distance>
        </extensions>
      </trkpt>
      <trkpt lat="-33.74127" lon="150.32135">
        <ele>524</ele>
        <extensions>
          <distance>43392</distance>
        </extensions>
      </trkpt>
      <trkpt lat="-33.74133" lon="150.3212">
        <ele>525</ele>
        <extensions>
          <distance>43407</distance>
        </extensions>
      </trkpt>
      <trkpt lat="-33.74135" lon="150.32109">
        <ele>526</ele>
        <extensions>
          <distance>43418</distance>
        </extensions>
      </trkpt>
      <trkpt lat="-33.74132" lon="150.32099">
        <ele>528</ele>
        <extensions>
          <distance>43428</distance>
        </extensions>
      </trkpt>
      <trkpt lat="-33.74128" lon="150.32093">
        <ele>530</ele>
        <extensions>
          <distance>43435</distance>
        </extensions>
      </trkpt>
      <trkpt lat="-33.74105" lon="150.32085999999998">
        <ele>537.5</ele>
        <extensions>
          <distance>43463</distance>
        </extensions>
      </trkpt>
      <trkpt lat="-33.74082" lon="150.32079">
        <ele>545</ele>
        <extensions>
          <distance>43490</distance>
        </extensions>
      </trkpt>
      <trkpt lat="-33.740655000000004" lon="150.32076">
        <ele>546.5</ele>
        <extensions>
          <distance>43508</distance>
        </extensions>
      </trkpt>
      <trkpt lat="-33.74049" lon="150.32073">
        <ele>548</ele>
        <extensions>
          <distance>43527</distance>
        </extensions>
      </trkpt>
      <trkpt lat="-33.74037" lon="150.32073">
        <ele>549</ele>
        <extensions>
          <distance>43540</distance>
        </extensions>
      </trkpt>
      <trkpt lat="-33.74016" lon="150.3207">
        <ele>551</ele>
        <extensions>
          <distance>43564</distance>
        </extensions>
      </trkpt>
      <trkpt lat="-33.7401" lon="150.32063">
        <ele>553</ele>
        <extensions>
          <distance>43573</distance>
        </extensions>
      </trkpt>
      <trkpt lat="-33.74012" lon="150.32057">
        <ele>553</ele>
        <extensions>
          <distance>43579</distance>
        </extensions>
      </trkpt>
      <trkpt lat="-33.74016" lon="150.32053">
        <ele>553</ele>
        <extensions>
          <distance>43585</distance>
        </extensions>
      </trkpt>
      <trkpt lat="-33.74029" lon="150.32049">
        <ele>554</ele>
        <extensions>
          <distance>43600</distance>
        </extensions>
      </trkpt>
      <trkpt lat="-33.74041" lon="150.32044">
        <ele>554</ele>
        <extensions>
          <distance>43614</distance>
        </extensions>
      </trkpt>
      <trkpt lat="-33.74057" lon="150.32033">
        <ele>554</ele>
        <extensions>
          <distance>43635</distance>
        </extensions>
      </trkpt>
      <trkpt lat="-33.74074" lon="150.32019">
        <ele>554</ele>
        <extensions>
          <distance>43657</distance>
        </extensions>
      </trkpt>
      <trkpt lat="-33.7409" lon="150.32003">
        <ele>557</ele>
        <extensions>
          <distance>43681</distance>
        </extensions>
      </trkpt>
      <trkpt lat="-33.74099" lon="150.31988">
        <ele>559</ele>
        <extensions>
          <distance>43698</distance>
        </extensions>
      </trkpt>
      <trkpt lat="-33.74105" lon="150.31969">
        <ele>563</ele>
        <extensions>
          <distance>43717</distance>
        </extensions>
      </trkpt>
      <trkpt lat="-33.74105" lon="150.31952">
        <ele>564</ele>
        <extensions>
          <distance>43733</distance>
        </extensions>
      </trkpt>
      <trkpt lat="-33.74101" lon="150.31937">
        <ele>569</ele>
        <extensions>
          <distance>43748</distance>
        </extensions>
      </trkpt>
      <trkpt lat="-33.74094" lon="150.31927">
        <ele>573</ele>
        <extensions>
          <distance>43761</distance>
        </extensions>
      </trkpt>
      <trkpt lat="-33.74087" lon="150.31924">
        <ele>575</ele>
        <extensions>
          <distance>43769</distance>
        </extensions>
      </trkpt>
      <trkpt lat="-33.74077" lon="150.31926">
        <ele>576</ele>
        <extensions>
          <distance>43780</distance>
        </extensions>
      </trkpt>
      <trkpt lat="-33.74063" lon="150.31937">
        <ele>577</ele>
        <extensions>
          <distance>43799</distance>
        </extensions>
      </trkpt>
      <trkpt lat="-33.74046" lon="150.31947">
        <ele>577</ele>
        <extensions>
          <distance>43820</distance>
        </extensions>
      </trkpt>
      <trkpt lat="-33.74037" lon="150.31949">
        <ele>577</ele>
        <extensions>
          <distance>43830</distance>
        </extensions>
      </trkpt>
      <trkpt lat="-33.74025" lon="150.31947">
        <ele>579</ele>
        <extensions>
          <distance>43844</distance>
        </extensions>
      </trkpt>
      <trkpt lat="-33.74012" lon="150.31937">
        <ele>580</ele>
        <extensions>
          <distance>43861</distance>
        </extensions>
      </trkpt>
      <trkpt lat="-33.73997" lon="150.31921">
        <ele>585</ele>
        <extensions>
          <distance>43884</distance>
        </extensions>
      </trkpt>
      <trkpt lat="-33.73983" lon="150.31901">
        <ele>592</ele>
        <extensions>
          <distance>43909</distance>
        </extensions>
      </trkpt>
      <trkpt lat="-33.739760000000004" lon="150.318845">
        <ele>598</ele>
        <extensions>
          <distance>43927</distance>
        </extensions>
      </trkpt>
      <trkpt lat="-33.73969" lon="150.31868">
        <ele>604</ele>
        <extensions>
          <distance>43945</distance>
        </extensions>
      </trkpt>
      <trkpt lat="-33.73961" lon="150.31846">
        <ele>609</ele>
        <extensions>
          <distance>43968</distance>
        </extensions>
      </trkpt>
      <trkpt lat="-33.7396" lon="150.31832">
        <ele>610</ele>
        <extensions>
          <distance>43981</distance>
        </extensions>
      </trkpt>
      <trkpt lat="-33.73961" lon="150.31819">
        <ele>611</ele>
        <extensions>
          <distance>43993</distance>
        </extensions>
      </trkpt>
      <trkpt lat="-33.73969" lon="150.31792">
        <ele>613</ele>
        <extensions>
          <distance>44020</distance>
        </extensions>
      </trkpt>
      <trkpt lat="-33.73969" lon="150.31776">
        <ele>616</ele>
        <extensions>
          <distance>44035</distance>
        </extensions>
      </trkpt>
      <trkpt lat="-33.73961" lon="150.31761">
        <ele>620</ele>
        <extensions>
          <distance>44052</distance>
        </extensions>
      </trkpt>
      <trkpt lat="-33.73938" lon="150.31753">
        <ele>625</ele>
        <extensions>
          <distance>44079</distance>
        </extensions>
      </trkpt>
      <trkpt lat="-33.739175" lon="150.31749000000002">
        <ele>627.5</ele>
        <extensions>
          <distance>44102</distance>
        </extensions>
      </trkpt>
      <trkpt lat="-33.73897" lon="150.31745">
        <ele>630</ele>
        <extensions>
          <distance>44125</distance>
        </extensions>
      </trkpt>
      <trkpt lat="-33.73871" lon="150.3175">
        <ele>630</ele>
        <extensions>
          <distance>44154</distance>
        </extensions>
      </trkpt>
      <trkpt lat="-33.73845" lon="150.31755">
        <ele>631.5</ele>
        <extensions>
          <distance>44184</distance>
        </extensions>
      </trkpt>
      <trkpt lat="-33.738205" lon="150.317665">
        <ele>631.5</ele>
        <extensions>
          <distance>44213</distance>
        </extensions>
      </trkpt>
      <trkpt lat="-33.73796" lon="150.31778">
        <ele>632.5</ele>
        <extensions>
          <distance>44242</distance>
        </extensions>
      </trkpt>
      <trkpt lat="-33.737705000000005" lon="150.31786499999998">
        <ele>633</ele>
        <extensions>
          <distance>44271</distance>
        </extensions>
      </trkpt>
      <trkpt lat="-33.73745" lon="150.31795">
        <ele>635</ele>
        <extensions>
          <distance>44301</distance>
        </extensions>
      </trkpt>
      <trkpt lat="-33.73729" lon="150.31799">
        <ele>635</ele>
        <extensions>
          <distance>44319</distance>
        </extensions>
      </trkpt>
      <trkpt lat="-33.73704" lon="150.31801">
        <ele>639</ele>
        <extensions>
          <distance>44347</distance>
        </extensions>
      </trkpt>
      <trkpt lat="-33.73688" lon="150.318">
        <ele>643</ele>
        <extensions>
          <distance>44365</distance>
        </extensions>
      </trkpt>
      <trkpt lat="-33.73669" lon="150.31801">
        <ele>647</ele>
        <extensions>
          <distance>44387</distance>
        </extensions>
      </trkpt>
      <trkpt lat="-33.73655" lon="150.318035">
        <ele>651</ele>
        <extensions>
          <distance>44403</distance>
        </extensions>
      </trkpt>
      <trkpt lat="-33.73641" lon="150.31806">
        <ele>655</ele>
        <extensions>
          <distance>44419</distance>
        </extensions>
      </trkpt>
      <trkpt lat="-33.736275" lon="150.318075">
        <ele>656.5</ele>
        <extensions>
          <distance>44434</distance>
        </extensions>
      </trkpt>
      <trkpt lat="-33.73614" lon="150.31808999999998">
        <ele>658</ele>
        <extensions>
          <distance>44449</distance>
        </extensions>
      </trkpt>
      <trkpt lat="-33.736005" lon="150.318105">
        <ele>659</ele>
        <extensions>
          <distance>44464</distance>
        </extensions>
      </trkpt>
      <trkpt lat="-33.73587" lon="150.31812">
        <ele>659</ele>
        <extensions>
          <distance>44479</distance>
        </extensions>
      </trkpt>
      <trkpt lat="-33.73571" lon="150.31815">
        <ele>659</ele>
        <extensions>
          <distance>44497</distance>
        </extensions>
      </trkpt>
      <trkpt lat="-33.73561" lon="150.3182">
        <ele>659</ele>
        <extensions>
          <distance>44509</distance>
        </extensions>
      </trkpt>
      <trkpt lat="-33.73554" lon="150.31825">
        <ele>657</ele>
        <extensions>
          <distance>44518</distance>
        </extensions>
      </trkpt>
      <trkpt lat="-33.735395" lon="150.3183725">
        <ele>654.25</ele>
        <extensions>
          <distance>44538</distance>
        </extensions>
      </trkpt>
      <trkpt lat="-33.73525" lon="150.31849499999998">
        <ele>651.5</ele>
        <extensions>
          <distance>44558</distance>
        </extensions>
      </trkpt>
      <trkpt lat="-33.735105000000004" lon="150.3186175">
        <ele>648.75</ele>
        <extensions>
          <distance>44578</distance>
        </extensions>
      </trkpt>
      <trkpt lat="-33.73496" lon="150.31874">
        <ele>647</ele>
        <extensions>
          <distance>44598</distance>
        </extensions>
      </trkpt>
      <trkpt lat="-33.73489" lon="150.31877">
        <ele>647</ele>
        <extensions>
          <distance>44606</distance>
        </extensions>
      </trkpt>
      <trkpt lat="-33.734674999999996" lon="150.31882000000002">
        <ele>647</ele>
        <extensions>
          <distance>44630</distance>
        </extensions>
      </trkpt>
      <trkpt lat="-33.73446" lon="150.31887">
        <ele>647</ele>
        <extensions>
          <distance>44654</distance>
        </extensions>
      </trkpt>
      <trkpt lat="-33.73432" lon="150.31892">
        <ele>652</ele>
        <extensions>
          <distance>44671</distance>
        </extensions>
      </trkpt>
      <trkpt lat="-33.73426" lon="150.31897">
        <ele>654</ele>
        <extensions>
          <distance>44679</distance>
        </extensions>
      </trkpt>
      <trkpt lat="-33.73423" lon="150.31905">
        <ele>654</ele>
        <extensions>
          <distance>44687</distance>
        </extensions>
      </trkpt>
      <trkpt lat="-33.73423" lon="150.31917">
        <ele>654</ele>
        <extensions>
          <distance>44698</distance>
        </extensions>
      </trkpt>
      <trkpt lat="-33.73425" lon="150.31927">
        <ele>654</ele>
        <extensions>
          <distance>44708</distance>
        </extensions>
      </trkpt>
      <trkpt lat="-33.73434" lon="150.3195">
        <ele>653</ele>
        <extensions>
          <distance>44731</distance>
        </extensions>
      </trkpt>
      <trkpt lat="-33.73434" lon="150.31958">
        <ele>653</ele>
        <extensions>
          <distance>44738</distance>
        </extensions>
      </trkpt>
      <trkpt lat="-33.7343" lon="150.31964">
        <ele>652</ele>
        <extensions>
          <distance>44746</distance>
        </extensions>
      </trkpt>
      <trkpt lat="-33.73414" lon="150.31975">
        <ele>651</ele>
        <extensions>
          <distance>44766</distance>
        </extensions>
      </trkpt>
      <trkpt lat="-33.73404" lon="150.31983">
        <ele>649</ele>
        <extensions>
          <distance>44779</distance>
        </extensions>
      </trkpt>
      <trkpt lat="-33.73396" lon="150.31995">
        <ele>649</ele>
        <extensions>
          <distance>44794</distance>
        </extensions>
      </trkpt>
      <trkpt lat="-33.73392" lon="150.32003">
        <ele>649</ele>
        <extensions>
          <distance>44802</distance>
        </extensions>
      </trkpt>
      <trkpt lat="-33.73385" lon="150.32009">
        <ele>647</ele>
        <extensions>
          <distance>44812</distance>
        </extensions>
      </trkpt>
      <trkpt lat="-33.73376" lon="150.32019">
        <ele>647</ele>
        <extensions>
          <distance>44825</distance>
        </extensions>
      </trkpt>
      <trkpt lat="-33.73358" lon="150.32033">
        <ele>647</ele>
        <extensions>
          <distance>44849</distance>
        </extensions>
      </trkpt>
      <trkpt lat="-33.73349" lon="150.32035">
        <ele>647</ele>
        <extensions>
          <distance>44859</distance>
        </extensions>
      </trkpt>
      <trkpt lat="-33.7333" lon="150.320335">
        <ele>647</ele>
        <extensions>
          <distance>44881</distance>
        </extensions>
      </trkpt>
      <trkpt lat="-33.73311" lon="150.32032">
        <ele>649</ele>
        <extensions>
          <distance>44902</distance>
        </extensions>
      </trkpt>
      <trkpt lat="-33.73296" lon="150.3203">
        <ele>649</ele>
        <extensions>
          <distance>44918</distance>
        </extensions>
      </trkpt>
      <trkpt lat="-33.73276" lon="150.320255">
        <ele>652</ele>
        <extensions>
          <distance>44941</distance>
        </extensions>
      </trkpt>
      <trkpt lat="-33.73256" lon="150.32021">
        <ele>655</ele>
        <extensions>
          <distance>44964</distance>
        </extensions>
      </trkpt>
      <trkpt lat="-33.73235" lon="150.32029">
        <ele>656</ele>
        <extensions>
          <distance>44988</distance>
        </extensions>
      </trkpt>
      <trkpt lat="-33.73222" lon="150.32036">
        <ele>657</ele>
        <extensions>
          <distance>45004</distance>
        </extensions>
      </trkpt>
      <trkpt lat="-33.73214" lon="150.32039">
        <ele>657</ele>
        <extensions>
          <distance>45013</distance>
        </extensions>
      </trkpt>
      <trkpt lat="-33.73204" lon="150.3204">
        <ele>657</ele>
        <extensions>
          <distance>45024</distance>
        </extensions>
      </trkpt>
      <trkpt lat="-33.73191" lon="150.32039">
        <ele>657</ele>
        <extensions>
          <distance>45039</distance>
        </extensions>
      </trkpt>
      <trkpt lat="-33.73183" lon="150.32042">
        <ele>657</ele>
        <extensions>
          <distance>45048</distance>
        </extensions>
      </trkpt>
      <trkpt lat="-33.73179" lon="150.32046">
        <ele>657</ele>
        <extensions>
          <distance>45054</distance>
        </extensions>
      </trkpt>
      <trkpt lat="-33.731615" lon="150.32055">
        <ele>657</ele>
        <extensions>
          <distance>45075</distance>
        </extensions>
      </trkpt>
      <trkpt lat="-33.73144" lon="150.32064">
        <ele>656</ele>
        <extensions>
          <distance>45096</distance>
        </extensions>
      </trkpt>
      <trkpt lat="-33.73122" lon="150.32073">
        <ele>655</ele>
        <extensions>
          <distance>45122</distance>
        </extensions>
      </trkpt>
      <trkpt lat="-33.73114" lon="150.3208">
        <ele>655</ele>
        <extensions>
          <distance>45133</distance>
        </extensions>
      </trkpt>
      <trkpt lat="-33.73100000000001" lon="150.320985">
        <ele>654</ele>
        <extensions>
          <distance>45156</distance>
        </extensions>
      </trkpt>
      <trkpt lat="-33.73086000000001" lon="150.32117">
        <ele>653</ele>
        <extensions>
          <distance>45179</distance>
        </extensions>
      </trkpt>
      <trkpt lat="-33.730720000000005" lon="150.32135499999998">
        <ele>652</ele>
        <extensions>
          <distance>45202</distance>
        </extensions>
      </trkpt>
      <trkpt lat="-33.73058" lon="150.32154">
        <ele>651</ele>
        <extensions>
          <distance>45226</distance>
        </extensions>
      </trkpt>
      <trkpt lat="-33.73042" lon="150.32174">
        <ele>646</ele>
        <extensions>
          <distance>45252</distance>
        </extensions>
      </trkpt>
      <trkpt lat="-33.73034" lon="150.32192500000002">
        <ele>641.5</ele>
        <extensions>
          <distance>45271</distance>
        </extensions>
      </trkpt>
      <trkpt lat="-33.73026" lon="150.32211">
        <ele>637</ele>
        <extensions>
          <distance>45291</distance>
        </extensions>
      </trkpt>
      <trkpt lat="-33.7302" lon="150.32228">
        <ele>633.25</ele>
        <extensions>
          <distance>45309</distance>
        </extensions>
      </trkpt>
      <trkpt lat="-33.730140000000006" lon="150.32245">
        <ele>629.5</ele>
        <extensions>
          <distance>45326</distance>
        </extensions>
      </trkpt>
      <trkpt lat="-33.73008" lon="150.32262">
        <ele>625.75</ele>
        <extensions>
          <distance>45344</distance>
        </extensions>
      </trkpt>
      <trkpt lat="-33.73002" lon="150.32279">
        <ele>622</ele>
        <extensions>
          <distance>45361</distance>
        </extensions>
      </trkpt>
      <trkpt lat="-33.72994750000001" lon="150.3229375">
        <ele>618.5</ele>
        <extensions>
          <distance>45378</distance>
        </extensions>
      </trkpt>
      <trkpt lat="-33.72987500000001" lon="150.323085">
        <ele>615</ele>
        <extensions>
          <distance>45394</distance>
        </extensions>
      </trkpt>
      <trkpt lat="-33.729802500000005" lon="150.3232325">
        <ele>611.5</ele>
        <extensions>
          <distance>45410</distance>
        </extensions>
      </trkpt>
      <trkpt lat="-33.72973" lon="150.32338">
        <ele>608</ele>
        <extensions>
          <distance>45426</distance>
        </extensions>
      </trkpt>
      <trkpt lat="-33.72957" lon="150.32353">
        <ele>607</ele>
        <extensions>
          <distance>45449</distance>
        </extensions>
      </trkpt>
      <trkpt lat="-33.72933" lon="150.32358">
        <ele>607</ele>
        <extensions>
          <distance>45476</distance>
        </extensions>
      </trkpt>
      <trkpt lat="-33.72913" lon="150.323705">
        <ele>607</ele>
        <extensions>
          <distance>45501</distance>
        </extensions>
      </trkpt>
      <trkpt lat="-33.72893" lon="150.32383">
        <ele>607</ele>
        <extensions>
          <distance>45526</distance>
        </extensions>
      </trkpt>
      <trkpt lat="-33.72889" lon="150.32384">
        <ele>607</ele>
        <extensions>
          <distance>45530</distance>
        </extensions>
      </trkpt>
      <trkpt lat="-33.72884" lon="150.32382">
        <ele>608</ele>
        <extensions>
          <distance>45536</distance>
        </extensions>
      </trkpt>
      <trkpt lat="-33.7287" lon="150.32365">
        <ele>612</ele>
        <extensions>
          <distance>45558</distance>
        </extensions>
      </trkpt>
      <trkpt lat="-33.72856" lon="150.32351">
        <ele>613</ele>
        <extensions>
          <distance>45579</distance>
        </extensions>
      </trkpt>
      <trkpt lat="-33.728415" lon="150.3234">
        <ele>617.5</ele>
        <extensions>
          <distance>45598</distance>
        </extensions>
      </trkpt>
      <trkpt lat="-33.72827" lon="150.32329">
        <ele>622</ele>
        <extensions>
          <distance>45618</distance>
        </extensions>
      </trkpt>
      <trkpt lat="-33.72823" lon="150.32318">
        <ele>624</ele>
        <extensions>
          <distance>45629</distance>
        </extensions>
      </trkpt>
      <trkpt lat="-33.72821" lon="150.32307">
        <ele>626</ele>
        <extensions>
          <distance>45640</distance>
        </extensions>
      </trkpt>
      <trkpt lat="-33.72819" lon="150.32284">
        <ele>630</ele>
        <extensions>
          <distance>45661</distance>
        </extensions>
      </trkpt>
      <trkpt lat="-33.72813" lon="150.32275">
        <ele>634</ele>
        <extensions>
          <distance>45673</distance>
        </extensions>
      </trkpt>
      <trkpt lat="-33.72799" lon="150.32267">
        <ele>640</ele>
        <extensions>
          <distance>45691</distance>
        </extensions>
      </trkpt>
      <trkpt lat="-33.72792" lon="150.32266">
        <ele>643</ele>
        <extensions>
          <distance>45699</distance>
        </extensions>
      </trkpt>
      <trkpt lat="-33.72784" lon="150.32268">
        <ele>647</ele>
        <extensions>
          <distance>45709</distance>
        </extensions>
      </trkpt>
      <trkpt lat="-33.72777" lon="150.32275">
        <ele>649</ele>
        <extensions>
          <distance>45719</distance>
        </extensions>
      </trkpt>
      <trkpt lat="-33.727655" lon="150.32293">
        <ele>649</ele>
        <extensions>
          <distance>45740</distance>
        </extensions>
      </trkpt>
      <trkpt lat="-33.72754" lon="150.32311">
        <ele>649</ele>
        <extensions>
          <distance>45761</distance>
        </extensions>
      </trkpt>
      <trkpt lat="-33.72749" lon="150.32314">
        <ele>649</ele>
        <extensions>
          <distance>45768</distance>
        </extensions>
      </trkpt>
      <trkpt lat="-33.72745" lon="150.32313">
        <ele>649</ele>
        <extensions>
          <distance>45772</distance>
        </extensions>
      </trkpt>
      <trkpt lat="-33.72741" lon="150.3231">
        <ele>650</ele>
        <extensions>
          <distance>45777</distance>
        </extensions>
      </trkpt>
      <trkpt lat="-33.7274" lon="150.32304">
        <ele>651</ele>
        <extensions>
          <distance>45783</distance>
        </extensions>
      </trkpt>
      <trkpt lat="-33.72742" lon="150.32287">
        <ele>655</ele>
        <extensions>
          <distance>45800</distance>
        </extensions>
      </trkpt>
      <trkpt lat="-33.72741" lon="150.3228">
        <ele>656</ele>
        <extensions>
          <distance>45806</distance>
        </extensions>
      </trkpt>
      <trkpt lat="-33.72738" lon="150.32272">
        <ele>658</ele>
        <extensions>
          <distance>45815</distance>
        </extensions>
      </trkpt>
      <trkpt lat="-33.7273" lon="150.32265">
        <ele>660</ele>
        <extensions>
          <distance>45826</distance>
        </extensions>
      </trkpt>
      <trkpt lat="-33.72721" lon="150.32262">
        <ele>663</ele>
        <extensions>
          <distance>45837</distance>
        </extensions>
      </trkpt>
      <trkpt lat="-33.72716" lon="150.32256">
        <ele>665</ele>
        <extensions>
          <distance>45844</distance>
        </extensions>
      </trkpt>
      <trkpt lat="-33.72711" lon="150.32247">
        <ele>668</ele>
        <extensions>
          <distance>45855</distance>
        </extensions>
      </trkpt>
      <trkpt lat="-33.72702" lon="150.32241">
        <ele>671</ele>
        <extensions>
          <distance>45867</distance>
        </extensions>
      </trkpt>
      <trkpt lat="-33.726885" lon="150.322405">
        <ele>673</ele>
        <extensions>
          <distance>45882</distance>
        </extensions>
      </trkpt>
      <trkpt lat="-33.72675" lon="150.3224">
        <ele>675</ele>
        <extensions>
          <distance>45897</distance>
        </extensions>
      </trkpt>
      <trkpt lat="-33.7267" lon="150.32239">
        <ele>677</ele>
        <extensions>
          <distance>45903</distance>
        </extensions>
      </trkpt>
      <trkpt lat="-33.72664" lon="150.32233">
        <ele>680</ele>
        <extensions>
          <distance>45912</distance>
        </extensions>
      </trkpt>
      <trkpt lat="-33.7266" lon="150.32223">
        <ele>684</ele>
        <extensions>
          <distance>45923</distance>
        </extensions>
      </trkpt>
      <trkpt lat="-33.72663" lon="150.32202">
        <ele>687</ele>
        <extensions>
          <distance>45943</distance>
        </extensions>
      </trkpt>
      <trkpt lat="-33.72662" lon="150.32193">
        <ele>687</ele>
        <extensions>
          <distance>45952</distance>
        </extensions>
      </trkpt>
      <trkpt lat="-33.72647" lon="150.32182">
        <ele>688</ele>
        <extensions>
          <distance>45971</distance>
        </extensions>
      </trkpt>
      <trkpt lat="-33.72639" lon="150.32172">
        <ele>694</ele>
        <extensions>
          <distance>45985</distance>
        </extensions>
      </trkpt>
      <trkpt lat="-33.72631" lon="150.32149">
        <ele>697</ele>
        <extensions>
          <distance>46008</distance>
        </extensions>
      </trkpt>
      <trkpt lat="-33.72621" lon="150.32135">
        <ele>698</ele>
        <extensions>
          <distance>46025</distance>
        </extensions>
      </trkpt>
      <trkpt lat="-33.72609" lon="150.32126">
        <ele>698</ele>
        <extensions>
          <distance>46041</distance>
        </extensions>
      </trkpt>
      <trkpt lat="-33.72594" lon="150.321275">
        <ele>699</ele>
        <extensions>
          <distance>46057</distance>
        </extensions>
      </trkpt>
      <trkpt lat="-33.72579" lon="150.32129">
        <ele>700</ele>
        <extensions>
          <distance>46074</distance>
        </extensions>
      </trkpt>
      <trkpt lat="-33.7256225" lon="150.3212325">
        <ele>703.75</ele>
        <extensions>
          <distance>46094</distance>
        </extensions>
      </trkpt>
      <trkpt lat="-33.725455" lon="150.32117499999998">
        <ele>707.5</ele>
        <extensions>
          <distance>46114</distance>
        </extensions>
      </trkpt>
      <trkpt lat="-33.72528749999999" lon="150.32111749999999">
        <ele>711.25</ele>
        <extensions>
          <distance>46133</distance>
        </extensions>
      </trkpt>
      <trkpt lat="-33.72512" lon="150.32106">
        <ele>715</ele>
        <extensions>
          <distance>46153</distance>
        </extensions>
      </trkpt>
      <trkpt lat="-33.72494" lon="150.32103">
        <ele>719</ele>
        <extensions>
          <distance>46173</distance>
        </extensions>
      </trkpt>
      <trkpt lat="-33.72496" lon="150.3209">
        <ele>720</ele>
        <extensions>
          <distance>46186</distance>
        </extensions>
      </trkpt>
      <trkpt lat="-33.72497" lon="150.32071">
        <ele>723</ele>
        <extensions>
          <distance>46204</distance>
        </extensions>
      </trkpt>
      <trkpt lat="-33.72498" lon="150.32052">
        <ele>723</ele>
        <extensions>
          <distance>46221</distance>
        </extensions>
      </trkpt>
      <trkpt lat="-33.72502" lon="150.32052">
        <ele>723</ele>
        <extensions>
          <distance>46226</distance>
        </extensions>
      </trkpt>
      <trkpt lat="-33.72509" lon="150.3205">
        <ele>723</ele>
        <extensions>
          <distance>46234</distance>
        </extensions>
      </trkpt>
      <trkpt lat="-33.72517" lon="150.32053">
        <ele>723</ele>
        <extensions>
          <distance>46243</distance>
        </extensions>
      </trkpt>
      <trkpt lat="-33.72526" lon="150.32052">
        <ele>723</ele>
        <extensions>
          <distance>46253</distance>
        </extensions>
      </trkpt>
      <trkpt lat="-33.72534" lon="150.32048">
        <ele>723</ele>
        <extensions>
          <distance>46263</distance>
        </extensions>
      </trkpt>
      <trkpt lat="-33.72546" lon="150.32038">
        <ele>723</ele>
        <extensions>
          <distance>46279</distance>
        </extensions>
      </trkpt>
      <trkpt lat="-33.72556" lon="150.32028">
        <ele>723</ele>
        <extensions>
          <distance>46293</distance>
        </extensions>
      </trkpt>
      <trkpt lat="-33.72567" lon="150.32021">
        <ele>724</ele>
        <extensions>
          <distance>46307</distance>
        </extensions>
      </trkpt>
      <trkpt lat="-33.7259" lon="150.32015">
        <ele>725</ele>
        <extensions>
          <distance>46333</distance>
        </extensions>
      </trkpt>
      <trkpt lat="-33.72606" lon="150.32005">
        <ele>725</ele>
        <extensions>
          <distance>46353</distance>
        </extensions>
      </trkpt>
      <trkpt lat="-33.72619" lon="150.32">
        <ele>725</ele>
        <extensions>
          <distance>46368</distance>
        </extensions>
      </trkpt>
      <trkpt lat="-33.72637" lon="150.31997">
        <ele>727</ele>
        <extensions>
          <distance>46389</distance>
        </extensions>
      </trkpt>
      <trkpt lat="-33.72651" lon="150.31983">
        <ele>731</ele>
        <extensions>
          <distance>46409</distance>
        </extensions>
      </trkpt>
      <trkpt lat="-33.72658" lon="150.31979">
        <ele>731</ele>
        <extensions>
          <distance>46418</distance>
        </extensions>
      </trkpt>
      <trkpt lat="-33.72668" lon="150.31977">
        <ele>731</ele>
        <extensions>
          <distance>46429</distance>
        </extensions>
      </trkpt>
      <trkpt lat="-33.72673" lon="150.31978">
        <ele>731</ele>
        <extensions>
          <distance>46435</distance>
        </extensions>
      </trkpt>
      <trkpt lat="-33.72681" lon="150.31974">
        <ele>733</ele>
        <extensions>
          <distance>46444</distance>
        </extensions>
      </trkpt>
      <trkpt lat="-33.72683" lon="150.31966">
        <ele>733</ele>
        <extensions>
          <distance>46452</distance>
        </extensions>
      </trkpt>
      <trkpt lat="-33.726995" lon="150.31961">
        <ele>733</ele>
        <extensions>
          <distance>46471</distance>
        </extensions>
      </trkpt>
      <trkpt lat="-33.72716" lon="150.31956">
        <ele>733</ele>
        <extensions>
          <distance>46490</distance>
        </extensions>
      </trkpt>
      <trkpt lat="-33.72736" lon="150.31964">
        <ele>729</ele>
        <extensions>
          <distance>46513</distance>
        </extensions>
      </trkpt>
      <trkpt lat="-33.72752" lon="150.319575">
        <ele>728</ele>
        <extensions>
          <distance>46532</distance>
        </extensions>
      </trkpt>
      <trkpt lat="-33.72768" lon="150.31951">
        <ele>727</ele>
        <extensions>
          <distance>46551</distance>
        </extensions>
      </trkpt>
      <trkpt lat="-33.72783" lon="150.319565">
        <ele>724.5</ele>
        <extensions>
          <distance>46568</distance>
        </extensions>
      </trkpt>
      <trkpt lat="-33.72798" lon="150.31962">
        <ele>722</ele>
        <extensions>
          <distance>46586</distance>
        </extensions>
      </trkpt>
      <trkpt lat="-33.72822" lon="150.31965">
        <ele>718</ele>
        <extensions>
          <distance>46613</distance>
        </extensions>
      </trkpt>
      <trkpt lat="-33.72842" lon="150.31956">
        <ele>718</ele>
        <extensions>
          <distance>46637</distance>
        </extensions>
      </trkpt>
      <trkpt lat="-33.72866" lon="150.31965">
        <ele>710</ele>
        <extensions>
          <distance>46665</distance>
        </extensions>
      </trkpt>
      <trkpt lat="-33.7288" lon="150.31973">
        <ele>704</ele>
        <extensions>
          <distance>46683</distance>
        </extensions>
      </trkpt>
      <trkpt lat="-33.72891" lon="150.31974">
        <ele>702</ele>
        <extensions>
          <distance>46696</distance>
        </extensions>
      </trkpt>
      <trkpt lat="-33.72903" lon="150.31981">
        <ele>702</ele>
        <extensions>
          <distance>46710</distance>
        </extensions>
      </trkpt>
      <trkpt lat="-33.72914" lon="150.31978">
        <ele>701</ele>
        <extensions>
          <distance>46723</distance>
        </extensions>
      </trkpt>
      <trkpt lat="-33.72936" lon="150.31979">
        <ele>700</ele>
        <extensions>
          <distance>46747</distance>
        </extensions>
      </trkpt>
      <trkpt lat="-33.7296" lon="150.31992">
        <ele>695</ele>
        <extensions>
          <distance>46777</distance>
        </extensions>
      </trkpt>
      <trkpt lat="-33.72974" lon="150.32004">
        <ele>690</ele>
        <extensions>
          <distance>46797</distance>
        </extensions>
      </trkpt>
      <trkpt lat="-33.72991" lon="150.32011">
        <ele>690</ele>
        <extensions>
          <distance>46817</distance>
        </extensions>
      </trkpt>
      <trkpt lat="-33.7301" lon="150.32009">
        <ele>688</ele>
        <extensions>
          <distance>46838</distance>
        </extensions>
      </trkpt>
      <trkpt lat="-33.73033" lon="150.3202">
        <ele>688</ele>
        <extensions>
          <distance>46865</distance>
        </extensions>
      </trkpt>
      <trkpt lat="-33.73038" lon="150.32021">
        <ele>688</ele>
        <extensions>
          <distance>46871</distance>
        </extensions>
      </trkpt>
      <trkpt lat="-33.73043" lon="150.32019">
        <ele>686</ele>
        <extensions>
          <distance>46877</distance>
        </extensions>
      </trkpt>
      <trkpt lat="-33.73052" lon="150.32008">
        <ele>685</ele>
        <extensions>
          <distance>46891</distance>
        </extensions>
      </trkpt>
      <trkpt lat="-33.73061" lon="150.32003">
        <ele>684</ele>
        <extensions>
          <distance>46902</distance>
        </extensions>
      </trkpt>
      <trkpt lat="-33.73066" lon="150.32005">
        <ele>684</ele>
        <extensions>
          <distance>46908</distance>
        </extensions>
      </trkpt>
      <trkpt lat="-33.73067" lon="150.32009">
        <ele>684</ele>
        <extensions>
          <distance>46912</distance>
        </extensions>
      </trkpt>
      <trkpt lat="-33.73066" lon="150.32016">
        <ele>681</ele>
        <extensions>
          <distance>46919</distance>
        </extensions>
      </trkpt>
      <trkpt lat="-33.73055" lon="150.32029999999997">
        <ele>677.5</ele>
        <extensions>
          <distance>46937</distance>
        </extensions>
      </trkpt>
      <trkpt lat="-33.73044" lon="150.32044">
        <ele>674</ele>
        <extensions>
          <distance>46955</distance>
        </extensions>
      </trkpt>
      <trkpt lat="-33.73043" lon="150.32049">
        <ele>673</ele>
        <extensions>
          <distance>46960</distance>
        </extensions>
      </trkpt>
      <trkpt lat="-33.73042" lon="150.32057">
        <ele>671</ele>
        <extensions>
          <distance>46968</distance>
        </extensions>
      </trkpt>
      <trkpt lat="-33.73045" lon="150.32062">
        <ele>670</ele>
        <extensions>
          <distance>46973</distance>
        </extensions>
      </trkpt>
      <trkpt lat="-33.7305" lon="150.32065">
        <ele>668</ele>
        <extensions>
          <distance>46980</distance>
        </extensions>
      </trkpt>
      <trkpt lat="-33.73058" lon="150.32065">
        <ele>667</ele>
        <extensions>
          <distance>46989</distance>
        </extensions>
      </trkpt>
      <trkpt lat="-33.73073" lon="150.32058">
        <ele>666</ele>
        <extensions>
          <distance>47007</distance>
        </extensions>
      </trkpt>
      <trkpt lat="-33.7308" lon="150.32057">
        <ele>665</ele>
        <extensions>
          <distance>47015</distance>
        </extensions>
      </trkpt>
      <trkpt lat="-33.73088" lon="150.32058">
        <ele>665</ele>
        <extensions>
          <distance>47024</distance>
        </extensions>
      </trkpt>
      <trkpt lat="-33.731" lon="150.32053">
        <ele>665</ele>
        <extensions>
          <distance>47038</distance>
        </extensions>
      </trkpt>
      <trkpt lat="-33.73107" lon="150.32044">
        <ele>665</ele>
        <extensions>
          <distance>47049</distance>
        </extensions>
      </trkpt>
      <trkpt lat="-33.73117" lon="150.32035">
        <ele>665</ele>
        <extensions>
          <distance>47063</distance>
        </extensions>
      </trkpt>
      <trkpt lat="-33.73134" lon="150.32029">
        <ele>666</ele>
        <extensions>
          <distance>47083</distance>
        </extensions>
      </trkpt>
      <trkpt lat="-33.73149" lon="150.32014">
        <ele>671</ele>
        <extensions>
          <distance>47104</distance>
        </extensions>
      </trkpt>
      <trkpt lat="-33.73166" lon="150.32011">
        <ele>672</ele>
        <extensions>
          <distance>47124</distance>
        </extensions>
      </trkpt>
      <trkpt lat="-33.73179" lon="150.32002">
        <ele>675</ele>
        <extensions>
          <distance>47140</distance>
        </extensions>
      </trkpt>
      <trkpt lat="-33.731975" lon="150.319935">
        <ele>675.5</ele>
        <extensions>
          <distance>47162</distance>
        </extensions>
      </trkpt>
      <trkpt lat="-33.73216" lon="150.31985">
        <ele>676</ele>
        <extensions>
          <distance>47184</distance>
        </extensions>
      </trkpt>
      <trkpt lat="-33.7322" lon="150.31975">
        <ele>679</ele>
        <extensions>
          <distance>47195</distance>
        </extensions>
      </trkpt>
      <trkpt lat="-33.7322" lon="150.31962">
        <ele>680</ele>
        <extensions>
          <distance>47207</distance>
        </extensions>
      </trkpt>
      <trkpt lat="-33.73224" lon="150.31953">
        <ele>682.5</ele>
        <extensions>
          <distance>47217</distance>
        </extensions>
      </trkpt>
      <trkpt lat="-33.73234" lon="150.31949">
        <ele>682.5</ele>
        <extensions>
          <distance>47228</distance>
        </extensions>
      </trkpt>
      <trkpt lat="-33.73255" lon="150.31948">
        <ele>682.5</ele>
        <extensions>
          <distance>47252</distance>
        </extensions>
      </trkpt>
      <trkpt lat="-33.7326" lon="150.31947">
        <ele>682.5</ele>
        <extensions>
          <distance>47257</distance>
        </extensions>
      </trkpt>
      <trkpt lat="-33.732752500000004" lon="150.31946749999997">
        <ele>682</ele>
        <extensions>
          <distance>47274</distance>
        </extensions>
      </trkpt>
      <trkpt lat="-33.732905" lon="150.31946499999998">
        <ele>681.5</ele>
        <extensions>
          <distance>47291</distance>
        </extensions>
      </trkpt>
      <trkpt lat="-33.7330575" lon="150.3194625">
        <ele>681.5</ele>
        <extensions>
          <distance>47308</distance>
        </extensions>
      </trkpt>
      <trkpt lat="-33.73321" lon="150.31946">
        <ele>681</ele>
        <extensions>
          <distance>47325</distance>
        </extensions>
      </trkpt>
      <trkpt lat="-33.73345" lon="150.31948">
        <ele>678</ele>
        <extensions>
          <distance>47352</distance>
        </extensions>
      </trkpt>
      <trkpt lat="-33.73357" lon="150.31958">
        <ele>673</ele>
        <extensions>
          <distance>47369</distance>
        </extensions>
      </trkpt>
      <trkpt lat="-33.73369" lon="150.31961">
        <ele>671</ele>
        <extensions>
          <distance>47382</distance>
        </extensions>
      </trkpt>
      <trkpt lat="-33.73378" lon="150.3196">
        <ele>671</ele>
        <extensions>
          <distance>47392</distance>
        </extensions>
      </trkpt>
      <trkpt lat="-33.73385" lon="150.31951">
        <ele>671</ele>
        <extensions>
          <distance>47404</distance>
        </extensions>
      </trkpt>
      <trkpt lat="-33.7339" lon="150.31938">
        <ele>671</ele>
        <extensions>
          <distance>47417</distance>
        </extensions>
      </trkpt>
      <trkpt lat="-33.73391" lon="150.31924">
        <ele>671</ele>
        <extensions>
          <distance>47430</distance>
        </extensions>
      </trkpt>
      <trkpt lat="-33.7339" lon="150.31908">
        <ele>671</ele>
        <extensions>
          <distance>47445</distance>
        </extensions>
      </trkpt>
      <trkpt lat="-33.73387" lon="150.31886">
        <ele>673</ele>
        <extensions>
          <distance>47465</distance>
        </extensions>
      </trkpt>
      <trkpt lat="-33.73383" lon="150.31869">
        <ele>673</ele>
        <extensions>
          <distance>47482</distance>
        </extensions>
      </trkpt>
      <trkpt lat="-33.73383" lon="150.31862">
        <ele>673</ele>
        <extensions>
          <distance>47488</distance>
        </extensions>
      </trkpt>
      <trkpt lat="-33.73386" lon="150.31838">
        <ele>673</ele>
        <extensions>
          <distance>47511</distance>
        </extensions>
      </trkpt>
      <trkpt lat="-33.73393" lon="150.31837">
        <ele>673</ele>
        <extensions>
          <distance>47519</distance>
        </extensions>
      </trkpt>
      <trkpt lat="-33.73416" lon="150.31839">
        <ele>666.5</ele>
        <extensions>
          <distance>47544</distance>
        </extensions>
      </trkpt>
      <trkpt lat="-33.73439" lon="150.31841">
        <ele>666.5</ele>
        <extensions>
          <distance>47570</distance>
        </extensions>
      </trkpt>
      <trkpt lat="-33.73451" lon="150.31839">
        <ele>666.5</ele>
        <extensions>
          <distance>47583</distance>
        </extensions>
      </trkpt>
      <trkpt lat="-33.73462" lon="150.31835">
        <ele>666.5</ele>
        <extensions>
          <distance>47596</distance>
        </extensions>
      </trkpt>
      <trkpt lat="-33.73479" lon="150.31824">
        <ele>668</ele>
        <extensions>
          <distance>47617</distance>
        </extensions>
      </trkpt>
      <trkpt lat="-33.73492" lon="150.31809">
        <ele>672</ele>
        <extensions>
          <distance>47638</distance>
        </extensions>
      </trkpt>
      <trkpt lat="-33.73499" lon="150.31798">
        <ele>674</ele>
        <extensions>
          <distance>47651</distance>
        </extensions>
      </trkpt>
      <trkpt lat="-33.735" lon="150.31793">
        <ele>675</ele>
        <extensions>
          <distance>47656</distance>
        </extensions>
      </trkpt>
      <trkpt lat="-33.735" lon="150.31785">
        <ele>675</ele>
        <extensions>
          <distance>47663</distance>
        </extensions>
      </trkpt>
      <trkpt lat="-33.73503" lon="150.3178">
        <ele>675</ele>
        <extensions>
          <distance>47669</distance>
        </extensions>
      </trkpt>
      <trkpt lat="-33.7351" lon="150.3178">
        <ele>675</ele>
        <extensions>
          <distance>47676</distance>
        </extensions>
      </trkpt>
      <trkpt lat="-33.73519" lon="150.31778">
        <ele>675</ele>
        <extensions>
          <distance>47687</distance>
        </extensions>
      </trkpt>
      <trkpt lat="-33.73526" lon="150.31774">
        <ele>675</ele>
        <extensions>
          <distance>47695</distance>
        </extensions>
      </trkpt>
      <trkpt lat="-33.73532" lon="150.31765">
        <ele>675</ele>
        <extensions>
          <distance>47706</distance>
        </extensions>
      </trkpt>
      <trkpt lat="-33.73538" lon="150.31759">
        <ele>676</ele>
        <extensions>
          <distance>47715</distance>
        </extensions>
      </trkpt>
      <trkpt lat="-33.73542" lon="150.31759">
        <ele>676</ele>
        <extensions>
          <distance>47719</distance>
        </extensions>
      </trkpt>
      <trkpt lat="-33.73546" lon="150.31762">
        <ele>676</ele>
        <extensions>
          <distance>47724</distance>
        </extensions>
      </trkpt>
      <trkpt lat="-33.7355" lon="150.31762">
        <ele>676</ele>
        <extensions>
          <distance>47729</distance>
        </extensions>
      </trkpt>
      <trkpt lat="-33.73561" lon="150.31754">
        <ele>680</ele>
        <extensions>
          <distance>47743</distance>
        </extensions>
      </trkpt>
      <trkpt lat="-33.73569" lon="150.31746">
        <ele>684</ele>
        <extensions>
          <distance>47755</distance>
        </extensions>
      </trkpt>
      <trkpt lat="-33.73577" lon="150.3174">
        <ele>688</ele>
        <extensions>
          <distance>47766</distance>
        </extensions>
      </trkpt>
      <trkpt lat="-33.73595" lon="150.31733">
        <ele>689</ele>
        <extensions>
          <distance>47787</distance>
        </extensions>
      </trkpt>
      <trkpt lat="-33.73606" lon="150.31721">
        <ele>692</ele>
        <extensions>
          <distance>47804</distance>
        </extensions>
      </trkpt>
      <trkpt lat="-33.7361" lon="150.31709">
        <ele>692</ele>
        <extensions>
          <distance>47816</distance>
        </extensions>
      </trkpt>
      <trkpt lat="-33.73628" lon="150.31694">
        <ele>693</ele>
        <extensions>
          <distance>47840</distance>
        </extensions>
      </trkpt>
      <trkpt lat="-33.73631" lon="150.31687">
        <ele>693</ele>
        <extensions>
          <distance>47848</distance>
        </extensions>
      </trkpt>
      <trkpt lat="-33.73631" lon="150.3168">
        <ele>693</ele>
        <extensions>
          <distance>47854</distance>
        </extensions>
      </trkpt>
      <trkpt lat="-33.73633" lon="150.31674">
        <ele>693</ele>
        <extensions>
          <distance>47860</distance>
        </extensions>
      </trkpt>
      <trkpt lat="-33.73638" lon="150.31671">
        <ele>694</ele>
        <extensions>
          <distance>47866</distance>
        </extensions>
      </trkpt>
      <trkpt lat="-33.73653" lon="150.31666">
        <ele>694</ele>
        <extensions>
          <distance>47884</distance>
        </extensions>
      </trkpt>
      <trkpt lat="-33.73663" lon="150.31657">
        <ele>695</ele>
        <extensions>
          <distance>47898</distance>
        </extensions>
      </trkpt>
      <trkpt lat="-33.73679" lon="150.31638">
        <ele>701</ele>
        <extensions>
          <distance>47923</distance>
        </extensions>
      </trkpt>
      <trkpt lat="-33.736985000000004" lon="150.31621">
        <ele>705.5</ele>
        <extensions>
          <distance>47950</distance>
        </extensions>
      </trkpt>
      <trkpt lat="-33.73718" lon="150.31604">
        <ele>708</ele>
        <extensions>
          <distance>47977</distance>
        </extensions>
      </trkpt>
      <trkpt lat="-33.737315" lon="150.31596">
        <ele>708</ele>
        <extensions>
          <distance>47994</distance>
        </extensions>
      </trkpt>
      <trkpt lat="-33.73745" lon="150.31588">
        <ele>710</ele>
        <extensions>
          <distance>48011</distance>
        </extensions>
      </trkpt>
      <trkpt lat="-33.73762" lon="150.3158">
        <ele>710</ele>
        <extensions>
          <distance>48031</distance>
        </extensions>
      </trkpt>
      <trkpt lat="-33.73774" lon="150.31576">
        <ele>710.5</ele>
        <extensions>
          <distance>48045</distance>
        </extensions>
      </trkpt>
      <trkpt lat="-33.73786" lon="150.31574">
        <ele>711</ele>
        <extensions>
          <distance>48058</distance>
        </extensions>
      </trkpt>
      <trkpt lat="-33.73809" lon="150.31572">
        <ele>716</ele>
        <extensions>
          <distance>48084</distance>
        </extensions>
      </trkpt>
      <trkpt lat="-33.73817" lon="150.31573">
        <ele>716</ele>
        <extensions>
          <distance>48093</distance>
        </extensions>
      </trkpt>
      <trkpt lat="-33.73827" lon="150.31571">
        <ele>718</ele>
        <extensions>
          <distance>48104</distance>
        </extensions>
      </trkpt>
      <trkpt lat="-33.73834" lon="150.31567">
        <ele>721</ele>
        <extensions>
          <distance>48113</distance>
        </extensions>
      </trkpt>
      <trkpt lat="-33.738535" lon="150.31548500000002">
        <ele>723</ele>
        <extensions>
          <distance>48141</distance>
        </extensions>
      </trkpt>
      <trkpt lat="-33.73873" lon="150.3153">
        <ele>725</ele>
        <extensions>
          <distance>48169</distance>
        </extensions>
      </trkpt>
      <trkpt lat="-33.738825" lon="150.31518">
        <ele>726.5</ele>
        <extensions>
          <distance>48184</distance>
        </extensions>
      </trkpt>
      <trkpt lat="-33.73892" lon="150.31506">
        <ele>728</ele>
        <extensions>
          <distance>48200</distance>
        </extensions>
      </trkpt>
      <trkpt lat="-33.73896" lon="150.31496">
        <ele>728</ele>
        <extensions>
          <distance>48210</distance>
        </extensions>
      </trkpt>
      <trkpt lat="-33.73898" lon="150.31486">
        <ele>728</ele>
        <extensions>
          <distance>48219</distance>
        </extensions>
      </trkpt>
      <trkpt lat="-33.73899" lon="150.31472">
        <ele>728</ele>
        <extensions>
          <distance>48232</distance>
        </extensions>
      </trkpt>
      <trkpt lat="-33.73897" lon="150.31445">
        <ele>728</ele>
        <extensions>
          <distance>48257</distance>
        </extensions>
      </trkpt>
      <trkpt lat="-33.73894" lon="150.31438">
        <ele>729</ele>
        <extensions>
          <distance>48265</distance>
        </extensions>
      </trkpt>
      <trkpt lat="-33.73887" lon="150.31431">
        <ele>731</ele>
        <extensions>
          <distance>48275</distance>
        </extensions>
      </trkpt>
      <trkpt lat="-33.73871" lon="150.31423">
        <ele>732.5</ele>
        <extensions>
          <distance>48294</distance>
        </extensions>
      </trkpt>
      <trkpt lat="-33.73855" lon="150.31415">
        <ele>740</ele>
        <extensions>
          <distance>48314</distance>
        </extensions>
      </trkpt>
      <trkpt lat="-33.73845" lon="150.31406">
        <ele>740</ele>
        <extensions>
          <distance>48328</distance>
        </extensions>
      </trkpt>
      <trkpt lat="-33.73831" lon="150.313985">
        <ele>741.5</ele>
        <extensions>
          <distance>48345</distance>
        </extensions>
      </trkpt>
      <trkpt lat="-33.73817" lon="150.31391">
        <ele>743</ele>
        <extensions>
          <distance>48362</distance>
        </extensions>
      </trkpt>
      <trkpt lat="-33.73797999999999" lon="150.31383499999998">
        <ele>744</ele>
        <extensions>
          <distance>48385</distance>
        </extensions>
      </trkpt>
      <trkpt lat="-33.73779" lon="150.31376">
        <ele>745</ele>
        <extensions>
          <distance>48407</distance>
        </extensions>
      </trkpt>
      <trkpt lat="-33.73765" lon="150.313735">
        <ele>745</ele>
        <extensions>
          <distance>48423</distance>
        </extensions>
      </trkpt>
      <trkpt lat="-33.73751" lon="150.31371">
        <ele>745</ele>
        <extensions>
          <distance>48438</distance>
        </extensions>
      </trkpt>
      <trkpt lat="-33.73736" lon="150.31371">
        <ele>748</ele>
        <extensions>
          <distance>48455</distance>
        </extensions>
      </trkpt>
      <trkpt lat="-33.737215000000006" lon="150.31372499999998">
        <ele>752.5</ele>
        <extensions>
          <distance>48472</distance>
        </extensions>
      </trkpt>
      <trkpt lat="-33.73707" lon="150.31374">
        <ele>753</ele>
        <extensions>
          <distance>48488</distance>
        </extensions>
      </trkpt>
      <trkpt lat="-33.73689" lon="150.31377">
        <ele>753</ele>
        <extensions>
          <distance>48508</distance>
        </extensions>
      </trkpt>
      <trkpt lat="-33.73681" lon="150.31375">
        <ele>753</ele>
        <extensions>
          <distance>48517</distance>
        </extensions>
      </trkpt>
      <trkpt lat="-33.73673" lon="150.31371">
        <ele>753</ele>
        <extensions>
          <distance>48527</distance>
        </extensions>
      </trkpt>
      <trkpt lat="-33.73657" lon="150.31361">
        <ele>753</ele>
        <extensions>
          <distance>48547</distance>
        </extensions>
      </trkpt>
      <trkpt lat="-33.73644" lon="150.31357">
        <ele>753</ele>
        <extensions>
          <distance>48562</distance>
        </extensions>
      </trkpt>
      <trkpt lat="-33.73625" lon="150.31361">
        <ele>753</ele>
        <extensions>
          <distance>48583</distance>
        </extensions>
      </trkpt>
      <trkpt lat="-33.73608" lon="150.31368">
        <ele>776</ele>
        <extensions>
          <distance>48605</distance>
        </extensions>
      </trkpt>
      <trkpt lat="-33.73595" lon="150.31371">
        <ele>776</ele>
        <extensions>
          <distance>48620</distance>
        </extensions>
      </trkpt>
      <trkpt lat="-33.73587" lon="150.31368">
        <ele>776</ele>
        <extensions>
          <distance>48629</distance>
        </extensions>
      </trkpt>
      <trkpt lat="-33.73578" lon="150.31363">
        <ele>776</ele>
        <extensions>
          <distance>48640</distance>
        </extensions>
      </trkpt>
      <trkpt lat="-33.735640000000004" lon="150.31362000000001">
        <ele>766</ele>
        <extensions>
          <distance>48657</distance>
        </extensions>
      </trkpt>
      <trkpt lat="-33.7355" lon="150.31361">
        <ele>756</ele>
        <extensions>
          <distance>48675</distance>
        </extensions>
      </trkpt>
      <trkpt lat="-33.73547" lon="150.31357">
        <ele>750</ele>
        <extensions>
          <distance>48683</distance>
        </extensions>
      </trkpt>
      <trkpt lat="-33.7354" lon="150.31339">
        <ele>731</ele>
        <extensions>
          <distance>48709</distance>
        </extensions>
      </trkpt>
      <trkpt lat="-33.73535" lon="150.31332">
        <ele>727</ele>
        <extensions>
          <distance>48719</distance>
        </extensions>
      </trkpt>
      <trkpt lat="-33.7353" lon="150.31329">
        <ele>725</ele>
        <extensions>
          <distance>48725</distance>
        </extensions>
      </trkpt>
      <trkpt lat="-33.73523" lon="150.31327">
        <ele>725</ele>
        <extensions>
          <distance>48733</distance>
        </extensions>
      </trkpt>
      <trkpt lat="-33.73513" lon="150.31327">
        <ele>725</ele>
        <extensions>
          <distance>48744</distance>
        </extensions>
      </trkpt>
      <trkpt lat="-33.73506" lon="150.31329">
        <ele>725</ele>
        <extensions>
          <distance>48752</distance>
        </extensions>
      </trkpt>
      <trkpt lat="-33.73499" lon="150.31329">
        <ele>725</ele>
        <extensions>
          <distance>48760</distance>
        </extensions>
      </trkpt>
      <trkpt lat="-33.73479" lon="150.31315">
        <ele>725</ele>
        <extensions>
          <distance>48785</distance>
        </extensions>
      </trkpt>
      <trkpt lat="-33.73469" lon="150.31302">
        <ele>726</ele>
        <extensions>
          <distance>48802</distance>
        </extensions>
      </trkpt>
      <trkpt lat="-33.73455" lon="150.31291">
        <ele>731</ele>
        <extensions>
          <distance>48820</distance>
        </extensions>
      </trkpt>
      <trkpt lat="-33.73445" lon="150.31286">
        <ele>734</ele>
        <extensions>
          <distance>48833</distance>
        </extensions>
      </trkpt>
      <trkpt lat="-33.73431" lon="150.31282">
        <ele>735</ele>
        <extensions>
          <distance>48849</distance>
        </extensions>
      </trkpt>
      <trkpt lat="-33.73425" lon="150.31272">
        <ele>735</ele>
        <extensions>
          <distance>48860</distance>
        </extensions>
      </trkpt>
      <trkpt lat="-33.73415" lon="150.31264">
        <ele>735</ele>
        <extensions>
          <distance>48874</distance>
        </extensions>
      </trkpt>
      <trkpt lat="-33.73406" lon="150.31251">
        <ele>735</ele>
        <extensions>
          <distance>48889</distance>
        </extensions>
      </trkpt>
      <trkpt lat="-33.73403" lon="150.31238">
        <ele>734</ele>
        <extensions>
          <distance>48902</distance>
        </extensions>
      </trkpt>
      <trkpt lat="-33.73402" lon="150.3122">
        <ele>732</ele>
        <extensions>
          <distance>48918</distance>
        </extensions>
      </trkpt>
      <trkpt lat="-33.73403" lon="150.31198">
        <ele>732</ele>
        <extensions>
          <distance>48939</distance>
        </extensions>
      </trkpt>
      <trkpt lat="-33.73402" lon="150.31189">
        <ele>732</ele>
        <extensions>
          <distance>48947</distance>
        </extensions>
      </trkpt>
      <trkpt lat="-33.73391" lon="150.31177">
        <ele>732</ele>
        <extensions>
          <distance>48964</distance>
        </extensions>
      </trkpt>
      <trkpt lat="-33.73384" lon="150.31173">
        <ele>732</ele>
        <extensions>
          <distance>48972</distance>
        </extensions>
      </trkpt>
      <trkpt lat="-33.73381" lon="150.31166">
        <ele>732</ele>
        <extensions>
          <distance>48980</distance>
        </extensions>
      </trkpt>
      <trkpt lat="-33.73384" lon="150.31144">
        <ele>732</ele>
        <extensions>
          <distance>49000</distance>
        </extensions>
      </trkpt>
      <trkpt lat="-33.73384" lon="150.31128">
        <ele>728</ele>
        <extensions>
          <distance>49015</distance>
        </extensions>
      </trkpt>
      <trkpt lat="-33.73382" lon="150.31121">
        <ele>728</ele>
        <extensions>
          <distance>49022</distance>
        </extensions>
      </trkpt>
      <trkpt lat="-33.73376" lon="150.3111">
        <ele>728</ele>
        <extensions>
          <distance>49034</distance>
        </extensions>
      </trkpt>
      <trkpt lat="-33.73367" lon="150.31101">
        <ele>728</ele>
        <extensions>
          <distance>49047</distance>
        </extensions>
      </trkpt>
      <trkpt lat="-33.73359" lon="150.31096">
        <ele>730</ele>
        <extensions>
          <distance>49057</distance>
        </extensions>
      </trkpt>
      <trkpt lat="-33.73352" lon="150.31088">
        <ele>730</ele>
        <extensions>
          <distance>49068</distance>
        </extensions>
      </trkpt>
      <trkpt lat="-33.73347" lon="150.31078">
        <ele>730</ele>
        <extensions>
          <distance>49079</distance>
        </extensions>
      </trkpt>
      <trkpt lat="-33.73344" lon="150.31067">
        <ele>732</ele>
        <extensions>
          <distance>49090</distance>
        </extensions>
      </trkpt>
      <trkpt lat="-33.73343" lon="150.31054">
        <ele>733</ele>
        <extensions>
          <distance>49102</distance>
        </extensions>
      </trkpt>
      <trkpt lat="-33.73341" lon="150.31047">
        <ele>733</ele>
        <extensions>
          <distance>49109</distance>
        </extensions>
      </trkpt>
      <trkpt lat="-33.73329" lon="150.31035">
        <ele>734</ele>
        <extensions>
          <distance>49126</distance>
        </extensions>
      </trkpt>
      <trkpt lat="-33.73322" lon="150.31026">
        <ele>734</ele>
        <extensions>
          <distance>49137</distance>
        </extensions>
      </trkpt>
      <trkpt lat="-33.73315" lon="150.31015">
        <ele>734</ele>
        <extensions>
          <distance>49150</distance>
        </extensions>
      </trkpt>
      <trkpt lat="-33.73308" lon="150.30996">
        <ele>734</ele>
        <extensions>
          <distance>49169</distance>
        </extensions>
      </trkpt>
      <trkpt lat="-33.73307" lon="150.3099">
        <ele>734</ele>
        <extensions>
          <distance>49175</distance>
        </extensions>
      </trkpt>
      <trkpt lat="-33.73303" lon="150.3098">
        <ele>734</ele>
        <extensions>
          <distance>49185</distance>
        </extensions>
      </trkpt>
      <trkpt lat="-33.73292" lon="150.30971">
        <ele>734</ele>
        <extensions>
          <distance>49200</distance>
        </extensions>
      </trkpt>
      <trkpt lat="-33.73272" lon="150.30961">
        <ele>734</ele>
        <extensions>
          <distance>49224</distance>
        </extensions>
      </trkpt>
      <trkpt lat="-33.73263" lon="150.30946">
        <ele>734</ele>
        <extensions>
          <distance>49241</distance>
        </extensions>
      </trkpt>
      <trkpt lat="-33.73259" lon="150.30933">
        <ele>734</ele>
        <extensions>
          <distance>49254</distance>
        </extensions>
      </trkpt>
      <trkpt lat="-33.73249" lon="150.30916">
        <ele>734</ele>
        <extensions>
          <distance>49273</distance>
        </extensions>
      </trkpt>
      <trkpt lat="-33.73241" lon="150.30905">
        <ele>730</ele>
        <extensions>
          <distance>49287</distance>
        </extensions>
      </trkpt>
      <trkpt lat="-33.7323" lon="150.30895">
        <ele>728</ele>
        <extensions>
          <distance>49302</distance>
        </extensions>
      </trkpt>
      <trkpt lat="-33.73214" lon="150.30886">
        <ele>728</ele>
        <extensions>
          <distance>49322</distance>
        </extensions>
      </trkpt>
      <trkpt lat="-33.7321" lon="150.30879">
        <ele>728</ele>
        <extensions>
          <distance>49330</distance>
        </extensions>
      </trkpt>
      <trkpt lat="-33.73207" lon="150.3087">
        <ele>727</ele>
        <extensions>
          <distance>49339</distance>
        </extensions>
      </trkpt>
      <trkpt lat="-33.73186" lon="150.30854">
        <ele>727</ele>
        <extensions>
          <distance>49366</distance>
        </extensions>
      </trkpt>
      <trkpt lat="-33.73176" lon="150.30842">
        <ele>726</ele>
        <extensions>
          <distance>49382</distance>
        </extensions>
      </trkpt>
      <trkpt lat="-33.73167" lon="150.30826">
        <ele>715</ele>
        <extensions>
          <distance>49401</distance>
        </extensions>
      </trkpt>
      <trkpt lat="-33.731605" lon="150.308085">
        <ele>715</ele>
        <extensions>
          <distance>49419</distance>
        </extensions>
      </trkpt>
      <trkpt lat="-33.731539999999995" lon="150.30791">
        <ele>715</ele>
        <extensions>
          <distance>49436</distance>
        </extensions>
      </trkpt>
      <trkpt lat="-33.731474999999996" lon="150.30773499999998">
        <ele>715</ele>
        <extensions>
          <distance>49454</distance>
        </extensions>
      </trkpt>
      <trkpt lat="-33.73141" lon="150.30756">
        <ele>724</ele>
        <extensions>
          <distance>49472</distance>
        </extensions>
      </trkpt>
      <trkpt lat="-33.7314" lon="150.30744">
        <ele>725</ele>
        <extensions>
          <distance>49484</distance>
        </extensions>
      </trkpt>
      <trkpt lat="-33.73136" lon="150.30737">
        <ele>725</ele>
        <extensions>
          <distance>49491</distance>
        </extensions>
      </trkpt>
      <trkpt lat="-33.73127" lon="150.30725">
        <ele>725</ele>
        <extensions>
          <distance>49506</distance>
        </extensions>
      </trkpt>
      <trkpt lat="-33.73125" lon="150.3072">
        <ele>725</ele>
        <extensions>
          <distance>49511</distance>
        </extensions>
      </trkpt>
      <trkpt lat="-33.73125" lon="150.30715">
        <ele>725</ele>
        <extensions>
          <distance>49516</distance>
        </extensions>
      </trkpt>
      <trkpt lat="-33.73128" lon="150.30709">
        <ele>724</ele>
        <extensions>
          <distance>49523</distance>
        </extensions>
      </trkpt>
      <trkpt lat="-33.73128" lon="150.30701">
        <ele>722</ele>
        <extensions>
          <distance>49530</distance>
        </extensions>
      </trkpt>
      <trkpt lat="-33.73127" lon="150.30695">
        <ele>722</ele>
        <extensions>
          <distance>49536</distance>
        </extensions>
      </trkpt>
      <trkpt lat="-33.73115" lon="150.30681">
        <ele>722</ele>
        <extensions>
          <distance>49554</distance>
        </extensions>
      </trkpt>
      <trkpt lat="-33.73108" lon="150.30671">
        <ele>722</ele>
        <extensions>
          <distance>49566</distance>
        </extensions>
      </trkpt>
      <trkpt lat="-33.731" lon="150.30658">
        <ele>724</ele>
        <extensions>
          <distance>49581</distance>
        </extensions>
      </trkpt>
      <trkpt lat="-33.73095" lon="150.30645">
        <ele>724</ele>
        <extensions>
          <distance>49595</distance>
        </extensions>
      </trkpt>
      <trkpt lat="-33.73081" lon="150.30626">
        <ele>726</ele>
        <extensions>
          <distance>49618</distance>
        </extensions>
      </trkpt>
      <trkpt lat="-33.73078" lon="150.3062">
        <ele>726</ele>
        <extensions>
          <distance>49625</distance>
        </extensions>
      </trkpt>
      <trkpt lat="-33.73077" lon="150.30611">
        <ele>729</ele>
        <extensions>
          <distance>49633</distance>
        </extensions>
      </trkpt>
      <trkpt lat="-33.73074" lon="150.30601">
        <ele>729</ele>
        <extensions>
          <distance>49643</distance>
        </extensions>
      </trkpt>
      <trkpt lat="-33.73064" lon="150.30579">
        <ele>729</ele>
        <extensions>
          <distance>49666</distance>
        </extensions>
      </trkpt>
      <trkpt lat="-33.73056" lon="150.30557">
        <ele>729</ele>
        <extensions>
          <distance>49688</distance>
        </extensions>
      </trkpt>
      <trkpt lat="-33.73052" lon="150.30549">
        <ele>731</ele>
        <extensions>
          <distance>49697</distance>
        </extensions>
      </trkpt>
      <trkpt lat="-33.73039" lon="150.30534">
        <ele>733</ele>
        <extensions>
          <distance>49717</distance>
        </extensions>
      </trkpt>
      <trkpt lat="-33.730295" lon="150.30521">
        <ele>733</ele>
        <extensions>
          <distance>49733</distance>
        </extensions>
      </trkpt>
      <trkpt lat="-33.7302" lon="150.30508">
        <ele>733</ele>
        <extensions>
          <distance>49749</distance>
        </extensions>
      </trkpt>
      <trkpt lat="-33.73004" lon="150.30493">
        <ele>736</ele>
        <extensions>
          <distance>49772</distance>
        </extensions>
      </trkpt>
      <trkpt lat="-33.72994" lon="150.30478">
        <ele>742</ele>
        <extensions>
          <distance>49791</distance>
        </extensions>
      </trkpt>
      <trkpt lat="-33.72984" lon="150.30469">
        <ele>750</ele>
        <extensions>
          <distance>49807</distance>
        </extensions>
      </trkpt>
      <trkpt lat="-33.72978" lon="150.30466">
        <ele>756</ele>
        <extensions>
          <distance>49816</distance>
        </extensions>
      </trkpt>
      <trkpt lat="-33.72965" lon="150.30464">
        <ele>768</ele>
        <extensions>
          <distance>49835</distance>
        </extensions>
      </trkpt>
      <trkpt lat="-33.72958" lon="150.3046">
        <ele>775</ele>
        <extensions>
          <distance>49846</distance>
        </extensions>
      </trkpt>
      <trkpt lat="-33.7295" lon="150.30453">
        <ele>781</ele>
        <extensions>
          <distance>49858</distance>
        </extensions>
      </trkpt>
      <trkpt lat="-33.72936" lon="150.30448">
        <ele>790</ele>
        <extensions>
          <distance>49877</distance>
        </extensions>
      </trkpt>
      <trkpt lat="-33.72927" lon="150.30447">
        <ele>795</ele>
        <extensions>
          <distance>49888</distance>
        </extensions>
      </trkpt>
      <trkpt lat="-33.72911" lon="150.30449">
        <ele>807</ele>
        <extensions>
          <distance>49910</distance>
        </extensions>
      </trkpt>
      <trkpt lat="-33.72898" lon="150.30441">
        <ele>807</ele>
        <extensions>
          <distance>49926</distance>
        </extensions>
      </trkpt>
      <trkpt lat="-33.72891" lon="150.30439">
        <ele>807</ele>
        <extensions>
          <distance>49934</distance>
        </extensions>
      </trkpt>
      <trkpt lat="-33.72888" lon="150.30435">
        <ele>807</ele>
        <extensions>
          <distance>49939</distance>
        </extensions>
      </trkpt>
      <trkpt lat="-33.7289" lon="150.30422">
        <ele>803</ele>
        <extensions>
          <distance>49951</distance>
        </extensions>
      </trkpt>
      <trkpt lat="-33.72899" lon="150.304035">
        <ele>794.5</ele>
        <extensions>
          <distance>49973</distance>
        </extensions>
      </trkpt>
      <trkpt lat="-33.72908" lon="150.30385">
        <ele>786</ele>
        <extensions>
          <distance>49994</distance>
        </extensions>
      </trkpt>
      <trkpt lat="-33.72916" lon="150.30381">
        <ele>784</ele>
        <extensions>
          <distance>50004</distance>
        </extensions>
      </trkpt>
      <trkpt lat="-33.72926" lon="150.30365">
        <ele>782</ele>
        <extensions>
          <distance>50023</distance>
        </extensions>
      </trkpt>
      <trkpt lat="-33.72932" lon="150.30361">
        <ele>779</ele>
        <extensions>
          <distance>50031</distance>
        </extensions>
      </trkpt>
      <trkpt lat="-33.72956" lon="150.30364">
        <ele>769</ele>
        <extensions>
          <distance>50060</distance>
        </extensions>
      </trkpt>
      <trkpt lat="-33.72976" lon="150.30349">
        <ele>765</ele>
        <extensions>
          <distance>50086</distance>
        </extensions>
      </trkpt>
      <trkpt lat="-33.72986" lon="150.30347">
        <ele>765</ele>
        <extensions>
          <distance>50097</distance>
        </extensions>
      </trkpt>
      <trkpt lat="-33.72995" lon="150.3034">
        <ele>765</ele>
        <extensions>
          <distance>50109</distance>
        </extensions>
      </trkpt>
      <trkpt lat="-33.72998" lon="150.30333">
        <ele>765</ele>
        <extensions>
          <distance>50117</distance>
        </extensions>
      </trkpt>
      <trkpt lat="-33.72996" lon="150.30328">
        <ele>765</ele>
        <extensions>
          <distance>50122</distance>
        </extensions>
      </trkpt>
      <trkpt lat="-33.72992" lon="150.30323">
        <ele>766</ele>
        <extensions>
          <distance>50128</distance>
        </extensions>
      </trkpt>
      <trkpt lat="-33.72993" lon="150.30316">
        <ele>767</ele>
        <extensions>
          <distance>50135</distance>
        </extensions>
      </trkpt>
      <trkpt lat="-33.72994" lon="150.30312">
        <ele>768</ele>
        <extensions>
          <distance>50139</distance>
        </extensions>
      </trkpt>
      <trkpt lat="-33.73001" lon="150.30308">
        <ele>768</ele>
        <extensions>
          <distance>50147</distance>
        </extensions>
      </trkpt>
      <trkpt lat="-33.73007" lon="150.30294">
        <ele>771</ele>
        <extensions>
          <distance>50162</distance>
        </extensions>
      </trkpt>
      <trkpt lat="-33.7301" lon="150.3028">
        <ele>777</ele>
        <extensions>
          <distance>50177</distance>
        </extensions>
      </trkpt>
      <trkpt lat="-33.73001" lon="150.30285">
        <ele>778</ele>
        <extensions>
          <distance>50188</distance>
        </extensions>
      </trkpt>
      <trkpt lat="-33.72996" lon="150.30285">
        <ele>783</ele>
        <extensions>
          <distance>50194</distance>
        </extensions>
      </trkpt>
      <trkpt lat="-33.72981" lon="150.30298">
        <ele>783</ele>
        <extensions>
          <distance>50215</distance>
        </extensions>
      </trkpt>
      <trkpt lat="-33.72966" lon="150.30311">
        <ele>783</ele>
        <extensions>
          <distance>50235</distance>
        </extensions>
      </trkpt>
      <trkpt lat="-33.72951" lon="150.30318">
        <ele>783</ele>
        <extensions>
          <distance>50253</distance>
        </extensions>
      </trkpt>
      <trkpt lat="-33.729375" lon="150.30322999999999">
        <ele>787</ele>
        <extensions>
          <distance>50269</distance>
        </extensions>
      </trkpt>
      <trkpt lat="-33.72924" lon="150.30328">
        <ele>787</ele>
        <extensions>
          <distance>50285</distance>
        </extensions>
      </trkpt>
      <trkpt lat="-33.72914" lon="150.30325">
        <ele>787</ele>
        <extensions>
          <distance>50296</distance>
        </extensions>
      </trkpt>
      <trkpt lat="-33.72906" lon="150.30329">
        <ele>787</ele>
        <extensions>
          <distance>50306</distance>
        </extensions>
      </trkpt>
      <trkpt lat="-33.728894999999994" lon="150.30324000000002">
        <ele>799.5</ele>
        <extensions>
          <distance>50326</distance>
        </extensions>
      </trkpt>
      <trkpt lat="-33.72873" lon="150.30319">
        <ele>812</ele>
        <extensions>
          <distance>50349</distance>
        </extensions>
      </trkpt>
      <trkpt lat="-33.72871" lon="150.30317">
        <ele>815</ele>
        <extensions>
          <distance>50353</distance>
        </extensions>
      </trkpt>
      <trkpt lat="-33.72869" lon="150.30312">
        <ele>815</ele>
        <extensions>
          <distance>50358</distance>
        </extensions>
      </trkpt>
      <trkpt lat="-33.72872" lon="150.30307">
        <ele>815</ele>
        <extensions>
          <distance>50364</distance>
        </extensions>
      </trkpt>
      <trkpt lat="-33.72877" lon="150.30306">
        <ele>815</ele>
        <extensions>
          <distance>50369</distance>
        </extensions>
      </trkpt>
      <trkpt lat="-33.72889" lon="150.30309">
        <ele>815</ele>
        <extensions>
          <distance>50383</distance>
        </extensions>
      </trkpt>
      <trkpt lat="-33.72892" lon="150.30308">
        <ele>815</ele>
        <extensions>
          <distance>50386</distance>
        </extensions>
      </trkpt>
      <trkpt lat="-33.72884" lon="150.30305">
        <ele>813</ele>
        <extensions>
          <distance>50396</distance>
        </extensions>
      </trkpt>
      <trkpt lat="-33.72881" lon="150.30302">
        <ele>811</ele>
        <extensions>
          <distance>50400</distance>
        </extensions>
      </trkpt>
      <trkpt lat="-33.72881" lon="150.303">
        <ele>811</ele>
        <extensions>
          <distance>50402</distance>
        </extensions>
      </trkpt>
      <trkpt lat="-33.72894" lon="150.30304">
        <ele>811</ele>
        <extensions>
          <distance>50417</distance>
        </extensions>
      </trkpt>
      <trkpt lat="-33.72906" lon="150.30303">
        <ele>810</ele>
        <extensions>
          <distance>50430</distance>
        </extensions>
      </trkpt>
      <trkpt lat="-33.72925" lon="150.30307">
        <ele>807</ele>
        <extensions>
          <distance>50452</distance>
        </extensions>
      </trkpt>
      <trkpt lat="-33.72948" lon="150.30301">
        <ele>806</ele>
        <extensions>
          <distance>50478</distance>
        </extensions>
      </trkpt>
      <trkpt lat="-33.72951" lon="150.30298">
        <ele>792</ele>
        <extensions>
          <distance>50486</distance>
        </extensions>
      </trkpt>
      <trkpt lat="-33.72959" lon="150.30298">
        <ele>790</ele>
        <extensions>
          <distance>50495</distance>
        </extensions>
      </trkpt>
      <trkpt lat="-33.72965" lon="150.30295">
        <ele>790</ele>
        <extensions>
          <distance>50502</distance>
        </extensions>
      </trkpt>
      <trkpt lat="-33.72965" lon="150.30293">
        <ele>790</ele>
        <extensions>
          <distance>50504</distance>
        </extensions>
      </trkpt>
      <trkpt lat="-33.72961" lon="150.30295">
        <ele>790</ele>
        <extensions>
          <distance>50508</distance>
        </extensions>
      </trkpt>
      <trkpt lat="-33.72957" lon="150.30288">
        <ele>799</ele>
        <extensions>
          <distance>50517</distance>
        </extensions>
      </trkpt>
      <trkpt lat="-33.72938" lon="150.30295">
        <ele>799</ele>
        <extensions>
          <distance>50539</distance>
        </extensions>
      </trkpt>
      <trkpt lat="-33.72933" lon="150.30292">
        <ele>801</ele>
        <extensions>
          <distance>50545</distance>
        </extensions>
      </trkpt>
      <trkpt lat="-33.72928" lon="150.30296">
        <ele>803</ele>
        <extensions>
          <distance>50552</distance>
        </extensions>
      </trkpt>
      <trkpt lat="-33.72913" lon="150.30278">
        <ele>847</ele>
        <extensions>
          <distance>50602</distance>
        </extensions>
      </trkpt>
      <trkpt lat="-33.728989999999996" lon="150.302685">
        <ele>868</ele>
        <extensions>
          <distance>50630</distance>
        </extensions>
      </trkpt>
      <trkpt lat="-33.72885" lon="150.30259">
        <ele>870</ele>
        <extensions>
          <distance>50648</distance>
        </extensions>
      </trkpt>
      <trkpt lat="-33.72862" lon="150.30253">
        <ele>873</ele>
        <extensions>
          <distance>50674</distance>
        </extensions>
      </trkpt>
      <trkpt lat="-33.72855" lon="150.30256">
        <ele>878</ele>
        <extensions>
          <distance>50684</distance>
        </extensions>
      </trkpt>
      <trkpt lat="-33.7285" lon="150.30252">
        <ele>878</ele>
        <extensions>
          <distance>50690</distance>
        </extensions>
      </trkpt>
      <trkpt lat="-33.72843" lon="150.30249">
        <ele>886</ele>
        <extensions>
          <distance>50701</distance>
        </extensions>
      </trkpt>
      <trkpt lat="-33.72829" lon="150.30248">
        <ele>898</ele>
        <extensions>
          <distance>50720</distance>
        </extensions>
      </trkpt>
      <trkpt lat="-33.72822" lon="150.30249">
        <ele>902</ele>
        <extensions>
          <distance>50729</distance>
        </extensions>
      </trkpt>
      <trkpt lat="-33.7282" lon="150.30241">
        <ele>902</ele>
        <extensions>
          <distance>50737</distance>
        </extensions>
      </trkpt>
      <trkpt lat="-33.72829" lon="150.30242">
        <ele>902</ele>
        <extensions>
          <distance>50747</distance>
        </extensions>
      </trkpt>
      <trkpt lat="-33.72839" lon="150.30245">
        <ele>902</ele>
        <extensions>
          <distance>50758</distance>
        </extensions>
      </trkpt>
      <trkpt lat="-33.72851" lon="150.30247">
        <ele>894</ele>
        <extensions>
          <distance>50772</distance>
        </extensions>
      </trkpt>
      <trkpt lat="-33.72861" lon="150.30237">
        <ele>894</ele>
        <extensions>
          <distance>50787</distance>
        </extensions>
      </trkpt>
      <trkpt lat="-33.72871" lon="150.30231">
        <ele>894</ele>
        <extensions>
          <distance>50799</distance>
        </extensions>
      </trkpt>
      <trkpt lat="-33.72877" lon="150.30232">
        <ele>894</ele>
        <extensions>
          <distance>50806</distance>
        </extensions>
      </trkpt>
      <trkpt lat="-33.72881" lon="150.30224">
        <ele>899</ele>
        <extensions>
          <distance>50815</distance>
        </extensions>
      </trkpt>
      <trkpt lat="-33.72879" lon="150.3022">
        <ele>901</ele>
        <extensions>
          <distance>50819</distance>
        </extensions>
      </trkpt>
      <trkpt lat="-33.72874" lon="150.30222">
        <ele>902</ele>
        <extensions>
          <distance>50825</distance>
        </extensions>
      </trkpt>
      <trkpt lat="-33.728625" lon="150.30212">
        <ele>913.5</ele>
        <extensions>
          <distance>50845</distance>
        </extensions>
      </trkpt>
      <trkpt lat="-33.72851" lon="150.30202">
        <ele>925</ele>
        <extensions>
          <distance>50864</distance>
        </extensions>
      </trkpt>
      <trkpt lat="-33.72841" lon="150.30211">
        <ele>926</ele>
        <extensions>
          <distance>50878</distance>
        </extensions>
      </trkpt>
      <trkpt lat="-33.72838" lon="150.30212">
        <ele>929</ele>
        <extensions>
          <distance>50882</distance>
        </extensions>
      </trkpt>
      <trkpt lat="-33.72829" lon="150.30212">
        <ele>933</ele>
        <extensions>
          <distance>50893</distance>
        </extensions>
      </trkpt>
      <trkpt lat="-33.72819" lon="150.30201">
        <ele>934</ele>
        <extensions>
          <distance>50908</distance>
        </extensions>
      </trkpt>
      <trkpt lat="-33.72803" lon="150.30195">
        <ele>935</ele>
        <extensions>
          <distance>50927</distance>
        </extensions>
      </trkpt>
      <trkpt lat="-33.72795" lon="150.30193">
        <ele>936</ele>
        <extensions>
          <distance>50936</distance>
        </extensions>
      </trkpt>
      <trkpt lat="-33.72785" lon="150.302">
        <ele>939</ele>
        <extensions>
          <distance>50949</distance>
        </extensions>
      </trkpt>
      <trkpt lat="-33.72781" lon="150.30216">
        <ele>940</ele>
        <extensions>
          <distance>50965</distance>
        </extensions>
      </trkpt>
      <trkpt lat="-33.72773" lon="150.30218">
        <ele>940</ele>
        <extensions>
          <distance>50974</distance>
        </extensions>
      </trkpt>
      <trkpt lat="-33.72759" lon="150.30208">
        <ele>940</ele>
        <extensions>
          <distance>50992</distance>
        </extensions>
      </trkpt>
      <trkpt lat="-33.72753" lon="150.30199">
        <ele>940</ele>
        <extensions>
          <distance>51002</distance>
        </extensions>
      </trkpt>
      <trkpt lat="-33.72758" lon="150.30177">
        <ele>943</ele>
        <extensions>
          <distance>51024</distance>
        </extensions>
      </trkpt>
      <trkpt lat="-33.72771" lon="150.30169">
        <ele>946</ele>
        <extensions>
          <distance>51040</distance>
        </extensions>
      </trkpt>
      <trkpt lat="-33.7278" lon="150.30156">
        <ele>947</ele>
        <extensions>
          <distance>51056</distance>
        </extensions>
      </trkpt>
      <trkpt lat="-33.7279" lon="150.30153">
        <ele>950</ele>
        <extensions>
          <distance>51067</distance>
        </extensions>
      </trkpt>
      <trkpt lat="-33.72813" lon="150.30152">
        <ele>951</ele>
        <extensions>
          <distance>51093</distance>
        </extensions>
      </trkpt>
      <trkpt lat="-33.7283" lon="150.30147">
        <ele>954</ele>
        <extensions>
          <distance>51113</distance>
        </extensions>
      </trkpt>
      <trkpt lat="-33.7284" lon="150.3014">
        <ele>955</ele>
        <extensions>
          <distance>51125</distance>
        </extensions>
      </trkpt>
      <trkpt lat="-33.72843" lon="150.30127">
        <ele>955</ele>
        <extensions>
          <distance>51138</distance>
        </extensions>
      </trkpt>
      <trkpt lat="-33.72844" lon="150.30118">
        <ele>955</ele>
        <extensions>
          <distance>51146</distance>
        </extensions>
      </trkpt>
      <trkpt lat="-33.72847" lon="150.30118">
        <ele>955</ele>
        <extensions>
          <distance>51150</distance>
        </extensions>
      </trkpt>
      <trkpt lat="-33.72849" lon="150.30116">
        <ele>955</ele>
        <extensions>
          <distance>51153</distance>
        </extensions>
      </trkpt>
      <trkpt lat="-33.72848" lon="150.30107">
        <ele>955</ele>
        <extensions>
          <distance>51161</distance>
        </extensions>
      </trkpt>
      <trkpt lat="-33.72854" lon="150.30093">
        <ele>956</ele>
        <extensions>
          <distance>51176</distance>
        </extensions>
      </trkpt>
      <trkpt lat="-33.7285" lon="150.30079">
        <ele>956</ele>
        <extensions>
          <distance>51189</distance>
        </extensions>
      </trkpt>
      <trkpt lat="-33.72847" lon="150.30072">
        <ele>956</ele>
        <extensions>
          <distance>51197</distance>
        </extensions>
      </trkpt>
      <trkpt lat="-33.72835" lon="150.30067">
        <ele>956</ele>
        <extensions>
          <distance>51211</distance>
        </extensions>
      </trkpt>
      <trkpt lat="-33.72839" lon="150.30041">
        <ele>956</ele>
        <extensions>
          <distance>51235</distance>
        </extensions>
      </trkpt>
      <trkpt lat="-33.728584999999995" lon="150.30043">
        <ele>956</ele>
        <extensions>
          <distance>51257</distance>
        </extensions>
      </trkpt>
      <trkpt lat="-33.72878" lon="150.30045">
        <ele>956.5</ele>
        <extensions>
          <distance>51279</distance>
        </extensions>
      </trkpt>
    </trkseg>
  </trk>
</gpx>