<?xml version="1.0" encoding="UTF-8"?>
<gpx
  creator="LiveTrail"
  version="1.1"
  xmlns="http://www.topografix.com/GPX/1/1"
  xmlns:xsi="http://www.w3.org/2001/XMLSchema-instance"
  xsi:schemaLocation="http://www.topografix.com/GPX/1/1 https://www.topografix.com/GPX/1/1/gpx.xsd">
  <metadata>
    <name>LiveTrail Race</name>
    <bounds maxlat="22.30089" maxlon="113.851486" minlat="22.207788" minlon="114.01891"></bounds>
    <copyright author="LiveTrail®"></copyright>
    <link href="https://livetrail.run"></link>
  </metadata>
  <trk>
    <trkseg>
      <trkpt lat="22.26728" lon="113.99703">
        <ele>5</ele>
        <extensions>
          <distance>0</distance>
        </extensions>
      </trkpt>
      <trkpt lat="22.26723" lon="113.99731">
        <ele>5</ele>
        <extensions>
          <distance>29</distance>
        </extensions>
      </trkpt>
      <trkpt lat="22.267405000000004" lon="113.9973475">
        <ele>5</ele>
        <extensions>
          <distance>49</distance>
        </extensions>
      </trkpt>
      <trkpt lat="22.267580000000002" lon="113.99738500000001">
        <ele>5</ele>
        <extensions>
          <distance>69</distance>
        </extensions>
      </trkpt>
      <trkpt lat="22.267755" lon="113.9974225">
        <ele>5</ele>
        <extensions>
          <distance>89</distance>
        </extensions>
      </trkpt>
      <trkpt lat="22.26793" lon="113.99746">
        <ele>5</ele>
        <extensions>
          <distance>108</distance>
        </extensions>
      </trkpt>
      <trkpt lat="22.268079999999998" lon="113.99738500000001">
        <ele>5</ele>
        <extensions>
          <distance>127</distance>
        </extensions>
      </trkpt>
      <trkpt lat="22.26823" lon="113.99731">
        <ele>4</ele>
        <extensions>
          <distance>145</distance>
        </extensions>
      </trkpt>
      <trkpt lat="22.26838" lon="113.99723499999999">
        <ele>3</ele>
        <extensions>
          <distance>163</distance>
        </extensions>
      </trkpt>
      <trkpt lat="22.26853" lon="113.99716">
        <ele>2</ele>
        <extensions>
          <distance>182</distance>
        </extensions>
      </trkpt>
      <trkpt lat="22.26865" lon="113.99712">
        <ele>1</ele>
        <extensions>
          <distance>196</distance>
        </extensions>
      </trkpt>
      <trkpt lat="22.26883625" lon="113.99711625">
        <ele>0</ele>
        <extensions>
          <distance>216</distance>
        </extensions>
      </trkpt>
      <trkpt lat="22.269022500000002" lon="113.9971125">
        <ele>0</ele>
        <extensions>
          <distance>237</distance>
        </extensions>
      </trkpt>
      <trkpt lat="22.269208750000004" lon="113.99710875">
        <ele>0</ele>
        <extensions>
          <distance>258</distance>
        </extensions>
      </trkpt>
      <trkpt lat="22.269395000000003" lon="113.997105">
        <ele>0</ele>
        <extensions>
          <distance>278</distance>
        </extensions>
      </trkpt>
      <trkpt lat="22.26958125" lon="113.99710125">
        <ele>1</ele>
        <extensions>
          <distance>299</distance>
        </extensions>
      </trkpt>
      <trkpt lat="22.2697675" lon="113.9970975">
        <ele>3</ele>
        <extensions>
          <distance>320</distance>
        </extensions>
      </trkpt>
      <trkpt lat="22.26995375" lon="113.99709375">
        <ele>4</ele>
        <extensions>
          <distance>340</distance>
        </extensions>
      </trkpt>
      <trkpt lat="22.27014" lon="113.99709">
        <ele>4</ele>
        <extensions>
          <distance>361</distance>
        </extensions>
      </trkpt>
      <trkpt lat="22.270270000000004" lon="113.99698749999999">
        <ele>7</ele>
        <extensions>
          <distance>379</distance>
        </extensions>
      </trkpt>
      <trkpt lat="22.270400000000002" lon="113.99688499999999">
        <ele>7</ele>
        <extensions>
          <distance>397</distance>
        </extensions>
      </trkpt>
      <trkpt lat="22.27053" lon="113.9967825">
        <ele>7</ele>
        <extensions>
          <distance>415</distance>
        </extensions>
      </trkpt>
      <trkpt lat="22.27066" lon="113.99668">
        <ele>7</ele>
        <extensions>
          <distance>432</distance>
        </extensions>
      </trkpt>
      <trkpt lat="22.2707375" lon="113.996475">
        <ele>8</ele>
        <extensions>
          <distance>455</distance>
        </extensions>
      </trkpt>
      <trkpt lat="22.270815" lon="113.99627">
        <ele>8</ele>
        <extensions>
          <distance>478</distance>
        </extensions>
      </trkpt>
      <trkpt lat="22.2708925" lon="113.99606499999999">
        <ele>10</ele>
        <extensions>
          <distance>501</distance>
        </extensions>
      </trkpt>
      <trkpt lat="22.27097" lon="113.99586">
        <ele>13</ele>
        <extensions>
          <distance>524</distance>
        </extensions>
      </trkpt>
      <trkpt lat="22.27110125" lon="113.99576124999999">
        <ele>13</ele>
        <extensions>
          <distance>542</distance>
        </extensions>
      </trkpt>
      <trkpt lat="22.2712325" lon="113.9956625">
        <ele>13</ele>
        <extensions>
          <distance>559</distance>
        </extensions>
      </trkpt>
      <trkpt lat="22.27136375" lon="113.99556375">
        <ele>13</ele>
        <extensions>
          <distance>577</distance>
        </extensions>
      </trkpt>
      <trkpt lat="22.271495" lon="113.995465">
        <ele>12</ele>
        <extensions>
          <distance>595</distance>
        </extensions>
      </trkpt>
      <trkpt lat="22.27162625" lon="113.99536624999999">
        <ele>11</ele>
        <extensions>
          <distance>613</distance>
        </extensions>
      </trkpt>
      <trkpt lat="22.2717575" lon="113.9952675">
        <ele>11</ele>
        <extensions>
          <distance>630</distance>
        </extensions>
      </trkpt>
      <trkpt lat="22.271888750000002" lon="113.99516875">
        <ele>11</ele>
        <extensions>
          <distance>648</distance>
        </extensions>
      </trkpt>
      <trkpt lat="22.27202" lon="113.99507">
        <ele>11</ele>
        <extensions>
          <distance>666</distance>
        </extensions>
      </trkpt>
      <trkpt lat="22.272055" lon="113.99485250000001">
        <ele>17</ele>
        <extensions>
          <distance>689</distance>
        </extensions>
      </trkpt>
      <trkpt lat="22.27209" lon="113.994635">
        <ele>20</ele>
        <extensions>
          <distance>712</distance>
        </extensions>
      </trkpt>
      <trkpt lat="22.272125" lon="113.9944175">
        <ele>20</ele>
        <extensions>
          <distance>735</distance>
        </extensions>
      </trkpt>
      <trkpt lat="22.27216" lon="113.9942">
        <ele>20</ele>
        <extensions>
          <distance>757</distance>
        </extensions>
      </trkpt>
      <trkpt lat="22.27206" lon="113.994">
        <ele>20</ele>
        <extensions>
          <distance>781</distance>
        </extensions>
      </trkpt>
      <trkpt lat="22.27196" lon="113.9938">
        <ele>19</ele>
        <extensions>
          <distance>804</distance>
        </extensions>
      </trkpt>
      <trkpt lat="22.27186" lon="113.99359999999999">
        <ele>17</ele>
        <extensions>
          <distance>828</distance>
        </extensions>
      </trkpt>
      <trkpt lat="22.27176" lon="113.9934">
        <ele>13</ele>
        <extensions>
          <distance>851</distance>
        </extensions>
      </trkpt>
      <trkpt lat="22.27184875" lon="113.99328624999998">
        <ele>10</ele>
        <extensions>
          <distance>867</distance>
        </extensions>
      </trkpt>
      <trkpt lat="22.2719375" lon="113.99317249999999">
        <ele>9</ele>
        <extensions>
          <distance>882</distance>
        </extensions>
      </trkpt>
      <trkpt lat="22.27202625" lon="113.99305874999999">
        <ele>9</ele>
        <extensions>
          <distance>898</distance>
        </extensions>
      </trkpt>
      <trkpt lat="22.272115" lon="113.99294499999999">
        <ele>9</ele>
        <extensions>
          <distance>913</distance>
        </extensions>
      </trkpt>
      <trkpt lat="22.27220375" lon="113.99283125">
        <ele>9</ele>
        <extensions>
          <distance>928</distance>
        </extensions>
      </trkpt>
      <trkpt lat="22.2722925" lon="113.9927175">
        <ele>9</ele>
        <extensions>
          <distance>943</distance>
        </extensions>
      </trkpt>
      <trkpt lat="22.27238125" lon="113.99260375">
        <ele>10</ele>
        <extensions>
          <distance>959</distance>
        </extensions>
      </trkpt>
      <trkpt lat="22.27247" lon="113.99249">
        <ele>10</ele>
        <extensions>
          <distance>974</distance>
        </extensions>
      </trkpt>
      <trkpt lat="22.272325" lon="113.99225">
        <ele>14</ele>
        <extensions>
          <distance>1004</distance>
        </extensions>
      </trkpt>
      <trkpt lat="22.27218" lon="113.99201">
        <ele>15</ele>
        <extensions>
          <distance>1033</distance>
        </extensions>
      </trkpt>
      <trkpt lat="22.2720475" lon="113.99193">
        <ele>15</ele>
        <extensions>
          <distance>1050</distance>
        </extensions>
      </trkpt>
      <trkpt lat="22.271915" lon="113.99185">
        <ele>15</ele>
        <extensions>
          <distance>1067</distance>
        </extensions>
      </trkpt>
      <trkpt lat="22.2717825" lon="113.99177">
        <ele>15</ele>
        <extensions>
          <distance>1084</distance>
        </extensions>
      </trkpt>
      <trkpt lat="22.27165" lon="113.99169">
        <ele>15</ele>
        <extensions>
          <distance>1101</distance>
        </extensions>
      </trkpt>
      <trkpt lat="22.27162" lon="113.9914425">
        <ele>15</ele>
        <extensions>
          <distance>1126</distance>
        </extensions>
      </trkpt>
      <trkpt lat="22.27159" lon="113.991195">
        <ele>15</ele>
        <extensions>
          <distance>1152</distance>
        </extensions>
      </trkpt>
      <trkpt lat="22.27156" lon="113.9909475">
        <ele>17</ele>
        <extensions>
          <distance>1178</distance>
        </extensions>
      </trkpt>
      <trkpt lat="22.27153" lon="113.9907">
        <ele>21</ele>
        <extensions>
          <distance>1204</distance>
        </extensions>
      </trkpt>
      <trkpt lat="22.271349999999998" lon="113.9905475">
        <ele>21</ele>
        <extensions>
          <distance>1229</distance>
        </extensions>
      </trkpt>
      <trkpt lat="22.271169999999998" lon="113.990395">
        <ele>21</ele>
        <extensions>
          <distance>1255</distance>
        </extensions>
      </trkpt>
      <trkpt lat="22.270989999999998" lon="113.9902425">
        <ele>21</ele>
        <extensions>
          <distance>1280</distance>
        </extensions>
      </trkpt>
      <trkpt lat="22.27081" lon="113.99009">
        <ele>21</ele>
        <extensions>
          <distance>1305</distance>
        </extensions>
      </trkpt>
      <trkpt lat="22.270645000000002" lon="113.9901025">
        <ele>21</ele>
        <extensions>
          <distance>1324</distance>
        </extensions>
      </trkpt>
      <trkpt lat="22.27048" lon="113.990115">
        <ele>19</ele>
        <extensions>
          <distance>1342</distance>
        </extensions>
      </trkpt>
      <trkpt lat="22.270315" lon="113.9901275">
        <ele>18</ele>
        <extensions>
          <distance>1360</distance>
        </extensions>
      </trkpt>
      <trkpt lat="22.27015" lon="113.99014">
        <ele>16</ele>
        <extensions>
          <distance>1379</distance>
        </extensions>
      </trkpt>
      <trkpt lat="22.27002375" lon="113.990375">
        <ele>11</ele>
        <extensions>
          <distance>1407</distance>
        </extensions>
      </trkpt>
      <trkpt lat="22.2698975" lon="113.99061">
        <ele>9</ele>
        <extensions>
          <distance>1435</distance>
        </extensions>
      </trkpt>
      <trkpt lat="22.269771249999998" lon="113.99084500000001">
        <ele>9</ele>
        <extensions>
          <distance>1463</distance>
        </extensions>
      </trkpt>
      <trkpt lat="22.269645" lon="113.99108">
        <ele>9</ele>
        <extensions>
          <distance>1491</distance>
        </extensions>
      </trkpt>
      <trkpt lat="22.269518750000003" lon="113.99131499999999">
        <ele>8</ele>
        <extensions>
          <distance>1519</distance>
        </extensions>
      </trkpt>
      <trkpt lat="22.269392500000002" lon="113.99154999999999">
        <ele>8</ele>
        <extensions>
          <distance>1547</distance>
        </extensions>
      </trkpt>
      <trkpt lat="22.26926625" lon="113.991785">
        <ele>8</ele>
        <extensions>
          <distance>1575</distance>
        </extensions>
      </trkpt>
      <trkpt lat="22.26914" lon="113.99202">
        <ele>6</ele>
        <extensions>
          <distance>1603</distance>
        </extensions>
      </trkpt>
      <trkpt lat="22.26893" lon="113.9921075">
        <ele>5</ele>
        <extensions>
          <distance>1628</distance>
        </extensions>
      </trkpt>
      <trkpt lat="22.268720000000002" lon="113.992195">
        <ele>4</ele>
        <extensions>
          <distance>1653</distance>
        </extensions>
      </trkpt>
      <trkpt lat="22.26851" lon="113.99228249999999">
        <ele>4</ele>
        <extensions>
          <distance>1678</distance>
        </extensions>
      </trkpt>
      <trkpt lat="22.2683" lon="113.99237">
        <ele>4</ele>
        <extensions>
          <distance>1703</distance>
        </extensions>
      </trkpt>
      <trkpt lat="22.268205000000002" lon="113.9925">
        <ele>4</ele>
        <extensions>
          <distance>1720</distance>
        </extensions>
      </trkpt>
      <trkpt lat="22.26811" lon="113.99263">
        <ele>4</ele>
        <extensions>
          <distance>1737</distance>
        </extensions>
      </trkpt>
      <trkpt lat="22.26795" lon="113.9926">
        <ele>4</ele>
        <extensions>
          <distance>1755</distance>
        </extensions>
      </trkpt>
      <trkpt lat="22.267944999999997" lon="113.992325">
        <ele>5</ele>
        <extensions>
          <distance>1783</distance>
        </extensions>
      </trkpt>
      <trkpt lat="22.26794" lon="113.99205">
        <ele>7</ele>
        <extensions>
          <distance>1812</distance>
        </extensions>
      </trkpt>
      <trkpt lat="22.267809999999997" lon="113.99189875">
        <ele>7</ele>
        <extensions>
          <distance>1833</distance>
        </extensions>
      </trkpt>
      <trkpt lat="22.26768" lon="113.9917475">
        <ele>7</ele>
        <extensions>
          <distance>1854</distance>
        </extensions>
      </trkpt>
      <trkpt lat="22.26755" lon="113.99159625">
        <ele>7</ele>
        <extensions>
          <distance>1875</distance>
        </extensions>
      </trkpt>
      <trkpt lat="22.26742" lon="113.991445">
        <ele>7</ele>
        <extensions>
          <distance>1896</distance>
        </extensions>
      </trkpt>
      <trkpt lat="22.267290000000003" lon="113.99129375">
        <ele>7</ele>
        <extensions>
          <distance>1918</distance>
        </extensions>
      </trkpt>
      <trkpt lat="22.26716" lon="113.9911425">
        <ele>7</ele>
        <extensions>
          <distance>1939</distance>
        </extensions>
      </trkpt>
      <trkpt lat="22.26703" lon="113.99099125000001">
        <ele>7</ele>
        <extensions>
          <distance>1960</distance>
        </extensions>
      </trkpt>
      <trkpt lat="22.2669" lon="113.99084">
        <ele>7</ele>
        <extensions>
          <distance>1981</distance>
        </extensions>
      </trkpt>
      <trkpt lat="22.266782499999998" lon="113.99076625000001">
        <ele>7</ele>
        <extensions>
          <distance>1996</distance>
        </extensions>
      </trkpt>
      <trkpt lat="22.266665" lon="113.9906925">
        <ele>7</ele>
        <extensions>
          <distance>2011</distance>
        </extensions>
      </trkpt>
      <trkpt lat="22.2665475" lon="113.99061875">
        <ele>7</ele>
        <extensions>
          <distance>2027</distance>
        </extensions>
      </trkpt>
      <trkpt lat="22.26643" lon="113.990545">
        <ele>7</ele>
        <extensions>
          <distance>2042</distance>
        </extensions>
      </trkpt>
      <trkpt lat="22.266312499999998" lon="113.99047125">
        <ele>8</ele>
        <extensions>
          <distance>2057</distance>
        </extensions>
      </trkpt>
      <trkpt lat="22.266195" lon="113.9903975">
        <ele>8</ele>
        <extensions>
          <distance>2072</distance>
        </extensions>
      </trkpt>
      <trkpt lat="22.2660775" lon="113.99032375">
        <ele>8</ele>
        <extensions>
          <distance>2087</distance>
        </extensions>
      </trkpt>
      <trkpt lat="22.265961" lon="113.990246">
        <ele>8</ele>
        <extensions>
          <distance>2102</distance>
        </extensions>
      </trkpt>
      <trkpt lat="22.265813" lon="113.990277">
        <ele>8</ele>
        <extensions>
          <distance>2119</distance>
        </extensions>
      </trkpt>
      <trkpt lat="22.265536" lon="113.990297">
        <ele>8</ele>
        <extensions>
          <distance>2149</distance>
        </extensions>
      </trkpt>
      <trkpt lat="22.265164" lon="113.990292">
        <ele>7</ele>
        <extensions>
          <distance>2191</distance>
        </extensions>
      </trkpt>
      <trkpt lat="22.265068" lon="113.990325">
        <ele>7</ele>
        <extensions>
          <distance>2202</distance>
        </extensions>
      </trkpt>
      <trkpt lat="22.264928" lon="113.990396">
        <ele>6</ele>
        <extensions>
          <distance>2219</distance>
        </extensions>
      </trkpt>
      <trkpt lat="22.264805" lon="113.990491">
        <ele>5</ele>
        <extensions>
          <distance>2236</distance>
        </extensions>
      </trkpt>
      <trkpt lat="22.264751" lon="113.990448">
        <ele>5</ele>
        <extensions>
          <distance>2243</distance>
        </extensions>
      </trkpt>
      <trkpt lat="22.264713" lon="113.990466">
        <ele>5</ele>
        <extensions>
          <distance>2248</distance>
        </extensions>
      </trkpt>
      <trkpt lat="22.264563" lon="113.990572">
        <ele>5</ele>
        <extensions>
          <distance>2268</distance>
        </extensions>
      </trkpt>
      <trkpt lat="22.264508" lon="113.990528">
        <ele>5</ele>
        <extensions>
          <distance>2275</distance>
        </extensions>
      </trkpt>
      <trkpt lat="22.264435" lon="113.990494">
        <ele>5</ele>
        <extensions>
          <distance>2284</distance>
        </extensions>
      </trkpt>
      <trkpt lat="22.264382" lon="113.990626">
        <ele>5</ele>
        <extensions>
          <distance>2299</distance>
        </extensions>
      </trkpt>
      <trkpt lat="22.264181" lon="113.990803">
        <ele>5</ele>
        <extensions>
          <distance>2328</distance>
        </extensions>
      </trkpt>
      <trkpt lat="22.26415" lon="113.990872">
        <ele>5</ele>
        <extensions>
          <distance>2336</distance>
        </extensions>
      </trkpt>
      <trkpt lat="22.263917" lon="113.990883">
        <ele>4</ele>
        <extensions>
          <distance>2361</distance>
        </extensions>
      </trkpt>
      <trkpt lat="22.263831" lon="113.990906">
        <ele>4</ele>
        <extensions>
          <distance>2371</distance>
        </extensions>
      </trkpt>
      <trkpt lat="22.263665" lon="113.99102">
        <ele>4</ele>
        <extensions>
          <distance>2393</distance>
        </extensions>
      </trkpt>
      <trkpt lat="22.263601" lon="113.99108">
        <ele>4</ele>
        <extensions>
          <distance>2402</distance>
        </extensions>
      </trkpt>
      <trkpt lat="22.263559" lon="113.991174">
        <ele>4</ele>
        <extensions>
          <distance>2413</distance>
        </extensions>
      </trkpt>
      <trkpt lat="22.263438" lon="113.991054">
        <ele>4</ele>
        <extensions>
          <distance>2431</distance>
        </extensions>
      </trkpt>
      <trkpt lat="22.263427" lon="113.991043">
        <ele>4</ele>
        <extensions>
          <distance>2433</distance>
        </extensions>
      </trkpt>
      <trkpt lat="22.263391" lon="113.991037">
        <ele>4</ele>
        <extensions>
          <distance>2437</distance>
        </extensions>
      </trkpt>
      <trkpt lat="22.263277" lon="113.990977">
        <ele>5</ele>
        <extensions>
          <distance>2451</distance>
        </extensions>
      </trkpt>
      <trkpt lat="22.263324" lon="113.990923">
        <ele>6</ele>
        <extensions>
          <distance>2459</distance>
        </extensions>
      </trkpt>
      <trkpt lat="22.263448" lon="113.990741">
        <ele>6</ele>
        <extensions>
          <distance>2482</distance>
        </extensions>
      </trkpt>
      <trkpt lat="22.26361" lon="113.990399">
        <ele>8</ele>
        <extensions>
          <distance>2522</distance>
        </extensions>
      </trkpt>
      <trkpt lat="22.263498" lon="113.990348">
        <ele>10</ele>
        <extensions>
          <distance>2535</distance>
        </extensions>
      </trkpt>
      <trkpt lat="22.263489" lon="113.990112">
        <ele>11</ele>
        <extensions>
          <distance>2560</distance>
        </extensions>
      </trkpt>
      <trkpt lat="22.263574" lon="113.989836">
        <ele>11</ele>
        <extensions>
          <distance>2590</distance>
        </extensions>
      </trkpt>
      <trkpt lat="22.263571" lon="113.989768">
        <ele>12</ele>
        <extensions>
          <distance>2597</distance>
        </extensions>
      </trkpt>
      <trkpt lat="22.263484" lon="113.989604">
        <ele>14</ele>
        <extensions>
          <distance>2616</distance>
        </extensions>
      </trkpt>
      <trkpt lat="22.263409" lon="113.989545">
        <ele>15</ele>
        <extensions>
          <distance>2627</distance>
        </extensions>
      </trkpt>
      <trkpt lat="22.263353" lon="113.989469">
        <ele>17</ele>
        <extensions>
          <distance>2637</distance>
        </extensions>
      </trkpt>
      <trkpt lat="22.263148" lon="113.989234">
        <ele>19</ele>
        <extensions>
          <distance>2670</distance>
        </extensions>
      </trkpt>
      <trkpt lat="22.262804" lon="113.98899">
        <ele>19</ele>
        <extensions>
          <distance>2716</distance>
        </extensions>
      </trkpt>
      <trkpt lat="22.262711" lon="113.989067">
        <ele>20</ele>
        <extensions>
          <distance>2729</distance>
        </extensions>
      </trkpt>
      <trkpt lat="22.262523" lon="113.988974">
        <ele>21</ele>
        <extensions>
          <distance>2752</distance>
        </extensions>
      </trkpt>
      <trkpt lat="22.262419" lon="113.988963">
        <ele>23</ele>
        <extensions>
          <distance>2763</distance>
        </extensions>
      </trkpt>
      <trkpt lat="22.26233" lon="113.988938">
        <ele>24</ele>
        <extensions>
          <distance>2774</distance>
        </extensions>
      </trkpt>
      <trkpt lat="22.262148" lon="113.988849">
        <ele>26</ele>
        <extensions>
          <distance>2796</distance>
        </extensions>
      </trkpt>
      <trkpt lat="22.262083" lon="113.988861">
        <ele>27</ele>
        <extensions>
          <distance>2803</distance>
        </extensions>
      </trkpt>
      <trkpt lat="22.261858" lon="113.988791">
        <ele>30</ele>
        <extensions>
          <distance>2829</distance>
        </extensions>
      </trkpt>
      <trkpt lat="22.261713" lon="113.988788">
        <ele>32</ele>
        <extensions>
          <distance>2846</distance>
        </extensions>
      </trkpt>
      <trkpt lat="22.261508" lon="113.988806">
        <ele>36</ele>
        <extensions>
          <distance>2869</distance>
        </extensions>
      </trkpt>
      <trkpt lat="22.261304" lon="113.988776">
        <ele>38</ele>
        <extensions>
          <distance>2892</distance>
        </extensions>
      </trkpt>
      <trkpt lat="22.261101" lon="113.988792">
        <ele>43</ele>
        <extensions>
          <distance>2915</distance>
        </extensions>
      </trkpt>
      <trkpt lat="22.26095" lon="113.988774">
        <ele>47</ele>
        <extensions>
          <distance>2932</distance>
        </extensions>
      </trkpt>
      <trkpt lat="22.260901" lon="113.988817">
        <ele>49</ele>
        <extensions>
          <distance>2939</distance>
        </extensions>
      </trkpt>
      <trkpt lat="22.260627" lon="113.988724">
        <ele>53</ele>
        <extensions>
          <distance>2971</distance>
        </extensions>
      </trkpt>
      <trkpt lat="22.26042" lon="113.988737">
        <ele>54</ele>
        <extensions>
          <distance>2994</distance>
        </extensions>
      </trkpt>
      <trkpt lat="22.260338" lon="113.988663">
        <ele>56</ele>
        <extensions>
          <distance>3006</distance>
        </extensions>
      </trkpt>
      <trkpt lat="22.25976" lon="113.98858">
        <ele>72</ele>
        <extensions>
          <distance>3073</distance>
        </extensions>
      </trkpt>
      <trkpt lat="22.259714" lon="113.988458">
        <ele>74</ele>
        <extensions>
          <distance>3087</distance>
        </extensions>
      </trkpt>
      <trkpt lat="22.259416" lon="113.988242">
        <ele>75</ele>
        <extensions>
          <distance>3126</distance>
        </extensions>
      </trkpt>
      <trkpt lat="22.259156" lon="113.988069">
        <ele>77</ele>
        <extensions>
          <distance>3160</distance>
        </extensions>
      </trkpt>
      <trkpt lat="22.258777" lon="113.988186">
        <ele>92</ele>
        <extensions>
          <distance>3206</distance>
        </extensions>
      </trkpt>
      <trkpt lat="22.258555" lon="113.988364">
        <ele>101</ele>
        <extensions>
          <distance>3238</distance>
        </extensions>
      </trkpt>
      <trkpt lat="22.258352" lon="113.988593">
        <ele>110</ele>
        <extensions>
          <distance>3272</distance>
        </extensions>
      </trkpt>
      <trkpt lat="22.258038" lon="113.988818">
        <ele>119</ele>
        <extensions>
          <distance>3315</distance>
        </extensions>
      </trkpt>
      <trkpt lat="22.257743" lon="113.988607">
        <ele>120</ele>
        <extensions>
          <distance>3354</distance>
        </extensions>
      </trkpt>
      <trkpt lat="22.257368" lon="113.988397">
        <ele>123</ele>
        <extensions>
          <distance>3401</distance>
        </extensions>
      </trkpt>
      <trkpt lat="22.25713" lon="113.98819">
        <ele>123</ele>
        <extensions>
          <distance>3435</distance>
        </extensions>
      </trkpt>
      <trkpt lat="22.2569375" lon="113.9880775">
        <ele>126</ele>
        <extensions>
          <distance>3459</distance>
        </extensions>
      </trkpt>
      <trkpt lat="22.25675375" lon="113.98795375">
        <ele>131</ele>
        <extensions>
          <distance>3484</distance>
        </extensions>
      </trkpt>
      <trkpt lat="22.25657" lon="113.98783">
        <ele>136</ele>
        <extensions>
          <distance>3508</distance>
        </extensions>
      </trkpt>
      <trkpt lat="22.2566" lon="113.987615">
        <ele>136</ele>
        <extensions>
          <distance>3531</distance>
        </extensions>
      </trkpt>
      <trkpt lat="22.25663" lon="113.98740000000001">
        <ele>136</ele>
        <extensions>
          <distance>3553</distance>
        </extensions>
      </trkpt>
      <trkpt lat="22.25666" lon="113.98718500000001">
        <ele>136</ele>
        <extensions>
          <distance>3576</distance>
        </extensions>
      </trkpt>
      <trkpt lat="22.25669" lon="113.98697">
        <ele>136</ele>
        <extensions>
          <distance>3598</distance>
        </extensions>
      </trkpt>
      <trkpt lat="22.25685" lon="113.98678000000001">
        <ele>136</ele>
        <extensions>
          <distance>3625</distance>
        </extensions>
      </trkpt>
      <trkpt lat="22.25701" lon="113.98659">
        <ele>134</ele>
        <extensions>
          <distance>3651</distance>
        </extensions>
      </trkpt>
      <trkpt lat="22.257005" lon="113.986425">
        <ele>132</ele>
        <extensions>
          <distance>3668</distance>
        </extensions>
      </trkpt>
      <trkpt lat="22.256999999999998" lon="113.98626">
        <ele>132</ele>
        <extensions>
          <distance>3685</distance>
        </extensions>
      </trkpt>
      <trkpt lat="22.256994999999996" lon="113.986095">
        <ele>132</ele>
        <extensions>
          <distance>3702</distance>
        </extensions>
      </trkpt>
      <trkpt lat="22.25699" lon="113.98593">
        <ele>132</ele>
        <extensions>
          <distance>3719</distance>
        </extensions>
      </trkpt>
      <trkpt lat="22.25696" lon="113.98593">
        <ele>132</ele>
        <extensions>
          <distance>3722</distance>
        </extensions>
      </trkpt>
      <trkpt lat="22.2568925" lon="113.98579">
        <ele>136</ele>
        <extensions>
          <distance>3739</distance>
        </extensions>
      </trkpt>
      <trkpt lat="22.256825" lon="113.98564999999999">
        <ele>139</ele>
        <extensions>
          <distance>3755</distance>
        </extensions>
      </trkpt>
      <trkpt lat="22.2567575" lon="113.98551">
        <ele>141</ele>
        <extensions>
          <distance>3772</distance>
        </extensions>
      </trkpt>
      <trkpt lat="22.25669" lon="113.98537">
        <ele>141</ele>
        <extensions>
          <distance>3788</distance>
        </extensions>
      </trkpt>
      <trkpt lat="22.256752499999997" lon="113.98524">
        <ele>143</ele>
        <extensions>
          <distance>3803</distance>
        </extensions>
      </trkpt>
      <trkpt lat="22.256815" lon="113.98510999999999">
        <ele>145</ele>
        <extensions>
          <distance>3818</distance>
        </extensions>
      </trkpt>
      <trkpt lat="22.2568775" lon="113.98498">
        <ele>146</ele>
        <extensions>
          <distance>3833</distance>
        </extensions>
      </trkpt>
      <trkpt lat="22.25694" lon="113.98485">
        <ele>150</ele>
        <extensions>
          <distance>3849</distance>
        </extensions>
      </trkpt>
      <trkpt lat="22.256909999999998" lon="113.98470499999999">
        <ele>152</ele>
        <extensions>
          <distance>3864</distance>
        </extensions>
      </trkpt>
      <trkpt lat="22.25688" lon="113.98456">
        <ele>152</ele>
        <extensions>
          <distance>3880</distance>
        </extensions>
      </trkpt>
      <trkpt lat="22.257025" lon="113.98438999999999">
        <ele>152</ele>
        <extensions>
          <distance>3904</distance>
        </extensions>
      </trkpt>
      <trkpt lat="22.257170000000002" lon="113.98422">
        <ele>152</ele>
        <extensions>
          <distance>3927</distance>
        </extensions>
      </trkpt>
      <trkpt lat="22.257315000000002" lon="113.98405">
        <ele>152</ele>
        <extensions>
          <distance>3951</distance>
        </extensions>
      </trkpt>
      <trkpt lat="22.257460000000002" lon="113.98388">
        <ele>151</ele>
        <extensions>
          <distance>3975</distance>
        </extensions>
      </trkpt>
      <trkpt lat="22.257605" lon="113.98371">
        <ele>151</ele>
        <extensions>
          <distance>3999</distance>
        </extensions>
      </trkpt>
      <trkpt lat="22.25775" lon="113.98354">
        <ele>151</ele>
        <extensions>
          <distance>4022</distance>
        </extensions>
      </trkpt>
      <trkpt lat="22.257895" lon="113.98337000000001">
        <ele>151</ele>
        <extensions>
          <distance>4046</distance>
        </extensions>
      </trkpt>
      <trkpt lat="22.25804" lon="113.9832">
        <ele>155</ele>
        <extensions>
          <distance>4070</distance>
        </extensions>
      </trkpt>
      <trkpt lat="22.258035" lon="113.98293">
        <ele>162</ele>
        <extensions>
          <distance>4099</distance>
        </extensions>
      </trkpt>
      <trkpt lat="22.25803" lon="113.98266">
        <ele>168</ele>
        <extensions>
          <distance>4127</distance>
        </extensions>
      </trkpt>
      <trkpt lat="22.2578625" lon="113.982675">
        <ele>168</ele>
        <extensions>
          <distance>4146</distance>
        </extensions>
      </trkpt>
      <trkpt lat="22.257695" lon="113.98268999999999">
        <ele>168</ele>
        <extensions>
          <distance>4164</distance>
        </extensions>
      </trkpt>
      <trkpt lat="22.2575275" lon="113.982705">
        <ele>169</ele>
        <extensions>
          <distance>4183</distance>
        </extensions>
      </trkpt>
      <trkpt lat="22.25736" lon="113.98272">
        <ele>169</ele>
        <extensions>
          <distance>4202</distance>
        </extensions>
      </trkpt>
      <trkpt lat="22.25725" lon="113.98257">
        <ele>169</ele>
        <extensions>
          <distance>4221</distance>
        </extensions>
      </trkpt>
      <trkpt lat="22.25725375" lon="113.98240625">
        <ele>171</ele>
        <extensions>
          <distance>4238</distance>
        </extensions>
      </trkpt>
      <trkpt lat="22.2572575" lon="113.9822425">
        <ele>178</ele>
        <extensions>
          <distance>4257</distance>
        </extensions>
      </trkpt>
      <trkpt lat="22.25726125" lon="113.98207875">
        <ele>183</ele>
        <extensions>
          <distance>4274</distance>
        </extensions>
      </trkpt>
      <trkpt lat="22.257265" lon="113.981915">
        <ele>188</ele>
        <extensions>
          <distance>4292</distance>
        </extensions>
      </trkpt>
      <trkpt lat="22.25726875" lon="113.98175125">
        <ele>192</ele>
        <extensions>
          <distance>4309</distance>
        </extensions>
      </trkpt>
      <trkpt lat="22.2572725" lon="113.9815875">
        <ele>197</ele>
        <extensions>
          <distance>4327</distance>
        </extensions>
      </trkpt>
      <trkpt lat="22.25727625" lon="113.98142375">
        <ele>202</ele>
        <extensions>
          <distance>4344</distance>
        </extensions>
      </trkpt>
      <trkpt lat="22.25728" lon="113.98126">
        <ele>204</ele>
        <extensions>
          <distance>4361</distance>
        </extensions>
      </trkpt>
      <trkpt lat="22.25705" lon="113.98113">
        <ele>206</ele>
        <extensions>
          <distance>4390</distance>
        </extensions>
      </trkpt>
      <trkpt lat="22.25707" lon="113.98093">
        <ele>207</ele>
        <extensions>
          <distance>4411</distance>
        </extensions>
      </trkpt>
      <trkpt lat="22.2572525" lon="113.9807975">
        <ele>213</ele>
        <extensions>
          <distance>4436</distance>
        </extensions>
      </trkpt>
      <trkpt lat="22.257435" lon="113.980665">
        <ele>216</ele>
        <extensions>
          <distance>4461</distance>
        </extensions>
      </trkpt>
      <trkpt lat="22.257617500000002" lon="113.98053250000001">
        <ele>220</ele>
        <extensions>
          <distance>4485</distance>
        </extensions>
      </trkpt>
      <trkpt lat="22.2578" lon="113.9804">
        <ele>224</ele>
        <extensions>
          <distance>4510</distance>
        </extensions>
      </trkpt>
      <trkpt lat="22.257892499999997" lon="113.98025375">
        <ele>226</ele>
        <extensions>
          <distance>4528</distance>
        </extensions>
      </trkpt>
      <trkpt lat="22.257984999999998" lon="113.9801075">
        <ele>226</ele>
        <extensions>
          <distance>4547</distance>
        </extensions>
      </trkpt>
      <trkpt lat="22.2580775" lon="113.97996125">
        <ele>227</ele>
        <extensions>
          <distance>4565</distance>
        </extensions>
      </trkpt>
      <trkpt lat="22.25817" lon="113.979815">
        <ele>229</ele>
        <extensions>
          <distance>4583</distance>
        </extensions>
      </trkpt>
      <trkpt lat="22.2582625" lon="113.97966875">
        <ele>231</ele>
        <extensions>
          <distance>4602</distance>
        </extensions>
      </trkpt>
      <trkpt lat="22.258355" lon="113.9795225">
        <ele>235</ele>
        <extensions>
          <distance>4620</distance>
        </extensions>
      </trkpt>
      <trkpt lat="22.258447500000003" lon="113.97937625">
        <ele>237</ele>
        <extensions>
          <distance>4639</distance>
        </extensions>
      </trkpt>
      <trkpt lat="22.25854" lon="113.97923">
        <ele>240</ele>
        <extensions>
          <distance>4657</distance>
        </extensions>
      </trkpt>
      <trkpt lat="22.25848" lon="113.97903">
        <ele>240</ele>
        <extensions>
          <distance>4679</distance>
        </extensions>
      </trkpt>
      <trkpt lat="22.25842" lon="113.97883">
        <ele>240</ele>
        <extensions>
          <distance>4700</distance>
        </extensions>
      </trkpt>
      <trkpt lat="22.25848" lon="113.97867">
        <ele>243</ele>
        <extensions>
          <distance>4718</distance>
        </extensions>
      </trkpt>
      <trkpt lat="22.25854" lon="113.97851">
        <ele>243</ele>
        <extensions>
          <distance>4736</distance>
        </extensions>
      </trkpt>
      <trkpt lat="22.2586" lon="113.97835">
        <ele>247</ele>
        <extensions>
          <distance>4754</distance>
        </extensions>
      </trkpt>
      <trkpt lat="22.25866" lon="113.97819">
        <ele>249</ele>
        <extensions>
          <distance>4772</distance>
        </extensions>
      </trkpt>
      <trkpt lat="22.2585725" lon="113.97801">
        <ele>249</ele>
        <extensions>
          <distance>4793</distance>
        </extensions>
      </trkpt>
      <trkpt lat="22.258485" lon="113.97783">
        <ele>249</ele>
        <extensions>
          <distance>4814</distance>
        </extensions>
      </trkpt>
      <trkpt lat="22.2583975" lon="113.97765">
        <ele>249</ele>
        <extensions>
          <distance>4835</distance>
        </extensions>
      </trkpt>
      <trkpt lat="22.25831" lon="113.97747">
        <ele>249</ele>
        <extensions>
          <distance>4856</distance>
        </extensions>
      </trkpt>
      <trkpt lat="22.2581725" lon="113.9773725">
        <ele>248</ele>
        <extensions>
          <distance>4874</distance>
        </extensions>
      </trkpt>
      <trkpt lat="22.258035" lon="113.97727499999999">
        <ele>246</ele>
        <extensions>
          <distance>4892</distance>
        </extensions>
      </trkpt>
      <trkpt lat="22.2578975" lon="113.9771775">
        <ele>246</ele>
        <extensions>
          <distance>4910</distance>
        </extensions>
      </trkpt>
      <trkpt lat="22.25776" lon="113.97708">
        <ele>246</ele>
        <extensions>
          <distance>4929</distance>
        </extensions>
      </trkpt>
      <trkpt lat="22.257825" lon="113.976835">
        <ele>246</ele>
        <extensions>
          <distance>4955</distance>
        </extensions>
      </trkpt>
      <trkpt lat="22.25789" lon="113.97659">
        <ele>250</ele>
        <extensions>
          <distance>4981</distance>
        </extensions>
      </trkpt>
      <trkpt lat="22.257955" lon="113.97634500000001">
        <ele>250</ele>
        <extensions>
          <distance>5008</distance>
        </extensions>
      </trkpt>
      <trkpt lat="22.25802" lon="113.9761">
        <ele>252</ele>
        <extensions>
          <distance>5034</distance>
        </extensions>
      </trkpt>
      <trkpt lat="22.257855" lon="113.976095">
        <ele>252</ele>
        <extensions>
          <distance>5052</distance>
        </extensions>
      </trkpt>
      <trkpt lat="22.25769" lon="113.97609">
        <ele>252</ele>
        <extensions>
          <distance>5070</distance>
        </extensions>
      </trkpt>
      <trkpt lat="22.257559999999998" lon="113.975955">
        <ele>255</ele>
        <extensions>
          <distance>5090</distance>
        </extensions>
      </trkpt>
      <trkpt lat="22.25743" lon="113.97582">
        <ele>255</ele>
        <extensions>
          <distance>5110</distance>
        </extensions>
      </trkpt>
      <trkpt lat="22.25746" lon="113.97555">
        <ele>258</ele>
        <extensions>
          <distance>5139</distance>
        </extensions>
      </trkpt>
      <trkpt lat="22.25725" lon="113.9754525">
        <ele>258</ele>
        <extensions>
          <distance>5164</distance>
        </extensions>
      </trkpt>
      <trkpt lat="22.25704" lon="113.97535500000001">
        <ele>258</ele>
        <extensions>
          <distance>5189</distance>
        </extensions>
      </trkpt>
      <trkpt lat="22.25683" lon="113.9752575">
        <ele>259</ele>
        <extensions>
          <distance>5215</distance>
        </extensions>
      </trkpt>
      <trkpt lat="22.25662" lon="113.97516">
        <ele>259</ele>
        <extensions>
          <distance>5240</distance>
        </extensions>
      </trkpt>
      <trkpt lat="22.256595" lon="113.97492500000001">
        <ele>259</ele>
        <extensions>
          <distance>5264</distance>
        </extensions>
      </trkpt>
      <trkpt lat="22.25657" lon="113.97469000000001">
        <ele>262</ele>
        <extensions>
          <distance>5289</distance>
        </extensions>
      </trkpt>
      <trkpt lat="22.256545" lon="113.974455">
        <ele>264</ele>
        <extensions>
          <distance>5313</distance>
        </extensions>
      </trkpt>
      <trkpt lat="22.25652" lon="113.97422">
        <ele>264</ele>
        <extensions>
          <distance>5338</distance>
        </extensions>
      </trkpt>
      <trkpt lat="22.256344999999996" lon="113.97426625">
        <ele>264</ele>
        <extensions>
          <distance>5358</distance>
        </extensions>
      </trkpt>
      <trkpt lat="22.256169999999997" lon="113.9743125">
        <ele>264</ele>
        <extensions>
          <distance>5378</distance>
        </extensions>
      </trkpt>
      <trkpt lat="22.255995" lon="113.97435875">
        <ele>261</ele>
        <extensions>
          <distance>5398</distance>
        </extensions>
      </trkpt>
      <trkpt lat="22.25582" lon="113.974405">
        <ele>260</ele>
        <extensions>
          <distance>5418</distance>
        </extensions>
      </trkpt>
      <trkpt lat="22.255645" lon="113.97445125000002">
        <ele>260</ele>
        <extensions>
          <distance>5437</distance>
        </extensions>
      </trkpt>
      <trkpt lat="22.255470000000003" lon="113.97449750000001">
        <ele>260</ele>
        <extensions>
          <distance>5457</distance>
        </extensions>
      </trkpt>
      <trkpt lat="22.255295000000004" lon="113.97454375000001">
        <ele>260</ele>
        <extensions>
          <distance>5477</distance>
        </extensions>
      </trkpt>
      <trkpt lat="22.25512" lon="113.97459">
        <ele>260</ele>
        <extensions>
          <distance>5497</distance>
        </extensions>
      </trkpt>
      <trkpt lat="22.254912500000003" lon="113.974405">
        <ele>272</ele>
        <extensions>
          <distance>5528</distance>
        </extensions>
      </trkpt>
      <trkpt lat="22.254705" lon="113.97422">
        <ele>272</ele>
        <extensions>
          <distance>5558</distance>
        </extensions>
      </trkpt>
      <trkpt lat="22.2544975" lon="113.974035">
        <ele>272</ele>
        <extensions>
          <distance>5588</distance>
        </extensions>
      </trkpt>
      <trkpt lat="22.25429" lon="113.97385">
        <ele>272</ele>
        <extensions>
          <distance>5617</distance>
        </extensions>
      </trkpt>
      <trkpt lat="22.254055" lon="113.97378499999999">
        <ele>272</ele>
        <extensions>
          <distance>5644</distance>
        </extensions>
      </trkpt>
      <trkpt lat="22.25382" lon="113.97372">
        <ele>272</ele>
        <extensions>
          <distance>5671</distance>
        </extensions>
      </trkpt>
      <trkpt lat="22.2536675" lon="113.97350750000001">
        <ele>274</ele>
        <extensions>
          <distance>5699</distance>
        </extensions>
      </trkpt>
      <trkpt lat="22.253515" lon="113.97329500000001">
        <ele>274</ele>
        <extensions>
          <distance>5727</distance>
        </extensions>
      </trkpt>
      <trkpt lat="22.2533625" lon="113.9730825">
        <ele>278</ele>
        <extensions>
          <distance>5754</distance>
        </extensions>
      </trkpt>
      <trkpt lat="22.25321" lon="113.97287">
        <ele>278</ele>
        <extensions>
          <distance>5782</distance>
        </extensions>
      </trkpt>
      <trkpt lat="22.253255" lon="113.97258500000001">
        <ele>279</ele>
        <extensions>
          <distance>5812</distance>
        </extensions>
      </trkpt>
      <trkpt lat="22.2533" lon="113.9723">
        <ele>282</ele>
        <extensions>
          <distance>5842</distance>
        </extensions>
      </trkpt>
      <trkpt lat="22.2531575" lon="113.97225750000001">
        <ele>282</ele>
        <extensions>
          <distance>5858</distance>
        </extensions>
      </trkpt>
      <trkpt lat="22.253014999999998" lon="113.972215">
        <ele>282</ele>
        <extensions>
          <distance>5874</distance>
        </extensions>
      </trkpt>
      <trkpt lat="22.2528725" lon="113.9721725">
        <ele>282</ele>
        <extensions>
          <distance>5891</distance>
        </extensions>
      </trkpt>
      <trkpt lat="22.25273" lon="113.97213">
        <ele>278</ele>
        <extensions>
          <distance>5907</distance>
        </extensions>
      </trkpt>
      <trkpt lat="22.25254" lon="113.971925">
        <ele>278</ele>
        <extensions>
          <distance>5937</distance>
        </extensions>
      </trkpt>
      <trkpt lat="22.25235" lon="113.97172">
        <ele>278</ele>
        <extensions>
          <distance>5967</distance>
        </extensions>
      </trkpt>
      <trkpt lat="22.2524075" lon="113.971565">
        <ele>278</ele>
        <extensions>
          <distance>5984</distance>
        </extensions>
      </trkpt>
      <trkpt lat="22.252465" lon="113.97141">
        <ele>279</ele>
        <extensions>
          <distance>6001</distance>
        </extensions>
      </trkpt>
      <trkpt lat="22.252522499999998" lon="113.97125500000001">
        <ele>283</ele>
        <extensions>
          <distance>6019</distance>
        </extensions>
      </trkpt>
      <trkpt lat="22.25258" lon="113.9711">
        <ele>287</ele>
        <extensions>
          <distance>6037</distance>
        </extensions>
      </trkpt>
      <trkpt lat="22.25237" lon="113.97094750000001">
        <ele>287</ele>
        <extensions>
          <distance>6065</distance>
        </extensions>
      </trkpt>
      <trkpt lat="22.25216" lon="113.97079500000001">
        <ele>289</ele>
        <extensions>
          <distance>6093</distance>
        </extensions>
      </trkpt>
      <trkpt lat="22.25195" lon="113.9706425">
        <ele>290</ele>
        <extensions>
          <distance>6121</distance>
        </extensions>
      </trkpt>
      <trkpt lat="22.25174" lon="113.97049">
        <ele>294</ele>
        <extensions>
          <distance>6149</distance>
        </extensions>
      </trkpt>
      <trkpt lat="22.25175" lon="113.970315">
        <ele>296</ele>
        <extensions>
          <distance>6167</distance>
        </extensions>
      </trkpt>
      <trkpt lat="22.25176" lon="113.97014">
        <ele>302</ele>
        <extensions>
          <distance>6187</distance>
        </extensions>
      </trkpt>
      <trkpt lat="22.25166" lon="113.96991">
        <ele>305</ele>
        <extensions>
          <distance>6213</distance>
        </extensions>
      </trkpt>
      <trkpt lat="22.251559999999998" lon="113.96968000000001">
        <ele>308</ele>
        <extensions>
          <distance>6239</distance>
        </extensions>
      </trkpt>
      <trkpt lat="22.251459999999998" lon="113.96945000000001">
        <ele>309</ele>
        <extensions>
          <distance>6265</distance>
        </extensions>
      </trkpt>
      <trkpt lat="22.25136" lon="113.96922">
        <ele>312</ele>
        <extensions>
          <distance>6292</distance>
        </extensions>
      </trkpt>
      <trkpt lat="22.25126" lon="113.96899">
        <ele>313</ele>
        <extensions>
          <distance>6318</distance>
        </extensions>
      </trkpt>
      <trkpt lat="22.25116" lon="113.96876">
        <ele>316</ele>
        <extensions>
          <distance>6344</distance>
        </extensions>
      </trkpt>
      <trkpt lat="22.25106" lon="113.96853">
        <ele>316</ele>
        <extensions>
          <distance>6370</distance>
        </extensions>
      </trkpt>
      <trkpt lat="22.25096" lon="113.9683">
        <ele>316</ele>
        <extensions>
          <distance>6397</distance>
        </extensions>
      </trkpt>
      <trkpt lat="22.250822499999998" lon="113.968385">
        <ele>316</ele>
        <extensions>
          <distance>6414</distance>
        </extensions>
      </trkpt>
      <trkpt lat="22.250684999999997" lon="113.96847">
        <ele>314</ele>
        <extensions>
          <distance>6432</distance>
        </extensions>
      </trkpt>
      <trkpt lat="22.250547499999996" lon="113.968555">
        <ele>313</ele>
        <extensions>
          <distance>6449</distance>
        </extensions>
      </trkpt>
      <trkpt lat="22.25041" lon="113.96864">
        <ele>313</ele>
        <extensions>
          <distance>6467</distance>
        </extensions>
      </trkpt>
      <trkpt lat="22.250275000000002" lon="113.96849499999999">
        <ele>313</ele>
        <extensions>
          <distance>6488</distance>
        </extensions>
      </trkpt>
      <trkpt lat="22.250140000000002" lon="113.96834999999999">
        <ele>313</ele>
        <extensions>
          <distance>6509</distance>
        </extensions>
      </trkpt>
      <trkpt lat="22.250005" lon="113.96820499999998">
        <ele>316</ele>
        <extensions>
          <distance>6530</distance>
        </extensions>
      </trkpt>
      <trkpt lat="22.24987" lon="113.96806">
        <ele>320</ele>
        <extensions>
          <distance>6552</distance>
        </extensions>
      </trkpt>
      <trkpt lat="22.249782500000002" lon="113.96787499999999">
        <ele>329</ele>
        <extensions>
          <distance>6575</distance>
        </extensions>
      </trkpt>
      <trkpt lat="22.249695000000003" lon="113.96769">
        <ele>337</ele>
        <extensions>
          <distance>6598</distance>
        </extensions>
      </trkpt>
      <trkpt lat="22.249607500000003" lon="113.967505">
        <ele>340</ele>
        <extensions>
          <distance>6620</distance>
        </extensions>
      </trkpt>
      <trkpt lat="22.24952" lon="113.96732">
        <ele>340</ele>
        <extensions>
          <distance>6641</distance>
        </extensions>
      </trkpt>
      <trkpt lat="22.249607500000003" lon="113.96711">
        <ele>340</ele>
        <extensions>
          <distance>6665</distance>
        </extensions>
      </trkpt>
      <trkpt lat="22.249695000000003" lon="113.96690000000001">
        <ele>341</ele>
        <extensions>
          <distance>6688</distance>
        </extensions>
      </trkpt>
      <trkpt lat="22.249782500000002" lon="113.96669">
        <ele>341</ele>
        <extensions>
          <distance>6712</distance>
        </extensions>
      </trkpt>
      <trkpt lat="22.24987" lon="113.96648">
        <ele>341</ele>
        <extensions>
          <distance>6736</distance>
        </extensions>
      </trkpt>
      <trkpt lat="22.249765" lon="113.96635">
        <ele>341</ele>
        <extensions>
          <distance>6754</distance>
        </extensions>
      </trkpt>
      <trkpt lat="22.24966" lon="113.96622">
        <ele>344</ele>
        <extensions>
          <distance>6771</distance>
        </extensions>
      </trkpt>
      <trkpt lat="22.249755" lon="113.965985">
        <ele>345</ele>
        <extensions>
          <distance>6798</distance>
        </extensions>
      </trkpt>
      <trkpt lat="22.24985" lon="113.96575">
        <ele>346</ele>
        <extensions>
          <distance>6824</distance>
        </extensions>
      </trkpt>
      <trkpt lat="22.249699999999997" lon="113.965565">
        <ele>349</ele>
        <extensions>
          <distance>6850</distance>
        </extensions>
      </trkpt>
      <trkpt lat="22.24955" lon="113.96538">
        <ele>350</ele>
        <extensions>
          <distance>6875</distance>
        </extensions>
      </trkpt>
      <trkpt lat="22.249555" lon="113.96516499999998">
        <ele>351</ele>
        <extensions>
          <distance>6897</distance>
        </extensions>
      </trkpt>
      <trkpt lat="22.24956" lon="113.96494999999999">
        <ele>351</ele>
        <extensions>
          <distance>6919</distance>
        </extensions>
      </trkpt>
      <trkpt lat="22.249564999999997" lon="113.96473499999999">
        <ele>356</ele>
        <extensions>
          <distance>6942</distance>
        </extensions>
      </trkpt>
      <trkpt lat="22.24957" lon="113.96452">
        <ele>357</ele>
        <extensions>
          <distance>6964</distance>
        </extensions>
      </trkpt>
      <trkpt lat="22.2497275" lon="113.9643825">
        <ele>361</ele>
        <extensions>
          <distance>6987</distance>
        </extensions>
      </trkpt>
      <trkpt lat="22.249885" lon="113.964245">
        <ele>362</ele>
        <extensions>
          <distance>7009</distance>
        </extensions>
      </trkpt>
      <trkpt lat="22.2500425" lon="113.96410750000001">
        <ele>362</ele>
        <extensions>
          <distance>7032</distance>
        </extensions>
      </trkpt>
      <trkpt lat="22.2502" lon="113.96397">
        <ele>363</ele>
        <extensions>
          <distance>7054</distance>
        </extensions>
      </trkpt>
      <trkpt lat="22.25037" lon="113.96400750000001">
        <ele>368</ele>
        <extensions>
          <distance>7074</distance>
        </extensions>
      </trkpt>
      <trkpt lat="22.25054" lon="113.964045">
        <ele>374</ele>
        <extensions>
          <distance>7094</distance>
        </extensions>
      </trkpt>
      <trkpt lat="22.250709999999998" lon="113.96408249999999">
        <ele>374</ele>
        <extensions>
          <distance>7113</distance>
        </extensions>
      </trkpt>
      <trkpt lat="22.25088" lon="113.96412">
        <ele>374</ele>
        <extensions>
          <distance>7133</distance>
        </extensions>
      </trkpt>
      <trkpt lat="22.251129999999996" lon="113.9640225">
        <ele>376</ele>
        <extensions>
          <distance>7162</distance>
        </extensions>
      </trkpt>
      <trkpt lat="22.251379999999997" lon="113.96392499999999">
        <ele>376</ele>
        <extensions>
          <distance>7192</distance>
        </extensions>
      </trkpt>
      <trkpt lat="22.25163" lon="113.9638275">
        <ele>376</ele>
        <extensions>
          <distance>7221</distance>
        </extensions>
      </trkpt>
      <trkpt lat="22.25188" lon="113.96373">
        <ele>376</ele>
        <extensions>
          <distance>7251</distance>
        </extensions>
      </trkpt>
      <trkpt lat="22.2518725" lon="113.9635375">
        <ele>374</ele>
        <extensions>
          <distance>7270</distance>
        </extensions>
      </trkpt>
      <trkpt lat="22.251865000000002" lon="113.963345">
        <ele>374</ele>
        <extensions>
          <distance>7290</distance>
        </extensions>
      </trkpt>
      <trkpt lat="22.2518575" lon="113.9631525">
        <ele>374</ele>
        <extensions>
          <distance>7310</distance>
        </extensions>
      </trkpt>
      <trkpt lat="22.25185" lon="113.96296">
        <ele>373</ele>
        <extensions>
          <distance>7330</distance>
        </extensions>
      </trkpt>
      <trkpt lat="22.251755000000003" lon="113.9628275">
        <ele>369</ele>
        <extensions>
          <distance>7348</distance>
        </extensions>
      </trkpt>
      <trkpt lat="22.25166" lon="113.962695">
        <ele>369</ele>
        <extensions>
          <distance>7365</distance>
        </extensions>
      </trkpt>
      <trkpt lat="22.251565" lon="113.96256249999999">
        <ele>369</ele>
        <extensions>
          <distance>7382</distance>
        </extensions>
      </trkpt>
      <trkpt lat="22.25147" lon="113.96243">
        <ele>369</ele>
        <extensions>
          <distance>7399</distance>
        </extensions>
      </trkpt>
      <trkpt lat="22.251545" lon="113.962175">
        <ele>369</ele>
        <extensions>
          <distance>7427</distance>
        </extensions>
      </trkpt>
      <trkpt lat="22.25162" lon="113.96192">
        <ele>369</ele>
        <extensions>
          <distance>7455</distance>
        </extensions>
      </trkpt>
      <trkpt lat="22.251402499999998" lon="113.96181000000001">
        <ele>369</ele>
        <extensions>
          <distance>7481</distance>
        </extensions>
      </trkpt>
      <trkpt lat="22.251185" lon="113.96170000000001">
        <ele>369</ele>
        <extensions>
          <distance>7508</distance>
        </extensions>
      </trkpt>
      <trkpt lat="22.2509675" lon="113.96159">
        <ele>369</ele>
        <extensions>
          <distance>7534</distance>
        </extensions>
      </trkpt>
      <trkpt lat="22.25075" lon="113.96148">
        <ele>369</ele>
        <extensions>
          <distance>7561</distance>
        </extensions>
      </trkpt>
      <trkpt lat="22.250745000000002" lon="113.96125">
        <ele>365</ele>
        <extensions>
          <distance>7585</distance>
        </extensions>
      </trkpt>
      <trkpt lat="22.25074" lon="113.96102">
        <ele>365</ele>
        <extensions>
          <distance>7608</distance>
        </extensions>
      </trkpt>
      <trkpt lat="22.250625" lon="113.960915">
        <ele>365</ele>
        <extensions>
          <distance>7625</distance>
        </extensions>
      </trkpt>
      <trkpt lat="22.25051" lon="113.96081">
        <ele>363</ele>
        <extensions>
          <distance>7642</distance>
        </extensions>
      </trkpt>
      <trkpt lat="22.25059" lon="113.960565">
        <ele>359</ele>
        <extensions>
          <distance>7669</distance>
        </extensions>
      </trkpt>
      <trkpt lat="22.25067" lon="113.96032">
        <ele>359</ele>
        <extensions>
          <distance>7696</distance>
        </extensions>
      </trkpt>
      <trkpt lat="22.250505" lon="113.96019">
        <ele>356</ele>
        <extensions>
          <distance>7719</distance>
        </extensions>
      </trkpt>
      <trkpt lat="22.25034" lon="113.96006">
        <ele>354</ele>
        <extensions>
          <distance>7741</distance>
        </extensions>
      </trkpt>
      <trkpt lat="22.250175" lon="113.95993">
        <ele>348</ele>
        <extensions>
          <distance>7765</distance>
        </extensions>
      </trkpt>
      <trkpt lat="22.25001" lon="113.9598">
        <ele>348</ele>
        <extensions>
          <distance>7787</distance>
        </extensions>
      </trkpt>
      <trkpt lat="22.249992499999998" lon="113.9596375">
        <ele>348</ele>
        <extensions>
          <distance>7804</distance>
        </extensions>
      </trkpt>
      <trkpt lat="22.249975" lon="113.959475">
        <ele>348</ele>
        <extensions>
          <distance>7821</distance>
        </extensions>
      </trkpt>
      <trkpt lat="22.2499575" lon="113.9593125">
        <ele>350</ele>
        <extensions>
          <distance>7838</distance>
        </extensions>
      </trkpt>
      <trkpt lat="22.24994" lon="113.95915">
        <ele>350</ele>
        <extensions>
          <distance>7855</distance>
        </extensions>
      </trkpt>
      <trkpt lat="22.249769999999998" lon="113.959035">
        <ele>350</ele>
        <extensions>
          <distance>7877</distance>
        </extensions>
      </trkpt>
      <trkpt lat="22.2496" lon="113.95892">
        <ele>350</ele>
        <extensions>
          <distance>7899</distance>
        </extensions>
      </trkpt>
      <trkpt lat="22.249445" lon="113.9589425">
        <ele>348</ele>
        <extensions>
          <distance>7917</distance>
        </extensions>
      </trkpt>
      <trkpt lat="22.249290000000002" lon="113.958965">
        <ele>345</ele>
        <extensions>
          <distance>7934</distance>
        </extensions>
      </trkpt>
      <trkpt lat="22.249135000000003" lon="113.9589875">
        <ele>343</ele>
        <extensions>
          <distance>7952</distance>
        </extensions>
      </trkpt>
      <trkpt lat="22.24898" lon="113.95901">
        <ele>343</ele>
        <extensions>
          <distance>7969</distance>
        </extensions>
      </trkpt>
      <trkpt lat="22.24893375" lon="113.95885750000001">
        <ele>343</ele>
        <extensions>
          <distance>7986</distance>
        </extensions>
      </trkpt>
      <trkpt lat="22.248887500000002" lon="113.95870500000001">
        <ele>343</ele>
        <extensions>
          <distance>8002</distance>
        </extensions>
      </trkpt>
      <trkpt lat="22.24884125" lon="113.95855250000001">
        <ele>344</ele>
        <extensions>
          <distance>8019</distance>
        </extensions>
      </trkpt>
      <trkpt lat="22.248795" lon="113.95840000000001">
        <ele>346</ele>
        <extensions>
          <distance>8035</distance>
        </extensions>
      </trkpt>
      <trkpt lat="22.24874875" lon="113.95824750000001">
        <ele>346</ele>
        <extensions>
          <distance>8052</distance>
        </extensions>
      </trkpt>
      <trkpt lat="22.2487025" lon="113.95809500000001">
        <ele>347</ele>
        <extensions>
          <distance>8068</distance>
        </extensions>
      </trkpt>
      <trkpt lat="22.24865625" lon="113.9579425">
        <ele>347</ele>
        <extensions>
          <distance>8085</distance>
        </extensions>
      </trkpt>
      <trkpt lat="22.24861" lon="113.95779">
        <ele>349</ele>
        <extensions>
          <distance>8101</distance>
        </extensions>
      </trkpt>
      <trkpt lat="22.2486775" lon="113.95755750000001">
        <ele>350</ele>
        <extensions>
          <distance>8127</distance>
        </extensions>
      </trkpt>
      <trkpt lat="22.248745" lon="113.957325">
        <ele>355</ele>
        <extensions>
          <distance>8152</distance>
        </extensions>
      </trkpt>
      <trkpt lat="22.2488125" lon="113.9570925">
        <ele>357</ele>
        <extensions>
          <distance>8177</distance>
        </extensions>
      </trkpt>
      <trkpt lat="22.24888" lon="113.95686">
        <ele>357</ele>
        <extensions>
          <distance>8202</distance>
        </extensions>
      </trkpt>
      <trkpt lat="22.2487675" lon="113.9566525">
        <ele>357</ele>
        <extensions>
          <distance>8227</distance>
        </extensions>
      </trkpt>
      <trkpt lat="22.248655" lon="113.956445">
        <ele>358</ele>
        <extensions>
          <distance>8252</distance>
        </extensions>
      </trkpt>
      <trkpt lat="22.2485425" lon="113.9562375">
        <ele>358</ele>
        <extensions>
          <distance>8277</distance>
        </extensions>
      </trkpt>
      <trkpt lat="22.24843" lon="113.95603">
        <ele>358</ele>
        <extensions>
          <distance>8302</distance>
        </extensions>
      </trkpt>
      <trkpt lat="22.24848" lon="113.955815">
        <ele>363</ele>
        <extensions>
          <distance>8325</distance>
        </extensions>
      </trkpt>
      <trkpt lat="22.24853" lon="113.9556">
        <ele>363</ele>
        <extensions>
          <distance>8347</distance>
        </extensions>
      </trkpt>
      <trkpt lat="22.2483675" lon="113.9556025">
        <ele>363</ele>
        <extensions>
          <distance>8365</distance>
        </extensions>
      </trkpt>
      <trkpt lat="22.248205" lon="113.95560499999999">
        <ele>363</ele>
        <extensions>
          <distance>8383</distance>
        </extensions>
      </trkpt>
      <trkpt lat="22.248042499999997" lon="113.95560749999999">
        <ele>362</ele>
        <extensions>
          <distance>8401</distance>
        </extensions>
      </trkpt>
      <trkpt lat="22.24788" lon="113.95561">
        <ele>358</ele>
        <extensions>
          <distance>8420</distance>
        </extensions>
      </trkpt>
      <trkpt lat="22.247756250000002" lon="113.95551375">
        <ele>358</ele>
        <extensions>
          <distance>8437</distance>
        </extensions>
      </trkpt>
      <trkpt lat="22.2476325" lon="113.9554175">
        <ele>356</ele>
        <extensions>
          <distance>8454</distance>
        </extensions>
      </trkpt>
      <trkpt lat="22.24750875" lon="113.95532125">
        <ele>355</ele>
        <extensions>
          <distance>8471</distance>
        </extensions>
      </trkpt>
      <trkpt lat="22.247385" lon="113.955225">
        <ele>355</ele>
        <extensions>
          <distance>8488</distance>
        </extensions>
      </trkpt>
      <trkpt lat="22.24726125" lon="113.95512875">
        <ele>355</ele>
        <extensions>
          <distance>8504</distance>
        </extensions>
      </trkpt>
      <trkpt lat="22.2471375" lon="113.9550325">
        <ele>355</ele>
        <extensions>
          <distance>8521</distance>
        </extensions>
      </trkpt>
      <trkpt lat="22.24701375" lon="113.95493625">
        <ele>356</ele>
        <extensions>
          <distance>8538</distance>
        </extensions>
      </trkpt>
      <trkpt lat="22.24689" lon="113.95484">
        <ele>357</ele>
        <extensions>
          <distance>8555</distance>
        </extensions>
      </trkpt>
      <trkpt lat="22.24684375" lon="113.95469750000001">
        <ele>358</ele>
        <extensions>
          <distance>8571</distance>
        </extensions>
      </trkpt>
      <trkpt lat="22.2467975" lon="113.954555">
        <ele>360</ele>
        <extensions>
          <distance>8587</distance>
        </extensions>
      </trkpt>
      <trkpt lat="22.24675125" lon="113.9544125">
        <ele>361</ele>
        <extensions>
          <distance>8602</distance>
        </extensions>
      </trkpt>
      <trkpt lat="22.246705" lon="113.95427000000001">
        <ele>365</ele>
        <extensions>
          <distance>8618</distance>
        </extensions>
      </trkpt>
      <trkpt lat="22.246658749999998" lon="113.9541275">
        <ele>366</ele>
        <extensions>
          <distance>8634</distance>
        </extensions>
      </trkpt>
      <trkpt lat="22.246612499999998" lon="113.953985">
        <ele>366</ele>
        <extensions>
          <distance>8649</distance>
        </extensions>
      </trkpt>
      <trkpt lat="22.24656625" lon="113.95384250000001">
        <ele>366</ele>
        <extensions>
          <distance>8665</distance>
        </extensions>
      </trkpt>
      <trkpt lat="22.24652" lon="113.9537">
        <ele>366</ele>
        <extensions>
          <distance>8680</distance>
        </extensions>
      </trkpt>
      <trkpt lat="22.24642625" lon="113.95357375">
        <ele>363</ele>
        <extensions>
          <distance>8697</distance>
        </extensions>
      </trkpt>
      <trkpt lat="22.2463325" lon="113.9534475">
        <ele>360</ele>
        <extensions>
          <distance>8714</distance>
        </extensions>
      </trkpt>
      <trkpt lat="22.24623875" lon="113.95332124999999">
        <ele>358</ele>
        <extensions>
          <distance>8731</distance>
        </extensions>
      </trkpt>
      <trkpt lat="22.246145" lon="113.953195">
        <ele>358</ele>
        <extensions>
          <distance>8747</distance>
        </extensions>
      </trkpt>
      <trkpt lat="22.24605125" lon="113.95306875">
        <ele>358</ele>
        <extensions>
          <distance>8764</distance>
        </extensions>
      </trkpt>
      <trkpt lat="22.2459575" lon="113.9529425">
        <ele>358</ele>
        <extensions>
          <distance>8781</distance>
        </extensions>
      </trkpt>
      <trkpt lat="22.245863749999998" lon="113.95281625000001">
        <ele>358</ele>
        <extensions>
          <distance>8797</distance>
        </extensions>
      </trkpt>
      <trkpt lat="22.24577" lon="113.95269">
        <ele>358</ele>
        <extensions>
          <distance>8814</distance>
        </extensions>
      </trkpt>
      <trkpt lat="22.245525" lon="113.952745">
        <ele>358</ele>
        <extensions>
          <distance>8842</distance>
        </extensions>
      </trkpt>
      <trkpt lat="22.24528" lon="113.9528">
        <ele>358</ele>
        <extensions>
          <distance>8870</distance>
        </extensions>
      </trkpt>
      <trkpt lat="22.245095" lon="113.95268">
        <ele>359</ele>
        <extensions>
          <distance>8893</distance>
        </extensions>
      </trkpt>
      <trkpt lat="22.24491" lon="113.95256">
        <ele>359</ele>
        <extensions>
          <distance>8917</distance>
        </extensions>
      </trkpt>
      <trkpt lat="22.244934999999998" lon="113.95280500000001">
        <ele>359</ele>
        <extensions>
          <distance>8943</distance>
        </extensions>
      </trkpt>
      <trkpt lat="22.24496" lon="113.95305">
        <ele>357</ele>
        <extensions>
          <distance>8968</distance>
        </extensions>
      </trkpt>
      <trkpt lat="22.244819999999997" lon="113.95315">
        <ele>357</ele>
        <extensions>
          <distance>8987</distance>
        </extensions>
      </trkpt>
      <trkpt lat="22.24468" lon="113.95325">
        <ele>357</ele>
        <extensions>
          <distance>9005</distance>
        </extensions>
      </trkpt>
      <trkpt lat="22.244515" lon="113.95315">
        <ele>358</ele>
        <extensions>
          <distance>9026</distance>
        </extensions>
      </trkpt>
      <trkpt lat="22.244349999999997" lon="113.95304999999999">
        <ele>358</ele>
        <extensions>
          <distance>9047</distance>
        </extensions>
      </trkpt>
      <trkpt lat="22.244184999999998" lon="113.95294999999999">
        <ele>358</ele>
        <extensions>
          <distance>9068</distance>
        </extensions>
      </trkpt>
      <trkpt lat="22.24402" lon="113.95285">
        <ele>359</ele>
        <extensions>
          <distance>9089</distance>
        </extensions>
      </trkpt>
      <trkpt lat="22.243969999999997" lon="113.95262">
        <ele>362</ele>
        <extensions>
          <distance>9114</distance>
        </extensions>
      </trkpt>
      <trkpt lat="22.24392" lon="113.95239">
        <ele>362</ele>
        <extensions>
          <distance>9138</distance>
        </extensions>
      </trkpt>
      <trkpt lat="22.243975" lon="113.952245">
        <ele>363</ele>
        <extensions>
          <distance>9154</distance>
        </extensions>
      </trkpt>
      <trkpt lat="22.244030000000002" lon="113.9521">
        <ele>364</ele>
        <extensions>
          <distance>9171</distance>
        </extensions>
      </trkpt>
      <trkpt lat="22.244085000000002" lon="113.951955">
        <ele>364</ele>
        <extensions>
          <distance>9187</distance>
        </extensions>
      </trkpt>
      <trkpt lat="22.24414" lon="113.95181">
        <ele>364</ele>
        <extensions>
          <distance>9203</distance>
        </extensions>
      </trkpt>
      <trkpt lat="22.2441175" lon="113.95163375">
        <ele>364</ele>
        <extensions>
          <distance>9221</distance>
        </extensions>
      </trkpt>
      <trkpt lat="22.244095" lon="113.9514575">
        <ele>366</ele>
        <extensions>
          <distance>9240</distance>
        </extensions>
      </trkpt>
      <trkpt lat="22.2440725" lon="113.95128125">
        <ele>368</ele>
        <extensions>
          <distance>9258</distance>
        </extensions>
      </trkpt>
      <trkpt lat="22.24405" lon="113.951105">
        <ele>369</ele>
        <extensions>
          <distance>9276</distance>
        </extensions>
      </trkpt>
      <trkpt lat="22.2440275" lon="113.95092875">
        <ele>369</ele>
        <extensions>
          <distance>9295</distance>
        </extensions>
      </trkpt>
      <trkpt lat="22.244005" lon="113.9507525">
        <ele>369</ele>
        <extensions>
          <distance>9313</distance>
        </extensions>
      </trkpt>
      <trkpt lat="22.2439825" lon="113.95057625">
        <ele>369</ele>
        <extensions>
          <distance>9331</distance>
        </extensions>
      </trkpt>
      <trkpt lat="22.24396" lon="113.9504">
        <ele>366</ele>
        <extensions>
          <distance>9350</distance>
        </extensions>
      </trkpt>
      <trkpt lat="22.2441325" lon="113.950335">
        <ele>366</ele>
        <extensions>
          <distance>9370</distance>
        </extensions>
      </trkpt>
      <trkpt lat="22.244305" lon="113.95027">
        <ele>366</ele>
        <extensions>
          <distance>9390</distance>
        </extensions>
      </trkpt>
      <trkpt lat="22.244477500000002" lon="113.95020500000001">
        <ele>365</ele>
        <extensions>
          <distance>9411</distance>
        </extensions>
      </trkpt>
      <trkpt lat="22.24465" lon="113.95014">
        <ele>365</ele>
        <extensions>
          <distance>9431</distance>
        </extensions>
      </trkpt>
      <trkpt lat="22.244795" lon="113.94995">
        <ele>362</ele>
        <extensions>
          <distance>9456</distance>
        </extensions>
      </trkpt>
      <trkpt lat="22.24494" lon="113.94976">
        <ele>358</ele>
        <extensions>
          <distance>9482</distance>
        </extensions>
      </trkpt>
      <trkpt lat="22.24509625" lon="113.94970875">
        <ele>358</ele>
        <extensions>
          <distance>9500</distance>
        </extensions>
      </trkpt>
      <trkpt lat="22.2452525" lon="113.9496575">
        <ele>357</ele>
        <extensions>
          <distance>9518</distance>
        </extensions>
      </trkpt>
      <trkpt lat="22.24540875" lon="113.94960625">
        <ele>357</ele>
        <extensions>
          <distance>9536</distance>
        </extensions>
      </trkpt>
      <trkpt lat="22.245565" lon="113.949555">
        <ele>357</ele>
        <extensions>
          <distance>9554</distance>
        </extensions>
      </trkpt>
      <trkpt lat="22.24572125" lon="113.94950375">
        <ele>357</ele>
        <extensions>
          <distance>9572</distance>
        </extensions>
      </trkpt>
      <trkpt lat="22.2458775" lon="113.9494525">
        <ele>357</ele>
        <extensions>
          <distance>9590</distance>
        </extensions>
      </trkpt>
      <trkpt lat="22.24603375" lon="113.94940125">
        <ele>360</ele>
        <extensions>
          <distance>9609</distance>
        </extensions>
      </trkpt>
      <trkpt lat="22.24619" lon="113.94935">
        <ele>362</ele>
        <extensions>
          <distance>9627</distance>
        </extensions>
      </trkpt>
      <trkpt lat="22.246235" lon="113.949195">
        <ele>362</ele>
        <extensions>
          <distance>9643</distance>
        </extensions>
      </trkpt>
      <trkpt lat="22.24628" lon="113.94904">
        <ele>362</ele>
        <extensions>
          <distance>9660</distance>
        </extensions>
      </trkpt>
      <trkpt lat="22.246325" lon="113.94888499999999">
        <ele>362</ele>
        <extensions>
          <distance>9677</distance>
        </extensions>
      </trkpt>
      <trkpt lat="22.24637" lon="113.94873">
        <ele>362</ele>
        <extensions>
          <distance>9694</distance>
        </extensions>
      </trkpt>
      <trkpt lat="22.246415" lon="113.948575">
        <ele>360</ele>
        <extensions>
          <distance>9710</distance>
        </extensions>
      </trkpt>
      <trkpt lat="22.24646" lon="113.94842">
        <ele>358</ele>
        <extensions>
          <distance>9727</distance>
        </extensions>
      </trkpt>
      <trkpt lat="22.246505" lon="113.94826499999999">
        <ele>358</ele>
        <extensions>
          <distance>9744</distance>
        </extensions>
      </trkpt>
      <trkpt lat="22.24655" lon="113.94811">
        <ele>358</ele>
        <extensions>
          <distance>9761</distance>
        </extensions>
      </trkpt>
      <trkpt lat="22.246765" lon="113.94815750000001">
        <ele>358</ele>
        <extensions>
          <distance>9785</distance>
        </extensions>
      </trkpt>
      <trkpt lat="22.24698" lon="113.948205">
        <ele>358</ele>
        <extensions>
          <distance>9809</distance>
        </extensions>
      </trkpt>
      <trkpt lat="22.247194999999998" lon="113.9482525">
        <ele>360</ele>
        <extensions>
          <distance>9834</distance>
        </extensions>
      </trkpt>
      <trkpt lat="22.24741" lon="113.9483">
        <ele>364</ele>
        <extensions>
          <distance>9858</distance>
        </extensions>
      </trkpt>
      <trkpt lat="22.2475375" lon="113.94825">
        <ele>364</ele>
        <extensions>
          <distance>9873</distance>
        </extensions>
      </trkpt>
      <trkpt lat="22.247664999999998" lon="113.9482">
        <ele>366</ele>
        <extensions>
          <distance>9888</distance>
        </extensions>
      </trkpt>
      <trkpt lat="22.2477925" lon="113.94815">
        <ele>368</ele>
        <extensions>
          <distance>9904</distance>
        </extensions>
      </trkpt>
      <trkpt lat="22.24792" lon="113.9481">
        <ele>368</ele>
        <extensions>
          <distance>9919</distance>
        </extensions>
      </trkpt>
      <trkpt lat="22.2478625" lon="113.94786375">
        <ele>368</ele>
        <extensions>
          <distance>9944</distance>
        </extensions>
      </trkpt>
      <trkpt lat="22.247805" lon="113.9476275">
        <ele>368</ele>
        <extensions>
          <distance>9969</distance>
        </extensions>
      </trkpt>
      <trkpt lat="22.2477475" lon="113.94739125">
        <ele>367</ele>
        <extensions>
          <distance>9994</distance>
        </extensions>
      </trkpt>
      <trkpt lat="22.24769" lon="113.947155">
        <ele>360</ele>
        <extensions>
          <distance>10020</distance>
        </extensions>
      </trkpt>
      <trkpt lat="22.247632499999998" lon="113.94691875">
        <ele>356</ele>
        <extensions>
          <distance>10046</distance>
        </extensions>
      </trkpt>
      <trkpt lat="22.247574999999998" lon="113.9466825">
        <ele>353</ele>
        <extensions>
          <distance>10071</distance>
        </extensions>
      </trkpt>
      <trkpt lat="22.2475175" lon="113.94644625">
        <ele>353</ele>
        <extensions>
          <distance>10096</distance>
        </extensions>
      </trkpt>
      <trkpt lat="22.24746" lon="113.94621">
        <ele>352</ele>
        <extensions>
          <distance>10122</distance>
        </extensions>
      </trkpt>
      <trkpt lat="22.247547500000003" lon="113.9460775">
        <ele>352</ele>
        <extensions>
          <distance>10138</distance>
        </extensions>
      </trkpt>
      <trkpt lat="22.247635000000002" lon="113.945945">
        <ele>351</ele>
        <extensions>
          <distance>10155</distance>
        </extensions>
      </trkpt>
      <trkpt lat="22.247722500000002" lon="113.94581249999999">
        <ele>350</ele>
        <extensions>
          <distance>10172</distance>
        </extensions>
      </trkpt>
      <trkpt lat="22.24781" lon="113.94568">
        <ele>350</ele>
        <extensions>
          <distance>10189</distance>
        </extensions>
      </trkpt>
      <trkpt lat="22.24783375" lon="113.94553375">
        <ele>348</ele>
        <extensions>
          <distance>10204</distance>
        </extensions>
      </trkpt>
      <trkpt lat="22.247857500000002" lon="113.9453875">
        <ele>346</ele>
        <extensions>
          <distance>10219</distance>
        </extensions>
      </trkpt>
      <trkpt lat="22.247881250000002" lon="113.94524125">
        <ele>345</ele>
        <extensions>
          <distance>10235</distance>
        </extensions>
      </trkpt>
      <trkpt lat="22.247905000000003" lon="113.945095">
        <ele>345</ele>
        <extensions>
          <distance>10250</distance>
        </extensions>
      </trkpt>
      <trkpt lat="22.247928750000003" lon="113.94494875">
        <ele>345</ele>
        <extensions>
          <distance>10265</distance>
        </extensions>
      </trkpt>
      <trkpt lat="22.247952500000004" lon="113.9448025">
        <ele>345</ele>
        <extensions>
          <distance>10281</distance>
        </extensions>
      </trkpt>
      <trkpt lat="22.24797625" lon="113.94465625">
        <ele>346</ele>
        <extensions>
          <distance>10296</distance>
        </extensions>
      </trkpt>
      <trkpt lat="22.248" lon="113.94451">
        <ele>347</ele>
        <extensions>
          <distance>10311</distance>
        </extensions>
      </trkpt>
      <trkpt lat="22.248105000000002" lon="113.9442975">
        <ele>347</ele>
        <extensions>
          <distance>10336</distance>
        </extensions>
      </trkpt>
      <trkpt lat="22.24821" lon="113.944085">
        <ele>347</ele>
        <extensions>
          <distance>10361</distance>
        </extensions>
      </trkpt>
      <trkpt lat="22.248314999999998" lon="113.9438725">
        <ele>347</ele>
        <extensions>
          <distance>10386</distance>
        </extensions>
      </trkpt>
      <trkpt lat="22.24842" lon="113.94366">
        <ele>344</ele>
        <extensions>
          <distance>10410</distance>
        </extensions>
      </trkpt>
      <trkpt lat="22.248445" lon="113.943455">
        <ele>340</ele>
        <extensions>
          <distance>10432</distance>
        </extensions>
      </trkpt>
      <trkpt lat="22.24847" lon="113.94325">
        <ele>336</ele>
        <extensions>
          <distance>10454</distance>
        </extensions>
      </trkpt>
      <trkpt lat="22.2483" lon="113.943275">
        <ele>334</ele>
        <extensions>
          <distance>10473</distance>
        </extensions>
      </trkpt>
      <trkpt lat="22.24813" lon="113.9433">
        <ele>334</ele>
        <extensions>
          <distance>10492</distance>
        </extensions>
      </trkpt>
      <trkpt lat="22.2482325" lon="113.94318999999999">
        <ele>333</ele>
        <extensions>
          <distance>10508</distance>
        </extensions>
      </trkpt>
      <trkpt lat="22.248334999999997" lon="113.94308">
        <ele>333</ele>
        <extensions>
          <distance>10524</distance>
        </extensions>
      </trkpt>
      <trkpt lat="22.248437499999998" lon="113.94297">
        <ele>333</ele>
        <extensions>
          <distance>10540</distance>
        </extensions>
      </trkpt>
      <trkpt lat="22.24854" lon="113.94286">
        <ele>333</ele>
        <extensions>
          <distance>10556</distance>
        </extensions>
      </trkpt>
      <trkpt lat="22.248325" lon="113.94298">
        <ele>333</ele>
        <extensions>
          <distance>10583</distance>
        </extensions>
      </trkpt>
      <trkpt lat="22.24811" lon="113.9431">
        <ele>331</ele>
        <extensions>
          <distance>10610</distance>
        </extensions>
      </trkpt>
      <trkpt lat="22.24785" lon="113.94305">
        <ele>331</ele>
        <extensions>
          <distance>10639</distance>
        </extensions>
      </trkpt>
      <trkpt lat="22.24759" lon="113.943">
        <ele>331</ele>
        <extensions>
          <distance>10668</distance>
        </extensions>
      </trkpt>
      <trkpt lat="22.2476" lon="113.94274">
        <ele>331</ele>
        <extensions>
          <distance>10695</distance>
        </extensions>
      </trkpt>
      <trkpt lat="22.24761" lon="113.94248">
        <ele>339</ele>
        <extensions>
          <distance>10722</distance>
        </extensions>
      </trkpt>
      <trkpt lat="22.24747" lon="113.94227000000001">
        <ele>342</ele>
        <extensions>
          <distance>10749</distance>
        </extensions>
      </trkpt>
      <trkpt lat="22.24733" lon="113.94206">
        <ele>342</ele>
        <extensions>
          <distance>10776</distance>
        </extensions>
      </trkpt>
      <trkpt lat="22.247175" lon="113.942155">
        <ele>342</ele>
        <extensions>
          <distance>10795</distance>
        </extensions>
      </trkpt>
      <trkpt lat="22.24702" lon="113.94225">
        <ele>342</ele>
        <extensions>
          <distance>10815</distance>
        </extensions>
      </trkpt>
      <trkpt lat="22.24687" lon="113.942354">
        <ele>342</ele>
        <extensions>
          <distance>10835</distance>
        </extensions>
      </trkpt>
      <trkpt lat="22.246715" lon="113.942444">
        <ele>342</ele>
        <extensions>
          <distance>10854</distance>
        </extensions>
      </trkpt>
      <trkpt lat="22.246546" lon="113.942433">
        <ele>341</ele>
        <extensions>
          <distance>10873</distance>
        </extensions>
      </trkpt>
      <trkpt lat="22.246462" lon="113.942338">
        <ele>340</ele>
        <extensions>
          <distance>10887</distance>
        </extensions>
      </trkpt>
      <trkpt lat="22.246375" lon="113.942283">
        <ele>339</ele>
        <extensions>
          <distance>10898</distance>
        </extensions>
      </trkpt>
      <trkpt lat="22.246252" lon="113.942335">
        <ele>339</ele>
        <extensions>
          <distance>10913</distance>
        </extensions>
      </trkpt>
      <trkpt lat="22.246005" lon="113.942329">
        <ele>338</ele>
        <extensions>
          <distance>10940</distance>
        </extensions>
      </trkpt>
      <trkpt lat="22.245922" lon="113.942274">
        <ele>338</ele>
        <extensions>
          <distance>10951</distance>
        </extensions>
      </trkpt>
      <trkpt lat="22.245852" lon="113.942177">
        <ele>338</ele>
        <extensions>
          <distance>10963</distance>
        </extensions>
      </trkpt>
      <trkpt lat="22.245836" lon="113.941985">
        <ele>338</ele>
        <extensions>
          <distance>10983</distance>
        </extensions>
      </trkpt>
      <trkpt lat="22.245759" lon="113.941851">
        <ele>338</ele>
        <extensions>
          <distance>11000</distance>
        </extensions>
      </trkpt>
      <trkpt lat="22.245675" lon="113.941779">
        <ele>338</ele>
        <extensions>
          <distance>11011</distance>
        </extensions>
      </trkpt>
      <trkpt lat="22.24564" lon="113.941625">
        <ele>338</ele>
        <extensions>
          <distance>11028</distance>
        </extensions>
      </trkpt>
      <trkpt lat="22.245641" lon="113.941478">
        <ele>338</ele>
        <extensions>
          <distance>11043</distance>
        </extensions>
      </trkpt>
      <trkpt lat="22.245596" lon="113.941362">
        <ele>338</ele>
        <extensions>
          <distance>11056</distance>
        </extensions>
      </trkpt>
      <trkpt lat="22.245602" lon="113.941298">
        <ele>338</ele>
        <extensions>
          <distance>11063</distance>
        </extensions>
      </trkpt>
      <trkpt lat="22.245709" lon="113.941232">
        <ele>339</ele>
        <extensions>
          <distance>11076</distance>
        </extensions>
      </trkpt>
      <trkpt lat="22.245798" lon="113.941014">
        <ele>339</ele>
        <extensions>
          <distance>11101</distance>
        </extensions>
      </trkpt>
      <trkpt lat="22.245726" lon="113.940844">
        <ele>339</ele>
        <extensions>
          <distance>11120</distance>
        </extensions>
      </trkpt>
      <trkpt lat="22.245634" lon="113.940734">
        <ele>339</ele>
        <extensions>
          <distance>11135</distance>
        </extensions>
      </trkpt>
      <trkpt lat="22.245532" lon="113.940468">
        <ele>339</ele>
        <extensions>
          <distance>11165</distance>
        </extensions>
      </trkpt>
      <trkpt lat="22.245503" lon="113.940233">
        <ele>339</ele>
        <extensions>
          <distance>11189</distance>
        </extensions>
      </trkpt>
      <trkpt lat="22.245613" lon="113.940055">
        <ele>339</ele>
        <extensions>
          <distance>11211</distance>
        </extensions>
      </trkpt>
      <trkpt lat="22.245478" lon="113.939688">
        <ele>338</ele>
        <extensions>
          <distance>11252</distance>
        </extensions>
      </trkpt>
      <trkpt lat="22.245437" lon="113.939722">
        <ele>338</ele>
        <extensions>
          <distance>11258</distance>
        </extensions>
      </trkpt>
      <trkpt lat="22.245405" lon="113.939728">
        <ele>338</ele>
        <extensions>
          <distance>11261</distance>
        </extensions>
      </trkpt>
      <trkpt lat="22.245329" lon="113.939774">
        <ele>336</ele>
        <extensions>
          <distance>11271</distance>
        </extensions>
      </trkpt>
      <trkpt lat="22.24515" lon="113.939827">
        <ele>336</ele>
        <extensions>
          <distance>11292</distance>
        </extensions>
      </trkpt>
      <trkpt lat="22.245067" lon="113.939814">
        <ele>335</ele>
        <extensions>
          <distance>11301</distance>
        </extensions>
      </trkpt>
      <trkpt lat="22.245016" lon="113.939725">
        <ele>334</ele>
        <extensions>
          <distance>11312</distance>
        </extensions>
      </trkpt>
      <trkpt lat="22.244896" lon="113.939735">
        <ele>334</ele>
        <extensions>
          <distance>11325</distance>
        </extensions>
      </trkpt>
      <trkpt lat="22.244781" lon="113.939922">
        <ele>331</ele>
        <extensions>
          <distance>11348</distance>
        </extensions>
      </trkpt>
      <trkpt lat="22.244513" lon="113.93992">
        <ele>330</ele>
        <extensions>
          <distance>11378</distance>
        </extensions>
      </trkpt>
      <trkpt lat="22.244364" lon="113.940002">
        <ele>330</ele>
        <extensions>
          <distance>11397</distance>
        </extensions>
      </trkpt>
      <trkpt lat="22.244235" lon="113.939992">
        <ele>330</ele>
        <extensions>
          <distance>11411</distance>
        </extensions>
      </trkpt>
      <trkpt lat="22.244144" lon="113.939836">
        <ele>330</ele>
        <extensions>
          <distance>11430</distance>
        </extensions>
      </trkpt>
      <trkpt lat="22.243957" lon="113.939802">
        <ele>332</ele>
        <extensions>
          <distance>11451</distance>
        </extensions>
      </trkpt>
      <trkpt lat="22.243897" lon="113.939844">
        <ele>333</ele>
        <extensions>
          <distance>11459</distance>
        </extensions>
      </trkpt>
      <trkpt lat="22.243668" lon="113.939724">
        <ele>342</ele>
        <extensions>
          <distance>11489</distance>
        </extensions>
      </trkpt>
      <trkpt lat="22.243604" lon="113.939712">
        <ele>344</ele>
        <extensions>
          <distance>11496</distance>
        </extensions>
      </trkpt>
      <trkpt lat="22.243558" lon="113.939716">
        <ele>344</ele>
        <extensions>
          <distance>11501</distance>
        </extensions>
      </trkpt>
      <trkpt lat="22.243545" lon="113.939721">
        <ele>344</ele>
        <extensions>
          <distance>11503</distance>
        </extensions>
      </trkpt>
      <trkpt lat="22.243525" lon="113.93976">
        <ele>344</ele>
        <extensions>
          <distance>11507</distance>
        </extensions>
      </trkpt>
      <trkpt lat="22.243511" lon="113.939816">
        <ele>342</ele>
        <extensions>
          <distance>11513</distance>
        </extensions>
      </trkpt>
      <trkpt lat="22.243428" lon="113.939968">
        <ele>337</ele>
        <extensions>
          <distance>11532</distance>
        </extensions>
      </trkpt>
      <trkpt lat="22.243188" lon="113.94021">
        <ele>334</ele>
        <extensions>
          <distance>11569</distance>
        </extensions>
      </trkpt>
      <trkpt lat="22.243168" lon="113.940245">
        <ele>333</ele>
        <extensions>
          <distance>11573</distance>
        </extensions>
      </trkpt>
      <trkpt lat="22.243051" lon="113.940312">
        <ele>333</ele>
        <extensions>
          <distance>11588</distance>
        </extensions>
      </trkpt>
      <trkpt lat="22.243009" lon="113.940365">
        <ele>332</ele>
        <extensions>
          <distance>11595</distance>
        </extensions>
      </trkpt>
      <trkpt lat="22.242973" lon="113.940447">
        <ele>332</ele>
        <extensions>
          <distance>11604</distance>
        </extensions>
      </trkpt>
      <trkpt lat="22.242947" lon="113.940469">
        <ele>329</ele>
        <extensions>
          <distance>11608</distance>
        </extensions>
      </trkpt>
      <trkpt lat="22.242787" lon="113.940493">
        <ele>329</ele>
        <extensions>
          <distance>11626</distance>
        </extensions>
      </trkpt>
      <trkpt lat="22.242716" lon="113.940571">
        <ele>328</ele>
        <extensions>
          <distance>11637</distance>
        </extensions>
      </trkpt>
      <trkpt lat="22.242517" lon="113.940533">
        <ele>328</ele>
        <extensions>
          <distance>11660</distance>
        </extensions>
      </trkpt>
      <trkpt lat="22.24244" lon="113.940512">
        <ele>328</ele>
        <extensions>
          <distance>11669</distance>
        </extensions>
      </trkpt>
      <trkpt lat="22.242398" lon="113.94049">
        <ele>328</ele>
        <extensions>
          <distance>11674</distance>
        </extensions>
      </trkpt>
      <trkpt lat="22.242322" lon="113.940492">
        <ele>327</ele>
        <extensions>
          <distance>11682</distance>
        </extensions>
      </trkpt>
      <trkpt lat="22.242177" lon="113.940566">
        <ele>327</ele>
        <extensions>
          <distance>11700</distance>
        </extensions>
      </trkpt>
      <trkpt lat="22.242096" lon="113.940745">
        <ele>322</ele>
        <extensions>
          <distance>11721</distance>
        </extensions>
      </trkpt>
      <trkpt lat="22.242054" lon="113.940811">
        <ele>320</ele>
        <extensions>
          <distance>11729</distance>
        </extensions>
      </trkpt>
      <trkpt lat="22.24201" lon="113.940841">
        <ele>319</ele>
        <extensions>
          <distance>11735</distance>
        </extensions>
      </trkpt>
      <trkpt lat="22.241883" lon="113.940907">
        <ele>319</ele>
        <extensions>
          <distance>11751</distance>
        </extensions>
      </trkpt>
      <trkpt lat="22.241844" lon="113.940939">
        <ele>319</ele>
        <extensions>
          <distance>11756</distance>
        </extensions>
      </trkpt>
      <trkpt lat="22.241717" lon="113.940976">
        <ele>318</ele>
        <extensions>
          <distance>11771</distance>
        </extensions>
      </trkpt>
      <trkpt lat="22.241687" lon="113.940975">
        <ele>318</ele>
        <extensions>
          <distance>11774</distance>
        </extensions>
      </trkpt>
      <trkpt lat="22.241203" lon="113.940534">
        <ele>317</ele>
        <extensions>
          <distance>11844</distance>
        </extensions>
      </trkpt>
      <trkpt lat="22.241116" lon="113.940473">
        <ele>317</ele>
        <extensions>
          <distance>11856</distance>
        </extensions>
      </trkpt>
      <trkpt lat="22.241071" lon="113.940416">
        <ele>317</ele>
        <extensions>
          <distance>11864</distance>
        </extensions>
      </trkpt>
      <trkpt lat="22.240977" lon="113.940374">
        <ele>314</ele>
        <extensions>
          <distance>11875</distance>
        </extensions>
      </trkpt>
      <trkpt lat="22.240904" lon="113.940287">
        <ele>313</ele>
        <extensions>
          <distance>11887</distance>
        </extensions>
      </trkpt>
      <trkpt lat="22.240827" lon="113.940233">
        <ele>312</ele>
        <extensions>
          <distance>11897</distance>
        </extensions>
      </trkpt>
      <trkpt lat="22.240771" lon="113.94013">
        <ele>312</ele>
        <extensions>
          <distance>11910</distance>
        </extensions>
      </trkpt>
      <trkpt lat="22.24074" lon="113.940092">
        <ele>311</ele>
        <extensions>
          <distance>11915</distance>
        </extensions>
      </trkpt>
      <trkpt lat="22.240638" lon="113.940064">
        <ele>309</ele>
        <extensions>
          <distance>11927</distance>
        </extensions>
      </trkpt>
      <trkpt lat="22.240591" lon="113.94004">
        <ele>309</ele>
        <extensions>
          <distance>11933</distance>
        </extensions>
      </trkpt>
      <trkpt lat="22.240504" lon="113.939961">
        <ele>308</ele>
        <extensions>
          <distance>11945</distance>
        </extensions>
      </trkpt>
      <trkpt lat="22.240432" lon="113.939934">
        <ele>306</ele>
        <extensions>
          <distance>11954</distance>
        </extensions>
      </trkpt>
      <trkpt lat="22.240419" lon="113.939911">
        <ele>306</ele>
        <extensions>
          <distance>11957</distance>
        </extensions>
      </trkpt>
      <trkpt lat="22.240378" lon="113.939887">
        <ele>306</ele>
        <extensions>
          <distance>11962</distance>
        </extensions>
      </trkpt>
      <trkpt lat="22.240314" lon="113.939786">
        <ele>306</ele>
        <extensions>
          <distance>11974</distance>
        </extensions>
      </trkpt>
      <trkpt lat="22.240237" lon="113.939742">
        <ele>306</ele>
        <extensions>
          <distance>11984</distance>
        </extensions>
      </trkpt>
      <trkpt lat="22.240078" lon="113.939579">
        <ele>309</ele>
        <extensions>
          <distance>12009</distance>
        </extensions>
      </trkpt>
      <trkpt lat="22.240044" lon="113.939533">
        <ele>311</ele>
        <extensions>
          <distance>12015</distance>
        </extensions>
      </trkpt>
      <trkpt lat="22.240018" lon="113.939478">
        <ele>312</ele>
        <extensions>
          <distance>12021</distance>
        </extensions>
      </trkpt>
      <trkpt lat="22.239905" lon="113.939404">
        <ele>313</ele>
        <extensions>
          <distance>12036</distance>
        </extensions>
      </trkpt>
      <trkpt lat="22.239827" lon="113.939383">
        <ele>313</ele>
        <extensions>
          <distance>12045</distance>
        </extensions>
      </trkpt>
      <trkpt lat="22.23972" lon="113.939302">
        <ele>313</ele>
        <extensions>
          <distance>12059</distance>
        </extensions>
      </trkpt>
      <trkpt lat="22.239631" lon="113.939206">
        <ele>313</ele>
        <extensions>
          <distance>12073</distance>
        </extensions>
      </trkpt>
      <trkpt lat="22.239589" lon="113.939188">
        <ele>313</ele>
        <extensions>
          <distance>12078</distance>
        </extensions>
      </trkpt>
      <trkpt lat="22.239536" lon="113.939064">
        <ele>313</ele>
        <extensions>
          <distance>12092</distance>
        </extensions>
      </trkpt>
      <trkpt lat="22.239502" lon="113.939016">
        <ele>313</ele>
        <extensions>
          <distance>12099</distance>
        </extensions>
      </trkpt>
      <trkpt lat="22.239306" lon="113.938975">
        <ele>310</ele>
        <extensions>
          <distance>12121</distance>
        </extensions>
      </trkpt>
      <trkpt lat="22.239219" lon="113.938782">
        <ele>310</ele>
        <extensions>
          <distance>12143</distance>
        </extensions>
      </trkpt>
      <trkpt lat="22.239139" lon="113.938677">
        <ele>310</ele>
        <extensions>
          <distance>12157</distance>
        </extensions>
      </trkpt>
      <trkpt lat="22.239064" lon="113.938613">
        <ele>310</ele>
        <extensions>
          <distance>12168</distance>
        </extensions>
      </trkpt>
      <trkpt lat="22.238982" lon="113.938472">
        <ele>312</ele>
        <extensions>
          <distance>12185</distance>
        </extensions>
      </trkpt>
      <trkpt lat="22.238915" lon="113.938433">
        <ele>313</ele>
        <extensions>
          <distance>12193</distance>
        </extensions>
      </trkpt>
      <trkpt lat="22.238859" lon="113.938435">
        <ele>313</ele>
        <extensions>
          <distance>12199</distance>
        </extensions>
      </trkpt>
      <trkpt lat="22.238721" lon="113.938299">
        <ele>313</ele>
        <extensions>
          <distance>12220</distance>
        </extensions>
      </trkpt>
      <trkpt lat="22.238623" lon="113.938186">
        <ele>313</ele>
        <extensions>
          <distance>12236</distance>
        </extensions>
      </trkpt>
      <trkpt lat="22.238575" lon="113.938162">
        <ele>313</ele>
        <extensions>
          <distance>12242</distance>
        </extensions>
      </trkpt>
      <trkpt lat="22.238503" lon="113.938072">
        <ele>313</ele>
        <extensions>
          <distance>12254</distance>
        </extensions>
      </trkpt>
      <trkpt lat="22.2384" lon="113.938008">
        <ele>313</ele>
        <extensions>
          <distance>12267</distance>
        </extensions>
      </trkpt>
      <trkpt lat="22.238322" lon="113.937993">
        <ele>313</ele>
        <extensions>
          <distance>12276</distance>
        </extensions>
      </trkpt>
      <trkpt lat="22.238207" lon="113.93806">
        <ele>309</ele>
        <extensions>
          <distance>12291</distance>
        </extensions>
      </trkpt>
      <trkpt lat="22.23814" lon="113.938131">
        <ele>306</ele>
        <extensions>
          <distance>12302</distance>
        </extensions>
      </trkpt>
      <trkpt lat="22.238106" lon="113.938155">
        <ele>305</ele>
        <extensions>
          <distance>12306</distance>
        </extensions>
      </trkpt>
      <trkpt lat="22.237994" lon="113.938141">
        <ele>304</ele>
        <extensions>
          <distance>12319</distance>
        </extensions>
      </trkpt>
      <trkpt lat="22.237875" lon="113.938079">
        <ele>304</ele>
        <extensions>
          <distance>12333</distance>
        </extensions>
      </trkpt>
      <trkpt lat="22.237653" lon="113.938023">
        <ele>304</ele>
        <extensions>
          <distance>12359</distance>
        </extensions>
      </trkpt>
      <trkpt lat="22.237512" lon="113.937916">
        <ele>304</ele>
        <extensions>
          <distance>12378</distance>
        </extensions>
      </trkpt>
      <trkpt lat="22.237408" lon="113.937791">
        <ele>305</ele>
        <extensions>
          <distance>12395</distance>
        </extensions>
      </trkpt>
      <trkpt lat="22.237374" lon="113.93772">
        <ele>305</ele>
        <extensions>
          <distance>12403</distance>
        </extensions>
      </trkpt>
      <trkpt lat="22.237357" lon="113.937628">
        <ele>308</ele>
        <extensions>
          <distance>12413</distance>
        </extensions>
      </trkpt>
      <trkpt lat="22.237356" lon="113.937458">
        <ele>313</ele>
        <extensions>
          <distance>12431</distance>
        </extensions>
      </trkpt>
      <trkpt lat="22.237299" lon="113.937369">
        <ele>313</ele>
        <extensions>
          <distance>12442</distance>
        </extensions>
      </trkpt>
      <trkpt lat="22.237273" lon="113.937283">
        <ele>314</ele>
        <extensions>
          <distance>12452</distance>
        </extensions>
      </trkpt>
      <trkpt lat="22.237311" lon="113.937176">
        <ele>316</ele>
        <extensions>
          <distance>12464</distance>
        </extensions>
      </trkpt>
      <trkpt lat="22.237323" lon="113.937078">
        <ele>317</ele>
        <extensions>
          <distance>12474</distance>
        </extensions>
      </trkpt>
      <trkpt lat="22.237321" lon="113.937028">
        <ele>317</ele>
        <extensions>
          <distance>12479</distance>
        </extensions>
      </trkpt>
      <trkpt lat="22.237153" lon="113.936752">
        <ele>318</ele>
        <extensions>
          <distance>12513</distance>
        </extensions>
      </trkpt>
      <trkpt lat="22.237022" lon="113.936703">
        <ele>319</ele>
        <extensions>
          <distance>12529</distance>
        </extensions>
      </trkpt>
      <trkpt lat="22.236977" lon="113.936665">
        <ele>320</ele>
        <extensions>
          <distance>12535</distance>
        </extensions>
      </trkpt>
      <trkpt lat="22.236845" lon="113.936635">
        <ele>321</ele>
        <extensions>
          <distance>12550</distance>
        </extensions>
      </trkpt>
      <trkpt lat="22.236617" lon="113.936315">
        <ele>328</ele>
        <extensions>
          <distance>12592</distance>
        </extensions>
      </trkpt>
      <trkpt lat="22.236595" lon="113.936187">
        <ele>331</ele>
        <extensions>
          <distance>12606</distance>
        </extensions>
      </trkpt>
      <trkpt lat="22.236594" lon="113.936094">
        <ele>333</ele>
        <extensions>
          <distance>12616</distance>
        </extensions>
      </trkpt>
      <trkpt lat="22.236576" lon="113.935953">
        <ele>336</ele>
        <extensions>
          <distance>12631</distance>
        </extensions>
      </trkpt>
      <trkpt lat="22.236586" lon="113.935828">
        <ele>340</ele>
        <extensions>
          <distance>12644</distance>
        </extensions>
      </trkpt>
      <trkpt lat="22.236586" lon="113.93551">
        <ele>342</ele>
        <extensions>
          <distance>12677</distance>
        </extensions>
      </trkpt>
      <trkpt lat="22.236656" lon="113.935314">
        <ele>345</ele>
        <extensions>
          <distance>12699</distance>
        </extensions>
      </trkpt>
      <trkpt lat="22.236966" lon="113.934958">
        <ele>345</ele>
        <extensions>
          <distance>12749</distance>
        </extensions>
      </trkpt>
      <trkpt lat="22.236909" lon="113.934847">
        <ele>345</ele>
        <extensions>
          <distance>12762</distance>
        </extensions>
      </trkpt>
      <trkpt lat="22.236812" lon="113.934758">
        <ele>345</ele>
        <extensions>
          <distance>12776</distance>
        </extensions>
      </trkpt>
      <trkpt lat="22.236767" lon="113.934691">
        <ele>343</ele>
        <extensions>
          <distance>12785</distance>
        </extensions>
      </trkpt>
      <trkpt lat="22.236729" lon="113.934579">
        <ele>340</ele>
        <extensions>
          <distance>12797</distance>
        </extensions>
      </trkpt>
      <trkpt lat="22.236728" lon="113.934545">
        <ele>340</ele>
        <extensions>
          <distance>12801</distance>
        </extensions>
      </trkpt>
      <trkpt lat="22.23675" lon="113.934489">
        <ele>339</ele>
        <extensions>
          <distance>12807</distance>
        </extensions>
      </trkpt>
      <trkpt lat="22.236688" lon="113.934411">
        <ele>337</ele>
        <extensions>
          <distance>12818</distance>
        </extensions>
      </trkpt>
      <trkpt lat="22.236596" lon="113.934351">
        <ele>333</ele>
        <extensions>
          <distance>12831</distance>
        </extensions>
      </trkpt>
      <trkpt lat="22.236452" lon="113.934207">
        <ele>328</ele>
        <extensions>
          <distance>12853</distance>
        </extensions>
      </trkpt>
      <trkpt lat="22.236362" lon="113.934136">
        <ele>324</ele>
        <extensions>
          <distance>12866</distance>
        </extensions>
      </trkpt>
      <trkpt lat="22.236306" lon="113.934118">
        <ele>321</ele>
        <extensions>
          <distance>12873</distance>
        </extensions>
      </trkpt>
      <trkpt lat="22.236246" lon="113.934114">
        <ele>319</ele>
        <extensions>
          <distance>12880</distance>
        </extensions>
      </trkpt>
      <trkpt lat="22.236166" lon="113.934018">
        <ele>312</ele>
        <extensions>
          <distance>12895</distance>
        </extensions>
      </trkpt>
      <trkpt lat="22.236079" lon="113.934014">
        <ele>308</ele>
        <extensions>
          <distance>12906</distance>
        </extensions>
      </trkpt>
      <trkpt lat="22.236011" lon="113.933912">
        <ele>300</ele>
        <extensions>
          <distance>12921</distance>
        </extensions>
      </trkpt>
      <trkpt lat="22.235967" lon="113.933711">
        <ele>292</ele>
        <extensions>
          <distance>12943</distance>
        </extensions>
      </trkpt>
      <trkpt lat="22.235982" lon="113.933552">
        <ele>287</ele>
        <extensions>
          <distance>12961</distance>
        </extensions>
      </trkpt>
      <trkpt lat="22.23591" lon="113.933383">
        <ele>275</ele>
        <extensions>
          <distance>12983</distance>
        </extensions>
      </trkpt>
      <trkpt lat="22.235867" lon="113.933338">
        <ele>271</ele>
        <extensions>
          <distance>12991</distance>
        </extensions>
      </trkpt>
      <trkpt lat="22.235793" lon="113.933289">
        <ele>266</ele>
        <extensions>
          <distance>13002</distance>
        </extensions>
      </trkpt>
      <trkpt lat="22.235761" lon="113.933278">
        <ele>264</ele>
        <extensions>
          <distance>13006</distance>
        </extensions>
      </trkpt>
      <trkpt lat="22.235714" lon="113.933287">
        <ele>262</ele>
        <extensions>
          <distance>13012</distance>
        </extensions>
      </trkpt>
      <trkpt lat="22.23566" lon="113.933318">
        <ele>261</ele>
        <extensions>
          <distance>13019</distance>
        </extensions>
      </trkpt>
      <trkpt lat="22.235562" lon="113.933208">
        <ele>255</ele>
        <extensions>
          <distance>13035</distance>
        </extensions>
      </trkpt>
      <trkpt lat="22.235525" lon="113.933233">
        <ele>254</ele>
        <extensions>
          <distance>13040</distance>
        </extensions>
      </trkpt>
      <trkpt lat="22.235481" lon="113.933187">
        <ele>252</ele>
        <extensions>
          <distance>13047</distance>
        </extensions>
      </trkpt>
      <trkpt lat="22.235424" lon="113.933155">
        <ele>250</ele>
        <extensions>
          <distance>13055</distance>
        </extensions>
      </trkpt>
      <trkpt lat="22.235321" lon="113.933128">
        <ele>246</ele>
        <extensions>
          <distance>13067</distance>
        </extensions>
      </trkpt>
      <trkpt lat="22.235265" lon="113.933088">
        <ele>244</ele>
        <extensions>
          <distance>13075</distance>
        </extensions>
      </trkpt>
      <trkpt lat="22.235243" lon="113.933029">
        <ele>241</ele>
        <extensions>
          <distance>13082</distance>
        </extensions>
      </trkpt>
      <trkpt lat="22.23517" lon="113.93296">
        <ele>235</ele>
        <extensions>
          <distance>13095</distance>
        </extensions>
      </trkpt>
      <trkpt lat="22.23507" lon="113.932903">
        <ele>229</ele>
        <extensions>
          <distance>13108</distance>
        </extensions>
      </trkpt>
      <trkpt lat="22.235051" lon="113.932884">
        <ele>227</ele>
        <extensions>
          <distance>13112</distance>
        </extensions>
      </trkpt>
      <trkpt lat="22.234999" lon="113.932887">
        <ele>225</ele>
        <extensions>
          <distance>13118</distance>
        </extensions>
      </trkpt>
      <trkpt lat="22.234855" lon="113.932753">
        <ele>214</ele>
        <extensions>
          <distance>13142</distance>
        </extensions>
      </trkpt>
      <trkpt lat="22.234756" lon="113.932687">
        <ele>207</ele>
        <extensions>
          <distance>13156</distance>
        </extensions>
      </trkpt>
      <trkpt lat="22.23468" lon="113.932574">
        <ele>202</ele>
        <extensions>
          <distance>13172</distance>
        </extensions>
      </trkpt>
      <trkpt lat="22.234636" lon="113.93256">
        <ele>200</ele>
        <extensions>
          <distance>13177</distance>
        </extensions>
      </trkpt>
      <trkpt lat="22.234616" lon="113.932527">
        <ele>199</ele>
        <extensions>
          <distance>13181</distance>
        </extensions>
      </trkpt>
      <trkpt lat="22.234524" lon="113.93244">
        <ele>193</ele>
        <extensions>
          <distance>13196</distance>
        </extensions>
      </trkpt>
      <trkpt lat="22.23449" lon="113.932386">
        <ele>191</ele>
        <extensions>
          <distance>13203</distance>
        </extensions>
      </trkpt>
      <trkpt lat="22.234478" lon="113.932353">
        <ele>190</ele>
        <extensions>
          <distance>13207</distance>
        </extensions>
      </trkpt>
      <trkpt lat="22.234429" lon="113.93233">
        <ele>188</ele>
        <extensions>
          <distance>13213</distance>
        </extensions>
      </trkpt>
      <trkpt lat="22.234405" lon="113.932287">
        <ele>186</ele>
        <extensions>
          <distance>13219</distance>
        </extensions>
      </trkpt>
      <trkpt lat="22.234353" lon="113.932273">
        <ele>184</ele>
        <extensions>
          <distance>13225</distance>
        </extensions>
      </trkpt>
      <trkpt lat="22.234273" lon="113.932237">
        <ele>181</ele>
        <extensions>
          <distance>13235</distance>
        </extensions>
      </trkpt>
      <trkpt lat="22.234203" lon="113.932178">
        <ele>177</ele>
        <extensions>
          <distance>13246</distance>
        </extensions>
      </trkpt>
      <trkpt lat="22.234135" lon="113.932101">
        <ele>172</ele>
        <extensions>
          <distance>13258</distance>
        </extensions>
      </trkpt>
      <trkpt lat="22.234069" lon="113.932116">
        <ele>170</ele>
        <extensions>
          <distance>13266</distance>
        </extensions>
      </trkpt>
      <trkpt lat="22.233982" lon="113.932086">
        <ele>166</ele>
        <extensions>
          <distance>13276</distance>
        </extensions>
      </trkpt>
      <trkpt lat="22.233821" lon="113.932077">
        <ele>161</ele>
        <extensions>
          <distance>13295</distance>
        </extensions>
      </trkpt>
      <trkpt lat="22.233712" lon="113.931983">
        <ele>156</ele>
        <extensions>
          <distance>13311</distance>
        </extensions>
      </trkpt>
      <trkpt lat="22.233516" lon="113.93195">
        <ele>151</ele>
        <extensions>
          <distance>13334</distance>
        </extensions>
      </trkpt>
      <trkpt lat="22.233371" lon="113.931851">
        <ele>145</ele>
        <extensions>
          <distance>13354</distance>
        </extensions>
      </trkpt>
      <trkpt lat="22.233268" lon="113.931801">
        <ele>142</ele>
        <extensions>
          <distance>13367</distance>
        </extensions>
      </trkpt>
      <trkpt lat="22.233194" lon="113.931725">
        <ele>140</ele>
        <extensions>
          <distance>13378</distance>
        </extensions>
      </trkpt>
      <trkpt lat="22.233144" lon="113.931707">
        <ele>139</ele>
        <extensions>
          <distance>13384</distance>
        </extensions>
      </trkpt>
      <trkpt lat="22.233098" lon="113.931704">
        <ele>138</ele>
        <extensions>
          <distance>13389</distance>
        </extensions>
      </trkpt>
      <trkpt lat="22.233033" lon="113.931746">
        <ele>137</ele>
        <extensions>
          <distance>13398</distance>
        </extensions>
      </trkpt>
      <trkpt lat="22.232993" lon="113.931758">
        <ele>137</ele>
        <extensions>
          <distance>13402</distance>
        </extensions>
      </trkpt>
      <trkpt lat="22.232931" lon="113.931752">
        <ele>136</ele>
        <extensions>
          <distance>13409</distance>
        </extensions>
      </trkpt>
      <trkpt lat="22.232771" lon="113.931522">
        <ele>134</ele>
        <extensions>
          <distance>13439</distance>
        </extensions>
      </trkpt>
      <trkpt lat="22.232724" lon="113.931406">
        <ele>132</ele>
        <extensions>
          <distance>13452</distance>
        </extensions>
      </trkpt>
      <trkpt lat="22.232698" lon="113.931258">
        <ele>128</ele>
        <extensions>
          <distance>13468</distance>
        </extensions>
      </trkpt>
      <trkpt lat="22.232658" lon="113.931199">
        <ele>126</ele>
        <extensions>
          <distance>13476</distance>
        </extensions>
      </trkpt>
      <trkpt lat="22.232633" lon="113.931108">
        <ele>123</ele>
        <extensions>
          <distance>13486</distance>
        </extensions>
      </trkpt>
      <trkpt lat="22.232546" lon="113.931076">
        <ele>122</ele>
        <extensions>
          <distance>13496</distance>
        </extensions>
      </trkpt>
      <trkpt lat="22.232483" lon="113.931028">
        <ele>120</ele>
        <extensions>
          <distance>13505</distance>
        </extensions>
      </trkpt>
      <trkpt lat="22.232402" lon="113.930996">
        <ele>117</ele>
        <extensions>
          <distance>13515</distance>
        </extensions>
      </trkpt>
      <trkpt lat="22.232352" lon="113.930987">
        <ele>116</ele>
        <extensions>
          <distance>13521</distance>
        </extensions>
      </trkpt>
      <trkpt lat="22.232281" lon="113.931008">
        <ele>114</ele>
        <extensions>
          <distance>13529</distance>
        </extensions>
      </trkpt>
      <trkpt lat="22.232153" lon="113.931098">
        <ele>112</ele>
        <extensions>
          <distance>13546</distance>
        </extensions>
      </trkpt>
      <trkpt lat="22.232022" lon="113.93122">
        <ele>111</ele>
        <extensions>
          <distance>13566</distance>
        </extensions>
      </trkpt>
      <trkpt lat="22.231987" lon="113.931273">
        <ele>111</ele>
        <extensions>
          <distance>13572</distance>
        </extensions>
      </trkpt>
      <trkpt lat="22.231874" lon="113.93133">
        <ele>107</ele>
        <extensions>
          <distance>13586</distance>
        </extensions>
      </trkpt>
      <trkpt lat="22.231823" lon="113.931174">
        <ele>107</ele>
        <extensions>
          <distance>13603</distance>
        </extensions>
      </trkpt>
      <trkpt lat="22.231826" lon="113.931107">
        <ele>107</ele>
        <extensions>
          <distance>13610</distance>
        </extensions>
      </trkpt>
      <trkpt lat="22.231841" lon="113.931031">
        <ele>107</ele>
        <extensions>
          <distance>13618</distance>
        </extensions>
      </trkpt>
      <trkpt lat="22.231977" lon="113.930816">
        <ele>107</ele>
        <extensions>
          <distance>13645</distance>
        </extensions>
      </trkpt>
      <trkpt lat="22.232141" lon="113.930591">
        <ele>107</ele>
        <extensions>
          <distance>13675</distance>
        </extensions>
      </trkpt>
      <trkpt lat="22.232225" lon="113.930524">
        <ele>107</ele>
        <extensions>
          <distance>13686</distance>
        </extensions>
      </trkpt>
      <trkpt lat="22.232315" lon="113.930496">
        <ele>108</ele>
        <extensions>
          <distance>13697</distance>
        </extensions>
      </trkpt>
      <trkpt lat="22.232395" lon="113.930505">
        <ele>108</ele>
        <extensions>
          <distance>13706</distance>
        </extensions>
      </trkpt>
      <trkpt lat="22.232852" lon="113.930763">
        <ele>110</ele>
        <extensions>
          <distance>13763</distance>
        </extensions>
      </trkpt>
      <trkpt lat="22.232903" lon="113.930747">
        <ele>110</ele>
        <extensions>
          <distance>13769</distance>
        </extensions>
      </trkpt>
      <trkpt lat="22.232994" lon="113.930665">
        <ele>110</ele>
        <extensions>
          <distance>13782</distance>
        </extensions>
      </trkpt>
      <trkpt lat="22.233074" lon="113.930563">
        <ele>110</ele>
        <extensions>
          <distance>13795</distance>
        </extensions>
      </trkpt>
      <trkpt lat="22.233173" lon="113.930463">
        <ele>110</ele>
        <extensions>
          <distance>13811</distance>
        </extensions>
      </trkpt>
      <trkpt lat="22.233299" lon="113.930416">
        <ele>110</ele>
        <extensions>
          <distance>13825</distance>
        </extensions>
      </trkpt>
      <trkpt lat="22.233512" lon="113.9304">
        <ele>109</ele>
        <extensions>
          <distance>13849</distance>
        </extensions>
      </trkpt>
      <trkpt lat="22.233619" lon="113.930319">
        <ele>109</ele>
        <extensions>
          <distance>13863</distance>
        </extensions>
      </trkpt>
      <trkpt lat="22.233746" lon="113.930044">
        <ele>109</ele>
        <extensions>
          <distance>13895</distance>
        </extensions>
      </trkpt>
      <trkpt lat="22.233904" lon="113.929967">
        <ele>108</ele>
        <extensions>
          <distance>13914</distance>
        </extensions>
      </trkpt>
      <trkpt lat="22.234038" lon="113.929931">
        <ele>108</ele>
        <extensions>
          <distance>13930</distance>
        </extensions>
      </trkpt>
      <trkpt lat="22.234209" lon="113.929685">
        <ele>107</ele>
        <extensions>
          <distance>13961</distance>
        </extensions>
      </trkpt>
      <trkpt lat="22.234328" lon="113.929605">
        <ele>107</ele>
        <extensions>
          <distance>13977</distance>
        </extensions>
      </trkpt>
      <trkpt lat="22.234869" lon="113.929443">
        <ele>107</ele>
        <extensions>
          <distance>14039</distance>
        </extensions>
      </trkpt>
      <trkpt lat="22.235041" lon="113.929314">
        <ele>107</ele>
        <extensions>
          <distance>14062</distance>
        </extensions>
      </trkpt>
      <trkpt lat="22.235092" lon="113.929224">
        <ele>107</ele>
        <extensions>
          <distance>14073</distance>
        </extensions>
      </trkpt>
      <trkpt lat="22.235075" lon="113.929105">
        <ele>107</ele>
        <extensions>
          <distance>14086</distance>
        </extensions>
      </trkpt>
      <trkpt lat="22.234915" lon="113.928958">
        <ele>105</ele>
        <extensions>
          <distance>14109</distance>
        </extensions>
      </trkpt>
      <trkpt lat="22.234751" lon="113.928839">
        <ele>105</ele>
        <extensions>
          <distance>14131</distance>
        </extensions>
      </trkpt>
      <trkpt lat="22.234564" lon="113.928791">
        <ele>104</ele>
        <extensions>
          <distance>14152</distance>
        </extensions>
      </trkpt>
      <trkpt lat="22.234397" lon="113.928711">
        <ele>104</ele>
        <extensions>
          <distance>14172</distance>
        </extensions>
      </trkpt>
      <trkpt lat="22.234072" lon="113.928508">
        <ele>104</ele>
        <extensions>
          <distance>14214</distance>
        </extensions>
      </trkpt>
      <trkpt lat="22.23402" lon="113.928417">
        <ele>104</ele>
        <extensions>
          <distance>14225</distance>
        </extensions>
      </trkpt>
      <trkpt lat="22.234" lon="113.928322">
        <ele>104</ele>
        <extensions>
          <distance>14235</distance>
        </extensions>
      </trkpt>
      <trkpt lat="22.234008" lon="113.928213">
        <ele>104</ele>
        <extensions>
          <distance>14246</distance>
        </extensions>
      </trkpt>
      <trkpt lat="22.234087" lon="113.92804">
        <ele>105</ele>
        <extensions>
          <distance>14266</distance>
        </extensions>
      </trkpt>
      <trkpt lat="22.234124" lon="113.927861">
        <ele>106</ele>
        <extensions>
          <distance>14285</distance>
        </extensions>
      </trkpt>
      <trkpt lat="22.234084" lon="113.927606">
        <ele>107</ele>
        <extensions>
          <distance>14312</distance>
        </extensions>
      </trkpt>
      <trkpt lat="22.234026" lon="113.927521">
        <ele>107</ele>
        <extensions>
          <distance>14323</distance>
        </extensions>
      </trkpt>
      <trkpt lat="22.233706" lon="113.927313">
        <ele>108</ele>
        <extensions>
          <distance>14364</distance>
        </extensions>
      </trkpt>
      <trkpt lat="22.233626" lon="113.92724">
        <ele>108</ele>
        <extensions>
          <distance>14376</distance>
        </extensions>
      </trkpt>
      <trkpt lat="22.233629" lon="113.927006">
        <ele>109</ele>
        <extensions>
          <distance>14400</distance>
        </extensions>
      </trkpt>
      <trkpt lat="22.233644" lon="113.926773">
        <ele>114</ele>
        <extensions>
          <distance>14424</distance>
        </extensions>
      </trkpt>
      <trkpt lat="22.233632" lon="113.926698">
        <ele>114</ele>
        <extensions>
          <distance>14432</distance>
        </extensions>
      </trkpt>
      <trkpt lat="22.233588" lon="113.92662">
        <ele>114</ele>
        <extensions>
          <distance>14442</distance>
        </extensions>
      </trkpt>
      <trkpt lat="22.23349" lon="113.926599">
        <ele>114</ele>
        <extensions>
          <distance>14453</distance>
        </extensions>
      </trkpt>
      <trkpt lat="22.233305" lon="113.926587">
        <ele>114</ele>
        <extensions>
          <distance>14473</distance>
        </extensions>
      </trkpt>
      <trkpt lat="22.233212" lon="113.926554">
        <ele>111</ele>
        <extensions>
          <distance>14484</distance>
        </extensions>
      </trkpt>
      <trkpt lat="22.233148" lon="113.926497">
        <ele>111</ele>
        <extensions>
          <distance>14493</distance>
        </extensions>
      </trkpt>
      <trkpt lat="22.233092" lon="113.926435">
        <ele>111</ele>
        <extensions>
          <distance>14502</distance>
        </extensions>
      </trkpt>
      <trkpt lat="22.23306" lon="113.926365">
        <ele>111</ele>
        <extensions>
          <distance>14510</distance>
        </extensions>
      </trkpt>
      <trkpt lat="22.232987" lon="113.926036">
        <ele>109</ele>
        <extensions>
          <distance>14545</distance>
        </extensions>
      </trkpt>
      <trkpt lat="22.232944" lon="113.925984">
        <ele>109</ele>
        <extensions>
          <distance>14552</distance>
        </extensions>
      </trkpt>
      <trkpt lat="22.232616" lon="113.925932">
        <ele>109</ele>
        <extensions>
          <distance>14589</distance>
        </extensions>
      </trkpt>
      <trkpt lat="22.232525" lon="113.925949">
        <ele>109</ele>
        <extensions>
          <distance>14599</distance>
        </extensions>
      </trkpt>
      <trkpt lat="22.232411" lon="113.925943">
        <ele>108</ele>
        <extensions>
          <distance>14612</distance>
        </extensions>
      </trkpt>
      <trkpt lat="22.232292" lon="113.925903">
        <ele>108</ele>
        <extensions>
          <distance>14626</distance>
        </extensions>
      </trkpt>
      <trkpt lat="22.232233" lon="113.925866">
        <ele>108</ele>
        <extensions>
          <distance>14633</distance>
        </extensions>
      </trkpt>
      <trkpt lat="22.23219" lon="113.92582">
        <ele>108</ele>
        <extensions>
          <distance>14640</distance>
        </extensions>
      </trkpt>
      <trkpt lat="22.232103" lon="113.9257">
        <ele>108</ele>
        <extensions>
          <distance>14656</distance>
        </extensions>
      </trkpt>
      <trkpt lat="22.231967" lon="113.925638">
        <ele>108</ele>
        <extensions>
          <distance>14672</distance>
        </extensions>
      </trkpt>
      <trkpt lat="22.231891" lon="113.92565">
        <ele>108</ele>
        <extensions>
          <distance>14681</distance>
        </extensions>
      </trkpt>
      <trkpt lat="22.23175" lon="113.92573">
        <ele>105</ele>
        <extensions>
          <distance>14698</distance>
        </extensions>
      </trkpt>
      <trkpt lat="22.231669" lon="113.925737">
        <ele>104</ele>
        <extensions>
          <distance>14707</distance>
        </extensions>
      </trkpt>
      <trkpt lat="22.231573" lon="113.925696">
        <ele>104</ele>
        <extensions>
          <distance>14719</distance>
        </extensions>
      </trkpt>
      <trkpt lat="22.2315" lon="113.925622">
        <ele>104</ele>
        <extensions>
          <distance>14730</distance>
        </extensions>
      </trkpt>
      <trkpt lat="22.231427" lon="113.925583">
        <ele>103</ele>
        <extensions>
          <distance>14739</distance>
        </extensions>
      </trkpt>
      <trkpt lat="22.231362" lon="113.925562">
        <ele>103</ele>
        <extensions>
          <distance>14746</distance>
        </extensions>
      </trkpt>
      <trkpt lat="22.231163" lon="113.925604">
        <ele>103</ele>
        <extensions>
          <distance>14769</distance>
        </extensions>
      </trkpt>
      <trkpt lat="22.231098" lon="113.925586">
        <ele>103</ele>
        <extensions>
          <distance>14776</distance>
        </extensions>
      </trkpt>
      <trkpt lat="22.230863" lon="113.92532">
        <ele>106</ele>
        <extensions>
          <distance>14814</distance>
        </extensions>
      </trkpt>
      <trkpt lat="22.23077" lon="113.925276">
        <ele>106</ele>
        <extensions>
          <distance>14825</distance>
        </extensions>
      </trkpt>
      <trkpt lat="22.230685" lon="113.925289">
        <ele>106</ele>
        <extensions>
          <distance>14835</distance>
        </extensions>
      </trkpt>
      <trkpt lat="22.230597" lon="113.925398">
        <ele>106</ele>
        <extensions>
          <distance>14850</distance>
        </extensions>
      </trkpt>
      <trkpt lat="22.230459" lon="113.925609">
        <ele>104</ele>
        <extensions>
          <distance>14876</distance>
        </extensions>
      </trkpt>
      <trkpt lat="22.230377" lon="113.925694">
        <ele>104</ele>
        <extensions>
          <distance>14889</distance>
        </extensions>
      </trkpt>
      <trkpt lat="22.23028" lon="113.925748">
        <ele>103</ele>
        <extensions>
          <distance>14901</distance>
        </extensions>
      </trkpt>
      <trkpt lat="22.230168" lon="113.925793">
        <ele>103</ele>
        <extensions>
          <distance>14914</distance>
        </extensions>
      </trkpt>
      <trkpt lat="22.229585" lon="113.925782">
        <ele>97</ele>
        <extensions>
          <distance>14979</distance>
        </extensions>
      </trkpt>
      <trkpt lat="22.229422" lon="113.92574">
        <ele>97</ele>
        <extensions>
          <distance>14998</distance>
        </extensions>
      </trkpt>
      <trkpt lat="22.229355" lon="113.925686">
        <ele>97</ele>
        <extensions>
          <distance>15007</distance>
        </extensions>
      </trkpt>
      <trkpt lat="22.229295" lon="113.925547">
        <ele>97</ele>
        <extensions>
          <distance>15023</distance>
        </extensions>
      </trkpt>
      <trkpt lat="22.229255" lon="113.925179">
        <ele>100</ele>
        <extensions>
          <distance>15061</distance>
        </extensions>
      </trkpt>
      <trkpt lat="22.229221" lon="113.925058">
        <ele>100</ele>
        <extensions>
          <distance>15074</distance>
        </extensions>
      </trkpt>
      <trkpt lat="22.229006" lon="113.924758">
        <ele>101</ele>
        <extensions>
          <distance>15113</distance>
        </extensions>
      </trkpt>
      <trkpt lat="22.228984" lon="113.924632">
        <ele>104</ele>
        <extensions>
          <distance>15127</distance>
        </extensions>
      </trkpt>
      <trkpt lat="22.229021" lon="113.924523">
        <ele>104</ele>
        <extensions>
          <distance>15139</distance>
        </extensions>
      </trkpt>
      <trkpt lat="22.229331" lon="113.923942">
        <ele>104</ele>
        <extensions>
          <distance>15208</distance>
        </extensions>
      </trkpt>
      <trkpt lat="22.229341" lon="113.923853">
        <ele>104</ele>
        <extensions>
          <distance>15217</distance>
        </extensions>
      </trkpt>
      <trkpt lat="22.229264" lon="113.923653">
        <ele>104</ele>
        <extensions>
          <distance>15239</distance>
        </extensions>
      </trkpt>
      <trkpt lat="22.228983" lon="113.923122">
        <ele>104</ele>
        <extensions>
          <distance>15302</distance>
        </extensions>
      </trkpt>
      <trkpt lat="22.228917" lon="113.923056">
        <ele>104</ele>
        <extensions>
          <distance>15312</distance>
        </extensions>
      </trkpt>
      <trkpt lat="22.228775" lon="113.923025">
        <ele>104</ele>
        <extensions>
          <distance>15328</distance>
        </extensions>
      </trkpt>
      <trkpt lat="22.22869" lon="113.922992">
        <ele>104</ele>
        <extensions>
          <distance>15338</distance>
        </extensions>
      </trkpt>
      <trkpt lat="22.228574" lon="113.922875">
        <ele>104</ele>
        <extensions>
          <distance>15356</distance>
        </extensions>
      </trkpt>
      <trkpt lat="22.228353" lon="113.922629">
        <ele>104</ele>
        <extensions>
          <distance>15391</distance>
        </extensions>
      </trkpt>
      <trkpt lat="22.228272" lon="113.922522">
        <ele>104</ele>
        <extensions>
          <distance>15405</distance>
        </extensions>
      </trkpt>
      <trkpt lat="22.228246" lon="113.922403">
        <ele>105</ele>
        <extensions>
          <distance>15418</distance>
        </extensions>
      </trkpt>
      <trkpt lat="22.228216" lon="113.922052">
        <ele>106</ele>
        <extensions>
          <distance>15454</distance>
        </extensions>
      </trkpt>
      <trkpt lat="22.22819" lon="113.921839">
        <ele>106</ele>
        <extensions>
          <distance>15477</distance>
        </extensions>
      </trkpt>
      <trkpt lat="22.228182" lon="113.921679">
        <ele>107</ele>
        <extensions>
          <distance>15493</distance>
        </extensions>
      </trkpt>
      <trkpt lat="22.228192" lon="113.921559">
        <ele>107</ele>
        <extensions>
          <distance>15505</distance>
        </extensions>
      </trkpt>
      <trkpt lat="22.228235" lon="113.921388">
        <ele>107</ele>
        <extensions>
          <distance>15524</distance>
        </extensions>
      </trkpt>
      <trkpt lat="22.228214" lon="113.921253">
        <ele>107</ele>
        <extensions>
          <distance>15538</distance>
        </extensions>
      </trkpt>
      <trkpt lat="22.228058" lon="113.920744">
        <ele>107</ele>
        <extensions>
          <distance>15593</distance>
        </extensions>
      </trkpt>
      <trkpt lat="22.227915" lon="113.920487">
        <ele>107</ele>
        <extensions>
          <distance>15624</distance>
        </extensions>
      </trkpt>
      <trkpt lat="22.227831" lon="113.920392">
        <ele>107</ele>
        <extensions>
          <distance>15637</distance>
        </extensions>
      </trkpt>
      <trkpt lat="22.227595" lon="113.920289">
        <ele>101</ele>
        <extensions>
          <distance>15666</distance>
        </extensions>
      </trkpt>
      <trkpt lat="22.227454" lon="113.920202">
        <ele>101</ele>
        <extensions>
          <distance>15684</distance>
        </extensions>
      </trkpt>
      <trkpt lat="22.227398" lon="113.920122">
        <ele>101</ele>
        <extensions>
          <distance>15694</distance>
        </extensions>
      </trkpt>
      <trkpt lat="22.22735" lon="113.920017">
        <ele>101</ele>
        <extensions>
          <distance>15706</distance>
        </extensions>
      </trkpt>
      <trkpt lat="22.22736" lon="113.919895">
        <ele>101</ele>
        <extensions>
          <distance>15719</distance>
        </extensions>
      </trkpt>
      <trkpt lat="22.227441" lon="113.919301">
        <ele>101</ele>
        <extensions>
          <distance>15781</distance>
        </extensions>
      </trkpt>
      <trkpt lat="22.227452" lon="113.919073">
        <ele>101</ele>
        <extensions>
          <distance>15804</distance>
        </extensions>
      </trkpt>
      <trkpt lat="22.227482" lon="113.918727">
        <ele>101</ele>
        <extensions>
          <distance>15840</distance>
        </extensions>
      </trkpt>
      <trkpt lat="22.227515" lon="113.918592">
        <ele>103</ele>
        <extensions>
          <distance>15854</distance>
        </extensions>
      </trkpt>
      <trkpt lat="22.227575" lon="113.918457">
        <ele>103</ele>
        <extensions>
          <distance>15870</distance>
        </extensions>
      </trkpt>
      <trkpt lat="22.227816" lon="113.918306">
        <ele>103</ele>
        <extensions>
          <distance>15901</distance>
        </extensions>
      </trkpt>
      <trkpt lat="22.227868" lon="113.91823">
        <ele>105</ele>
        <extensions>
          <distance>15911</distance>
        </extensions>
      </trkpt>
      <trkpt lat="22.227887" lon="113.918122">
        <ele>106</ele>
        <extensions>
          <distance>15922</distance>
        </extensions>
      </trkpt>
      <trkpt lat="22.227882" lon="113.91797">
        <ele>106</ele>
        <extensions>
          <distance>15938</distance>
        </extensions>
      </trkpt>
      <trkpt lat="22.227861" lon="113.917884">
        <ele>106</ele>
        <extensions>
          <distance>15947</distance>
        </extensions>
      </trkpt>
      <trkpt lat="22.227719" lon="113.9177">
        <ele>106</ele>
        <extensions>
          <distance>15971</distance>
        </extensions>
      </trkpt>
      <trkpt lat="22.227598" lon="113.91761">
        <ele>106</ele>
        <extensions>
          <distance>15988</distance>
        </extensions>
      </trkpt>
      <trkpt lat="22.227326" lon="113.917504">
        <ele>104</ele>
        <extensions>
          <distance>16020</distance>
        </extensions>
      </trkpt>
      <trkpt lat="22.227244" lon="113.917437">
        <ele>104</ele>
        <extensions>
          <distance>16031</distance>
        </extensions>
      </trkpt>
      <trkpt lat="22.227212" lon="113.917373">
        <ele>104</ele>
        <extensions>
          <distance>16039</distance>
        </extensions>
      </trkpt>
      <trkpt lat="22.227203" lon="113.917305">
        <ele>104</ele>
        <extensions>
          <distance>16046</distance>
        </extensions>
      </trkpt>
      <trkpt lat="22.227226" lon="113.917195">
        <ele>104</ele>
        <extensions>
          <distance>16057</distance>
        </extensions>
      </trkpt>
      <trkpt lat="22.22747" lon="113.916826">
        <ele>104</ele>
        <extensions>
          <distance>16104</distance>
        </extensions>
      </trkpt>
      <trkpt lat="22.22742" lon="113.916636">
        <ele>104</ele>
        <extensions>
          <distance>16124</distance>
        </extensions>
      </trkpt>
      <trkpt lat="22.227391" lon="113.916601">
        <ele>104</ele>
        <extensions>
          <distance>16129</distance>
        </extensions>
      </trkpt>
      <trkpt lat="22.226792" lon="113.916254">
        <ele>104</ele>
        <extensions>
          <distance>16205</distance>
        </extensions>
      </trkpt>
      <trkpt lat="22.226688" lon="113.916119">
        <ele>102</ele>
        <extensions>
          <distance>16223</distance>
        </extensions>
      </trkpt>
      <trkpt lat="22.226645" lon="113.916042">
        <ele>101</ele>
        <extensions>
          <distance>16232</distance>
        </extensions>
      </trkpt>
      <trkpt lat="22.226253" lon="113.915144">
        <ele>100</ele>
        <extensions>
          <distance>16334</distance>
        </extensions>
      </trkpt>
      <trkpt lat="22.226203" lon="113.914973">
        <ele>98</ele>
        <extensions>
          <distance>16353</distance>
        </extensions>
      </trkpt>
      <trkpt lat="22.226132" lon="113.914936">
        <ele>95</ele>
        <extensions>
          <distance>16362</distance>
        </extensions>
      </trkpt>
      <trkpt lat="22.225945" lon="113.914979">
        <ele>91</ele>
        <extensions>
          <distance>16384</distance>
        </extensions>
      </trkpt>
      <trkpt lat="22.225859" lon="113.914919">
        <ele>88</ele>
        <extensions>
          <distance>16395</distance>
        </extensions>
      </trkpt>
      <trkpt lat="22.225854" lon="113.914805">
        <ele>86</ele>
        <extensions>
          <distance>16407</distance>
        </extensions>
      </trkpt>
      <trkpt lat="22.225802" lon="113.914773">
        <ele>84</ele>
        <extensions>
          <distance>16414</distance>
        </extensions>
      </trkpt>
      <trkpt lat="22.225654" lon="113.91476">
        <ele>81</ele>
        <extensions>
          <distance>16431</distance>
        </extensions>
      </trkpt>
      <trkpt lat="22.225518" lon="113.914692">
        <ele>78</ele>
        <extensions>
          <distance>16448</distance>
        </extensions>
      </trkpt>
      <trkpt lat="22.225402" lon="113.914549">
        <ele>73</ele>
        <extensions>
          <distance>16468</distance>
        </extensions>
      </trkpt>
      <trkpt lat="22.225177" lon="113.914442">
        <ele>71</ele>
        <extensions>
          <distance>16495</distance>
        </extensions>
      </trkpt>
      <trkpt lat="22.225049" lon="113.914462">
        <ele>71</ele>
        <extensions>
          <distance>16510</distance>
        </extensions>
      </trkpt>
      <trkpt lat="22.224932" lon="113.914516">
        <ele>71</ele>
        <extensions>
          <distance>16524</distance>
        </extensions>
      </trkpt>
      <trkpt lat="22.224727" lon="113.914492">
        <ele>71</ele>
        <extensions>
          <distance>16547</distance>
        </extensions>
      </trkpt>
      <trkpt lat="22.224648" lon="113.914511">
        <ele>71</ele>
        <extensions>
          <distance>16555</distance>
        </extensions>
      </trkpt>
      <trkpt lat="22.22453" lon="113.914619">
        <ele>71</ele>
        <extensions>
          <distance>16573</distance>
        </extensions>
      </trkpt>
      <trkpt lat="22.224417" lon="113.914749">
        <ele>71</ele>
        <extensions>
          <distance>16591</distance>
        </extensions>
      </trkpt>
      <trkpt lat="22.224329" lon="113.914826">
        <ele>70</ele>
        <extensions>
          <distance>16604</distance>
        </extensions>
      </trkpt>
      <trkpt lat="22.223996" lon="113.915171">
        <ele>52</ele>
        <extensions>
          <distance>16658</distance>
        </extensions>
      </trkpt>
      <trkpt lat="22.223944" lon="113.915213">
        <ele>49</ele>
        <extensions>
          <distance>16666</distance>
        </extensions>
      </trkpt>
      <trkpt lat="22.223914" lon="113.915265">
        <ele>47</ele>
        <extensions>
          <distance>16672</distance>
        </extensions>
      </trkpt>
      <trkpt lat="22.223898" lon="113.91534">
        <ele>46</ele>
        <extensions>
          <distance>16680</distance>
        </extensions>
      </trkpt>
      <trkpt lat="22.223839" lon="113.915416">
        <ele>45</ele>
        <extensions>
          <distance>16691</distance>
        </extensions>
      </trkpt>
      <trkpt lat="22.223768" lon="113.915403">
        <ele>44</ele>
        <extensions>
          <distance>16699</distance>
        </extensions>
      </trkpt>
      <trkpt lat="22.223711" lon="113.915446">
        <ele>44</ele>
        <extensions>
          <distance>16706</distance>
        </extensions>
      </trkpt>
      <trkpt lat="22.223618" lon="113.915442">
        <ele>43</ele>
        <extensions>
          <distance>16717</distance>
        </extensions>
      </trkpt>
      <trkpt lat="22.223531" lon="113.915496">
        <ele>42</ele>
        <extensions>
          <distance>16728</distance>
        </extensions>
      </trkpt>
      <trkpt lat="22.223433" lon="113.915602">
        <ele>42</ele>
        <extensions>
          <distance>16743</distance>
        </extensions>
      </trkpt>
      <trkpt lat="22.223338" lon="113.915614">
        <ele>42</ele>
        <extensions>
          <distance>16754</distance>
        </extensions>
      </trkpt>
      <trkpt lat="22.223232" lon="113.915653">
        <ele>42</ele>
        <extensions>
          <distance>16766</distance>
        </extensions>
      </trkpt>
      <trkpt lat="22.223187" lon="113.915746">
        <ele>42</ele>
        <extensions>
          <distance>16777</distance>
        </extensions>
      </trkpt>
      <trkpt lat="22.223146" lon="113.915793">
        <ele>42</ele>
        <extensions>
          <distance>16784</distance>
        </extensions>
      </trkpt>
      <trkpt lat="22.223049" lon="113.915883">
        <ele>42</ele>
        <extensions>
          <distance>16798</distance>
        </extensions>
      </trkpt>
      <trkpt lat="22.222973" lon="113.915922">
        <ele>42</ele>
        <extensions>
          <distance>16807</distance>
        </extensions>
      </trkpt>
      <trkpt lat="22.22289" lon="113.916008">
        <ele>41</ele>
        <extensions>
          <distance>16820</distance>
        </extensions>
      </trkpt>
      <trkpt lat="22.222824" lon="113.916052">
        <ele>40</ele>
        <extensions>
          <distance>16829</distance>
        </extensions>
      </trkpt>
      <trkpt lat="22.222743" lon="113.916145">
        <ele>39</ele>
        <extensions>
          <distance>16842</distance>
        </extensions>
      </trkpt>
      <trkpt lat="22.22272" lon="113.916216">
        <ele>38</ele>
        <extensions>
          <distance>16850</distance>
        </extensions>
      </trkpt>
      <trkpt lat="22.222659" lon="113.916272">
        <ele>37</ele>
        <extensions>
          <distance>16859</distance>
        </extensions>
      </trkpt>
      <trkpt lat="22.22255" lon="113.916324">
        <ele>36</ele>
        <extensions>
          <distance>16872</distance>
        </extensions>
      </trkpt>
      <trkpt lat="22.22253" lon="113.916367">
        <ele>36</ele>
        <extensions>
          <distance>16877</distance>
        </extensions>
      </trkpt>
      <trkpt lat="22.222292" lon="113.916514">
        <ele>35</ele>
        <extensions>
          <distance>16907</distance>
        </extensions>
      </trkpt>
      <trkpt lat="22.222268" lon="113.916572">
        <ele>35</ele>
        <extensions>
          <distance>16914</distance>
        </extensions>
      </trkpt>
      <trkpt lat="22.222033" lon="113.916731">
        <ele>32</ele>
        <extensions>
          <distance>16945</distance>
        </extensions>
      </trkpt>
      <trkpt lat="22.221925" lon="113.916779">
        <ele>29</ele>
        <extensions>
          <distance>16958</distance>
        </extensions>
      </trkpt>
      <trkpt lat="22.221842" lon="113.91683">
        <ele>27</ele>
        <extensions>
          <distance>16969</distance>
        </extensions>
      </trkpt>
      <trkpt lat="22.22172" lon="113.916856">
        <ele>25</ele>
        <extensions>
          <distance>16983</distance>
        </extensions>
      </trkpt>
      <trkpt lat="22.221669" lon="113.916916">
        <ele>23</ele>
        <extensions>
          <distance>16991</distance>
        </extensions>
      </trkpt>
      <trkpt lat="22.221701" lon="113.917035">
        <ele>23</ele>
        <extensions>
          <distance>17004</distance>
        </extensions>
      </trkpt>
      <trkpt lat="22.221651" lon="113.917077">
        <ele>21</ele>
        <extensions>
          <distance>17011</distance>
        </extensions>
      </trkpt>
      <trkpt lat="22.221646" lon="113.917151">
        <ele>20</ele>
        <extensions>
          <distance>17019</distance>
        </extensions>
      </trkpt>
      <trkpt lat="22.221581" lon="113.917226">
        <ele>18</ele>
        <extensions>
          <distance>17030</distance>
        </extensions>
      </trkpt>
      <trkpt lat="22.221615" lon="113.917294">
        <ele>18</ele>
        <extensions>
          <distance>17037</distance>
        </extensions>
      </trkpt>
      <trkpt lat="22.221763" lon="113.917477">
        <ele>18</ele>
        <extensions>
          <distance>17062</distance>
        </extensions>
      </trkpt>
      <trkpt lat="22.221692" lon="113.917577">
        <ele>16</ele>
        <extensions>
          <distance>17075</distance>
        </extensions>
      </trkpt>
      <trkpt lat="22.221711" lon="113.91771">
        <ele>15</ele>
        <extensions>
          <distance>17089</distance>
        </extensions>
      </trkpt>
      <trkpt lat="22.221672" lon="113.91778">
        <ele>14</ele>
        <extensions>
          <distance>17098</distance>
        </extensions>
      </trkpt>
      <trkpt lat="22.221444" lon="113.91781">
        <ele>14</ele>
        <extensions>
          <distance>17123</distance>
        </extensions>
      </trkpt>
      <trkpt lat="22.221377" lon="113.917512">
        <ele>14</ele>
        <extensions>
          <distance>17155</distance>
        </extensions>
      </trkpt>
      <trkpt lat="22.221348" lon="113.917288">
        <ele>14</ele>
        <extensions>
          <distance>17178</distance>
        </extensions>
      </trkpt>
      <trkpt lat="22.221352" lon="113.91704">
        <ele>15</ele>
        <extensions>
          <distance>17204</distance>
        </extensions>
      </trkpt>
      <trkpt lat="22.221382" lon="113.916885">
        <ele>16</ele>
        <extensions>
          <distance>17220</distance>
        </extensions>
      </trkpt>
      <trkpt lat="22.221432" lon="113.916707">
        <ele>16</ele>
        <extensions>
          <distance>17239</distance>
        </extensions>
      </trkpt>
      <trkpt lat="22.221641" lon="113.916215">
        <ele>16</ele>
        <extensions>
          <distance>17295</distance>
        </extensions>
      </trkpt>
      <trkpt lat="22.221699" lon="113.916049">
        <ele>16</ele>
        <extensions>
          <distance>17313</distance>
        </extensions>
      </trkpt>
      <trkpt lat="22.221729" lon="113.915914">
        <ele>16</ele>
        <extensions>
          <distance>17328</distance>
        </extensions>
      </trkpt>
      <trkpt lat="22.221745" lon="113.915755">
        <ele>14</ele>
        <extensions>
          <distance>17344</distance>
        </extensions>
      </trkpt>
      <trkpt lat="22.221741" lon="113.915602">
        <ele>14</ele>
        <extensions>
          <distance>17360</distance>
        </extensions>
      </trkpt>
      <trkpt lat="22.221716" lon="113.915458">
        <ele>14</ele>
        <extensions>
          <distance>17375</distance>
        </extensions>
      </trkpt>
      <trkpt lat="22.221692" lon="113.915374">
        <ele>14</ele>
        <extensions>
          <distance>17384</distance>
        </extensions>
      </trkpt>
      <trkpt lat="22.221643" lon="113.915249">
        <ele>14</ele>
        <extensions>
          <distance>17398</distance>
        </extensions>
      </trkpt>
      <trkpt lat="22.221564" lon="113.915095">
        <ele>14</ele>
        <extensions>
          <distance>17416</distance>
        </extensions>
      </trkpt>
      <trkpt lat="22.220855" lon="113.913971">
        <ele>14</ele>
        <extensions>
          <distance>17556</distance>
        </extensions>
      </trkpt>
      <trkpt lat="22.220737" lon="113.913711">
        <ele>15</ele>
        <extensions>
          <distance>17586</distance>
        </extensions>
      </trkpt>
      <trkpt lat="22.220435" lon="113.913696">
        <ele>16</ele>
        <extensions>
          <distance>17620</distance>
        </extensions>
      </trkpt>
      <trkpt lat="22.220279" lon="113.913706">
        <ele>17</ele>
        <extensions>
          <distance>17637</distance>
        </extensions>
      </trkpt>
      <trkpt lat="22.22004" lon="113.913821">
        <ele>17</ele>
        <extensions>
          <distance>17666</distance>
        </extensions>
      </trkpt>
      <trkpt lat="22.21978" lon="113.913897">
        <ele>24</ele>
        <extensions>
          <distance>17696</distance>
        </extensions>
      </trkpt>
      <trkpt lat="22.219689" lon="113.913941">
        <ele>24</ele>
        <extensions>
          <distance>17707</distance>
        </extensions>
      </trkpt>
      <trkpt lat="22.219318" lon="113.914187">
        <ele>24</ele>
        <extensions>
          <distance>17755</distance>
        </extensions>
      </trkpt>
      <trkpt lat="22.219253" lon="113.914225">
        <ele>25</ele>
        <extensions>
          <distance>17764</distance>
        </extensions>
      </trkpt>
      <trkpt lat="22.219225" lon="113.914233">
        <ele>25</ele>
        <extensions>
          <distance>17767</distance>
        </extensions>
      </trkpt>
      <trkpt lat="22.219183" lon="113.914233">
        <ele>25</ele>
        <extensions>
          <distance>17771</distance>
        </extensions>
      </trkpt>
      <trkpt lat="22.219129" lon="113.914215">
        <ele>25</ele>
        <extensions>
          <distance>17778</distance>
        </extensions>
      </trkpt>
      <trkpt lat="22.218936" lon="113.914104">
        <ele>27</ele>
        <extensions>
          <distance>17802</distance>
        </extensions>
      </trkpt>
      <trkpt lat="22.218872" lon="113.914102">
        <ele>27</ele>
        <extensions>
          <distance>17809</distance>
        </extensions>
      </trkpt>
      <trkpt lat="22.218819" lon="113.914122">
        <ele>28</ele>
        <extensions>
          <distance>17815</distance>
        </extensions>
      </trkpt>
      <trkpt lat="22.218753" lon="113.914192">
        <ele>28</ele>
        <extensions>
          <distance>17826</distance>
        </extensions>
      </trkpt>
      <trkpt lat="22.218533" lon="113.914563">
        <ele>36</ele>
        <extensions>
          <distance>17872</distance>
        </extensions>
      </trkpt>
      <trkpt lat="22.218445" lon="113.914673">
        <ele>39</ele>
        <extensions>
          <distance>17887</distance>
        </extensions>
      </trkpt>
      <trkpt lat="22.218269" lon="113.914982">
        <ele>41</ele>
        <extensions>
          <distance>17924</distance>
        </extensions>
      </trkpt>
      <trkpt lat="22.218138" lon="113.915171">
        <ele>42</ele>
        <extensions>
          <distance>17949</distance>
        </extensions>
      </trkpt>
      <trkpt lat="22.217966" lon="113.91522">
        <ele>43</ele>
        <extensions>
          <distance>17968</distance>
        </extensions>
      </trkpt>
      <trkpt lat="22.217826" lon="113.915207">
        <ele>44</ele>
        <extensions>
          <distance>17984</distance>
        </extensions>
      </trkpt>
      <trkpt lat="22.217679" lon="113.915245">
        <ele>45</ele>
        <extensions>
          <distance>18001</distance>
        </extensions>
      </trkpt>
      <trkpt lat="22.217574" lon="113.915314">
        <ele>45</ele>
        <extensions>
          <distance>18014</distance>
        </extensions>
      </trkpt>
      <trkpt lat="22.217453" lon="113.915502">
        <ele>45</ele>
        <extensions>
          <distance>18038</distance>
        </extensions>
      </trkpt>
      <trkpt lat="22.217263" lon="113.915829">
        <ele>48</ele>
        <extensions>
          <distance>18078</distance>
        </extensions>
      </trkpt>
      <trkpt lat="22.217144" lon="113.91587">
        <ele>49</ele>
        <extensions>
          <distance>18092</distance>
        </extensions>
      </trkpt>
      <trkpt lat="22.217043" lon="113.915893">
        <ele>49</ele>
        <extensions>
          <distance>18103</distance>
        </extensions>
      </trkpt>
      <trkpt lat="22.216642" lon="113.915885">
        <ele>49</ele>
        <extensions>
          <distance>18147</distance>
        </extensions>
      </trkpt>
      <trkpt lat="22.216527" lon="113.915918">
        <ele>49</ele>
        <extensions>
          <distance>18161</distance>
        </extensions>
      </trkpt>
      <trkpt lat="22.216295" lon="113.916034">
        <ele>49</ele>
        <extensions>
          <distance>18189</distance>
        </extensions>
      </trkpt>
      <trkpt lat="22.216182" lon="113.916045">
        <ele>49</ele>
        <extensions>
          <distance>18201</distance>
        </extensions>
      </trkpt>
      <trkpt lat="22.215925" lon="113.916042">
        <ele>49</ele>
        <extensions>
          <distance>18230</distance>
        </extensions>
      </trkpt>
      <trkpt lat="22.215684" lon="113.915818">
        <ele>54</ele>
        <extensions>
          <distance>18265</distance>
        </extensions>
      </trkpt>
      <trkpt lat="22.215523" lon="113.915815">
        <ele>55</ele>
        <extensions>
          <distance>18283</distance>
        </extensions>
      </trkpt>
      <trkpt lat="22.215056" lon="113.915923">
        <ele>56</ele>
        <extensions>
          <distance>18336</distance>
        </extensions>
      </trkpt>
      <trkpt lat="22.214525" lon="113.91608">
        <ele>56</ele>
        <extensions>
          <distance>18397</distance>
        </extensions>
      </trkpt>
      <trkpt lat="22.213896" lon="113.91644">
        <ele>56</ele>
        <extensions>
          <distance>18476</distance>
        </extensions>
      </trkpt>
      <trkpt lat="22.213767" lon="113.91643">
        <ele>56</ele>
        <extensions>
          <distance>18490</distance>
        </extensions>
      </trkpt>
      <trkpt lat="22.213611" lon="113.916493">
        <ele>55</ele>
        <extensions>
          <distance>18509</distance>
        </extensions>
      </trkpt>
      <trkpt lat="22.213362" lon="113.916666">
        <ele>53</ele>
        <extensions>
          <distance>18542</distance>
        </extensions>
      </trkpt>
      <trkpt lat="22.213172" lon="113.916565">
        <ele>50</ele>
        <extensions>
          <distance>18565</distance>
        </extensions>
      </trkpt>
      <trkpt lat="22.212968" lon="113.916479">
        <ele>47</ele>
        <extensions>
          <distance>18590</distance>
        </extensions>
      </trkpt>
      <trkpt lat="22.212529" lon="113.916404">
        <ele>40</ele>
        <extensions>
          <distance>18639</distance>
        </extensions>
      </trkpt>
      <trkpt lat="22.212431" lon="113.916373">
        <ele>36</ele>
        <extensions>
          <distance>18651</distance>
        </extensions>
      </trkpt>
      <trkpt lat="22.212025" lon="113.916471">
        <ele>23</ele>
        <extensions>
          <distance>18699</distance>
        </extensions>
      </trkpt>
      <trkpt lat="22.211948" lon="113.916441">
        <ele>19</ele>
        <extensions>
          <distance>18709</distance>
        </extensions>
      </trkpt>
      <trkpt lat="22.211882" lon="113.916456">
        <ele>17</ele>
        <extensions>
          <distance>18717</distance>
        </extensions>
      </trkpt>
      <trkpt lat="22.211824" lon="113.916252">
        <ele>12</ele>
        <extensions>
          <distance>18740</distance>
        </extensions>
      </trkpt>
      <trkpt lat="22.211864" lon="113.916041">
        <ele>12</ele>
        <extensions>
          <distance>18762</distance>
        </extensions>
      </trkpt>
      <trkpt lat="22.212035" lon="113.91575">
        <ele>12</ele>
        <extensions>
          <distance>18797</distance>
        </extensions>
      </trkpt>
      <trkpt lat="22.21207" lon="113.915569">
        <ele>12</ele>
        <extensions>
          <distance>18816</distance>
        </extensions>
      </trkpt>
      <trkpt lat="22.212101" lon="113.915454">
        <ele>12</ele>
        <extensions>
          <distance>18829</distance>
        </extensions>
      </trkpt>
      <trkpt lat="22.212111" lon="113.915249">
        <ele>12</ele>
        <extensions>
          <distance>18850</distance>
        </extensions>
      </trkpt>
      <trkpt lat="22.212337" lon="113.914874">
        <ele>16</ele>
        <extensions>
          <distance>18896</distance>
        </extensions>
      </trkpt>
      <trkpt lat="22.212421" lon="113.91443">
        <ele>23</ele>
        <extensions>
          <distance>18943</distance>
        </extensions>
      </trkpt>
      <trkpt lat="22.212608" lon="113.914361">
        <ele>29</ele>
        <extensions>
          <distance>18966</distance>
        </extensions>
      </trkpt>
      <trkpt lat="22.212739" lon="113.913886">
        <ele>42</ele>
        <extensions>
          <distance>19019</distance>
        </extensions>
      </trkpt>
      <trkpt lat="22.212719" lon="113.913728">
        <ele>49</ele>
        <extensions>
          <distance>19036</distance>
        </extensions>
      </trkpt>
      <trkpt lat="22.212642" lon="113.913554">
        <ele>52</ele>
        <extensions>
          <distance>19057</distance>
        </extensions>
      </trkpt>
      <trkpt lat="22.212538" lon="113.91351">
        <ele>54</ele>
        <extensions>
          <distance>19069</distance>
        </extensions>
      </trkpt>
      <trkpt lat="22.212247" lon="113.913223">
        <ele>56</ele>
        <extensions>
          <distance>19113</distance>
        </extensions>
      </trkpt>
      <trkpt lat="22.212173" lon="113.912872">
        <ele>63</ele>
        <extensions>
          <distance>19151</distance>
        </extensions>
      </trkpt>
      <trkpt lat="22.211709" lon="113.912599">
        <ele>66</ele>
        <extensions>
          <distance>19209</distance>
        </extensions>
      </trkpt>
      <trkpt lat="22.211282" lon="113.912606">
        <ele>66</ele>
        <extensions>
          <distance>19257</distance>
        </extensions>
      </trkpt>
      <trkpt lat="22.210738" lon="113.912289">
        <ele>66</ele>
        <extensions>
          <distance>19325</distance>
        </extensions>
      </trkpt>
      <trkpt lat="22.210644" lon="113.912218">
        <ele>66</ele>
        <extensions>
          <distance>19338</distance>
        </extensions>
      </trkpt>
      <trkpt lat="22.210483" lon="113.912222">
        <ele>62</ele>
        <extensions>
          <distance>19356</distance>
        </extensions>
      </trkpt>
      <trkpt lat="22.210223" lon="113.912197">
        <ele>57</ele>
        <extensions>
          <distance>19385</distance>
        </extensions>
      </trkpt>
      <trkpt lat="22.210105" lon="113.912169">
        <ele>54</ele>
        <extensions>
          <distance>19399</distance>
        </extensions>
      </trkpt>
      <trkpt lat="22.210009" lon="113.912206">
        <ele>52</ele>
        <extensions>
          <distance>19410</distance>
        </extensions>
      </trkpt>
      <trkpt lat="22.209966" lon="113.912166">
        <ele>51</ele>
        <extensions>
          <distance>19417</distance>
        </extensions>
      </trkpt>
      <trkpt lat="22.209865" lon="113.911952">
        <ele>47</ele>
        <extensions>
          <distance>19442</distance>
        </extensions>
      </trkpt>
      <trkpt lat="22.209748" lon="113.911994">
        <ele>47</ele>
        <extensions>
          <distance>19455</distance>
        </extensions>
      </trkpt>
      <trkpt lat="22.209531" lon="113.911989">
        <ele>47</ele>
        <extensions>
          <distance>19479</distance>
        </extensions>
      </trkpt>
      <trkpt lat="22.209157" lon="113.911826">
        <ele>46</ele>
        <extensions>
          <distance>19524</distance>
        </extensions>
      </trkpt>
      <trkpt lat="22.208839" lon="113.911531">
        <ele>46</ele>
        <extensions>
          <distance>19571</distance>
        </extensions>
      </trkpt>
      <trkpt lat="22.207981" lon="113.911112">
        <ele>38</ele>
        <extensions>
          <distance>19675</distance>
        </extensions>
      </trkpt>
      <trkpt lat="22.207918" lon="113.91104">
        <ele>38</ele>
        <extensions>
          <distance>19685</distance>
        </extensions>
      </trkpt>
      <trkpt lat="22.207832" lon="113.910897">
        <ele>37</ele>
        <extensions>
          <distance>19703</distance>
        </extensions>
      </trkpt>
      <trkpt lat="22.207788" lon="113.91049">
        <ele>37</ele>
        <extensions>
          <distance>19745</distance>
        </extensions>
      </trkpt>
      <trkpt lat="22.207857" lon="113.910376">
        <ele>37</ele>
        <extensions>
          <distance>19759</distance>
        </extensions>
      </trkpt>
      <trkpt lat="22.208109" lon="113.910086">
        <ele>37</ele>
        <extensions>
          <distance>19800</distance>
        </extensions>
      </trkpt>
      <trkpt lat="22.208221" lon="113.91004">
        <ele>37</ele>
        <extensions>
          <distance>19813</distance>
        </extensions>
      </trkpt>
      <trkpt lat="22.208351" lon="113.909925">
        <ele>37</ele>
        <extensions>
          <distance>19832</distance>
        </extensions>
      </trkpt>
      <trkpt lat="22.20842" lon="113.909512">
        <ele>37</ele>
        <extensions>
          <distance>19875</distance>
        </extensions>
      </trkpt>
      <trkpt lat="22.208499" lon="113.909389">
        <ele>36</ele>
        <extensions>
          <distance>19891</distance>
        </extensions>
      </trkpt>
      <trkpt lat="22.20864" lon="113.909311">
        <ele>36</ele>
        <extensions>
          <distance>19908</distance>
        </extensions>
      </trkpt>
      <trkpt lat="22.208832" lon="113.909176">
        <ele>36</ele>
        <extensions>
          <distance>19934</distance>
        </extensions>
      </trkpt>
      <trkpt lat="22.20902" lon="113.909168">
        <ele>36</ele>
        <extensions>
          <distance>19955</distance>
        </extensions>
      </trkpt>
      <trkpt lat="22.209146" lon="113.909215">
        <ele>39</ele>
        <extensions>
          <distance>19969</distance>
        </extensions>
      </trkpt>
      <trkpt lat="22.209275" lon="113.909202">
        <ele>40</ele>
        <extensions>
          <distance>19984</distance>
        </extensions>
      </trkpt>
      <trkpt lat="22.209566" lon="113.90905">
        <ele>41</ele>
        <extensions>
          <distance>20020</distance>
        </extensions>
      </trkpt>
      <trkpt lat="22.20967" lon="113.908744">
        <ele>41</ele>
        <extensions>
          <distance>20053</distance>
        </extensions>
      </trkpt>
      <trkpt lat="22.209753" lon="113.908591">
        <ele>42</ele>
        <extensions>
          <distance>20071</distance>
        </extensions>
      </trkpt>
      <trkpt lat="22.209784" lon="113.908351">
        <ele>42</ele>
        <extensions>
          <distance>20096</distance>
        </extensions>
      </trkpt>
      <trkpt lat="22.209945" lon="113.907938">
        <ele>42</ele>
        <extensions>
          <distance>20143</distance>
        </extensions>
      </trkpt>
      <trkpt lat="22.210007" lon="113.907836">
        <ele>42</ele>
        <extensions>
          <distance>20155</distance>
        </extensions>
      </trkpt>
      <trkpt lat="22.210171" lon="113.907679">
        <ele>41</ele>
        <extensions>
          <distance>20179</distance>
        </extensions>
      </trkpt>
      <trkpt lat="22.210319" lon="113.907415">
        <ele>40</ele>
        <extensions>
          <distance>20211</distance>
        </extensions>
      </trkpt>
      <trkpt lat="22.210396" lon="113.907325">
        <ele>40</ele>
        <extensions>
          <distance>20224</distance>
        </extensions>
      </trkpt>
      <trkpt lat="22.210612" lon="113.907241">
        <ele>38</ele>
        <extensions>
          <distance>20249</distance>
        </extensions>
      </trkpt>
      <trkpt lat="22.210847" lon="113.907093">
        <ele>38</ele>
        <extensions>
          <distance>20280</distance>
        </extensions>
      </trkpt>
      <trkpt lat="22.211074" lon="113.906755">
        <ele>38</ele>
        <extensions>
          <distance>20322</distance>
        </extensions>
      </trkpt>
      <trkpt lat="22.211134" lon="113.906605">
        <ele>38</ele>
        <extensions>
          <distance>20339</distance>
        </extensions>
      </trkpt>
      <trkpt lat="22.211466" lon="113.90626">
        <ele>37</ele>
        <extensions>
          <distance>20390</distance>
        </extensions>
      </trkpt>
      <trkpt lat="22.211555" lon="113.906126">
        <ele>35</ele>
        <extensions>
          <distance>20408</distance>
        </extensions>
      </trkpt>
      <trkpt lat="22.21153" lon="113.905907">
        <ele>32</ele>
        <extensions>
          <distance>20431</distance>
        </extensions>
      </trkpt>
      <trkpt lat="22.211575" lon="113.90573">
        <ele>32</ele>
        <extensions>
          <distance>20449</distance>
        </extensions>
      </trkpt>
      <trkpt lat="22.21164" lon="113.905635">
        <ele>32</ele>
        <extensions>
          <distance>20462</distance>
        </extensions>
      </trkpt>
      <trkpt lat="22.211773" lon="113.90557">
        <ele>32</ele>
        <extensions>
          <distance>20478</distance>
        </extensions>
      </trkpt>
      <trkpt lat="22.211971" lon="113.90554">
        <ele>33</ele>
        <extensions>
          <distance>20500</distance>
        </extensions>
      </trkpt>
      <trkpt lat="22.212069" lon="113.90543">
        <ele>33</ele>
        <extensions>
          <distance>20516</distance>
        </extensions>
      </trkpt>
      <trkpt lat="22.212123" lon="113.905232">
        <ele>33</ele>
        <extensions>
          <distance>20537</distance>
        </extensions>
      </trkpt>
      <trkpt lat="22.212289" lon="113.905076">
        <ele>33</ele>
        <extensions>
          <distance>20561</distance>
        </extensions>
      </trkpt>
      <trkpt lat="22.212443" lon="113.904829">
        <ele>33</ele>
        <extensions>
          <distance>20592</distance>
        </extensions>
      </trkpt>
      <trkpt lat="22.21257" lon="113.904663">
        <ele>33</ele>
        <extensions>
          <distance>20614</distance>
        </extensions>
      </trkpt>
      <trkpt lat="22.212759" lon="113.904573">
        <ele>33</ele>
        <extensions>
          <distance>20637</distance>
        </extensions>
      </trkpt>
      <trkpt lat="22.212971" lon="113.904544">
        <ele>33</ele>
        <extensions>
          <distance>20661</distance>
        </extensions>
      </trkpt>
      <trkpt lat="22.213113" lon="113.904571">
        <ele>33</ele>
        <extensions>
          <distance>20677</distance>
        </extensions>
      </trkpt>
      <trkpt lat="22.213327" lon="113.904752">
        <ele>40</ele>
        <extensions>
          <distance>20707</distance>
        </extensions>
      </trkpt>
      <trkpt lat="22.21351" lon="113.904918">
        <ele>44</ele>
        <extensions>
          <distance>20734</distance>
        </extensions>
      </trkpt>
      <trkpt lat="22.21365" lon="113.905073">
        <ele>47</ele>
        <extensions>
          <distance>20756</distance>
        </extensions>
      </trkpt>
      <trkpt lat="22.21391" lon="113.905242">
        <ele>47</ele>
        <extensions>
          <distance>20790</distance>
        </extensions>
      </trkpt>
      <trkpt lat="22.214184" lon="113.905317">
        <ele>48</ele>
        <extensions>
          <distance>20821</distance>
        </extensions>
      </trkpt>
      <trkpt lat="22.214199" lon="113.905026">
        <ele>48</ele>
        <extensions>
          <distance>20851</distance>
        </extensions>
      </trkpt>
      <trkpt lat="22.214462" lon="113.904965">
        <ele>48</ele>
        <extensions>
          <distance>20881</distance>
        </extensions>
      </trkpt>
      <trkpt lat="22.214568" lon="113.904685">
        <ele>48</ele>
        <extensions>
          <distance>20912</distance>
        </extensions>
      </trkpt>
      <trkpt lat="22.214672" lon="113.90451">
        <ele>48</ele>
        <extensions>
          <distance>20934</distance>
        </extensions>
      </trkpt>
      <trkpt lat="22.214747" lon="113.904282">
        <ele>48</ele>
        <extensions>
          <distance>20959</distance>
        </extensions>
      </trkpt>
      <trkpt lat="22.21484" lon="113.904184">
        <ele>48</ele>
        <extensions>
          <distance>20973</distance>
        </extensions>
      </trkpt>
      <trkpt lat="22.21493" lon="113.904152">
        <ele>48</ele>
        <extensions>
          <distance>20983</distance>
        </extensions>
      </trkpt>
      <trkpt lat="22.215071" lon="113.904205">
        <ele>53</ele>
        <extensions>
          <distance>21000</distance>
        </extensions>
      </trkpt>
      <trkpt lat="22.215168" lon="113.904216">
        <ele>53</ele>
        <extensions>
          <distance>21011</distance>
        </extensions>
      </trkpt>
      <trkpt lat="22.215347" lon="113.90407">
        <ele>53</ele>
        <extensions>
          <distance>21036</distance>
        </extensions>
      </trkpt>
      <trkpt lat="22.215524" lon="113.903846">
        <ele>53</ele>
        <extensions>
          <distance>21066</distance>
        </extensions>
      </trkpt>
      <trkpt lat="22.215339" lon="113.90374">
        <ele>49</ele>
        <extensions>
          <distance>21089</distance>
        </extensions>
      </trkpt>
      <trkpt lat="22.215273" lon="113.903418">
        <ele>49</ele>
        <extensions>
          <distance>21123</distance>
        </extensions>
      </trkpt>
      <trkpt lat="22.215311" lon="113.903274">
        <ele>49</ele>
        <extensions>
          <distance>21139</distance>
        </extensions>
      </trkpt>
      <trkpt lat="22.215461" lon="113.903132">
        <ele>49</ele>
        <extensions>
          <distance>21161</distance>
        </extensions>
      </trkpt>
      <trkpt lat="22.215786" lon="113.902941">
        <ele>52</ele>
        <extensions>
          <distance>21202</distance>
        </extensions>
      </trkpt>
      <trkpt lat="22.215779" lon="113.902794">
        <ele>54</ele>
        <extensions>
          <distance>21217</distance>
        </extensions>
      </trkpt>
      <trkpt lat="22.215808" lon="113.902667">
        <ele>55</ele>
        <extensions>
          <distance>21231</distance>
        </extensions>
      </trkpt>
      <trkpt lat="22.215774" lon="113.902425">
        <ele>56</ele>
        <extensions>
          <distance>21256</distance>
        </extensions>
      </trkpt>
      <trkpt lat="22.216032" lon="113.901949">
        <ele>56</ele>
        <extensions>
          <distance>21313</distance>
        </extensions>
      </trkpt>
      <trkpt lat="22.216048" lon="113.901634">
        <ele>56</ele>
        <extensions>
          <distance>21345</distance>
        </extensions>
      </trkpt>
      <trkpt lat="22.216032" lon="113.901493">
        <ele>56</ele>
        <extensions>
          <distance>21360</distance>
        </extensions>
      </trkpt>
      <trkpt lat="22.216164" lon="113.901327">
        <ele>56</ele>
        <extensions>
          <distance>21383</distance>
        </extensions>
      </trkpt>
      <trkpt lat="22.216275" lon="113.900999">
        <ele>54</ele>
        <extensions>
          <distance>21419</distance>
        </extensions>
      </trkpt>
      <trkpt lat="22.216291" lon="113.900804">
        <ele>52</ele>
        <extensions>
          <distance>21439</distance>
        </extensions>
      </trkpt>
      <trkpt lat="22.216331" lon="113.900728">
        <ele>51</ele>
        <extensions>
          <distance>21448</distance>
        </extensions>
      </trkpt>
      <trkpt lat="22.216769" lon="113.900619">
        <ele>37</ele>
        <extensions>
          <distance>21500</distance>
        </extensions>
      </trkpt>
      <trkpt lat="22.217077" lon="113.900481">
        <ele>29</ele>
        <extensions>
          <distance>21537</distance>
        </extensions>
      </trkpt>
      <trkpt lat="22.217423" lon="113.900203">
        <ele>22</ele>
        <extensions>
          <distance>21586</distance>
        </extensions>
      </trkpt>
      <trkpt lat="22.217506" lon="113.900127">
        <ele>19</ele>
        <extensions>
          <distance>21598</distance>
        </extensions>
      </trkpt>
      <trkpt lat="22.217655" lon="113.899958">
        <ele>16</ele>
        <extensions>
          <distance>21622</distance>
        </extensions>
      </trkpt>
      <trkpt lat="22.217713" lon="113.899893">
        <ele>14</ele>
        <extensions>
          <distance>21632</distance>
        </extensions>
      </trkpt>
      <trkpt lat="22.217846" lon="113.899808">
        <ele>11</ele>
        <extensions>
          <distance>21649</distance>
        </extensions>
      </trkpt>
      <trkpt lat="22.218011" lon="113.899681">
        <ele>9</ele>
        <extensions>
          <distance>21672</distance>
        </extensions>
      </trkpt>
      <trkpt lat="22.218267" lon="113.899442">
        <ele>9</ele>
        <extensions>
          <distance>21709</distance>
        </extensions>
      </trkpt>
      <trkpt lat="22.218469" lon="113.899234">
        <ele>9</ele>
        <extensions>
          <distance>21740</distance>
        </extensions>
      </trkpt>
      <trkpt lat="22.218614" lon="113.89907">
        <ele>9</ele>
        <extensions>
          <distance>21764</distance>
        </extensions>
      </trkpt>
      <trkpt lat="22.218913" lon="113.898798">
        <ele>7</ele>
        <extensions>
          <distance>21807</distance>
        </extensions>
      </trkpt>
      <trkpt lat="22.219085" lon="113.898814">
        <ele>7</ele>
        <extensions>
          <distance>21826</distance>
        </extensions>
      </trkpt>
      <trkpt lat="22.219242" lon="113.898971">
        <ele>7</ele>
        <extensions>
          <distance>21850</distance>
        </extensions>
      </trkpt>
      <trkpt lat="22.219325" lon="113.898969">
        <ele>6</ele>
        <extensions>
          <distance>21859</distance>
        </extensions>
      </trkpt>
      <trkpt lat="22.219548" lon="113.898937">
        <ele>5</ele>
        <extensions>
          <distance>21884</distance>
        </extensions>
      </trkpt>
      <trkpt lat="22.219776" lon="113.898884">
        <ele>5</ele>
        <extensions>
          <distance>21910</distance>
        </extensions>
      </trkpt>
      <trkpt lat="22.21999" lon="113.898688">
        <ele>5</ele>
        <extensions>
          <distance>21941</distance>
        </extensions>
      </trkpt>
      <trkpt lat="22.220117" lon="113.898749">
        <ele>5</ele>
        <extensions>
          <distance>21957</distance>
        </extensions>
      </trkpt>
      <trkpt lat="22.220267" lon="113.898854">
        <ele>5</ele>
        <extensions>
          <distance>21976</distance>
        </extensions>
      </trkpt>
      <trkpt lat="22.220563" lon="113.899334">
        <ele>9</ele>
        <extensions>
          <distance>22036</distance>
        </extensions>
      </trkpt>
      <trkpt lat="22.220715" lon="113.899535">
        <ele>11</ele>
        <extensions>
          <distance>22063</distance>
        </extensions>
      </trkpt>
      <trkpt lat="22.221008" lon="113.899606">
        <ele>18</ele>
        <extensions>
          <distance>22097</distance>
        </extensions>
      </trkpt>
      <trkpt lat="22.221525" lon="113.899394">
        <ele>26</ele>
        <extensions>
          <distance>22158</distance>
        </extensions>
      </trkpt>
      <trkpt lat="22.221777" lon="113.899239">
        <ele>28</ele>
        <extensions>
          <distance>22191</distance>
        </extensions>
      </trkpt>
      <trkpt lat="22.222019" lon="113.899148">
        <ele>33</ele>
        <extensions>
          <distance>22219</distance>
        </extensions>
      </trkpt>
      <trkpt lat="22.222261" lon="113.898929">
        <ele>34</ele>
        <extensions>
          <distance>22254</distance>
        </extensions>
      </trkpt>
      <trkpt lat="22.222503" lon="113.898795">
        <ele>38</ele>
        <extensions>
          <distance>22285</distance>
        </extensions>
      </trkpt>
      <trkpt lat="22.222564" lon="113.898644">
        <ele>39</ele>
        <extensions>
          <distance>22302</distance>
        </extensions>
      </trkpt>
      <trkpt lat="22.222641" lon="113.89839">
        <ele>39</ele>
        <extensions>
          <distance>22329</distance>
        </extensions>
      </trkpt>
      <trkpt lat="22.222706" lon="113.898239">
        <ele>39</ele>
        <extensions>
          <distance>22347</distance>
        </extensions>
      </trkpt>
      <trkpt lat="22.22295" lon="113.898051">
        <ele>39</ele>
        <extensions>
          <distance>22380</distance>
        </extensions>
      </trkpt>
      <trkpt lat="22.223079" lon="113.89791">
        <ele>39</ele>
        <extensions>
          <distance>22400</distance>
        </extensions>
      </trkpt>
      <trkpt lat="22.223455" lon="113.897896">
        <ele>44</ele>
        <extensions>
          <distance>22442</distance>
        </extensions>
      </trkpt>
      <trkpt lat="22.223945" lon="113.897798">
        <ele>51</ele>
        <extensions>
          <distance>22498</distance>
        </extensions>
      </trkpt>
      <trkpt lat="22.224218" lon="113.897722">
        <ele>53</ele>
        <extensions>
          <distance>22529</distance>
        </extensions>
      </trkpt>
      <trkpt lat="22.224656" lon="113.89778">
        <ele>60</ele>
        <extensions>
          <distance>22578</distance>
        </extensions>
      </trkpt>
      <trkpt lat="22.224976" lon="113.897748">
        <ele>60</ele>
        <extensions>
          <distance>22614</distance>
        </extensions>
      </trkpt>
      <trkpt lat="22.22519" lon="113.89779">
        <ele>60</ele>
        <extensions>
          <distance>22638</distance>
        </extensions>
      </trkpt>
      <trkpt lat="22.225313" lon="113.897854">
        <ele>60</ele>
        <extensions>
          <distance>22653</distance>
        </extensions>
      </trkpt>
      <trkpt lat="22.225371" lon="113.897869">
        <ele>60</ele>
        <extensions>
          <distance>22660</distance>
        </extensions>
      </trkpt>
      <trkpt lat="22.22561" lon="113.897872">
        <ele>57</ele>
        <extensions>
          <distance>22686</distance>
        </extensions>
      </trkpt>
      <trkpt lat="22.2257" lon="113.897887">
        <ele>57</ele>
        <extensions>
          <distance>22696</distance>
        </extensions>
      </trkpt>
      <trkpt lat="22.225755" lon="113.897906">
        <ele>57</ele>
        <extensions>
          <distance>22703</distance>
        </extensions>
      </trkpt>
      <trkpt lat="22.22596" lon="113.89798">
        <ele>57</ele>
        <extensions>
          <distance>22727</distance>
        </extensions>
      </trkpt>
      <trkpt lat="22.226046875" lon="113.89781937500001">
        <ele>54</ele>
        <extensions>
          <distance>22746</distance>
        </extensions>
      </trkpt>
      <trkpt lat="22.226133750000002" lon="113.89765875">
        <ele>52</ele>
        <extensions>
          <distance>22765</distance>
        </extensions>
      </trkpt>
      <trkpt lat="22.226220625000003" lon="113.897498125">
        <ele>49</ele>
        <extensions>
          <distance>22784</distance>
        </extensions>
      </trkpt>
      <trkpt lat="22.2263075" lon="113.89733749999999">
        <ele>47</ele>
        <extensions>
          <distance>22804</distance>
        </extensions>
      </trkpt>
      <trkpt lat="22.226394374999998" lon="113.89717687499999">
        <ele>45</ele>
        <extensions>
          <distance>22823</distance>
        </extensions>
      </trkpt>
      <trkpt lat="22.22648125" lon="113.89701625">
        <ele>44</ele>
        <extensions>
          <distance>22842</distance>
        </extensions>
      </trkpt>
      <trkpt lat="22.226568125" lon="113.896855625">
        <ele>44</ele>
        <extensions>
          <distance>22861</distance>
        </extensions>
      </trkpt>
      <trkpt lat="22.226655" lon="113.896695">
        <ele>44</ele>
        <extensions>
          <distance>22880</distance>
        </extensions>
      </trkpt>
      <trkpt lat="22.226741875000002" lon="113.89653437499999">
        <ele>43</ele>
        <extensions>
          <distance>22900</distance>
        </extensions>
      </trkpt>
      <trkpt lat="22.226828750000003" lon="113.89637375">
        <ele>42</ele>
        <extensions>
          <distance>22919</distance>
        </extensions>
      </trkpt>
      <trkpt lat="22.226915625000004" lon="113.896213125">
        <ele>40</ele>
        <extensions>
          <distance>22938</distance>
        </extensions>
      </trkpt>
      <trkpt lat="22.2270025" lon="113.8960525">
        <ele>40</ele>
        <extensions>
          <distance>22957</distance>
        </extensions>
      </trkpt>
      <trkpt lat="22.227089375" lon="113.89589187499999">
        <ele>40</ele>
        <extensions>
          <distance>22976</distance>
        </extensions>
      </trkpt>
      <trkpt lat="22.22717625" lon="113.89573125">
        <ele>40</ele>
        <extensions>
          <distance>22995</distance>
        </extensions>
      </trkpt>
      <trkpt lat="22.227263125" lon="113.895570625">
        <ele>41</ele>
        <extensions>
          <distance>23015</distance>
        </extensions>
      </trkpt>
      <trkpt lat="22.22735" lon="113.89541">
        <ele>44</ele>
        <extensions>
          <distance>23034</distance>
        </extensions>
      </trkpt>
      <trkpt lat="22.227422500000003" lon="113.89520375000001">
        <ele>48</ele>
        <extensions>
          <distance>23057</distance>
        </extensions>
      </trkpt>
      <trkpt lat="22.227495" lon="113.8949975">
        <ele>48</ele>
        <extensions>
          <distance>23080</distance>
        </extensions>
      </trkpt>
      <trkpt lat="22.2275675" lon="113.89479125">
        <ele>48</ele>
        <extensions>
          <distance>23103</distance>
        </extensions>
      </trkpt>
      <trkpt lat="22.22764" lon="113.894585">
        <ele>48</ele>
        <extensions>
          <distance>23125</distance>
        </extensions>
      </trkpt>
      <trkpt lat="22.227712500000003" lon="113.89437875">
        <ele>47</ele>
        <extensions>
          <distance>23148</distance>
        </extensions>
      </trkpt>
      <trkpt lat="22.227785" lon="113.8941725">
        <ele>46</ele>
        <extensions>
          <distance>23171</distance>
        </extensions>
      </trkpt>
      <trkpt lat="22.2278575" lon="113.89396625">
        <ele>46</ele>
        <extensions>
          <distance>23193</distance>
        </extensions>
      </trkpt>
      <trkpt lat="22.22793" lon="113.89376">
        <ele>45</ele>
        <extensions>
          <distance>23216</distance>
        </extensions>
      </trkpt>
      <trkpt lat="22.22797625" lon="113.89353125">
        <ele>44</ele>
        <extensions>
          <distance>23240</distance>
        </extensions>
      </trkpt>
      <trkpt lat="22.2280225" lon="113.8933025">
        <ele>44</ele>
        <extensions>
          <distance>23265</distance>
        </extensions>
      </trkpt>
      <trkpt lat="22.228068750000002" lon="113.89307375">
        <ele>43</ele>
        <extensions>
          <distance>23289</distance>
        </extensions>
      </trkpt>
      <trkpt lat="22.228115000000003" lon="113.892845">
        <ele>42</ele>
        <extensions>
          <distance>23313</distance>
        </extensions>
      </trkpt>
      <trkpt lat="22.228161250000003" lon="113.89261625">
        <ele>42</ele>
        <extensions>
          <distance>23337</distance>
        </extensions>
      </trkpt>
      <trkpt lat="22.228207500000003" lon="113.8923875">
        <ele>42</ele>
        <extensions>
          <distance>23361</distance>
        </extensions>
      </trkpt>
      <trkpt lat="22.22825375" lon="113.89215875">
        <ele>42</ele>
        <extensions>
          <distance>23385</distance>
        </extensions>
      </trkpt>
      <trkpt lat="22.2283" lon="113.89193">
        <ele>42</ele>
        <extensions>
          <distance>23409</distance>
        </extensions>
      </trkpt>
      <trkpt lat="22.2282175" lon="113.8917125">
        <ele>42</ele>
        <extensions>
          <distance>23434</distance>
        </extensions>
      </trkpt>
      <trkpt lat="22.228135" lon="113.89149499999999">
        <ele>48</ele>
        <extensions>
          <distance>23458</distance>
        </extensions>
      </trkpt>
      <trkpt lat="22.2280525" lon="113.8912775">
        <ele>56</ele>
        <extensions>
          <distance>23483</distance>
        </extensions>
      </trkpt>
      <trkpt lat="22.22797" lon="113.89106">
        <ele>65</ele>
        <extensions>
          <distance>23509</distance>
        </extensions>
      </trkpt>
      <trkpt lat="22.22782" lon="113.89105749999999">
        <ele>68</ele>
        <extensions>
          <distance>23526</distance>
        </extensions>
      </trkpt>
      <trkpt lat="22.22767" lon="113.891055">
        <ele>68</ele>
        <extensions>
          <distance>23543</distance>
        </extensions>
      </trkpt>
      <trkpt lat="22.22752" lon="113.8910525">
        <ele>68</ele>
        <extensions>
          <distance>23559</distance>
        </extensions>
      </trkpt>
      <trkpt lat="22.22737" lon="113.89105">
        <ele>68</ele>
        <extensions>
          <distance>23576</distance>
        </extensions>
      </trkpt>
      <trkpt lat="22.22718" lon="113.89119">
        <ele>68</ele>
        <extensions>
          <distance>23601</distance>
        </extensions>
      </trkpt>
      <trkpt lat="22.22699" lon="113.89133">
        <ele>67</ele>
        <extensions>
          <distance>23627</distance>
        </extensions>
      </trkpt>
      <trkpt lat="22.226845" lon="113.89133999999999">
        <ele>67</ele>
        <extensions>
          <distance>23643</distance>
        </extensions>
      </trkpt>
      <trkpt lat="22.2267" lon="113.89134999999999">
        <ele>67</ele>
        <extensions>
          <distance>23659</distance>
        </extensions>
      </trkpt>
      <trkpt lat="22.226555" lon="113.89135999999999">
        <ele>67</ele>
        <extensions>
          <distance>23675</distance>
        </extensions>
      </trkpt>
      <trkpt lat="22.22641" lon="113.89137">
        <ele>67</ele>
        <extensions>
          <distance>23691</distance>
        </extensions>
      </trkpt>
      <trkpt lat="22.226293125" lon="113.8912575">
        <ele>68</ele>
        <extensions>
          <distance>23709</distance>
        </extensions>
      </trkpt>
      <trkpt lat="22.226168" lon="113.891154">
        <ele>69</ele>
        <extensions>
          <distance>23726</distance>
        </extensions>
      </trkpt>
      <trkpt lat="22.225908" lon="113.890963">
        <ele>69</ele>
        <extensions>
          <distance>23761</distance>
        </extensions>
      </trkpt>
      <trkpt lat="22.225777" lon="113.890883">
        <ele>70</ele>
        <extensions>
          <distance>23778</distance>
        </extensions>
      </trkpt>
      <trkpt lat="22.225745" lon="113.890826">
        <ele>70</ele>
        <extensions>
          <distance>23785</distance>
        </extensions>
      </trkpt>
      <trkpt lat="22.225696" lon="113.890619">
        <ele>77</ele>
        <extensions>
          <distance>23808</distance>
        </extensions>
      </trkpt>
      <trkpt lat="22.225667" lon="113.890579">
        <ele>77</ele>
        <extensions>
          <distance>23813</distance>
        </extensions>
      </trkpt>
      <trkpt lat="22.225541" lon="113.890481">
        <ele>78</ele>
        <extensions>
          <distance>23830</distance>
        </extensions>
      </trkpt>
      <trkpt lat="22.225477" lon="113.890457">
        <ele>78</ele>
        <extensions>
          <distance>23838</distance>
        </extensions>
      </trkpt>
      <trkpt lat="22.225362" lon="113.890341">
        <ele>79</ele>
        <extensions>
          <distance>23855</distance>
        </extensions>
      </trkpt>
      <trkpt lat="22.225171" lon="113.890063">
        <ele>87</ele>
        <extensions>
          <distance>23891</distance>
        </extensions>
      </trkpt>
      <trkpt lat="22.225061" lon="113.889941">
        <ele>89</ele>
        <extensions>
          <distance>23909</distance>
        </extensions>
      </trkpt>
      <trkpt lat="22.224976" lon="113.88987">
        <ele>89</ele>
        <extensions>
          <distance>23921</distance>
        </extensions>
      </trkpt>
      <trkpt lat="22.224759" lon="113.889775">
        <ele>89</ele>
        <extensions>
          <distance>23947</distance>
        </extensions>
      </trkpt>
      <trkpt lat="22.224596" lon="113.88968">
        <ele>89</ele>
        <extensions>
          <distance>23968</distance>
        </extensions>
      </trkpt>
      <trkpt lat="22.224537" lon="113.889565">
        <ele>89</ele>
        <extensions>
          <distance>23981</distance>
        </extensions>
      </trkpt>
      <trkpt lat="22.224516" lon="113.889437">
        <ele>89</ele>
        <extensions>
          <distance>23994</distance>
        </extensions>
      </trkpt>
      <trkpt lat="22.224535" lon="113.889326">
        <ele>87</ele>
        <extensions>
          <distance>24006</distance>
        </extensions>
      </trkpt>
      <trkpt lat="22.22461" lon="113.88922">
        <ele>86</ele>
        <extensions>
          <distance>24020</distance>
        </extensions>
      </trkpt>
      <trkpt lat="22.224683" lon="113.889172">
        <ele>86</ele>
        <extensions>
          <distance>24029</distance>
        </extensions>
      </trkpt>
      <trkpt lat="22.224739" lon="113.889162">
        <ele>86</ele>
        <extensions>
          <distance>24036</distance>
        </extensions>
      </trkpt>
      <trkpt lat="22.224957" lon="113.889205">
        <ele>86</ele>
        <extensions>
          <distance>24060</distance>
        </extensions>
      </trkpt>
      <trkpt lat="22.225026" lon="113.889212">
        <ele>86</ele>
        <extensions>
          <distance>24068</distance>
        </extensions>
      </trkpt>
      <trkpt lat="22.225084" lon="113.889203">
        <ele>86</ele>
        <extensions>
          <distance>24074</distance>
        </extensions>
      </trkpt>
      <trkpt lat="22.225136" lon="113.889169">
        <ele>86</ele>
        <extensions>
          <distance>24081</distance>
        </extensions>
      </trkpt>
      <trkpt lat="22.225176" lon="113.889113">
        <ele>86</ele>
        <extensions>
          <distance>24088</distance>
        </extensions>
      </trkpt>
      <trkpt lat="22.225197" lon="113.889064">
        <ele>85</ele>
        <extensions>
          <distance>24094</distance>
        </extensions>
      </trkpt>
      <trkpt lat="22.22527" lon="113.888731">
        <ele>76</ele>
        <extensions>
          <distance>24130</distance>
        </extensions>
      </trkpt>
      <trkpt lat="22.225318" lon="113.888593">
        <ele>75</ele>
        <extensions>
          <distance>24146</distance>
        </extensions>
      </trkpt>
      <trkpt lat="22.225349" lon="113.888536">
        <ele>75</ele>
        <extensions>
          <distance>24152</distance>
        </extensions>
      </trkpt>
      <trkpt lat="22.225396" lon="113.888473">
        <ele>75</ele>
        <extensions>
          <distance>24161</distance>
        </extensions>
      </trkpt>
      <trkpt lat="22.2255" lon="113.888381">
        <ele>75</ele>
        <extensions>
          <distance>24176</distance>
        </extensions>
      </trkpt>
      <trkpt lat="22.225531" lon="113.888344">
        <ele>75</ele>
        <extensions>
          <distance>24181</distance>
        </extensions>
      </trkpt>
      <trkpt lat="22.225551" lon="113.888306">
        <ele>77</ele>
        <extensions>
          <distance>24185</distance>
        </extensions>
      </trkpt>
      <trkpt lat="22.225559" lon="113.888265">
        <ele>77</ele>
        <extensions>
          <distance>24190</distance>
        </extensions>
      </trkpt>
      <trkpt lat="22.225546" lon="113.888191">
        <ele>77</ele>
        <extensions>
          <distance>24197</distance>
        </extensions>
      </trkpt>
      <trkpt lat="22.225517" lon="113.888141">
        <ele>77</ele>
        <extensions>
          <distance>24203</distance>
        </extensions>
      </trkpt>
      <trkpt lat="22.225214" lon="113.887824">
        <ele>73</ele>
        <extensions>
          <distance>24250</distance>
        </extensions>
      </trkpt>
      <trkpt lat="22.225125" lon="113.88775">
        <ele>73</ele>
        <extensions>
          <distance>24263</distance>
        </extensions>
      </trkpt>
      <trkpt lat="22.224892" lon="113.887609">
        <ele>70</ele>
        <extensions>
          <distance>24293</distance>
        </extensions>
      </trkpt>
      <trkpt lat="22.224819" lon="113.887556">
        <ele>70</ele>
        <extensions>
          <distance>24302</distance>
        </extensions>
      </trkpt>
      <trkpt lat="22.224621" lon="113.887343">
        <ele>70</ele>
        <extensions>
          <distance>24333</distance>
        </extensions>
      </trkpt>
      <trkpt lat="22.224541" lon="113.88721">
        <ele>70</ele>
        <extensions>
          <distance>24350</distance>
        </extensions>
      </trkpt>
      <trkpt lat="22.224502" lon="113.887099">
        <ele>71</ele>
        <extensions>
          <distance>24362</distance>
        </extensions>
      </trkpt>
      <trkpt lat="22.224496" lon="113.887032">
        <ele>72</ele>
        <extensions>
          <distance>24369</distance>
        </extensions>
      </trkpt>
      <trkpt lat="22.224473" lon="113.886947">
        <ele>72</ele>
        <extensions>
          <distance>24378</distance>
        </extensions>
      </trkpt>
      <trkpt lat="22.224437" lon="113.886895">
        <ele>73</ele>
        <extensions>
          <distance>24385</distance>
        </extensions>
      </trkpt>
      <trkpt lat="22.224395" lon="113.886858">
        <ele>73</ele>
        <extensions>
          <distance>24391</distance>
        </extensions>
      </trkpt>
      <trkpt lat="22.224356" lon="113.886836">
        <ele>73</ele>
        <extensions>
          <distance>24396</distance>
        </extensions>
      </trkpt>
      <trkpt lat="22.224328" lon="113.886799">
        <ele>74</ele>
        <extensions>
          <distance>24401</distance>
        </extensions>
      </trkpt>
      <trkpt lat="22.22432" lon="113.886725">
        <ele>76</ele>
        <extensions>
          <distance>24409</distance>
        </extensions>
      </trkpt>
      <trkpt lat="22.224328" lon="113.886483">
        <ele>79</ele>
        <extensions>
          <distance>24434</distance>
        </extensions>
      </trkpt>
      <trkpt lat="22.224347" lon="113.886251">
        <ele>81</ele>
        <extensions>
          <distance>24458</distance>
        </extensions>
      </trkpt>
      <trkpt lat="22.224376" lon="113.886056">
        <ele>84</ele>
        <extensions>
          <distance>24478</distance>
        </extensions>
      </trkpt>
      <trkpt lat="22.224349" lon="113.885928">
        <ele>87</ele>
        <extensions>
          <distance>24492</distance>
        </extensions>
      </trkpt>
      <trkpt lat="22.224302" lon="113.885801">
        <ele>90</ele>
        <extensions>
          <distance>24507</distance>
        </extensions>
      </trkpt>
      <trkpt lat="22.224197" lon="113.885585">
        <ele>90</ele>
        <extensions>
          <distance>24532</distance>
        </extensions>
      </trkpt>
      <trkpt lat="22.224007" lon="113.885237">
        <ele>90</ele>
        <extensions>
          <distance>24573</distance>
        </extensions>
      </trkpt>
      <trkpt lat="22.223961" lon="113.885172">
        <ele>91</ele>
        <extensions>
          <distance>24582</distance>
        </extensions>
      </trkpt>
      <trkpt lat="22.223935" lon="113.885073">
        <ele>92</ele>
        <extensions>
          <distance>24592</distance>
        </extensions>
      </trkpt>
      <trkpt lat="22.22393" lon="113.885013">
        <ele>92</ele>
        <extensions>
          <distance>24599</distance>
        </extensions>
      </trkpt>
      <trkpt lat="22.223945" lon="113.884939">
        <ele>92</ele>
        <extensions>
          <distance>24606</distance>
        </extensions>
      </trkpt>
      <trkpt lat="22.224053" lon="113.88465">
        <ele>99</ele>
        <extensions>
          <distance>24639</distance>
        </extensions>
      </trkpt>
      <trkpt lat="22.224083" lon="113.884509">
        <ele>99</ele>
        <extensions>
          <distance>24654</distance>
        </extensions>
      </trkpt>
      <trkpt lat="22.224075" lon="113.884411">
        <ele>99</ele>
        <extensions>
          <distance>24664</distance>
        </extensions>
      </trkpt>
      <trkpt lat="22.224046" lon="113.88431">
        <ele>99</ele>
        <extensions>
          <distance>24675</distance>
        </extensions>
      </trkpt>
      <trkpt lat="22.223983" lon="113.884161">
        <ele>95</ele>
        <extensions>
          <distance>24692</distance>
        </extensions>
      </trkpt>
      <trkpt lat="22.223971" lon="113.884064">
        <ele>95</ele>
        <extensions>
          <distance>24702</distance>
        </extensions>
      </trkpt>
      <trkpt lat="22.224001" lon="113.884005">
        <ele>95</ele>
        <extensions>
          <distance>24709</distance>
        </extensions>
      </trkpt>
      <trkpt lat="22.2241" lon="113.883911">
        <ele>95</ele>
        <extensions>
          <distance>24724</distance>
        </extensions>
      </trkpt>
      <trkpt lat="22.224152" lon="113.883833">
        <ele>93</ele>
        <extensions>
          <distance>24734</distance>
        </extensions>
      </trkpt>
      <trkpt lat="22.224173" lon="113.883723">
        <ele>93</ele>
        <extensions>
          <distance>24745</distance>
        </extensions>
      </trkpt>
      <trkpt lat="22.224142" lon="113.883382">
        <ele>85</ele>
        <extensions>
          <distance>24781</distance>
        </extensions>
      </trkpt>
      <trkpt lat="22.224029" lon="113.882925">
        <ele>77</ele>
        <extensions>
          <distance>24831</distance>
        </extensions>
      </trkpt>
      <trkpt lat="22.224044" lon="113.88266">
        <ele>77</ele>
        <extensions>
          <distance>24858</distance>
        </extensions>
      </trkpt>
      <trkpt lat="22.224034" lon="113.882511">
        <ele>77</ele>
        <extensions>
          <distance>24873</distance>
        </extensions>
      </trkpt>
      <trkpt lat="22.224037" lon="113.88246">
        <ele>77</ele>
        <extensions>
          <distance>24879</distance>
        </extensions>
      </trkpt>
      <trkpt lat="22.224125" lon="113.882254">
        <ele>77</ele>
        <extensions>
          <distance>24902</distance>
        </extensions>
      </trkpt>
      <trkpt lat="22.224136" lon="113.882192">
        <ele>77</ele>
        <extensions>
          <distance>24909</distance>
        </extensions>
      </trkpt>
      <trkpt lat="22.22404" lon="113.881687">
        <ele>77</ele>
        <extensions>
          <distance>24962</distance>
        </extensions>
      </trkpt>
      <trkpt lat="22.223937" lon="113.881378">
        <ele>77</ele>
        <extensions>
          <distance>24996</distance>
        </extensions>
      </trkpt>
      <trkpt lat="22.223933" lon="113.881293">
        <ele>78</ele>
        <extensions>
          <distance>25004</distance>
        </extensions>
      </trkpt>
      <trkpt lat="22.223954" lon="113.8811">
        <ele>80</ele>
        <extensions>
          <distance>25024</distance>
        </extensions>
      </trkpt>
      <trkpt lat="22.224018" lon="113.880964">
        <ele>82</ele>
        <extensions>
          <distance>25040</distance>
        </extensions>
      </trkpt>
      <trkpt lat="22.224087" lon="113.88084">
        <ele>83</ele>
        <extensions>
          <distance>25055</distance>
        </extensions>
      </trkpt>
      <trkpt lat="22.224101" lon="113.880713">
        <ele>83</ele>
        <extensions>
          <distance>25068</distance>
        </extensions>
      </trkpt>
      <trkpt lat="22.224058" lon="113.880602">
        <ele>83</ele>
        <extensions>
          <distance>25081</distance>
        </extensions>
      </trkpt>
      <trkpt lat="22.223986" lon="113.880506">
        <ele>83</ele>
        <extensions>
          <distance>25094</distance>
        </extensions>
      </trkpt>
      <trkpt lat="22.223919" lon="113.880443">
        <ele>83</ele>
        <extensions>
          <distance>25103</distance>
        </extensions>
      </trkpt>
      <trkpt lat="22.223836" lon="113.880425">
        <ele>83</ele>
        <extensions>
          <distance>25113</distance>
        </extensions>
      </trkpt>
      <trkpt lat="22.223727" lon="113.880421">
        <ele>83</ele>
        <extensions>
          <distance>25125</distance>
        </extensions>
      </trkpt>
      <trkpt lat="22.223446" lon="113.880233">
        <ele>82</ele>
        <extensions>
          <distance>25161</distance>
        </extensions>
      </trkpt>
      <trkpt lat="22.223369" lon="113.880213">
        <ele>82</ele>
        <extensions>
          <distance>25170</distance>
        </extensions>
      </trkpt>
      <trkpt lat="22.223309" lon="113.880217">
        <ele>82</ele>
        <extensions>
          <distance>25177</distance>
        </extensions>
      </trkpt>
      <trkpt lat="22.223293" lon="113.880154">
        <ele>82</ele>
        <extensions>
          <distance>25184</distance>
        </extensions>
      </trkpt>
      <trkpt lat="22.223287" lon="113.880124">
        <ele>82</ele>
        <extensions>
          <distance>25187</distance>
        </extensions>
      </trkpt>
      <trkpt lat="22.223341" lon="113.880108">
        <ele>84</ele>
        <extensions>
          <distance>25193</distance>
        </extensions>
      </trkpt>
      <trkpt lat="22.22339" lon="113.880029">
        <ele>87</ele>
        <extensions>
          <distance>25203</distance>
        </extensions>
      </trkpt>
      <trkpt lat="22.223443" lon="113.879991">
        <ele>90</ele>
        <extensions>
          <distance>25211</distance>
        </extensions>
      </trkpt>
      <trkpt lat="22.223461" lon="113.879928">
        <ele>91</ele>
        <extensions>
          <distance>25218</distance>
        </extensions>
      </trkpt>
      <trkpt lat="22.223463" lon="113.879839">
        <ele>93</ele>
        <extensions>
          <distance>25227</distance>
        </extensions>
      </trkpt>
      <trkpt lat="22.223791" lon="113.879429">
        <ele>110</ele>
        <extensions>
          <distance>25286</distance>
        </extensions>
      </trkpt>
      <trkpt lat="22.223833" lon="113.879222">
        <ele>116</ele>
        <extensions>
          <distance>25308</distance>
        </extensions>
      </trkpt>
      <trkpt lat="22.223891" lon="113.879099">
        <ele>119</ele>
        <extensions>
          <distance>25323</distance>
        </extensions>
      </trkpt>
      <trkpt lat="22.224034" lon="113.879114">
        <ele>121</ele>
        <extensions>
          <distance>25339</distance>
        </extensions>
      </trkpt>
      <trkpt lat="22.224222" lon="113.878882">
        <ele>130</ele>
        <extensions>
          <distance>25372</distance>
        </extensions>
      </trkpt>
      <trkpt lat="22.224521" lon="113.878868">
        <ele>137</ele>
        <extensions>
          <distance>25406</distance>
        </extensions>
      </trkpt>
      <trkpt lat="22.224829" lon="113.878931">
        <ele>140</ele>
        <extensions>
          <distance>25440</distance>
        </extensions>
      </trkpt>
      <trkpt lat="22.224972" lon="113.878887">
        <ele>145</ele>
        <extensions>
          <distance>25458</distance>
        </extensions>
      </trkpt>
      <trkpt lat="22.225286" lon="113.878936">
        <ele>152</ele>
        <extensions>
          <distance>25493</distance>
        </extensions>
      </trkpt>
      <trkpt lat="22.22578" lon="113.879238">
        <ele>159</ele>
        <extensions>
          <distance>25557</distance>
        </extensions>
      </trkpt>
      <trkpt lat="22.225854" lon="113.879424">
        <ele>163</ele>
        <extensions>
          <distance>25578</distance>
        </extensions>
      </trkpt>
      <trkpt lat="22.226058" lon="113.879437">
        <ele>163</ele>
        <extensions>
          <distance>25601</distance>
        </extensions>
      </trkpt>
      <trkpt lat="22.22615" lon="113.879389">
        <ele>163</ele>
        <extensions>
          <distance>25612</distance>
        </extensions>
      </trkpt>
      <trkpt lat="22.226247" lon="113.879402">
        <ele>163</ele>
        <extensions>
          <distance>25623</distance>
        </extensions>
      </trkpt>
      <trkpt lat="22.226415" lon="113.879479">
        <ele>163</ele>
        <extensions>
          <distance>25643</distance>
        </extensions>
      </trkpt>
      <trkpt lat="22.226528" lon="113.879522">
        <ele>164</ele>
        <extensions>
          <distance>25656</distance>
        </extensions>
      </trkpt>
      <trkpt lat="22.226664" lon="113.879474">
        <ele>164</ele>
        <extensions>
          <distance>25672</distance>
        </extensions>
      </trkpt>
      <trkpt lat="22.226731" lon="113.879327">
        <ele>169</ele>
        <extensions>
          <distance>25689</distance>
        </extensions>
      </trkpt>
      <trkpt lat="22.226907" lon="113.87918">
        <ele>178</ele>
        <extensions>
          <distance>25716</distance>
        </extensions>
      </trkpt>
      <trkpt lat="22.227006" lon="113.879232">
        <ele>178</ele>
        <extensions>
          <distance>25728</distance>
        </extensions>
      </trkpt>
      <trkpt lat="22.227062" lon="113.879195">
        <ele>180</ele>
        <extensions>
          <distance>25735</distance>
        </extensions>
      </trkpt>
      <trkpt lat="22.22719" lon="113.87903">
        <ele>193</ele>
        <extensions>
          <distance>25761</distance>
        </extensions>
      </trkpt>
      <trkpt lat="22.227376" lon="113.87887">
        <ele>206</ele>
        <extensions>
          <distance>25790</distance>
        </extensions>
      </trkpt>
      <trkpt lat="22.227592" lon="113.878779">
        <ele>211</ele>
        <extensions>
          <distance>25817</distance>
        </extensions>
      </trkpt>
      <trkpt lat="22.227846" lon="113.878621">
        <ele>215</ele>
        <extensions>
          <distance>25849</distance>
        </extensions>
      </trkpt>
      <trkpt lat="22.22745" lon="113.878508">
        <ele>224</ele>
        <extensions>
          <distance>25896</distance>
        </extensions>
      </trkpt>
      <trkpt lat="22.227188" lon="113.878363">
        <ele>233</ele>
        <extensions>
          <distance>25929</distance>
        </extensions>
      </trkpt>
      <trkpt lat="22.22701" lon="113.878313">
        <ele>234</ele>
        <extensions>
          <distance>25950</distance>
        </extensions>
      </trkpt>
      <trkpt lat="22.226937" lon="113.878179">
        <ele>239</ele>
        <extensions>
          <distance>25967</distance>
        </extensions>
      </trkpt>
      <trkpt lat="22.22705" lon="113.877738">
        <ele>247</ele>
        <extensions>
          <distance>26014</distance>
        </extensions>
      </trkpt>
      <trkpt lat="22.227171" lon="113.877926">
        <ele>250</ele>
        <extensions>
          <distance>26038</distance>
        </extensions>
      </trkpt>
      <trkpt lat="22.227279" lon="113.877967">
        <ele>253</ele>
        <extensions>
          <distance>26051</distance>
        </extensions>
      </trkpt>
      <trkpt lat="22.227558" lon="113.878038">
        <ele>266</ele>
        <extensions>
          <distance>26085</distance>
        </extensions>
      </trkpt>
      <trkpt lat="22.227381" lon="113.877608">
        <ele>275</ele>
        <extensions>
          <distance>26135</distance>
        </extensions>
      </trkpt>
      <trkpt lat="22.227398" lon="113.877505">
        <ele>286</ele>
        <extensions>
          <distance>26150</distance>
        </extensions>
      </trkpt>
      <trkpt lat="22.22731" lon="113.877306">
        <ele>292</ele>
        <extensions>
          <distance>26174</distance>
        </extensions>
      </trkpt>
      <trkpt lat="22.227333" lon="113.87714">
        <ele>294</ele>
        <extensions>
          <distance>26191</distance>
        </extensions>
      </trkpt>
      <trkpt lat="22.227319" lon="113.876935">
        <ele>296</ele>
        <extensions>
          <distance>26212</distance>
        </extensions>
      </trkpt>
      <trkpt lat="22.227408" lon="113.876744">
        <ele>296</ele>
        <extensions>
          <distance>26234</distance>
        </extensions>
      </trkpt>
      <trkpt lat="22.227379" lon="113.87665">
        <ele>297</ele>
        <extensions>
          <distance>26245</distance>
        </extensions>
      </trkpt>
      <trkpt lat="22.227264" lon="113.87663">
        <ele>297</ele>
        <extensions>
          <distance>26258</distance>
        </extensions>
      </trkpt>
      <trkpt lat="22.227186" lon="113.876663">
        <ele>297</ele>
        <extensions>
          <distance>26267</distance>
        </extensions>
      </trkpt>
      <trkpt lat="22.226986" lon="113.876931">
        <ele>298</ele>
        <extensions>
          <distance>26302</distance>
        </extensions>
      </trkpt>
      <trkpt lat="22.226839" lon="113.877032">
        <ele>299</ele>
        <extensions>
          <distance>26322</distance>
        </extensions>
      </trkpt>
      <trkpt lat="22.226712" lon="113.877025">
        <ele>299</ele>
        <extensions>
          <distance>26336</distance>
        </extensions>
      </trkpt>
      <trkpt lat="22.226665" lon="113.877006">
        <ele>299</ele>
        <extensions>
          <distance>26341</distance>
        </extensions>
      </trkpt>
      <trkpt lat="22.226607" lon="113.876867">
        <ele>299</ele>
        <extensions>
          <distance>26357</distance>
        </extensions>
      </trkpt>
      <trkpt lat="22.226521" lon="113.876764">
        <ele>299</ele>
        <extensions>
          <distance>26371</distance>
        </extensions>
      </trkpt>
      <trkpt lat="22.226414" lon="113.876675">
        <ele>299</ele>
        <extensions>
          <distance>26386</distance>
        </extensions>
      </trkpt>
      <trkpt lat="22.22632" lon="113.876571">
        <ele>297</ele>
        <extensions>
          <distance>26401</distance>
        </extensions>
      </trkpt>
      <trkpt lat="22.226168" lon="113.876443">
        <ele>297</ele>
        <extensions>
          <distance>26423</distance>
        </extensions>
      </trkpt>
      <trkpt lat="22.226135" lon="113.876347">
        <ele>297</ele>
        <extensions>
          <distance>26433</distance>
        </extensions>
      </trkpt>
      <trkpt lat="22.226178" lon="113.876231">
        <ele>296</ele>
        <extensions>
          <distance>26446</distance>
        </extensions>
      </trkpt>
      <trkpt lat="22.22618" lon="113.87607">
        <ele>296</ele>
        <extensions>
          <distance>26463</distance>
        </extensions>
      </trkpt>
      <trkpt lat="22.226125" lon="113.876">
        <ele>296</ele>
        <extensions>
          <distance>26472</distance>
        </extensions>
      </trkpt>
      <trkpt lat="22.225767" lon="113.875822">
        <ele>296</ele>
        <extensions>
          <distance>26516</distance>
        </extensions>
      </trkpt>
      <trkpt lat="22.225595" lon="113.875569">
        <ele>294</ele>
        <extensions>
          <distance>26548</distance>
        </extensions>
      </trkpt>
      <trkpt lat="22.225083" lon="113.875638">
        <ele>293</ele>
        <extensions>
          <distance>26605</distance>
        </extensions>
      </trkpt>
      <trkpt lat="22.224914" lon="113.875599">
        <ele>293</ele>
        <extensions>
          <distance>26624</distance>
        </extensions>
      </trkpt>
      <trkpt lat="22.224681" lon="113.87539">
        <ele>293</ele>
        <extensions>
          <distance>26658</distance>
        </extensions>
      </trkpt>
      <trkpt lat="22.224491" lon="113.875443">
        <ele>293</ele>
        <extensions>
          <distance>26680</distance>
        </extensions>
      </trkpt>
      <trkpt lat="22.224356" lon="113.875399">
        <ele>293</ele>
        <extensions>
          <distance>26695</distance>
        </extensions>
      </trkpt>
      <trkpt lat="22.224154" lon="113.875649">
        <ele>293</ele>
        <extensions>
          <distance>26729</distance>
        </extensions>
      </trkpt>
      <trkpt lat="22.224038" lon="113.875672">
        <ele>293</ele>
        <extensions>
          <distance>26742</distance>
        </extensions>
      </trkpt>
      <trkpt lat="22.223944" lon="113.875759">
        <ele>293</ele>
        <extensions>
          <distance>26756</distance>
        </extensions>
      </trkpt>
      <trkpt lat="22.223849" lon="113.875789">
        <ele>289</ele>
        <extensions>
          <distance>26767</distance>
        </extensions>
      </trkpt>
      <trkpt lat="22.223559" lon="113.875694">
        <ele>287</ele>
        <extensions>
          <distance>26801</distance>
        </extensions>
      </trkpt>
      <trkpt lat="22.223372" lon="113.875828">
        <ele>287</ele>
        <extensions>
          <distance>26826</distance>
        </extensions>
      </trkpt>
      <trkpt lat="22.223237" lon="113.875782">
        <ele>287</ele>
        <extensions>
          <distance>26841</distance>
        </extensions>
      </trkpt>
      <trkpt lat="22.223067" lon="113.875757">
        <ele>287</ele>
        <extensions>
          <distance>26860</distance>
        </extensions>
      </trkpt>
      <trkpt lat="22.222837" lon="113.875643">
        <ele>286</ele>
        <extensions>
          <distance>26888</distance>
        </extensions>
      </trkpt>
      <trkpt lat="22.222794" lon="113.875535">
        <ele>285</ele>
        <extensions>
          <distance>26901</distance>
        </extensions>
      </trkpt>
      <trkpt lat="22.222618" lon="113.875433">
        <ele>284</ele>
        <extensions>
          <distance>26923</distance>
        </extensions>
      </trkpt>
      <trkpt lat="22.222103" lon="113.8755">
        <ele>283</ele>
        <extensions>
          <distance>26980</distance>
        </extensions>
      </trkpt>
      <trkpt lat="22.222084" lon="113.875324">
        <ele>283</ele>
        <extensions>
          <distance>26999</distance>
        </extensions>
      </trkpt>
      <trkpt lat="22.222003" lon="113.875184">
        <ele>283</ele>
        <extensions>
          <distance>27016</distance>
        </extensions>
      </trkpt>
      <trkpt lat="22.221914" lon="113.875086">
        <ele>283</ele>
        <extensions>
          <distance>27030</distance>
        </extensions>
      </trkpt>
      <trkpt lat="22.221906" lon="113.874952">
        <ele>285</ele>
        <extensions>
          <distance>27044</distance>
        </extensions>
      </trkpt>
      <trkpt lat="22.221856" lon="113.874762">
        <ele>285</ele>
        <extensions>
          <distance>27064</distance>
        </extensions>
      </trkpt>
      <trkpt lat="22.221763" lon="113.874739">
        <ele>285</ele>
        <extensions>
          <distance>27074</distance>
        </extensions>
      </trkpt>
      <trkpt lat="22.221661" lon="113.874821">
        <ele>285</ele>
        <extensions>
          <distance>27089</distance>
        </extensions>
      </trkpt>
      <trkpt lat="22.221648" lon="113.874993">
        <ele>281</ele>
        <extensions>
          <distance>27106</distance>
        </extensions>
      </trkpt>
      <trkpt lat="22.221572" lon="113.875105">
        <ele>279</ele>
        <extensions>
          <distance>27121</distance>
        </extensions>
      </trkpt>
      <trkpt lat="22.221365" lon="113.875097">
        <ele>278</ele>
        <extensions>
          <distance>27144</distance>
        </extensions>
      </trkpt>
      <trkpt lat="22.221242" lon="113.87493">
        <ele>277</ele>
        <extensions>
          <distance>27166</distance>
        </extensions>
      </trkpt>
      <trkpt lat="22.221057" lon="113.875169">
        <ele>268</ele>
        <extensions>
          <distance>27199</distance>
        </extensions>
      </trkpt>
      <trkpt lat="22.220925" lon="113.87525">
        <ele>265</ele>
        <extensions>
          <distance>27216</distance>
        </extensions>
      </trkpt>
      <trkpt lat="22.220828" lon="113.87522">
        <ele>265</ele>
        <extensions>
          <distance>27227</distance>
        </extensions>
      </trkpt>
      <trkpt lat="22.220865" lon="113.875128">
        <ele>265</ele>
        <extensions>
          <distance>27238</distance>
        </extensions>
      </trkpt>
      <trkpt lat="22.220674" lon="113.874957">
        <ele>265</ele>
        <extensions>
          <distance>27265</distance>
        </extensions>
      </trkpt>
      <trkpt lat="22.220612" lon="113.87473">
        <ele>270</ele>
        <extensions>
          <distance>27290</distance>
        </extensions>
      </trkpt>
      <trkpt lat="22.22053" lon="113.874602">
        <ele>274</ele>
        <extensions>
          <distance>27306</distance>
        </extensions>
      </trkpt>
      <trkpt lat="22.220501" lon="113.874417">
        <ele>274</ele>
        <extensions>
          <distance>27326</distance>
        </extensions>
      </trkpt>
      <trkpt lat="22.22037" lon="113.87436">
        <ele>274</ele>
        <extensions>
          <distance>27341</distance>
        </extensions>
      </trkpt>
      <trkpt lat="22.220211" lon="113.874411">
        <ele>274</ele>
        <extensions>
          <distance>27360</distance>
        </extensions>
      </trkpt>
      <trkpt lat="22.219974" lon="113.874563">
        <ele>274</ele>
        <extensions>
          <distance>27390</distance>
        </extensions>
      </trkpt>
      <trkpt lat="22.219783" lon="113.874516">
        <ele>273</ele>
        <extensions>
          <distance>27412</distance>
        </extensions>
      </trkpt>
      <trkpt lat="22.219672" lon="113.874549">
        <ele>272</ele>
        <extensions>
          <distance>27425</distance>
        </extensions>
      </trkpt>
      <trkpt lat="22.219384" lon="113.874598">
        <ele>268</ele>
        <extensions>
          <distance>27457</distance>
        </extensions>
      </trkpt>
      <trkpt lat="22.219299" lon="113.874491">
        <ele>268</ele>
        <extensions>
          <distance>27472</distance>
        </extensions>
      </trkpt>
      <trkpt lat="22.219101" lon="113.874432">
        <ele>268</ele>
        <extensions>
          <distance>27495</distance>
        </extensions>
      </trkpt>
      <trkpt lat="22.218998" lon="113.874101">
        <ele>268</ele>
        <extensions>
          <distance>27531</distance>
        </extensions>
      </trkpt>
      <trkpt lat="22.21906" lon="113.873892">
        <ele>274</ele>
        <extensions>
          <distance>27553</distance>
        </extensions>
      </trkpt>
      <trkpt lat="22.219038" lon="113.873719">
        <ele>275</ele>
        <extensions>
          <distance>27571</distance>
        </extensions>
      </trkpt>
      <trkpt lat="22.219095" lon="113.873042">
        <ele>279</ele>
        <extensions>
          <distance>27642</distance>
        </extensions>
      </trkpt>
      <trkpt lat="22.219046" lon="113.872653">
        <ele>279</ele>
        <extensions>
          <distance>27682</distance>
        </extensions>
      </trkpt>
      <trkpt lat="22.219044" lon="113.872197">
        <ele>283</ele>
        <extensions>
          <distance>27729</distance>
        </extensions>
      </trkpt>
      <trkpt lat="22.218995" lon="113.872142">
        <ele>286</ele>
        <extensions>
          <distance>27738</distance>
        </extensions>
      </trkpt>
      <trkpt lat="22.218979" lon="113.871996">
        <ele>286</ele>
        <extensions>
          <distance>27753</distance>
        </extensions>
      </trkpt>
      <trkpt lat="22.219046" lon="113.871892">
        <ele>286</ele>
        <extensions>
          <distance>27766</distance>
        </extensions>
      </trkpt>
      <trkpt lat="22.219095" lon="113.871587">
        <ele>289</ele>
        <extensions>
          <distance>27798</distance>
        </extensions>
      </trkpt>
      <trkpt lat="22.219042" lon="113.87147">
        <ele>290</ele>
        <extensions>
          <distance>27811</distance>
        </extensions>
      </trkpt>
      <trkpt lat="22.219063" lon="113.871367">
        <ele>291</ele>
        <extensions>
          <distance>27822</distance>
        </extensions>
      </trkpt>
      <trkpt lat="22.219041" lon="113.871207">
        <ele>291</ele>
        <extensions>
          <distance>27839</distance>
        </extensions>
      </trkpt>
      <trkpt lat="22.219046" lon="113.870994">
        <ele>291</ele>
        <extensions>
          <distance>27861</distance>
        </extensions>
      </trkpt>
      <trkpt lat="22.219012" lon="113.870884">
        <ele>291</ele>
        <extensions>
          <distance>27873</distance>
        </extensions>
      </trkpt>
      <trkpt lat="22.21883" lon="113.87078">
        <ele>291</ele>
        <extensions>
          <distance>27896</distance>
        </extensions>
      </trkpt>
      <trkpt lat="22.218828" lon="113.870527">
        <ele>290</ele>
        <extensions>
          <distance>27922</distance>
        </extensions>
      </trkpt>
      <trkpt lat="22.218746" lon="113.87027">
        <ele>289</ele>
        <extensions>
          <distance>27950</distance>
        </extensions>
      </trkpt>
      <trkpt lat="22.21864" lon="113.870197">
        <ele>289</ele>
        <extensions>
          <distance>27964</distance>
        </extensions>
      </trkpt>
      <trkpt lat="22.218514" lon="113.870066">
        <ele>289</ele>
        <extensions>
          <distance>27983</distance>
        </extensions>
      </trkpt>
      <trkpt lat="22.218503" lon="113.869991">
        <ele>289</ele>
        <extensions>
          <distance>27991</distance>
        </extensions>
      </trkpt>
      <trkpt lat="22.218555" lon="113.869733">
        <ele>289</ele>
        <extensions>
          <distance>28018</distance>
        </extensions>
      </trkpt>
      <trkpt lat="22.218502" lon="113.869511">
        <ele>289</ele>
        <extensions>
          <distance>28042</distance>
        </extensions>
      </trkpt>
      <trkpt lat="22.218288" lon="113.869312">
        <ele>289</ele>
        <extensions>
          <distance>28073</distance>
        </extensions>
      </trkpt>
      <trkpt lat="22.218147" lon="113.869248">
        <ele>289</ele>
        <extensions>
          <distance>28090</distance>
        </extensions>
      </trkpt>
      <trkpt lat="22.217842" lon="113.869349">
        <ele>277</ele>
        <extensions>
          <distance>28126</distance>
        </extensions>
      </trkpt>
      <trkpt lat="22.217769" lon="113.869314">
        <ele>277</ele>
        <extensions>
          <distance>28135</distance>
        </extensions>
      </trkpt>
      <trkpt lat="22.217698" lon="113.869263">
        <ele>277</ele>
        <extensions>
          <distance>28144</distance>
        </extensions>
      </trkpt>
      <trkpt lat="22.217622" lon="113.869168">
        <ele>277</ele>
        <extensions>
          <distance>28157</distance>
        </extensions>
      </trkpt>
      <trkpt lat="22.217709" lon="113.868791">
        <ele>293</ele>
        <extensions>
          <distance>28199</distance>
        </extensions>
      </trkpt>
      <trkpt lat="22.217797" lon="113.868543">
        <ele>301</ele>
        <extensions>
          <distance>28227</distance>
        </extensions>
      </trkpt>
      <trkpt lat="22.217939" lon="113.868376">
        <ele>307</ele>
        <extensions>
          <distance>28251</distance>
        </extensions>
      </trkpt>
      <trkpt lat="22.217965" lon="113.868211">
        <ele>307</ele>
        <extensions>
          <distance>28269</distance>
        </extensions>
      </trkpt>
      <trkpt lat="22.218055" lon="113.86819">
        <ele>307</ele>
        <extensions>
          <distance>28279</distance>
        </extensions>
      </trkpt>
      <trkpt lat="22.217906" lon="113.86804">
        <ele>307</ele>
        <extensions>
          <distance>28301</distance>
        </extensions>
      </trkpt>
      <trkpt lat="22.21765" lon="113.868033">
        <ele>301</ele>
        <extensions>
          <distance>28330</distance>
        </extensions>
      </trkpt>
      <trkpt lat="22.217272" lon="113.867795">
        <ele>298</ele>
        <extensions>
          <distance>28379</distance>
        </extensions>
      </trkpt>
      <trkpt lat="22.217203" lon="113.867809">
        <ele>297</ele>
        <extensions>
          <distance>28386</distance>
        </extensions>
      </trkpt>
      <trkpt lat="22.217093" lon="113.867848">
        <ele>292</ele>
        <extensions>
          <distance>28400</distance>
        </extensions>
      </trkpt>
      <trkpt lat="22.216972" lon="113.867832">
        <ele>290</ele>
        <extensions>
          <distance>28414</distance>
        </extensions>
      </trkpt>
      <trkpt lat="22.216869" lon="113.86778">
        <ele>290</ele>
        <extensions>
          <distance>28426</distance>
        </extensions>
      </trkpt>
      <trkpt lat="22.216639" lon="113.867625">
        <ele>290</ele>
        <extensions>
          <distance>28457</distance>
        </extensions>
      </trkpt>
      <trkpt lat="22.216525" lon="113.867489">
        <ele>290</ele>
        <extensions>
          <distance>28475</distance>
        </extensions>
      </trkpt>
      <trkpt lat="22.216569" lon="113.867186">
        <ele>294</ele>
        <extensions>
          <distance>28507</distance>
        </extensions>
      </trkpt>
      <trkpt lat="22.216676" lon="113.866787">
        <ele>296</ele>
        <extensions>
          <distance>28550</distance>
        </extensions>
      </trkpt>
      <trkpt lat="22.216633" lon="113.866738">
        <ele>296</ele>
        <extensions>
          <distance>28557</distance>
        </extensions>
      </trkpt>
      <trkpt lat="22.216429" lon="113.866713">
        <ele>296</ele>
        <extensions>
          <distance>28580</distance>
        </extensions>
      </trkpt>
      <trkpt lat="22.216315" lon="113.866592">
        <ele>296</ele>
        <extensions>
          <distance>28597</distance>
        </extensions>
      </trkpt>
      <trkpt lat="22.216267" lon="113.866513">
        <ele>296</ele>
        <extensions>
          <distance>28607</distance>
        </extensions>
      </trkpt>
      <trkpt lat="22.216176" lon="113.86647">
        <ele>296</ele>
        <extensions>
          <distance>28618</distance>
        </extensions>
      </trkpt>
      <trkpt lat="22.215999" lon="113.866328">
        <ele>296</ele>
        <extensions>
          <distance>28643</distance>
        </extensions>
      </trkpt>
      <trkpt lat="22.216037" lon="113.865815">
        <ele>301</ele>
        <extensions>
          <distance>28696</distance>
        </extensions>
      </trkpt>
      <trkpt lat="22.215946" lon="113.865799">
        <ele>301</ele>
        <extensions>
          <distance>28706</distance>
        </extensions>
      </trkpt>
      <trkpt lat="22.21587" lon="113.865678">
        <ele>301</ele>
        <extensions>
          <distance>28721</distance>
        </extensions>
      </trkpt>
      <trkpt lat="22.215875" lon="113.865568">
        <ele>301</ele>
        <extensions>
          <distance>28732</distance>
        </extensions>
      </trkpt>
      <trkpt lat="22.215469" lon="113.865471">
        <ele>301</ele>
        <extensions>
          <distance>28778</distance>
        </extensions>
      </trkpt>
      <trkpt lat="22.215263" lon="113.86524">
        <ele>301</ele>
        <extensions>
          <distance>28811</distance>
        </extensions>
      </trkpt>
      <trkpt lat="22.215261" lon="113.865175">
        <ele>303</ele>
        <extensions>
          <distance>28818</distance>
        </extensions>
      </trkpt>
      <trkpt lat="22.215686" lon="113.865195">
        <ele>305</ele>
        <extensions>
          <distance>28865</distance>
        </extensions>
      </trkpt>
      <trkpt lat="22.216076" lon="113.865141">
        <ele>314</ele>
        <extensions>
          <distance>28910</distance>
        </extensions>
      </trkpt>
      <trkpt lat="22.216341" lon="113.865045">
        <ele>317</ele>
        <extensions>
          <distance>28941</distance>
        </extensions>
      </trkpt>
      <trkpt lat="22.216532" lon="113.865139">
        <ele>322</ele>
        <extensions>
          <distance>28965</distance>
        </extensions>
      </trkpt>
      <trkpt lat="22.216627" lon="113.865091">
        <ele>325</ele>
        <extensions>
          <distance>28977</distance>
        </extensions>
      </trkpt>
      <trkpt lat="22.216708" lon="113.864983">
        <ele>328</ele>
        <extensions>
          <distance>28991</distance>
        </extensions>
      </trkpt>
      <trkpt lat="22.216853" lon="113.864907">
        <ele>334</ele>
        <extensions>
          <distance>29010</distance>
        </extensions>
      </trkpt>
      <trkpt lat="22.217182" lon="113.864705">
        <ele>348</ele>
        <extensions>
          <distance>29054</distance>
        </extensions>
      </trkpt>
      <trkpt lat="22.217499" lon="113.864571">
        <ele>352</ele>
        <extensions>
          <distance>29092</distance>
        </extensions>
      </trkpt>
      <trkpt lat="22.217644" lon="113.864573">
        <ele>353</ele>
        <extensions>
          <distance>29108</distance>
        </extensions>
      </trkpt>
      <trkpt lat="22.217757" lon="113.864499">
        <ele>355</ele>
        <extensions>
          <distance>29123</distance>
        </extensions>
      </trkpt>
      <trkpt lat="22.217946" lon="113.864426">
        <ele>356</ele>
        <extensions>
          <distance>29145</distance>
        </extensions>
      </trkpt>
      <trkpt lat="22.218075" lon="113.864338">
        <ele>358</ele>
        <extensions>
          <distance>29162</distance>
        </extensions>
      </trkpt>
      <trkpt lat="22.218158" lon="113.864219">
        <ele>361</ele>
        <extensions>
          <distance>29178</distance>
        </extensions>
      </trkpt>
      <trkpt lat="22.218212" lon="113.864085">
        <ele>364</ele>
        <extensions>
          <distance>29193</distance>
        </extensions>
      </trkpt>
      <trkpt lat="22.218297" lon="113.863918">
        <ele>368</ele>
        <extensions>
          <distance>29213</distance>
        </extensions>
      </trkpt>
      <trkpt lat="22.218349" lon="113.863859">
        <ele>370</ele>
        <extensions>
          <distance>29222</distance>
        </extensions>
      </trkpt>
      <trkpt lat="22.218468" lon="113.863775">
        <ele>371</ele>
        <extensions>
          <distance>29238</distance>
        </extensions>
      </trkpt>
      <trkpt lat="22.218532" lon="113.863748">
        <ele>371</ele>
        <extensions>
          <distance>29245</distance>
        </extensions>
      </trkpt>
      <trkpt lat="22.218696" lon="113.863701">
        <ele>371</ele>
        <extensions>
          <distance>29264</distance>
        </extensions>
      </trkpt>
      <trkpt lat="22.218749" lon="113.863729">
        <ele>371</ele>
        <extensions>
          <distance>29271</distance>
        </extensions>
      </trkpt>
      <trkpt lat="22.218872" lon="113.863762">
        <ele>372</ele>
        <extensions>
          <distance>29285</distance>
        </extensions>
      </trkpt>
      <trkpt lat="22.218999" lon="113.863842">
        <ele>373</ele>
        <extensions>
          <distance>29301</distance>
        </extensions>
      </trkpt>
      <trkpt lat="22.219229" lon="113.863932">
        <ele>377</ele>
        <extensions>
          <distance>29329</distance>
        </extensions>
      </trkpt>
      <trkpt lat="22.219386" lon="113.863916">
        <ele>377</ele>
        <extensions>
          <distance>29346</distance>
        </extensions>
      </trkpt>
      <trkpt lat="22.219528" lon="113.864018">
        <ele>379</ele>
        <extensions>
          <distance>29365</distance>
        </extensions>
      </trkpt>
      <trkpt lat="22.219597" lon="113.864253">
        <ele>385</ele>
        <extensions>
          <distance>29391</distance>
        </extensions>
      </trkpt>
      <trkpt lat="22.219741" lon="113.864438">
        <ele>394</ele>
        <extensions>
          <distance>29418</distance>
        </extensions>
      </trkpt>
      <trkpt lat="22.219768" lon="113.864483">
        <ele>394</ele>
        <extensions>
          <distance>29423</distance>
        </extensions>
      </trkpt>
      <trkpt lat="22.219864" lon="113.864521">
        <ele>394</ele>
        <extensions>
          <distance>29434</distance>
        </extensions>
      </trkpt>
      <trkpt lat="22.2199" lon="113.864499">
        <ele>394</ele>
        <extensions>
          <distance>29439</distance>
        </extensions>
      </trkpt>
      <trkpt lat="22.219961" lon="113.86437">
        <ele>390</ele>
        <extensions>
          <distance>29454</distance>
        </extensions>
      </trkpt>
      <trkpt lat="22.219986" lon="113.864255">
        <ele>387</ele>
        <extensions>
          <distance>29467</distance>
        </extensions>
      </trkpt>
      <trkpt lat="22.220041" lon="113.864144">
        <ele>384</ele>
        <extensions>
          <distance>29480</distance>
        </extensions>
      </trkpt>
      <trkpt lat="22.220083" lon="113.864094">
        <ele>382</ele>
        <extensions>
          <distance>29487</distance>
        </extensions>
      </trkpt>
      <trkpt lat="22.220138" lon="113.86406">
        <ele>381</ele>
        <extensions>
          <distance>29494</distance>
        </extensions>
      </trkpt>
      <trkpt lat="22.220196" lon="113.864054">
        <ele>381</ele>
        <extensions>
          <distance>29501</distance>
        </extensions>
      </trkpt>
      <trkpt lat="22.220357" lon="113.864095">
        <ele>381</ele>
        <extensions>
          <distance>29519</distance>
        </extensions>
      </trkpt>
      <trkpt lat="22.220612" lon="113.864067">
        <ele>381</ele>
        <extensions>
          <distance>29547</distance>
        </extensions>
      </trkpt>
      <trkpt lat="22.220717" lon="113.864107">
        <ele>381</ele>
        <extensions>
          <distance>29560</distance>
        </extensions>
      </trkpt>
      <trkpt lat="22.220757" lon="113.864162">
        <ele>381</ele>
        <extensions>
          <distance>29567</distance>
        </extensions>
      </trkpt>
      <trkpt lat="22.220904" lon="113.864149">
        <ele>380</ele>
        <extensions>
          <distance>29583</distance>
        </extensions>
      </trkpt>
      <trkpt lat="22.221019" lon="113.864095">
        <ele>380</ele>
        <extensions>
          <distance>29597</distance>
        </extensions>
      </trkpt>
      <trkpt lat="22.22111" lon="113.864068">
        <ele>380</ele>
        <extensions>
          <distance>29608</distance>
        </extensions>
      </trkpt>
      <trkpt lat="22.221199" lon="113.864054">
        <ele>378</ele>
        <extensions>
          <distance>29618</distance>
        </extensions>
      </trkpt>
      <trkpt lat="22.221316" lon="113.864083">
        <ele>377</ele>
        <extensions>
          <distance>29631</distance>
        </extensions>
      </trkpt>
      <trkpt lat="22.221395" lon="113.864128">
        <ele>376</ele>
        <extensions>
          <distance>29641</distance>
        </extensions>
      </trkpt>
      <trkpt lat="22.221506" lon="113.86429">
        <ele>376</ele>
        <extensions>
          <distance>29662</distance>
        </extensions>
      </trkpt>
      <trkpt lat="22.221593" lon="113.864384">
        <ele>376</ele>
        <extensions>
          <distance>29675</distance>
        </extensions>
      </trkpt>
      <trkpt lat="22.22194" lon="113.864629">
        <ele>373</ele>
        <extensions>
          <distance>29721</distance>
        </extensions>
      </trkpt>
      <trkpt lat="22.222071" lon="113.864754">
        <ele>373</ele>
        <extensions>
          <distance>29741</distance>
        </extensions>
      </trkpt>
      <trkpt lat="22.222169" lon="113.865012">
        <ele>372</ele>
        <extensions>
          <distance>29770</distance>
        </extensions>
      </trkpt>
      <trkpt lat="22.222282" lon="113.865109">
        <ele>372</ele>
        <extensions>
          <distance>29786</distance>
        </extensions>
      </trkpt>
      <trkpt lat="22.222496" lon="113.865142">
        <ele>372</ele>
        <extensions>
          <distance>29810</distance>
        </extensions>
      </trkpt>
      <trkpt lat="22.222665" lon="113.8653">
        <ele>371</ele>
        <extensions>
          <distance>29834</distance>
        </extensions>
      </trkpt>
      <trkpt lat="22.222942" lon="113.865268">
        <ele>369</ele>
        <extensions>
          <distance>29865</distance>
        </extensions>
      </trkpt>
      <trkpt lat="22.223296" lon="113.8653">
        <ele>363</ele>
        <extensions>
          <distance>29905</distance>
        </extensions>
      </trkpt>
      <trkpt lat="22.223656" lon="113.865236">
        <ele>357</ele>
        <extensions>
          <distance>29946</distance>
        </extensions>
      </trkpt>
      <trkpt lat="22.223838" lon="113.865251">
        <ele>357</ele>
        <extensions>
          <distance>29966</distance>
        </extensions>
      </trkpt>
      <trkpt lat="22.22397" lon="113.865226">
        <ele>357</ele>
        <extensions>
          <distance>29981</distance>
        </extensions>
      </trkpt>
      <trkpt lat="22.224095" lon="113.865224">
        <ele>357</ele>
        <extensions>
          <distance>29995</distance>
        </extensions>
      </trkpt>
      <trkpt lat="22.224218" lon="113.865196">
        <ele>357</ele>
        <extensions>
          <distance>30009</distance>
        </extensions>
      </trkpt>
      <trkpt lat="22.22437" lon="113.865251">
        <ele>357</ele>
        <extensions>
          <distance>30027</distance>
        </extensions>
      </trkpt>
      <trkpt lat="22.224388" lon="113.865283">
        <ele>357</ele>
        <extensions>
          <distance>30030</distance>
        </extensions>
      </trkpt>
      <trkpt lat="22.224358" lon="113.8654">
        <ele>357</ele>
        <extensions>
          <distance>30043</distance>
        </extensions>
      </trkpt>
      <trkpt lat="22.224445" lon="113.8656">
        <ele>357</ele>
        <extensions>
          <distance>30066</distance>
        </extensions>
      </trkpt>
      <trkpt lat="22.224571" lon="113.865731">
        <ele>357</ele>
        <extensions>
          <distance>30085</distance>
        </extensions>
      </trkpt>
      <trkpt lat="22.224593" lon="113.865797">
        <ele>357</ele>
        <extensions>
          <distance>30092</distance>
        </extensions>
      </trkpt>
      <trkpt lat="22.224968" lon="113.86572">
        <ele>352</ele>
        <extensions>
          <distance>30135</distance>
        </extensions>
      </trkpt>
      <trkpt lat="22.225144" lon="113.865609">
        <ele>347</ele>
        <extensions>
          <distance>30158</distance>
        </extensions>
      </trkpt>
      <trkpt lat="22.225232" lon="113.865488">
        <ele>344</ele>
        <extensions>
          <distance>30174</distance>
        </extensions>
      </trkpt>
      <trkpt lat="22.225236" lon="113.865435">
        <ele>343</ele>
        <extensions>
          <distance>30179</distance>
        </extensions>
      </trkpt>
      <trkpt lat="22.225191" lon="113.865367">
        <ele>343</ele>
        <extensions>
          <distance>30188</distance>
        </extensions>
      </trkpt>
      <trkpt lat="22.225212" lon="113.865329">
        <ele>342</ele>
        <extensions>
          <distance>30193</distance>
        </extensions>
      </trkpt>
      <trkpt lat="22.225299" lon="113.865329">
        <ele>339</ele>
        <extensions>
          <distance>30203</distance>
        </extensions>
      </trkpt>
      <trkpt lat="22.225456" lon="113.865297">
        <ele>334</ele>
        <extensions>
          <distance>30221</distance>
        </extensions>
      </trkpt>
      <trkpt lat="22.225815" lon="113.865347">
        <ele>327</ele>
        <extensions>
          <distance>30262</distance>
        </extensions>
      </trkpt>
      <trkpt lat="22.225951" lon="113.865289">
        <ele>327</ele>
        <extensions>
          <distance>30278</distance>
        </extensions>
      </trkpt>
      <trkpt lat="22.226072" lon="113.865161">
        <ele>327</ele>
        <extensions>
          <distance>30297</distance>
        </extensions>
      </trkpt>
      <trkpt lat="22.226096" lon="113.865056">
        <ele>327</ele>
        <extensions>
          <distance>30308</distance>
        </extensions>
      </trkpt>
      <trkpt lat="22.226087" lon="113.864824">
        <ele>327</ele>
        <extensions>
          <distance>30332</distance>
        </extensions>
      </trkpt>
      <trkpt lat="22.226119" lon="113.864682">
        <ele>327</ele>
        <extensions>
          <distance>30347</distance>
        </extensions>
      </trkpt>
      <trkpt lat="22.226375" lon="113.864484">
        <ele>326</ele>
        <extensions>
          <distance>30382</distance>
        </extensions>
      </trkpt>
      <trkpt lat="22.22674" lon="113.864333">
        <ele>321</ele>
        <extensions>
          <distance>30426</distance>
        </extensions>
      </trkpt>
      <trkpt lat="22.227132" lon="113.864316">
        <ele>317</ele>
        <extensions>
          <distance>30469</distance>
        </extensions>
      </trkpt>
      <trkpt lat="22.227301" lon="113.864301">
        <ele>316</ele>
        <extensions>
          <distance>30488</distance>
        </extensions>
      </trkpt>
      <trkpt lat="22.227707" lon="113.864119">
        <ele>314</ele>
        <extensions>
          <distance>30537</distance>
        </extensions>
      </trkpt>
      <trkpt lat="22.227805" lon="113.864095">
        <ele>313</ele>
        <extensions>
          <distance>30548</distance>
        </extensions>
      </trkpt>
      <trkpt lat="22.227912" lon="113.864115">
        <ele>310</ele>
        <extensions>
          <distance>30560</distance>
        </extensions>
      </trkpt>
      <trkpt lat="22.228134" lon="113.864098">
        <ele>307</ele>
        <extensions>
          <distance>30585</distance>
        </extensions>
      </trkpt>
      <trkpt lat="22.228341" lon="113.864098">
        <ele>305</ele>
        <extensions>
          <distance>30608</distance>
        </extensions>
      </trkpt>
      <trkpt lat="22.228459" lon="113.864032">
        <ele>304</ele>
        <extensions>
          <distance>30623</distance>
        </extensions>
      </trkpt>
      <trkpt lat="22.228630624999997" lon="113.8639925">
        <ele>302</ele>
        <extensions>
          <distance>30642</distance>
        </extensions>
      </trkpt>
      <trkpt lat="22.228803749999997" lon="113.863955">
        <ele>300</ele>
        <extensions>
          <distance>30662</distance>
        </extensions>
      </trkpt>
      <trkpt lat="22.228976875" lon="113.8639175">
        <ele>298</ele>
        <extensions>
          <distance>30682</distance>
        </extensions>
      </trkpt>
      <trkpt lat="22.22915" lon="113.86388">
        <ele>295</ele>
        <extensions>
          <distance>30702</distance>
        </extensions>
      </trkpt>
      <trkpt lat="22.229325000000003" lon="113.86367">
        <ele>289</ele>
        <extensions>
          <distance>30731</distance>
        </extensions>
      </trkpt>
      <trkpt lat="22.2295" lon="113.86346">
        <ele>277</ele>
        <extensions>
          <distance>30763</distance>
        </extensions>
      </trkpt>
      <trkpt lat="22.229527500000003" lon="113.8632025">
        <ele>272</ele>
        <extensions>
          <distance>30790</distance>
        </extensions>
      </trkpt>
      <trkpt lat="22.229555" lon="113.862945">
        <ele>268</ele>
        <extensions>
          <distance>30817</distance>
        </extensions>
      </trkpt>
      <trkpt lat="22.2295825" lon="113.86268749999999">
        <ele>265</ele>
        <extensions>
          <distance>30844</distance>
        </extensions>
      </trkpt>
      <trkpt lat="22.22961" lon="113.86243">
        <ele>262</ele>
        <extensions>
          <distance>30871</distance>
        </extensions>
      </trkpt>
      <trkpt lat="22.2297125" lon="113.86228">
        <ele>257</ele>
        <extensions>
          <distance>30890</distance>
        </extensions>
      </trkpt>
      <trkpt lat="22.229815000000002" lon="113.86213000000001">
        <ele>254</ele>
        <extensions>
          <distance>30910</distance>
        </extensions>
      </trkpt>
      <trkpt lat="22.2299175" lon="113.86198">
        <ele>249</ele>
        <extensions>
          <distance>30930</distance>
        </extensions>
      </trkpt>
      <trkpt lat="22.23002" lon="113.86183">
        <ele>244</ele>
        <extensions>
          <distance>30949</distance>
        </extensions>
      </trkpt>
      <trkpt lat="22.2301225" lon="113.86168">
        <ele>241</ele>
        <extensions>
          <distance>30969</distance>
        </extensions>
      </trkpt>
      <trkpt lat="22.230224999999997" lon="113.86153">
        <ele>238</ele>
        <extensions>
          <distance>30988</distance>
        </extensions>
      </trkpt>
      <trkpt lat="22.230327499999998" lon="113.86138">
        <ele>238</ele>
        <extensions>
          <distance>31007</distance>
        </extensions>
      </trkpt>
      <trkpt lat="22.23043" lon="113.86123">
        <ele>238</ele>
        <extensions>
          <distance>31027</distance>
        </extensions>
      </trkpt>
      <trkpt lat="22.230565" lon="113.861425">
        <ele>238</ele>
        <extensions>
          <distance>31052</distance>
        </extensions>
      </trkpt>
      <trkpt lat="22.2307" lon="113.86162">
        <ele>246</ele>
        <extensions>
          <distance>31077</distance>
        </extensions>
      </trkpt>
      <trkpt lat="22.230717499999997" lon="113.86184750000001">
        <ele>252</ele>
        <extensions>
          <distance>31101</distance>
        </extensions>
      </trkpt>
      <trkpt lat="22.230735" lon="113.862075">
        <ele>254</ele>
        <extensions>
          <distance>31125</distance>
        </extensions>
      </trkpt>
      <trkpt lat="22.2307525" lon="113.8623025">
        <ele>257</ele>
        <extensions>
          <distance>31149</distance>
        </extensions>
      </trkpt>
      <trkpt lat="22.23077" lon="113.86253">
        <ele>261</ele>
        <extensions>
          <distance>31173</distance>
        </extensions>
      </trkpt>
      <trkpt lat="22.23074875" lon="113.86275125">
        <ele>265</ele>
        <extensions>
          <distance>31196</distance>
        </extensions>
      </trkpt>
      <trkpt lat="22.2307275" lon="113.86297250000001">
        <ele>265</ele>
        <extensions>
          <distance>31219</distance>
        </extensions>
      </trkpt>
      <trkpt lat="22.23070625" lon="113.86319375000001">
        <ele>266</ele>
        <extensions>
          <distance>31242</distance>
        </extensions>
      </trkpt>
      <trkpt lat="22.230685" lon="113.863415">
        <ele>268</ele>
        <extensions>
          <distance>31265</distance>
        </extensions>
      </trkpt>
      <trkpt lat="22.23066375" lon="113.86363625">
        <ele>268</ele>
        <extensions>
          <distance>31288</distance>
        </extensions>
      </trkpt>
      <trkpt lat="22.230642500000002" lon="113.8638575">
        <ele>268</ele>
        <extensions>
          <distance>31311</distance>
        </extensions>
      </trkpt>
      <trkpt lat="22.23062125" lon="113.86407875">
        <ele>270</ele>
        <extensions>
          <distance>31334</distance>
        </extensions>
      </trkpt>
      <trkpt lat="22.2306" lon="113.8643">
        <ele>271</ele>
        <extensions>
          <distance>31357</distance>
        </extensions>
      </trkpt>
      <trkpt lat="22.230717499999997" lon="113.8644975">
        <ele>275</ele>
        <extensions>
          <distance>31381</distance>
        </extensions>
      </trkpt>
      <trkpt lat="22.230835" lon="113.864695">
        <ele>277</ele>
        <extensions>
          <distance>31405</distance>
        </extensions>
      </trkpt>
      <trkpt lat="22.2309525" lon="113.8648925">
        <ele>280</ele>
        <extensions>
          <distance>31430</distance>
        </extensions>
      </trkpt>
      <trkpt lat="22.23107" lon="113.86509">
        <ele>282</ele>
        <extensions>
          <distance>31454</distance>
        </extensions>
      </trkpt>
      <trkpt lat="22.231209999999997" lon="113.86484999999999">
        <ele>284</ele>
        <extensions>
          <distance>31483</distance>
        </extensions>
      </trkpt>
      <trkpt lat="22.23135" lon="113.86461">
        <ele>288</ele>
        <extensions>
          <distance>31513</distance>
        </extensions>
      </trkpt>
      <trkpt lat="22.231367499999998" lon="113.86445875">
        <ele>292</ele>
        <extensions>
          <distance>31529</distance>
        </extensions>
      </trkpt>
      <trkpt lat="22.231385" lon="113.8643075">
        <ele>294</ele>
        <extensions>
          <distance>31545</distance>
        </extensions>
      </trkpt>
      <trkpt lat="22.2314025" lon="113.86415625">
        <ele>294</ele>
        <extensions>
          <distance>31560</distance>
        </extensions>
      </trkpt>
      <trkpt lat="22.23142" lon="113.86400499999999">
        <ele>294</ele>
        <extensions>
          <distance>31576</distance>
        </extensions>
      </trkpt>
      <trkpt lat="22.2314375" lon="113.86385374999999">
        <ele>294</ele>
        <extensions>
          <distance>31592</distance>
        </extensions>
      </trkpt>
      <trkpt lat="22.231455" lon="113.86370249999999">
        <ele>294</ele>
        <extensions>
          <distance>31608</distance>
        </extensions>
      </trkpt>
      <trkpt lat="22.231472500000002" lon="113.86355125">
        <ele>294</ele>
        <extensions>
          <distance>31623</distance>
        </extensions>
      </trkpt>
      <trkpt lat="22.23149" lon="113.8634">
        <ele>294</ele>
        <extensions>
          <distance>31639</distance>
        </extensions>
      </trkpt>
      <trkpt lat="22.231555625" lon="113.86325249999999">
        <ele>294</ele>
        <extensions>
          <distance>31656</distance>
        </extensions>
      </trkpt>
      <trkpt lat="22.23162125" lon="113.86310499999999">
        <ele>297</ele>
        <extensions>
          <distance>31673</distance>
        </extensions>
      </trkpt>
      <trkpt lat="22.231686875" lon="113.8629575">
        <ele>300</ele>
        <extensions>
          <distance>31690</distance>
        </extensions>
      </trkpt>
      <trkpt lat="22.2317525" lon="113.86281">
        <ele>302</ele>
        <extensions>
          <distance>31707</distance>
        </extensions>
      </trkpt>
      <trkpt lat="22.231818125" lon="113.8626625">
        <ele>304</ele>
        <extensions>
          <distance>31724</distance>
        </extensions>
      </trkpt>
      <trkpt lat="22.23188375" lon="113.862515">
        <ele>307</ele>
        <extensions>
          <distance>31741</distance>
        </extensions>
      </trkpt>
      <trkpt lat="22.231949375" lon="113.8623675">
        <ele>308</ele>
        <extensions>
          <distance>31758</distance>
        </extensions>
      </trkpt>
      <trkpt lat="22.232015" lon="113.86222000000001">
        <ele>308</ele>
        <extensions>
          <distance>31775</distance>
        </extensions>
      </trkpt>
      <trkpt lat="22.232080625000002" lon="113.86207250000001">
        <ele>308</ele>
        <extensions>
          <distance>31792</distance>
        </extensions>
      </trkpt>
      <trkpt lat="22.23214625" lon="113.86192500000001">
        <ele>308</ele>
        <extensions>
          <distance>31808</distance>
        </extensions>
      </trkpt>
      <trkpt lat="22.232211875" lon="113.86177750000002">
        <ele>306</ele>
        <extensions>
          <distance>31825</distance>
        </extensions>
      </trkpt>
      <trkpt lat="22.232277500000002" lon="113.86163">
        <ele>304</ele>
        <extensions>
          <distance>31842</distance>
        </extensions>
      </trkpt>
      <trkpt lat="22.232343125" lon="113.8614825">
        <ele>304</ele>
        <extensions>
          <distance>31859</distance>
        </extensions>
      </trkpt>
      <trkpt lat="22.23240875" lon="113.861335">
        <ele>304</ele>
        <extensions>
          <distance>31876</distance>
        </extensions>
      </trkpt>
      <trkpt lat="22.232474375000002" lon="113.8611875">
        <ele>303</ele>
        <extensions>
          <distance>31893</distance>
        </extensions>
      </trkpt>
      <trkpt lat="22.23254" lon="113.86104">
        <ele>302</ele>
        <extensions>
          <distance>31910</distance>
        </extensions>
      </trkpt>
      <trkpt lat="22.232680000000002" lon="113.861">
        <ele>302</ele>
        <extensions>
          <distance>31926</distance>
        </extensions>
      </trkpt>
      <trkpt lat="22.23282" lon="113.86096">
        <ele>302</ele>
        <extensions>
          <distance>31942</distance>
        </extensions>
      </trkpt>
      <trkpt lat="22.2330325" lon="113.86101875">
        <ele>301</ele>
        <extensions>
          <distance>31966</distance>
        </extensions>
      </trkpt>
      <trkpt lat="22.233245" lon="113.86107750000001">
        <ele>301</ele>
        <extensions>
          <distance>31990</distance>
        </extensions>
      </trkpt>
      <trkpt lat="22.2334575" lon="113.86113625000002">
        <ele>300</ele>
        <extensions>
          <distance>32015</distance>
        </extensions>
      </trkpt>
      <trkpt lat="22.23367" lon="113.86119500000001">
        <ele>299</ele>
        <extensions>
          <distance>32039</distance>
        </extensions>
      </trkpt>
      <trkpt lat="22.2338825" lon="113.86125375">
        <ele>299</ele>
        <extensions>
          <distance>32063</distance>
        </extensions>
      </trkpt>
      <trkpt lat="22.234095" lon="113.8613125">
        <ele>298</ele>
        <extensions>
          <distance>32088</distance>
        </extensions>
      </trkpt>
      <trkpt lat="22.2343075" lon="113.86137124999999">
        <ele>296</ele>
        <extensions>
          <distance>32112</distance>
        </extensions>
      </trkpt>
      <trkpt lat="22.23452" lon="113.86143">
        <ele>296</ele>
        <extensions>
          <distance>32136</distance>
        </extensions>
      </trkpt>
      <trkpt lat="22.234655" lon="113.86126999999999">
        <ele>296</ele>
        <extensions>
          <distance>32159</distance>
        </extensions>
      </trkpt>
      <trkpt lat="22.23479" lon="113.86111">
        <ele>296</ele>
        <extensions>
          <distance>32181</distance>
        </extensions>
      </trkpt>
      <trkpt lat="22.23496" lon="113.86106">
        <ele>296</ele>
        <extensions>
          <distance>32200</distance>
        </extensions>
      </trkpt>
      <trkpt lat="22.235129999999998" lon="113.86101">
        <ele>300</ele>
        <extensions>
          <distance>32220</distance>
        </extensions>
      </trkpt>
      <trkpt lat="22.2353" lon="113.86096">
        <ele>304</ele>
        <extensions>
          <distance>32240</distance>
        </extensions>
      </trkpt>
      <trkpt lat="22.23547" lon="113.86091">
        <ele>310</ele>
        <extensions>
          <distance>32260</distance>
        </extensions>
      </trkpt>
      <trkpt lat="22.235455" lon="113.86071749999999">
        <ele>310</ele>
        <extensions>
          <distance>32280</distance>
        </extensions>
      </trkpt>
      <trkpt lat="22.23544" lon="113.860525">
        <ele>310</ele>
        <extensions>
          <distance>32300</distance>
        </extensions>
      </trkpt>
      <trkpt lat="22.235425" lon="113.8603325">
        <ele>311</ele>
        <extensions>
          <distance>32320</distance>
        </extensions>
      </trkpt>
      <trkpt lat="22.23541" lon="113.86014">
        <ele>313</ele>
        <extensions>
          <distance>32340</distance>
        </extensions>
      </trkpt>
      <trkpt lat="22.235467500000002" lon="113.8599675">
        <ele>316</ele>
        <extensions>
          <distance>32359</distance>
        </extensions>
      </trkpt>
      <trkpt lat="22.235525000000003" lon="113.85979499999999">
        <ele>316</ele>
        <extensions>
          <distance>32378</distance>
        </extensions>
      </trkpt>
      <trkpt lat="22.2355825" lon="113.8596225">
        <ele>317</ele>
        <extensions>
          <distance>32397</distance>
        </extensions>
      </trkpt>
      <trkpt lat="22.23564" lon="113.85945">
        <ele>317</ele>
        <extensions>
          <distance>32416</distance>
        </extensions>
      </trkpt>
      <trkpt lat="22.235837500000002" lon="113.859445">
        <ele>317</ele>
        <extensions>
          <distance>32438</distance>
        </extensions>
      </trkpt>
      <trkpt lat="22.236035" lon="113.85944">
        <ele>317</ele>
        <extensions>
          <distance>32460</distance>
        </extensions>
      </trkpt>
      <trkpt lat="22.2362325" lon="113.859435">
        <ele>317</ele>
        <extensions>
          <distance>32481</distance>
        </extensions>
      </trkpt>
      <trkpt lat="22.23643" lon="113.85943">
        <ele>317</ele>
        <extensions>
          <distance>32503</distance>
        </extensions>
      </trkpt>
      <trkpt lat="22.236627499999997" lon="113.859425">
        <ele>315</ele>
        <extensions>
          <distance>32525</distance>
        </extensions>
      </trkpt>
      <trkpt lat="22.236825" lon="113.85942">
        <ele>313</ele>
        <extensions>
          <distance>32547</distance>
        </extensions>
      </trkpt>
      <trkpt lat="22.237022500000002" lon="113.859415">
        <ele>312</ele>
        <extensions>
          <distance>32569</distance>
        </extensions>
      </trkpt>
      <trkpt lat="22.23722" lon="113.85941">
        <ele>310</ele>
        <extensions>
          <distance>32591</distance>
        </extensions>
      </trkpt>
      <trkpt lat="22.23733" lon="113.8593175">
        <ele>305</ele>
        <extensions>
          <distance>32607</distance>
        </extensions>
      </trkpt>
      <trkpt lat="22.23744" lon="113.859225">
        <ele>300</ele>
        <extensions>
          <distance>32624</distance>
        </extensions>
      </trkpt>
      <trkpt lat="22.23755" lon="113.85913249999999">
        <ele>295</ele>
        <extensions>
          <distance>32640</distance>
        </extensions>
      </trkpt>
      <trkpt lat="22.23766" lon="113.85904">
        <ele>292</ele>
        <extensions>
          <distance>32656</distance>
        </extensions>
      </trkpt>
      <trkpt lat="22.237795" lon="113.859135">
        <ele>291</ele>
        <extensions>
          <distance>32673</distance>
        </extensions>
      </trkpt>
      <trkpt lat="22.23793" lon="113.85923">
        <ele>291</ele>
        <extensions>
          <distance>32691</distance>
        </extensions>
      </trkpt>
      <trkpt lat="22.2380775" lon="113.85921875">
        <ele>291</ele>
        <extensions>
          <distance>32708</distance>
        </extensions>
      </trkpt>
      <trkpt lat="22.238225" lon="113.8592075">
        <ele>291</ele>
        <extensions>
          <distance>32724</distance>
        </extensions>
      </trkpt>
      <trkpt lat="22.2383725" lon="113.85919625">
        <ele>291</ele>
        <extensions>
          <distance>32740</distance>
        </extensions>
      </trkpt>
      <trkpt lat="22.23852" lon="113.859185">
        <ele>289</ele>
        <extensions>
          <distance>32757</distance>
        </extensions>
      </trkpt>
      <trkpt lat="22.238667500000002" lon="113.85917375">
        <ele>285</ele>
        <extensions>
          <distance>32774</distance>
        </extensions>
      </trkpt>
      <trkpt lat="22.238815000000002" lon="113.8591625">
        <ele>280</ele>
        <extensions>
          <distance>32791</distance>
        </extensions>
      </trkpt>
      <trkpt lat="22.2389625" lon="113.85915125">
        <ele>277</ele>
        <extensions>
          <distance>32807</distance>
        </extensions>
      </trkpt>
      <trkpt lat="22.23911" lon="113.85914">
        <ele>276</ele>
        <extensions>
          <distance>32824</distance>
        </extensions>
      </trkpt>
      <trkpt lat="22.2392775" lon="113.8589225">
        <ele>264</ele>
        <extensions>
          <distance>32855</distance>
        </extensions>
      </trkpt>
      <trkpt lat="22.239445" lon="113.858705">
        <ele>254</ele>
        <extensions>
          <distance>32886</distance>
        </extensions>
      </trkpt>
      <trkpt lat="22.2396125" lon="113.8584875">
        <ele>246</ele>
        <extensions>
          <distance>32916</distance>
        </extensions>
      </trkpt>
      <trkpt lat="22.23978" lon="113.85827">
        <ele>238</ele>
        <extensions>
          <distance>32946</distance>
        </extensions>
      </trkpt>
      <trkpt lat="22.239829999999998" lon="113.8580825">
        <ele>233</ele>
        <extensions>
          <distance>32967</distance>
        </extensions>
      </trkpt>
      <trkpt lat="22.23988" lon="113.857895">
        <ele>229</ele>
        <extensions>
          <distance>32988</distance>
        </extensions>
      </trkpt>
      <trkpt lat="22.23993" lon="113.8577075">
        <ele>223</ele>
        <extensions>
          <distance>33009</distance>
        </extensions>
      </trkpt>
      <trkpt lat="22.23998" lon="113.85752">
        <ele>217</ele>
        <extensions>
          <distance>33030</distance>
        </extensions>
      </trkpt>
      <trkpt lat="22.24012625" lon="113.8574175">
        <ele>212</ele>
        <extensions>
          <distance>33050</distance>
        </extensions>
      </trkpt>
      <trkpt lat="22.2402725" lon="113.857315">
        <ele>210</ele>
        <extensions>
          <distance>33069</distance>
        </extensions>
      </trkpt>
      <trkpt lat="22.24041875" lon="113.8572125">
        <ele>206</ele>
        <extensions>
          <distance>33089</distance>
        </extensions>
      </trkpt>
      <trkpt lat="22.240571" lon="113.857134">
        <ele>206</ele>
        <extensions>
          <distance>33108</distance>
        </extensions>
      </trkpt>
      <trkpt lat="22.24081" lon="113.857058">
        <ele>206</ele>
        <extensions>
          <distance>33135</distance>
        </extensions>
      </trkpt>
      <trkpt lat="22.240992" lon="113.856781">
        <ele>206</ele>
        <extensions>
          <distance>33170</distance>
        </extensions>
      </trkpt>
      <trkpt lat="22.241155" lon="113.856703">
        <ele>209</ele>
        <extensions>
          <distance>33190</distance>
        </extensions>
      </trkpt>
      <trkpt lat="22.241196" lon="113.856642">
        <ele>210</ele>
        <extensions>
          <distance>33198</distance>
        </extensions>
      </trkpt>
      <trkpt lat="22.241189" lon="113.856567">
        <ele>210</ele>
        <extensions>
          <distance>33205</distance>
        </extensions>
      </trkpt>
      <trkpt lat="22.241193" lon="113.856508">
        <ele>210</ele>
        <extensions>
          <distance>33212</distance>
        </extensions>
      </trkpt>
      <trkpt lat="22.241272" lon="113.856384">
        <ele>210</ele>
        <extensions>
          <distance>33227</distance>
        </extensions>
      </trkpt>
      <trkpt lat="22.241446" lon="113.856169">
        <ele>209</ele>
        <extensions>
          <distance>33256</distance>
        </extensions>
      </trkpt>
      <trkpt lat="22.241614" lon="113.855917">
        <ele>203</ele>
        <extensions>
          <distance>33289</distance>
        </extensions>
      </trkpt>
      <trkpt lat="22.241764" lon="113.855568">
        <ele>191</ele>
        <extensions>
          <distance>33330</distance>
        </extensions>
      </trkpt>
      <trkpt lat="22.241774" lon="113.855417">
        <ele>188</ele>
        <extensions>
          <distance>33346</distance>
        </extensions>
      </trkpt>
      <trkpt lat="22.241803" lon="113.855385">
        <ele>187</ele>
        <extensions>
          <distance>33351</distance>
        </extensions>
      </trkpt>
      <trkpt lat="22.241906" lon="113.855067">
        <ele>180</ele>
        <extensions>
          <distance>33386</distance>
        </extensions>
      </trkpt>
      <trkpt lat="22.241875" lon="113.854941">
        <ele>178</ele>
        <extensions>
          <distance>33400</distance>
        </extensions>
      </trkpt>
      <trkpt lat="22.2418" lon="113.854817">
        <ele>177</ele>
        <extensions>
          <distance>33415</distance>
        </extensions>
      </trkpt>
      <trkpt lat="22.241818" lon="113.854753">
        <ele>175</ele>
        <extensions>
          <distance>33422</distance>
        </extensions>
      </trkpt>
      <trkpt lat="22.241883" lon="113.854683">
        <ele>173</ele>
        <extensions>
          <distance>33433</distance>
        </extensions>
      </trkpt>
      <trkpt lat="22.241904" lon="113.854618">
        <ele>171</ele>
        <extensions>
          <distance>33440</distance>
        </extensions>
      </trkpt>
      <trkpt lat="22.241882" lon="113.854555">
        <ele>170</ele>
        <extensions>
          <distance>33447</distance>
        </extensions>
      </trkpt>
      <trkpt lat="22.241974" lon="113.854339">
        <ele>165</ele>
        <extensions>
          <distance>33472</distance>
        </extensions>
      </trkpt>
      <trkpt lat="22.241978" lon="113.854269">
        <ele>163</ele>
        <extensions>
          <distance>33480</distance>
        </extensions>
      </trkpt>
      <trkpt lat="22.242053" lon="113.854153">
        <ele>157</ele>
        <extensions>
          <distance>33495</distance>
        </extensions>
      </trkpt>
      <trkpt lat="22.241992" lon="113.854027">
        <ele>152</ele>
        <extensions>
          <distance>33511</distance>
        </extensions>
      </trkpt>
      <trkpt lat="22.241936" lon="113.853987">
        <ele>152</ele>
        <extensions>
          <distance>33518</distance>
        </extensions>
      </trkpt>
      <trkpt lat="22.241873" lon="113.853969">
        <ele>152</ele>
        <extensions>
          <distance>33526</distance>
        </extensions>
      </trkpt>
      <trkpt lat="22.241827" lon="113.853886">
        <ele>150</ele>
        <extensions>
          <distance>33536</distance>
        </extensions>
      </trkpt>
      <trkpt lat="22.241789" lon="113.853833">
        <ele>148</ele>
        <extensions>
          <distance>33543</distance>
        </extensions>
      </trkpt>
      <trkpt lat="22.241696" lon="113.853733">
        <ele>147</ele>
        <extensions>
          <distance>33557</distance>
        </extensions>
      </trkpt>
      <trkpt lat="22.241658" lon="113.853726">
        <ele>146</ele>
        <extensions>
          <distance>33562</distance>
        </extensions>
      </trkpt>
      <trkpt lat="22.241627" lon="113.853699">
        <ele>145</ele>
        <extensions>
          <distance>33566</distance>
        </extensions>
      </trkpt>
      <trkpt lat="22.24161" lon="113.853657">
        <ele>144</ele>
        <extensions>
          <distance>33571</distance>
        </extensions>
      </trkpt>
      <trkpt lat="22.241537" lon="113.853583">
        <ele>140</ele>
        <extensions>
          <distance>33583</distance>
        </extensions>
      </trkpt>
      <trkpt lat="22.241498" lon="113.853566">
        <ele>138</ele>
        <extensions>
          <distance>33588</distance>
        </extensions>
      </trkpt>
      <trkpt lat="22.241398" lon="113.853545">
        <ele>137</ele>
        <extensions>
          <distance>33599</distance>
        </extensions>
      </trkpt>
      <trkpt lat="22.241352" lon="113.853547">
        <ele>137</ele>
        <extensions>
          <distance>33604</distance>
        </extensions>
      </trkpt>
      <trkpt lat="22.241314" lon="113.853524">
        <ele>135</ele>
        <extensions>
          <distance>33609</distance>
        </extensions>
      </trkpt>
      <trkpt lat="22.241246" lon="113.853452">
        <ele>132</ele>
        <extensions>
          <distance>33620</distance>
        </extensions>
      </trkpt>
      <trkpt lat="22.241239" lon="113.853419">
        <ele>131</ele>
        <extensions>
          <distance>33624</distance>
        </extensions>
      </trkpt>
      <trkpt lat="22.241174" lon="113.853387">
        <ele>130</ele>
        <extensions>
          <distance>33632</distance>
        </extensions>
      </trkpt>
      <trkpt lat="22.241128" lon="113.853353">
        <ele>129</ele>
        <extensions>
          <distance>33638</distance>
        </extensions>
      </trkpt>
      <trkpt lat="22.2411" lon="113.853308">
        <ele>128</ele>
        <extensions>
          <distance>33644</distance>
        </extensions>
      </trkpt>
      <trkpt lat="22.241075" lon="113.853294">
        <ele>127</ele>
        <extensions>
          <distance>33647</distance>
        </extensions>
      </trkpt>
      <trkpt lat="22.241047" lon="113.853313">
        <ele>127</ele>
        <extensions>
          <distance>33651</distance>
        </extensions>
      </trkpt>
      <trkpt lat="22.240982" lon="113.853294">
        <ele>125</ele>
        <extensions>
          <distance>33659</distance>
        </extensions>
      </trkpt>
      <trkpt lat="22.24095" lon="113.85325">
        <ele>123</ele>
        <extensions>
          <distance>33665</distance>
        </extensions>
      </trkpt>
      <trkpt lat="22.240932" lon="113.853207">
        <ele>123</ele>
        <extensions>
          <distance>33670</distance>
        </extensions>
      </trkpt>
      <trkpt lat="22.240905" lon="113.853207">
        <ele>123</ele>
        <extensions>
          <distance>33673</distance>
        </extensions>
      </trkpt>
      <trkpt lat="22.240845" lon="113.853242">
        <ele>122</ele>
        <extensions>
          <distance>33680</distance>
        </extensions>
      </trkpt>
      <trkpt lat="22.240824" lon="113.853306">
        <ele>121</ele>
        <extensions>
          <distance>33687</distance>
        </extensions>
      </trkpt>
      <trkpt lat="22.240808" lon="113.853328">
        <ele>121</ele>
        <extensions>
          <distance>33690</distance>
        </extensions>
      </trkpt>
      <trkpt lat="22.240792" lon="113.853324">
        <ele>121</ele>
        <extensions>
          <distance>33692</distance>
        </extensions>
      </trkpt>
      <trkpt lat="22.240755" lon="113.853249">
        <ele>118</ele>
        <extensions>
          <distance>33701</distance>
        </extensions>
      </trkpt>
      <trkpt lat="22.240734" lon="113.853238">
        <ele>117</ele>
        <extensions>
          <distance>33704</distance>
        </extensions>
      </trkpt>
      <trkpt lat="22.240719" lon="113.853262">
        <ele>117</ele>
        <extensions>
          <distance>33707</distance>
        </extensions>
      </trkpt>
      <trkpt lat="22.240712" lon="113.853328">
        <ele>117</ele>
        <extensions>
          <distance>33714</distance>
        </extensions>
      </trkpt>
      <trkpt lat="22.240697" lon="113.853349">
        <ele>116</ele>
        <extensions>
          <distance>33716</distance>
        </extensions>
      </trkpt>
      <trkpt lat="22.240684" lon="113.85334">
        <ele>116</ele>
        <extensions>
          <distance>33718</distance>
        </extensions>
      </trkpt>
      <trkpt lat="22.240637" lon="113.853218">
        <ele>110</ele>
        <extensions>
          <distance>33733</distance>
        </extensions>
      </trkpt>
      <trkpt lat="22.240625" lon="113.853213">
        <ele>110</ele>
        <extensions>
          <distance>33734</distance>
        </extensions>
      </trkpt>
      <trkpt lat="22.240614" lon="113.853221">
        <ele>109</ele>
        <extensions>
          <distance>33736</distance>
        </extensions>
      </trkpt>
      <trkpt lat="22.240593" lon="113.853283">
        <ele>109</ele>
        <extensions>
          <distance>33743</distance>
        </extensions>
      </trkpt>
      <trkpt lat="22.240569" lon="113.853305">
        <ele>109</ele>
        <extensions>
          <distance>33746</distance>
        </extensions>
      </trkpt>
      <trkpt lat="22.240563" lon="113.853298">
        <ele>108</ele>
        <extensions>
          <distance>33747</distance>
        </extensions>
      </trkpt>
      <trkpt lat="22.24054" lon="113.853188">
        <ele>103</ele>
        <extensions>
          <distance>33760</distance>
        </extensions>
      </trkpt>
      <trkpt lat="22.240521" lon="113.853174">
        <ele>102</ele>
        <extensions>
          <distance>33763</distance>
        </extensions>
      </trkpt>
      <trkpt lat="22.240502" lon="113.853197">
        <ele>102</ele>
        <extensions>
          <distance>33766</distance>
        </extensions>
      </trkpt>
      <trkpt lat="22.240485" lon="113.853201">
        <ele>101</ele>
        <extensions>
          <distance>33768</distance>
        </extensions>
      </trkpt>
      <trkpt lat="22.240464" lon="113.853156">
        <ele>99</ele>
        <extensions>
          <distance>33773</distance>
        </extensions>
      </trkpt>
      <trkpt lat="22.240452" lon="113.853145">
        <ele>99</ele>
        <extensions>
          <distance>33775</distance>
        </extensions>
      </trkpt>
      <trkpt lat="22.240438" lon="113.853154">
        <ele>98</ele>
        <extensions>
          <distance>33777</distance>
        </extensions>
      </trkpt>
      <trkpt lat="22.240431" lon="113.85323">
        <ele>97</ele>
        <extensions>
          <distance>33785</distance>
        </extensions>
      </trkpt>
      <trkpt lat="22.240416" lon="113.85324">
        <ele>97</ele>
        <extensions>
          <distance>33787</distance>
        </extensions>
      </trkpt>
      <trkpt lat="22.2404" lon="113.853218">
        <ele>97</ele>
        <extensions>
          <distance>33790</distance>
        </extensions>
      </trkpt>
      <trkpt lat="22.24038" lon="113.853152">
        <ele>94</ele>
        <extensions>
          <distance>33797</distance>
        </extensions>
      </trkpt>
      <trkpt lat="22.240364" lon="113.853145">
        <ele>94</ele>
        <extensions>
          <distance>33799</distance>
        </extensions>
      </trkpt>
      <trkpt lat="22.240351" lon="113.853153">
        <ele>94</ele>
        <extensions>
          <distance>33801</distance>
        </extensions>
      </trkpt>
      <trkpt lat="22.24034" lon="113.853173">
        <ele>93</ele>
        <extensions>
          <distance>33803</distance>
        </extensions>
      </trkpt>
      <trkpt lat="22.240331" lon="113.853221">
        <ele>93</ele>
        <extensions>
          <distance>33808</distance>
        </extensions>
      </trkpt>
      <trkpt lat="22.240322" lon="113.853227">
        <ele>93</ele>
        <extensions>
          <distance>33810</distance>
        </extensions>
      </trkpt>
      <trkpt lat="22.240306" lon="113.853203">
        <ele>92</ele>
        <extensions>
          <distance>33813</distance>
        </extensions>
      </trkpt>
      <trkpt lat="22.240295" lon="113.853149">
        <ele>90</ele>
        <extensions>
          <distance>33819</distance>
        </extensions>
      </trkpt>
      <trkpt lat="22.240278" lon="113.853129">
        <ele>88</ele>
        <extensions>
          <distance>33822</distance>
        </extensions>
      </trkpt>
      <trkpt lat="22.240269" lon="113.853129">
        <ele>88</ele>
        <extensions>
          <distance>33823</distance>
        </extensions>
      </trkpt>
      <trkpt lat="22.240245" lon="113.853154">
        <ele>88</ele>
        <extensions>
          <distance>33827</distance>
        </extensions>
      </trkpt>
      <trkpt lat="22.240187" lon="113.853248">
        <ele>88</ele>
        <extensions>
          <distance>33838</distance>
        </extensions>
      </trkpt>
      <trkpt lat="22.240124" lon="113.853176">
        <ele>83</ele>
        <extensions>
          <distance>33849</distance>
        </extensions>
      </trkpt>
      <trkpt lat="22.240098" lon="113.853088">
        <ele>79</ele>
        <extensions>
          <distance>33859</distance>
        </extensions>
      </trkpt>
      <trkpt lat="22.240078" lon="113.85306">
        <ele>78</ele>
        <extensions>
          <distance>33863</distance>
        </extensions>
      </trkpt>
      <trkpt lat="22.240058" lon="113.853061">
        <ele>77</ele>
        <extensions>
          <distance>33866</distance>
        </extensions>
      </trkpt>
      <trkpt lat="22.239965" lon="113.85313">
        <ele>74</ele>
        <extensions>
          <distance>33879</distance>
        </extensions>
      </trkpt>
      <trkpt lat="22.239932" lon="113.853139">
        <ele>73</ele>
        <extensions>
          <distance>33882</distance>
        </extensions>
      </trkpt>
      <trkpt lat="22.239941" lon="113.853025">
        <ele>70</ele>
        <extensions>
          <distance>33895</distance>
        </extensions>
      </trkpt>
      <trkpt lat="22.239801" lon="113.853048">
        <ele>65</ele>
        <extensions>
          <distance>33911</distance>
        </extensions>
      </trkpt>
      <trkpt lat="22.2397" lon="113.852902">
        <ele>56</ele>
        <extensions>
          <distance>33932</distance>
        </extensions>
      </trkpt>
      <trkpt lat="22.239607" lon="113.852881">
        <ele>51</ele>
        <extensions>
          <distance>33943</distance>
        </extensions>
      </trkpt>
      <trkpt lat="22.239525" lon="113.852919">
        <ele>48</ele>
        <extensions>
          <distance>33954</distance>
        </extensions>
      </trkpt>
      <trkpt lat="22.239447" lon="113.852889">
        <ele>43</ele>
        <extensions>
          <distance>33964</distance>
        </extensions>
      </trkpt>
      <trkpt lat="22.239435" lon="113.852793">
        <ele>40</ele>
        <extensions>
          <distance>33975</distance>
        </extensions>
      </trkpt>
      <trkpt lat="22.239325" lon="113.852727">
        <ele>33</ele>
        <extensions>
          <distance>33990</distance>
        </extensions>
      </trkpt>
      <trkpt lat="22.239306" lon="113.852659">
        <ele>31</ele>
        <extensions>
          <distance>33998</distance>
        </extensions>
      </trkpt>
      <trkpt lat="22.23924" lon="113.852611">
        <ele>26</ele>
        <extensions>
          <distance>34008</distance>
        </extensions>
      </trkpt>
      <trkpt lat="22.239089" lon="113.852596">
        <ele>21</ele>
        <extensions>
          <distance>34026</distance>
        </extensions>
      </trkpt>
      <trkpt lat="22.238999" lon="113.852614">
        <ele>20</ele>
        <extensions>
          <distance>34036</distance>
        </extensions>
      </trkpt>
      <trkpt lat="22.238928" lon="113.852515">
        <ele>19</ele>
        <extensions>
          <distance>34049</distance>
        </extensions>
      </trkpt>
      <trkpt lat="22.239029" lon="113.852418">
        <ele>19</ele>
        <extensions>
          <distance>34064</distance>
        </extensions>
      </trkpt>
      <trkpt lat="22.239065" lon="113.8524">
        <ele>19</ele>
        <extensions>
          <distance>34068</distance>
        </extensions>
      </trkpt>
      <trkpt lat="22.239159" lon="113.852385">
        <ele>19</ele>
        <extensions>
          <distance>34079</distance>
        </extensions>
      </trkpt>
      <trkpt lat="22.239395" lon="113.852254">
        <ele>19</ele>
        <extensions>
          <distance>34108</distance>
        </extensions>
      </trkpt>
      <trkpt lat="22.239447" lon="113.852235">
        <ele>19</ele>
        <extensions>
          <distance>34114</distance>
        </extensions>
      </trkpt>
      <trkpt lat="22.239522" lon="113.852138">
        <ele>19</ele>
        <extensions>
          <distance>34127</distance>
        </extensions>
      </trkpt>
      <trkpt lat="22.239567" lon="113.852112">
        <ele>18</ele>
        <extensions>
          <distance>34133</distance>
        </extensions>
      </trkpt>
      <trkpt lat="22.239688" lon="113.852085">
        <ele>17</ele>
        <extensions>
          <distance>34146</distance>
        </extensions>
      </trkpt>
      <trkpt lat="22.239849" lon="113.851905">
        <ele>17</ele>
        <extensions>
          <distance>34172</distance>
        </extensions>
      </trkpt>
      <trkpt lat="22.239906" lon="113.851857">
        <ele>17</ele>
        <extensions>
          <distance>34180</distance>
        </extensions>
      </trkpt>
      <trkpt lat="22.240171" lon="113.851733">
        <ele>17</ele>
        <extensions>
          <distance>34212</distance>
        </extensions>
      </trkpt>
      <trkpt lat="22.240363" lon="113.851705">
        <ele>21</ele>
        <extensions>
          <distance>34234</distance>
        </extensions>
      </trkpt>
      <trkpt lat="22.240573" lon="113.851653">
        <ele>23</ele>
        <extensions>
          <distance>34258</distance>
        </extensions>
      </trkpt>
      <trkpt lat="22.240697" lon="113.851605">
        <ele>24</ele>
        <extensions>
          <distance>34272</distance>
        </extensions>
      </trkpt>
      <trkpt lat="22.240748" lon="113.85156">
        <ele>24</ele>
        <extensions>
          <distance>34280</distance>
        </extensions>
      </trkpt>
      <trkpt lat="22.240779" lon="113.851557">
        <ele>24</ele>
        <extensions>
          <distance>34283</distance>
        </extensions>
      </trkpt>
      <trkpt lat="22.240806" lon="113.851577">
        <ele>25</ele>
        <extensions>
          <distance>34287</distance>
        </extensions>
      </trkpt>
      <trkpt lat="22.240906" lon="113.851584">
        <ele>25</ele>
        <extensions>
          <distance>34298</distance>
        </extensions>
      </trkpt>
      <trkpt lat="22.240979" lon="113.851553">
        <ele>25</ele>
        <extensions>
          <distance>34307</distance>
        </extensions>
      </trkpt>
      <trkpt lat="22.241034" lon="113.851519">
        <ele>25</ele>
        <extensions>
          <distance>34314</distance>
        </extensions>
      </trkpt>
      <trkpt lat="22.241064" lon="113.851486">
        <ele>25</ele>
        <extensions>
          <distance>34318</distance>
        </extensions>
      </trkpt>
      <trkpt lat="22.241151" lon="113.851486">
        <ele>25</ele>
        <extensions>
          <distance>34328</distance>
        </extensions>
      </trkpt>
      <trkpt lat="22.241456" lon="113.851671">
        <ele>31</ele>
        <extensions>
          <distance>34367</distance>
        </extensions>
      </trkpt>
      <trkpt lat="22.241632" lon="113.851658">
        <ele>31</ele>
        <extensions>
          <distance>34387</distance>
        </extensions>
      </trkpt>
      <trkpt lat="22.241694" lon="113.851612">
        <ele>31</ele>
        <extensions>
          <distance>34395</distance>
        </extensions>
      </trkpt>
      <trkpt lat="22.241782" lon="113.851606">
        <ele>31</ele>
        <extensions>
          <distance>34405</distance>
        </extensions>
      </trkpt>
      <trkpt lat="22.241914" lon="113.851628">
        <ele>31</ele>
        <extensions>
          <distance>34419</distance>
        </extensions>
      </trkpt>
      <trkpt lat="22.242179" lon="113.851569">
        <ele>31</ele>
        <extensions>
          <distance>34449</distance>
        </extensions>
      </trkpt>
      <trkpt lat="22.242478" lon="113.851617">
        <ele>31</ele>
        <extensions>
          <distance>34483</distance>
        </extensions>
      </trkpt>
      <trkpt lat="22.242724" lon="113.851697">
        <ele>31</ele>
        <extensions>
          <distance>34511</distance>
        </extensions>
      </trkpt>
      <trkpt lat="22.242994" lon="113.852017">
        <ele>31</ele>
        <extensions>
          <distance>34556</distance>
        </extensions>
      </trkpt>
      <trkpt lat="22.243098" lon="113.852071">
        <ele>30</ele>
        <extensions>
          <distance>34569</distance>
        </extensions>
      </trkpt>
      <trkpt lat="22.243174" lon="113.852214">
        <ele>30</ele>
        <extensions>
          <distance>34586</distance>
        </extensions>
      </trkpt>
      <trkpt lat="22.24328" lon="113.852414">
        <ele>30</ele>
        <extensions>
          <distance>34609</distance>
        </extensions>
      </trkpt>
      <trkpt lat="22.243319" lon="113.852488">
        <ele>30</ele>
        <extensions>
          <distance>34618</distance>
        </extensions>
      </trkpt>
      <trkpt lat="22.243491" lon="113.852759">
        <ele>30</ele>
        <extensions>
          <distance>34652</distance>
        </extensions>
      </trkpt>
      <trkpt lat="22.243595" lon="113.852894">
        <ele>29</ele>
        <extensions>
          <distance>34670</distance>
        </extensions>
      </trkpt>
      <trkpt lat="22.243903" lon="113.853095">
        <ele>29</ele>
        <extensions>
          <distance>34710</distance>
        </extensions>
      </trkpt>
      <trkpt lat="22.243942" lon="113.853256">
        <ele>29</ele>
        <extensions>
          <distance>34727</distance>
        </extensions>
      </trkpt>
      <trkpt lat="22.244041" lon="113.853579">
        <ele>25</ele>
        <extensions>
          <distance>34762</distance>
        </extensions>
      </trkpt>
      <trkpt lat="22.244016" lon="113.853837">
        <ele>22</ele>
        <extensions>
          <distance>34789</distance>
        </extensions>
      </trkpt>
      <trkpt lat="22.244184" lon="113.854203">
        <ele>22</ele>
        <extensions>
          <distance>34831</distance>
        </extensions>
      </trkpt>
      <trkpt lat="22.244318" lon="113.854408">
        <ele>20</ele>
        <extensions>
          <distance>34857</distance>
        </extensions>
      </trkpt>
      <trkpt lat="22.244388" lon="113.854627">
        <ele>20</ele>
        <extensions>
          <distance>34881</distance>
        </extensions>
      </trkpt>
      <trkpt lat="22.244448" lon="113.854787">
        <ele>20</ele>
        <extensions>
          <distance>34899</distance>
        </extensions>
      </trkpt>
      <trkpt lat="22.244568" lon="113.855021">
        <ele>20</ele>
        <extensions>
          <distance>34926</distance>
        </extensions>
      </trkpt>
      <trkpt lat="22.244708" lon="113.855838">
        <ele>20</ele>
        <extensions>
          <distance>35012</distance>
        </extensions>
      </trkpt>
      <trkpt lat="22.244796" lon="113.856178">
        <ele>22</ele>
        <extensions>
          <distance>35048</distance>
        </extensions>
      </trkpt>
      <trkpt lat="22.244792" lon="113.85637">
        <ele>22</ele>
        <extensions>
          <distance>35068</distance>
        </extensions>
      </trkpt>
      <trkpt lat="22.244758" lon="113.856613">
        <ele>22</ele>
        <extensions>
          <distance>35093</distance>
        </extensions>
      </trkpt>
      <trkpt lat="22.244746" lon="113.856834">
        <ele>22</ele>
        <extensions>
          <distance>35116</distance>
        </extensions>
      </trkpt>
      <trkpt lat="22.244819" lon="113.857128">
        <ele>22</ele>
        <extensions>
          <distance>35148</distance>
        </extensions>
      </trkpt>
      <trkpt lat="22.244843" lon="113.857555">
        <ele>22</ele>
        <extensions>
          <distance>35192</distance>
        </extensions>
      </trkpt>
      <trkpt lat="22.244902" lon="113.857717">
        <ele>22</ele>
        <extensions>
          <distance>35210</distance>
        </extensions>
      </trkpt>
      <trkpt lat="22.244943" lon="113.857867">
        <ele>22</ele>
        <extensions>
          <distance>35226</distance>
        </extensions>
      </trkpt>
      <trkpt lat="22.244973" lon="113.858086">
        <ele>21</ele>
        <extensions>
          <distance>35249</distance>
        </extensions>
      </trkpt>
      <trkpt lat="22.244994" lon="113.858167">
        <ele>20</ele>
        <extensions>
          <distance>35257</distance>
        </extensions>
      </trkpt>
      <trkpt lat="22.245031" lon="113.858246">
        <ele>18</ele>
        <extensions>
          <distance>35267</distance>
        </extensions>
      </trkpt>
      <trkpt lat="22.245065" lon="113.858444">
        <ele>15</ele>
        <extensions>
          <distance>35288</distance>
        </extensions>
      </trkpt>
      <trkpt lat="22.245145" lon="113.858637">
        <ele>12</ele>
        <extensions>
          <distance>35310</distance>
        </extensions>
      </trkpt>
      <trkpt lat="22.245228" lon="113.858984">
        <ele>12</ele>
        <extensions>
          <distance>35346</distance>
        </extensions>
      </trkpt>
      <trkpt lat="22.245264" lon="113.859016">
        <ele>11</ele>
        <extensions>
          <distance>35352</distance>
        </extensions>
      </trkpt>
      <trkpt lat="22.245331" lon="113.859054">
        <ele>8</ele>
        <extensions>
          <distance>35361</distance>
        </extensions>
      </trkpt>
      <trkpt lat="22.245399" lon="113.859135">
        <ele>6</ele>
        <extensions>
          <distance>35372</distance>
        </extensions>
      </trkpt>
      <trkpt lat="22.245429" lon="113.859158">
        <ele>5</ele>
        <extensions>
          <distance>35376</distance>
        </extensions>
      </trkpt>
      <trkpt lat="22.245461" lon="113.859201">
        <ele>4</ele>
        <extensions>
          <distance>35382</distance>
        </extensions>
      </trkpt>
      <trkpt lat="22.245484" lon="113.859251">
        <ele>4</ele>
        <extensions>
          <distance>35388</distance>
        </extensions>
      </trkpt>
      <trkpt lat="22.245597" lon="113.859614">
        <ele>4</ele>
        <extensions>
          <distance>35427</distance>
        </extensions>
      </trkpt>
      <trkpt lat="22.245643" lon="113.859683">
        <ele>4</ele>
        <extensions>
          <distance>35436</distance>
        </extensions>
      </trkpt>
      <trkpt lat="22.245645" lon="113.85979">
        <ele>5</ele>
        <extensions>
          <distance>35447</distance>
        </extensions>
      </trkpt>
      <trkpt lat="22.245698" lon="113.859988">
        <ele>5</ele>
        <extensions>
          <distance>35468</distance>
        </extensions>
      </trkpt>
      <trkpt lat="22.245804" lon="113.860204">
        <ele>5</ele>
        <extensions>
          <distance>35493</distance>
        </extensions>
      </trkpt>
      <trkpt lat="22.245883" lon="113.860488">
        <ele>5</ele>
        <extensions>
          <distance>35524</distance>
        </extensions>
      </trkpt>
      <trkpt lat="22.245923" lon="113.860669">
        <ele>4</ele>
        <extensions>
          <distance>35543</distance>
        </extensions>
      </trkpt>
      <trkpt lat="22.246007" lon="113.860846">
        <ele>4</ele>
        <extensions>
          <distance>35564</distance>
        </extensions>
      </trkpt>
      <trkpt lat="22.246062" lon="113.86091">
        <ele>4</ele>
        <extensions>
          <distance>35573</distance>
        </extensions>
      </trkpt>
      <trkpt lat="22.246227" lon="113.861037">
        <ele>4</ele>
        <extensions>
          <distance>35595</distance>
        </extensions>
      </trkpt>
      <trkpt lat="22.246431" lon="113.861311">
        <ele>4</ele>
        <extensions>
          <distance>35631</distance>
        </extensions>
      </trkpt>
      <trkpt lat="22.2465" lon="113.86137">
        <ele>4</ele>
        <extensions>
          <distance>35641</distance>
        </extensions>
      </trkpt>
      <trkpt lat="22.2465725" lon="113.86156875">
        <ele>4</ele>
        <extensions>
          <distance>35663</distance>
        </extensions>
      </trkpt>
      <trkpt lat="22.246685" lon="113.8617125">
        <ele>4</ele>
        <extensions>
          <distance>35682</distance>
        </extensions>
      </trkpt>
      <trkpt lat="22.2467975" lon="113.86185624999999">
        <ele>4</ele>
        <extensions>
          <distance>35702</distance>
        </extensions>
      </trkpt>
      <trkpt lat="22.24691" lon="113.862">
        <ele>4</ele>
        <extensions>
          <distance>35721</distance>
        </extensions>
      </trkpt>
      <trkpt lat="22.247104999999998" lon="113.862005">
        <ele>2</ele>
        <extensions>
          <distance>35743</distance>
        </extensions>
      </trkpt>
      <trkpt lat="22.2473" lon="113.86201">
        <ele>1</ele>
        <extensions>
          <distance>35764</distance>
        </extensions>
      </trkpt>
      <trkpt lat="22.2472675" lon="113.8618475">
        <ele>1</ele>
        <extensions>
          <distance>35781</distance>
        </extensions>
      </trkpt>
      <trkpt lat="22.247235" lon="113.861685">
        <ele>1</ele>
        <extensions>
          <distance>35799</distance>
        </extensions>
      </trkpt>
      <trkpt lat="22.2472025" lon="113.8615225">
        <ele>1</ele>
        <extensions>
          <distance>35816</distance>
        </extensions>
      </trkpt>
      <trkpt lat="22.24717" lon="113.86136">
        <ele>1</ele>
        <extensions>
          <distance>35833</distance>
        </extensions>
      </trkpt>
      <trkpt lat="22.247328125000003" lon="113.8613325">
        <ele>0</ele>
        <extensions>
          <distance>35851</distance>
        </extensions>
      </trkpt>
      <trkpt lat="22.24748625" lon="113.86130500000002">
        <ele>0</ele>
        <extensions>
          <distance>35868</distance>
        </extensions>
      </trkpt>
      <trkpt lat="22.247644375" lon="113.86127750000001">
        <ele>0</ele>
        <extensions>
          <distance>35886</distance>
        </extensions>
      </trkpt>
      <trkpt lat="22.2478025" lon="113.86125000000001">
        <ele>0</ele>
        <extensions>
          <distance>35904</distance>
        </extensions>
      </trkpt>
      <trkpt lat="22.247960624999997" lon="113.86122250000001">
        <ele>0</ele>
        <extensions>
          <distance>35921</distance>
        </extensions>
      </trkpt>
      <trkpt lat="22.24811875" lon="113.86119500000001">
        <ele>0</ele>
        <extensions>
          <distance>35939</distance>
        </extensions>
      </trkpt>
      <trkpt lat="22.248276875000002" lon="113.86116750000001">
        <ele>0</ele>
        <extensions>
          <distance>35957</distance>
        </extensions>
      </trkpt>
      <trkpt lat="22.248435" lon="113.86114">
        <ele>0</ele>
        <extensions>
          <distance>35975</distance>
        </extensions>
      </trkpt>
      <trkpt lat="22.248593125" lon="113.8611125">
        <ele>0</ele>
        <extensions>
          <distance>35992</distance>
        </extensions>
      </trkpt>
      <trkpt lat="22.24875125" lon="113.861085">
        <ele>0</ele>
        <extensions>
          <distance>36010</distance>
        </extensions>
      </trkpt>
      <trkpt lat="22.248909375000004" lon="113.8610575">
        <ele>0</ele>
        <extensions>
          <distance>36028</distance>
        </extensions>
      </trkpt>
      <trkpt lat="22.249067500000002" lon="113.86103">
        <ele>0</ele>
        <extensions>
          <distance>36046</distance>
        </extensions>
      </trkpt>
      <trkpt lat="22.249225625" lon="113.8610025">
        <ele>0</ele>
        <extensions>
          <distance>36063</distance>
        </extensions>
      </trkpt>
      <trkpt lat="22.24938375" lon="113.860975">
        <ele>0</ele>
        <extensions>
          <distance>36081</distance>
        </extensions>
      </trkpt>
      <trkpt lat="22.249541875" lon="113.8609475">
        <ele>0</ele>
        <extensions>
          <distance>36099</distance>
        </extensions>
      </trkpt>
      <trkpt lat="22.2497" lon="113.86092">
        <ele>0</ele>
        <extensions>
          <distance>36117</distance>
        </extensions>
      </trkpt>
      <trkpt lat="22.249858125000003" lon="113.86089249999999">
        <ele>0</ele>
        <extensions>
          <distance>36134</distance>
        </extensions>
      </trkpt>
      <trkpt lat="22.25001625" lon="113.86086499999999">
        <ele>0</ele>
        <extensions>
          <distance>36152</distance>
        </extensions>
      </trkpt>
      <trkpt lat="22.250174375" lon="113.86083749999999">
        <ele>0</ele>
        <extensions>
          <distance>36170</distance>
        </extensions>
      </trkpt>
      <trkpt lat="22.2503325" lon="113.86080999999999">
        <ele>0</ele>
        <extensions>
          <distance>36188</distance>
        </extensions>
      </trkpt>
      <trkpt lat="22.250490624999998" lon="113.86078249999998">
        <ele>0</ele>
        <extensions>
          <distance>36205</distance>
        </extensions>
      </trkpt>
      <trkpt lat="22.25064875" lon="113.86075499999998">
        <ele>0</ele>
        <extensions>
          <distance>36223</distance>
        </extensions>
      </trkpt>
      <trkpt lat="22.250806875000002" lon="113.8607275">
        <ele>0</ele>
        <extensions>
          <distance>36241</distance>
        </extensions>
      </trkpt>
      <trkpt lat="22.250965" lon="113.8607">
        <ele>0</ele>
        <extensions>
          <distance>36258</distance>
        </extensions>
      </trkpt>
      <trkpt lat="22.251123125" lon="113.86067249999999">
        <ele>0</ele>
        <extensions>
          <distance>36276</distance>
        </extensions>
      </trkpt>
      <trkpt lat="22.25128125" lon="113.860645">
        <ele>0</ele>
        <extensions>
          <distance>36294</distance>
        </extensions>
      </trkpt>
      <trkpt lat="22.251439375000004" lon="113.8606175">
        <ele>0</ele>
        <extensions>
          <distance>36312</distance>
        </extensions>
      </trkpt>
      <trkpt lat="22.251597500000003" lon="113.86059">
        <ele>0</ele>
        <extensions>
          <distance>36329</distance>
        </extensions>
      </trkpt>
      <trkpt lat="22.251755625" lon="113.8605625">
        <ele>0</ele>
        <extensions>
          <distance>36347</distance>
        </extensions>
      </trkpt>
      <trkpt lat="22.25191375" lon="113.860535">
        <ele>0</ele>
        <extensions>
          <distance>36365</distance>
        </extensions>
      </trkpt>
      <trkpt lat="22.252071875" lon="113.8605075">
        <ele>0</ele>
        <extensions>
          <distance>36383</distance>
        </extensions>
      </trkpt>
      <trkpt lat="22.25223" lon="113.86048">
        <ele>0</ele>
        <extensions>
          <distance>36400</distance>
        </extensions>
      </trkpt>
      <trkpt lat="22.25232125" lon="113.86064999999999">
        <ele>4</ele>
        <extensions>
          <distance>36421</distance>
        </extensions>
      </trkpt>
      <trkpt lat="22.2524125" lon="113.86081999999999">
        <ele>6</ele>
        <extensions>
          <distance>36441</distance>
        </extensions>
      </trkpt>
      <trkpt lat="22.25250375" lon="113.86098999999999">
        <ele>6</ele>
        <extensions>
          <distance>36461</distance>
        </extensions>
      </trkpt>
      <trkpt lat="22.252595" lon="113.86116">
        <ele>6</ele>
        <extensions>
          <distance>36481</distance>
        </extensions>
      </trkpt>
      <trkpt lat="22.25268625" lon="113.86133000000001">
        <ele>6</ele>
        <extensions>
          <distance>36502</distance>
        </extensions>
      </trkpt>
      <trkpt lat="22.2527775" lon="113.8615">
        <ele>2</ele>
        <extensions>
          <distance>36522</distance>
        </extensions>
      </trkpt>
      <trkpt lat="22.25286875" lon="113.86167">
        <ele>2</ele>
        <extensions>
          <distance>36542</distance>
        </extensions>
      </trkpt>
      <trkpt lat="22.25296" lon="113.86184">
        <ele>2</ele>
        <extensions>
          <distance>36562</distance>
        </extensions>
      </trkpt>
      <trkpt lat="22.252928750000002" lon="113.86202125">
        <ele>2</ele>
        <extensions>
          <distance>36581</distance>
        </extensions>
      </trkpt>
      <trkpt lat="22.252897500000003" lon="113.8622025">
        <ele>2</ele>
        <extensions>
          <distance>36600</distance>
        </extensions>
      </trkpt>
      <trkpt lat="22.252866250000004" lon="113.86238374999999">
        <ele>4</ele>
        <extensions>
          <distance>36619</distance>
        </extensions>
      </trkpt>
      <trkpt lat="22.252835" lon="113.862565">
        <ele>5</ele>
        <extensions>
          <distance>36638</distance>
        </extensions>
      </trkpt>
      <trkpt lat="22.252803749999998" lon="113.86274625000001">
        <ele>6</ele>
        <extensions>
          <distance>36658</distance>
        </extensions>
      </trkpt>
      <trkpt lat="22.2527725" lon="113.86292750000001">
        <ele>6</ele>
        <extensions>
          <distance>36677</distance>
        </extensions>
      </trkpt>
      <trkpt lat="22.25274125" lon="113.86310875000001">
        <ele>6</ele>
        <extensions>
          <distance>36696</distance>
        </extensions>
      </trkpt>
      <trkpt lat="22.25271" lon="113.86329">
        <ele>6</ele>
        <extensions>
          <distance>36715</distance>
        </extensions>
      </trkpt>
      <trkpt lat="22.25286" lon="113.86334">
        <ele>6</ele>
        <extensions>
          <distance>36732</distance>
        </extensions>
      </trkpt>
      <trkpt lat="22.25301" lon="113.86339">
        <ele>6</ele>
        <extensions>
          <distance>36749</distance>
        </extensions>
      </trkpt>
      <trkpt lat="22.25303" lon="113.86339">
        <ele>6</ele>
        <extensions>
          <distance>36752</distance>
        </extensions>
      </trkpt>
      <trkpt lat="22.25299" lon="113.86348">
        <ele>7</ele>
        <extensions>
          <distance>36762</distance>
        </extensions>
      </trkpt>
      <trkpt lat="22.25295" lon="113.86354">
        <ele>7</ele>
        <extensions>
          <distance>36769</distance>
        </extensions>
      </trkpt>
      <trkpt lat="22.25295" lon="113.86367">
        <ele>7</ele>
        <extensions>
          <distance>36783</distance>
        </extensions>
      </trkpt>
      <trkpt lat="22.25304" lon="113.86384">
        <ele>7</ele>
        <extensions>
          <distance>36803</distance>
        </extensions>
      </trkpt>
      <trkpt lat="22.25303" lon="113.86406">
        <ele>7</ele>
        <extensions>
          <distance>36826</distance>
        </extensions>
      </trkpt>
      <trkpt lat="22.25305" lon="113.86426">
        <ele>5</ele>
        <extensions>
          <distance>36846</distance>
        </extensions>
      </trkpt>
      <trkpt lat="22.25313" lon="113.86442">
        <ele>3</ele>
        <extensions>
          <distance>36865</distance>
        </extensions>
      </trkpt>
      <trkpt lat="22.25321" lon="113.86458">
        <ele>2</ele>
        <extensions>
          <distance>36884</distance>
        </extensions>
      </trkpt>
      <trkpt lat="22.25332" lon="113.86468">
        <ele>1</ele>
        <extensions>
          <distance>36900</distance>
        </extensions>
      </trkpt>
      <trkpt lat="22.25349" lon="113.86481">
        <ele>0</ele>
        <extensions>
          <distance>36923</distance>
        </extensions>
      </trkpt>
      <trkpt lat="22.25352" lon="113.86473">
        <ele>0</ele>
        <extensions>
          <distance>36932</distance>
        </extensions>
      </trkpt>
      <trkpt lat="22.25357" lon="113.86465">
        <ele>0</ele>
        <extensions>
          <distance>36942</distance>
        </extensions>
      </trkpt>
      <trkpt lat="22.25358" lon="113.86452">
        <ele>0</ele>
        <extensions>
          <distance>36955</distance>
        </extensions>
      </trkpt>
      <trkpt lat="22.25362" lon="113.86446">
        <ele>0</ele>
        <extensions>
          <distance>36963</distance>
        </extensions>
      </trkpt>
      <trkpt lat="22.25355" lon="113.86418">
        <ele>3</ele>
        <extensions>
          <distance>36993</distance>
        </extensions>
      </trkpt>
      <trkpt lat="22.25348" lon="113.86404">
        <ele>4</ele>
        <extensions>
          <distance>37009</distance>
        </extensions>
      </trkpt>
      <trkpt lat="22.25349" lon="113.86394">
        <ele>4</ele>
        <extensions>
          <distance>37020</distance>
        </extensions>
      </trkpt>
      <trkpt lat="22.253535" lon="113.86373499999999">
        <ele>4</ele>
        <extensions>
          <distance>37041</distance>
        </extensions>
      </trkpt>
      <trkpt lat="22.25358" lon="113.86353">
        <ele>4</ele>
        <extensions>
          <distance>37063</distance>
        </extensions>
      </trkpt>
      <trkpt lat="22.253606249999997" lon="113.86336125">
        <ele>4</ele>
        <extensions>
          <distance>37081</distance>
        </extensions>
      </trkpt>
      <trkpt lat="22.2536325" lon="113.8631925">
        <ele>4</ele>
        <extensions>
          <distance>37098</distance>
        </extensions>
      </trkpt>
      <trkpt lat="22.25365875" lon="113.86302375">
        <ele>4</ele>
        <extensions>
          <distance>37116</distance>
        </extensions>
      </trkpt>
      <trkpt lat="22.253684999999997" lon="113.862855">
        <ele>4</ele>
        <extensions>
          <distance>37134</distance>
        </extensions>
      </trkpt>
      <trkpt lat="22.25371125" lon="113.86268625">
        <ele>3</ele>
        <extensions>
          <distance>37151</distance>
        </extensions>
      </trkpt>
      <trkpt lat="22.2537375" lon="113.8625175">
        <ele>3</ele>
        <extensions>
          <distance>37169</distance>
        </extensions>
      </trkpt>
      <trkpt lat="22.253763749999997" lon="113.86234875">
        <ele>3</ele>
        <extensions>
          <distance>37187</distance>
        </extensions>
      </trkpt>
      <trkpt lat="22.25379" lon="113.86218">
        <ele>3</ele>
        <extensions>
          <distance>37204</distance>
        </extensions>
      </trkpt>
      <trkpt lat="22.253977499999998" lon="113.8621075">
        <ele>3</ele>
        <extensions>
          <distance>37226</distance>
        </extensions>
      </trkpt>
      <trkpt lat="22.254165" lon="113.86203499999999">
        <ele>3</ele>
        <extensions>
          <distance>37248</distance>
        </extensions>
      </trkpt>
      <trkpt lat="22.2543525" lon="113.8619625">
        <ele>5</ele>
        <extensions>
          <distance>37270</distance>
        </extensions>
      </trkpt>
      <trkpt lat="22.25454" lon="113.86189">
        <ele>7</ele>
        <extensions>
          <distance>37293</distance>
        </extensions>
      </trkpt>
      <trkpt lat="22.25457" lon="113.86196">
        <ele>7</ele>
        <extensions>
          <distance>37301</distance>
        </extensions>
      </trkpt>
      <trkpt lat="22.25465" lon="113.86187">
        <ele>7</ele>
        <extensions>
          <distance>37313</distance>
        </extensions>
      </trkpt>
      <trkpt lat="22.25468" lon="113.8618">
        <ele>7</ele>
        <extensions>
          <distance>37321</distance>
        </extensions>
      </trkpt>
      <trkpt lat="22.254694999999998" lon="113.86153">
        <ele>8</ele>
        <extensions>
          <distance>37349</distance>
        </extensions>
      </trkpt>
      <trkpt lat="22.25471" lon="113.86126">
        <ele>8</ele>
        <extensions>
          <distance>37377</distance>
        </extensions>
      </trkpt>
      <trkpt lat="22.25477" lon="113.86115">
        <ele>9</ele>
        <extensions>
          <distance>37390</distance>
        </extensions>
      </trkpt>
      <trkpt lat="22.25483" lon="113.861">
        <ele>9</ele>
        <extensions>
          <distance>37407</distance>
        </extensions>
      </trkpt>
      <trkpt lat="22.25484" lon="113.86088">
        <ele>9</ele>
        <extensions>
          <distance>37419</distance>
        </extensions>
      </trkpt>
      <trkpt lat="22.25493" lon="113.86067">
        <ele>9</ele>
        <extensions>
          <distance>37443</distance>
        </extensions>
      </trkpt>
      <trkpt lat="22.255035" lon="113.860485">
        <ele>8</ele>
        <extensions>
          <distance>37466</distance>
        </extensions>
      </trkpt>
      <trkpt lat="22.25514" lon="113.8603">
        <ele>7</ele>
        <extensions>
          <distance>37488</distance>
        </extensions>
      </trkpt>
      <trkpt lat="22.25517" lon="113.86021">
        <ele>7</ele>
        <extensions>
          <distance>37498</distance>
        </extensions>
      </trkpt>
      <trkpt lat="22.25519" lon="113.85998">
        <ele>7</ele>
        <extensions>
          <distance>37522</distance>
        </extensions>
      </trkpt>
      <trkpt lat="22.25524" lon="113.85981">
        <ele>7</ele>
        <extensions>
          <distance>37540</distance>
        </extensions>
      </trkpt>
      <trkpt lat="22.255275" lon="113.859545">
        <ele>7</ele>
        <extensions>
          <distance>37568</distance>
        </extensions>
      </trkpt>
      <trkpt lat="22.25531" lon="113.85928">
        <ele>8</ele>
        <extensions>
          <distance>37595</distance>
        </extensions>
      </trkpt>
      <trkpt lat="22.25533875" lon="113.85913375">
        <ele>8</ele>
        <extensions>
          <distance>37611</distance>
        </extensions>
      </trkpt>
      <trkpt lat="22.255367500000002" lon="113.8589875">
        <ele>8</ele>
        <extensions>
          <distance>37626</distance>
        </extensions>
      </trkpt>
      <trkpt lat="22.255396250000004" lon="113.85884125">
        <ele>9</ele>
        <extensions>
          <distance>37641</distance>
        </extensions>
      </trkpt>
      <trkpt lat="22.255425000000002" lon="113.858695">
        <ele>9</ele>
        <extensions>
          <distance>37657</distance>
        </extensions>
      </trkpt>
      <trkpt lat="22.25545375" lon="113.85854875">
        <ele>9</ele>
        <extensions>
          <distance>37672</distance>
        </extensions>
      </trkpt>
      <trkpt lat="22.2554825" lon="113.8584025">
        <ele>9</ele>
        <extensions>
          <distance>37688</distance>
        </extensions>
      </trkpt>
      <trkpt lat="22.255511249999998" lon="113.85825625">
        <ele>7</ele>
        <extensions>
          <distance>37703</distance>
        </extensions>
      </trkpt>
      <trkpt lat="22.25554" lon="113.85811">
        <ele>6</ele>
        <extensions>
          <distance>37719</distance>
        </extensions>
      </trkpt>
      <trkpt lat="22.255565" lon="113.857935">
        <ele>6</ele>
        <extensions>
          <distance>37737</distance>
        </extensions>
      </trkpt>
      <trkpt lat="22.25559" lon="113.85776">
        <ele>6</ele>
        <extensions>
          <distance>37755</distance>
        </extensions>
      </trkpt>
      <trkpt lat="22.25559" lon="113.85759">
        <ele>5</ele>
        <extensions>
          <distance>37773</distance>
        </extensions>
      </trkpt>
      <trkpt lat="22.2556" lon="113.85754">
        <ele>5</ele>
        <extensions>
          <distance>37778</distance>
        </extensions>
      </trkpt>
      <trkpt lat="22.25566" lon="113.85745">
        <ele>5</ele>
        <extensions>
          <distance>37789</distance>
        </extensions>
      </trkpt>
      <trkpt lat="22.2557" lon="113.85737">
        <ele>5</ele>
        <extensions>
          <distance>37799</distance>
        </extensions>
      </trkpt>
      <trkpt lat="22.25572" lon="113.85728">
        <ele>5</ele>
        <extensions>
          <distance>37808</distance>
        </extensions>
      </trkpt>
      <trkpt lat="22.25572" lon="113.85718">
        <ele>5</ele>
        <extensions>
          <distance>37818</distance>
        </extensions>
      </trkpt>
      <trkpt lat="22.25571" lon="113.85711">
        <ele>5</ele>
        <extensions>
          <distance>37826</distance>
        </extensions>
      </trkpt>
      <trkpt lat="22.25584" lon="113.85699">
        <ele>5</ele>
        <extensions>
          <distance>37845</distance>
        </extensions>
      </trkpt>
      <trkpt lat="22.25601" lon="113.85699">
        <ele>5</ele>
        <extensions>
          <distance>37864</distance>
        </extensions>
      </trkpt>
      <trkpt lat="22.2561" lon="113.85693">
        <ele>5</ele>
        <extensions>
          <distance>37875</distance>
        </extensions>
      </trkpt>
      <trkpt lat="22.25612" lon="113.85693">
        <ele>5</ele>
        <extensions>
          <distance>37878</distance>
        </extensions>
      </trkpt>
      <trkpt lat="22.25615" lon="113.85684">
        <ele>6</ele>
        <extensions>
          <distance>37887</distance>
        </extensions>
      </trkpt>
      <trkpt lat="22.25628" lon="113.85673">
        <ele>6</ele>
        <extensions>
          <distance>37906</distance>
        </extensions>
      </trkpt>
      <trkpt lat="22.256425" lon="113.85669999999999">
        <ele>8</ele>
        <extensions>
          <distance>37922</distance>
        </extensions>
      </trkpt>
      <trkpt lat="22.25657" lon="113.85667">
        <ele>9</ele>
        <extensions>
          <distance>37939</distance>
        </extensions>
      </trkpt>
      <trkpt lat="22.25657" lon="113.85649">
        <ele>14</ele>
        <extensions>
          <distance>37958</distance>
        </extensions>
      </trkpt>
      <trkpt lat="22.25674" lon="113.85646">
        <ele>15</ele>
        <extensions>
          <distance>37977</distance>
        </extensions>
      </trkpt>
      <trkpt lat="22.2568" lon="113.85648">
        <ele>16</ele>
        <extensions>
          <distance>37984</distance>
        </extensions>
      </trkpt>
      <trkpt lat="22.25695" lon="113.856425">
        <ele>16</ele>
        <extensions>
          <distance>38001</distance>
        </extensions>
      </trkpt>
      <trkpt lat="22.2571" lon="113.85637">
        <ele>20</ele>
        <extensions>
          <distance>38019</distance>
        </extensions>
      </trkpt>
      <trkpt lat="22.25721" lon="113.85621">
        <ele>29</ele>
        <extensions>
          <distance>38042</distance>
        </extensions>
      </trkpt>
      <trkpt lat="22.2574" lon="113.85616">
        <ele>33</ele>
        <extensions>
          <distance>38064</distance>
        </extensions>
      </trkpt>
      <trkpt lat="22.25749" lon="113.85599">
        <ele>38</ele>
        <extensions>
          <distance>38084</distance>
        </extensions>
      </trkpt>
      <trkpt lat="22.25752" lon="113.8558">
        <ele>42</ele>
        <extensions>
          <distance>38105</distance>
        </extensions>
      </trkpt>
      <trkpt lat="22.25748" lon="113.85566">
        <ele>42</ele>
        <extensions>
          <distance>38120</distance>
        </extensions>
      </trkpt>
      <trkpt lat="22.25738" lon="113.85556">
        <ele>43</ele>
        <extensions>
          <distance>38135</distance>
        </extensions>
      </trkpt>
      <trkpt lat="22.25734" lon="113.85536">
        <ele>44</ele>
        <extensions>
          <distance>38156</distance>
        </extensions>
      </trkpt>
      <trkpt lat="22.25733" lon="113.85534">
        <ele>44</ele>
        <extensions>
          <distance>38158</distance>
        </extensions>
      </trkpt>
      <trkpt lat="22.25748" lon="113.85532">
        <ele>44</ele>
        <extensions>
          <distance>38175</distance>
        </extensions>
      </trkpt>
      <trkpt lat="22.25767" lon="113.855245">
        <ele>45</ele>
        <extensions>
          <distance>38197</distance>
        </extensions>
      </trkpt>
      <trkpt lat="22.25786" lon="113.85517">
        <ele>45</ele>
        <extensions>
          <distance>38220</distance>
        </extensions>
      </trkpt>
      <trkpt lat="22.25799" lon="113.85532">
        <ele>45</ele>
        <extensions>
          <distance>38241</distance>
        </extensions>
      </trkpt>
      <trkpt lat="22.25812" lon="113.85547">
        <ele>47</ele>
        <extensions>
          <distance>38262</distance>
        </extensions>
      </trkpt>
      <trkpt lat="22.25821" lon="113.85566">
        <ele>49</ele>
        <extensions>
          <distance>38284</distance>
        </extensions>
      </trkpt>
      <trkpt lat="22.25832" lon="113.8558">
        <ele>50</ele>
        <extensions>
          <distance>38303</distance>
        </extensions>
      </trkpt>
      <trkpt lat="22.258455" lon="113.85589">
        <ele>50</ele>
        <extensions>
          <distance>38321</distance>
        </extensions>
      </trkpt>
      <trkpt lat="22.25859" lon="113.85598">
        <ele>50</ele>
        <extensions>
          <distance>38338</distance>
        </extensions>
      </trkpt>
      <trkpt lat="22.258695000000003" lon="113.856075">
        <ele>50</ele>
        <extensions>
          <distance>38354</distance>
        </extensions>
      </trkpt>
      <trkpt lat="22.2588" lon="113.85617">
        <ele>49</ele>
        <extensions>
          <distance>38369</distance>
        </extensions>
      </trkpt>
      <trkpt lat="22.258885" lon="113.8563">
        <ele>48</ele>
        <extensions>
          <distance>38385</distance>
        </extensions>
      </trkpt>
      <trkpt lat="22.25897" lon="113.85643">
        <ele>48</ele>
        <extensions>
          <distance>38402</distance>
        </extensions>
      </trkpt>
      <trkpt lat="22.25902" lon="113.85653">
        <ele>47</ele>
        <extensions>
          <distance>38413</distance>
        </extensions>
      </trkpt>
      <trkpt lat="22.259185000000002" lon="113.85671">
        <ele>47</ele>
        <extensions>
          <distance>38439</distance>
        </extensions>
      </trkpt>
      <trkpt lat="22.25935" lon="113.85689">
        <ele>45</ele>
        <extensions>
          <distance>38465</distance>
        </extensions>
      </trkpt>
      <trkpt lat="22.25948" lon="113.85711">
        <ele>45</ele>
        <extensions>
          <distance>38492</distance>
        </extensions>
      </trkpt>
      <trkpt lat="22.259529999999998" lon="113.85732">
        <ele>45</ele>
        <extensions>
          <distance>38515</distance>
        </extensions>
      </trkpt>
      <trkpt lat="22.25958" lon="113.85753">
        <ele>45</ele>
        <extensions>
          <distance>38537</distance>
        </extensions>
      </trkpt>
      <trkpt lat="22.25968" lon="113.8578">
        <ele>47</ele>
        <extensions>
          <distance>38567</distance>
        </extensions>
      </trkpt>
      <trkpt lat="22.25971" lon="113.85781">
        <ele>48</ele>
        <extensions>
          <distance>38571</distance>
        </extensions>
      </trkpt>
      <trkpt lat="22.25972" lon="113.85786">
        <ele>49</ele>
        <extensions>
          <distance>38576</distance>
        </extensions>
      </trkpt>
      <trkpt lat="22.25969" lon="113.85787">
        <ele>49</ele>
        <extensions>
          <distance>38579</distance>
        </extensions>
      </trkpt>
      <trkpt lat="22.25968" lon="113.85801">
        <ele>51</ele>
        <extensions>
          <distance>38594</distance>
        </extensions>
      </trkpt>
      <trkpt lat="22.25965" lon="113.85816">
        <ele>54</ele>
        <extensions>
          <distance>38610</distance>
        </extensions>
      </trkpt>
      <trkpt lat="22.25962" lon="113.85831">
        <ele>57</ele>
        <extensions>
          <distance>38626</distance>
        </extensions>
      </trkpt>
      <trkpt lat="22.25978" lon="113.85853">
        <ele>57</ele>
        <extensions>
          <distance>38655</distance>
        </extensions>
      </trkpt>
      <trkpt lat="22.25993" lon="113.85869">
        <ele>57</ele>
        <extensions>
          <distance>38678</distance>
        </extensions>
      </trkpt>
      <trkpt lat="22.25996" lon="113.8588">
        <ele>57</ele>
        <extensions>
          <distance>38690</distance>
        </extensions>
      </trkpt>
      <trkpt lat="22.260035000000002" lon="113.85902">
        <ele>57</ele>
        <extensions>
          <distance>38714</distance>
        </extensions>
      </trkpt>
      <trkpt lat="22.26011" lon="113.85924">
        <ele>57</ele>
        <extensions>
          <distance>38738</distance>
        </extensions>
      </trkpt>
      <trkpt lat="22.26011" lon="113.85942">
        <ele>57</ele>
        <extensions>
          <distance>38757</distance>
        </extensions>
      </trkpt>
      <trkpt lat="22.260145" lon="113.85959">
        <ele>56</ele>
        <extensions>
          <distance>38775</distance>
        </extensions>
      </trkpt>
      <trkpt lat="22.26018" lon="113.85976">
        <ele>54</ele>
        <extensions>
          <distance>38793</distance>
        </extensions>
      </trkpt>
      <trkpt lat="22.26029" lon="113.85984">
        <ele>52</ele>
        <extensions>
          <distance>38808</distance>
        </extensions>
      </trkpt>
      <trkpt lat="22.26033" lon="113.85988">
        <ele>48</ele>
        <extensions>
          <distance>38815</distance>
        </extensions>
      </trkpt>
      <trkpt lat="22.26035" lon="113.85993">
        <ele>46</ele>
        <extensions>
          <distance>38821</distance>
        </extensions>
      </trkpt>
      <trkpt lat="22.26034" lon="113.86011">
        <ele>41</ele>
        <extensions>
          <distance>38840</distance>
        </extensions>
      </trkpt>
      <trkpt lat="22.26043" lon="113.86029">
        <ele>33</ele>
        <extensions>
          <distance>38863</distance>
        </extensions>
      </trkpt>
      <trkpt lat="22.26042" lon="113.86044">
        <ele>30</ele>
        <extensions>
          <distance>38879</distance>
        </extensions>
      </trkpt>
      <trkpt lat="22.26046" lon="113.86064">
        <ele>27</ele>
        <extensions>
          <distance>38900</distance>
        </extensions>
      </trkpt>
      <trkpt lat="22.26046" lon="113.86079000000001">
        <ele>27</ele>
        <extensions>
          <distance>38915</distance>
        </extensions>
      </trkpt>
      <trkpt lat="22.26046" lon="113.86094">
        <ele>25</ele>
        <extensions>
          <distance>38931</distance>
        </extensions>
      </trkpt>
      <trkpt lat="22.26047" lon="113.86112">
        <ele>23</ele>
        <extensions>
          <distance>38950</distance>
        </extensions>
      </trkpt>
      <trkpt lat="22.26042" lon="113.86133">
        <ele>16</ele>
        <extensions>
          <distance>38973</distance>
        </extensions>
      </trkpt>
      <trkpt lat="22.26039" lon="113.86139">
        <ele>13</ele>
        <extensions>
          <distance>38981</distance>
        </extensions>
      </trkpt>
      <trkpt lat="22.26035" lon="113.86144">
        <ele>11</ele>
        <extensions>
          <distance>38988</distance>
        </extensions>
      </trkpt>
      <trkpt lat="22.26032" lon="113.86159">
        <ele>7</ele>
        <extensions>
          <distance>39004</distance>
        </extensions>
      </trkpt>
      <trkpt lat="22.26029" lon="113.86168">
        <ele>6</ele>
        <extensions>
          <distance>39014</distance>
        </extensions>
      </trkpt>
      <trkpt lat="22.26006" lon="113.86159">
        <ele>5</ele>
        <extensions>
          <distance>39041</distance>
        </extensions>
      </trkpt>
      <trkpt lat="22.26001" lon="113.86171">
        <ele>4</ele>
        <extensions>
          <distance>39055</distance>
        </extensions>
      </trkpt>
      <trkpt lat="22.26006" lon="113.86169">
        <ele>4</ele>
        <extensions>
          <distance>39061</distance>
        </extensions>
      </trkpt>
      <trkpt lat="22.26006" lon="113.86177">
        <ele>3</ele>
        <extensions>
          <distance>39069</distance>
        </extensions>
      </trkpt>
      <trkpt lat="22.259999999999998" lon="113.861945">
        <ele>3</ele>
        <extensions>
          <distance>39088</distance>
        </extensions>
      </trkpt>
      <trkpt lat="22.25994" lon="113.86212">
        <ele>3</ele>
        <extensions>
          <distance>39107</distance>
        </extensions>
      </trkpt>
      <trkpt lat="22.259735" lon="113.86221499999999">
        <ele>3</ele>
        <extensions>
          <distance>39132</distance>
        </extensions>
      </trkpt>
      <trkpt lat="22.25953" lon="113.86231">
        <ele>3</ele>
        <extensions>
          <distance>39157</distance>
        </extensions>
      </trkpt>
      <trkpt lat="22.259305" lon="113.86239499999999">
        <ele>3</ele>
        <extensions>
          <distance>39183</distance>
        </extensions>
      </trkpt>
      <trkpt lat="22.25908" lon="113.86248">
        <ele>3</ele>
        <extensions>
          <distance>39210</distance>
        </extensions>
      </trkpt>
      <trkpt lat="22.25891" lon="113.86251">
        <ele>3</ele>
        <extensions>
          <distance>39229</distance>
        </extensions>
      </trkpt>
      <trkpt lat="22.2589" lon="113.86256">
        <ele>3</ele>
        <extensions>
          <distance>39234</distance>
        </extensions>
      </trkpt>
      <trkpt lat="22.25876375" lon="113.86252">
        <ele>0</ele>
        <extensions>
          <distance>39250</distance>
        </extensions>
      </trkpt>
      <trkpt lat="22.258627500000003" lon="113.86248">
        <ele>-4</ele>
        <extensions>
          <distance>39266</distance>
        </extensions>
      </trkpt>
      <trkpt lat="22.258491250000002" lon="113.86244">
        <ele>-4</ele>
        <extensions>
          <distance>39281</distance>
        </extensions>
      </trkpt>
      <trkpt lat="22.258355" lon="113.86240000000001">
        <ele>-4</ele>
        <extensions>
          <distance>39297</distance>
        </extensions>
      </trkpt>
      <trkpt lat="22.25821875" lon="113.86236000000001">
        <ele>-4</ele>
        <extensions>
          <distance>39313</distance>
        </extensions>
      </trkpt>
      <trkpt lat="22.2580825" lon="113.86232000000001">
        <ele>-3</ele>
        <extensions>
          <distance>39328</distance>
        </extensions>
      </trkpt>
      <trkpt lat="22.25794625" lon="113.86228">
        <ele>-1</ele>
        <extensions>
          <distance>39344</distance>
        </extensions>
      </trkpt>
      <trkpt lat="22.25781" lon="113.86224">
        <ele>1</ele>
        <extensions>
          <distance>39360</distance>
        </extensions>
      </trkpt>
      <trkpt lat="22.25774" lon="113.86219">
        <ele>1</ele>
        <extensions>
          <distance>39369</distance>
        </extensions>
      </trkpt>
      <trkpt lat="22.25762" lon="113.86219">
        <ele>1</ele>
        <extensions>
          <distance>39382</distance>
        </extensions>
      </trkpt>
      <trkpt lat="22.25754" lon="113.86229">
        <ele>1</ele>
        <extensions>
          <distance>39396</distance>
        </extensions>
      </trkpt>
      <trkpt lat="22.25746" lon="113.86236">
        <ele>1</ele>
        <extensions>
          <distance>39407</distance>
        </extensions>
      </trkpt>
      <trkpt lat="22.25735" lon="113.86239">
        <ele>1</ele>
        <extensions>
          <distance>39420</distance>
        </extensions>
      </trkpt>
      <trkpt lat="22.257215" lon="113.86247">
        <ele>1</ele>
        <extensions>
          <distance>39437</distance>
        </extensions>
      </trkpt>
      <trkpt lat="22.25708" lon="113.86255">
        <ele>1</ele>
        <extensions>
          <distance>39454</distance>
        </extensions>
      </trkpt>
      <trkpt lat="22.25695" lon="113.8626">
        <ele>2</ele>
        <extensions>
          <distance>39469</distance>
        </extensions>
      </trkpt>
      <trkpt lat="22.25682" lon="113.86265">
        <ele>2</ele>
        <extensions>
          <distance>39485</distance>
        </extensions>
      </trkpt>
      <trkpt lat="22.25668" lon="113.86274">
        <ele>2</ele>
        <extensions>
          <distance>39503</distance>
        </extensions>
      </trkpt>
      <trkpt lat="22.256549999999997" lon="113.86284">
        <ele>2</ele>
        <extensions>
          <distance>39520</distance>
        </extensions>
      </trkpt>
      <trkpt lat="22.25642" lon="113.86294">
        <ele>2</ele>
        <extensions>
          <distance>39538</distance>
        </extensions>
      </trkpt>
      <trkpt lat="22.25635" lon="113.86304">
        <ele>2</ele>
        <extensions>
          <distance>39551</distance>
        </extensions>
      </trkpt>
      <trkpt lat="22.25613" lon="113.8632">
        <ele>2</ele>
        <extensions>
          <distance>39580</distance>
        </extensions>
      </trkpt>
      <trkpt lat="22.255955" lon="113.863235">
        <ele>2</ele>
        <extensions>
          <distance>39600</distance>
        </extensions>
      </trkpt>
      <trkpt lat="22.25578" lon="113.86327">
        <ele>2</ele>
        <extensions>
          <distance>39620</distance>
        </extensions>
      </trkpt>
      <trkpt lat="22.25566" lon="113.86328">
        <ele>2</ele>
        <extensions>
          <distance>39633</distance>
        </extensions>
      </trkpt>
      <trkpt lat="22.25553" lon="113.86334">
        <ele>2</ele>
        <extensions>
          <distance>39649</distance>
        </extensions>
      </trkpt>
      <trkpt lat="22.25551" lon="113.86356">
        <ele>1</ele>
        <extensions>
          <distance>39672</distance>
        </extensions>
      </trkpt>
      <trkpt lat="22.25549" lon="113.86378">
        <ele>1</ele>
        <extensions>
          <distance>39694</distance>
        </extensions>
      </trkpt>
      <trkpt lat="22.255548750000003" lon="113.86391750000001">
        <ele>1</ele>
        <extensions>
          <distance>39710</distance>
        </extensions>
      </trkpt>
      <trkpt lat="22.255607500000004" lon="113.86405500000001">
        <ele>1</ele>
        <extensions>
          <distance>39726</distance>
        </extensions>
      </trkpt>
      <trkpt lat="22.255666250000004" lon="113.8641925">
        <ele>0</ele>
        <extensions>
          <distance>39741</distance>
        </extensions>
      </trkpt>
      <trkpt lat="22.255725" lon="113.86433">
        <ele>-1</ele>
        <extensions>
          <distance>39757</distance>
        </extensions>
      </trkpt>
      <trkpt lat="22.25578375" lon="113.86446749999999">
        <ele>-3</ele>
        <extensions>
          <distance>39773</distance>
        </extensions>
      </trkpt>
      <trkpt lat="22.2558425" lon="113.864605">
        <ele>-4</ele>
        <extensions>
          <distance>39788</distance>
        </extensions>
      </trkpt>
      <trkpt lat="22.25590125" lon="113.8647425">
        <ele>-4</ele>
        <extensions>
          <distance>39804</distance>
        </extensions>
      </trkpt>
      <trkpt lat="22.25596" lon="113.86488">
        <ele>-4</ele>
        <extensions>
          <distance>39819</distance>
        </extensions>
      </trkpt>
      <trkpt lat="22.255815" lon="113.865005">
        <ele>-4</ele>
        <extensions>
          <distance>39840</distance>
        </extensions>
      </trkpt>
      <trkpt lat="22.25567" lon="113.86513">
        <ele>-2</ele>
        <extensions>
          <distance>39861</distance>
        </extensions>
      </trkpt>
      <trkpt lat="22.25557" lon="113.86535624999999">
        <ele>-1</ele>
        <extensions>
          <distance>39886</distance>
        </extensions>
      </trkpt>
      <trkpt lat="22.25547" lon="113.86558249999999">
        <ele>-1</ele>
        <extensions>
          <distance>39912</distance>
        </extensions>
      </trkpt>
      <trkpt lat="22.25537" lon="113.86580874999999">
        <ele>-1</ele>
        <extensions>
          <distance>39938</distance>
        </extensions>
      </trkpt>
      <trkpt lat="22.25527" lon="113.866035">
        <ele>0</ele>
        <extensions>
          <distance>39964</distance>
        </extensions>
      </trkpt>
      <trkpt lat="22.25517" lon="113.86626125000001">
        <ele>0</ele>
        <extensions>
          <distance>39990</distance>
        </extensions>
      </trkpt>
      <trkpt lat="22.25507" lon="113.8664875">
        <ele>0</ele>
        <extensions>
          <distance>40016</distance>
        </extensions>
      </trkpt>
      <trkpt lat="22.25497" lon="113.86671375">
        <ele>0</ele>
        <extensions>
          <distance>40041</distance>
        </extensions>
      </trkpt>
      <trkpt lat="22.25487" lon="113.86694">
        <ele>0</ele>
        <extensions>
          <distance>40067</distance>
        </extensions>
      </trkpt>
      <trkpt lat="22.254752500000002" lon="113.8670525">
        <ele>0</ele>
        <extensions>
          <distance>40085</distance>
        </extensions>
      </trkpt>
      <trkpt lat="22.254635" lon="113.867165">
        <ele>0</ele>
        <extensions>
          <distance>40102</distance>
        </extensions>
      </trkpt>
      <trkpt lat="22.2545175" lon="113.8672775">
        <ele>0</ele>
        <extensions>
          <distance>40119</distance>
        </extensions>
      </trkpt>
      <trkpt lat="22.2544" lon="113.86739">
        <ele>0</ele>
        <extensions>
          <distance>40137</distance>
        </extensions>
      </trkpt>
      <trkpt lat="22.2543475" lon="113.8676125">
        <ele>0</ele>
        <extensions>
          <distance>40161</distance>
        </extensions>
      </trkpt>
      <trkpt lat="22.254295" lon="113.867835">
        <ele>0</ele>
        <extensions>
          <distance>40184</distance>
        </extensions>
      </trkpt>
      <trkpt lat="22.2542425" lon="113.86805749999999">
        <ele>1</ele>
        <extensions>
          <distance>40208</distance>
        </extensions>
      </trkpt>
      <trkpt lat="22.25419" lon="113.86828">
        <ele>1</ele>
        <extensions>
          <distance>40232</distance>
        </extensions>
      </trkpt>
      <trkpt lat="22.2541375" lon="113.8685025">
        <ele>1</ele>
        <extensions>
          <distance>40255</distance>
        </extensions>
      </trkpt>
      <trkpt lat="22.254085" lon="113.868725">
        <ele>1</ele>
        <extensions>
          <distance>40279</distance>
        </extensions>
      </trkpt>
      <trkpt lat="22.2540325" lon="113.86894749999999">
        <ele>1</ele>
        <extensions>
          <distance>40303</distance>
        </extensions>
      </trkpt>
      <trkpt lat="22.25398" lon="113.86917">
        <ele>1</ele>
        <extensions>
          <distance>40326</distance>
        </extensions>
      </trkpt>
      <trkpt lat="22.253845" lon="113.869335">
        <ele>1</ele>
        <extensions>
          <distance>40349</distance>
        </extensions>
      </trkpt>
      <trkpt lat="22.25371" lon="113.8695">
        <ele>2</ele>
        <extensions>
          <distance>40371</distance>
        </extensions>
      </trkpt>
      <trkpt lat="22.25359" lon="113.86952">
        <ele>2</ele>
        <extensions>
          <distance>40385</distance>
        </extensions>
      </trkpt>
      <trkpt lat="22.25359" lon="113.86951">
        <ele>2</ele>
        <extensions>
          <distance>40386</distance>
        </extensions>
      </trkpt>
      <trkpt lat="22.25341" lon="113.86951">
        <ele>2</ele>
        <extensions>
          <distance>40406</distance>
        </extensions>
      </trkpt>
      <trkpt lat="22.25327" lon="113.86957">
        <ele>2</ele>
        <extensions>
          <distance>40423</distance>
        </extensions>
      </trkpt>
      <trkpt lat="22.25326" lon="113.86938">
        <ele>1</ele>
        <extensions>
          <distance>40442</distance>
        </extensions>
      </trkpt>
      <trkpt lat="22.253230000000002" lon="113.86919">
        <ele>1</ele>
        <extensions>
          <distance>40462</distance>
        </extensions>
      </trkpt>
      <trkpt lat="22.2532" lon="113.869">
        <ele>0</ele>
        <extensions>
          <distance>40482</distance>
        </extensions>
      </trkpt>
      <trkpt lat="22.253155" lon="113.86878">
        <ele>0</ele>
        <extensions>
          <distance>40505</distance>
        </extensions>
      </trkpt>
      <trkpt lat="22.25311" lon="113.86856">
        <ele>0</ele>
        <extensions>
          <distance>40528</distance>
        </extensions>
      </trkpt>
      <trkpt lat="22.25324" lon="113.86841">
        <ele>0</ele>
        <extensions>
          <distance>40550</distance>
        </extensions>
      </trkpt>
      <trkpt lat="22.25328" lon="113.86834">
        <ele>0</ele>
        <extensions>
          <distance>40558</distance>
        </extensions>
      </trkpt>
      <trkpt lat="22.25328" lon="113.86823">
        <ele>0</ele>
        <extensions>
          <distance>40569</distance>
        </extensions>
      </trkpt>
      <trkpt lat="22.2532" lon="113.86812">
        <ele>0</ele>
        <extensions>
          <distance>40584</distance>
        </extensions>
      </trkpt>
      <trkpt lat="22.25309" lon="113.86803">
        <ele>0</ele>
        <extensions>
          <distance>40599</distance>
        </extensions>
      </trkpt>
      <trkpt lat="22.25307" lon="113.86799">
        <ele>0</ele>
        <extensions>
          <distance>40604</distance>
        </extensions>
      </trkpt>
      <trkpt lat="22.25312" lon="113.86778">
        <ele>0</ele>
        <extensions>
          <distance>40626</distance>
        </extensions>
      </trkpt>
      <trkpt lat="22.252967499999997" lon="113.86759749999999">
        <ele>0</ele>
        <extensions>
          <distance>40651</distance>
        </extensions>
      </trkpt>
      <trkpt lat="22.252815" lon="113.867415">
        <ele>1</ele>
        <extensions>
          <distance>40677</distance>
        </extensions>
      </trkpt>
      <trkpt lat="22.2526625" lon="113.8672325">
        <ele>2</ele>
        <extensions>
          <distance>40702</distance>
        </extensions>
      </trkpt>
      <trkpt lat="22.25251" lon="113.86705">
        <ele>6</ele>
        <extensions>
          <distance>40728</distance>
        </extensions>
      </trkpt>
      <trkpt lat="22.2525325" lon="113.8668625">
        <ele>9</ele>
        <extensions>
          <distance>40747</distance>
        </extensions>
      </trkpt>
      <trkpt lat="22.252555" lon="113.866675">
        <ele>9</ele>
        <extensions>
          <distance>40767</distance>
        </extensions>
      </trkpt>
      <trkpt lat="22.2525775" lon="113.8664875">
        <ele>9</ele>
        <extensions>
          <distance>40786</distance>
        </extensions>
      </trkpt>
      <trkpt lat="22.2526" lon="113.8663">
        <ele>9</ele>
        <extensions>
          <distance>40806</distance>
        </extensions>
      </trkpt>
      <trkpt lat="22.25241" lon="113.866225">
        <ele>9</ele>
        <extensions>
          <distance>40828</distance>
        </extensions>
      </trkpt>
      <trkpt lat="22.25222" lon="113.86615">
        <ele>8</ele>
        <extensions>
          <distance>40851</distance>
        </extensions>
      </trkpt>
      <trkpt lat="22.252244375" lon="113.86596187500001">
        <ele>7</ele>
        <extensions>
          <distance>40870</distance>
        </extensions>
      </trkpt>
      <trkpt lat="22.25226875" lon="113.86577375">
        <ele>6</ele>
        <extensions>
          <distance>40890</distance>
        </extensions>
      </trkpt>
      <trkpt lat="22.252293125" lon="113.865585625">
        <ele>4</ele>
        <extensions>
          <distance>40909</distance>
        </extensions>
      </trkpt>
      <trkpt lat="22.2523175" lon="113.8653975">
        <ele>3</ele>
        <extensions>
          <distance>40929</distance>
        </extensions>
      </trkpt>
      <trkpt lat="22.252341875" lon="113.865209375">
        <ele>2</ele>
        <extensions>
          <distance>40949</distance>
        </extensions>
      </trkpt>
      <trkpt lat="22.25236625" lon="113.86502125">
        <ele>2</ele>
        <extensions>
          <distance>40968</distance>
        </extensions>
      </trkpt>
      <trkpt lat="22.252390625" lon="113.86483312499999">
        <ele>2</ele>
        <extensions>
          <distance>40988</distance>
        </extensions>
      </trkpt>
      <trkpt lat="22.252415" lon="113.864645">
        <ele>2</ele>
        <extensions>
          <distance>41007</distance>
        </extensions>
      </trkpt>
      <trkpt lat="22.252439375" lon="113.864456875">
        <ele>2</ele>
        <extensions>
          <distance>41027</distance>
        </extensions>
      </trkpt>
      <trkpt lat="22.25246375" lon="113.86426875">
        <ele>4</ele>
        <extensions>
          <distance>41047</distance>
        </extensions>
      </trkpt>
      <trkpt lat="22.252488125" lon="113.86408062499999">
        <ele>5</ele>
        <extensions>
          <distance>41066</distance>
        </extensions>
      </trkpt>
      <trkpt lat="22.2525125" lon="113.86389249999999">
        <ele>5</ele>
        <extensions>
          <distance>41086</distance>
        </extensions>
      </trkpt>
      <trkpt lat="22.252536875" lon="113.863704375">
        <ele>5</ele>
        <extensions>
          <distance>41105</distance>
        </extensions>
      </trkpt>
      <trkpt lat="22.25256125" lon="113.86351625">
        <ele>5</ele>
        <extensions>
          <distance>41125</distance>
        </extensions>
      </trkpt>
      <trkpt lat="22.252585625000002" lon="113.86332812500001">
        <ele>5</ele>
        <extensions>
          <distance>41144</distance>
        </extensions>
      </trkpt>
      <trkpt lat="22.25261" lon="113.86314">
        <ele>5</ele>
        <extensions>
          <distance>41164</distance>
        </extensions>
      </trkpt>
      <trkpt lat="22.2524225" lon="113.86308249999999">
        <ele>5</ele>
        <extensions>
          <distance>41186</distance>
        </extensions>
      </trkpt>
      <trkpt lat="22.252235" lon="113.863025">
        <ele>5</ele>
        <extensions>
          <distance>41207</distance>
        </extensions>
      </trkpt>
      <trkpt lat="22.2520475" lon="113.8629675">
        <ele>5</ele>
        <extensions>
          <distance>41229</distance>
        </extensions>
      </trkpt>
      <trkpt lat="22.25186" lon="113.86291">
        <ele>5</ele>
        <extensions>
          <distance>41250</distance>
        </extensions>
      </trkpt>
      <trkpt lat="22.251617500000002" lon="113.862951875">
        <ele>4</ele>
        <extensions>
          <distance>41278</distance>
        </extensions>
      </trkpt>
      <trkpt lat="22.251375" lon="113.86299375">
        <ele>4</ele>
        <extensions>
          <distance>41305</distance>
        </extensions>
      </trkpt>
      <trkpt lat="22.251132499999997" lon="113.86303562500001">
        <ele>2</ele>
        <extensions>
          <distance>41332</distance>
        </extensions>
      </trkpt>
      <trkpt lat="22.25089" lon="113.8630775">
        <ele>0</ele>
        <extensions>
          <distance>41359</distance>
        </extensions>
      </trkpt>
      <trkpt lat="22.2506475" lon="113.863119375">
        <ele>0</ele>
        <extensions>
          <distance>41386</distance>
        </extensions>
      </trkpt>
      <trkpt lat="22.250405" lon="113.86316125">
        <ele>0</ele>
        <extensions>
          <distance>41414</distance>
        </extensions>
      </trkpt>
      <trkpt lat="22.250162500000002" lon="113.86320312500001">
        <ele>0</ele>
        <extensions>
          <distance>41441</distance>
        </extensions>
      </trkpt>
      <trkpt lat="22.24992" lon="113.863245">
        <ele>0</ele>
        <extensions>
          <distance>41468</distance>
        </extensions>
      </trkpt>
      <trkpt lat="22.249677499999997" lon="113.863286875">
        <ele>1</ele>
        <extensions>
          <distance>41495</distance>
        </extensions>
      </trkpt>
      <trkpt lat="22.249435" lon="113.86332875000001">
        <ele>1</ele>
        <extensions>
          <distance>41522</distance>
        </extensions>
      </trkpt>
      <trkpt lat="22.2491925" lon="113.86337062500002">
        <ele>1</ele>
        <extensions>
          <distance>41550</distance>
        </extensions>
      </trkpt>
      <trkpt lat="22.24895" lon="113.86341250000001">
        <ele>1</ele>
        <extensions>
          <distance>41577</distance>
        </extensions>
      </trkpt>
      <trkpt lat="22.248707500000002" lon="113.863454375">
        <ele>1</ele>
        <extensions>
          <distance>41604</distance>
        </extensions>
      </trkpt>
      <trkpt lat="22.248465" lon="113.86349625">
        <ele>1</ele>
        <extensions>
          <distance>41631</distance>
        </extensions>
      </trkpt>
      <trkpt lat="22.248222499999997" lon="113.86353812499999">
        <ele>1</ele>
        <extensions>
          <distance>41658</distance>
        </extensions>
      </trkpt>
      <trkpt lat="22.24798" lon="113.86358">
        <ele>1</ele>
        <extensions>
          <distance>41686</distance>
        </extensions>
      </trkpt>
      <trkpt lat="22.2480175" lon="113.86375749999999">
        <ele>1</ele>
        <extensions>
          <distance>41704</distance>
        </extensions>
      </trkpt>
      <trkpt lat="22.248055" lon="113.863935">
        <ele>2</ele>
        <extensions>
          <distance>41723</distance>
        </extensions>
      </trkpt>
      <trkpt lat="22.2480925" lon="113.8641125">
        <ele>2</ele>
        <extensions>
          <distance>41742</distance>
        </extensions>
      </trkpt>
      <trkpt lat="22.24813" lon="113.86429">
        <ele>2</ele>
        <extensions>
          <distance>41761</distance>
        </extensions>
      </trkpt>
      <trkpt lat="22.2479675" lon="113.86447749999999">
        <ele>4</ele>
        <extensions>
          <distance>41787</distance>
        </extensions>
      </trkpt>
      <trkpt lat="22.247805" lon="113.864665">
        <ele>11</ele>
        <extensions>
          <distance>41814</distance>
        </extensions>
      </trkpt>
      <trkpt lat="22.247642499999998" lon="113.8648525">
        <ele>16</ele>
        <extensions>
          <distance>41841</distance>
        </extensions>
      </trkpt>
      <trkpt lat="22.247458" lon="113.865018">
        <ele>22</ele>
        <extensions>
          <distance>41869</distance>
        </extensions>
      </trkpt>
      <trkpt lat="22.247387" lon="113.86512">
        <ele>26</ele>
        <extensions>
          <distance>41882</distance>
        </extensions>
      </trkpt>
      <trkpt lat="22.247337" lon="113.865262">
        <ele>30</ele>
        <extensions>
          <distance>41899</distance>
        </extensions>
      </trkpt>
      <trkpt lat="22.247278" lon="113.865388">
        <ele>34</ele>
        <extensions>
          <distance>41914</distance>
        </extensions>
      </trkpt>
      <trkpt lat="22.247262" lon="113.865399">
        <ele>35</ele>
        <extensions>
          <distance>41916</distance>
        </extensions>
      </trkpt>
      <trkpt lat="22.247221" lon="113.865398">
        <ele>36</ele>
        <extensions>
          <distance>41921</distance>
        </extensions>
      </trkpt>
      <trkpt lat="22.247205" lon="113.865405">
        <ele>36</ele>
        <extensions>
          <distance>41922</distance>
        </extensions>
      </trkpt>
      <trkpt lat="22.247167" lon="113.865466">
        <ele>38</ele>
        <extensions>
          <distance>41930</distance>
        </extensions>
      </trkpt>
      <trkpt lat="22.247138" lon="113.865484">
        <ele>39</ele>
        <extensions>
          <distance>41934</distance>
        </extensions>
      </trkpt>
      <trkpt lat="22.247091" lon="113.865543">
        <ele>42</ele>
        <extensions>
          <distance>41943</distance>
        </extensions>
      </trkpt>
      <trkpt lat="22.24704" lon="113.865586">
        <ele>44</ele>
        <extensions>
          <distance>41950</distance>
        </extensions>
      </trkpt>
      <trkpt lat="22.24699" lon="113.865647">
        <ele>46</ele>
        <extensions>
          <distance>41959</distance>
        </extensions>
      </trkpt>
      <trkpt lat="22.246902" lon="113.865702">
        <ele>50</ele>
        <extensions>
          <distance>41971</distance>
        </extensions>
      </trkpt>
      <trkpt lat="22.246834" lon="113.865791">
        <ele>55</ele>
        <extensions>
          <distance>41984</distance>
        </extensions>
      </trkpt>
      <trkpt lat="22.246806" lon="113.865856">
        <ele>57</ele>
        <extensions>
          <distance>41991</distance>
        </extensions>
      </trkpt>
      <trkpt lat="22.246794" lon="113.865917">
        <ele>59</ele>
        <extensions>
          <distance>41998</distance>
        </extensions>
      </trkpt>
      <trkpt lat="22.246846" lon="113.866126">
        <ele>61</ele>
        <extensions>
          <distance>42020</distance>
        </extensions>
      </trkpt>
      <trkpt lat="22.246849" lon="113.866171">
        <ele>62</ele>
        <extensions>
          <distance>42025</distance>
        </extensions>
      </trkpt>
      <trkpt lat="22.246813" lon="113.866292">
        <ele>67</ele>
        <extensions>
          <distance>42039</distance>
        </extensions>
      </trkpt>
      <trkpt lat="22.246731" lon="113.866443">
        <ele>74</ele>
        <extensions>
          <distance>42058</distance>
        </extensions>
      </trkpt>
      <trkpt lat="22.246703" lon="113.866559">
        <ele>77</ele>
        <extensions>
          <distance>42071</distance>
        </extensions>
      </trkpt>
      <trkpt lat="22.246699" lon="113.866643">
        <ele>79</ele>
        <extensions>
          <distance>42080</distance>
        </extensions>
      </trkpt>
      <trkpt lat="22.246688" lon="113.866652">
        <ele>79</ele>
        <extensions>
          <distance>42082</distance>
        </extensions>
      </trkpt>
      <trkpt lat="22.246669" lon="113.86665">
        <ele>80</ele>
        <extensions>
          <distance>42084</distance>
        </extensions>
      </trkpt>
      <trkpt lat="22.246592" lon="113.86659">
        <ele>81</ele>
        <extensions>
          <distance>42094</distance>
        </extensions>
      </trkpt>
      <trkpt lat="22.246565" lon="113.866593">
        <ele>82</ele>
        <extensions>
          <distance>42098</distance>
        </extensions>
      </trkpt>
      <trkpt lat="22.246487" lon="113.866726">
        <ele>87</ele>
        <extensions>
          <distance>42115</distance>
        </extensions>
      </trkpt>
      <trkpt lat="22.246416" lon="113.866831">
        <ele>90</ele>
        <extensions>
          <distance>42128</distance>
        </extensions>
      </trkpt>
      <trkpt lat="22.246381" lon="113.866914">
        <ele>93</ele>
        <extensions>
          <distance>42138</distance>
        </extensions>
      </trkpt>
      <trkpt lat="22.246316" lon="113.867011">
        <ele>97</ele>
        <extensions>
          <distance>42151</distance>
        </extensions>
      </trkpt>
      <trkpt lat="22.246268" lon="113.867061">
        <ele>99</ele>
        <extensions>
          <distance>42159</distance>
        </extensions>
      </trkpt>
      <trkpt lat="22.246167" lon="113.867129">
        <ele>105</ele>
        <extensions>
          <distance>42173</distance>
        </extensions>
      </trkpt>
      <trkpt lat="22.246132" lon="113.867176">
        <ele>107</ele>
        <extensions>
          <distance>42180</distance>
        </extensions>
      </trkpt>
      <trkpt lat="22.246096" lon="113.867267">
        <ele>109</ele>
        <extensions>
          <distance>42190</distance>
        </extensions>
      </trkpt>
      <trkpt lat="22.246082" lon="113.867342">
        <ele>111</ele>
        <extensions>
          <distance>42198</distance>
        </extensions>
      </trkpt>
      <trkpt lat="22.246043" lon="113.867448">
        <ele>115</ele>
        <extensions>
          <distance>42211</distance>
        </extensions>
      </trkpt>
      <trkpt lat="22.245933" lon="113.867606">
        <ele>123</ele>
        <extensions>
          <distance>42233</distance>
        </extensions>
      </trkpt>
      <trkpt lat="22.245914" lon="113.8679">
        <ele>127</ele>
        <extensions>
          <distance>42263</distance>
        </extensions>
      </trkpt>
      <trkpt lat="22.245745" lon="113.868067">
        <ele>137</ele>
        <extensions>
          <distance>42290</distance>
        </extensions>
      </trkpt>
      <trkpt lat="22.245572" lon="113.868366">
        <ele>146</ele>
        <extensions>
          <distance>42328</distance>
        </extensions>
      </trkpt>
      <trkpt lat="22.245571" lon="113.868486">
        <ele>149</ele>
        <extensions>
          <distance>42341</distance>
        </extensions>
      </trkpt>
      <trkpt lat="22.24547" lon="113.868645">
        <ele>154</ele>
        <extensions>
          <distance>42361</distance>
        </extensions>
      </trkpt>
      <trkpt lat="22.245457" lon="113.868947">
        <ele>161</ele>
        <extensions>
          <distance>42393</distance>
        </extensions>
      </trkpt>
      <trkpt lat="22.245098" lon="113.869274">
        <ele>165</ele>
        <extensions>
          <distance>42445</distance>
        </extensions>
      </trkpt>
      <trkpt lat="22.244695" lon="113.869564">
        <ele>165</ele>
        <extensions>
          <distance>42499</distance>
        </extensions>
      </trkpt>
      <trkpt lat="22.244082" lon="113.869275">
        <ele>171</ele>
        <extensions>
          <distance>42573</distance>
        </extensions>
      </trkpt>
      <trkpt lat="22.243632" lon="113.869288">
        <ele>172</ele>
        <extensions>
          <distance>42623</distance>
        </extensions>
      </trkpt>
      <trkpt lat="22.243555" lon="113.869327">
        <ele>172</ele>
        <extensions>
          <distance>42633</distance>
        </extensions>
      </trkpt>
      <trkpt lat="22.243479" lon="113.86945">
        <ele>172</ele>
        <extensions>
          <distance>42648</distance>
        </extensions>
      </trkpt>
      <trkpt lat="22.243226" lon="113.869576">
        <ele>174</ele>
        <extensions>
          <distance>42679</distance>
        </extensions>
      </trkpt>
      <trkpt lat="22.243082" lon="113.869614">
        <ele>174</ele>
        <extensions>
          <distance>42695</distance>
        </extensions>
      </trkpt>
      <trkpt lat="22.242778" lon="113.869804">
        <ele>180</ele>
        <extensions>
          <distance>42734</distance>
        </extensions>
      </trkpt>
      <trkpt lat="22.242655" lon="113.86983">
        <ele>181</ele>
        <extensions>
          <distance>42748</distance>
        </extensions>
      </trkpt>
      <trkpt lat="22.242495" lon="113.86984">
        <ele>184</ele>
        <extensions>
          <distance>42766</distance>
        </extensions>
      </trkpt>
      <trkpt lat="22.242282" lon="113.869693">
        <ele>184</ele>
        <extensions>
          <distance>42794</distance>
        </extensions>
      </trkpt>
      <trkpt lat="22.241771" lon="113.869597">
        <ele>185</ele>
        <extensions>
          <distance>42852</distance>
        </extensions>
      </trkpt>
      <trkpt lat="22.241684" lon="113.869548">
        <ele>185</ele>
        <extensions>
          <distance>42863</distance>
        </extensions>
      </trkpt>
      <trkpt lat="22.241594" lon="113.86953">
        <ele>185</ele>
        <extensions>
          <distance>42873</distance>
        </extensions>
      </trkpt>
      <trkpt lat="22.241448" lon="113.86954">
        <ele>185</ele>
        <extensions>
          <distance>42889</distance>
        </extensions>
      </trkpt>
      <trkpt lat="22.241366" lon="113.869553">
        <ele>185</ele>
        <extensions>
          <distance>42898</distance>
        </extensions>
      </trkpt>
      <trkpt lat="22.241163" lon="113.86951">
        <ele>187</ele>
        <extensions>
          <distance>42921</distance>
        </extensions>
      </trkpt>
      <trkpt lat="22.241046" lon="113.869924">
        <ele>187</ele>
        <extensions>
          <distance>42966</distance>
        </extensions>
      </trkpt>
      <trkpt lat="22.240976" lon="113.870038">
        <ele>187</ele>
        <extensions>
          <distance>42980</distance>
        </extensions>
      </trkpt>
      <trkpt lat="22.240891" lon="113.870089">
        <ele>188</ele>
        <extensions>
          <distance>42991</distance>
        </extensions>
      </trkpt>
      <trkpt lat="22.240777" lon="113.87009">
        <ele>188</ele>
        <extensions>
          <distance>43003</distance>
        </extensions>
      </trkpt>
      <trkpt lat="22.240689" lon="113.870065">
        <ele>188</ele>
        <extensions>
          <distance>43013</distance>
        </extensions>
      </trkpt>
      <trkpt lat="22.240497" lon="113.869881">
        <ele>190</ele>
        <extensions>
          <distance>43042</distance>
        </extensions>
      </trkpt>
      <trkpt lat="22.24045" lon="113.869857">
        <ele>192</ele>
        <extensions>
          <distance>43048</distance>
        </extensions>
      </trkpt>
      <trkpt lat="22.240259" lon="113.869858">
        <ele>192</ele>
        <extensions>
          <distance>43069</distance>
        </extensions>
      </trkpt>
      <trkpt lat="22.240116" lon="113.869696">
        <ele>193</ele>
        <extensions>
          <distance>43092</distance>
        </extensions>
      </trkpt>
      <trkpt lat="22.240047" lon="113.869646">
        <ele>193</ele>
        <extensions>
          <distance>43101</distance>
        </extensions>
      </trkpt>
      <trkpt lat="22.239929" lon="113.869511">
        <ele>193</ele>
        <extensions>
          <distance>43120</distance>
        </extensions>
      </trkpt>
      <trkpt lat="22.239886" lon="113.869502">
        <ele>193</ele>
        <extensions>
          <distance>43125</distance>
        </extensions>
      </trkpt>
      <trkpt lat="22.239855" lon="113.869571">
        <ele>194</ele>
        <extensions>
          <distance>43133</distance>
        </extensions>
      </trkpt>
      <trkpt lat="22.239853" lon="113.869693">
        <ele>194</ele>
        <extensions>
          <distance>43146</distance>
        </extensions>
      </trkpt>
      <trkpt lat="22.239771" lon="113.869818">
        <ele>195</ele>
        <extensions>
          <distance>43162</distance>
        </extensions>
      </trkpt>
      <trkpt lat="22.239447" lon="113.870034">
        <ele>196</ele>
        <extensions>
          <distance>43204</distance>
        </extensions>
      </trkpt>
      <trkpt lat="22.239357" lon="113.870089">
        <ele>196</ele>
        <extensions>
          <distance>43215</distance>
        </extensions>
      </trkpt>
      <trkpt lat="22.239265" lon="113.87022">
        <ele>197</ele>
        <extensions>
          <distance>43232</distance>
        </extensions>
      </trkpt>
      <trkpt lat="22.239157" lon="113.870341">
        <ele>198</ele>
        <extensions>
          <distance>43249</distance>
        </extensions>
      </trkpt>
      <trkpt lat="22.239057" lon="113.870478">
        <ele>199</ele>
        <extensions>
          <distance>43267</distance>
        </extensions>
      </trkpt>
      <trkpt lat="22.23898" lon="113.870535">
        <ele>199</ele>
        <extensions>
          <distance>43278</distance>
        </extensions>
      </trkpt>
      <trkpt lat="22.23886" lon="113.870556">
        <ele>200</ele>
        <extensions>
          <distance>43291</distance>
        </extensions>
      </trkpt>
      <trkpt lat="22.238795" lon="113.870531">
        <ele>200</ele>
        <extensions>
          <distance>43299</distance>
        </extensions>
      </trkpt>
      <trkpt lat="22.238738" lon="113.870472">
        <ele>200</ele>
        <extensions>
          <distance>43308</distance>
        </extensions>
      </trkpt>
      <trkpt lat="22.238677" lon="113.870283">
        <ele>201</ele>
        <extensions>
          <distance>43328</distance>
        </extensions>
      </trkpt>
      <trkpt lat="22.238601" lon="113.870115">
        <ele>203</ele>
        <extensions>
          <distance>43348</distance>
        </extensions>
      </trkpt>
      <trkpt lat="22.238528" lon="113.870032">
        <ele>205</ele>
        <extensions>
          <distance>43360</distance>
        </extensions>
      </trkpt>
      <trkpt lat="22.238451" lon="113.870057">
        <ele>205</ele>
        <extensions>
          <distance>43369</distance>
        </extensions>
      </trkpt>
      <trkpt lat="22.238366" lon="113.870183">
        <ele>206</ele>
        <extensions>
          <distance>43385</distance>
        </extensions>
      </trkpt>
      <trkpt lat="22.23825" lon="113.870203">
        <ele>207</ele>
        <extensions>
          <distance>43398</distance>
        </extensions>
      </trkpt>
      <trkpt lat="22.238115" lon="113.870206">
        <ele>208</ele>
        <extensions>
          <distance>43413</distance>
        </extensions>
      </trkpt>
      <trkpt lat="22.238029" lon="113.870193">
        <ele>209</ele>
        <extensions>
          <distance>43422</distance>
        </extensions>
      </trkpt>
      <trkpt lat="22.23792" lon="113.87016">
        <ele>211</ele>
        <extensions>
          <distance>43435</distance>
        </extensions>
      </trkpt>
      <trkpt lat="22.237643" lon="113.870141">
        <ele>211</ele>
        <extensions>
          <distance>43466</distance>
        </extensions>
      </trkpt>
      <trkpt lat="22.237591" lon="113.870149">
        <ele>211</ele>
        <extensions>
          <distance>43472</distance>
        </extensions>
      </trkpt>
      <trkpt lat="22.237426" lon="113.870143">
        <ele>211</ele>
        <extensions>
          <distance>43490</distance>
        </extensions>
      </trkpt>
      <trkpt lat="22.237306" lon="113.870158">
        <ele>212</ele>
        <extensions>
          <distance>43503</distance>
        </extensions>
      </trkpt>
      <trkpt lat="22.237084" lon="113.870275">
        <ele>212</ele>
        <extensions>
          <distance>43531</distance>
        </extensions>
      </trkpt>
      <trkpt lat="22.236756" lon="113.87041">
        <ele>212</ele>
        <extensions>
          <distance>43569</distance>
        </extensions>
      </trkpt>
      <trkpt lat="22.236208" lon="113.870383">
        <ele>212</ele>
        <extensions>
          <distance>43630</distance>
        </extensions>
      </trkpt>
      <trkpt lat="22.235853" lon="113.870175">
        <ele>212</ele>
        <extensions>
          <distance>43675</distance>
        </extensions>
      </trkpt>
      <trkpt lat="22.235612" lon="113.870265">
        <ele>214</ele>
        <extensions>
          <distance>43703</distance>
        </extensions>
      </trkpt>
      <trkpt lat="22.235382" lon="113.870295">
        <ele>218</ele>
        <extensions>
          <distance>43729</distance>
        </extensions>
      </trkpt>
      <trkpt lat="22.235166" lon="113.870347">
        <ele>222</ele>
        <extensions>
          <distance>43754</distance>
        </extensions>
      </trkpt>
      <trkpt lat="22.234963" lon="113.870266">
        <ele>225</ele>
        <extensions>
          <distance>43778</distance>
        </extensions>
      </trkpt>
      <trkpt lat="22.234819" lon="113.870065">
        <ele>229</ele>
        <extensions>
          <distance>43805</distance>
        </extensions>
      </trkpt>
      <trkpt lat="22.234827" lon="113.86977">
        <ele>235</ele>
        <extensions>
          <distance>43836</distance>
        </extensions>
      </trkpt>
      <trkpt lat="22.234777" lon="113.869384">
        <ele>241</ele>
        <extensions>
          <distance>43876</distance>
        </extensions>
      </trkpt>
      <trkpt lat="22.234704" lon="113.869272">
        <ele>247</ele>
        <extensions>
          <distance>43892</distance>
        </extensions>
      </trkpt>
      <trkpt lat="22.23424" lon="113.868842">
        <ele>265</ele>
        <extensions>
          <distance>43962</distance>
        </extensions>
      </trkpt>
      <trkpt lat="22.234125" lon="113.868587">
        <ele>269</ele>
        <extensions>
          <distance>43991</distance>
        </extensions>
      </trkpt>
      <trkpt lat="22.234034" lon="113.868496">
        <ele>271</ele>
        <extensions>
          <distance>44005</distance>
        </extensions>
      </trkpt>
      <trkpt lat="22.233756" lon="113.868363">
        <ele>275</ele>
        <extensions>
          <distance>44039</distance>
        </extensions>
      </trkpt>
      <trkpt lat="22.233656" lon="113.868181">
        <ele>280</ele>
        <extensions>
          <distance>44062</distance>
        </extensions>
      </trkpt>
      <trkpt lat="22.233661" lon="113.868077">
        <ele>281</ele>
        <extensions>
          <distance>44072</distance>
        </extensions>
      </trkpt>
      <trkpt lat="22.233674" lon="113.867802">
        <ele>287</ele>
        <extensions>
          <distance>44101</distance>
        </extensions>
      </trkpt>
      <trkpt lat="22.233529" lon="113.867568">
        <ele>292</ele>
        <extensions>
          <distance>44131</distance>
        </extensions>
      </trkpt>
      <trkpt lat="22.233355" lon="113.867397">
        <ele>294</ele>
        <extensions>
          <distance>44157</distance>
        </extensions>
      </trkpt>
      <trkpt lat="22.23328" lon="113.867163">
        <ele>296</ele>
        <extensions>
          <distance>44183</distance>
        </extensions>
      </trkpt>
      <trkpt lat="22.233204" lon="113.867121">
        <ele>297</ele>
        <extensions>
          <distance>44192</distance>
        </extensions>
      </trkpt>
      <trkpt lat="22.2331" lon="113.867112">
        <ele>297</ele>
        <extensions>
          <distance>44204</distance>
        </extensions>
      </trkpt>
      <trkpt lat="22.233026" lon="113.8674">
        <ele>298</ele>
        <extensions>
          <distance>44234</distance>
        </extensions>
      </trkpt>
      <trkpt lat="22.232798" lon="113.867681">
        <ele>300</ele>
        <extensions>
          <distance>44273</distance>
        </extensions>
      </trkpt>
      <trkpt lat="22.232726" lon="113.867897">
        <ele>302</ele>
        <extensions>
          <distance>44297</distance>
        </extensions>
      </trkpt>
      <trkpt lat="22.232481" lon="113.868211">
        <ele>306</ele>
        <extensions>
          <distance>44339</distance>
        </extensions>
      </trkpt>
      <trkpt lat="22.232316" lon="113.868592">
        <ele>315</ele>
        <extensions>
          <distance>44383</distance>
        </extensions>
      </trkpt>
      <trkpt lat="22.232191" lon="113.868732">
        <ele>318</ele>
        <extensions>
          <distance>44404</distance>
        </extensions>
      </trkpt>
      <trkpt lat="22.232132" lon="113.868904">
        <ele>318</ele>
        <extensions>
          <distance>44422</distance>
        </extensions>
      </trkpt>
      <trkpt lat="22.232052" lon="113.869031">
        <ele>318</ele>
        <extensions>
          <distance>44438</distance>
        </extensions>
      </trkpt>
      <trkpt lat="22.231871" lon="113.869149">
        <ele>319</ele>
        <extensions>
          <distance>44462</distance>
        </extensions>
      </trkpt>
      <trkpt lat="22.231591" lon="113.869455">
        <ele>319</ele>
        <extensions>
          <distance>44506</distance>
        </extensions>
      </trkpt>
      <trkpt lat="22.231545" lon="113.869521">
        <ele>319</ele>
        <extensions>
          <distance>44514</distance>
        </extensions>
      </trkpt>
      <trkpt lat="22.231531" lon="113.869646">
        <ele>319</ele>
        <extensions>
          <distance>44527</distance>
        </extensions>
      </trkpt>
      <trkpt lat="22.231435" lon="113.869761">
        <ele>320</ele>
        <extensions>
          <distance>44543</distance>
        </extensions>
      </trkpt>
      <trkpt lat="22.231401" lon="113.869848">
        <ele>322</ele>
        <extensions>
          <distance>44553</distance>
        </extensions>
      </trkpt>
      <trkpt lat="22.231402" lon="113.869921">
        <ele>323</ele>
        <extensions>
          <distance>44561</distance>
        </extensions>
      </trkpt>
      <trkpt lat="22.231417" lon="113.86998">
        <ele>325</ele>
        <extensions>
          <distance>44567</distance>
        </extensions>
      </trkpt>
      <trkpt lat="22.231416" lon="113.870011">
        <ele>326</ele>
        <extensions>
          <distance>44571</distance>
        </extensions>
      </trkpt>
      <trkpt lat="22.231343" lon="113.87011">
        <ele>327</ele>
        <extensions>
          <distance>44584</distance>
        </extensions>
      </trkpt>
      <trkpt lat="22.231341" lon="113.870161">
        <ele>327</ele>
        <extensions>
          <distance>44589</distance>
        </extensions>
      </trkpt>
      <trkpt lat="22.231311" lon="113.87018">
        <ele>328</ele>
        <extensions>
          <distance>44593</distance>
        </extensions>
      </trkpt>
      <trkpt lat="22.231299" lon="113.870226">
        <ele>328</ele>
        <extensions>
          <distance>44598</distance>
        </extensions>
      </trkpt>
      <trkpt lat="22.231326" lon="113.870284">
        <ele>330</ele>
        <extensions>
          <distance>44605</distance>
        </extensions>
      </trkpt>
      <trkpt lat="22.231333" lon="113.870346">
        <ele>330</ele>
        <extensions>
          <distance>44611</distance>
        </extensions>
      </trkpt>
      <trkpt lat="22.231256" lon="113.870521">
        <ele>330</ele>
        <extensions>
          <distance>44631</distance>
        </extensions>
      </trkpt>
      <trkpt lat="22.231243" lon="113.870601">
        <ele>330</ele>
        <extensions>
          <distance>44640</distance>
        </extensions>
      </trkpt>
      <trkpt lat="22.231184" lon="113.870714">
        <ele>328</ele>
        <extensions>
          <distance>44653</distance>
        </extensions>
      </trkpt>
      <trkpt lat="22.231158" lon="113.870793">
        <ele>328</ele>
        <extensions>
          <distance>44662</distance>
        </extensions>
      </trkpt>
      <trkpt lat="22.231148" lon="113.87088">
        <ele>328</ele>
        <extensions>
          <distance>44671</distance>
        </extensions>
      </trkpt>
      <trkpt lat="22.231107" lon="113.870945">
        <ele>328</ele>
        <extensions>
          <distance>44679</distance>
        </extensions>
      </trkpt>
      <trkpt lat="22.231101" lon="113.871006">
        <ele>328</ele>
        <extensions>
          <distance>44685</distance>
        </extensions>
      </trkpt>
      <trkpt lat="22.231118" lon="113.871072">
        <ele>328</ele>
        <extensions>
          <distance>44692</distance>
        </extensions>
      </trkpt>
      <trkpt lat="22.231151" lon="113.871098">
        <ele>329</ele>
        <extensions>
          <distance>44697</distance>
        </extensions>
      </trkpt>
      <trkpt lat="22.231219" lon="113.871095">
        <ele>331</ele>
        <extensions>
          <distance>44704</distance>
        </extensions>
      </trkpt>
      <trkpt lat="22.231275" lon="113.871062">
        <ele>333</ele>
        <extensions>
          <distance>44712</distance>
        </extensions>
      </trkpt>
      <trkpt lat="22.231305" lon="113.871068">
        <ele>334</ele>
        <extensions>
          <distance>44715</distance>
        </extensions>
      </trkpt>
      <trkpt lat="22.231333" lon="113.871108">
        <ele>334</ele>
        <extensions>
          <distance>44721</distance>
        </extensions>
      </trkpt>
      <trkpt lat="22.231391" lon="113.87111">
        <ele>336</ele>
        <extensions>
          <distance>44727</distance>
        </extensions>
      </trkpt>
      <trkpt lat="22.231411" lon="113.871134">
        <ele>336</ele>
        <extensions>
          <distance>44730</distance>
        </extensions>
      </trkpt>
      <trkpt lat="22.23139" lon="113.871179">
        <ele>336</ele>
        <extensions>
          <distance>44736</distance>
        </extensions>
      </trkpt>
      <trkpt lat="22.231397" lon="113.87139">
        <ele>336</ele>
        <extensions>
          <distance>44757</distance>
        </extensions>
      </trkpt>
      <trkpt lat="22.231453" lon="113.871471">
        <ele>337</ele>
        <extensions>
          <distance>44768</distance>
        </extensions>
      </trkpt>
      <trkpt lat="22.231451" lon="113.871509">
        <ele>337</ele>
        <extensions>
          <distance>44772</distance>
        </extensions>
      </trkpt>
      <trkpt lat="22.231369" lon="113.871574">
        <ele>337</ele>
        <extensions>
          <distance>44783</distance>
        </extensions>
      </trkpt>
      <trkpt lat="22.231311" lon="113.871666">
        <ele>337</ele>
        <extensions>
          <distance>44794</distance>
        </extensions>
      </trkpt>
      <trkpt lat="22.231175" lon="113.871705">
        <ele>337</ele>
        <extensions>
          <distance>44810</distance>
        </extensions>
      </trkpt>
      <trkpt lat="22.231029" lon="113.872002">
        <ele>337</ele>
        <extensions>
          <distance>44845</distance>
        </extensions>
      </trkpt>
      <trkpt lat="22.231013" lon="113.872152">
        <ele>339</ele>
        <extensions>
          <distance>44860</distance>
        </extensions>
      </trkpt>
      <trkpt lat="22.231022" lon="113.872273">
        <ele>341</ele>
        <extensions>
          <distance>44873</distance>
        </extensions>
      </trkpt>
      <trkpt lat="22.230931" lon="113.872409">
        <ele>341</ele>
        <extensions>
          <distance>44890</distance>
        </extensions>
      </trkpt>
      <trkpt lat="22.230879" lon="113.872538">
        <ele>341</ele>
        <extensions>
          <distance>44905</distance>
        </extensions>
      </trkpt>
      <trkpt lat="22.230865" lon="113.872632">
        <ele>342</ele>
        <extensions>
          <distance>44915</distance>
        </extensions>
      </trkpt>
      <trkpt lat="22.230771" lon="113.872826">
        <ele>344</ele>
        <extensions>
          <distance>44937</distance>
        </extensions>
      </trkpt>
      <trkpt lat="22.230772" lon="113.872891">
        <ele>345</ele>
        <extensions>
          <distance>44944</distance>
        </extensions>
      </trkpt>
      <trkpt lat="22.230741" lon="113.87298">
        <ele>346</ele>
        <extensions>
          <distance>44954</distance>
        </extensions>
      </trkpt>
      <trkpt lat="22.230715" lon="113.873089">
        <ele>347</ele>
        <extensions>
          <distance>44965</distance>
        </extensions>
      </trkpt>
      <trkpt lat="22.230726" lon="113.873173">
        <ele>348</ele>
        <extensions>
          <distance>44974</distance>
        </extensions>
      </trkpt>
      <trkpt lat="22.230669" lon="113.873257">
        <ele>349</ele>
        <extensions>
          <distance>44985</distance>
        </extensions>
      </trkpt>
      <trkpt lat="22.230677" lon="113.873291">
        <ele>350</ele>
        <extensions>
          <distance>44989</distance>
        </extensions>
      </trkpt>
      <trkpt lat="22.230673" lon="113.873447">
        <ele>353</ele>
        <extensions>
          <distance>45005</distance>
        </extensions>
      </trkpt>
      <trkpt lat="22.230698" lon="113.873555">
        <ele>354</ele>
        <extensions>
          <distance>45017</distance>
        </extensions>
      </trkpt>
      <trkpt lat="22.230695" lon="113.873904">
        <ele>354</ele>
        <extensions>
          <distance>45053</distance>
        </extensions>
      </trkpt>
      <trkpt lat="22.230676" lon="113.874063">
        <ele>354</ele>
        <extensions>
          <distance>45069</distance>
        </extensions>
      </trkpt>
      <trkpt lat="22.230666" lon="113.874274">
        <ele>354</ele>
        <extensions>
          <distance>45091</distance>
        </extensions>
      </trkpt>
      <trkpt lat="22.230623" lon="113.874433">
        <ele>352</ele>
        <extensions>
          <distance>45108</distance>
        </extensions>
      </trkpt>
      <trkpt lat="22.230629" lon="113.874548">
        <ele>352</ele>
        <extensions>
          <distance>45120</distance>
        </extensions>
      </trkpt>
      <trkpt lat="22.230498" lon="113.875135">
        <ele>352</ele>
        <extensions>
          <distance>45182</distance>
        </extensions>
      </trkpt>
      <trkpt lat="22.230535" lon="113.875448">
        <ele>352</ele>
        <extensions>
          <distance>45215</distance>
        </extensions>
      </trkpt>
      <trkpt lat="22.230557" lon="113.875511">
        <ele>352</ele>
        <extensions>
          <distance>45222</distance>
        </extensions>
      </trkpt>
      <trkpt lat="22.230539" lon="113.875682">
        <ele>354</ele>
        <extensions>
          <distance>45239</distance>
        </extensions>
      </trkpt>
      <trkpt lat="22.230611" lon="113.875774">
        <ele>354</ele>
        <extensions>
          <distance>45252</distance>
        </extensions>
      </trkpt>
      <trkpt lat="22.230701" lon="113.875851">
        <ele>354</ele>
        <extensions>
          <distance>45264</distance>
        </extensions>
      </trkpt>
      <trkpt lat="22.230763" lon="113.876008">
        <ele>355</ele>
        <extensions>
          <distance>45282</distance>
        </extensions>
      </trkpt>
      <trkpt lat="22.230768" lon="113.876066">
        <ele>356</ele>
        <extensions>
          <distance>45288</distance>
        </extensions>
      </trkpt>
      <trkpt lat="22.230731" lon="113.876157">
        <ele>358</ele>
        <extensions>
          <distance>45299</distance>
        </extensions>
      </trkpt>
      <trkpt lat="22.230708" lon="113.876281">
        <ele>360</ele>
        <extensions>
          <distance>45312</distance>
        </extensions>
      </trkpt>
      <trkpt lat="22.230738" lon="113.876386">
        <ele>361</ele>
        <extensions>
          <distance>45323</distance>
        </extensions>
      </trkpt>
      <trkpt lat="22.230807" lon="113.876437">
        <ele>362</ele>
        <extensions>
          <distance>45332</distance>
        </extensions>
      </trkpt>
      <trkpt lat="22.231018" lon="113.876497">
        <ele>362</ele>
        <extensions>
          <distance>45357</distance>
        </extensions>
      </trkpt>
      <trkpt lat="22.231111" lon="113.8766">
        <ele>362</ele>
        <extensions>
          <distance>45371</distance>
        </extensions>
      </trkpt>
      <trkpt lat="22.231152" lon="113.876675">
        <ele>362</ele>
        <extensions>
          <distance>45380</distance>
        </extensions>
      </trkpt>
      <trkpt lat="22.231198" lon="113.87681">
        <ele>363</ele>
        <extensions>
          <distance>45395</distance>
        </extensions>
      </trkpt>
      <trkpt lat="22.231276" lon="113.87699">
        <ele>363</ele>
        <extensions>
          <distance>45416</distance>
        </extensions>
      </trkpt>
      <trkpt lat="22.231291" lon="113.877119">
        <ele>364</ele>
        <extensions>
          <distance>45429</distance>
        </extensions>
      </trkpt>
      <trkpt lat="22.231262" lon="113.877237">
        <ele>368</ele>
        <extensions>
          <distance>45442</distance>
        </extensions>
      </trkpt>
      <trkpt lat="22.231177" lon="113.87735">
        <ele>374</ele>
        <extensions>
          <distance>45458</distance>
        </extensions>
      </trkpt>
      <trkpt lat="22.231102" lon="113.877513">
        <ele>380</ele>
        <extensions>
          <distance>45478</distance>
        </extensions>
      </trkpt>
      <trkpt lat="22.23102" lon="113.877737">
        <ele>388</ele>
        <extensions>
          <distance>45504</distance>
        </extensions>
      </trkpt>
      <trkpt lat="22.231057" lon="113.877922">
        <ele>391</ele>
        <extensions>
          <distance>45524</distance>
        </extensions>
      </trkpt>
      <trkpt lat="22.231103" lon="113.877929">
        <ele>392</ele>
        <extensions>
          <distance>45529</distance>
        </extensions>
      </trkpt>
      <trkpt lat="22.231197" lon="113.877967">
        <ele>394</ele>
        <extensions>
          <distance>45540</distance>
        </extensions>
      </trkpt>
      <trkpt lat="22.231408" lon="113.878118">
        <ele>402</ele>
        <extensions>
          <distance>45570</distance>
        </extensions>
      </trkpt>
      <trkpt lat="22.231439" lon="113.878179">
        <ele>404</ele>
        <extensions>
          <distance>45577</distance>
        </extensions>
      </trkpt>
      <trkpt lat="22.231427" lon="113.878298">
        <ele>407</ele>
        <extensions>
          <distance>45590</distance>
        </extensions>
      </trkpt>
      <trkpt lat="22.231405" lon="113.878414">
        <ele>410</ele>
        <extensions>
          <distance>45602</distance>
        </extensions>
      </trkpt>
      <trkpt lat="22.231429" lon="113.878465">
        <ele>412</ele>
        <extensions>
          <distance>45609</distance>
        </extensions>
      </trkpt>
      <trkpt lat="22.231572" lon="113.878522">
        <ele>416</ele>
        <extensions>
          <distance>45626</distance>
        </extensions>
      </trkpt>
      <trkpt lat="22.231672" lon="113.878683">
        <ele>421</ele>
        <extensions>
          <distance>45647</distance>
        </extensions>
      </trkpt>
      <trkpt lat="22.231705" lon="113.878724">
        <ele>422</ele>
        <extensions>
          <distance>45652</distance>
        </extensions>
      </trkpt>
      <trkpt lat="22.231743" lon="113.878742">
        <ele>422</ele>
        <extensions>
          <distance>45657</distance>
        </extensions>
      </trkpt>
      <trkpt lat="22.231737" lon="113.878891">
        <ele>423</ele>
        <extensions>
          <distance>45672</distance>
        </extensions>
      </trkpt>
      <trkpt lat="22.231745" lon="113.878997">
        <ele>423</ele>
        <extensions>
          <distance>45683</distance>
        </extensions>
      </trkpt>
      <trkpt lat="22.231612" lon="113.879097">
        <ele>425</ele>
        <extensions>
          <distance>45701</distance>
        </extensions>
      </trkpt>
      <trkpt lat="22.231545" lon="113.879205">
        <ele>425</ele>
        <extensions>
          <distance>45715</distance>
        </extensions>
      </trkpt>
      <trkpt lat="22.231505" lon="113.87941">
        <ele>426</ele>
        <extensions>
          <distance>45736</distance>
        </extensions>
      </trkpt>
      <trkpt lat="22.23147" lon="113.879526">
        <ele>427</ele>
        <extensions>
          <distance>45749</distance>
        </extensions>
      </trkpt>
      <trkpt lat="22.231457" lon="113.879693">
        <ele>427</ele>
        <extensions>
          <distance>45766</distance>
        </extensions>
      </trkpt>
      <trkpt lat="22.23149" lon="113.879775">
        <ele>428</ele>
        <extensions>
          <distance>45775</distance>
        </extensions>
      </trkpt>
      <trkpt lat="22.231534" lon="113.879851">
        <ele>428</ele>
        <extensions>
          <distance>45785</distance>
        </extensions>
      </trkpt>
      <trkpt lat="22.23153" lon="113.880204">
        <ele>428</ele>
        <extensions>
          <distance>45821</distance>
        </extensions>
      </trkpt>
      <trkpt lat="22.231495" lon="113.880279">
        <ele>428</ele>
        <extensions>
          <distance>45830</distance>
        </extensions>
      </trkpt>
      <trkpt lat="22.23151" lon="113.880397">
        <ele>430</ele>
        <extensions>
          <distance>45842</distance>
        </extensions>
      </trkpt>
      <trkpt lat="22.231551" lon="113.880543">
        <ele>430</ele>
        <extensions>
          <distance>45858</distance>
        </extensions>
      </trkpt>
      <trkpt lat="22.23158" lon="113.88075">
        <ele>431</ele>
        <extensions>
          <distance>45879</distance>
        </extensions>
      </trkpt>
      <trkpt lat="22.231638" lon="113.88085">
        <ele>434</ele>
        <extensions>
          <distance>45892</distance>
        </extensions>
      </trkpt>
      <trkpt lat="22.231753" lon="113.88098">
        <ele>436</ele>
        <extensions>
          <distance>45910</distance>
        </extensions>
      </trkpt>
      <trkpt lat="22.231818" lon="113.881108">
        <ele>436</ele>
        <extensions>
          <distance>45925</distance>
        </extensions>
      </trkpt>
      <trkpt lat="22.231856" lon="113.881164">
        <ele>436</ele>
        <extensions>
          <distance>45932</distance>
        </extensions>
      </trkpt>
      <trkpt lat="22.231896" lon="113.881186">
        <ele>436</ele>
        <extensions>
          <distance>45937</distance>
        </extensions>
      </trkpt>
      <trkpt lat="22.231945" lon="113.881201">
        <ele>436</ele>
        <extensions>
          <distance>45943</distance>
        </extensions>
      </trkpt>
      <trkpt lat="22.231957" lon="113.881236">
        <ele>436</ele>
        <extensions>
          <distance>45947</distance>
        </extensions>
      </trkpt>
      <trkpt lat="22.231927" lon="113.881281">
        <ele>436</ele>
        <extensions>
          <distance>45953</distance>
        </extensions>
      </trkpt>
      <trkpt lat="22.231951" lon="113.881336">
        <ele>437</ele>
        <extensions>
          <distance>45959</distance>
        </extensions>
      </trkpt>
      <trkpt lat="22.231939" lon="113.88147">
        <ele>437</ele>
        <extensions>
          <distance>45973</distance>
        </extensions>
      </trkpt>
      <trkpt lat="22.231877" lon="113.881749">
        <ele>437</ele>
        <extensions>
          <distance>46002</distance>
        </extensions>
      </trkpt>
      <trkpt lat="22.231844" lon="113.881846">
        <ele>437</ele>
        <extensions>
          <distance>46013</distance>
        </extensions>
      </trkpt>
      <trkpt lat="22.231868" lon="113.881982">
        <ele>437</ele>
        <extensions>
          <distance>46027</distance>
        </extensions>
      </trkpt>
      <trkpt lat="22.231921" lon="113.882057">
        <ele>437</ele>
        <extensions>
          <distance>46037</distance>
        </extensions>
      </trkpt>
      <trkpt lat="22.23196" lon="113.882073">
        <ele>437</ele>
        <extensions>
          <distance>46042</distance>
        </extensions>
      </trkpt>
      <trkpt lat="22.231995" lon="113.882126">
        <ele>437</ele>
        <extensions>
          <distance>46048</distance>
        </extensions>
      </trkpt>
      <trkpt lat="22.232067" lon="113.882169">
        <ele>436</ele>
        <extensions>
          <distance>46057</distance>
        </extensions>
      </trkpt>
      <trkpt lat="22.232245" lon="113.882253">
        <ele>434</ele>
        <extensions>
          <distance>46079</distance>
        </extensions>
      </trkpt>
      <trkpt lat="22.232279" lon="113.882285">
        <ele>434</ele>
        <extensions>
          <distance>46084</distance>
        </extensions>
      </trkpt>
      <trkpt lat="22.232642" lon="113.882353">
        <ele>428</ele>
        <extensions>
          <distance>46125</distance>
        </extensions>
      </trkpt>
      <trkpt lat="22.232939" lon="113.882356">
        <ele>421</ele>
        <extensions>
          <distance>46159</distance>
        </extensions>
      </trkpt>
      <trkpt lat="22.233096" lon="113.882454">
        <ele>419</ele>
        <extensions>
          <distance>46179</distance>
        </extensions>
      </trkpt>
      <trkpt lat="22.233224" lon="113.882589">
        <ele>417</ele>
        <extensions>
          <distance>46199</distance>
        </extensions>
      </trkpt>
      <trkpt lat="22.233318" lon="113.882653">
        <ele>414</ele>
        <extensions>
          <distance>46212</distance>
        </extensions>
      </trkpt>
      <trkpt lat="22.233399" lon="113.882653">
        <ele>412</ele>
        <extensions>
          <distance>46221</distance>
        </extensions>
      </trkpt>
      <trkpt lat="22.23343" lon="113.882673">
        <ele>412</ele>
        <extensions>
          <distance>46225</distance>
        </extensions>
      </trkpt>
      <trkpt lat="22.233486" lon="113.882796">
        <ele>411</ele>
        <extensions>
          <distance>46239</distance>
        </extensions>
      </trkpt>
      <trkpt lat="22.23358" lon="113.882956">
        <ele>408</ele>
        <extensions>
          <distance>46259</distance>
        </extensions>
      </trkpt>
      <trkpt lat="22.233673" lon="113.883042">
        <ele>408</ele>
        <extensions>
          <distance>46272</distance>
        </extensions>
      </trkpt>
      <trkpt lat="22.233759" lon="113.883084">
        <ele>408</ele>
        <extensions>
          <distance>46283</distance>
        </extensions>
      </trkpt>
      <trkpt lat="22.233849" lon="113.883202">
        <ele>408</ele>
        <extensions>
          <distance>46299</distance>
        </extensions>
      </trkpt>
      <trkpt lat="22.233923" lon="113.883385">
        <ele>409</ele>
        <extensions>
          <distance>46319</distance>
        </extensions>
      </trkpt>
      <trkpt lat="22.234034" lon="113.883483">
        <ele>409</ele>
        <extensions>
          <distance>46335</distance>
        </extensions>
      </trkpt>
      <trkpt lat="22.234134" lon="113.88371">
        <ele>411</ele>
        <extensions>
          <distance>46361</distance>
        </extensions>
      </trkpt>
      <trkpt lat="22.234251" lon="113.883927">
        <ele>413</ele>
        <extensions>
          <distance>46387</distance>
        </extensions>
      </trkpt>
      <trkpt lat="22.23441" lon="113.884098">
        <ele>417</ele>
        <extensions>
          <distance>46412</distance>
        </extensions>
      </trkpt>
      <trkpt lat="22.234576" lon="113.884298">
        <ele>421</ele>
        <extensions>
          <distance>46440</distance>
        </extensions>
      </trkpt>
      <trkpt lat="22.234677" lon="113.88437">
        <ele>421</ele>
        <extensions>
          <distance>46454</distance>
        </extensions>
      </trkpt>
      <trkpt lat="22.234791" lon="113.884413">
        <ele>421</ele>
        <extensions>
          <distance>46467</distance>
        </extensions>
      </trkpt>
      <trkpt lat="22.234892" lon="113.884508">
        <ele>421</ele>
        <extensions>
          <distance>46482</distance>
        </extensions>
      </trkpt>
      <trkpt lat="22.235087" lon="113.88463">
        <ele>419</ele>
        <extensions>
          <distance>46507</distance>
        </extensions>
      </trkpt>
      <trkpt lat="22.23523" lon="113.884766">
        <ele>413</ele>
        <extensions>
          <distance>46529</distance>
        </extensions>
      </trkpt>
      <trkpt lat="22.235245" lon="113.884829">
        <ele>409</ele>
        <extensions>
          <distance>46537</distance>
        </extensions>
      </trkpt>
      <trkpt lat="22.235267" lon="113.884832">
        <ele>408</ele>
        <extensions>
          <distance>46539</distance>
        </extensions>
      </trkpt>
      <trkpt lat="22.235295" lon="113.884816">
        <ele>408</ele>
        <extensions>
          <distance>46543</distance>
        </extensions>
      </trkpt>
      <trkpt lat="22.235322" lon="113.884827">
        <ele>406</ele>
        <extensions>
          <distance>46546</distance>
        </extensions>
      </trkpt>
      <trkpt lat="22.235352" lon="113.884876">
        <ele>402</ele>
        <extensions>
          <distance>46553</distance>
        </extensions>
      </trkpt>
      <trkpt lat="22.235398" lon="113.884875">
        <ele>400</ele>
        <extensions>
          <distance>46559</distance>
        </extensions>
      </trkpt>
      <trkpt lat="22.235418" lon="113.884919">
        <ele>397</ele>
        <extensions>
          <distance>46565</distance>
        </extensions>
      </trkpt>
      <trkpt lat="22.235392" lon="113.885022">
        <ele>393</ele>
        <extensions>
          <distance>46577</distance>
        </extensions>
      </trkpt>
      <trkpt lat="22.235351" lon="113.885086">
        <ele>390</ele>
        <extensions>
          <distance>46585</distance>
        </extensions>
      </trkpt>
      <trkpt lat="22.235284" lon="113.885143">
        <ele>387</ele>
        <extensions>
          <distance>46595</distance>
        </extensions>
      </trkpt>
      <trkpt lat="22.235287" lon="113.885162">
        <ele>385</ele>
        <extensions>
          <distance>46598</distance>
        </extensions>
      </trkpt>
      <trkpt lat="22.235304" lon="113.885168">
        <ele>385</ele>
        <extensions>
          <distance>46600</distance>
        </extensions>
      </trkpt>
      <trkpt lat="22.235411" lon="113.885127">
        <ele>384</ele>
        <extensions>
          <distance>46612</distance>
        </extensions>
      </trkpt>
      <trkpt lat="22.235472" lon="113.885131">
        <ele>384</ele>
        <extensions>
          <distance>46619</distance>
        </extensions>
      </trkpt>
      <trkpt lat="22.235537" lon="113.885146">
        <ele>382</ele>
        <extensions>
          <distance>46627</distance>
        </extensions>
      </trkpt>
      <trkpt lat="22.235567" lon="113.885198">
        <ele>378</ele>
        <extensions>
          <distance>46634</distance>
        </extensions>
      </trkpt>
      <trkpt lat="22.235574" lon="113.885321">
        <ele>372</ele>
        <extensions>
          <distance>46648</distance>
        </extensions>
      </trkpt>
      <trkpt lat="22.235721" lon="113.885482">
        <ele>359</ele>
        <extensions>
          <distance>46675</distance>
        </extensions>
      </trkpt>
      <trkpt lat="22.235837" lon="113.885483">
        <ele>355</ele>
        <extensions>
          <distance>46688</distance>
        </extensions>
      </trkpt>
      <trkpt lat="22.236038" lon="113.885459">
        <ele>348</ele>
        <extensions>
          <distance>46712</distance>
        </extensions>
      </trkpt>
      <trkpt lat="22.236128" lon="113.885416">
        <ele>345</ele>
        <extensions>
          <distance>46723</distance>
        </extensions>
      </trkpt>
      <trkpt lat="22.236205" lon="113.885474">
        <ele>342</ele>
        <extensions>
          <distance>46734</distance>
        </extensions>
      </trkpt>
      <trkpt lat="22.236294" lon="113.885527">
        <ele>339</ele>
        <extensions>
          <distance>46746</distance>
        </extensions>
      </trkpt>
      <trkpt lat="22.236478" lon="113.885586">
        <ele>335</ele>
        <extensions>
          <distance>46767</distance>
        </extensions>
      </trkpt>
      <trkpt lat="22.236714" lon="113.885793">
        <ele>334</ele>
        <extensions>
          <distance>46801</distance>
        </extensions>
      </trkpt>
      <trkpt lat="22.236877" lon="113.885979">
        <ele>334</ele>
        <extensions>
          <distance>46827</distance>
        </extensions>
      </trkpt>
      <trkpt lat="22.237041" lon="113.886108">
        <ele>334</ele>
        <extensions>
          <distance>46850</distance>
        </extensions>
      </trkpt>
      <trkpt lat="22.237141" lon="113.886092">
        <ele>334</ele>
        <extensions>
          <distance>46861</distance>
        </extensions>
      </trkpt>
      <trkpt lat="22.237285" lon="113.886156">
        <ele>336</ele>
        <extensions>
          <distance>46878</distance>
        </extensions>
      </trkpt>
      <trkpt lat="22.237527" lon="113.886347">
        <ele>339</ele>
        <extensions>
          <distance>46912</distance>
        </extensions>
      </trkpt>
      <trkpt lat="22.237747" lon="113.886543">
        <ele>344</ele>
        <extensions>
          <distance>46944</distance>
        </extensions>
      </trkpt>
      <trkpt lat="22.237766" lon="113.886631">
        <ele>346</ele>
        <extensions>
          <distance>46953</distance>
        </extensions>
      </trkpt>
      <trkpt lat="22.23783" lon="113.886698">
        <ele>346</ele>
        <extensions>
          <distance>46963</distance>
        </extensions>
      </trkpt>
      <trkpt lat="22.23791" lon="113.886764">
        <ele>346</ele>
        <extensions>
          <distance>46974</distance>
        </extensions>
      </trkpt>
      <trkpt lat="22.238001" lon="113.886794">
        <ele>346</ele>
        <extensions>
          <distance>46985</distance>
        </extensions>
      </trkpt>
      <trkpt lat="22.238152" lon="113.886831">
        <ele>346</ele>
        <extensions>
          <distance>47002</distance>
        </extensions>
      </trkpt>
      <trkpt lat="22.238203" lon="113.886866">
        <ele>346</ele>
        <extensions>
          <distance>47009</distance>
        </extensions>
      </trkpt>
      <trkpt lat="22.238274" lon="113.886957">
        <ele>346</ele>
        <extensions>
          <distance>47021</distance>
        </extensions>
      </trkpt>
      <trkpt lat="22.238423" lon="113.887102">
        <ele>347</ele>
        <extensions>
          <distance>47043</distance>
        </extensions>
      </trkpt>
      <trkpt lat="22.238512" lon="113.887145">
        <ele>348</ele>
        <extensions>
          <distance>47054</distance>
        </extensions>
      </trkpt>
      <trkpt lat="22.238583" lon="113.887202">
        <ele>350</ele>
        <extensions>
          <distance>47064</distance>
        </extensions>
      </trkpt>
      <trkpt lat="22.238771" lon="113.887286">
        <ele>356</ele>
        <extensions>
          <distance>47087</distance>
        </extensions>
      </trkpt>
      <trkpt lat="22.238848" lon="113.887306">
        <ele>358</ele>
        <extensions>
          <distance>47096</distance>
        </extensions>
      </trkpt>
      <trkpt lat="22.2391" lon="113.887496">
        <ele>370</ele>
        <extensions>
          <distance>47133</distance>
        </extensions>
      </trkpt>
      <trkpt lat="22.239311" lon="113.887562">
        <ele>376</ele>
        <extensions>
          <distance>47158</distance>
        </extensions>
      </trkpt>
      <trkpt lat="22.23957" lon="113.887609">
        <ele>382</ele>
        <extensions>
          <distance>47187</distance>
        </extensions>
      </trkpt>
      <trkpt lat="22.239823" lon="113.887673">
        <ele>386</ele>
        <extensions>
          <distance>47216</distance>
        </extensions>
      </trkpt>
      <trkpt lat="22.239889" lon="113.887766">
        <ele>388</ele>
        <extensions>
          <distance>47229</distance>
        </extensions>
      </trkpt>
      <trkpt lat="22.239953" lon="113.887826">
        <ele>390</ele>
        <extensions>
          <distance>47238</distance>
        </extensions>
      </trkpt>
      <trkpt lat="22.239992" lon="113.887947">
        <ele>392</ele>
        <extensions>
          <distance>47252</distance>
        </extensions>
      </trkpt>
      <trkpt lat="22.240028" lon="113.888002">
        <ele>393</ele>
        <extensions>
          <distance>47259</distance>
        </extensions>
      </trkpt>
      <trkpt lat="22.240092" lon="113.888071">
        <ele>393</ele>
        <extensions>
          <distance>47269</distance>
        </extensions>
      </trkpt>
      <trkpt lat="22.240243" lon="113.888292">
        <ele>395</ele>
        <extensions>
          <distance>47297</distance>
        </extensions>
      </trkpt>
      <trkpt lat="22.240318" lon="113.888344">
        <ele>395</ele>
        <extensions>
          <distance>47307</distance>
        </extensions>
      </trkpt>
      <trkpt lat="22.240376" lon="113.888437">
        <ele>395</ele>
        <extensions>
          <distance>47318</distance>
        </extensions>
      </trkpt>
      <trkpt lat="22.240492" lon="113.888583">
        <ele>395</ele>
        <extensions>
          <distance>47338</distance>
        </extensions>
      </trkpt>
      <trkpt lat="22.240687" lon="113.888728">
        <ele>395</ele>
        <extensions>
          <distance>47364</distance>
        </extensions>
      </trkpt>
      <trkpt lat="22.241003" lon="113.888638">
        <ele>392</ele>
        <extensions>
          <distance>47401</distance>
        </extensions>
      </trkpt>
      <trkpt lat="22.241092" lon="113.888622">
        <ele>389</ele>
        <extensions>
          <distance>47411</distance>
        </extensions>
      </trkpt>
      <trkpt lat="22.241156" lon="113.888581">
        <ele>384</ele>
        <extensions>
          <distance>47421</distance>
        </extensions>
      </trkpt>
      <trkpt lat="22.241195" lon="113.888531">
        <ele>379</ele>
        <extensions>
          <distance>47429</distance>
        </extensions>
      </trkpt>
      <trkpt lat="22.241213" lon="113.888407">
        <ele>375</ele>
        <extensions>
          <distance>47443</distance>
        </extensions>
      </trkpt>
      <trkpt lat="22.241233" lon="113.888409">
        <ele>375</ele>
        <extensions>
          <distance>47445</distance>
        </extensions>
      </trkpt>
      <trkpt lat="22.241255" lon="113.888431">
        <ele>373</ele>
        <extensions>
          <distance>47449</distance>
        </extensions>
      </trkpt>
      <trkpt lat="22.24128" lon="113.888574">
        <ele>372</ele>
        <extensions>
          <distance>47464</distance>
        </extensions>
      </trkpt>
      <trkpt lat="22.241295" lon="113.888583">
        <ele>372</ele>
        <extensions>
          <distance>47465</distance>
        </extensions>
      </trkpt>
      <trkpt lat="22.241333" lon="113.888519">
        <ele>371</ele>
        <extensions>
          <distance>47473</distance>
        </extensions>
      </trkpt>
      <trkpt lat="22.241347" lon="113.888542">
        <ele>370</ele>
        <extensions>
          <distance>47476</distance>
        </extensions>
      </trkpt>
      <trkpt lat="22.241366" lon="113.888645">
        <ele>370</ele>
        <extensions>
          <distance>47487</distance>
        </extensions>
      </trkpt>
      <trkpt lat="22.241424" lon="113.888674">
        <ele>370</ele>
        <extensions>
          <distance>47494</distance>
        </extensions>
      </trkpt>
      <trkpt lat="22.241452" lon="113.888724">
        <ele>369</ele>
        <extensions>
          <distance>47500</distance>
        </extensions>
      </trkpt>
      <trkpt lat="22.241657" lon="113.888845">
        <ele>362</ele>
        <extensions>
          <distance>47527</distance>
        </extensions>
      </trkpt>
      <trkpt lat="22.241648" lon="113.888789">
        <ele>361</ele>
        <extensions>
          <distance>47533</distance>
        </extensions>
      </trkpt>
      <trkpt lat="22.241652" lon="113.888734">
        <ele>358</ele>
        <extensions>
          <distance>47539</distance>
        </extensions>
      </trkpt>
      <trkpt lat="22.241758" lon="113.888779">
        <ele>355</ele>
        <extensions>
          <distance>47552</distance>
        </extensions>
      </trkpt>
      <trkpt lat="22.24185" lon="113.888845">
        <ele>355</ele>
        <extensions>
          <distance>47565</distance>
        </extensions>
      </trkpt>
      <trkpt lat="22.241914" lon="113.888965">
        <ele>355</ele>
        <extensions>
          <distance>47579</distance>
        </extensions>
      </trkpt>
      <trkpt lat="22.241981" lon="113.889045">
        <ele>355</ele>
        <extensions>
          <distance>47590</distance>
        </extensions>
      </trkpt>
      <trkpt lat="22.242015" lon="113.889113">
        <ele>353</ele>
        <extensions>
          <distance>47598</distance>
        </extensions>
      </trkpt>
      <trkpt lat="22.24223" lon="113.889294">
        <ele>348</ele>
        <extensions>
          <distance>47629</distance>
        </extensions>
      </trkpt>
      <trkpt lat="22.242301" lon="113.889372">
        <ele>346</ele>
        <extensions>
          <distance>47640</distance>
        </extensions>
      </trkpt>
      <trkpt lat="22.242399" lon="113.88943">
        <ele>341</ele>
        <extensions>
          <distance>47654</distance>
        </extensions>
      </trkpt>
      <trkpt lat="22.242494" lon="113.889455">
        <ele>336</ele>
        <extensions>
          <distance>47665</distance>
        </extensions>
      </trkpt>
      <trkpt lat="22.242672" lon="113.889616">
        <ele>327</ele>
        <extensions>
          <distance>47693</distance>
        </extensions>
      </trkpt>
      <trkpt lat="22.24266" lon="113.88973">
        <ele>326</ele>
        <extensions>
          <distance>47705</distance>
        </extensions>
      </trkpt>
      <trkpt lat="22.242701" lon="113.889856">
        <ele>324</ele>
        <extensions>
          <distance>47719</distance>
        </extensions>
      </trkpt>
      <trkpt lat="22.242742" lon="113.88995">
        <ele>322</ele>
        <extensions>
          <distance>47729</distance>
        </extensions>
      </trkpt>
      <trkpt lat="22.242751" lon="113.890027">
        <ele>322</ele>
        <extensions>
          <distance>47737</distance>
        </extensions>
      </trkpt>
      <trkpt lat="22.24279" lon="113.890098">
        <ele>322</ele>
        <extensions>
          <distance>47746</distance>
        </extensions>
      </trkpt>
      <trkpt lat="22.242812" lon="113.890237">
        <ele>322</ele>
        <extensions>
          <distance>47760</distance>
        </extensions>
      </trkpt>
      <trkpt lat="22.242866" lon="113.890305">
        <ele>321</ele>
        <extensions>
          <distance>47770</distance>
        </extensions>
      </trkpt>
      <trkpt lat="22.242926" lon="113.890351">
        <ele>319</ele>
        <extensions>
          <distance>47778</distance>
        </extensions>
      </trkpt>
      <trkpt lat="22.242985" lon="113.890342">
        <ele>316</ele>
        <extensions>
          <distance>47785</distance>
        </extensions>
      </trkpt>
      <trkpt lat="22.243084" lon="113.890278">
        <ele>313</ele>
        <extensions>
          <distance>47798</distance>
        </extensions>
      </trkpt>
      <trkpt lat="22.24326" lon="113.890016">
        <ele>301</ele>
        <extensions>
          <distance>47834</distance>
        </extensions>
      </trkpt>
      <trkpt lat="22.243306" lon="113.889975">
        <ele>299</ele>
        <extensions>
          <distance>47841</distance>
        </extensions>
      </trkpt>
      <trkpt lat="22.243342" lon="113.889962">
        <ele>298</ele>
        <extensions>
          <distance>47845</distance>
        </extensions>
      </trkpt>
      <trkpt lat="22.243386" lon="113.889987">
        <ele>296</ele>
        <extensions>
          <distance>47851</distance>
        </extensions>
      </trkpt>
      <trkpt lat="22.243425" lon="113.890052">
        <ele>295</ele>
        <extensions>
          <distance>47859</distance>
        </extensions>
      </trkpt>
      <trkpt lat="22.243453" lon="113.890077">
        <ele>295</ele>
        <extensions>
          <distance>47863</distance>
        </extensions>
      </trkpt>
      <trkpt lat="22.243502" lon="113.890185">
        <ele>294</ele>
        <extensions>
          <distance>47875</distance>
        </extensions>
      </trkpt>
      <trkpt lat="22.243538" lon="113.890292">
        <ele>294</ele>
        <extensions>
          <distance>47887</distance>
        </extensions>
      </trkpt>
      <trkpt lat="22.243596" lon="113.890484">
        <ele>290</ele>
        <extensions>
          <distance>47908</distance>
        </extensions>
      </trkpt>
      <trkpt lat="22.2436" lon="113.890598">
        <ele>288</ele>
        <extensions>
          <distance>47920</distance>
        </extensions>
      </trkpt>
      <trkpt lat="22.243632" lon="113.890719">
        <ele>284</ele>
        <extensions>
          <distance>47934</distance>
        </extensions>
      </trkpt>
      <trkpt lat="22.243638" lon="113.890779">
        <ele>283</ele>
        <extensions>
          <distance>47940</distance>
        </extensions>
      </trkpt>
      <trkpt lat="22.24361" lon="113.890853">
        <ele>283</ele>
        <extensions>
          <distance>47948</distance>
        </extensions>
      </trkpt>
      <trkpt lat="22.24351" lon="113.890968">
        <ele>282</ele>
        <extensions>
          <distance>47964</distance>
        </extensions>
      </trkpt>
      <trkpt lat="22.243546" lon="113.891037">
        <ele>281</ele>
        <extensions>
          <distance>47973</distance>
        </extensions>
      </trkpt>
      <trkpt lat="22.243501" lon="113.891166">
        <ele>281</ele>
        <extensions>
          <distance>47987</distance>
        </extensions>
      </trkpt>
      <trkpt lat="22.243481" lon="113.891274">
        <ele>281</ele>
        <extensions>
          <distance>47998</distance>
        </extensions>
      </trkpt>
      <trkpt lat="22.243541" lon="113.89125">
        <ele>279</ele>
        <extensions>
          <distance>48005</distance>
        </extensions>
      </trkpt>
      <trkpt lat="22.24359" lon="113.891179">
        <ele>278</ele>
        <extensions>
          <distance>48015</distance>
        </extensions>
      </trkpt>
      <trkpt lat="22.243683" lon="113.891152">
        <ele>277</ele>
        <extensions>
          <distance>48025</distance>
        </extensions>
      </trkpt>
      <trkpt lat="22.243735" lon="113.891186">
        <ele>276</ele>
        <extensions>
          <distance>48032</distance>
        </extensions>
      </trkpt>
      <trkpt lat="22.243823" lon="113.89115">
        <ele>275</ele>
        <extensions>
          <distance>48043</distance>
        </extensions>
      </trkpt>
      <trkpt lat="22.243947" lon="113.891069">
        <ele>274</ele>
        <extensions>
          <distance>48059</distance>
        </extensions>
      </trkpt>
      <trkpt lat="22.243971" lon="113.891027">
        <ele>274</ele>
        <extensions>
          <distance>48064</distance>
        </extensions>
      </trkpt>
      <trkpt lat="22.244017" lon="113.890999">
        <ele>273</ele>
        <extensions>
          <distance>48070</distance>
        </extensions>
      </trkpt>
      <trkpt lat="22.244175" lon="113.891097">
        <ele>272</ele>
        <extensions>
          <distance>48090</distance>
        </extensions>
      </trkpt>
      <trkpt lat="22.244167" lon="113.891166">
        <ele>272</ele>
        <extensions>
          <distance>48097</distance>
        </extensions>
      </trkpt>
      <trkpt lat="22.244711" lon="113.891749">
        <ele>272</ele>
        <extensions>
          <distance>48182</distance>
        </extensions>
      </trkpt>
      <trkpt lat="22.244812" lon="113.891862">
        <ele>272</ele>
        <extensions>
          <distance>48198</distance>
        </extensions>
      </trkpt>
      <trkpt lat="22.245089" lon="113.892115">
        <ele>272</ele>
        <extensions>
          <distance>48239</distance>
        </extensions>
      </trkpt>
      <trkpt lat="22.246127" lon="113.893008">
        <ele>276</ele>
        <extensions>
          <distance>48386</distance>
        </extensions>
      </trkpt>
      <trkpt lat="22.246278" lon="113.893085">
        <ele>278</ele>
        <extensions>
          <distance>48404</distance>
        </extensions>
      </trkpt>
      <trkpt lat="22.246405" lon="113.893109">
        <ele>281</ele>
        <extensions>
          <distance>48419</distance>
        </extensions>
      </trkpt>
      <trkpt lat="22.246557" lon="113.893118">
        <ele>284</ele>
        <extensions>
          <distance>48436</distance>
        </extensions>
      </trkpt>
      <trkpt lat="22.24841" lon="113.892828">
        <ele>301</ele>
        <extensions>
          <distance>48644</distance>
        </extensions>
      </trkpt>
      <trkpt lat="22.248987" lon="113.89273">
        <ele>307</ele>
        <extensions>
          <distance>48709</distance>
        </extensions>
      </trkpt>
      <trkpt lat="22.249153" lon="113.892675">
        <ele>309</ele>
        <extensions>
          <distance>48729</distance>
        </extensions>
      </trkpt>
      <trkpt lat="22.249231" lon="113.892628">
        <ele>310</ele>
        <extensions>
          <distance>48738</distance>
        </extensions>
      </trkpt>
      <trkpt lat="22.249387" lon="113.892476">
        <ele>313</ele>
        <extensions>
          <distance>48762</distance>
        </extensions>
      </trkpt>
      <trkpt lat="22.249537" lon="113.892264">
        <ele>313</ele>
        <extensions>
          <distance>48789</distance>
        </extensions>
      </trkpt>
      <trkpt lat="22.249578" lon="113.892228">
        <ele>313</ele>
        <extensions>
          <distance>48795</distance>
        </extensions>
      </trkpt>
      <trkpt lat="22.249604" lon="113.89226">
        <ele>314</ele>
        <extensions>
          <distance>48800</distance>
        </extensions>
      </trkpt>
      <trkpt lat="22.249646" lon="113.892251">
        <ele>315</ele>
        <extensions>
          <distance>48805</distance>
        </extensions>
      </trkpt>
      <trkpt lat="22.249678" lon="113.892258">
        <ele>317</ele>
        <extensions>
          <distance>48809</distance>
        </extensions>
      </trkpt>
      <trkpt lat="22.249708" lon="113.89228">
        <ele>318</ele>
        <extensions>
          <distance>48813</distance>
        </extensions>
      </trkpt>
      <trkpt lat="22.249731" lon="113.892323">
        <ele>319</ele>
        <extensions>
          <distance>48818</distance>
        </extensions>
      </trkpt>
      <trkpt lat="22.249733" lon="113.892375">
        <ele>321</ele>
        <extensions>
          <distance>48824</distance>
        </extensions>
      </trkpt>
      <trkpt lat="22.249702" lon="113.892447">
        <ele>321</ele>
        <extensions>
          <distance>48832</distance>
        </extensions>
      </trkpt>
      <trkpt lat="22.249732" lon="113.892477">
        <ele>322</ele>
        <extensions>
          <distance>48837</distance>
        </extensions>
      </trkpt>
      <trkpt lat="22.249245" lon="113.893133">
        <ele>322</ele>
        <extensions>
          <distance>48923</distance>
        </extensions>
      </trkpt>
      <trkpt lat="22.249172" lon="113.893219">
        <ele>322</ele>
        <extensions>
          <distance>48935</distance>
        </extensions>
      </trkpt>
      <trkpt lat="22.249086" lon="113.893281">
        <ele>322</ele>
        <extensions>
          <distance>48946</distance>
        </extensions>
      </trkpt>
      <trkpt lat="22.249015" lon="113.893315">
        <ele>322</ele>
        <extensions>
          <distance>48955</distance>
        </extensions>
      </trkpt>
      <trkpt lat="22.248526" lon="113.893456">
        <ele>322</ele>
        <extensions>
          <distance>49011</distance>
        </extensions>
      </trkpt>
      <trkpt lat="22.248365" lon="113.893521">
        <ele>322</ele>
        <extensions>
          <distance>49030</distance>
        </extensions>
      </trkpt>
      <trkpt lat="22.248265" lon="113.893596">
        <ele>322</ele>
        <extensions>
          <distance>49044</distance>
        </extensions>
      </trkpt>
      <trkpt lat="22.248205" lon="113.893657">
        <ele>322</ele>
        <extensions>
          <distance>49053</distance>
        </extensions>
      </trkpt>
      <trkpt lat="22.248161" lon="113.893724">
        <ele>322</ele>
        <extensions>
          <distance>49061</distance>
        </extensions>
      </trkpt>
      <trkpt lat="22.248125" lon="113.893809">
        <ele>322</ele>
        <extensions>
          <distance>49071</distance>
        </extensions>
      </trkpt>
      <trkpt lat="22.248105" lon="113.89388">
        <ele>322</ele>
        <extensions>
          <distance>49079</distance>
        </extensions>
      </trkpt>
      <trkpt lat="22.248093" lon="113.893978">
        <ele>322</ele>
        <extensions>
          <distance>49089</distance>
        </extensions>
      </trkpt>
      <trkpt lat="22.248094" lon="113.894077">
        <ele>322</ele>
        <extensions>
          <distance>49099</distance>
        </extensions>
      </trkpt>
      <trkpt lat="22.248105" lon="113.894138">
        <ele>322</ele>
        <extensions>
          <distance>49105</distance>
        </extensions>
      </trkpt>
      <trkpt lat="22.248156" lon="113.894251">
        <ele>324</ele>
        <extensions>
          <distance>49118</distance>
        </extensions>
      </trkpt>
      <trkpt lat="22.248519" lon="113.894816">
        <ele>333</ele>
        <extensions>
          <distance>49190</distance>
        </extensions>
      </trkpt>
      <trkpt lat="22.248568" lon="113.894979">
        <ele>333</ele>
        <extensions>
          <distance>49207</distance>
        </extensions>
      </trkpt>
      <trkpt lat="22.248588" lon="113.89512">
        <ele>333</ele>
        <extensions>
          <distance>49222</distance>
        </extensions>
      </trkpt>
      <trkpt lat="22.248544" lon="113.895302">
        <ele>333</ele>
        <extensions>
          <distance>49241</distance>
        </extensions>
      </trkpt>
      <trkpt lat="22.248484" lon="113.895458">
        <ele>332</ele>
        <extensions>
          <distance>49259</distance>
        </extensions>
      </trkpt>
      <trkpt lat="22.248268" lon="113.895823">
        <ele>328</ele>
        <extensions>
          <distance>49304</distance>
        </extensions>
      </trkpt>
      <trkpt lat="22.248212" lon="113.895992">
        <ele>327</ele>
        <extensions>
          <distance>49322</distance>
        </extensions>
      </trkpt>
      <trkpt lat="22.248203" lon="113.896133">
        <ele>326</ele>
        <extensions>
          <distance>49337</distance>
        </extensions>
      </trkpt>
      <trkpt lat="22.24821" lon="113.896261">
        <ele>325</ele>
        <extensions>
          <distance>49350</distance>
        </extensions>
      </trkpt>
      <trkpt lat="22.248223" lon="113.896359">
        <ele>325</ele>
        <extensions>
          <distance>49360</distance>
        </extensions>
      </trkpt>
      <trkpt lat="22.2483" lon="113.896549">
        <ele>325</ele>
        <extensions>
          <distance>49382</distance>
        </extensions>
      </trkpt>
      <trkpt lat="22.248375" lon="113.896677">
        <ele>325</ele>
        <extensions>
          <distance>49397</distance>
        </extensions>
      </trkpt>
      <trkpt lat="22.248979" lon="113.897429">
        <ele>325</ele>
        <extensions>
          <distance>49499</distance>
        </extensions>
      </trkpt>
      <trkpt lat="22.249194" lon="113.897823">
        <ele>326</ele>
        <extensions>
          <distance>49547</distance>
        </extensions>
      </trkpt>
      <trkpt lat="22.249335" lon="113.898123">
        <ele>330</ele>
        <extensions>
          <distance>49581</distance>
        </extensions>
      </trkpt>
      <trkpt lat="22.249404" lon="113.898239">
        <ele>334</ele>
        <extensions>
          <distance>49596</distance>
        </extensions>
      </trkpt>
      <trkpt lat="22.249488" lon="113.898336">
        <ele>334</ele>
        <extensions>
          <distance>49610</distance>
        </extensions>
      </trkpt>
      <trkpt lat="22.249551" lon="113.898393">
        <ele>335</ele>
        <extensions>
          <distance>49619</distance>
        </extensions>
      </trkpt>
      <trkpt lat="22.249634" lon="113.898455">
        <ele>336</ele>
        <extensions>
          <distance>49630</distance>
        </extensions>
      </trkpt>
      <trkpt lat="22.249788" lon="113.898545">
        <ele>336</ele>
        <extensions>
          <distance>49650</distance>
        </extensions>
      </trkpt>
      <trkpt lat="22.249868" lon="113.898617">
        <ele>336</ele>
        <extensions>
          <distance>49661</distance>
        </extensions>
      </trkpt>
      <trkpt lat="22.249921" lon="113.898692">
        <ele>336</ele>
        <extensions>
          <distance>49671</distance>
        </extensions>
      </trkpt>
      <trkpt lat="22.249942" lon="113.898733">
        <ele>337</ele>
        <extensions>
          <distance>49676</distance>
        </extensions>
      </trkpt>
      <trkpt lat="22.250043" lon="113.898983">
        <ele>344</ele>
        <extensions>
          <distance>49705</distance>
        </extensions>
      </trkpt>
      <trkpt lat="22.250084" lon="113.899047">
        <ele>346</ele>
        <extensions>
          <distance>49713</distance>
        </extensions>
      </trkpt>
      <trkpt lat="22.250151" lon="113.899117">
        <ele>347</ele>
        <extensions>
          <distance>49723</distance>
        </extensions>
      </trkpt>
      <trkpt lat="22.250245" lon="113.899181">
        <ele>349</ele>
        <extensions>
          <distance>49736</distance>
        </extensions>
      </trkpt>
      <trkpt lat="22.250367" lon="113.899222">
        <ele>350</ele>
        <extensions>
          <distance>49750</distance>
        </extensions>
      </trkpt>
      <trkpt lat="22.250481" lon="113.899229">
        <ele>351</ele>
        <extensions>
          <distance>49763</distance>
        </extensions>
      </trkpt>
      <trkpt lat="22.250606" lon="113.899205">
        <ele>351</ele>
        <extensions>
          <distance>49777</distance>
        </extensions>
      </trkpt>
      <trkpt lat="22.250672" lon="113.899201">
        <ele>352</ele>
        <extensions>
          <distance>49784</distance>
        </extensions>
      </trkpt>
      <trkpt lat="22.250742" lon="113.899207">
        <ele>353</ele>
        <extensions>
          <distance>49792</distance>
        </extensions>
      </trkpt>
      <trkpt lat="22.250826" lon="113.899233">
        <ele>355</ele>
        <extensions>
          <distance>49802</distance>
        </extensions>
      </trkpt>
      <trkpt lat="22.25094" lon="113.899297">
        <ele>360</ele>
        <extensions>
          <distance>49817</distance>
        </extensions>
      </trkpt>
      <trkpt lat="22.251235" lon="113.899569">
        <ele>376</ele>
        <extensions>
          <distance>49863</distance>
        </extensions>
      </trkpt>
      <trkpt lat="22.251351" lon="113.899641">
        <ele>379</ele>
        <extensions>
          <distance>49878</distance>
        </extensions>
      </trkpt>
      <trkpt lat="22.251481" lon="113.899692">
        <ele>381</ele>
        <extensions>
          <distance>49893</distance>
        </extensions>
      </trkpt>
      <trkpt lat="22.251654" lon="113.899726">
        <ele>382</ele>
        <extensions>
          <distance>49913</distance>
        </extensions>
      </trkpt>
      <trkpt lat="22.251792" lon="113.89972">
        <ele>383</ele>
        <extensions>
          <distance>49928</distance>
        </extensions>
      </trkpt>
      <trkpt lat="22.251928" lon="113.899694">
        <ele>384</ele>
        <extensions>
          <distance>49944</distance>
        </extensions>
      </trkpt>
      <trkpt lat="22.25205" lon="113.899652">
        <ele>384</ele>
        <extensions>
          <distance>49958</distance>
        </extensions>
      </trkpt>
      <trkpt lat="22.252151" lon="113.899605">
        <ele>385</ele>
        <extensions>
          <distance>49970</distance>
        </extensions>
      </trkpt>
      <trkpt lat="22.252259" lon="113.899588">
        <ele>385</ele>
        <extensions>
          <distance>49982</distance>
        </extensions>
      </trkpt>
      <trkpt lat="22.252378" lon="113.899588">
        <ele>385</ele>
        <extensions>
          <distance>49995</distance>
        </extensions>
      </trkpt>
      <trkpt lat="22.252524" lon="113.899615">
        <ele>386</ele>
        <extensions>
          <distance>50012</distance>
        </extensions>
      </trkpt>
      <trkpt lat="22.252697" lon="113.899696">
        <ele>387</ele>
        <extensions>
          <distance>50033</distance>
        </extensions>
      </trkpt>
      <trkpt lat="22.252878" lon="113.899886">
        <ele>396</ele>
        <extensions>
          <distance>50062</distance>
        </extensions>
      </trkpt>
      <trkpt lat="22.253834" lon="113.900999">
        <ele>433</ele>
        <extensions>
          <distance>50222</distance>
        </extensions>
      </trkpt>
      <trkpt lat="22.253991" lon="113.901187">
        <ele>438</ele>
        <extensions>
          <distance>50249</distance>
        </extensions>
      </trkpt>
      <trkpt lat="22.254113" lon="113.901391">
        <ele>440</ele>
        <extensions>
          <distance>50274</distance>
        </extensions>
      </trkpt>
      <trkpt lat="22.25422" lon="113.901678">
        <ele>440</ele>
        <extensions>
          <distance>50306</distance>
        </extensions>
      </trkpt>
      <trkpt lat="22.254415" lon="113.902049">
        <ele>440</ele>
        <extensions>
          <distance>50350</distance>
        </extensions>
      </trkpt>
      <trkpt lat="22.254563" lon="113.902245">
        <ele>441</ele>
        <extensions>
          <distance>50376</distance>
        </extensions>
      </trkpt>
      <trkpt lat="22.254722" lon="113.902418">
        <ele>441</ele>
        <extensions>
          <distance>50401</distance>
        </extensions>
      </trkpt>
      <trkpt lat="22.254923" lon="113.902595">
        <ele>441</ele>
        <extensions>
          <distance>50430</distance>
        </extensions>
      </trkpt>
      <trkpt lat="22.255014" lon="113.90266">
        <ele>442</ele>
        <extensions>
          <distance>50442</distance>
        </extensions>
      </trkpt>
      <trkpt lat="22.255218" lon="113.902881">
        <ele>442</ele>
        <extensions>
          <distance>50474</distance>
        </extensions>
      </trkpt>
      <trkpt lat="22.255329" lon="113.903072">
        <ele>444</ele>
        <extensions>
          <distance>50497</distance>
        </extensions>
      </trkpt>
      <trkpt lat="22.255368" lon="113.903167">
        <ele>445</ele>
        <extensions>
          <distance>50508</distance>
        </extensions>
      </trkpt>
      <trkpt lat="22.255401" lon="113.903147">
        <ele>445</ele>
        <extensions>
          <distance>50512</distance>
        </extensions>
      </trkpt>
      <trkpt lat="22.255449" lon="113.903257">
        <ele>445</ele>
        <extensions>
          <distance>50525</distance>
        </extensions>
      </trkpt>
      <trkpt lat="22.255473" lon="113.903348">
        <ele>445</ele>
        <extensions>
          <distance>50534</distance>
        </extensions>
      </trkpt>
      <trkpt lat="22.255479" lon="113.903748">
        <ele>441</ele>
        <extensions>
          <distance>50576</distance>
        </extensions>
      </trkpt>
      <trkpt lat="22.255458" lon="113.904119">
        <ele>437</ele>
        <extensions>
          <distance>50614</distance>
        </extensions>
      </trkpt>
      <trkpt lat="22.255446" lon="113.904218">
        <ele>437</ele>
        <extensions>
          <distance>50624</distance>
        </extensions>
      </trkpt>
      <trkpt lat="22.255409" lon="113.904353">
        <ele>436</ele>
        <extensions>
          <distance>50639</distance>
        </extensions>
      </trkpt>
      <trkpt lat="22.255414" lon="113.904398">
        <ele>436</ele>
        <extensions>
          <distance>50644</distance>
        </extensions>
      </trkpt>
      <trkpt lat="22.255428" lon="113.904438">
        <ele>436</ele>
        <extensions>
          <distance>50648</distance>
        </extensions>
      </trkpt>
      <trkpt lat="22.2555" lon="113.904494">
        <ele>436</ele>
        <extensions>
          <distance>50658</distance>
        </extensions>
      </trkpt>
      <trkpt lat="22.255484" lon="113.904537">
        <ele>436</ele>
        <extensions>
          <distance>50663</distance>
        </extensions>
      </trkpt>
      <trkpt lat="22.255354" lon="113.904618">
        <ele>436</ele>
        <extensions>
          <distance>50679</distance>
        </extensions>
      </trkpt>
      <trkpt lat="22.255271" lon="113.905867">
        <ele>437</ele>
        <extensions>
          <distance>50808</distance>
        </extensions>
      </trkpt>
      <trkpt lat="22.255251" lon="113.905998">
        <ele>437</ele>
        <extensions>
          <distance>50822</distance>
        </extensions>
      </trkpt>
      <trkpt lat="22.255172" lon="113.905994">
        <ele>437</ele>
        <extensions>
          <distance>50831</distance>
        </extensions>
      </trkpt>
      <trkpt lat="22.255095" lon="113.906018">
        <ele>437</ele>
        <extensions>
          <distance>50840</distance>
        </extensions>
      </trkpt>
      <trkpt lat="22.25503" lon="113.906067">
        <ele>437</ele>
        <extensions>
          <distance>50849</distance>
        </extensions>
      </trkpt>
      <trkpt lat="22.254861" lon="113.906202">
        <ele>439</ele>
        <extensions>
          <distance>50872</distance>
        </extensions>
      </trkpt>
      <trkpt lat="22.254812" lon="113.906254">
        <ele>440</ele>
        <extensions>
          <distance>50880</distance>
        </extensions>
      </trkpt>
      <trkpt lat="22.254566" lon="113.906419">
        <ele>443</ele>
        <extensions>
          <distance>50912</distance>
        </extensions>
      </trkpt>
      <trkpt lat="22.254521" lon="113.906423">
        <ele>443</ele>
        <extensions>
          <distance>50917</distance>
        </extensions>
      </trkpt>
      <trkpt lat="22.254433" lon="113.906613">
        <ele>443</ele>
        <extensions>
          <distance>50939</distance>
        </extensions>
      </trkpt>
      <trkpt lat="22.254396" lon="113.906925">
        <ele>444</ele>
        <extensions>
          <distance>50971</distance>
        </extensions>
      </trkpt>
      <trkpt lat="22.254411" lon="113.907094">
        <ele>444</ele>
        <extensions>
          <distance>50989</distance>
        </extensions>
      </trkpt>
      <trkpt lat="22.254431" lon="113.907379">
        <ele>444</ele>
        <extensions>
          <distance>51018</distance>
        </extensions>
      </trkpt>
      <trkpt lat="22.25446" lon="113.907588">
        <ele>444</ele>
        <extensions>
          <distance>51040</distance>
        </extensions>
      </trkpt>
      <trkpt lat="22.254452" lon="113.90775">
        <ele>443</ele>
        <extensions>
          <distance>51057</distance>
        </extensions>
      </trkpt>
      <trkpt lat="22.254427" lon="113.907947">
        <ele>443</ele>
        <extensions>
          <distance>51077</distance>
        </extensions>
      </trkpt>
      <trkpt lat="22.254303" lon="113.908072">
        <ele>443</ele>
        <extensions>
          <distance>51096</distance>
        </extensions>
      </trkpt>
      <trkpt lat="22.254229" lon="113.908133">
        <ele>443</ele>
        <extensions>
          <distance>51106</distance>
        </extensions>
      </trkpt>
      <trkpt lat="22.254103" lon="113.908204">
        <ele>444</ele>
        <extensions>
          <distance>51122</distance>
        </extensions>
      </trkpt>
      <trkpt lat="22.253883" lon="113.90828">
        <ele>445</ele>
        <extensions>
          <distance>51148</distance>
        </extensions>
      </trkpt>
      <trkpt lat="22.253826" lon="113.908326">
        <ele>445</ele>
        <extensions>
          <distance>51156</distance>
        </extensions>
      </trkpt>
      <trkpt lat="22.253781" lon="113.90838">
        <ele>445</ele>
        <extensions>
          <distance>51163</distance>
        </extensions>
      </trkpt>
      <trkpt lat="22.253874" lon="113.908586">
        <ele>446</ele>
        <extensions>
          <distance>51187</distance>
        </extensions>
      </trkpt>
      <trkpt lat="22.253896" lon="113.908717">
        <ele>446</ele>
        <extensions>
          <distance>51200</distance>
        </extensions>
      </trkpt>
      <trkpt lat="22.253901" lon="113.908815">
        <ele>446</ele>
        <extensions>
          <distance>51210</distance>
        </extensions>
      </trkpt>
      <trkpt lat="22.254016" lon="113.909229">
        <ele>446</ele>
        <extensions>
          <distance>51255</distance>
        </extensions>
      </trkpt>
      <trkpt lat="22.254074" lon="113.909481">
        <ele>446</ele>
        <extensions>
          <distance>51282</distance>
        </extensions>
      </trkpt>
      <trkpt lat="22.254025" lon="113.909561">
        <ele>446</ele>
        <extensions>
          <distance>51292</distance>
        </extensions>
      </trkpt>
      <trkpt lat="22.253984" lon="113.909652">
        <ele>447</ele>
        <extensions>
          <distance>51302</distance>
        </extensions>
      </trkpt>
      <trkpt lat="22.253926" lon="113.909822">
        <ele>447</ele>
        <extensions>
          <distance>51321</distance>
        </extensions>
      </trkpt>
      <trkpt lat="22.253839" lon="113.909993">
        <ele>447</ele>
        <extensions>
          <distance>51341</distance>
        </extensions>
      </trkpt>
      <trkpt lat="22.253783" lon="113.910039">
        <ele>447</ele>
        <extensions>
          <distance>51349</distance>
        </extensions>
      </trkpt>
      <trkpt lat="22.253838" lon="113.91033">
        <ele>448</ele>
        <extensions>
          <distance>51379</distance>
        </extensions>
      </trkpt>
      <trkpt lat="22.253707" lon="113.91088">
        <ele>453</ele>
        <extensions>
          <distance>51438</distance>
        </extensions>
      </trkpt>
      <trkpt lat="22.2536" lon="113.911226">
        <ele>453</ele>
        <extensions>
          <distance>51476</distance>
        </extensions>
      </trkpt>
      <trkpt lat="22.253547" lon="113.911369">
        <ele>453</ele>
        <extensions>
          <distance>51491</distance>
        </extensions>
      </trkpt>
      <trkpt lat="22.253392" lon="113.911572">
        <ele>453</ele>
        <extensions>
          <distance>51518</distance>
        </extensions>
      </trkpt>
      <trkpt lat="22.253317" lon="113.911652">
        <ele>453</ele>
        <extensions>
          <distance>51530</distance>
        </extensions>
      </trkpt>
      <trkpt lat="22.253122" lon="113.911788">
        <ele>454</ele>
        <extensions>
          <distance>51556</distance>
        </extensions>
      </trkpt>
      <trkpt lat="22.25276" lon="113.912099">
        <ele>455</ele>
        <extensions>
          <distance>51607</distance>
        </extensions>
      </trkpt>
      <trkpt lat="22.252635" lon="113.912285">
        <ele>455</ele>
        <extensions>
          <distance>51631</distance>
        </extensions>
      </trkpt>
      <trkpt lat="22.252662" lon="113.912326">
        <ele>455</ele>
        <extensions>
          <distance>51636</distance>
        </extensions>
      </trkpt>
      <trkpt lat="22.252369" lon="113.912543">
        <ele>455</ele>
        <extensions>
          <distance>51675</distance>
        </extensions>
      </trkpt>
      <trkpt lat="22.252152" lon="113.912659">
        <ele>454</ele>
        <extensions>
          <distance>51702</distance>
        </extensions>
      </trkpt>
      <trkpt lat="22.252094" lon="113.9127">
        <ele>454</ele>
        <extensions>
          <distance>51710</distance>
        </extensions>
      </trkpt>
      <trkpt lat="22.252077" lon="113.912737">
        <ele>454</ele>
        <extensions>
          <distance>51714</distance>
        </extensions>
      </trkpt>
      <trkpt lat="22.25206" lon="113.912893">
        <ele>454</ele>
        <extensions>
          <distance>51730</distance>
        </extensions>
      </trkpt>
      <trkpt lat="22.252083" lon="113.912989">
        <ele>456</ele>
        <extensions>
          <distance>51741</distance>
        </extensions>
      </trkpt>
      <trkpt lat="22.252142" lon="113.913081">
        <ele>460</ele>
        <extensions>
          <distance>51753</distance>
        </extensions>
      </trkpt>
      <trkpt lat="22.252141" lon="113.913149">
        <ele>460</ele>
        <extensions>
          <distance>51760</distance>
        </extensions>
      </trkpt>
      <trkpt lat="22.252116" lon="113.913234">
        <ele>460</ele>
        <extensions>
          <distance>51769</distance>
        </extensions>
      </trkpt>
      <trkpt lat="22.251993" lon="113.913301">
        <ele>460</ele>
        <extensions>
          <distance>51784</distance>
        </extensions>
      </trkpt>
      <trkpt lat="22.251701" lon="113.913331">
        <ele>460</ele>
        <extensions>
          <distance>51817</distance>
        </extensions>
      </trkpt>
      <trkpt lat="22.251528" lon="113.913399">
        <ele>460</ele>
        <extensions>
          <distance>51837</distance>
        </extensions>
      </trkpt>
      <trkpt lat="22.251379" lon="113.913306">
        <ele>460</ele>
        <extensions>
          <distance>51856</distance>
        </extensions>
      </trkpt>
      <trkpt lat="22.251255" lon="113.913317">
        <ele>460</ele>
        <extensions>
          <distance>51870</distance>
        </extensions>
      </trkpt>
      <trkpt lat="22.251045" lon="113.913276">
        <ele>460</ele>
        <extensions>
          <distance>51894</distance>
        </extensions>
      </trkpt>
      <trkpt lat="22.250634" lon="113.913448">
        <ele>473</ele>
        <extensions>
          <distance>51943</distance>
        </extensions>
      </trkpt>
      <trkpt lat="22.25056" lon="113.913509">
        <ele>477</ele>
        <extensions>
          <distance>51954</distance>
        </extensions>
      </trkpt>
      <trkpt lat="22.250459" lon="113.913544">
        <ele>478</ele>
        <extensions>
          <distance>51966</distance>
        </extensions>
      </trkpt>
      <trkpt lat="22.250263" lon="113.913694">
        <ele>487</ele>
        <extensions>
          <distance>51994</distance>
        </extensions>
      </trkpt>
      <trkpt lat="22.250013" lon="113.913763">
        <ele>492</ele>
        <extensions>
          <distance>52023</distance>
        </extensions>
      </trkpt>
      <trkpt lat="22.249857" lon="113.91383">
        <ele>497</ele>
        <extensions>
          <distance>52042</distance>
        </extensions>
      </trkpt>
      <trkpt lat="22.249659" lon="113.91387">
        <ele>501</ele>
        <extensions>
          <distance>52065</distance>
        </extensions>
      </trkpt>
      <trkpt lat="22.249294" lon="113.913904">
        <ele>513</ele>
        <extensions>
          <distance>52107</distance>
        </extensions>
      </trkpt>
      <trkpt lat="22.24913" lon="113.913904">
        <ele>518</ele>
        <extensions>
          <distance>52126</distance>
        </extensions>
      </trkpt>
      <trkpt lat="22.249064" lon="113.913991">
        <ele>526</ele>
        <extensions>
          <distance>52140</distance>
        </extensions>
      </trkpt>
      <trkpt lat="22.249011" lon="113.914094">
        <ele>534</ele>
        <extensions>
          <distance>52155</distance>
        </extensions>
      </trkpt>
      <trkpt lat="22.248924" lon="113.91419">
        <ele>542</ele>
        <extensions>
          <distance>52171</distance>
        </extensions>
      </trkpt>
      <trkpt lat="22.248842" lon="113.914304">
        <ele>553</ele>
        <extensions>
          <distance>52189</distance>
        </extensions>
      </trkpt>
      <trkpt lat="22.248672" lon="113.914445">
        <ele>561</ele>
        <extensions>
          <distance>52214</distance>
        </extensions>
      </trkpt>
      <trkpt lat="22.248586" lon="113.91445">
        <ele>563</ele>
        <extensions>
          <distance>52224</distance>
        </extensions>
      </trkpt>
      <trkpt lat="22.248557" lon="113.914526">
        <ele>565</ele>
        <extensions>
          <distance>52233</distance>
        </extensions>
      </trkpt>
      <trkpt lat="22.248544" lon="113.914751">
        <ele>580</ele>
        <extensions>
          <distance>52260</distance>
        </extensions>
      </trkpt>
      <trkpt lat="22.248487" lon="113.914913">
        <ele>582</ele>
        <extensions>
          <distance>52278</distance>
        </extensions>
      </trkpt>
      <trkpt lat="22.248494" lon="113.915149">
        <ele>591</ele>
        <extensions>
          <distance>52304</distance>
        </extensions>
      </trkpt>
      <trkpt lat="22.248461" lon="113.915252">
        <ele>593</ele>
        <extensions>
          <distance>52316</distance>
        </extensions>
      </trkpt>
      <trkpt lat="22.248405" lon="113.915314">
        <ele>593</ele>
        <extensions>
          <distance>52325</distance>
        </extensions>
      </trkpt>
      <trkpt lat="22.248299" lon="113.915386">
        <ele>594</ele>
        <extensions>
          <distance>52338</distance>
        </extensions>
      </trkpt>
      <trkpt lat="22.248279" lon="113.915513">
        <ele>600</ele>
        <extensions>
          <distance>52353</distance>
        </extensions>
      </trkpt>
      <trkpt lat="22.248171" lon="113.915638">
        <ele>606</ele>
        <extensions>
          <distance>52372</distance>
        </extensions>
      </trkpt>
      <trkpt lat="22.248128" lon="113.915669">
        <ele>607</ele>
        <extensions>
          <distance>52377</distance>
        </extensions>
      </trkpt>
      <trkpt lat="22.247967" lon="113.915686">
        <ele>609</ele>
        <extensions>
          <distance>52395</distance>
        </extensions>
      </trkpt>
      <trkpt lat="22.247874" lon="113.915757">
        <ele>614</ele>
        <extensions>
          <distance>52409</distance>
        </extensions>
      </trkpt>
      <trkpt lat="22.247742" lon="113.91576">
        <ele>617</ele>
        <extensions>
          <distance>52424</distance>
        </extensions>
      </trkpt>
      <trkpt lat="22.247557" lon="113.915794">
        <ele>626</ele>
        <extensions>
          <distance>52447</distance>
        </extensions>
      </trkpt>
      <trkpt lat="22.247551" lon="113.915855">
        <ele>629</ele>
        <extensions>
          <distance>52454</distance>
        </extensions>
      </trkpt>
      <trkpt lat="22.247585" lon="113.915905">
        <ele>630</ele>
        <extensions>
          <distance>52460</distance>
        </extensions>
      </trkpt>
      <trkpt lat="22.247562" lon="113.915923">
        <ele>632</ele>
        <extensions>
          <distance>52464</distance>
        </extensions>
      </trkpt>
      <trkpt lat="22.247448" lon="113.91593">
        <ele>638</ele>
        <extensions>
          <distance>52478</distance>
        </extensions>
      </trkpt>
      <trkpt lat="22.247486" lon="113.916007">
        <ele>639</ele>
        <extensions>
          <distance>52487</distance>
        </extensions>
      </trkpt>
      <trkpt lat="22.247395" lon="113.916026">
        <ele>646</ele>
        <extensions>
          <distance>52499</distance>
        </extensions>
      </trkpt>
      <trkpt lat="22.247458" lon="113.91612">
        <ele>646</ele>
        <extensions>
          <distance>52511</distance>
        </extensions>
      </trkpt>
      <trkpt lat="22.247374" lon="113.916176">
        <ele>655</ele>
        <extensions>
          <distance>52524</distance>
        </extensions>
      </trkpt>
      <trkpt lat="22.247446" lon="113.916272">
        <ele>656</ele>
        <extensions>
          <distance>52537</distance>
        </extensions>
      </trkpt>
      <trkpt lat="22.24746" lon="113.916381">
        <ele>662</ele>
        <extensions>
          <distance>52549</distance>
        </extensions>
      </trkpt>
      <trkpt lat="22.24695" lon="113.917072">
        <ele>725</ele>
        <extensions>
          <distance>52660</distance>
        </extensions>
      </trkpt>
      <trkpt lat="22.246912" lon="113.917254">
        <ele>743</ele>
        <extensions>
          <distance>52686</distance>
        </extensions>
      </trkpt>
      <trkpt lat="22.246827" lon="113.917339">
        <ele>756</ele>
        <extensions>
          <distance>52705</distance>
        </extensions>
      </trkpt>
      <trkpt lat="22.246792" lon="113.917439">
        <ele>766</ele>
        <extensions>
          <distance>52720</distance>
        </extensions>
      </trkpt>
      <trkpt lat="22.246762" lon="113.917613">
        <ele>774</ele>
        <extensions>
          <distance>52739</distance>
        </extensions>
      </trkpt>
      <trkpt lat="22.246722" lon="113.917775">
        <ele>779</ele>
        <extensions>
          <distance>52757</distance>
        </extensions>
      </trkpt>
      <trkpt lat="22.246727" lon="113.917826">
        <ele>780</ele>
        <extensions>
          <distance>52763</distance>
        </extensions>
      </trkpt>
      <trkpt lat="22.246772" lon="113.917938">
        <ele>781</ele>
        <extensions>
          <distance>52775</distance>
        </extensions>
      </trkpt>
      <trkpt lat="22.246772" lon="113.918071">
        <ele>784</ele>
        <extensions>
          <distance>52789</distance>
        </extensions>
      </trkpt>
      <trkpt lat="22.246759" lon="113.918105">
        <ele>784</ele>
        <extensions>
          <distance>52793</distance>
        </extensions>
      </trkpt>
      <trkpt lat="22.246838" lon="113.918146">
        <ele>785</ele>
        <extensions>
          <distance>52803</distance>
        </extensions>
      </trkpt>
      <trkpt lat="22.246916" lon="113.918161">
        <ele>786</ele>
        <extensions>
          <distance>52812</distance>
        </extensions>
      </trkpt>
      <trkpt lat="22.247023" lon="113.918329">
        <ele>794</ele>
        <extensions>
          <distance>52834</distance>
        </extensions>
      </trkpt>
      <trkpt lat="22.247073" lon="113.918342">
        <ele>794</ele>
        <extensions>
          <distance>52840</distance>
        </extensions>
      </trkpt>
      <trkpt lat="22.247159" lon="113.918433">
        <ele>797</ele>
        <extensions>
          <distance>52854</distance>
        </extensions>
      </trkpt>
      <trkpt lat="22.247236" lon="113.918563">
        <ele>804</ele>
        <extensions>
          <distance>52871</distance>
        </extensions>
      </trkpt>
      <trkpt lat="22.24733" lon="113.918664">
        <ele>812</ele>
        <extensions>
          <distance>52888</distance>
        </extensions>
      </trkpt>
      <trkpt lat="22.24751" lon="113.918931">
        <ele>839</ele>
        <extensions>
          <distance>52931</distance>
        </extensions>
      </trkpt>
      <trkpt lat="22.247592" lon="113.919021">
        <ele>841</ele>
        <extensions>
          <distance>52944</distance>
        </extensions>
      </trkpt>
      <trkpt lat="22.247637" lon="113.918997">
        <ele>841</ele>
        <extensions>
          <distance>52950</distance>
        </extensions>
      </trkpt>
      <trkpt lat="22.247686" lon="113.919021">
        <ele>842</ele>
        <extensions>
          <distance>52956</distance>
        </extensions>
      </trkpt>
      <trkpt lat="22.24781" lon="113.919239">
        <ele>852</ele>
        <extensions>
          <distance>52984</distance>
        </extensions>
      </trkpt>
      <trkpt lat="22.2479" lon="113.919451">
        <ele>860</ele>
        <extensions>
          <distance>53009</distance>
        </extensions>
      </trkpt>
      <trkpt lat="22.247959" lon="113.91952">
        <ele>863</ele>
        <extensions>
          <distance>53019</distance>
        </extensions>
      </trkpt>
      <trkpt lat="22.248022" lon="113.919562">
        <ele>867</ele>
        <extensions>
          <distance>53029</distance>
        </extensions>
      </trkpt>
      <trkpt lat="22.248075" lon="113.919534">
        <ele>867</ele>
        <extensions>
          <distance>53035</distance>
        </extensions>
      </trkpt>
      <trkpt lat="22.24819" lon="113.919588">
        <ele>874</ele>
        <extensions>
          <distance>53050</distance>
        </extensions>
      </trkpt>
      <trkpt lat="22.248342" lon="113.919662">
        <ele>885</ele>
        <extensions>
          <distance>53072</distance>
        </extensions>
      </trkpt>
      <trkpt lat="22.248378" lon="113.919717">
        <ele>889</ele>
        <extensions>
          <distance>53080</distance>
        </extensions>
      </trkpt>
      <trkpt lat="22.248555" lon="113.919707">
        <ele>892</ele>
        <extensions>
          <distance>53100</distance>
        </extensions>
      </trkpt>
      <trkpt lat="22.248745" lon="113.919781">
        <ele>892</ele>
        <extensions>
          <distance>53122</distance>
        </extensions>
      </trkpt>
      <trkpt lat="22.248823" lon="113.919758">
        <ele>892</ele>
        <extensions>
          <distance>53131</distance>
        </extensions>
      </trkpt>
      <trkpt lat="22.249028" lon="113.919875">
        <ele>892</ele>
        <extensions>
          <distance>53157</distance>
        </extensions>
      </trkpt>
      <trkpt lat="22.249158" lon="113.919874">
        <ele>889</ele>
        <extensions>
          <distance>53171</distance>
        </extensions>
      </trkpt>
      <trkpt lat="22.249223" lon="113.919926">
        <ele>888</ele>
        <extensions>
          <distance>53180</distance>
        </extensions>
      </trkpt>
      <trkpt lat="22.249263" lon="113.919931">
        <ele>888</ele>
        <extensions>
          <distance>53185</distance>
        </extensions>
      </trkpt>
      <trkpt lat="22.249291" lon="113.919982">
        <ele>888</ele>
        <extensions>
          <distance>53191</distance>
        </extensions>
      </trkpt>
      <trkpt lat="22.249283" lon="113.920033">
        <ele>887</ele>
        <extensions>
          <distance>53196</distance>
        </extensions>
      </trkpt>
      <trkpt lat="22.24932" lon="113.920082">
        <ele>887</ele>
        <extensions>
          <distance>53202</distance>
        </extensions>
      </trkpt>
      <trkpt lat="22.249294" lon="113.920146">
        <ele>887</ele>
        <extensions>
          <distance>53210</distance>
        </extensions>
      </trkpt>
      <trkpt lat="22.249314" lon="113.920199">
        <ele>887</ele>
        <extensions>
          <distance>53216</distance>
        </extensions>
      </trkpt>
      <trkpt lat="22.249307" lon="113.920253">
        <ele>887</ele>
        <extensions>
          <distance>53221</distance>
        </extensions>
      </trkpt>
      <trkpt lat="22.249267" lon="113.920325">
        <ele>887</ele>
        <extensions>
          <distance>53230</distance>
        </extensions>
      </trkpt>
      <trkpt lat="22.249253" lon="113.9204">
        <ele>887</ele>
        <extensions>
          <distance>53238</distance>
        </extensions>
      </trkpt>
      <trkpt lat="22.249229" lon="113.92042">
        <ele>887</ele>
        <extensions>
          <distance>53241</distance>
        </extensions>
      </trkpt>
      <trkpt lat="22.249228" lon="113.920496">
        <ele>887</ele>
        <extensions>
          <distance>53249</distance>
        </extensions>
      </trkpt>
      <trkpt lat="22.24921" lon="113.920547">
        <ele>887</ele>
        <extensions>
          <distance>53255</distance>
        </extensions>
      </trkpt>
      <trkpt lat="22.249213" lon="113.920653">
        <ele>886</ele>
        <extensions>
          <distance>53265</distance>
        </extensions>
      </trkpt>
      <trkpt lat="22.249204" lon="113.92071">
        <ele>885</ele>
        <extensions>
          <distance>53272</distance>
        </extensions>
      </trkpt>
      <trkpt lat="22.249186" lon="113.920737">
        <ele>885</ele>
        <extensions>
          <distance>53275</distance>
        </extensions>
      </trkpt>
      <trkpt lat="22.249145" lon="113.920766">
        <ele>885</ele>
        <extensions>
          <distance>53280</distance>
        </extensions>
      </trkpt>
      <trkpt lat="22.249144" lon="113.920804">
        <ele>884</ele>
        <extensions>
          <distance>53284</distance>
        </extensions>
      </trkpt>
      <trkpt lat="22.249133" lon="113.920836">
        <ele>884</ele>
        <extensions>
          <distance>53288</distance>
        </extensions>
      </trkpt>
      <trkpt lat="22.249105" lon="113.920856">
        <ele>882</ele>
        <extensions>
          <distance>53292</distance>
        </extensions>
      </trkpt>
      <trkpt lat="22.249087" lon="113.92092">
        <ele>879</ele>
        <extensions>
          <distance>53299</distance>
        </extensions>
      </trkpt>
      <trkpt lat="22.249098" lon="113.920983">
        <ele>876</ele>
        <extensions>
          <distance>53307</distance>
        </extensions>
      </trkpt>
      <trkpt lat="22.249089" lon="113.921018">
        <ele>874</ele>
        <extensions>
          <distance>53311</distance>
        </extensions>
      </trkpt>
      <trkpt lat="22.24907" lon="113.921038">
        <ele>872</ele>
        <extensions>
          <distance>53314</distance>
        </extensions>
      </trkpt>
      <trkpt lat="22.249065" lon="113.921078">
        <ele>870</ele>
        <extensions>
          <distance>53319</distance>
        </extensions>
      </trkpt>
      <trkpt lat="22.24904" lon="113.921138">
        <ele>866</ele>
        <extensions>
          <distance>53327</distance>
        </extensions>
      </trkpt>
      <trkpt lat="22.249082" lon="113.921192">
        <ele>863</ele>
        <extensions>
          <distance>53335</distance>
        </extensions>
      </trkpt>
      <trkpt lat="22.249072" lon="113.921212">
        <ele>862</ele>
        <extensions>
          <distance>53337</distance>
        </extensions>
      </trkpt>
      <trkpt lat="22.249043" lon="113.921237">
        <ele>860</ele>
        <extensions>
          <distance>53342</distance>
        </extensions>
      </trkpt>
      <trkpt lat="22.248974" lon="113.921261">
        <ele>857</ele>
        <extensions>
          <distance>53350</distance>
        </extensions>
      </trkpt>
      <trkpt lat="22.248942" lon="113.921298">
        <ele>855</ele>
        <extensions>
          <distance>53356</distance>
        </extensions>
      </trkpt>
      <trkpt lat="22.24889" lon="113.921331">
        <ele>853</ele>
        <extensions>
          <distance>53363</distance>
        </extensions>
      </trkpt>
      <trkpt lat="22.248861" lon="113.921375">
        <ele>849</ele>
        <extensions>
          <distance>53370</distance>
        </extensions>
      </trkpt>
      <trkpt lat="22.248852" lon="113.921429">
        <ele>847</ele>
        <extensions>
          <distance>53376</distance>
        </extensions>
      </trkpt>
      <trkpt lat="22.248833" lon="113.921481">
        <ele>844</ele>
        <extensions>
          <distance>53382</distance>
        </extensions>
      </trkpt>
      <trkpt lat="22.248806" lon="113.9215">
        <ele>843</ele>
        <extensions>
          <distance>53386</distance>
        </extensions>
      </trkpt>
      <trkpt lat="22.248802" lon="113.921519">
        <ele>842</ele>
        <extensions>
          <distance>53388</distance>
        </extensions>
      </trkpt>
      <trkpt lat="22.24883" lon="113.921554">
        <ele>841</ele>
        <extensions>
          <distance>53393</distance>
        </extensions>
      </trkpt>
      <trkpt lat="22.248833" lon="113.921612">
        <ele>839</ele>
        <extensions>
          <distance>53399</distance>
        </extensions>
      </trkpt>
      <trkpt lat="22.248805" lon="113.921633">
        <ele>837</ele>
        <extensions>
          <distance>53404</distance>
        </extensions>
      </trkpt>
      <trkpt lat="22.248844" lon="113.921664">
        <ele>837</ele>
        <extensions>
          <distance>53409</distance>
        </extensions>
      </trkpt>
      <trkpt lat="22.248812" lon="113.92171">
        <ele>834</ele>
        <extensions>
          <distance>53415</distance>
        </extensions>
      </trkpt>
      <trkpt lat="22.248789" lon="113.921846">
        <ele>827</ele>
        <extensions>
          <distance>53431</distance>
        </extensions>
      </trkpt>
      <trkpt lat="22.248754" lon="113.921968">
        <ele>822</ele>
        <extensions>
          <distance>53445</distance>
        </extensions>
      </trkpt>
      <trkpt lat="22.24874" lon="113.922075">
        <ele>818</ele>
        <extensions>
          <distance>53457</distance>
        </extensions>
      </trkpt>
      <trkpt lat="22.248758" lon="113.922133">
        <ele>815</ele>
        <extensions>
          <distance>53464</distance>
        </extensions>
      </trkpt>
      <trkpt lat="22.248831" lon="113.922304">
        <ele>811</ele>
        <extensions>
          <distance>53484</distance>
        </extensions>
      </trkpt>
      <trkpt lat="22.248843" lon="113.922414">
        <ele>808</ele>
        <extensions>
          <distance>53496</distance>
        </extensions>
      </trkpt>
      <trkpt lat="22.248873" lon="113.922538">
        <ele>805</ele>
        <extensions>
          <distance>53509</distance>
        </extensions>
      </trkpt>
      <trkpt lat="22.248857" lon="113.922748">
        <ele>802</ele>
        <extensions>
          <distance>53531</distance>
        </extensions>
      </trkpt>
      <trkpt lat="22.24887" lon="113.922877">
        <ele>799</ele>
        <extensions>
          <distance>53545</distance>
        </extensions>
      </trkpt>
      <trkpt lat="22.248899" lon="113.922917">
        <ele>798</ele>
        <extensions>
          <distance>53550</distance>
        </extensions>
      </trkpt>
      <trkpt lat="22.248905" lon="113.922972">
        <ele>797</ele>
        <extensions>
          <distance>53556</distance>
        </extensions>
      </trkpt>
      <trkpt lat="22.248831" lon="113.923164">
        <ele>794</ele>
        <extensions>
          <distance>53578</distance>
        </extensions>
      </trkpt>
      <trkpt lat="22.248862" lon="113.923387">
        <ele>790</ele>
        <extensions>
          <distance>53601</distance>
        </extensions>
      </trkpt>
      <trkpt lat="22.248916" lon="113.923465">
        <ele>787</ele>
        <extensions>
          <distance>53612</distance>
        </extensions>
      </trkpt>
      <trkpt lat="22.248914" lon="113.923527">
        <ele>785</ele>
        <extensions>
          <distance>53618</distance>
        </extensions>
      </trkpt>
      <trkpt lat="22.248928" lon="113.923595">
        <ele>783</ele>
        <extensions>
          <distance>53626</distance>
        </extensions>
      </trkpt>
      <trkpt lat="22.248887" lon="113.92371">
        <ele>782</ele>
        <extensions>
          <distance>53639</distance>
        </extensions>
      </trkpt>
      <trkpt lat="22.248865" lon="113.923859">
        <ele>778</ele>
        <extensions>
          <distance>53655</distance>
        </extensions>
      </trkpt>
      <trkpt lat="22.248844" lon="113.923929">
        <ele>776</ele>
        <extensions>
          <distance>53663</distance>
        </extensions>
      </trkpt>
      <trkpt lat="22.248891" lon="113.923968">
        <ele>775</ele>
        <extensions>
          <distance>53669</distance>
        </extensions>
      </trkpt>
      <trkpt lat="22.248973" lon="113.924082">
        <ele>768</ele>
        <extensions>
          <distance>53686</distance>
        </extensions>
      </trkpt>
      <trkpt lat="22.248985" lon="113.924269">
        <ele>760</ele>
        <extensions>
          <distance>53707</distance>
        </extensions>
      </trkpt>
      <trkpt lat="22.248959" lon="113.924305">
        <ele>759</ele>
        <extensions>
          <distance>53711</distance>
        </extensions>
      </trkpt>
      <trkpt lat="22.248962" lon="113.92441">
        <ele>754</ele>
        <extensions>
          <distance>53723</distance>
        </extensions>
      </trkpt>
      <trkpt lat="22.248927" lon="113.92448">
        <ele>750</ele>
        <extensions>
          <distance>53732</distance>
        </extensions>
      </trkpt>
      <trkpt lat="22.248898" lon="113.92462">
        <ele>739</ele>
        <extensions>
          <distance>53751</distance>
        </extensions>
      </trkpt>
      <trkpt lat="22.248876" lon="113.924811">
        <ele>729</ele>
        <extensions>
          <distance>53773</distance>
        </extensions>
      </trkpt>
      <trkpt lat="22.248849" lon="113.924818">
        <ele>728</ele>
        <extensions>
          <distance>53776</distance>
        </extensions>
      </trkpt>
      <trkpt lat="22.248836" lon="113.924862">
        <ele>727</ele>
        <extensions>
          <distance>53781</distance>
        </extensions>
      </trkpt>
      <trkpt lat="22.248853" lon="113.924928">
        <ele>727</ele>
        <extensions>
          <distance>53788</distance>
        </extensions>
      </trkpt>
      <trkpt lat="22.248827" lon="113.925115">
        <ele>723</ele>
        <extensions>
          <distance>53808</distance>
        </extensions>
      </trkpt>
      <trkpt lat="22.248823" lon="113.925204">
        <ele>721</ele>
        <extensions>
          <distance>53817</distance>
        </extensions>
      </trkpt>
      <trkpt lat="22.248869" lon="113.925318">
        <ele>719</ele>
        <extensions>
          <distance>53830</distance>
        </extensions>
      </trkpt>
      <trkpt lat="22.248859" lon="113.925355">
        <ele>717</ele>
        <extensions>
          <distance>53835</distance>
        </extensions>
      </trkpt>
      <trkpt lat="22.248878" lon="113.925406">
        <ele>716</ele>
        <extensions>
          <distance>53841</distance>
        </extensions>
      </trkpt>
      <trkpt lat="22.248825" lon="113.925504">
        <ele>712</ele>
        <extensions>
          <distance>53853</distance>
        </extensions>
      </trkpt>
      <trkpt lat="22.248834" lon="113.925654">
        <ele>708</ele>
        <extensions>
          <distance>53869</distance>
        </extensions>
      </trkpt>
      <trkpt lat="22.248805" lon="113.925755">
        <ele>706</ele>
        <extensions>
          <distance>53880</distance>
        </extensions>
      </trkpt>
      <trkpt lat="22.248827" lon="113.925811">
        <ele>706</ele>
        <extensions>
          <distance>53886</distance>
        </extensions>
      </trkpt>
      <trkpt lat="22.248827" lon="113.925904">
        <ele>706</ele>
        <extensions>
          <distance>53896</distance>
        </extensions>
      </trkpt>
      <trkpt lat="22.248847" lon="113.926031">
        <ele>706</ele>
        <extensions>
          <distance>53909</distance>
        </extensions>
      </trkpt>
      <trkpt lat="22.248873" lon="113.926073">
        <ele>708</ele>
        <extensions>
          <distance>53914</distance>
        </extensions>
      </trkpt>
      <trkpt lat="22.248879" lon="113.926107">
        <ele>709</ele>
        <extensions>
          <distance>53918</distance>
        </extensions>
      </trkpt>
      <trkpt lat="22.248846" lon="113.926269">
        <ele>709</ele>
        <extensions>
          <distance>53935</distance>
        </extensions>
      </trkpt>
      <trkpt lat="22.248863" lon="113.926413">
        <ele>709</ele>
        <extensions>
          <distance>53950</distance>
        </extensions>
      </trkpt>
      <trkpt lat="22.248938" lon="113.926613">
        <ele>709</ele>
        <extensions>
          <distance>53972</distance>
        </extensions>
      </trkpt>
      <trkpt lat="22.249008" lon="113.926764">
        <ele>709</ele>
        <extensions>
          <distance>53990</distance>
        </extensions>
      </trkpt>
      <trkpt lat="22.249107" lon="113.926854">
        <ele>708</ele>
        <extensions>
          <distance>54004</distance>
        </extensions>
      </trkpt>
      <trkpt lat="22.249147" lon="113.927108">
        <ele>706</ele>
        <extensions>
          <distance>54031</distance>
        </extensions>
      </trkpt>
      <trkpt lat="22.249188" lon="113.927188">
        <ele>706</ele>
        <extensions>
          <distance>54040</distance>
        </extensions>
      </trkpt>
      <trkpt lat="22.249208" lon="113.927429">
        <ele>706</ele>
        <extensions>
          <distance>54065</distance>
        </extensions>
      </trkpt>
      <trkpt lat="22.249164" lon="113.927523">
        <ele>705</ele>
        <extensions>
          <distance>54076</distance>
        </extensions>
      </trkpt>
      <trkpt lat="22.24917" lon="113.927564">
        <ele>703</ele>
        <extensions>
          <distance>54081</distance>
        </extensions>
      </trkpt>
      <trkpt lat="22.249261" lon="113.927663">
        <ele>701</ele>
        <extensions>
          <distance>54095</distance>
        </extensions>
      </trkpt>
      <trkpt lat="22.249268" lon="113.927757">
        <ele>701</ele>
        <extensions>
          <distance>54105</distance>
        </extensions>
      </trkpt>
      <trkpt lat="22.249322" lon="113.927837">
        <ele>695</ele>
        <extensions>
          <distance>54116</distance>
        </extensions>
      </trkpt>
      <trkpt lat="22.249416" lon="113.927888">
        <ele>689</ele>
        <extensions>
          <distance>54129</distance>
        </extensions>
      </trkpt>
      <trkpt lat="22.249437" lon="113.927929">
        <ele>687</ele>
        <extensions>
          <distance>54134</distance>
        </extensions>
      </trkpt>
      <trkpt lat="22.249437" lon="113.927967">
        <ele>687</ele>
        <extensions>
          <distance>54138</distance>
        </extensions>
      </trkpt>
      <trkpt lat="22.249454" lon="113.927991">
        <ele>687</ele>
        <extensions>
          <distance>54141</distance>
        </extensions>
      </trkpt>
      <trkpt lat="22.249457" lon="113.928017">
        <ele>687</ele>
        <extensions>
          <distance>54144</distance>
        </extensions>
      </trkpt>
      <trkpt lat="22.249447" lon="113.928081">
        <ele>687</ele>
        <extensions>
          <distance>54151</distance>
        </extensions>
      </trkpt>
      <trkpt lat="22.249398" lon="113.928141">
        <ele>687</ele>
        <extensions>
          <distance>54159</distance>
        </extensions>
      </trkpt>
      <trkpt lat="22.249395" lon="113.928174">
        <ele>687</ele>
        <extensions>
          <distance>54162</distance>
        </extensions>
      </trkpt>
      <trkpt lat="22.249347" lon="113.928231">
        <ele>687</ele>
        <extensions>
          <distance>54170</distance>
        </extensions>
      </trkpt>
      <trkpt lat="22.249367" lon="113.928308">
        <ele>687</ele>
        <extensions>
          <distance>54179</distance>
        </extensions>
      </trkpt>
      <trkpt lat="22.249319" lon="113.928322">
        <ele>685</ele>
        <extensions>
          <distance>54184</distance>
        </extensions>
      </trkpt>
      <trkpt lat="22.249152" lon="113.928496">
        <ele>668</ele>
        <extensions>
          <distance>54215</distance>
        </extensions>
      </trkpt>
      <trkpt lat="22.249041" lon="113.928543">
        <ele>658</ele>
        <extensions>
          <distance>54231</distance>
        </extensions>
      </trkpt>
      <trkpt lat="22.248993" lon="113.92861">
        <ele>650</ele>
        <extensions>
          <distance>54243</distance>
        </extensions>
      </trkpt>
      <trkpt lat="22.248962" lon="113.928786">
        <ele>640</ele>
        <extensions>
          <distance>54264</distance>
        </extensions>
      </trkpt>
      <trkpt lat="22.24889" lon="113.928831">
        <ele>634</ele>
        <extensions>
          <distance>54275</distance>
        </extensions>
      </trkpt>
      <trkpt lat="22.248895" lon="113.928967">
        <ele>631</ele>
        <extensions>
          <distance>54290</distance>
        </extensions>
      </trkpt>
      <trkpt lat="22.24886" lon="113.929117">
        <ele>628</ele>
        <extensions>
          <distance>54306</distance>
        </extensions>
      </trkpt>
      <trkpt lat="22.248881" lon="113.929264">
        <ele>627</ele>
        <extensions>
          <distance>54321</distance>
        </extensions>
      </trkpt>
      <trkpt lat="22.248964" lon="113.929531">
        <ele>622</ele>
        <extensions>
          <distance>54351</distance>
        </extensions>
      </trkpt>
      <trkpt lat="22.248975" lon="113.929729">
        <ele>616</ele>
        <extensions>
          <distance>54372</distance>
        </extensions>
      </trkpt>
      <trkpt lat="22.248885" lon="113.929938">
        <ele>616</ele>
        <extensions>
          <distance>54396</distance>
        </extensions>
      </trkpt>
      <trkpt lat="22.248873" lon="113.930007">
        <ele>616</ele>
        <extensions>
          <distance>54403</distance>
        </extensions>
      </trkpt>
      <trkpt lat="22.248801" lon="113.930084">
        <ele>616</ele>
        <extensions>
          <distance>54414</distance>
        </extensions>
      </trkpt>
      <trkpt lat="22.248787" lon="113.930262">
        <ele>616</ele>
        <extensions>
          <distance>54433</distance>
        </extensions>
      </trkpt>
      <trkpt lat="22.248754" lon="113.930379">
        <ele>616</ele>
        <extensions>
          <distance>54445</distance>
        </extensions>
      </trkpt>
      <trkpt lat="22.248861" lon="113.930715">
        <ele>616</ele>
        <extensions>
          <distance>54482</distance>
        </extensions>
      </trkpt>
      <trkpt lat="22.248864" lon="113.930848">
        <ele>614</ele>
        <extensions>
          <distance>54496</distance>
        </extensions>
      </trkpt>
      <trkpt lat="22.248897" lon="113.930954">
        <ele>611</ele>
        <extensions>
          <distance>54507</distance>
        </extensions>
      </trkpt>
      <trkpt lat="22.248841" lon="113.931134">
        <ele>607</ele>
        <extensions>
          <distance>54527</distance>
        </extensions>
      </trkpt>
      <trkpt lat="22.248873" lon="113.931649">
        <ele>604</ele>
        <extensions>
          <distance>54581</distance>
        </extensions>
      </trkpt>
      <trkpt lat="22.248718" lon="113.931801">
        <ele>599</ele>
        <extensions>
          <distance>54605</distance>
        </extensions>
      </trkpt>
      <trkpt lat="22.248667" lon="113.931954">
        <ele>596</ele>
        <extensions>
          <distance>54622</distance>
        </extensions>
      </trkpt>
      <trkpt lat="22.248587" lon="113.931995">
        <ele>594</ele>
        <extensions>
          <distance>54632</distance>
        </extensions>
      </trkpt>
      <trkpt lat="22.248516" lon="113.932097">
        <ele>589</ele>
        <extensions>
          <distance>54646</distance>
        </extensions>
      </trkpt>
      <trkpt lat="22.248448" lon="113.932253">
        <ele>583</ele>
        <extensions>
          <distance>54664</distance>
        </extensions>
      </trkpt>
      <trkpt lat="22.248409" lon="113.932251">
        <ele>582</ele>
        <extensions>
          <distance>54669</distance>
        </extensions>
      </trkpt>
      <trkpt lat="22.248388" lon="113.932288">
        <ele>580</ele>
        <extensions>
          <distance>54674</distance>
        </extensions>
      </trkpt>
      <trkpt lat="22.248409" lon="113.93233">
        <ele>579</ele>
        <extensions>
          <distance>54679</distance>
        </extensions>
      </trkpt>
      <trkpt lat="22.248373" lon="113.932373">
        <ele>576</ele>
        <extensions>
          <distance>54685</distance>
        </extensions>
      </trkpt>
      <trkpt lat="22.248319" lon="113.932398">
        <ele>574</ele>
        <extensions>
          <distance>54692</distance>
        </extensions>
      </trkpt>
      <trkpt lat="22.24819" lon="113.932516">
        <ele>565</ele>
        <extensions>
          <distance>54713</distance>
        </extensions>
      </trkpt>
      <trkpt lat="22.248152" lon="113.932685">
        <ele>561</ele>
        <extensions>
          <distance>54731</distance>
        </extensions>
      </trkpt>
      <trkpt lat="22.248183" lon="113.932893">
        <ele>555</ele>
        <extensions>
          <distance>54754</distance>
        </extensions>
      </trkpt>
      <trkpt lat="22.248053" lon="113.933084">
        <ele>544</ele>
        <extensions>
          <distance>54781</distance>
        </extensions>
      </trkpt>
      <trkpt lat="22.248062" lon="113.933177">
        <ele>539</ele>
        <extensions>
          <distance>54791</distance>
        </extensions>
      </trkpt>
      <trkpt lat="22.24802" lon="113.933234">
        <ele>534</ele>
        <extensions>
          <distance>54800</distance>
        </extensions>
      </trkpt>
      <trkpt lat="22.248081" lon="113.933397">
        <ele>525</ele>
        <extensions>
          <distance>54821</distance>
        </extensions>
      </trkpt>
      <trkpt lat="22.248026" lon="113.933514">
        <ele>518</ele>
        <extensions>
          <distance>54836</distance>
        </extensions>
      </trkpt>
      <trkpt lat="22.248044" lon="113.933615">
        <ele>512</ele>
        <extensions>
          <distance>54848</distance>
        </extensions>
      </trkpt>
      <trkpt lat="22.24797" lon="113.933719">
        <ele>512</ele>
        <extensions>
          <distance>54862</distance>
        </extensions>
      </trkpt>
      <trkpt lat="22.247616" lon="113.934073">
        <ele>508</ele>
        <extensions>
          <distance>54915</distance>
        </extensions>
      </trkpt>
      <trkpt lat="22.247593" lon="113.934149">
        <ele>507</ele>
        <extensions>
          <distance>54924</distance>
        </extensions>
      </trkpt>
      <trkpt lat="22.247546" lon="113.934204">
        <ele>506</ele>
        <extensions>
          <distance>54931</distance>
        </extensions>
      </trkpt>
      <trkpt lat="22.247443" lon="113.934271">
        <ele>505</ele>
        <extensions>
          <distance>54945</distance>
        </extensions>
      </trkpt>
      <trkpt lat="22.24725" lon="113.934258">
        <ele>505</ele>
        <extensions>
          <distance>54966</distance>
        </extensions>
      </trkpt>
      <trkpt lat="22.247166" lon="113.934313">
        <ele>503</ele>
        <extensions>
          <distance>54977</distance>
        </extensions>
      </trkpt>
      <trkpt lat="22.247021" lon="113.934626">
        <ele>497</ele>
        <extensions>
          <distance>55014</distance>
        </extensions>
      </trkpt>
      <trkpt lat="22.246903" lon="113.934735">
        <ele>496</ele>
        <extensions>
          <distance>55031</distance>
        </extensions>
      </trkpt>
      <trkpt lat="22.246693" lon="113.935072">
        <ele>495</ele>
        <extensions>
          <distance>55073</distance>
        </extensions>
      </trkpt>
      <trkpt lat="22.246583" lon="113.935374">
        <ele>494</ele>
        <extensions>
          <distance>55106</distance>
        </extensions>
      </trkpt>
      <trkpt lat="22.24623" lon="113.935751">
        <ele>491</ele>
        <extensions>
          <distance>55161</distance>
        </extensions>
      </trkpt>
      <trkpt lat="22.245946" lon="113.93615">
        <ele>482</ele>
        <extensions>
          <distance>55214</distance>
        </extensions>
      </trkpt>
      <trkpt lat="22.245882" lon="113.936192">
        <ele>481</ele>
        <extensions>
          <distance>55222</distance>
        </extensions>
      </trkpt>
      <trkpt lat="22.24574" lon="113.936409">
        <ele>473</ele>
        <extensions>
          <distance>55251</distance>
        </extensions>
      </trkpt>
      <trkpt lat="22.245724" lon="113.936551">
        <ele>468</ele>
        <extensions>
          <distance>55266</distance>
        </extensions>
      </trkpt>
      <trkpt lat="22.245874" lon="113.936836">
        <ele>459</ele>
        <extensions>
          <distance>55301</distance>
        </extensions>
      </trkpt>
      <trkpt lat="22.246026" lon="113.937025">
        <ele>452</ele>
        <extensions>
          <distance>55328</distance>
        </extensions>
      </trkpt>
      <trkpt lat="22.246146" lon="113.937082">
        <ele>449</ele>
        <extensions>
          <distance>55343</distance>
        </extensions>
      </trkpt>
      <trkpt lat="22.246241" lon="113.937199">
        <ele>446</ele>
        <extensions>
          <distance>55359</distance>
        </extensions>
      </trkpt>
      <trkpt lat="22.246392" lon="113.937292">
        <ele>444</ele>
        <extensions>
          <distance>55378</distance>
        </extensions>
      </trkpt>
      <trkpt lat="22.246507" lon="113.937535">
        <ele>442</ele>
        <extensions>
          <distance>55407</distance>
        </extensions>
      </trkpt>
      <trkpt lat="22.246544" lon="113.937585">
        <ele>441</ele>
        <extensions>
          <distance>55413</distance>
        </extensions>
      </trkpt>
      <trkpt lat="22.246752" lon="113.937577">
        <ele>441</ele>
        <extensions>
          <distance>55436</distance>
        </extensions>
      </trkpt>
      <trkpt lat="22.247049" lon="113.937819">
        <ele>441</ele>
        <extensions>
          <distance>55478</distance>
        </extensions>
      </trkpt>
      <trkpt lat="22.247182" lon="113.937854">
        <ele>440</ele>
        <extensions>
          <distance>55493</distance>
        </extensions>
      </trkpt>
      <trkpt lat="22.247244" lon="113.938002">
        <ele>440</ele>
        <extensions>
          <distance>55509</distance>
        </extensions>
      </trkpt>
      <trkpt lat="22.247387" lon="113.938396">
        <ele>436</ele>
        <extensions>
          <distance>55553</distance>
        </extensions>
      </trkpt>
      <trkpt lat="22.247351" lon="113.938821">
        <ele>436</ele>
        <extensions>
          <distance>55597</distance>
        </extensions>
      </trkpt>
      <trkpt lat="22.247387" lon="113.93898">
        <ele>432</ele>
        <extensions>
          <distance>55614</distance>
        </extensions>
      </trkpt>
      <trkpt lat="22.247955" lon="113.93944">
        <ele>406</ele>
        <extensions>
          <distance>55697</distance>
        </extensions>
      </trkpt>
      <trkpt lat="22.248047" lon="113.939769">
        <ele>405</ele>
        <extensions>
          <distance>55733</distance>
        </extensions>
      </trkpt>
      <trkpt lat="22.248007" lon="113.940044">
        <ele>401</ele>
        <extensions>
          <distance>55762</distance>
        </extensions>
      </trkpt>
      <trkpt lat="22.247983" lon="113.940602">
        <ele>376</ele>
        <extensions>
          <distance>55824</distance>
        </extensions>
      </trkpt>
      <trkpt lat="22.248062" lon="113.940988">
        <ele>374</ele>
        <extensions>
          <distance>55865</distance>
        </extensions>
      </trkpt>
      <trkpt lat="22.248318" lon="113.94138">
        <ele>373</ele>
        <extensions>
          <distance>55914</distance>
        </extensions>
      </trkpt>
      <trkpt lat="22.248299" lon="113.941468">
        <ele>372</ele>
        <extensions>
          <distance>55924</distance>
        </extensions>
      </trkpt>
      <trkpt lat="22.24824" lon="113.941545">
        <ele>372</ele>
        <extensions>
          <distance>55934</distance>
        </extensions>
      </trkpt>
      <trkpt lat="22.248221" lon="113.941778">
        <ele>367</ele>
        <extensions>
          <distance>55959</distance>
        </extensions>
      </trkpt>
      <trkpt lat="22.248245" lon="113.942087">
        <ele>358</ele>
        <extensions>
          <distance>55992</distance>
        </extensions>
      </trkpt>
      <trkpt lat="22.248311" lon="113.942388">
        <ele>347</ele>
        <extensions>
          <distance>56026</distance>
        </extensions>
      </trkpt>
      <trkpt lat="22.248355000000004" lon="113.94254375">
        <ele>342</ele>
        <extensions>
          <distance>56043</distance>
        </extensions>
      </trkpt>
      <trkpt lat="22.24836" lon="113.94271">
        <ele>338</ele>
        <extensions>
          <distance>56061</distance>
        </extensions>
      </trkpt>
      <trkpt lat="22.24827" lon="113.94287">
        <ele>336</ele>
        <extensions>
          <distance>56080</distance>
        </extensions>
      </trkpt>
      <trkpt lat="22.24818" lon="113.94303">
        <ele>335</ele>
        <extensions>
          <distance>56099</distance>
        </extensions>
      </trkpt>
      <trkpt lat="22.248359999999998" lon="113.942945">
        <ele>334</ele>
        <extensions>
          <distance>56121</distance>
        </extensions>
      </trkpt>
      <trkpt lat="22.24854" lon="113.94286">
        <ele>333</ele>
        <extensions>
          <distance>56143</distance>
        </extensions>
      </trkpt>
      <trkpt lat="22.248437499999998" lon="113.94297">
        <ele>333</ele>
        <extensions>
          <distance>56159</distance>
        </extensions>
      </trkpt>
      <trkpt lat="22.248334999999997" lon="113.94308">
        <ele>333</ele>
        <extensions>
          <distance>56175</distance>
        </extensions>
      </trkpt>
      <trkpt lat="22.2482325" lon="113.94318999999999">
        <ele>333</ele>
        <extensions>
          <distance>56191</distance>
        </extensions>
      </trkpt>
      <trkpt lat="22.24813" lon="113.9433">
        <ele>334</ele>
        <extensions>
          <distance>56207</distance>
        </extensions>
      </trkpt>
      <trkpt lat="22.2483" lon="113.943275">
        <ele>334</ele>
        <extensions>
          <distance>56226</distance>
        </extensions>
      </trkpt>
      <trkpt lat="22.24847" lon="113.94325">
        <ele>336</ele>
        <extensions>
          <distance>56245</distance>
        </extensions>
      </trkpt>
      <trkpt lat="22.248445" lon="113.943455">
        <ele>340</ele>
        <extensions>
          <distance>56267</distance>
        </extensions>
      </trkpt>
      <trkpt lat="22.24842" lon="113.94366">
        <ele>344</ele>
        <extensions>
          <distance>56288</distance>
        </extensions>
      </trkpt>
      <trkpt lat="22.248314999999998" lon="113.9438725">
        <ele>347</ele>
        <extensions>
          <distance>56313</distance>
        </extensions>
      </trkpt>
      <trkpt lat="22.24821" lon="113.944085">
        <ele>347</ele>
        <extensions>
          <distance>56338</distance>
        </extensions>
      </trkpt>
      <trkpt lat="22.248105000000002" lon="113.9442975">
        <ele>347</ele>
        <extensions>
          <distance>56363</distance>
        </extensions>
      </trkpt>
      <trkpt lat="22.248" lon="113.94451">
        <ele>347</ele>
        <extensions>
          <distance>56388</distance>
        </extensions>
      </trkpt>
      <trkpt lat="22.24797625" lon="113.94465625">
        <ele>346</ele>
        <extensions>
          <distance>56403</distance>
        </extensions>
      </trkpt>
      <trkpt lat="22.247952500000004" lon="113.9448025">
        <ele>345</ele>
        <extensions>
          <distance>56419</distance>
        </extensions>
      </trkpt>
      <trkpt lat="22.247928750000003" lon="113.94494875">
        <ele>345</ele>
        <extensions>
          <distance>56434</distance>
        </extensions>
      </trkpt>
      <trkpt lat="22.247905000000003" lon="113.945095">
        <ele>345</ele>
        <extensions>
          <distance>56449</distance>
        </extensions>
      </trkpt>
      <trkpt lat="22.247881250000002" lon="113.94524125">
        <ele>345</ele>
        <extensions>
          <distance>56464</distance>
        </extensions>
      </trkpt>
      <trkpt lat="22.247857500000002" lon="113.9453875">
        <ele>346</ele>
        <extensions>
          <distance>56480</distance>
        </extensions>
      </trkpt>
      <trkpt lat="22.24783375" lon="113.94553375">
        <ele>348</ele>
        <extensions>
          <distance>56495</distance>
        </extensions>
      </trkpt>
      <trkpt lat="22.24781" lon="113.94568">
        <ele>350</ele>
        <extensions>
          <distance>56511</distance>
        </extensions>
      </trkpt>
      <trkpt lat="22.247722500000002" lon="113.94581249999999">
        <ele>350</ele>
        <extensions>
          <distance>56527</distance>
        </extensions>
      </trkpt>
      <trkpt lat="22.247635000000002" lon="113.945945">
        <ele>351</ele>
        <extensions>
          <distance>56544</distance>
        </extensions>
      </trkpt>
      <trkpt lat="22.247547500000003" lon="113.9460775">
        <ele>352</ele>
        <extensions>
          <distance>56561</distance>
        </extensions>
      </trkpt>
      <trkpt lat="22.24746" lon="113.94621">
        <ele>352</ele>
        <extensions>
          <distance>56578</distance>
        </extensions>
      </trkpt>
      <trkpt lat="22.2475175" lon="113.94644625">
        <ele>353</ele>
        <extensions>
          <distance>56603</distance>
        </extensions>
      </trkpt>
      <trkpt lat="22.247574999999998" lon="113.9466825">
        <ele>353</ele>
        <extensions>
          <distance>56628</distance>
        </extensions>
      </trkpt>
      <trkpt lat="22.247632499999998" lon="113.94691875">
        <ele>356</ele>
        <extensions>
          <distance>56653</distance>
        </extensions>
      </trkpt>
      <trkpt lat="22.24769" lon="113.947155">
        <ele>360</ele>
        <extensions>
          <distance>56679</distance>
        </extensions>
      </trkpt>
      <trkpt lat="22.2477475" lon="113.94739125">
        <ele>367</ele>
        <extensions>
          <distance>56705</distance>
        </extensions>
      </trkpt>
      <trkpt lat="22.247805" lon="113.9476275">
        <ele>368</ele>
        <extensions>
          <distance>56730</distance>
        </extensions>
      </trkpt>
      <trkpt lat="22.2478625" lon="113.94786375">
        <ele>368</ele>
        <extensions>
          <distance>56755</distance>
        </extensions>
      </trkpt>
      <trkpt lat="22.24792" lon="113.9481">
        <ele>368</ele>
        <extensions>
          <distance>56780</distance>
        </extensions>
      </trkpt>
      <trkpt lat="22.2477925" lon="113.94815">
        <ele>368</ele>
        <extensions>
          <distance>56795</distance>
        </extensions>
      </trkpt>
      <trkpt lat="22.247664999999998" lon="113.9482">
        <ele>366</ele>
        <extensions>
          <distance>56810</distance>
        </extensions>
      </trkpt>
      <trkpt lat="22.2475375" lon="113.94825">
        <ele>364</ele>
        <extensions>
          <distance>56826</distance>
        </extensions>
      </trkpt>
      <trkpt lat="22.24741" lon="113.9483">
        <ele>364</ele>
        <extensions>
          <distance>56841</distance>
        </extensions>
      </trkpt>
      <trkpt lat="22.247194999999998" lon="113.9482525">
        <ele>360</ele>
        <extensions>
          <distance>56865</distance>
        </extensions>
      </trkpt>
      <trkpt lat="22.24698" lon="113.948205">
        <ele>358</ele>
        <extensions>
          <distance>56890</distance>
        </extensions>
      </trkpt>
      <trkpt lat="22.246765" lon="113.94815750000001">
        <ele>358</ele>
        <extensions>
          <distance>56914</distance>
        </extensions>
      </trkpt>
      <trkpt lat="22.24655" lon="113.94811">
        <ele>358</ele>
        <extensions>
          <distance>56938</distance>
        </extensions>
      </trkpt>
      <trkpt lat="22.246505" lon="113.94826499999999">
        <ele>358</ele>
        <extensions>
          <distance>56955</distance>
        </extensions>
      </trkpt>
      <trkpt lat="22.24646" lon="113.94842">
        <ele>358</ele>
        <extensions>
          <distance>56972</distance>
        </extensions>
      </trkpt>
      <trkpt lat="22.246415" lon="113.948575">
        <ele>360</ele>
        <extensions>
          <distance>56988</distance>
        </extensions>
      </trkpt>
      <trkpt lat="22.24637" lon="113.94873">
        <ele>362</ele>
        <extensions>
          <distance>57005</distance>
        </extensions>
      </trkpt>
      <trkpt lat="22.246325" lon="113.94888499999999">
        <ele>362</ele>
        <extensions>
          <distance>57022</distance>
        </extensions>
      </trkpt>
      <trkpt lat="22.24628" lon="113.94904">
        <ele>362</ele>
        <extensions>
          <distance>57039</distance>
        </extensions>
      </trkpt>
      <trkpt lat="22.246235" lon="113.949195">
        <ele>362</ele>
        <extensions>
          <distance>57055</distance>
        </extensions>
      </trkpt>
      <trkpt lat="22.24619" lon="113.94935">
        <ele>362</ele>
        <extensions>
          <distance>57072</distance>
        </extensions>
      </trkpt>
      <trkpt lat="22.24603375" lon="113.94940125">
        <ele>360</ele>
        <extensions>
          <distance>57090</distance>
        </extensions>
      </trkpt>
      <trkpt lat="22.2458775" lon="113.9494525">
        <ele>357</ele>
        <extensions>
          <distance>57109</distance>
        </extensions>
      </trkpt>
      <trkpt lat="22.24572125" lon="113.94950375">
        <ele>357</ele>
        <extensions>
          <distance>57127</distance>
        </extensions>
      </trkpt>
      <trkpt lat="22.245565" lon="113.949555">
        <ele>357</ele>
        <extensions>
          <distance>57145</distance>
        </extensions>
      </trkpt>
      <trkpt lat="22.24540875" lon="113.94960625">
        <ele>357</ele>
        <extensions>
          <distance>57163</distance>
        </extensions>
      </trkpt>
      <trkpt lat="22.2452525" lon="113.9496575">
        <ele>357</ele>
        <extensions>
          <distance>57181</distance>
        </extensions>
      </trkpt>
      <trkpt lat="22.24509625" lon="113.94970875">
        <ele>358</ele>
        <extensions>
          <distance>57199</distance>
        </extensions>
      </trkpt>
      <trkpt lat="22.24494" lon="113.94976">
        <ele>358</ele>
        <extensions>
          <distance>57217</distance>
        </extensions>
      </trkpt>
      <trkpt lat="22.244795" lon="113.94995">
        <ele>362</ele>
        <extensions>
          <distance>57243</distance>
        </extensions>
      </trkpt>
      <trkpt lat="22.24465" lon="113.95014">
        <ele>365</ele>
        <extensions>
          <distance>57268</distance>
        </extensions>
      </trkpt>
      <trkpt lat="22.244477500000002" lon="113.95020500000001">
        <ele>365</ele>
        <extensions>
          <distance>57288</distance>
        </extensions>
      </trkpt>
      <trkpt lat="22.244305" lon="113.95027">
        <ele>366</ele>
        <extensions>
          <distance>57309</distance>
        </extensions>
      </trkpt>
      <trkpt lat="22.2441325" lon="113.950335">
        <ele>366</ele>
        <extensions>
          <distance>57329</distance>
        </extensions>
      </trkpt>
      <trkpt lat="22.24396" lon="113.9504">
        <ele>366</ele>
        <extensions>
          <distance>57349</distance>
        </extensions>
      </trkpt>
      <trkpt lat="22.2439825" lon="113.95057625">
        <ele>369</ele>
        <extensions>
          <distance>57368</distance>
        </extensions>
      </trkpt>
      <trkpt lat="22.244005" lon="113.9507525">
        <ele>369</ele>
        <extensions>
          <distance>57386</distance>
        </extensions>
      </trkpt>
      <trkpt lat="22.2440275" lon="113.95092875">
        <ele>369</ele>
        <extensions>
          <distance>57404</distance>
        </extensions>
      </trkpt>
      <trkpt lat="22.24405" lon="113.951105">
        <ele>369</ele>
        <extensions>
          <distance>57423</distance>
        </extensions>
      </trkpt>
      <trkpt lat="22.2440725" lon="113.95128125">
        <ele>368</ele>
        <extensions>
          <distance>57441</distance>
        </extensions>
      </trkpt>
      <trkpt lat="22.244095" lon="113.9514575">
        <ele>366</ele>
        <extensions>
          <distance>57459</distance>
        </extensions>
      </trkpt>
      <trkpt lat="22.2441175" lon="113.95163375">
        <ele>364</ele>
        <extensions>
          <distance>57478</distance>
        </extensions>
      </trkpt>
      <trkpt lat="22.24414" lon="113.95181">
        <ele>364</ele>
        <extensions>
          <distance>57496</distance>
        </extensions>
      </trkpt>
      <trkpt lat="22.244085000000002" lon="113.951955">
        <ele>364</ele>
        <extensions>
          <distance>57512</distance>
        </extensions>
      </trkpt>
      <trkpt lat="22.244030000000002" lon="113.9521">
        <ele>364</ele>
        <extensions>
          <distance>57529</distance>
        </extensions>
      </trkpt>
      <trkpt lat="22.243975" lon="113.952245">
        <ele>363</ele>
        <extensions>
          <distance>57545</distance>
        </extensions>
      </trkpt>
      <trkpt lat="22.24392" lon="113.95239">
        <ele>362</ele>
        <extensions>
          <distance>57561</distance>
        </extensions>
      </trkpt>
      <trkpt lat="22.24399" lon="113.95267">
        <ele>357</ele>
        <extensions>
          <distance>57591</distance>
        </extensions>
      </trkpt>
      <trkpt lat="22.24406" lon="113.95295">
        <ele>357</ele>
        <extensions>
          <distance>57621</distance>
        </extensions>
      </trkpt>
      <trkpt lat="22.244275000000002" lon="113.9531">
        <ele>357</ele>
        <extensions>
          <distance>57649</distance>
        </extensions>
      </trkpt>
      <trkpt lat="22.24449" lon="113.95325">
        <ele>357</ele>
        <extensions>
          <distance>57678</distance>
        </extensions>
      </trkpt>
      <trkpt lat="22.244725" lon="113.95315">
        <ele>357</ele>
        <extensions>
          <distance>57706</distance>
        </extensions>
      </trkpt>
      <trkpt lat="22.24496" lon="113.95305">
        <ele>359</ele>
        <extensions>
          <distance>57734</distance>
        </extensions>
      </trkpt>
      <trkpt lat="22.244934999999998" lon="113.95280500000001">
        <ele>359</ele>
        <extensions>
          <distance>57759</distance>
        </extensions>
      </trkpt>
      <trkpt lat="22.24491" lon="113.95256">
        <ele>359</ele>
        <extensions>
          <distance>57785</distance>
        </extensions>
      </trkpt>
      <trkpt lat="22.245095" lon="113.95268">
        <ele>359</ele>
        <extensions>
          <distance>57809</distance>
        </extensions>
      </trkpt>
      <trkpt lat="22.24528" lon="113.9528">
        <ele>359</ele>
        <extensions>
          <distance>57832</distance>
        </extensions>
      </trkpt>
      <trkpt lat="22.245525" lon="113.952745">
        <ele>359</ele>
        <extensions>
          <distance>57860</distance>
        </extensions>
      </trkpt>
      <trkpt lat="22.24577" lon="113.95269">
        <ele>358</ele>
        <extensions>
          <distance>57888</distance>
        </extensions>
      </trkpt>
      <trkpt lat="22.245863749999998" lon="113.95281625000001">
        <ele>358</ele>
        <extensions>
          <distance>57905</distance>
        </extensions>
      </trkpt>
      <trkpt lat="22.2459575" lon="113.9529425">
        <ele>358</ele>
        <extensions>
          <distance>57921</distance>
        </extensions>
      </trkpt>
      <trkpt lat="22.24605125" lon="113.95306875">
        <ele>358</ele>
        <extensions>
          <distance>57938</distance>
        </extensions>
      </trkpt>
      <trkpt lat="22.246145" lon="113.953195">
        <ele>358</ele>
        <extensions>
          <distance>57954</distance>
        </extensions>
      </trkpt>
      <trkpt lat="22.24623875" lon="113.95332124999999">
        <ele>358</ele>
        <extensions>
          <distance>57971</distance>
        </extensions>
      </trkpt>
      <trkpt lat="22.2463325" lon="113.9534475">
        <ele>360</ele>
        <extensions>
          <distance>57988</distance>
        </extensions>
      </trkpt>
      <trkpt lat="22.24642625" lon="113.95357375">
        <ele>363</ele>
        <extensions>
          <distance>58005</distance>
        </extensions>
      </trkpt>
      <trkpt lat="22.24652" lon="113.9537">
        <ele>366</ele>
        <extensions>
          <distance>58022</distance>
        </extensions>
      </trkpt>
      <trkpt lat="22.24656625" lon="113.95384250000001">
        <ele>366</ele>
        <extensions>
          <distance>58037</distance>
        </extensions>
      </trkpt>
      <trkpt lat="22.246612499999998" lon="113.953985">
        <ele>366</ele>
        <extensions>
          <distance>58053</distance>
        </extensions>
      </trkpt>
      <trkpt lat="22.246658749999998" lon="113.9541275">
        <ele>366</ele>
        <extensions>
          <distance>58068</distance>
        </extensions>
      </trkpt>
      <trkpt lat="22.246705" lon="113.95427000000001">
        <ele>365</ele>
        <extensions>
          <distance>58084</distance>
        </extensions>
      </trkpt>
      <trkpt lat="22.24675125" lon="113.9544125">
        <ele>361</ele>
        <extensions>
          <distance>58100</distance>
        </extensions>
      </trkpt>
      <trkpt lat="22.2467975" lon="113.954555">
        <ele>360</ele>
        <extensions>
          <distance>58116</distance>
        </extensions>
      </trkpt>
      <trkpt lat="22.24684375" lon="113.95469750000001">
        <ele>358</ele>
        <extensions>
          <distance>58131</distance>
        </extensions>
      </trkpt>
      <trkpt lat="22.24689" lon="113.95484">
        <ele>357</ele>
        <extensions>
          <distance>58147</distance>
        </extensions>
      </trkpt>
      <trkpt lat="22.24701375" lon="113.95493625">
        <ele>356</ele>
        <extensions>
          <distance>58164</distance>
        </extensions>
      </trkpt>
      <trkpt lat="22.2471375" lon="113.9550325">
        <ele>355</ele>
        <extensions>
          <distance>58181</distance>
        </extensions>
      </trkpt>
      <trkpt lat="22.24726125" lon="113.95512875">
        <ele>355</ele>
        <extensions>
          <distance>58198</distance>
        </extensions>
      </trkpt>
      <trkpt lat="22.247385" lon="113.955225">
        <ele>355</ele>
        <extensions>
          <distance>58215</distance>
        </extensions>
      </trkpt>
      <trkpt lat="22.24750875" lon="113.95532125">
        <ele>355</ele>
        <extensions>
          <distance>58231</distance>
        </extensions>
      </trkpt>
      <trkpt lat="22.2476325" lon="113.9554175">
        <ele>356</ele>
        <extensions>
          <distance>58248</distance>
        </extensions>
      </trkpt>
      <trkpt lat="22.247756250000002" lon="113.95551375">
        <ele>358</ele>
        <extensions>
          <distance>58265</distance>
        </extensions>
      </trkpt>
      <trkpt lat="22.24788" lon="113.95561">
        <ele>358</ele>
        <extensions>
          <distance>58282</distance>
        </extensions>
      </trkpt>
      <trkpt lat="22.248042499999997" lon="113.95560749999999">
        <ele>362</ele>
        <extensions>
          <distance>58301</distance>
        </extensions>
      </trkpt>
      <trkpt lat="22.248205" lon="113.95560499999999">
        <ele>363</ele>
        <extensions>
          <distance>58319</distance>
        </extensions>
      </trkpt>
      <trkpt lat="22.2483675" lon="113.9556025">
        <ele>363</ele>
        <extensions>
          <distance>58337</distance>
        </extensions>
      </trkpt>
      <trkpt lat="22.24853" lon="113.9556">
        <ele>363</ele>
        <extensions>
          <distance>58355</distance>
        </extensions>
      </trkpt>
      <trkpt lat="22.24848" lon="113.955815">
        <ele>363</ele>
        <extensions>
          <distance>58377</distance>
        </extensions>
      </trkpt>
      <trkpt lat="22.24843" lon="113.95603">
        <ele>358</ele>
        <extensions>
          <distance>58400</distance>
        </extensions>
      </trkpt>
      <trkpt lat="22.2485425" lon="113.9562375">
        <ele>358</ele>
        <extensions>
          <distance>58425</distance>
        </extensions>
      </trkpt>
      <trkpt lat="22.248655" lon="113.956445">
        <ele>358</ele>
        <extensions>
          <distance>58450</distance>
        </extensions>
      </trkpt>
      <trkpt lat="22.2487675" lon="113.9566525">
        <ele>357</ele>
        <extensions>
          <distance>58475</distance>
        </extensions>
      </trkpt>
      <trkpt lat="22.24888" lon="113.95686">
        <ele>357</ele>
        <extensions>
          <distance>58499</distance>
        </extensions>
      </trkpt>
      <trkpt lat="22.2488125" lon="113.9570925">
        <ele>357</ele>
        <extensions>
          <distance>58525</distance>
        </extensions>
      </trkpt>
      <trkpt lat="22.248745" lon="113.957325">
        <ele>355</ele>
        <extensions>
          <distance>58550</distance>
        </extensions>
      </trkpt>
      <trkpt lat="22.2486775" lon="113.95755750000001">
        <ele>350</ele>
        <extensions>
          <distance>58575</distance>
        </extensions>
      </trkpt>
      <trkpt lat="22.24861" lon="113.95779">
        <ele>349</ele>
        <extensions>
          <distance>58600</distance>
        </extensions>
      </trkpt>
      <trkpt lat="22.24865625" lon="113.9579425">
        <ele>347</ele>
        <extensions>
          <distance>58617</distance>
        </extensions>
      </trkpt>
      <trkpt lat="22.2487025" lon="113.95809500000001">
        <ele>347</ele>
        <extensions>
          <distance>58634</distance>
        </extensions>
      </trkpt>
      <trkpt lat="22.24874875" lon="113.95824750000001">
        <ele>346</ele>
        <extensions>
          <distance>58650</distance>
        </extensions>
      </trkpt>
      <trkpt lat="22.248795" lon="113.95840000000001">
        <ele>346</ele>
        <extensions>
          <distance>58667</distance>
        </extensions>
      </trkpt>
      <trkpt lat="22.24884125" lon="113.95855250000001">
        <ele>344</ele>
        <extensions>
          <distance>58683</distance>
        </extensions>
      </trkpt>
      <trkpt lat="22.248887500000002" lon="113.95870500000001">
        <ele>343</ele>
        <extensions>
          <distance>58700</distance>
        </extensions>
      </trkpt>
      <trkpt lat="22.24893375" lon="113.95885750000001">
        <ele>343</ele>
        <extensions>
          <distance>58716</distance>
        </extensions>
      </trkpt>
      <trkpt lat="22.24898" lon="113.95901">
        <ele>343</ele>
        <extensions>
          <distance>58733</distance>
        </extensions>
      </trkpt>
      <trkpt lat="22.249135000000003" lon="113.9589875">
        <ele>343</ele>
        <extensions>
          <distance>58750</distance>
        </extensions>
      </trkpt>
      <trkpt lat="22.249290000000002" lon="113.958965">
        <ele>345</ele>
        <extensions>
          <distance>58768</distance>
        </extensions>
      </trkpt>
      <trkpt lat="22.249445" lon="113.9589425">
        <ele>348</ele>
        <extensions>
          <distance>58785</distance>
        </extensions>
      </trkpt>
      <trkpt lat="22.2496" lon="113.95892">
        <ele>350</ele>
        <extensions>
          <distance>58803</distance>
        </extensions>
      </trkpt>
      <trkpt lat="22.249769999999998" lon="113.959035">
        <ele>350</ele>
        <extensions>
          <distance>58825</distance>
        </extensions>
      </trkpt>
      <trkpt lat="22.24994" lon="113.95915">
        <ele>350</ele>
        <extensions>
          <distance>58847</distance>
        </extensions>
      </trkpt>
      <trkpt lat="22.2499575" lon="113.9593125">
        <ele>350</ele>
        <extensions>
          <distance>58864</distance>
        </extensions>
      </trkpt>
      <trkpt lat="22.249975" lon="113.959475">
        <ele>348</ele>
        <extensions>
          <distance>58881</distance>
        </extensions>
      </trkpt>
      <trkpt lat="22.249992499999998" lon="113.9596375">
        <ele>348</ele>
        <extensions>
          <distance>58898</distance>
        </extensions>
      </trkpt>
      <trkpt lat="22.25001" lon="113.9598">
        <ele>348</ele>
        <extensions>
          <distance>58915</distance>
        </extensions>
      </trkpt>
      <trkpt lat="22.250175" lon="113.95993">
        <ele>348</ele>
        <extensions>
          <distance>58937</distance>
        </extensions>
      </trkpt>
      <trkpt lat="22.25034" lon="113.96006">
        <ele>354</ele>
        <extensions>
          <distance>58960</distance>
        </extensions>
      </trkpt>
      <trkpt lat="22.250505" lon="113.96019">
        <ele>356</ele>
        <extensions>
          <distance>58983</distance>
        </extensions>
      </trkpt>
      <trkpt lat="22.25067" lon="113.96032">
        <ele>359</ele>
        <extensions>
          <distance>59006</distance>
        </extensions>
      </trkpt>
      <trkpt lat="22.25059" lon="113.960565">
        <ele>359</ele>
        <extensions>
          <distance>59032</distance>
        </extensions>
      </trkpt>
      <trkpt lat="22.25051" lon="113.96081">
        <ele>363</ele>
        <extensions>
          <distance>59059</distance>
        </extensions>
      </trkpt>
      <trkpt lat="22.250625" lon="113.960915">
        <ele>365</ele>
        <extensions>
          <distance>59076</distance>
        </extensions>
      </trkpt>
      <trkpt lat="22.25074" lon="113.96102">
        <ele>365</ele>
        <extensions>
          <distance>59093</distance>
        </extensions>
      </trkpt>
      <trkpt lat="22.250745000000002" lon="113.96125">
        <ele>365</ele>
        <extensions>
          <distance>59117</distance>
        </extensions>
      </trkpt>
      <trkpt lat="22.25075" lon="113.96148">
        <ele>369</ele>
        <extensions>
          <distance>59140</distance>
        </extensions>
      </trkpt>
      <trkpt lat="22.2509675" lon="113.96159">
        <ele>369</ele>
        <extensions>
          <distance>59167</distance>
        </extensions>
      </trkpt>
      <trkpt lat="22.251185" lon="113.96170000000001">
        <ele>369</ele>
        <extensions>
          <distance>59194</distance>
        </extensions>
      </trkpt>
      <trkpt lat="22.251402499999998" lon="113.96181000000001">
        <ele>369</ele>
        <extensions>
          <distance>59220</distance>
        </extensions>
      </trkpt>
      <trkpt lat="22.25162" lon="113.96192">
        <ele>369</ele>
        <extensions>
          <distance>59247</distance>
        </extensions>
      </trkpt>
      <trkpt lat="22.251545" lon="113.962175">
        <ele>369</ele>
        <extensions>
          <distance>59274</distance>
        </extensions>
      </trkpt>
      <trkpt lat="22.25147" lon="113.96243">
        <ele>369</ele>
        <extensions>
          <distance>59302</distance>
        </extensions>
      </trkpt>
      <trkpt lat="22.251565" lon="113.96256249999999">
        <ele>369</ele>
        <extensions>
          <distance>59319</distance>
        </extensions>
      </trkpt>
      <trkpt lat="22.25166" lon="113.962695">
        <ele>369</ele>
        <extensions>
          <distance>59337</distance>
        </extensions>
      </trkpt>
      <trkpt lat="22.251755000000003" lon="113.9628275">
        <ele>369</ele>
        <extensions>
          <distance>59354</distance>
        </extensions>
      </trkpt>
      <trkpt lat="22.25185" lon="113.96296">
        <ele>373</ele>
        <extensions>
          <distance>59371</distance>
        </extensions>
      </trkpt>
      <trkpt lat="22.2518575" lon="113.9631525">
        <ele>374</ele>
        <extensions>
          <distance>59391</distance>
        </extensions>
      </trkpt>
      <trkpt lat="22.251865000000002" lon="113.963345">
        <ele>374</ele>
        <extensions>
          <distance>59411</distance>
        </extensions>
      </trkpt>
      <trkpt lat="22.2518725" lon="113.9635375">
        <ele>374</ele>
        <extensions>
          <distance>59431</distance>
        </extensions>
      </trkpt>
      <trkpt lat="22.25188" lon="113.96373">
        <ele>376</ele>
        <extensions>
          <distance>59451</distance>
        </extensions>
      </trkpt>
      <trkpt lat="22.25163" lon="113.9638275">
        <ele>376</ele>
        <extensions>
          <distance>59480</distance>
        </extensions>
      </trkpt>
      <trkpt lat="22.251379999999997" lon="113.96392499999999">
        <ele>376</ele>
        <extensions>
          <distance>59509</distance>
        </extensions>
      </trkpt>
      <trkpt lat="22.251129999999996" lon="113.9640225">
        <ele>376</ele>
        <extensions>
          <distance>59539</distance>
        </extensions>
      </trkpt>
      <trkpt lat="22.25088" lon="113.96412">
        <ele>374</ele>
        <extensions>
          <distance>59568</distance>
        </extensions>
      </trkpt>
      <trkpt lat="22.250709999999998" lon="113.96408249999999">
        <ele>374</ele>
        <extensions>
          <distance>59588</distance>
        </extensions>
      </trkpt>
      <trkpt lat="22.25054" lon="113.964045">
        <ele>374</ele>
        <extensions>
          <distance>59607</distance>
        </extensions>
      </trkpt>
      <trkpt lat="22.25037" lon="113.96400750000001">
        <ele>368</ele>
        <extensions>
          <distance>59626</distance>
        </extensions>
      </trkpt>
      <trkpt lat="22.2502" lon="113.96397">
        <ele>361</ele>
        <extensions>
          <distance>59647</distance>
        </extensions>
      </trkpt>
      <trkpt lat="22.250059999999998" lon="113.96406">
        <ele>361</ele>
        <extensions>
          <distance>59665</distance>
        </extensions>
      </trkpt>
      <trkpt lat="22.24992" lon="113.96415">
        <ele>360</ele>
        <extensions>
          <distance>59683</distance>
        </extensions>
      </trkpt>
      <trkpt lat="22.24978" lon="113.96424">
        <ele>360</ele>
        <extensions>
          <distance>59701</distance>
        </extensions>
      </trkpt>
      <trkpt lat="22.24964" lon="113.96433">
        <ele>358</ele>
        <extensions>
          <distance>59719</distance>
        </extensions>
      </trkpt>
      <trkpt lat="22.2496175" lon="113.96459250000001">
        <ele>357</ele>
        <extensions>
          <distance>59746</distance>
        </extensions>
      </trkpt>
      <trkpt lat="22.249595" lon="113.964855">
        <ele>354</ele>
        <extensions>
          <distance>59774</distance>
        </extensions>
      </trkpt>
      <trkpt lat="22.2495725" lon="113.96511749999999">
        <ele>354</ele>
        <extensions>
          <distance>59801</distance>
        </extensions>
      </trkpt>
      <trkpt lat="22.24955" lon="113.96538">
        <ele>351</ele>
        <extensions>
          <distance>59828</distance>
        </extensions>
      </trkpt>
      <trkpt lat="22.249699999999997" lon="113.965565">
        <ele>350</ele>
        <extensions>
          <distance>59853</distance>
        </extensions>
      </trkpt>
      <trkpt lat="22.24985" lon="113.96575">
        <ele>347</ele>
        <extensions>
          <distance>59879</distance>
        </extensions>
      </trkpt>
      <trkpt lat="22.249755" lon="113.965985">
        <ele>345</ele>
        <extensions>
          <distance>59905</distance>
        </extensions>
      </trkpt>
      <trkpt lat="22.24966" lon="113.96622">
        <ele>344</ele>
        <extensions>
          <distance>59932</distance>
        </extensions>
      </trkpt>
      <trkpt lat="22.249765" lon="113.96635">
        <ele>341</ele>
        <extensions>
          <distance>59950</distance>
        </extensions>
      </trkpt>
      <trkpt lat="22.24987" lon="113.96648">
        <ele>341</ele>
        <extensions>
          <distance>59968</distance>
        </extensions>
      </trkpt>
      <trkpt lat="22.249782500000002" lon="113.96669">
        <ele>341</ele>
        <extensions>
          <distance>59991</distance>
        </extensions>
      </trkpt>
      <trkpt lat="22.249695000000003" lon="113.96690000000001">
        <ele>341</ele>
        <extensions>
          <distance>60015</distance>
        </extensions>
      </trkpt>
      <trkpt lat="22.249607500000003" lon="113.96711">
        <ele>340</ele>
        <extensions>
          <distance>60039</distance>
        </extensions>
      </trkpt>
      <trkpt lat="22.24952" lon="113.96732">
        <ele>340</ele>
        <extensions>
          <distance>60062</distance>
        </extensions>
      </trkpt>
      <trkpt lat="22.249607500000003" lon="113.967505">
        <ele>340</ele>
        <extensions>
          <distance>60084</distance>
        </extensions>
      </trkpt>
      <trkpt lat="22.249695000000003" lon="113.96769">
        <ele>337</ele>
        <extensions>
          <distance>60105</distance>
        </extensions>
      </trkpt>
      <trkpt lat="22.249782500000002" lon="113.96787499999999">
        <ele>329</ele>
        <extensions>
          <distance>60128</distance>
        </extensions>
      </trkpt>
      <trkpt lat="22.24987" lon="113.96806">
        <ele>320</ele>
        <extensions>
          <distance>60151</distance>
        </extensions>
      </trkpt>
      <trkpt lat="22.250005" lon="113.96820499999998">
        <ele>316</ele>
        <extensions>
          <distance>60173</distance>
        </extensions>
      </trkpt>
      <trkpt lat="22.250140000000002" lon="113.96834999999999">
        <ele>313</ele>
        <extensions>
          <distance>60194</distance>
        </extensions>
      </trkpt>
      <trkpt lat="22.250275000000002" lon="113.96849499999999">
        <ele>313</ele>
        <extensions>
          <distance>60215</distance>
        </extensions>
      </trkpt>
      <trkpt lat="22.25041" lon="113.96864">
        <ele>313</ele>
        <extensions>
          <distance>60236</distance>
        </extensions>
      </trkpt>
      <trkpt lat="22.250547499999996" lon="113.968555">
        <ele>313</ele>
        <extensions>
          <distance>60254</distance>
        </extensions>
      </trkpt>
      <trkpt lat="22.250684999999997" lon="113.96847">
        <ele>314</ele>
        <extensions>
          <distance>60272</distance>
        </extensions>
      </trkpt>
      <trkpt lat="22.250822499999998" lon="113.968385">
        <ele>316</ele>
        <extensions>
          <distance>60289</distance>
        </extensions>
      </trkpt>
      <trkpt lat="22.25096" lon="113.9683">
        <ele>316</ele>
        <extensions>
          <distance>60307</distance>
        </extensions>
      </trkpt>
      <trkpt lat="22.25106" lon="113.96853">
        <ele>316</ele>
        <extensions>
          <distance>60333</distance>
        </extensions>
      </trkpt>
      <trkpt lat="22.25116" lon="113.96876">
        <ele>316</ele>
        <extensions>
          <distance>60359</distance>
        </extensions>
      </trkpt>
      <trkpt lat="22.25126" lon="113.96899">
        <ele>313</ele>
        <extensions>
          <distance>60385</distance>
        </extensions>
      </trkpt>
      <trkpt lat="22.25136" lon="113.96922">
        <ele>312</ele>
        <extensions>
          <distance>60412</distance>
        </extensions>
      </trkpt>
      <trkpt lat="22.251459999999998" lon="113.96945000000001">
        <ele>309</ele>
        <extensions>
          <distance>60438</distance>
        </extensions>
      </trkpt>
      <trkpt lat="22.251559999999998" lon="113.96968000000001">
        <ele>308</ele>
        <extensions>
          <distance>60464</distance>
        </extensions>
      </trkpt>
      <trkpt lat="22.25166" lon="113.96991">
        <ele>305</ele>
        <extensions>
          <distance>60490</distance>
        </extensions>
      </trkpt>
      <trkpt lat="22.25176" lon="113.97014">
        <ele>302</ele>
        <extensions>
          <distance>60517</distance>
        </extensions>
      </trkpt>
      <trkpt lat="22.25175" lon="113.970315">
        <ele>296</ele>
        <extensions>
          <distance>60536</distance>
        </extensions>
      </trkpt>
      <trkpt lat="22.25174" lon="113.97049">
        <ele>294</ele>
        <extensions>
          <distance>60554</distance>
        </extensions>
      </trkpt>
      <trkpt lat="22.25195" lon="113.9706425">
        <ele>290</ele>
        <extensions>
          <distance>60582</distance>
        </extensions>
      </trkpt>
      <trkpt lat="22.25216" lon="113.97079500000001">
        <ele>289</ele>
        <extensions>
          <distance>60610</distance>
        </extensions>
      </trkpt>
      <trkpt lat="22.25237" lon="113.97094750000001">
        <ele>287</ele>
        <extensions>
          <distance>60639</distance>
        </extensions>
      </trkpt>
      <trkpt lat="22.25258" lon="113.9711">
        <ele>287</ele>
        <extensions>
          <distance>60667</distance>
        </extensions>
      </trkpt>
      <trkpt lat="22.252522499999998" lon="113.97125500000001">
        <ele>283</ele>
        <extensions>
          <distance>60684</distance>
        </extensions>
      </trkpt>
      <trkpt lat="22.252465" lon="113.97141">
        <ele>279</ele>
        <extensions>
          <distance>60702</distance>
        </extensions>
      </trkpt>
      <trkpt lat="22.2524075" lon="113.971565">
        <ele>278</ele>
        <extensions>
          <distance>60719</distance>
        </extensions>
      </trkpt>
      <trkpt lat="22.25235" lon="113.97172">
        <ele>278</ele>
        <extensions>
          <distance>60736</distance>
        </extensions>
      </trkpt>
      <trkpt lat="22.25254" lon="113.971925">
        <ele>278</ele>
        <extensions>
          <distance>60766</distance>
        </extensions>
      </trkpt>
      <trkpt lat="22.25273" lon="113.97213">
        <ele>278</ele>
        <extensions>
          <distance>60796</distance>
        </extensions>
      </trkpt>
      <trkpt lat="22.2528725" lon="113.9721725">
        <ele>282</ele>
        <extensions>
          <distance>60812</distance>
        </extensions>
      </trkpt>
      <trkpt lat="22.253014999999998" lon="113.972215">
        <ele>282</ele>
        <extensions>
          <distance>60829</distance>
        </extensions>
      </trkpt>
      <trkpt lat="22.2531575" lon="113.97225750000001">
        <ele>282</ele>
        <extensions>
          <distance>60845</distance>
        </extensions>
      </trkpt>
      <trkpt lat="22.2533" lon="113.9723">
        <ele>282</ele>
        <extensions>
          <distance>60861</distance>
        </extensions>
      </trkpt>
      <trkpt lat="22.253255" lon="113.97258500000001">
        <ele>279</ele>
        <extensions>
          <distance>60891</distance>
        </extensions>
      </trkpt>
      <trkpt lat="22.25321" lon="113.97287">
        <ele>278</ele>
        <extensions>
          <distance>60921</distance>
        </extensions>
      </trkpt>
      <trkpt lat="22.2533625" lon="113.9730825">
        <ele>278</ele>
        <extensions>
          <distance>60949</distance>
        </extensions>
      </trkpt>
      <trkpt lat="22.253515" lon="113.97329500000001">
        <ele>274</ele>
        <extensions>
          <distance>60976</distance>
        </extensions>
      </trkpt>
      <trkpt lat="22.2536675" lon="113.97350750000001">
        <ele>274</ele>
        <extensions>
          <distance>61004</distance>
        </extensions>
      </trkpt>
      <trkpt lat="22.25382" lon="113.97372">
        <ele>272</ele>
        <extensions>
          <distance>61032</distance>
        </extensions>
      </trkpt>
      <trkpt lat="22.254055" lon="113.97378499999999">
        <ele>272</ele>
        <extensions>
          <distance>61059</distance>
        </extensions>
      </trkpt>
      <trkpt lat="22.25429" lon="113.97385">
        <ele>272</ele>
        <extensions>
          <distance>61086</distance>
        </extensions>
      </trkpt>
      <trkpt lat="22.2544975" lon="113.974035">
        <ele>272</ele>
        <extensions>
          <distance>61115</distance>
        </extensions>
      </trkpt>
      <trkpt lat="22.254705" lon="113.97422">
        <ele>272</ele>
        <extensions>
          <distance>61145</distance>
        </extensions>
      </trkpt>
      <trkpt lat="22.254912500000003" lon="113.974405">
        <ele>272</ele>
        <extensions>
          <distance>61175</distance>
        </extensions>
      </trkpt>
      <trkpt lat="22.25512" lon="113.97459">
        <ele>260</ele>
        <extensions>
          <distance>61205</distance>
        </extensions>
      </trkpt>
      <trkpt lat="22.255295000000004" lon="113.97454375000001">
        <ele>260</ele>
        <extensions>
          <distance>61225</distance>
        </extensions>
      </trkpt>
      <trkpt lat="22.255470000000003" lon="113.97449750000001">
        <ele>260</ele>
        <extensions>
          <distance>61245</distance>
        </extensions>
      </trkpt>
      <trkpt lat="22.255645" lon="113.97445125000002">
        <ele>260</ele>
        <extensions>
          <distance>61265</distance>
        </extensions>
      </trkpt>
      <trkpt lat="22.25582" lon="113.974405">
        <ele>260</ele>
        <extensions>
          <distance>61285</distance>
        </extensions>
      </trkpt>
      <trkpt lat="22.255995" lon="113.97435875">
        <ele>261</ele>
        <extensions>
          <distance>61305</distance>
        </extensions>
      </trkpt>
      <trkpt lat="22.256169999999997" lon="113.9743125">
        <ele>264</ele>
        <extensions>
          <distance>61325</distance>
        </extensions>
      </trkpt>
      <trkpt lat="22.256344999999996" lon="113.97426625">
        <ele>264</ele>
        <extensions>
          <distance>61345</distance>
        </extensions>
      </trkpt>
      <trkpt lat="22.25652" lon="113.97422">
        <ele>264</ele>
        <extensions>
          <distance>61365</distance>
        </extensions>
      </trkpt>
      <trkpt lat="22.256545" lon="113.974455">
        <ele>264</ele>
        <extensions>
          <distance>61390</distance>
        </extensions>
      </trkpt>
      <trkpt lat="22.25657" lon="113.97469000000001">
        <ele>262</ele>
        <extensions>
          <distance>61414</distance>
        </extensions>
      </trkpt>
      <trkpt lat="22.256595" lon="113.97492500000001">
        <ele>259</ele>
        <extensions>
          <distance>61439</distance>
        </extensions>
      </trkpt>
      <trkpt lat="22.25662" lon="113.97516">
        <ele>259</ele>
        <extensions>
          <distance>61463</distance>
        </extensions>
      </trkpt>
      <trkpt lat="22.25683" lon="113.9752575">
        <ele>259</ele>
        <extensions>
          <distance>61488</distance>
        </extensions>
      </trkpt>
      <trkpt lat="22.25704" lon="113.97535500000001">
        <ele>258</ele>
        <extensions>
          <distance>61514</distance>
        </extensions>
      </trkpt>
      <trkpt lat="22.25725" lon="113.9754525">
        <ele>258</ele>
        <extensions>
          <distance>61539</distance>
        </extensions>
      </trkpt>
      <trkpt lat="22.25746" lon="113.97555">
        <ele>258</ele>
        <extensions>
          <distance>61564</distance>
        </extensions>
      </trkpt>
      <trkpt lat="22.25743" lon="113.97582">
        <ele>255</ele>
        <extensions>
          <distance>61592</distance>
        </extensions>
      </trkpt>
      <trkpt lat="22.257559999999998" lon="113.975955">
        <ele>255</ele>
        <extensions>
          <distance>61612</distance>
        </extensions>
      </trkpt>
      <trkpt lat="22.25769" lon="113.97609">
        <ele>252</ele>
        <extensions>
          <distance>61633</distance>
        </extensions>
      </trkpt>
      <trkpt lat="22.257855" lon="113.976095">
        <ele>252</ele>
        <extensions>
          <distance>61651</distance>
        </extensions>
      </trkpt>
      <trkpt lat="22.25802" lon="113.9761">
        <ele>252</ele>
        <extensions>
          <distance>61669</distance>
        </extensions>
      </trkpt>
      <trkpt lat="22.257955" lon="113.97634500000001">
        <ele>250</ele>
        <extensions>
          <distance>61695</distance>
        </extensions>
      </trkpt>
      <trkpt lat="22.25789" lon="113.97659">
        <ele>250</ele>
        <extensions>
          <distance>61722</distance>
        </extensions>
      </trkpt>
      <trkpt lat="22.257825" lon="113.976835">
        <ele>246</ele>
        <extensions>
          <distance>61748</distance>
        </extensions>
      </trkpt>
      <trkpt lat="22.25776" lon="113.97708">
        <ele>246</ele>
        <extensions>
          <distance>61774</distance>
        </extensions>
      </trkpt>
      <trkpt lat="22.2578975" lon="113.9771775">
        <ele>246</ele>
        <extensions>
          <distance>61793</distance>
        </extensions>
      </trkpt>
      <trkpt lat="22.258035" lon="113.97727499999999">
        <ele>246</ele>
        <extensions>
          <distance>61811</distance>
        </extensions>
      </trkpt>
      <trkpt lat="22.2581725" lon="113.9773725">
        <ele>248</ele>
        <extensions>
          <distance>61829</distance>
        </extensions>
      </trkpt>
      <trkpt lat="22.25831" lon="113.97747">
        <ele>249</ele>
        <extensions>
          <distance>61847</distance>
        </extensions>
      </trkpt>
      <trkpt lat="22.2583975" lon="113.97765">
        <ele>249</ele>
        <extensions>
          <distance>61868</distance>
        </extensions>
      </trkpt>
      <trkpt lat="22.258485" lon="113.97783">
        <ele>249</ele>
        <extensions>
          <distance>61889</distance>
        </extensions>
      </trkpt>
      <trkpt lat="22.2585725" lon="113.97801">
        <ele>249</ele>
        <extensions>
          <distance>61910</distance>
        </extensions>
      </trkpt>
      <trkpt lat="22.25866" lon="113.97819">
        <ele>249</ele>
        <extensions>
          <distance>61931</distance>
        </extensions>
      </trkpt>
      <trkpt lat="22.2586" lon="113.97835">
        <ele>247</ele>
        <extensions>
          <distance>61949</distance>
        </extensions>
      </trkpt>
      <trkpt lat="22.25854" lon="113.97851">
        <ele>243</ele>
        <extensions>
          <distance>61967</distance>
        </extensions>
      </trkpt>
      <trkpt lat="22.25848" lon="113.97867">
        <ele>243</ele>
        <extensions>
          <distance>61985</distance>
        </extensions>
      </trkpt>
      <trkpt lat="22.25842" lon="113.97883">
        <ele>240</ele>
        <extensions>
          <distance>62003</distance>
        </extensions>
      </trkpt>
      <trkpt lat="22.25848" lon="113.97903">
        <ele>240</ele>
        <extensions>
          <distance>62024</distance>
        </extensions>
      </trkpt>
      <trkpt lat="22.25854" lon="113.97923">
        <ele>237</ele>
        <extensions>
          <distance>62046</distance>
        </extensions>
      </trkpt>
      <trkpt lat="22.258395" lon="113.9794725">
        <ele>237</ele>
        <extensions>
          <distance>62076</distance>
        </extensions>
      </trkpt>
      <trkpt lat="22.25825" lon="113.979715">
        <ele>230</ele>
        <extensions>
          <distance>62106</distance>
        </extensions>
      </trkpt>
      <trkpt lat="22.258105" lon="113.9799575">
        <ele>228</ele>
        <extensions>
          <distance>62136</distance>
        </extensions>
      </trkpt>
      <trkpt lat="22.25796" lon="113.9802">
        <ele>226</ele>
        <extensions>
          <distance>62166</distance>
        </extensions>
      </trkpt>
      <trkpt lat="22.25784625" lon="113.98031624999999">
        <ele>225</ele>
        <extensions>
          <distance>62183</distance>
        </extensions>
      </trkpt>
      <trkpt lat="22.257732500000003" lon="113.98043249999999">
        <ele>223</ele>
        <extensions>
          <distance>62201</distance>
        </extensions>
      </trkpt>
      <trkpt lat="22.257618750000002" lon="113.98054875">
        <ele>220</ele>
        <extensions>
          <distance>62218</distance>
        </extensions>
      </trkpt>
      <trkpt lat="22.257505000000002" lon="113.98066499999999">
        <ele>219</ele>
        <extensions>
          <distance>62236</distance>
        </extensions>
      </trkpt>
      <trkpt lat="22.25739125" lon="113.98078124999999">
        <ele>217</ele>
        <extensions>
          <distance>62253</distance>
        </extensions>
      </trkpt>
      <trkpt lat="22.2572775" lon="113.9808975">
        <ele>213</ele>
        <extensions>
          <distance>62271</distance>
        </extensions>
      </trkpt>
      <trkpt lat="22.25716375" lon="113.98101374999999">
        <ele>208</ele>
        <extensions>
          <distance>62289</distance>
        </extensions>
      </trkpt>
      <trkpt lat="22.25705" lon="113.98113">
        <ele>206</ele>
        <extensions>
          <distance>62306</distance>
        </extensions>
      </trkpt>
      <trkpt lat="22.25728" lon="113.98126">
        <ele>204</ele>
        <extensions>
          <distance>62335</distance>
        </extensions>
      </trkpt>
      <trkpt lat="22.25727625" lon="113.98142375">
        <ele>202</ele>
        <extensions>
          <distance>62352</distance>
        </extensions>
      </trkpt>
      <trkpt lat="22.2572725" lon="113.9815875">
        <ele>197</ele>
        <extensions>
          <distance>62370</distance>
        </extensions>
      </trkpt>
      <trkpt lat="22.25726875" lon="113.98175125">
        <ele>192</ele>
        <extensions>
          <distance>62388</distance>
        </extensions>
      </trkpt>
      <trkpt lat="22.257265" lon="113.981915">
        <ele>188</ele>
        <extensions>
          <distance>62405</distance>
        </extensions>
      </trkpt>
      <trkpt lat="22.25726125" lon="113.98207875">
        <ele>183</ele>
        <extensions>
          <distance>62423</distance>
        </extensions>
      </trkpt>
      <trkpt lat="22.2572575" lon="113.9822425">
        <ele>178</ele>
        <extensions>
          <distance>62440</distance>
        </extensions>
      </trkpt>
      <trkpt lat="22.25725375" lon="113.98240625">
        <ele>171</ele>
        <extensions>
          <distance>62458</distance>
        </extensions>
      </trkpt>
      <trkpt lat="22.25725" lon="113.98257">
        <ele>169</ele>
        <extensions>
          <distance>62475</distance>
        </extensions>
      </trkpt>
      <trkpt lat="22.25736" lon="113.98272">
        <ele>169</ele>
        <extensions>
          <distance>62495</distance>
        </extensions>
      </trkpt>
      <trkpt lat="22.2575275" lon="113.982705">
        <ele>169</ele>
        <extensions>
          <distance>62514</distance>
        </extensions>
      </trkpt>
      <trkpt lat="22.257695" lon="113.98268999999999">
        <ele>168</ele>
        <extensions>
          <distance>62532</distance>
        </extensions>
      </trkpt>
      <trkpt lat="22.2578625" lon="113.982675">
        <ele>168</ele>
        <extensions>
          <distance>62551</distance>
        </extensions>
      </trkpt>
      <trkpt lat="22.25803" lon="113.98266">
        <ele>168</ele>
        <extensions>
          <distance>62570</distance>
        </extensions>
      </trkpt>
      <trkpt lat="22.258035" lon="113.98293">
        <ele>162</ele>
        <extensions>
          <distance>62598</distance>
        </extensions>
      </trkpt>
      <trkpt lat="22.25804" lon="113.9832">
        <ele>155</ele>
        <extensions>
          <distance>62626</distance>
        </extensions>
      </trkpt>
      <trkpt lat="22.257895" lon="113.98337000000001">
        <ele>151</ele>
        <extensions>
          <distance>62650</distance>
        </extensions>
      </trkpt>
      <trkpt lat="22.25775" lon="113.98354">
        <ele>151</ele>
        <extensions>
          <distance>62674</distance>
        </extensions>
      </trkpt>
      <trkpt lat="22.257605" lon="113.98371">
        <ele>151</ele>
        <extensions>
          <distance>62698</distance>
        </extensions>
      </trkpt>
      <trkpt lat="22.257460000000002" lon="113.98388">
        <ele>151</ele>
        <extensions>
          <distance>62722</distance>
        </extensions>
      </trkpt>
      <trkpt lat="22.257315000000002" lon="113.98405">
        <ele>152</ele>
        <extensions>
          <distance>62746</distance>
        </extensions>
      </trkpt>
      <trkpt lat="22.257170000000002" lon="113.98422">
        <ele>152</ele>
        <extensions>
          <distance>62769</distance>
        </extensions>
      </trkpt>
      <trkpt lat="22.257025" lon="113.98438999999999">
        <ele>152</ele>
        <extensions>
          <distance>62793</distance>
        </extensions>
      </trkpt>
      <trkpt lat="22.25688" lon="113.98456">
        <ele>152</ele>
        <extensions>
          <distance>62817</distance>
        </extensions>
      </trkpt>
      <trkpt lat="22.256909999999998" lon="113.98470499999999">
        <ele>152</ele>
        <extensions>
          <distance>62832</distance>
        </extensions>
      </trkpt>
      <trkpt lat="22.25694" lon="113.98485">
        <ele>150</ele>
        <extensions>
          <distance>62847</distance>
        </extensions>
      </trkpt>
      <trkpt lat="22.2568775" lon="113.98498">
        <ele>146</ele>
        <extensions>
          <distance>62863</distance>
        </extensions>
      </trkpt>
      <trkpt lat="22.256815" lon="113.98510999999999">
        <ele>145</ele>
        <extensions>
          <distance>62878</distance>
        </extensions>
      </trkpt>
      <trkpt lat="22.256752499999997" lon="113.98524">
        <ele>143</ele>
        <extensions>
          <distance>62893</distance>
        </extensions>
      </trkpt>
      <trkpt lat="22.25669" lon="113.98537">
        <ele>141</ele>
        <extensions>
          <distance>62909</distance>
        </extensions>
      </trkpt>
      <trkpt lat="22.2567575" lon="113.98551">
        <ele>141</ele>
        <extensions>
          <distance>62925</distance>
        </extensions>
      </trkpt>
      <trkpt lat="22.256825" lon="113.98564999999999">
        <ele>139</ele>
        <extensions>
          <distance>62941</distance>
        </extensions>
      </trkpt>
      <trkpt lat="22.2568925" lon="113.98579">
        <ele>136</ele>
        <extensions>
          <distance>62958</distance>
        </extensions>
      </trkpt>
      <trkpt lat="22.25696" lon="113.98593">
        <ele>133</ele>
        <extensions>
          <distance>62974</distance>
        </extensions>
      </trkpt>
      <trkpt lat="22.25699" lon="113.9859">
        <ele>133</ele>
        <extensions>
          <distance>62979</distance>
        </extensions>
      </trkpt>
      <trkpt lat="22.256994999999996" lon="113.9860725">
        <ele>133</ele>
        <extensions>
          <distance>62997</distance>
        </extensions>
      </trkpt>
      <trkpt lat="22.256999999999998" lon="113.986245">
        <ele>133</ele>
        <extensions>
          <distance>63014</distance>
        </extensions>
      </trkpt>
      <trkpt lat="22.257005" lon="113.9864175">
        <ele>133</ele>
        <extensions>
          <distance>63032</distance>
        </extensions>
      </trkpt>
      <trkpt lat="22.25701" lon="113.98659">
        <ele>134</ele>
        <extensions>
          <distance>63050</distance>
        </extensions>
      </trkpt>
      <trkpt lat="22.25685" lon="113.98678000000001">
        <ele>136</ele>
        <extensions>
          <distance>63076</distance>
        </extensions>
      </trkpt>
      <trkpt lat="22.25669" lon="113.98697">
        <ele>136</ele>
        <extensions>
          <distance>63103</distance>
        </extensions>
      </trkpt>
      <trkpt lat="22.2566575" lon="113.98720750000001">
        <ele>136</ele>
        <extensions>
          <distance>63128</distance>
        </extensions>
      </trkpt>
      <trkpt lat="22.256625" lon="113.98744500000001">
        <ele>136</ele>
        <extensions>
          <distance>63152</distance>
        </extensions>
      </trkpt>
      <trkpt lat="22.2565925" lon="113.9876825">
        <ele>136</ele>
        <extensions>
          <distance>63177</distance>
        </extensions>
      </trkpt>
      <trkpt lat="22.25656" lon="113.98792">
        <ele>135</ele>
        <extensions>
          <distance>63202</distance>
        </extensions>
      </trkpt>
      <trkpt lat="22.256405" lon="113.98811">
        <ele>135</ele>
        <extensions>
          <distance>63228</distance>
        </extensions>
      </trkpt>
      <trkpt lat="22.25625" lon="113.9883">
        <ele>135</ele>
        <extensions>
          <distance>63254</distance>
        </extensions>
      </trkpt>
      <trkpt lat="22.25618" lon="113.98836">
        <ele>135</ele>
        <extensions>
          <distance>63264</distance>
        </extensions>
      </trkpt>
      <trkpt lat="22.256105" lon="113.988105">
        <ele>137</ele>
        <extensions>
          <distance>63291</distance>
        </extensions>
      </trkpt>
      <trkpt lat="22.256030000000003" lon="113.98785000000001">
        <ele>138</ele>
        <extensions>
          <distance>63319</distance>
        </extensions>
      </trkpt>
      <trkpt lat="22.255955" lon="113.987595">
        <ele>138</ele>
        <extensions>
          <distance>63347</distance>
        </extensions>
      </trkpt>
      <trkpt lat="22.25588" lon="113.98734">
        <ele>139</ele>
        <extensions>
          <distance>63374</distance>
        </extensions>
      </trkpt>
      <trkpt lat="22.255885" lon="113.98758000000001">
        <ele>140</ele>
        <extensions>
          <distance>63399</distance>
        </extensions>
      </trkpt>
      <trkpt lat="22.25589" lon="113.98782">
        <ele>140</ele>
        <extensions>
          <distance>63424</distance>
        </extensions>
      </trkpt>
      <trkpt lat="22.25571" lon="113.98786">
        <ele>143</ele>
        <extensions>
          <distance>63444</distance>
        </extensions>
      </trkpt>
      <trkpt lat="22.25553" lon="113.9879">
        <ele>147</ele>
        <extensions>
          <distance>63465</distance>
        </extensions>
      </trkpt>
      <trkpt lat="22.25549" lon="113.988045">
        <ele>149</ele>
        <extensions>
          <distance>63481</distance>
        </extensions>
      </trkpt>
      <trkpt lat="22.25545" lon="113.98819">
        <ele>149</ele>
        <extensions>
          <distance>63496</distance>
        </extensions>
      </trkpt>
      <trkpt lat="22.255209999999998" lon="113.9882075">
        <ele>156</ele>
        <extensions>
          <distance>63523</distance>
        </extensions>
      </trkpt>
      <trkpt lat="22.25497" lon="113.988225">
        <ele>165</ele>
        <extensions>
          <distance>63551</distance>
        </extensions>
      </trkpt>
      <trkpt lat="22.254730000000002" lon="113.9882425">
        <ele>172</ele>
        <extensions>
          <distance>63579</distance>
        </extensions>
      </trkpt>
      <trkpt lat="22.25449" lon="113.98826">
        <ele>172</ele>
        <extensions>
          <distance>63606</distance>
        </extensions>
      </trkpt>
      <trkpt lat="22.254325" lon="113.98843">
        <ele>178</ele>
        <extensions>
          <distance>63631</distance>
        </extensions>
      </trkpt>
      <trkpt lat="22.25416" lon="113.9886">
        <ele>181</ele>
        <extensions>
          <distance>63657</distance>
        </extensions>
      </trkpt>
      <trkpt lat="22.25392" lon="113.98856">
        <ele>184</ele>
        <extensions>
          <distance>63684</distance>
        </extensions>
      </trkpt>
      <trkpt lat="22.25368" lon="113.98852">
        <ele>184</ele>
        <extensions>
          <distance>63711</distance>
        </extensions>
      </trkpt>
      <trkpt lat="22.25354875" lon="113.988630625">
        <ele>184</ele>
        <extensions>
          <distance>63729</distance>
        </extensions>
      </trkpt>
      <trkpt lat="22.253417499999998" lon="113.98874125">
        <ele>186</ele>
        <extensions>
          <distance>63748</distance>
        </extensions>
      </trkpt>
      <trkpt lat="22.25328625" lon="113.988851875">
        <ele>190</ele>
        <extensions>
          <distance>63767</distance>
        </extensions>
      </trkpt>
      <trkpt lat="22.253155" lon="113.9889625">
        <ele>194</ele>
        <extensions>
          <distance>63786</distance>
        </extensions>
      </trkpt>
      <trkpt lat="22.25302375" lon="113.989073125">
        <ele>198</ele>
        <extensions>
          <distance>63804</distance>
        </extensions>
      </trkpt>
      <trkpt lat="22.2528925" lon="113.98918375">
        <ele>201</ele>
        <extensions>
          <distance>63823</distance>
        </extensions>
      </trkpt>
      <trkpt lat="22.25276125" lon="113.989294375">
        <ele>203</ele>
        <extensions>
          <distance>63842</distance>
        </extensions>
      </trkpt>
      <trkpt lat="22.25263" lon="113.989405">
        <ele>206</ele>
        <extensions>
          <distance>63860</distance>
        </extensions>
      </trkpt>
      <trkpt lat="22.25249875" lon="113.989515625">
        <ele>209</ele>
        <extensions>
          <distance>63879</distance>
        </extensions>
      </trkpt>
      <trkpt lat="22.2523675" lon="113.98962625">
        <ele>211</ele>
        <extensions>
          <distance>63898</distance>
        </extensions>
      </trkpt>
      <trkpt lat="22.25223625" lon="113.989736875">
        <ele>212</ele>
        <extensions>
          <distance>63916</distance>
        </extensions>
      </trkpt>
      <trkpt lat="22.252105" lon="113.9898475">
        <ele>212</ele>
        <extensions>
          <distance>63935</distance>
        </extensions>
      </trkpt>
      <trkpt lat="22.25197375" lon="113.989958125">
        <ele>214</ele>
        <extensions>
          <distance>63953</distance>
        </extensions>
      </trkpt>
      <trkpt lat="22.251842500000002" lon="113.99006875">
        <ele>215</ele>
        <extensions>
          <distance>63972</distance>
        </extensions>
      </trkpt>
      <trkpt lat="22.25171125" lon="113.990179375">
        <ele>217</ele>
        <extensions>
          <distance>63990</distance>
        </extensions>
      </trkpt>
      <trkpt lat="22.25158" lon="113.99029">
        <ele>218</ele>
        <extensions>
          <distance>64009</distance>
        </extensions>
      </trkpt>
      <trkpt lat="22.251408" lon="113.990262">
        <ele>220</ele>
        <extensions>
          <distance>64028</distance>
        </extensions>
      </trkpt>
      <trkpt lat="22.251135" lon="113.99015">
        <ele>223</ele>
        <extensions>
          <distance>64061</distance>
        </extensions>
      </trkpt>
      <trkpt lat="22.250781" lon="113.990119">
        <ele>228</ele>
        <extensions>
          <distance>64100</distance>
        </extensions>
      </trkpt>
      <trkpt lat="22.250505" lon="113.990063">
        <ele>244</ele>
        <extensions>
          <distance>64135</distance>
        </extensions>
      </trkpt>
      <trkpt lat="22.250331" lon="113.990043">
        <ele>259</ele>
        <extensions>
          <distance>64160</distance>
        </extensions>
      </trkpt>
      <trkpt lat="22.250301" lon="113.990105">
        <ele>260</ele>
        <extensions>
          <distance>64167</distance>
        </extensions>
      </trkpt>
      <trkpt lat="22.250198" lon="113.990076">
        <ele>262</ele>
        <extensions>
          <distance>64179</distance>
        </extensions>
      </trkpt>
      <trkpt lat="22.250085" lon="113.989978">
        <ele>262</ele>
        <extensions>
          <distance>64195</distance>
        </extensions>
      </trkpt>
      <trkpt lat="22.24958" lon="113.989714">
        <ele>262</ele>
        <extensions>
          <distance>64257</distance>
        </extensions>
      </trkpt>
      <trkpt lat="22.24939" lon="113.989719">
        <ele>262</ele>
        <extensions>
          <distance>64278</distance>
        </extensions>
      </trkpt>
      <trkpt lat="22.249167" lon="113.989793">
        <ele>257</ele>
        <extensions>
          <distance>64304</distance>
        </extensions>
      </trkpt>
      <trkpt lat="22.248953" lon="113.989776">
        <ele>254</ele>
        <extensions>
          <distance>64328</distance>
        </extensions>
      </trkpt>
      <trkpt lat="22.248708" lon="113.989694">
        <ele>250</ele>
        <extensions>
          <distance>64357</distance>
        </extensions>
      </trkpt>
      <trkpt lat="22.248591" lon="113.989624">
        <ele>247</ele>
        <extensions>
          <distance>64372</distance>
        </extensions>
      </trkpt>
      <trkpt lat="22.248409" lon="113.989579">
        <ele>245</ele>
        <extensions>
          <distance>64393</distance>
        </extensions>
      </trkpt>
      <trkpt lat="22.248273" lon="113.98939">
        <ele>241</ele>
        <extensions>
          <distance>64418</distance>
        </extensions>
      </trkpt>
      <trkpt lat="22.248036" lon="113.989303">
        <ele>228</ele>
        <extensions>
          <distance>64448</distance>
        </extensions>
      </trkpt>
      <trkpt lat="22.247887" lon="113.989337">
        <ele>219</ele>
        <extensions>
          <distance>64468</distance>
        </extensions>
      </trkpt>
      <trkpt lat="22.247769" lon="113.989659">
        <ele>214</ele>
        <extensions>
          <distance>64504</distance>
        </extensions>
      </trkpt>
      <trkpt lat="22.247677" lon="113.989731">
        <ele>212</ele>
        <extensions>
          <distance>64516</distance>
        </extensions>
      </trkpt>
      <trkpt lat="22.247566" lon="113.989682">
        <ele>208</ele>
        <extensions>
          <distance>64530</distance>
        </extensions>
      </trkpt>
      <trkpt lat="22.247211" lon="113.989468">
        <ele>201</ele>
        <extensions>
          <distance>64576</distance>
        </extensions>
      </trkpt>
      <trkpt lat="22.247123" lon="113.989355">
        <ele>201</ele>
        <extensions>
          <distance>64591</distance>
        </extensions>
      </trkpt>
      <trkpt lat="22.246925" lon="113.989245">
        <ele>199</ele>
        <extensions>
          <distance>64616</distance>
        </extensions>
      </trkpt>
      <trkpt lat="22.246815" lon="113.989052">
        <ele>198</ele>
        <extensions>
          <distance>64639</distance>
        </extensions>
      </trkpt>
      <trkpt lat="22.24672" lon="113.988917">
        <ele>197</ele>
        <extensions>
          <distance>64657</distance>
        </extensions>
      </trkpt>
      <trkpt lat="22.246573" lon="113.988839">
        <ele>195</ele>
        <extensions>
          <distance>64675</distance>
        </extensions>
      </trkpt>
      <trkpt lat="22.246448" lon="113.988719">
        <ele>194</ele>
        <extensions>
          <distance>64693</distance>
        </extensions>
      </trkpt>
      <trkpt lat="22.246374" lon="113.988584">
        <ele>194</ele>
        <extensions>
          <distance>64710</distance>
        </extensions>
      </trkpt>
      <trkpt lat="22.246246" lon="113.988321">
        <ele>194</ele>
        <extensions>
          <distance>64740</distance>
        </extensions>
      </trkpt>
      <trkpt lat="22.245769" lon="113.987846">
        <ele>193</ele>
        <extensions>
          <distance>64812</distance>
        </extensions>
      </trkpt>
      <trkpt lat="22.245525" lon="113.987513">
        <ele>193</ele>
        <extensions>
          <distance>64856</distance>
        </extensions>
      </trkpt>
      <trkpt lat="22.245423" lon="113.987318">
        <ele>192</ele>
        <extensions>
          <distance>64879</distance>
        </extensions>
      </trkpt>
      <trkpt lat="22.245377" lon="113.98723">
        <ele>192</ele>
        <extensions>
          <distance>64889</distance>
        </extensions>
      </trkpt>
      <trkpt lat="22.245371" lon="113.987134">
        <ele>190</ele>
        <extensions>
          <distance>64899</distance>
        </extensions>
      </trkpt>
      <trkpt lat="22.245403" lon="113.987039">
        <ele>189</ele>
        <extensions>
          <distance>64910</distance>
        </extensions>
      </trkpt>
      <trkpt lat="22.245369" lon="113.986891">
        <ele>186</ele>
        <extensions>
          <distance>64926</distance>
        </extensions>
      </trkpt>
      <trkpt lat="22.245406" lon="113.98674">
        <ele>183</ele>
        <extensions>
          <distance>64942</distance>
        </extensions>
      </trkpt>
      <trkpt lat="22.245374" lon="113.986664">
        <ele>182</ele>
        <extensions>
          <distance>64951</distance>
        </extensions>
      </trkpt>
      <trkpt lat="22.245326" lon="113.986602">
        <ele>181</ele>
        <extensions>
          <distance>64959</distance>
        </extensions>
      </trkpt>
      <trkpt lat="22.2451" lon="113.986431">
        <ele>177</ele>
        <extensions>
          <distance>64990</distance>
        </extensions>
      </trkpt>
      <trkpt lat="22.24498" lon="113.986396">
        <ele>176</ele>
        <extensions>
          <distance>65004</distance>
        </extensions>
      </trkpt>
      <trkpt lat="22.244857" lon="113.986321">
        <ele>175</ele>
        <extensions>
          <distance>65020</distance>
        </extensions>
      </trkpt>
      <trkpt lat="22.244813" lon="113.98629">
        <ele>175</ele>
        <extensions>
          <distance>65025</distance>
        </extensions>
      </trkpt>
      <trkpt lat="22.244707" lon="113.986168">
        <ele>173</ele>
        <extensions>
          <distance>65043</distance>
        </extensions>
      </trkpt>
      <trkpt lat="22.244573" lon="113.98609">
        <ele>172</ele>
        <extensions>
          <distance>65060</distance>
        </extensions>
      </trkpt>
      <trkpt lat="22.244529" lon="113.986086">
        <ele>172</ele>
        <extensions>
          <distance>65065</distance>
        </extensions>
      </trkpt>
      <trkpt lat="22.244443" lon="113.986016">
        <ele>172</ele>
        <extensions>
          <distance>65076</distance>
        </extensions>
      </trkpt>
      <trkpt lat="22.244259" lon="113.985897">
        <ele>170</ele>
        <extensions>
          <distance>65100</distance>
        </extensions>
      </trkpt>
      <trkpt lat="22.24405" lon="113.985724">
        <ele>166</ele>
        <extensions>
          <distance>65130</distance>
        </extensions>
      </trkpt>
      <trkpt lat="22.243815" lon="113.985592">
        <ele>164</ele>
        <extensions>
          <distance>65159</distance>
        </extensions>
      </trkpt>
      <trkpt lat="22.24374" lon="113.98552">
        <ele>163</ele>
        <extensions>
          <distance>65170</distance>
        </extensions>
      </trkpt>
      <trkpt lat="22.243663" lon="113.985515">
        <ele>163</ele>
        <extensions>
          <distance>65179</distance>
        </extensions>
      </trkpt>
      <trkpt lat="22.243431" lon="113.985371">
        <ele>163</ele>
        <extensions>
          <distance>65209</distance>
        </extensions>
      </trkpt>
      <trkpt lat="22.243475" lon="113.985241">
        <ele>163</ele>
        <extensions>
          <distance>65223</distance>
        </extensions>
      </trkpt>
      <trkpt lat="22.243338" lon="113.985107">
        <ele>164</ele>
        <extensions>
          <distance>65243</distance>
        </extensions>
      </trkpt>
      <trkpt lat="22.242931" lon="113.985512">
        <ele>165</ele>
        <extensions>
          <distance>65305</distance>
        </extensions>
      </trkpt>
      <trkpt lat="22.242845" lon="113.985614">
        <ele>165</ele>
        <extensions>
          <distance>65319</distance>
        </extensions>
      </trkpt>
      <trkpt lat="22.242782" lon="113.985676">
        <ele>165</ele>
        <extensions>
          <distance>65328</distance>
        </extensions>
      </trkpt>
      <trkpt lat="22.242695" lon="113.985688">
        <ele>165</ele>
        <extensions>
          <distance>65338</distance>
        </extensions>
      </trkpt>
      <trkpt lat="22.242592" lon="113.985658">
        <ele>164</ele>
        <extensions>
          <distance>65350</distance>
        </extensions>
      </trkpt>
      <trkpt lat="22.24253" lon="113.98563">
        <ele>164</ele>
        <extensions>
          <distance>65357</distance>
        </extensions>
      </trkpt>
      <trkpt lat="22.242348" lon="113.985676">
        <ele>163</ele>
        <extensions>
          <distance>65378</distance>
        </extensions>
      </trkpt>
      <trkpt lat="22.242245" lon="113.985731">
        <ele>163</ele>
        <extensions>
          <distance>65391</distance>
        </extensions>
      </trkpt>
      <trkpt lat="22.242191" lon="113.985732">
        <ele>162</ele>
        <extensions>
          <distance>65397</distance>
        </extensions>
      </trkpt>
      <trkpt lat="22.242155" lon="113.985697">
        <ele>162</ele>
        <extensions>
          <distance>65402</distance>
        </extensions>
      </trkpt>
      <trkpt lat="22.242107" lon="113.985677">
        <ele>162</ele>
        <extensions>
          <distance>65408</distance>
        </extensions>
      </trkpt>
      <trkpt lat="22.241832" lon="113.985848">
        <ele>156</ele>
        <extensions>
          <distance>65444</distance>
        </extensions>
      </trkpt>
      <trkpt lat="22.241593" lon="113.985814">
        <ele>152</ele>
        <extensions>
          <distance>65471</distance>
        </extensions>
      </trkpt>
      <trkpt lat="22.241479" lon="113.985877">
        <ele>148</ele>
        <extensions>
          <distance>65485</distance>
        </extensions>
      </trkpt>
      <trkpt lat="22.241471" lon="113.985926">
        <ele>147</ele>
        <extensions>
          <distance>65491</distance>
        </extensions>
      </trkpt>
      <trkpt lat="22.241442" lon="113.985938">
        <ele>146</ele>
        <extensions>
          <distance>65494</distance>
        </extensions>
      </trkpt>
      <trkpt lat="22.241367" lon="113.986004">
        <ele>144</ele>
        <extensions>
          <distance>65505</distance>
        </extensions>
      </trkpt>
      <trkpt lat="22.241307" lon="113.986074">
        <ele>143</ele>
        <extensions>
          <distance>65515</distance>
        </extensions>
      </trkpt>
      <trkpt lat="22.241244" lon="113.986269">
        <ele>141</ele>
        <extensions>
          <distance>65536</distance>
        </extensions>
      </trkpt>
      <trkpt lat="22.241276" lon="113.986394">
        <ele>141</ele>
        <extensions>
          <distance>65550</distance>
        </extensions>
      </trkpt>
      <trkpt lat="22.241281" lon="113.986518">
        <ele>138</ele>
        <extensions>
          <distance>65563</distance>
        </extensions>
      </trkpt>
      <trkpt lat="22.241322" lon="113.986708">
        <ele>134</ele>
        <extensions>
          <distance>65583</distance>
        </extensions>
      </trkpt>
      <trkpt lat="22.241347" lon="113.986754">
        <ele>133</ele>
        <extensions>
          <distance>65589</distance>
        </extensions>
      </trkpt>
      <trkpt lat="22.241288" lon="113.986942">
        <ele>128</ele>
        <extensions>
          <distance>65610</distance>
        </extensions>
      </trkpt>
      <trkpt lat="22.24131" lon="113.987068">
        <ele>127</ele>
        <extensions>
          <distance>65623</distance>
        </extensions>
      </trkpt>
      <trkpt lat="22.24119" lon="113.987164">
        <ele>125</ele>
        <extensions>
          <distance>65640</distance>
        </extensions>
      </trkpt>
      <trkpt lat="22.241026" lon="113.987462">
        <ele>122</ele>
        <extensions>
          <distance>65676</distance>
        </extensions>
      </trkpt>
      <trkpt lat="22.241004" lon="113.987576">
        <ele>118</ele>
        <extensions>
          <distance>65688</distance>
        </extensions>
      </trkpt>
      <trkpt lat="22.240884" lon="113.98778">
        <ele>111</ele>
        <extensions>
          <distance>65714</distance>
        </extensions>
      </trkpt>
      <trkpt lat="22.240682" lon="113.987849">
        <ele>106</ele>
        <extensions>
          <distance>65738</distance>
        </extensions>
      </trkpt>
      <trkpt lat="22.240434" lon="113.987884">
        <ele>101</ele>
        <extensions>
          <distance>65766</distance>
        </extensions>
      </trkpt>
      <trkpt lat="22.240241" lon="113.987803">
        <ele>97</ele>
        <extensions>
          <distance>65789</distance>
        </extensions>
      </trkpt>
      <trkpt lat="22.24005" lon="113.98775">
        <ele>91</ele>
        <extensions>
          <distance>65812</distance>
        </extensions>
      </trkpt>
      <trkpt lat="22.2398425" lon="113.9877425">
        <ele>82</ele>
        <extensions>
          <distance>65837</distance>
        </extensions>
      </trkpt>
      <trkpt lat="22.239635" lon="113.987735">
        <ele>73</ele>
        <extensions>
          <distance>65861</distance>
        </extensions>
      </trkpt>
      <trkpt lat="22.239427499999998" lon="113.9877275">
        <ele>63</ele>
        <extensions>
          <distance>65887</distance>
        </extensions>
      </trkpt>
      <trkpt lat="22.23922" lon="113.98772">
        <ele>53</ele>
        <extensions>
          <distance>65912</distance>
        </extensions>
      </trkpt>
      <trkpt lat="22.239055" lon="113.98760999999999">
        <ele>49</ele>
        <extensions>
          <distance>65933</distance>
        </extensions>
      </trkpt>
      <trkpt lat="22.23889" lon="113.9875">
        <ele>45</ele>
        <extensions>
          <distance>65955</distance>
        </extensions>
      </trkpt>
      <trkpt lat="22.23887" lon="113.98733999999999">
        <ele>45</ele>
        <extensions>
          <distance>65972</distance>
        </extensions>
      </trkpt>
      <trkpt lat="22.23885" lon="113.98718">
        <ele>45</ele>
        <extensions>
          <distance>65989</distance>
        </extensions>
      </trkpt>
      <trkpt lat="22.23883" lon="113.98702">
        <ele>45</ele>
        <extensions>
          <distance>66005</distance>
        </extensions>
      </trkpt>
      <trkpt lat="22.23881" lon="113.98686">
        <ele>45</ele>
        <extensions>
          <distance>66022</distance>
        </extensions>
      </trkpt>
      <trkpt lat="22.2386525" lon="113.98667">
        <ele>44</ele>
        <extensions>
          <distance>66048</distance>
        </extensions>
      </trkpt>
      <trkpt lat="22.238495" lon="113.98648">
        <ele>44</ele>
        <extensions>
          <distance>66074</distance>
        </extensions>
      </trkpt>
      <trkpt lat="22.2383375" lon="113.98629">
        <ele>44</ele>
        <extensions>
          <distance>66101</distance>
        </extensions>
      </trkpt>
      <trkpt lat="22.23818" lon="113.9861">
        <ele>44</ele>
        <extensions>
          <distance>66127</distance>
        </extensions>
      </trkpt>
      <trkpt lat="22.2381175" lon="113.98586499999999">
        <ele>44</ele>
        <extensions>
          <distance>66152</distance>
        </extensions>
      </trkpt>
      <trkpt lat="22.238055" lon="113.98562999999999">
        <ele>44</ele>
        <extensions>
          <distance>66177</distance>
        </extensions>
      </trkpt>
      <trkpt lat="22.237992499999997" lon="113.98539499999998">
        <ele>44</ele>
        <extensions>
          <distance>66202</distance>
        </extensions>
      </trkpt>
      <trkpt lat="22.23793" lon="113.98516">
        <ele>42</ele>
        <extensions>
          <distance>66228</distance>
        </extensions>
      </trkpt>
      <trkpt lat="22.23793" lon="113.984895">
        <ele>42</ele>
        <extensions>
          <distance>66255</distance>
        </extensions>
      </trkpt>
      <trkpt lat="22.23793" lon="113.98463">
        <ele>42</ele>
        <extensions>
          <distance>66282</distance>
        </extensions>
      </trkpt>
      <trkpt lat="22.23793" lon="113.984365">
        <ele>41</ele>
        <extensions>
          <distance>66310</distance>
        </extensions>
      </trkpt>
      <trkpt lat="22.23793" lon="113.9841">
        <ele>41</ele>
        <extensions>
          <distance>66337</distance>
        </extensions>
      </trkpt>
      <trkpt lat="22.238045" lon="113.98393999999999">
        <ele>41</ele>
        <extensions>
          <distance>66358</distance>
        </extensions>
      </trkpt>
      <trkpt lat="22.23816" lon="113.98378">
        <ele>41</ele>
        <extensions>
          <distance>66379</distance>
        </extensions>
      </trkpt>
      <trkpt lat="22.238425" lon="113.98378">
        <ele>33</ele>
        <extensions>
          <distance>66408</distance>
        </extensions>
      </trkpt>
      <trkpt lat="22.23869" lon="113.98378">
        <ele>30</ele>
        <extensions>
          <distance>66438</distance>
        </extensions>
      </trkpt>
      <trkpt lat="22.238687499999997" lon="113.98357999999999">
        <ele>27</ele>
        <extensions>
          <distance>66459</distance>
        </extensions>
      </trkpt>
      <trkpt lat="22.238684999999997" lon="113.98338">
        <ele>24</ele>
        <extensions>
          <distance>66479</distance>
        </extensions>
      </trkpt>
      <trkpt lat="22.238682499999996" lon="113.98318">
        <ele>22</ele>
        <extensions>
          <distance>66500</distance>
        </extensions>
      </trkpt>
      <trkpt lat="22.23868" lon="113.98298">
        <ele>21</ele>
        <extensions>
          <distance>66521</distance>
        </extensions>
      </trkpt>
      <trkpt lat="22.238529999999997" lon="113.983025">
        <ele>21</ele>
        <extensions>
          <distance>66538</distance>
        </extensions>
      </trkpt>
      <trkpt lat="22.23838" lon="113.98307">
        <ele>21</ele>
        <extensions>
          <distance>66555</distance>
        </extensions>
      </trkpt>
      <trkpt lat="22.23828" lon="113.9829525">
        <ele>20</ele>
        <extensions>
          <distance>66572</distance>
        </extensions>
      </trkpt>
      <trkpt lat="22.23818" lon="113.982835">
        <ele>20</ele>
        <extensions>
          <distance>66588</distance>
        </extensions>
      </trkpt>
      <trkpt lat="22.23808" lon="113.98271749999999">
        <ele>20</ele>
        <extensions>
          <distance>66605</distance>
        </extensions>
      </trkpt>
      <trkpt lat="22.23798" lon="113.98259999999999">
        <ele>19</ele>
        <extensions>
          <distance>66621</distance>
        </extensions>
      </trkpt>
      <trkpt lat="22.23788" lon="113.98248249999999">
        <ele>17</ele>
        <extensions>
          <distance>66637</distance>
        </extensions>
      </trkpt>
      <trkpt lat="22.23778" lon="113.98236499999999">
        <ele>15</ele>
        <extensions>
          <distance>66654</distance>
        </extensions>
      </trkpt>
      <trkpt lat="22.23768" lon="113.9822475">
        <ele>13</ele>
        <extensions>
          <distance>66671</distance>
        </extensions>
      </trkpt>
      <trkpt lat="22.23758" lon="113.98213">
        <ele>12</ele>
        <extensions>
          <distance>66687</distance>
        </extensions>
      </trkpt>
      <trkpt lat="22.237445" lon="113.9820775">
        <ele>12</ele>
        <extensions>
          <distance>66703</distance>
        </extensions>
      </trkpt>
      <trkpt lat="22.23731" lon="113.982025">
        <ele>11</ele>
        <extensions>
          <distance>66719</distance>
        </extensions>
      </trkpt>
      <trkpt lat="22.237175" lon="113.9819725">
        <ele>11</ele>
        <extensions>
          <distance>66735</distance>
        </extensions>
      </trkpt>
      <trkpt lat="22.23704" lon="113.98192">
        <ele>10</ele>
        <extensions>
          <distance>66751</distance>
        </extensions>
      </trkpt>
      <trkpt lat="22.23692" lon="113.98167">
        <ele>8</ele>
        <extensions>
          <distance>66780</distance>
        </extensions>
      </trkpt>
      <trkpt lat="22.236771250000004" lon="113.98176">
        <ele>7</ele>
        <extensions>
          <distance>66799</distance>
        </extensions>
      </trkpt>
      <trkpt lat="22.236622500000003" lon="113.98185">
        <ele>7</ele>
        <extensions>
          <distance>66818</distance>
        </extensions>
      </trkpt>
      <trkpt lat="22.236473750000002" lon="113.98194">
        <ele>5</ele>
        <extensions>
          <distance>66836</distance>
        </extensions>
      </trkpt>
      <trkpt lat="22.236325" lon="113.98203">
        <ele>5</ele>
        <extensions>
          <distance>66855</distance>
        </extensions>
      </trkpt>
      <trkpt lat="22.23617625" lon="113.98212">
        <ele>4</ele>
        <extensions>
          <distance>66874</distance>
        </extensions>
      </trkpt>
      <trkpt lat="22.2360275" lon="113.98221">
        <ele>4</ele>
        <extensions>
          <distance>66893</distance>
        </extensions>
      </trkpt>
      <trkpt lat="22.235878749999998" lon="113.9823">
        <ele>4</ele>
        <extensions>
          <distance>66912</distance>
        </extensions>
      </trkpt>
      <trkpt lat="22.23573" lon="113.98239">
        <ele>4</ele>
        <extensions>
          <distance>66931</distance>
        </extensions>
      </trkpt>
      <trkpt lat="22.235644999999998" lon="113.98227624999998">
        <ele>4</ele>
        <extensions>
          <distance>66946</distance>
        </extensions>
      </trkpt>
      <trkpt lat="22.23556" lon="113.98216249999999">
        <ele>5</ele>
        <extensions>
          <distance>66961</distance>
        </extensions>
      </trkpt>
      <trkpt lat="22.235475" lon="113.98204874999999">
        <ele>7</ele>
        <extensions>
          <distance>66976</distance>
        </extensions>
      </trkpt>
      <trkpt lat="22.235390000000002" lon="113.981935">
        <ele>7</ele>
        <extensions>
          <distance>66991</distance>
        </extensions>
      </trkpt>
      <trkpt lat="22.235305000000004" lon="113.98182125">
        <ele>9</ele>
        <extensions>
          <distance>67006</distance>
        </extensions>
      </trkpt>
      <trkpt lat="22.23522" lon="113.9817075">
        <ele>13</ele>
        <extensions>
          <distance>67022</distance>
        </extensions>
      </trkpt>
      <trkpt lat="22.235135" lon="113.98159375">
        <ele>15</ele>
        <extensions>
          <distance>67037</distance>
        </extensions>
      </trkpt>
      <trkpt lat="22.23505" lon="113.98148">
        <ele>17</ele>
        <extensions>
          <distance>67052</distance>
        </extensions>
      </trkpt>
      <trkpt lat="22.234907500000002" lon="113.981415">
        <ele>20</ele>
        <extensions>
          <distance>67070</distance>
        </extensions>
      </trkpt>
      <trkpt lat="22.234765000000003" lon="113.98134999999999">
        <ele>23</ele>
        <extensions>
          <distance>67087</distance>
        </extensions>
      </trkpt>
      <trkpt lat="22.2346225" lon="113.98128499999999">
        <ele>26</ele>
        <extensions>
          <distance>67105</distance>
        </extensions>
      </trkpt>
      <trkpt lat="22.23448" lon="113.98122">
        <ele>26</ele>
        <extensions>
          <distance>67122</distance>
        </extensions>
      </trkpt>
      <trkpt lat="22.23435875" lon="113.98106874999999">
        <ele>26</ele>
        <extensions>
          <distance>67142</distance>
        </extensions>
      </trkpt>
      <trkpt lat="22.2342375" lon="113.9809175">
        <ele>26</ele>
        <extensions>
          <distance>67163</distance>
        </extensions>
      </trkpt>
      <trkpt lat="22.23411625" lon="113.98076625">
        <ele>26</ele>
        <extensions>
          <distance>67183</distance>
        </extensions>
      </trkpt>
      <trkpt lat="22.233995" lon="113.980615">
        <ele>25</ele>
        <extensions>
          <distance>67204</distance>
        </extensions>
      </trkpt>
      <trkpt lat="22.23387375" lon="113.98046375">
        <ele>24</ele>
        <extensions>
          <distance>67225</distance>
        </extensions>
      </trkpt>
      <trkpt lat="22.2337525" lon="113.9803125">
        <ele>23</ele>
        <extensions>
          <distance>67245</distance>
        </extensions>
      </trkpt>
      <trkpt lat="22.233631250000002" lon="113.98016125">
        <ele>23</ele>
        <extensions>
          <distance>67266</distance>
        </extensions>
      </trkpt>
      <trkpt lat="22.23351" lon="113.98001">
        <ele>23</ele>
        <extensions>
          <distance>67286</distance>
        </extensions>
      </trkpt>
      <trkpt lat="22.233267499999997" lon="113.98006749999999">
        <ele>23</ele>
        <extensions>
          <distance>67314</distance>
        </extensions>
      </trkpt>
      <trkpt lat="22.233024999999998" lon="113.98012499999999">
        <ele>25</ele>
        <extensions>
          <distance>67341</distance>
        </extensions>
      </trkpt>
      <trkpt lat="22.2327825" lon="113.98018249999998">
        <ele>25</ele>
        <extensions>
          <distance>67369</distance>
        </extensions>
      </trkpt>
      <trkpt lat="22.23254" lon="113.98024">
        <ele>26</ele>
        <extensions>
          <distance>67396</distance>
        </extensions>
      </trkpt>
      <trkpt lat="22.23233" lon="113.9801425">
        <ele>26</ele>
        <extensions>
          <distance>67422</distance>
        </extensions>
      </trkpt>
      <trkpt lat="22.232120000000002" lon="113.98004499999999">
        <ele>26</ele>
        <extensions>
          <distance>67447</distance>
        </extensions>
      </trkpt>
      <trkpt lat="22.23191" lon="113.9799475">
        <ele>26</ele>
        <extensions>
          <distance>67472</distance>
        </extensions>
      </trkpt>
      <trkpt lat="22.2317" lon="113.97985">
        <ele>26</ele>
        <extensions>
          <distance>67498</distance>
        </extensions>
      </trkpt>
      <trkpt lat="22.231450000000002" lon="113.979895">
        <ele>28</ele>
        <extensions>
          <distance>67526</distance>
        </extensions>
      </trkpt>
      <trkpt lat="22.2312" lon="113.97994">
        <ele>28</ele>
        <extensions>
          <distance>67554</distance>
        </extensions>
      </trkpt>
      <trkpt lat="22.231047500000003" lon="113.9798325">
        <ele>29</ele>
        <extensions>
          <distance>67574</distance>
        </extensions>
      </trkpt>
      <trkpt lat="22.230895" lon="113.979725">
        <ele>30</ele>
        <extensions>
          <distance>67594</distance>
        </extensions>
      </trkpt>
      <trkpt lat="22.230742499999998" lon="113.9796175">
        <ele>30</ele>
        <extensions>
          <distance>67614</distance>
        </extensions>
      </trkpt>
      <trkpt lat="22.23059" lon="113.97951">
        <ele>31</ele>
        <extensions>
          <distance>67635</distance>
        </extensions>
      </trkpt>
      <trkpt lat="22.23035" lon="113.97955250000001">
        <ele>35</ele>
        <extensions>
          <distance>67662</distance>
        </extensions>
      </trkpt>
      <trkpt lat="22.23011" lon="113.979595">
        <ele>38</ele>
        <extensions>
          <distance>67689</distance>
        </extensions>
      </trkpt>
      <trkpt lat="22.22987" lon="113.9796375">
        <ele>39</ele>
        <extensions>
          <distance>67716</distance>
        </extensions>
      </trkpt>
      <trkpt lat="22.22963" lon="113.97968">
        <ele>40</ele>
        <extensions>
          <distance>67743</distance>
        </extensions>
      </trkpt>
      <trkpt lat="22.22951" lon="113.97957">
        <ele>40</ele>
        <extensions>
          <distance>67760</distance>
        </extensions>
      </trkpt>
      <trkpt lat="22.229390000000002" lon="113.97946">
        <ele>41</ele>
        <extensions>
          <distance>67778</distance>
        </extensions>
      </trkpt>
      <trkpt lat="22.22927" lon="113.97935000000001">
        <ele>41</ele>
        <extensions>
          <distance>67795</distance>
        </extensions>
      </trkpt>
      <trkpt lat="22.22915" lon="113.97924">
        <ele>41</ele>
        <extensions>
          <distance>67813</distance>
        </extensions>
      </trkpt>
      <trkpt lat="22.229" lon="113.97923">
        <ele>44</ele>
        <extensions>
          <distance>67830</distance>
        </extensions>
      </trkpt>
      <trkpt lat="22.22885" lon="113.97922">
        <ele>46</ele>
        <extensions>
          <distance>67846</distance>
        </extensions>
      </trkpt>
      <trkpt lat="22.22876375" lon="113.97937999999999">
        <ele>48</ele>
        <extensions>
          <distance>67865</distance>
        </extensions>
      </trkpt>
      <trkpt lat="22.2286775" lon="113.97954">
        <ele>50</ele>
        <extensions>
          <distance>67885</distance>
        </extensions>
      </trkpt>
      <trkpt lat="22.22859125" lon="113.97970000000001">
        <ele>54</ele>
        <extensions>
          <distance>67904</distance>
        </extensions>
      </trkpt>
      <trkpt lat="22.228505" lon="113.97986">
        <ele>55</ele>
        <extensions>
          <distance>67923</distance>
        </extensions>
      </trkpt>
      <trkpt lat="22.22841875" lon="113.98002">
        <ele>56</ele>
        <extensions>
          <distance>67942</distance>
        </extensions>
      </trkpt>
      <trkpt lat="22.2283325" lon="113.98018">
        <ele>60</ele>
        <extensions>
          <distance>67962</distance>
        </extensions>
      </trkpt>
      <trkpt lat="22.228246249999998" lon="113.98034000000001">
        <ele>60</ele>
        <extensions>
          <distance>67981</distance>
        </extensions>
      </trkpt>
      <trkpt lat="22.22816" lon="113.9805">
        <ele>60</ele>
        <extensions>
          <distance>68000</distance>
        </extensions>
      </trkpt>
      <trkpt lat="22.22801125" lon="113.98062">
        <ele>60</ele>
        <extensions>
          <distance>68020</distance>
        </extensions>
      </trkpt>
      <trkpt lat="22.2278625" lon="113.98074">
        <ele>54</ele>
        <extensions>
          <distance>68041</distance>
        </extensions>
      </trkpt>
      <trkpt lat="22.22771375" lon="113.98086">
        <ele>54</ele>
        <extensions>
          <distance>68062</distance>
        </extensions>
      </trkpt>
      <trkpt lat="22.227565" lon="113.98098">
        <ele>52</ele>
        <extensions>
          <distance>68083</distance>
        </extensions>
      </trkpt>
      <trkpt lat="22.227416249999997" lon="113.9811">
        <ele>51</ele>
        <extensions>
          <distance>68103</distance>
        </extensions>
      </trkpt>
      <trkpt lat="22.2272675" lon="113.98122000000001">
        <ele>47</ele>
        <extensions>
          <distance>68124</distance>
        </extensions>
      </trkpt>
      <trkpt lat="22.227118750000002" lon="113.98134">
        <ele>44</ele>
        <extensions>
          <distance>68145</distance>
        </extensions>
      </trkpt>
      <trkpt lat="22.22697" lon="113.98146">
        <ele>43</ele>
        <extensions>
          <distance>68166</distance>
        </extensions>
      </trkpt>
      <trkpt lat="22.226885000000003" lon="113.98168">
        <ele>42</ele>
        <extensions>
          <distance>68190</distance>
        </extensions>
      </trkpt>
      <trkpt lat="22.2268" lon="113.9819">
        <ele>41</ele>
        <extensions>
          <distance>68215</distance>
        </extensions>
      </trkpt>
      <trkpt lat="22.226592500000002" lon="113.98196">
        <ele>40</ele>
        <extensions>
          <distance>68239</distance>
        </extensions>
      </trkpt>
      <trkpt lat="22.226385" lon="113.98202">
        <ele>40</ele>
        <extensions>
          <distance>68262</distance>
        </extensions>
      </trkpt>
      <trkpt lat="22.2261775" lon="113.98208">
        <ele>37</ele>
        <extensions>
          <distance>68286</distance>
        </extensions>
      </trkpt>
      <trkpt lat="22.22597" lon="113.98214">
        <ele>32</ele>
        <extensions>
          <distance>68311</distance>
        </extensions>
      </trkpt>
      <trkpt lat="22.22587" lon="113.9822675">
        <ele>32</ele>
        <extensions>
          <distance>68328</distance>
        </extensions>
      </trkpt>
      <trkpt lat="22.22577" lon="113.982395">
        <ele>31</ele>
        <extensions>
          <distance>68345</distance>
        </extensions>
      </trkpt>
      <trkpt lat="22.22567" lon="113.9825225">
        <ele>31</ele>
        <extensions>
          <distance>68362</distance>
        </extensions>
      </trkpt>
      <trkpt lat="22.22557" lon="113.98265">
        <ele>30</ele>
        <extensions>
          <distance>68379</distance>
        </extensions>
      </trkpt>
      <trkpt lat="22.22553" lon="113.98291">
        <ele>27</ele>
        <extensions>
          <distance>68407</distance>
        </extensions>
      </trkpt>
      <trkpt lat="22.22549" lon="113.98317">
        <ele>24</ele>
        <extensions>
          <distance>68434</distance>
        </extensions>
      </trkpt>
      <trkpt lat="22.225255" lon="113.98327">
        <ele>20</ele>
        <extensions>
          <distance>68462</distance>
        </extensions>
      </trkpt>
      <trkpt lat="22.22502" lon="113.98337">
        <ele>18</ele>
        <extensions>
          <distance>68490</distance>
        </extensions>
      </trkpt>
      <trkpt lat="22.22494" lon="113.98357">
        <ele>18</ele>
        <extensions>
          <distance>68513</distance>
        </extensions>
      </trkpt>
      <trkpt lat="22.22486" lon="113.98377">
        <ele>17</ele>
        <extensions>
          <distance>68535</distance>
        </extensions>
      </trkpt>
      <trkpt lat="22.2245925" lon="113.98376250000001">
        <ele>13</ele>
        <extensions>
          <distance>68565</distance>
        </extensions>
      </trkpt>
      <trkpt lat="22.224325" lon="113.983755">
        <ele>12</ele>
        <extensions>
          <distance>68595</distance>
        </extensions>
      </trkpt>
      <trkpt lat="22.2240575" lon="113.98374749999999">
        <ele>12</ele>
        <extensions>
          <distance>68624</distance>
        </extensions>
      </trkpt>
      <trkpt lat="22.22379" lon="113.98374">
        <ele>12</ele>
        <extensions>
          <distance>68654</distance>
        </extensions>
      </trkpt>
      <trkpt lat="22.2235725" lon="113.9838925">
        <ele>12</ele>
        <extensions>
          <distance>68683</distance>
        </extensions>
      </trkpt>
      <trkpt lat="22.223354999999998" lon="113.98404500000001">
        <ele>13</ele>
        <extensions>
          <distance>68712</distance>
        </extensions>
      </trkpt>
      <trkpt lat="22.2231375" lon="113.98419750000001">
        <ele>14</ele>
        <extensions>
          <distance>68740</distance>
        </extensions>
      </trkpt>
      <trkpt lat="22.22292" lon="113.98435">
        <ele>15</ele>
        <extensions>
          <distance>68769</distance>
        </extensions>
      </trkpt>
      <trkpt lat="22.222761249999998" lon="113.98431125">
        <ele>16</ele>
        <extensions>
          <distance>68787</distance>
        </extensions>
      </trkpt>
      <trkpt lat="22.2226025" lon="113.9842725">
        <ele>17</ele>
        <extensions>
          <distance>68805</distance>
        </extensions>
      </trkpt>
      <trkpt lat="22.22244375" lon="113.98423375">
        <ele>18</ele>
        <extensions>
          <distance>68823</distance>
        </extensions>
      </trkpt>
      <trkpt lat="22.222285" lon="113.984195">
        <ele>18</ele>
        <extensions>
          <distance>68841</distance>
        </extensions>
      </trkpt>
      <trkpt lat="22.22212625" lon="113.98415625">
        <ele>18</ele>
        <extensions>
          <distance>68859</distance>
        </extensions>
      </trkpt>
      <trkpt lat="22.221967499999998" lon="113.9841175">
        <ele>19</ele>
        <extensions>
          <distance>68877</distance>
        </extensions>
      </trkpt>
      <trkpt lat="22.22180875" lon="113.98407875">
        <ele>19</ele>
        <extensions>
          <distance>68895</distance>
        </extensions>
      </trkpt>
      <trkpt lat="22.22165" lon="113.98404">
        <ele>19</ele>
        <extensions>
          <distance>68913</distance>
        </extensions>
      </trkpt>
      <trkpt lat="22.221495" lon="113.98408">
        <ele>20</ele>
        <extensions>
          <distance>68931</distance>
        </extensions>
      </trkpt>
      <trkpt lat="22.22134" lon="113.98412">
        <ele>20</ele>
        <extensions>
          <distance>68949</distance>
        </extensions>
      </trkpt>
      <trkpt lat="22.2211675" lon="113.98403250000001">
        <ele>23</ele>
        <extensions>
          <distance>68970</distance>
        </extensions>
      </trkpt>
      <trkpt lat="22.220995000000002" lon="113.983945">
        <ele>28</ele>
        <extensions>
          <distance>68992</distance>
        </extensions>
      </trkpt>
      <trkpt lat="22.2208225" lon="113.9838575">
        <ele>33</ele>
        <extensions>
          <distance>69013</distance>
        </extensions>
      </trkpt>
      <trkpt lat="22.22065" lon="113.98377">
        <ele>38</ele>
        <extensions>
          <distance>69035</distance>
        </extensions>
      </trkpt>
      <trkpt lat="22.22052" lon="113.983835">
        <ele>43</ele>
        <extensions>
          <distance>69052</distance>
        </extensions>
      </trkpt>
      <trkpt lat="22.22039" lon="113.9839">
        <ele>46</ele>
        <extensions>
          <distance>69068</distance>
        </extensions>
      </trkpt>
      <trkpt lat="22.2202225" lon="113.98377">
        <ele>46</ele>
        <extensions>
          <distance>69091</distance>
        </extensions>
      </trkpt>
      <trkpt lat="22.220055" lon="113.98364000000001">
        <ele>46</ele>
        <extensions>
          <distance>69114</distance>
        </extensions>
      </trkpt>
      <trkpt lat="22.2198875" lon="113.98351000000001">
        <ele>46</ele>
        <extensions>
          <distance>69137</distance>
        </extensions>
      </trkpt>
      <trkpt lat="22.21972" lon="113.98338000000001">
        <ele>46</ele>
        <extensions>
          <distance>69159</distance>
        </extensions>
      </trkpt>
      <trkpt lat="22.2195525" lon="113.98325000000001">
        <ele>45</ele>
        <extensions>
          <distance>69182</distance>
        </extensions>
      </trkpt>
      <trkpt lat="22.219385" lon="113.98312000000001">
        <ele>44</ele>
        <extensions>
          <distance>69205</distance>
        </extensions>
      </trkpt>
      <trkpt lat="22.2192175" lon="113.98299">
        <ele>44</ele>
        <extensions>
          <distance>69228</distance>
        </extensions>
      </trkpt>
      <trkpt lat="22.21905" lon="113.98286">
        <ele>43</ele>
        <extensions>
          <distance>69251</distance>
        </extensions>
      </trkpt>
      <trkpt lat="22.2188825" lon="113.98273">
        <ele>43</ele>
        <extensions>
          <distance>69274</distance>
        </extensions>
      </trkpt>
      <trkpt lat="22.218715" lon="113.98259999999999">
        <ele>41</ele>
        <extensions>
          <distance>69297</distance>
        </extensions>
      </trkpt>
      <trkpt lat="22.2185475" lon="113.98246999999999">
        <ele>39</ele>
        <extensions>
          <distance>69320</distance>
        </extensions>
      </trkpt>
      <trkpt lat="22.21838" lon="113.98234">
        <ele>39</ele>
        <extensions>
          <distance>69343</distance>
        </extensions>
      </trkpt>
      <trkpt lat="22.2182125" lon="113.98221">
        <ele>38</ele>
        <extensions>
          <distance>69366</distance>
        </extensions>
      </trkpt>
      <trkpt lat="22.218045" lon="113.98208">
        <ele>38</ele>
        <extensions>
          <distance>69388</distance>
        </extensions>
      </trkpt>
      <trkpt lat="22.2178775" lon="113.98195">
        <ele>38</ele>
        <extensions>
          <distance>69411</distance>
        </extensions>
      </trkpt>
      <trkpt lat="22.21771" lon="113.98182">
        <ele>38</ele>
        <extensions>
          <distance>69434</distance>
        </extensions>
      </trkpt>
      <trkpt lat="22.2175825" lon="113.98194">
        <ele>39</ele>
        <extensions>
          <distance>69453</distance>
        </extensions>
      </trkpt>
      <trkpt lat="22.217455" lon="113.98205999999999">
        <ele>43</ele>
        <extensions>
          <distance>69472</distance>
        </extensions>
      </trkpt>
      <trkpt lat="22.2173275" lon="113.98218">
        <ele>46</ele>
        <extensions>
          <distance>69491</distance>
        </extensions>
      </trkpt>
      <trkpt lat="22.2172" lon="113.9823">
        <ele>49</ele>
        <extensions>
          <distance>69510</distance>
        </extensions>
      </trkpt>
      <trkpt lat="22.217239999999997" lon="113.98257749999999">
        <ele>61</ele>
        <extensions>
          <distance>69542</distance>
        </extensions>
      </trkpt>
      <trkpt lat="22.21728" lon="113.982855">
        <ele>67</ele>
        <extensions>
          <distance>69571</distance>
        </extensions>
      </trkpt>
      <trkpt lat="22.21732" lon="113.98313250000001">
        <ele>74</ele>
        <extensions>
          <distance>69601</distance>
        </extensions>
      </trkpt>
      <trkpt lat="22.21736" lon="113.98341">
        <ele>80</ele>
        <extensions>
          <distance>69631</distance>
        </extensions>
      </trkpt>
      <trkpt lat="22.2172375" lon="113.9836475">
        <ele>80</ele>
        <extensions>
          <distance>69659</distance>
        </extensions>
      </trkpt>
      <trkpt lat="22.217115" lon="113.983885">
        <ele>84</ele>
        <extensions>
          <distance>69687</distance>
        </extensions>
      </trkpt>
      <trkpt lat="22.2169925" lon="113.9841225">
        <ele>90</ele>
        <extensions>
          <distance>69715</distance>
        </extensions>
      </trkpt>
      <trkpt lat="22.21687" lon="113.98436">
        <ele>90</ele>
        <extensions>
          <distance>69743</distance>
        </extensions>
      </trkpt>
      <trkpt lat="22.21693" lon="113.98450499999998">
        <ele>90</ele>
        <extensions>
          <distance>69760</distance>
        </extensions>
      </trkpt>
      <trkpt lat="22.216990000000003" lon="113.98464999999999">
        <ele>90</ele>
        <extensions>
          <distance>69776</distance>
        </extensions>
      </trkpt>
      <trkpt lat="22.21705" lon="113.98479499999999">
        <ele>90</ele>
        <extensions>
          <distance>69792</distance>
        </extensions>
      </trkpt>
      <trkpt lat="22.21711" lon="113.98494">
        <ele>90</ele>
        <extensions>
          <distance>69809</distance>
        </extensions>
      </trkpt>
      <trkpt lat="22.217237500000003" lon="113.98506">
        <ele>90</ele>
        <extensions>
          <distance>69827</distance>
        </extensions>
      </trkpt>
      <trkpt lat="22.217365" lon="113.98518">
        <ele>90</ele>
        <extensions>
          <distance>69846</distance>
        </extensions>
      </trkpt>
      <trkpt lat="22.2174925" lon="113.9853">
        <ele>90</ele>
        <extensions>
          <distance>69865</distance>
        </extensions>
      </trkpt>
      <trkpt lat="22.21762" lon="113.98542">
        <ele>90</ele>
        <extensions>
          <distance>69884</distance>
        </extensions>
      </trkpt>
      <trkpt lat="22.217695" lon="113.985685">
        <ele>90</ele>
        <extensions>
          <distance>69912</distance>
        </extensions>
      </trkpt>
      <trkpt lat="22.21777" lon="113.98595">
        <ele>93</ele>
        <extensions>
          <distance>69941</distance>
        </extensions>
      </trkpt>
      <trkpt lat="22.2179425" lon="113.9861425">
        <ele>93</ele>
        <extensions>
          <distance>69968</distance>
        </extensions>
      </trkpt>
      <trkpt lat="22.218115" lon="113.986335">
        <ele>95</ele>
        <extensions>
          <distance>69996</distance>
        </extensions>
      </trkpt>
      <trkpt lat="22.218287500000002" lon="113.9865275">
        <ele>95</ele>
        <extensions>
          <distance>70024</distance>
        </extensions>
      </trkpt>
      <trkpt lat="22.21846" lon="113.98672">
        <ele>99</ele>
        <extensions>
          <distance>70051</distance>
        </extensions>
      </trkpt>
      <trkpt lat="22.21846" lon="113.98700500000001">
        <ele>102</ele>
        <extensions>
          <distance>70081</distance>
        </extensions>
      </trkpt>
      <trkpt lat="22.21846" lon="113.98729">
        <ele>105</ele>
        <extensions>
          <distance>70110</distance>
        </extensions>
      </trkpt>
      <trkpt lat="22.2185525" lon="113.98748499999999">
        <ele>108</ele>
        <extensions>
          <distance>70133</distance>
        </extensions>
      </trkpt>
      <trkpt lat="22.218645000000002" lon="113.98768">
        <ele>112</ele>
        <extensions>
          <distance>70156</distance>
        </extensions>
      </trkpt>
      <trkpt lat="22.218737500000003" lon="113.987875">
        <ele>117</ele>
        <extensions>
          <distance>70179</distance>
        </extensions>
      </trkpt>
      <trkpt lat="22.21883" lon="113.98807">
        <ele>123</ele>
        <extensions>
          <distance>70203</distance>
        </extensions>
      </trkpt>
      <trkpt lat="22.218742499999998" lon="113.9881925">
        <ele>124</ele>
        <extensions>
          <distance>70218</distance>
        </extensions>
      </trkpt>
      <trkpt lat="22.218655" lon="113.988315">
        <ele>125</ele>
        <extensions>
          <distance>70234</distance>
        </extensions>
      </trkpt>
      <trkpt lat="22.2185675" lon="113.9884375">
        <ele>125</ele>
        <extensions>
          <distance>70250</distance>
        </extensions>
      </trkpt>
      <trkpt lat="22.21848" lon="113.98856">
        <ele>125</ele>
        <extensions>
          <distance>70266</distance>
        </extensions>
      </trkpt>
      <trkpt lat="22.21856" lon="113.98875">
        <ele>126</ele>
        <extensions>
          <distance>70288</distance>
        </extensions>
      </trkpt>
      <trkpt lat="22.218670000000003" lon="113.98885250000001">
        <ele>126</ele>
        <extensions>
          <distance>70304</distance>
        </extensions>
      </trkpt>
      <trkpt lat="22.218780000000002" lon="113.988955">
        <ele>127</ele>
        <extensions>
          <distance>70320</distance>
        </extensions>
      </trkpt>
      <trkpt lat="22.218890000000002" lon="113.9890575">
        <ele>127</ele>
        <extensions>
          <distance>70336</distance>
        </extensions>
      </trkpt>
      <trkpt lat="22.219" lon="113.98916">
        <ele>127</ele>
        <extensions>
          <distance>70352</distance>
        </extensions>
      </trkpt>
      <trkpt lat="22.21911" lon="113.9892625">
        <ele>129</ele>
        <extensions>
          <distance>70368</distance>
        </extensions>
      </trkpt>
      <trkpt lat="22.21922" lon="113.98936499999999">
        <ele>131</ele>
        <extensions>
          <distance>70385</distance>
        </extensions>
      </trkpt>
      <trkpt lat="22.21933" lon="113.98946749999999">
        <ele>133</ele>
        <extensions>
          <distance>70401</distance>
        </extensions>
      </trkpt>
      <trkpt lat="22.21944" lon="113.98957">
        <ele>133</ele>
        <extensions>
          <distance>70417</distance>
        </extensions>
      </trkpt>
      <trkpt lat="22.2193725" lon="113.989845">
        <ele>133</ele>
        <extensions>
          <distance>70446</distance>
        </extensions>
      </trkpt>
      <trkpt lat="22.219305" lon="113.99011999999999">
        <ele>134</ele>
        <extensions>
          <distance>70476</distance>
        </extensions>
      </trkpt>
      <trkpt lat="22.2192375" lon="113.99039499999999">
        <ele>134</ele>
        <extensions>
          <distance>70505</distance>
        </extensions>
      </trkpt>
      <trkpt lat="22.21917" lon="113.99067">
        <ele>134</ele>
        <extensions>
          <distance>70534</distance>
        </extensions>
      </trkpt>
      <trkpt lat="22.219205" lon="113.99094249999999">
        <ele>139</ele>
        <extensions>
          <distance>70563</distance>
        </extensions>
      </trkpt>
      <trkpt lat="22.21924" lon="113.991215">
        <ele>142</ele>
        <extensions>
          <distance>70591</distance>
        </extensions>
      </trkpt>
      <trkpt lat="22.219275" lon="113.9914875">
        <ele>144</ele>
        <extensions>
          <distance>70620</distance>
        </extensions>
      </trkpt>
      <trkpt lat="22.21931" lon="113.99176">
        <ele>144</ele>
        <extensions>
          <distance>70648</distance>
        </extensions>
      </trkpt>
      <trkpt lat="22.21948" lon="113.99178">
        <ele>145</ele>
        <extensions>
          <distance>70667</distance>
        </extensions>
      </trkpt>
      <trkpt lat="22.21965" lon="113.9918">
        <ele>146</ele>
        <extensions>
          <distance>70686</distance>
        </extensions>
      </trkpt>
      <trkpt lat="22.21971" lon="113.99154">
        <ele>146</ele>
        <extensions>
          <distance>70714</distance>
        </extensions>
      </trkpt>
      <trkpt lat="22.21977" lon="113.99128">
        <ele>149</ele>
        <extensions>
          <distance>70741</distance>
        </extensions>
      </trkpt>
      <trkpt lat="22.220005" lon="113.99117000000001">
        <ele>150</ele>
        <extensions>
          <distance>70770</distance>
        </extensions>
      </trkpt>
      <trkpt lat="22.22024" lon="113.99106">
        <ele>151</ele>
        <extensions>
          <distance>70798</distance>
        </extensions>
      </trkpt>
      <trkpt lat="22.220315" lon="113.990825">
        <ele>152</ele>
        <extensions>
          <distance>70824</distance>
        </extensions>
      </trkpt>
      <trkpt lat="22.22039" lon="113.99059">
        <ele>152</ele>
        <extensions>
          <distance>70849</distance>
        </extensions>
      </trkpt>
      <trkpt lat="22.22061" lon="113.9906525">
        <ele>152</ele>
        <extensions>
          <distance>70875</distance>
        </extensions>
      </trkpt>
      <trkpt lat="22.22083" lon="113.990715">
        <ele>152</ele>
        <extensions>
          <distance>70900</distance>
        </extensions>
      </trkpt>
      <trkpt lat="22.221049999999998" lon="113.99077750000001">
        <ele>151</ele>
        <extensions>
          <distance>70925</distance>
        </extensions>
      </trkpt>
      <trkpt lat="22.22127" lon="113.99084">
        <ele>149</ele>
        <extensions>
          <distance>70950</distance>
        </extensions>
      </trkpt>
      <trkpt lat="22.221285" lon="113.99108000000001">
        <ele>143</ele>
        <extensions>
          <distance>70976</distance>
        </extensions>
      </trkpt>
      <trkpt lat="22.2213" lon="113.99132">
        <ele>142</ele>
        <extensions>
          <distance>71001</distance>
        </extensions>
      </trkpt>
      <trkpt lat="22.221407499999998" lon="113.99144749999999">
        <ele>141</ele>
        <extensions>
          <distance>71018</distance>
        </extensions>
      </trkpt>
      <trkpt lat="22.221515" lon="113.991575">
        <ele>139</ele>
        <extensions>
          <distance>71036</distance>
        </extensions>
      </trkpt>
      <trkpt lat="22.221622500000002" lon="113.9917025">
        <ele>137</ele>
        <extensions>
          <distance>71054</distance>
        </extensions>
      </trkpt>
      <trkpt lat="22.22173" lon="113.99183">
        <ele>137</ele>
        <extensions>
          <distance>71072</distance>
        </extensions>
      </trkpt>
      <trkpt lat="22.221885" lon="113.991825">
        <ele>137</ele>
        <extensions>
          <distance>71089</distance>
        </extensions>
      </trkpt>
      <trkpt lat="22.22204" lon="113.99182">
        <ele>137</ele>
        <extensions>
          <distance>71106</distance>
        </extensions>
      </trkpt>
      <trkpt lat="22.22215" lon="113.991645">
        <ele>137</ele>
        <extensions>
          <distance>71128</distance>
        </extensions>
      </trkpt>
      <trkpt lat="22.22226" lon="113.99146999999999">
        <ele>143</ele>
        <extensions>
          <distance>71150</distance>
        </extensions>
      </trkpt>
      <trkpt lat="22.222369999999998" lon="113.991295">
        <ele>148</ele>
        <extensions>
          <distance>71172</distance>
        </extensions>
      </trkpt>
      <trkpt lat="22.22248" lon="113.99112">
        <ele>149</ele>
        <extensions>
          <distance>71194</distance>
        </extensions>
      </trkpt>
      <trkpt lat="22.22262" lon="113.991105">
        <ele>150</ele>
        <extensions>
          <distance>71210</distance>
        </extensions>
      </trkpt>
      <trkpt lat="22.22276" lon="113.99109">
        <ele>151</ele>
        <extensions>
          <distance>71225</distance>
        </extensions>
      </trkpt>
      <trkpt lat="22.222900000000003" lon="113.991075">
        <ele>151</ele>
        <extensions>
          <distance>71241</distance>
        </extensions>
      </trkpt>
      <trkpt lat="22.22304" lon="113.99106">
        <ele>151</ele>
        <extensions>
          <distance>71256</distance>
        </extensions>
      </trkpt>
      <trkpt lat="22.223100000000002" lon="113.9912775">
        <ele>151</ele>
        <extensions>
          <distance>71280</distance>
        </extensions>
      </trkpt>
      <trkpt lat="22.22316" lon="113.991495">
        <ele>151</ele>
        <extensions>
          <distance>71303</distance>
        </extensions>
      </trkpt>
      <trkpt lat="22.223219999999998" lon="113.9917125">
        <ele>150</ele>
        <extensions>
          <distance>71327</distance>
        </extensions>
      </trkpt>
      <trkpt lat="22.22328" lon="113.99193">
        <ele>150</ele>
        <extensions>
          <distance>71350</distance>
        </extensions>
      </trkpt>
      <trkpt lat="22.223276249999998" lon="113.99210124999999">
        <ele>150</ele>
        <extensions>
          <distance>71368</distance>
        </extensions>
      </trkpt>
      <trkpt lat="22.2232725" lon="113.9922725">
        <ele>149</ele>
        <extensions>
          <distance>71385</distance>
        </extensions>
      </trkpt>
      <trkpt lat="22.22326875" lon="113.99244375">
        <ele>149</ele>
        <extensions>
          <distance>71403</distance>
        </extensions>
      </trkpt>
      <trkpt lat="22.223264999999998" lon="113.992615">
        <ele>149</ele>
        <extensions>
          <distance>71421</distance>
        </extensions>
      </trkpt>
      <trkpt lat="22.22326125" lon="113.99278625">
        <ele>146</ele>
        <extensions>
          <distance>71438</distance>
        </extensions>
      </trkpt>
      <trkpt lat="22.2232575" lon="113.9929575">
        <ele>144</ele>
        <extensions>
          <distance>71456</distance>
        </extensions>
      </trkpt>
      <trkpt lat="22.223253749999998" lon="113.99312875000001">
        <ele>144</ele>
        <extensions>
          <distance>71474</distance>
        </extensions>
      </trkpt>
      <trkpt lat="22.22325" lon="113.9933">
        <ele>144</ele>
        <extensions>
          <distance>71492</distance>
        </extensions>
      </trkpt>
      <trkpt lat="22.2234775" lon="113.9931825">
        <ele>144</ele>
        <extensions>
          <distance>71519</distance>
        </extensions>
      </trkpt>
      <trkpt lat="22.223705000000002" lon="113.993065">
        <ele>151</ele>
        <extensions>
          <distance>71548</distance>
        </extensions>
      </trkpt>
      <trkpt lat="22.223932500000004" lon="113.9929475">
        <ele>156</ele>
        <extensions>
          <distance>71576</distance>
        </extensions>
      </trkpt>
      <trkpt lat="22.22416" lon="113.99283">
        <ele>156</ele>
        <extensions>
          <distance>71604</distance>
        </extensions>
      </trkpt>
      <trkpt lat="22.224245000000003" lon="113.993055">
        <ele>156</ele>
        <extensions>
          <distance>71629</distance>
        </extensions>
      </trkpt>
      <trkpt lat="22.224330000000002" lon="113.99328">
        <ele>156</ele>
        <extensions>
          <distance>71654</distance>
        </extensions>
      </trkpt>
      <trkpt lat="22.224415" lon="113.993505">
        <ele>156</ele>
        <extensions>
          <distance>71679</distance>
        </extensions>
      </trkpt>
      <trkpt lat="22.2245" lon="113.99373">
        <ele>156</ele>
        <extensions>
          <distance>71704</distance>
        </extensions>
      </trkpt>
      <trkpt lat="22.2246475" lon="113.993715">
        <ele>156</ele>
        <extensions>
          <distance>71721</distance>
        </extensions>
      </trkpt>
      <trkpt lat="22.224795" lon="113.99369999999999">
        <ele>159</ele>
        <extensions>
          <distance>71737</distance>
        </extensions>
      </trkpt>
      <trkpt lat="22.2249425" lon="113.993685">
        <ele>164</ele>
        <extensions>
          <distance>71754</distance>
        </extensions>
      </trkpt>
      <trkpt lat="22.22509" lon="113.99367">
        <ele>166</ele>
        <extensions>
          <distance>71771</distance>
        </extensions>
      </trkpt>
      <trkpt lat="22.225315000000002" lon="113.993775">
        <ele>167</ele>
        <extensions>
          <distance>71798</distance>
        </extensions>
      </trkpt>
      <trkpt lat="22.22554" lon="113.99388">
        <ele>167</ele>
        <extensions>
          <distance>71825</distance>
        </extensions>
      </trkpt>
      <trkpt lat="22.225515" lon="113.994065">
        <ele>167</ele>
        <extensions>
          <distance>71844</distance>
        </extensions>
      </trkpt>
      <trkpt lat="22.22549" lon="113.99425">
        <ele>167</ele>
        <extensions>
          <distance>71864</distance>
        </extensions>
      </trkpt>
      <trkpt lat="22.225279999999998" lon="113.99439">
        <ele>161</ele>
        <extensions>
          <distance>71891</distance>
        </extensions>
      </trkpt>
      <trkpt lat="22.22507" lon="113.99453">
        <ele>161</ele>
        <extensions>
          <distance>71919</distance>
        </extensions>
      </trkpt>
      <trkpt lat="22.225119999999997" lon="113.99468">
        <ele>161</ele>
        <extensions>
          <distance>71935</distance>
        </extensions>
      </trkpt>
      <trkpt lat="22.22517" lon="113.99483000000001">
        <ele>161</ele>
        <extensions>
          <distance>71951</distance>
        </extensions>
      </trkpt>
      <trkpt lat="22.22522" lon="113.99498">
        <ele>163</ele>
        <extensions>
          <distance>71968</distance>
        </extensions>
      </trkpt>
      <trkpt lat="22.22527" lon="113.99513">
        <ele>165</ele>
        <extensions>
          <distance>71984</distance>
        </extensions>
      </trkpt>
      <trkpt lat="22.2251575" lon="113.99522250000001">
        <ele>165</ele>
        <extensions>
          <distance>72000</distance>
        </extensions>
      </trkpt>
      <trkpt lat="22.225045" lon="113.995315">
        <ele>165</ele>
        <extensions>
          <distance>72016</distance>
        </extensions>
      </trkpt>
      <trkpt lat="22.2249325" lon="113.9954075">
        <ele>165</ele>
        <extensions>
          <distance>72031</distance>
        </extensions>
      </trkpt>
      <trkpt lat="22.22482" lon="113.9955">
        <ele>165</ele>
        <extensions>
          <distance>72047</distance>
        </extensions>
      </trkpt>
      <trkpt lat="22.22463" lon="113.9953975">
        <ele>161</ele>
        <extensions>
          <distance>72071</distance>
        </extensions>
      </trkpt>
      <trkpt lat="22.22444" lon="113.995295">
        <ele>157</ele>
        <extensions>
          <distance>72095</distance>
        </extensions>
      </trkpt>
      <trkpt lat="22.22425" lon="113.9951925">
        <ele>153</ele>
        <extensions>
          <distance>72119</distance>
        </extensions>
      </trkpt>
      <trkpt lat="22.22406" lon="113.99509">
        <ele>152</ele>
        <extensions>
          <distance>72142</distance>
        </extensions>
      </trkpt>
      <trkpt lat="22.224020000000003" lon="113.9953275">
        <ele>152</ele>
        <extensions>
          <distance>72167</distance>
        </extensions>
      </trkpt>
      <trkpt lat="22.22398" lon="113.995565">
        <ele>151</ele>
        <extensions>
          <distance>72192</distance>
        </extensions>
      </trkpt>
      <trkpt lat="22.22394" lon="113.9958025">
        <ele>150</ele>
        <extensions>
          <distance>72217</distance>
        </extensions>
      </trkpt>
      <trkpt lat="22.2239" lon="113.99604">
        <ele>150</ele>
        <extensions>
          <distance>72242</distance>
        </extensions>
      </trkpt>
      <trkpt lat="22.223727500000003" lon="113.996135">
        <ele>147</ele>
        <extensions>
          <distance>72263</distance>
        </extensions>
      </trkpt>
      <trkpt lat="22.223555" lon="113.99623">
        <ele>145</ele>
        <extensions>
          <distance>72285</distance>
        </extensions>
      </trkpt>
      <trkpt lat="22.2233825" lon="113.996325">
        <ele>144</ele>
        <extensions>
          <distance>72306</distance>
        </extensions>
      </trkpt>
      <trkpt lat="22.22321" lon="113.99642">
        <ele>143</ele>
        <extensions>
          <distance>72328</distance>
        </extensions>
      </trkpt>
      <trkpt lat="22.22334" lon="113.99665999999999">
        <ele>143</ele>
        <extensions>
          <distance>72356</distance>
        </extensions>
      </trkpt>
      <trkpt lat="22.22347" lon="113.9969">
        <ele>141</ele>
        <extensions>
          <distance>72385</distance>
        </extensions>
      </trkpt>
      <trkpt lat="22.22373" lon="113.996825">
        <ele>141</ele>
        <extensions>
          <distance>72415</distance>
        </extensions>
      </trkpt>
      <trkpt lat="22.22399" lon="113.99675">
        <ele>141</ele>
        <extensions>
          <distance>72445</distance>
        </extensions>
      </trkpt>
      <trkpt lat="22.2241275" lon="113.99687750000001">
        <ele>136</ele>
        <extensions>
          <distance>72465</distance>
        </extensions>
      </trkpt>
      <trkpt lat="22.224265000000003" lon="113.997005">
        <ele>136</ele>
        <extensions>
          <distance>72485</distance>
        </extensions>
      </trkpt>
      <trkpt lat="22.224402500000004" lon="113.99713249999999">
        <ele>133</ele>
        <extensions>
          <distance>72505</distance>
        </extensions>
      </trkpt>
      <trkpt lat="22.22454" lon="113.99726">
        <ele>133</ele>
        <extensions>
          <distance>72525</distance>
        </extensions>
      </trkpt>
      <trkpt lat="22.22448" lon="113.99753">
        <ele>128</ele>
        <extensions>
          <distance>72554</distance>
        </extensions>
      </trkpt>
      <trkpt lat="22.22442" lon="113.9978">
        <ele>128</ele>
        <extensions>
          <distance>72583</distance>
        </extensions>
      </trkpt>
      <trkpt lat="22.224565" lon="113.9978">
        <ele>128</ele>
        <extensions>
          <distance>72599</distance>
        </extensions>
      </trkpt>
      <trkpt lat="22.22471" lon="113.9978">
        <ele>128</ele>
        <extensions>
          <distance>72615</distance>
        </extensions>
      </trkpt>
      <trkpt lat="22.2249075" lon="113.99763250000001">
        <ele>132</ele>
        <extensions>
          <distance>72643</distance>
        </extensions>
      </trkpt>
      <trkpt lat="22.225105" lon="113.997465">
        <ele>135</ele>
        <extensions>
          <distance>72671</distance>
        </extensions>
      </trkpt>
      <trkpt lat="22.225302499999998" lon="113.9972975">
        <ele>136</ele>
        <extensions>
          <distance>72699</distance>
        </extensions>
      </trkpt>
      <trkpt lat="22.2255" lon="113.99713">
        <ele>138</ele>
        <extensions>
          <distance>72727</distance>
        </extensions>
      </trkpt>
      <trkpt lat="22.2257575" lon="113.99717749999999">
        <ele>138</ele>
        <extensions>
          <distance>72756</distance>
        </extensions>
      </trkpt>
      <trkpt lat="22.226015" lon="113.997225">
        <ele>138</ele>
        <extensions>
          <distance>72785</distance>
        </extensions>
      </trkpt>
      <trkpt lat="22.2262725" lon="113.99727250000001">
        <ele>138</ele>
        <extensions>
          <distance>72814</distance>
        </extensions>
      </trkpt>
      <trkpt lat="22.22653" lon="113.99732">
        <ele>138</ele>
        <extensions>
          <distance>72843</distance>
        </extensions>
      </trkpt>
      <trkpt lat="22.22653" lon="113.99749249999999">
        <ele>138</ele>
        <extensions>
          <distance>72860</distance>
        </extensions>
      </trkpt>
      <trkpt lat="22.22653" lon="113.997665">
        <ele>134</ele>
        <extensions>
          <distance>72878</distance>
        </extensions>
      </trkpt>
      <trkpt lat="22.22653" lon="113.9978375">
        <ele>129</ele>
        <extensions>
          <distance>72897</distance>
        </extensions>
      </trkpt>
      <trkpt lat="22.22653" lon="113.99801">
        <ele>128</ele>
        <extensions>
          <distance>72914</distance>
        </extensions>
      </trkpt>
      <trkpt lat="22.226665" lon="113.99821">
        <ele>126</ele>
        <extensions>
          <distance>72940</distance>
        </extensions>
      </trkpt>
      <trkpt lat="22.2268" lon="113.99841">
        <ele>125</ele>
        <extensions>
          <distance>72965</distance>
        </extensions>
      </trkpt>
      <trkpt lat="22.226765" lon="113.99856">
        <ele>125</ele>
        <extensions>
          <distance>72981</distance>
        </extensions>
      </trkpt>
      <trkpt lat="22.22673" lon="113.99871">
        <ele>125</ele>
        <extensions>
          <distance>72997</distance>
        </extensions>
      </trkpt>
      <trkpt lat="22.22681" lon="113.99892500000001">
        <ele>123</ele>
        <extensions>
          <distance>73021</distance>
        </extensions>
      </trkpt>
      <trkpt lat="22.226889999999997" lon="113.99914000000001">
        <ele>123</ele>
        <extensions>
          <distance>73045</distance>
        </extensions>
      </trkpt>
      <trkpt lat="22.226969999999998" lon="113.99935500000001">
        <ele>120</ele>
        <extensions>
          <distance>73069</distance>
        </extensions>
      </trkpt>
      <trkpt lat="22.22705" lon="113.99957">
        <ele>118</ele>
        <extensions>
          <distance>73093</distance>
        </extensions>
      </trkpt>
      <trkpt lat="22.22696" lon="113.9998">
        <ele>115</ele>
        <extensions>
          <distance>73119</distance>
        </extensions>
      </trkpt>
      <trkpt lat="22.22687" lon="114.00003">
        <ele>115</ele>
        <extensions>
          <distance>73145</distance>
        </extensions>
      </trkpt>
      <trkpt lat="22.2269" lon="114.00018">
        <ele>115</ele>
        <extensions>
          <distance>73160</distance>
        </extensions>
      </trkpt>
      <trkpt lat="22.22702" lon="114.00031">
        <ele>115</ele>
        <extensions>
          <distance>73179</distance>
        </extensions>
      </trkpt>
      <trkpt lat="22.227159999999998" lon="114.00028">
        <ele>115</ele>
        <extensions>
          <distance>73195</distance>
        </extensions>
      </trkpt>
      <trkpt lat="22.2273" lon="114.00025">
        <ele>115</ele>
        <extensions>
          <distance>73211</distance>
        </extensions>
      </trkpt>
      <trkpt lat="22.22744" lon="114.00022">
        <ele>116</ele>
        <extensions>
          <distance>73227</distance>
        </extensions>
      </trkpt>
      <trkpt lat="22.22758" lon="114.00019">
        <ele>116</ele>
        <extensions>
          <distance>73243</distance>
        </extensions>
      </trkpt>
      <trkpt lat="22.2277075" lon="114.00025500000001">
        <ele>116</ele>
        <extensions>
          <distance>73258</distance>
        </extensions>
      </trkpt>
      <trkpt lat="22.227835" lon="114.00032">
        <ele>118</ele>
        <extensions>
          <distance>73274</distance>
        </extensions>
      </trkpt>
      <trkpt lat="22.2279625" lon="114.000385">
        <ele>118</ele>
        <extensions>
          <distance>73290</distance>
        </extensions>
      </trkpt>
      <trkpt lat="22.22809" lon="114.00045">
        <ele>118</ele>
        <extensions>
          <distance>73305</distance>
        </extensions>
      </trkpt>
      <trkpt lat="22.2282125" lon="114.000355">
        <ele>118</ele>
        <extensions>
          <distance>73322</distance>
        </extensions>
      </trkpt>
      <trkpt lat="22.228335" lon="114.00026">
        <ele>116</ele>
        <extensions>
          <distance>73339</distance>
        </extensions>
      </trkpt>
      <trkpt lat="22.2284575" lon="114.000165">
        <ele>114</ele>
        <extensions>
          <distance>73355</distance>
        </extensions>
      </trkpt>
      <trkpt lat="22.22858" lon="114.00007">
        <ele>112</ele>
        <extensions>
          <distance>73372</distance>
        </extensions>
      </trkpt>
      <trkpt lat="22.228742500000003" lon="114.00001624999999">
        <ele>111</ele>
        <extensions>
          <distance>73391</distance>
        </extensions>
      </trkpt>
      <trkpt lat="22.228905" lon="113.9999625">
        <ele>110</ele>
        <extensions>
          <distance>73410</distance>
        </extensions>
      </trkpt>
      <trkpt lat="22.2290675" lon="113.99990875">
        <ele>110</ele>
        <extensions>
          <distance>73429</distance>
        </extensions>
      </trkpt>
      <trkpt lat="22.22923" lon="113.999855">
        <ele>108</ele>
        <extensions>
          <distance>73448</distance>
        </extensions>
      </trkpt>
      <trkpt lat="22.229392500000003" lon="113.99980124999999">
        <ele>106</ele>
        <extensions>
          <distance>73467</distance>
        </extensions>
      </trkpt>
      <trkpt lat="22.229555" lon="113.9997475">
        <ele>106</ele>
        <extensions>
          <distance>73486</distance>
        </extensions>
      </trkpt>
      <trkpt lat="22.2297175" lon="113.99969375">
        <ele>105</ele>
        <extensions>
          <distance>73504</distance>
        </extensions>
      </trkpt>
      <trkpt lat="22.22988" lon="113.99964">
        <ele>105</ele>
        <extensions>
          <distance>73523</distance>
        </extensions>
      </trkpt>
      <trkpt lat="22.229995000000002" lon="113.99951999999999">
        <ele>104</ele>
        <extensions>
          <distance>73541</distance>
        </extensions>
      </trkpt>
      <trkpt lat="22.23011" lon="113.9994">
        <ele>103</ele>
        <extensions>
          <distance>73559</distance>
        </extensions>
      </trkpt>
      <trkpt lat="22.23015" lon="113.9993">
        <ele>103</ele>
        <extensions>
          <distance>73570</distance>
        </extensions>
      </trkpt>
      <trkpt lat="22.230163749999996" lon="113.999135">
        <ele>103</ele>
        <extensions>
          <distance>73587</distance>
        </extensions>
      </trkpt>
      <trkpt lat="22.230177499999996" lon="113.99897">
        <ele>102</ele>
        <extensions>
          <distance>73604</distance>
        </extensions>
      </trkpt>
      <trkpt lat="22.230191249999997" lon="113.998805">
        <ele>102</ele>
        <extensions>
          <distance>73621</distance>
        </extensions>
      </trkpt>
      <trkpt lat="22.230204999999998" lon="113.99864">
        <ele>100</ele>
        <extensions>
          <distance>73638</distance>
        </extensions>
      </trkpt>
      <trkpt lat="22.23021875" lon="113.998475">
        <ele>97</ele>
        <extensions>
          <distance>73656</distance>
        </extensions>
      </trkpt>
      <trkpt lat="22.2302325" lon="113.99831">
        <ele>93</ele>
        <extensions>
          <distance>73673</distance>
        </extensions>
      </trkpt>
      <trkpt lat="22.23024625" lon="113.998145">
        <ele>90</ele>
        <extensions>
          <distance>73691</distance>
        </extensions>
      </trkpt>
      <trkpt lat="22.23026" lon="113.99798">
        <ele>90</ele>
        <extensions>
          <distance>73708</distance>
        </extensions>
      </trkpt>
      <trkpt lat="22.230335" lon="113.9981375">
        <ele>90</ele>
        <extensions>
          <distance>73726</distance>
        </extensions>
      </trkpt>
      <trkpt lat="22.23041" lon="113.998295">
        <ele>88</ele>
        <extensions>
          <distance>73744</distance>
        </extensions>
      </trkpt>
      <trkpt lat="22.230485" lon="113.9984525">
        <ele>88</ele>
        <extensions>
          <distance>73762</distance>
        </extensions>
      </trkpt>
      <trkpt lat="22.23056" lon="113.99861">
        <ele>88</ele>
        <extensions>
          <distance>73781</distance>
        </extensions>
      </trkpt>
      <trkpt lat="22.2307075" lon="113.99865249999999">
        <ele>88</ele>
        <extensions>
          <distance>73798</distance>
        </extensions>
      </trkpt>
      <trkpt lat="22.230855" lon="113.998695">
        <ele>81</ele>
        <extensions>
          <distance>73815</distance>
        </extensions>
      </trkpt>
      <trkpt lat="22.2310025" lon="113.9987375">
        <ele>76</ele>
        <extensions>
          <distance>73832</distance>
        </extensions>
      </trkpt>
      <trkpt lat="22.23115" lon="113.99878">
        <ele>73</ele>
        <extensions>
          <distance>73850</distance>
        </extensions>
      </trkpt>
      <trkpt lat="22.2312675" lon="113.99892750000001">
        <ele>73</ele>
        <extensions>
          <distance>73870</distance>
        </extensions>
      </trkpt>
      <trkpt lat="22.231385" lon="113.999075">
        <ele>73</ele>
        <extensions>
          <distance>73890</distance>
        </extensions>
      </trkpt>
      <trkpt lat="22.231502499999998" lon="113.9992225">
        <ele>73</ele>
        <extensions>
          <distance>73910</distance>
        </extensions>
      </trkpt>
      <trkpt lat="22.23162" lon="113.99937">
        <ele>76</ele>
        <extensions>
          <distance>73930</distance>
        </extensions>
      </trkpt>
      <trkpt lat="22.2317375" lon="113.9995175">
        <ele>78</ele>
        <extensions>
          <distance>73950</distance>
        </extensions>
      </trkpt>
      <trkpt lat="22.231855" lon="113.999665">
        <ele>79</ele>
        <extensions>
          <distance>73970</distance>
        </extensions>
      </trkpt>
      <trkpt lat="22.231972499999998" lon="113.99981249999999">
        <ele>80</ele>
        <extensions>
          <distance>73990</distance>
        </extensions>
      </trkpt>
      <trkpt lat="22.23209" lon="113.99996">
        <ele>80</ele>
        <extensions>
          <distance>74010</distance>
        </extensions>
      </trkpt>
      <trkpt lat="22.232275" lon="113.99996999999999">
        <ele>80</ele>
        <extensions>
          <distance>74030</distance>
        </extensions>
      </trkpt>
      <trkpt lat="22.23246" lon="113.99998">
        <ele>80</ele>
        <extensions>
          <distance>74051</distance>
        </extensions>
      </trkpt>
      <trkpt lat="22.232575" lon="113.99985">
        <ele>75</ele>
        <extensions>
          <distance>74070</distance>
        </extensions>
      </trkpt>
      <trkpt lat="22.23269" lon="113.99972">
        <ele>74</ele>
        <extensions>
          <distance>74088</distance>
        </extensions>
      </trkpt>
      <trkpt lat="22.232905000000002" lon="113.99983499999999">
        <ele>72</ele>
        <extensions>
          <distance>74115</distance>
        </extensions>
      </trkpt>
      <trkpt lat="22.23312" lon="113.99995">
        <ele>72</ele>
        <extensions>
          <distance>74141</distance>
        </extensions>
      </trkpt>
      <trkpt lat="22.23315" lon="113.99987">
        <ele>71</ele>
        <extensions>
          <distance>74150</distance>
        </extensions>
      </trkpt>
      <trkpt lat="22.23332" lon="113.99994">
        <ele>71</ele>
        <extensions>
          <distance>74170</distance>
        </extensions>
      </trkpt>
      <trkpt lat="22.23344" lon="114.00016">
        <ele>71</ele>
        <extensions>
          <distance>74197</distance>
        </extensions>
      </trkpt>
      <trkpt lat="22.233600000000003" lon="114.000225">
        <ele>71</ele>
        <extensions>
          <distance>74216</distance>
        </extensions>
      </trkpt>
      <trkpt lat="22.23376" lon="114.00029">
        <ele>64</ele>
        <extensions>
          <distance>74235</distance>
        </extensions>
      </trkpt>
      <trkpt lat="22.23389" lon="114.00037">
        <ele>62</ele>
        <extensions>
          <distance>74252</distance>
        </extensions>
      </trkpt>
      <trkpt lat="22.234" lon="114.0006">
        <ele>62</ele>
        <extensions>
          <distance>74278</distance>
        </extensions>
      </trkpt>
      <trkpt lat="22.23418" lon="114.00077">
        <ele>62</ele>
        <extensions>
          <distance>74305</distance>
        </extensions>
      </trkpt>
      <trkpt lat="22.2342675" lon="114.0009225">
        <ele>62</ele>
        <extensions>
          <distance>74323</distance>
        </extensions>
      </trkpt>
      <trkpt lat="22.234355" lon="114.001075">
        <ele>62</ele>
        <extensions>
          <distance>74342</distance>
        </extensions>
      </trkpt>
      <trkpt lat="22.2344425" lon="114.0012275">
        <ele>61</ele>
        <extensions>
          <distance>74360</distance>
        </extensions>
      </trkpt>
      <trkpt lat="22.23453" lon="114.00138">
        <ele>59</ele>
        <extensions>
          <distance>74379</distance>
        </extensions>
      </trkpt>
      <trkpt lat="22.23451" lon="114.00148">
        <ele>58</ele>
        <extensions>
          <distance>74389</distance>
        </extensions>
      </trkpt>
      <trkpt lat="22.23439" lon="114.00157">
        <ele>57</ele>
        <extensions>
          <distance>74406</distance>
        </extensions>
      </trkpt>
      <trkpt lat="22.23427" lon="114.00174">
        <ele>57</ele>
        <extensions>
          <distance>74428</distance>
        </extensions>
      </trkpt>
      <trkpt lat="22.23426" lon="114.00189">
        <ele>54</ele>
        <extensions>
          <distance>74443</distance>
        </extensions>
      </trkpt>
      <trkpt lat="22.23443" lon="114.00211">
        <ele>50</ele>
        <extensions>
          <distance>74473</distance>
        </extensions>
      </trkpt>
      <trkpt lat="22.23466" lon="114.0022">
        <ele>49</ele>
        <extensions>
          <distance>74500</distance>
        </extensions>
      </trkpt>
      <trkpt lat="22.23478" lon="114.00233">
        <ele>49</ele>
        <extensions>
          <distance>74519</distance>
        </extensions>
      </trkpt>
      <trkpt lat="22.23496" lon="114.00232">
        <ele>49</ele>
        <extensions>
          <distance>74539</distance>
        </extensions>
      </trkpt>
      <trkpt lat="22.23489" lon="114.00216">
        <ele>48</ele>
        <extensions>
          <distance>74557</distance>
        </extensions>
      </trkpt>
      <trkpt lat="22.23495" lon="114.00199">
        <ele>48</ele>
        <extensions>
          <distance>74576</distance>
        </extensions>
      </trkpt>
      <trkpt lat="22.23508" lon="114.00192">
        <ele>45</ele>
        <extensions>
          <distance>74592</distance>
        </extensions>
      </trkpt>
      <trkpt lat="22.23511" lon="114.00182">
        <ele>43</ele>
        <extensions>
          <distance>74603</distance>
        </extensions>
      </trkpt>
      <trkpt lat="22.23506" lon="114.00165">
        <ele>42</ele>
        <extensions>
          <distance>74622</distance>
        </extensions>
      </trkpt>
      <trkpt lat="22.23509" lon="114.00145">
        <ele>39</ele>
        <extensions>
          <distance>74643</distance>
        </extensions>
      </trkpt>
      <trkpt lat="22.23514" lon="114.00131">
        <ele>37</ele>
        <extensions>
          <distance>74658</distance>
        </extensions>
      </trkpt>
      <trkpt lat="22.23519" lon="114.00117">
        <ele>36</ele>
        <extensions>
          <distance>74674</distance>
        </extensions>
      </trkpt>
      <trkpt lat="22.23516" lon="114.00096">
        <ele>36</ele>
        <extensions>
          <distance>74696</distance>
        </extensions>
      </trkpt>
      <trkpt lat="22.23521" lon="114.0009">
        <ele>36</ele>
        <extensions>
          <distance>74704</distance>
        </extensions>
      </trkpt>
      <trkpt lat="22.2353" lon="114.00088">
        <ele>36</ele>
        <extensions>
          <distance>74714</distance>
        </extensions>
      </trkpt>
      <trkpt lat="22.23545" lon="114.0009">
        <ele>36</ele>
        <extensions>
          <distance>74731</distance>
        </extensions>
      </trkpt>
      <trkpt lat="22.23552" lon="114.00097">
        <ele>36</ele>
        <extensions>
          <distance>74741</distance>
        </extensions>
      </trkpt>
      <trkpt lat="22.23563" lon="114.0009">
        <ele>36</ele>
        <extensions>
          <distance>74756</distance>
        </extensions>
      </trkpt>
      <trkpt lat="22.2358" lon="114.00091">
        <ele>36</ele>
        <extensions>
          <distance>74774</distance>
        </extensions>
      </trkpt>
      <trkpt lat="22.23588" lon="114.00082">
        <ele>36</ele>
        <extensions>
          <distance>74787</distance>
        </extensions>
      </trkpt>
      <trkpt lat="22.236060000000002" lon="114.00086">
        <ele>36</ele>
        <extensions>
          <distance>74808</distance>
        </extensions>
      </trkpt>
      <trkpt lat="22.23624" lon="114.0009">
        <ele>37</ele>
        <extensions>
          <distance>74828</distance>
        </extensions>
      </trkpt>
      <trkpt lat="22.23615" lon="114.00075">
        <ele>37</ele>
        <extensions>
          <distance>74846</distance>
        </extensions>
      </trkpt>
      <trkpt lat="22.23609" lon="114.00069">
        <ele>39</ele>
        <extensions>
          <distance>74856</distance>
        </extensions>
      </trkpt>
      <trkpt lat="22.23595" lon="114.00064">
        <ele>42</ele>
        <extensions>
          <distance>74872</distance>
        </extensions>
      </trkpt>
      <trkpt lat="22.23576" lon="114.00064">
        <ele>44</ele>
        <extensions>
          <distance>74893</distance>
        </extensions>
      </trkpt>
      <trkpt lat="22.23554" lon="114.00057000000001">
        <ele>48</ele>
        <extensions>
          <distance>74919</distance>
        </extensions>
      </trkpt>
      <trkpt lat="22.23532" lon="114.0005">
        <ele>50</ele>
        <extensions>
          <distance>74944</distance>
        </extensions>
      </trkpt>
      <trkpt lat="22.235105" lon="114.00038">
        <ele>50</ele>
        <extensions>
          <distance>74971</distance>
        </extensions>
      </trkpt>
      <trkpt lat="22.23489" lon="114.00026">
        <ele>50</ele>
        <extensions>
          <distance>74998</distance>
        </extensions>
      </trkpt>
      <trkpt lat="22.23473" lon="114.00016">
        <ele>51</ele>
        <extensions>
          <distance>75019</distance>
        </extensions>
      </trkpt>
      <trkpt lat="22.2345875" lon="114.000035">
        <ele>53</ele>
        <extensions>
          <distance>75039</distance>
        </extensions>
      </trkpt>
      <trkpt lat="22.234445" lon="113.99991">
        <ele>55</ele>
        <extensions>
          <distance>75060</distance>
        </extensions>
      </trkpt>
      <trkpt lat="22.2343025" lon="113.999785">
        <ele>57</ele>
        <extensions>
          <distance>75080</distance>
        </extensions>
      </trkpt>
      <trkpt lat="22.23416" lon="113.99966">
        <ele>60</ele>
        <extensions>
          <distance>75101</distance>
        </extensions>
      </trkpt>
      <trkpt lat="22.23419" lon="113.99961">
        <ele>62</ele>
        <extensions>
          <distance>75107</distance>
        </extensions>
      </trkpt>
      <trkpt lat="22.23416" lon="113.99938">
        <ele>70</ele>
        <extensions>
          <distance>75132</distance>
        </extensions>
      </trkpt>
      <trkpt lat="22.23416" lon="113.99921">
        <ele>70</ele>
        <extensions>
          <distance>75150</distance>
        </extensions>
      </trkpt>
      <trkpt lat="22.23395" lon="113.9991425">
        <ele>70</ele>
        <extensions>
          <distance>75174</distance>
        </extensions>
      </trkpt>
      <trkpt lat="22.233739999999997" lon="113.999075">
        <ele>70</ele>
        <extensions>
          <distance>75198</distance>
        </extensions>
      </trkpt>
      <trkpt lat="22.23353" lon="113.9990075">
        <ele>70</ele>
        <extensions>
          <distance>75223</distance>
        </extensions>
      </trkpt>
      <trkpt lat="22.23332" lon="113.99894">
        <ele>69</ele>
        <extensions>
          <distance>75247</distance>
        </extensions>
      </trkpt>
      <trkpt lat="22.233255" lon="113.9987375">
        <ele>69</ele>
        <extensions>
          <distance>75269</distance>
        </extensions>
      </trkpt>
      <trkpt lat="22.23319" lon="113.998535">
        <ele>69</ele>
        <extensions>
          <distance>75291</distance>
        </extensions>
      </trkpt>
      <trkpt lat="22.233125" lon="113.9983325">
        <ele>69</ele>
        <extensions>
          <distance>75313</distance>
        </extensions>
      </trkpt>
      <trkpt lat="22.233060000000002" lon="113.99813">
        <ele>70</ele>
        <extensions>
          <distance>75335</distance>
        </extensions>
      </trkpt>
      <trkpt lat="22.232995000000003" lon="113.9979275">
        <ele>70</ele>
        <extensions>
          <distance>75357</distance>
        </extensions>
      </trkpt>
      <trkpt lat="22.232930000000003" lon="113.997725">
        <ele>72</ele>
        <extensions>
          <distance>75380</distance>
        </extensions>
      </trkpt>
      <trkpt lat="22.232865000000004" lon="113.9975225">
        <ele>72</ele>
        <extensions>
          <distance>75402</distance>
        </extensions>
      </trkpt>
      <trkpt lat="22.2328" lon="113.99732">
        <ele>72</ele>
        <extensions>
          <distance>75424</distance>
        </extensions>
      </trkpt>
      <trkpt lat="22.232660000000003" lon="113.9973075">
        <ele>72</ele>
        <extensions>
          <distance>75439</distance>
        </extensions>
      </trkpt>
      <trkpt lat="22.23252" lon="113.99729500000001">
        <ele>72</ele>
        <extensions>
          <distance>75455</distance>
        </extensions>
      </trkpt>
      <trkpt lat="22.23238" lon="113.99728250000001">
        <ele>72</ele>
        <extensions>
          <distance>75470</distance>
        </extensions>
      </trkpt>
      <trkpt lat="22.23224" lon="113.99727">
        <ele>72</ele>
        <extensions>
          <distance>75486</distance>
        </extensions>
      </trkpt>
      <trkpt lat="22.232135" lon="113.99708">
        <ele>73</ele>
        <extensions>
          <distance>75509</distance>
        </extensions>
      </trkpt>
      <trkpt lat="22.23203" lon="113.99689">
        <ele>74</ele>
        <extensions>
          <distance>75531</distance>
        </extensions>
      </trkpt>
      <trkpt lat="22.231855000000003" lon="113.996745">
        <ele>78</ele>
        <extensions>
          <distance>75556</distance>
        </extensions>
      </trkpt>
      <trkpt lat="22.23168" lon="113.9966">
        <ele>84</ele>
        <extensions>
          <distance>75581</distance>
        </extensions>
      </trkpt>
      <trkpt lat="22.231472500000002" lon="113.99656">
        <ele>89</ele>
        <extensions>
          <distance>75605</distance>
        </extensions>
      </trkpt>
      <trkpt lat="22.231265" lon="113.99652">
        <ele>92</ele>
        <extensions>
          <distance>75629</distance>
        </extensions>
      </trkpt>
      <trkpt lat="22.2310575" lon="113.99648">
        <ele>93</ele>
        <extensions>
          <distance>75652</distance>
        </extensions>
      </trkpt>
      <trkpt lat="22.23085" lon="113.99644">
        <ele>94</ele>
        <extensions>
          <distance>75676</distance>
        </extensions>
      </trkpt>
      <trkpt lat="22.230745" lon="113.9962825">
        <ele>97</ele>
        <extensions>
          <distance>75696</distance>
        </extensions>
      </trkpt>
      <trkpt lat="22.23064" lon="113.996125">
        <ele>100</ele>
        <extensions>
          <distance>75716</distance>
        </extensions>
      </trkpt>
      <trkpt lat="22.230535" lon="113.9959675">
        <ele>103</ele>
        <extensions>
          <distance>75736</distance>
        </extensions>
      </trkpt>
      <trkpt lat="22.23043" lon="113.99581">
        <ele>105</ele>
        <extensions>
          <distance>75756</distance>
        </extensions>
      </trkpt>
      <trkpt lat="22.230301249999997" lon="113.995765">
        <ele>106</ele>
        <extensions>
          <distance>75771</distance>
        </extensions>
      </trkpt>
      <trkpt lat="22.2301725" lon="113.99572">
        <ele>109</ele>
        <extensions>
          <distance>75787</distance>
        </extensions>
      </trkpt>
      <trkpt lat="22.23004375" lon="113.995675">
        <ele>112</ele>
        <extensions>
          <distance>75802</distance>
        </extensions>
      </trkpt>
      <trkpt lat="22.229915" lon="113.99563">
        <ele>115</ele>
        <extensions>
          <distance>75817</distance>
        </extensions>
      </trkpt>
      <trkpt lat="22.229786249999997" lon="113.995585">
        <ele>117</ele>
        <extensions>
          <distance>75832</distance>
        </extensions>
      </trkpt>
      <trkpt lat="22.2296575" lon="113.99554">
        <ele>118</ele>
        <extensions>
          <distance>75847</distance>
        </extensions>
      </trkpt>
      <trkpt lat="22.22952875" lon="113.995495">
        <ele>118</ele>
        <extensions>
          <distance>75862</distance>
        </extensions>
      </trkpt>
      <trkpt lat="22.2294" lon="113.99545">
        <ele>118</ele>
        <extensions>
          <distance>75877</distance>
        </extensions>
      </trkpt>
      <trkpt lat="22.229205" lon="113.9952825">
        <ele>119</ele>
        <extensions>
          <distance>75905</distance>
        </extensions>
      </trkpt>
      <trkpt lat="22.22901" lon="113.995115">
        <ele>120</ele>
        <extensions>
          <distance>75933</distance>
        </extensions>
      </trkpt>
      <trkpt lat="22.228814999999997" lon="113.9949475">
        <ele>124</ele>
        <extensions>
          <distance>75961</distance>
        </extensions>
      </trkpt>
      <trkpt lat="22.22862" lon="113.99478">
        <ele>132</ele>
        <extensions>
          <distance>75989</distance>
        </extensions>
      </trkpt>
      <trkpt lat="22.228425" lon="113.99461250000002">
        <ele>140</ele>
        <extensions>
          <distance>76018</distance>
        </extensions>
      </trkpt>
      <trkpt lat="22.22823" lon="113.99444500000001">
        <ele>147</ele>
        <extensions>
          <distance>76047</distance>
        </extensions>
      </trkpt>
      <trkpt lat="22.228035" lon="113.99427750000001">
        <ele>147</ele>
        <extensions>
          <distance>76074</distance>
        </extensions>
      </trkpt>
      <trkpt lat="22.22784" lon="113.99411">
        <ele>150</ele>
        <extensions>
          <distance>76102</distance>
        </extensions>
      </trkpt>
      <trkpt lat="22.22767" lon="113.99404750000001">
        <ele>155</ele>
        <extensions>
          <distance>76123</distance>
        </extensions>
      </trkpt>
      <trkpt lat="22.2275" lon="113.99398500000001">
        <ele>159</ele>
        <extensions>
          <distance>76143</distance>
        </extensions>
      </trkpt>
      <trkpt lat="22.227330000000002" lon="113.9939225">
        <ele>166</ele>
        <extensions>
          <distance>76164</distance>
        </extensions>
      </trkpt>
      <trkpt lat="22.22716" lon="113.99386">
        <ele>174</ele>
        <extensions>
          <distance>76185</distance>
        </extensions>
      </trkpt>
      <trkpt lat="22.227020000000003" lon="113.993615">
        <ele>183</ele>
        <extensions>
          <distance>76216</distance>
        </extensions>
      </trkpt>
      <trkpt lat="22.22688" lon="113.99337">
        <ele>192</ele>
        <extensions>
          <distance>76247</distance>
        </extensions>
      </trkpt>
      <trkpt lat="22.226925" lon="113.9931">
        <ele>195</ele>
        <extensions>
          <distance>76276</distance>
        </extensions>
      </trkpt>
      <trkpt lat="22.22697" lon="113.99283">
        <ele>195</ele>
        <extensions>
          <distance>76304</distance>
        </extensions>
      </trkpt>
      <trkpt lat="22.227132500000003" lon="113.99276">
        <ele>195</ele>
        <extensions>
          <distance>76323</distance>
        </extensions>
      </trkpt>
      <trkpt lat="22.227295" lon="113.99269">
        <ele>195</ele>
        <extensions>
          <distance>76343</distance>
        </extensions>
      </trkpt>
      <trkpt lat="22.2274575" lon="113.99261999999999">
        <ele>195</ele>
        <extensions>
          <distance>76362</distance>
        </extensions>
      </trkpt>
      <trkpt lat="22.22762" lon="113.99255">
        <ele>195</ele>
        <extensions>
          <distance>76382</distance>
        </extensions>
      </trkpt>
      <trkpt lat="22.22750625" lon="113.99247125">
        <ele>195</ele>
        <extensions>
          <distance>76397</distance>
        </extensions>
      </trkpt>
      <trkpt lat="22.2273925" lon="113.9923925">
        <ele>201</ele>
        <extensions>
          <distance>76412</distance>
        </extensions>
      </trkpt>
      <trkpt lat="22.22727875" lon="113.99231375">
        <ele>206</ele>
        <extensions>
          <distance>76428</distance>
        </extensions>
      </trkpt>
      <trkpt lat="22.227165" lon="113.992235">
        <ele>213</ele>
        <extensions>
          <distance>76444</distance>
        </extensions>
      </trkpt>
      <trkpt lat="22.22705125" lon="113.99215625">
        <ele>219</ele>
        <extensions>
          <distance>76460</distance>
        </extensions>
      </trkpt>
      <trkpt lat="22.2269375" lon="113.9920775">
        <ele>229</ele>
        <extensions>
          <distance>76478</distance>
        </extensions>
      </trkpt>
      <trkpt lat="22.22682375" lon="113.99199875">
        <ele>237</ele>
        <extensions>
          <distance>76495</distance>
        </extensions>
      </trkpt>
      <trkpt lat="22.22671" lon="113.99192">
        <ele>246</ele>
        <extensions>
          <distance>76513</distance>
        </extensions>
      </trkpt>
      <trkpt lat="22.22662" lon="113.991745">
        <ele>252</ele>
        <extensions>
          <distance>76534</distance>
        </extensions>
      </trkpt>
      <trkpt lat="22.22653" lon="113.99157">
        <ele>254</ele>
        <extensions>
          <distance>76555</distance>
        </extensions>
      </trkpt>
      <trkpt lat="22.22644" lon="113.991395">
        <ele>255</ele>
        <extensions>
          <distance>76575</distance>
        </extensions>
      </trkpt>
      <trkpt lat="22.22635" lon="113.99122">
        <ele>258</ele>
        <extensions>
          <distance>76596</distance>
        </extensions>
      </trkpt>
      <trkpt lat="22.226487499999998" lon="113.99110125">
        <ele>259</ele>
        <extensions>
          <distance>76616</distance>
        </extensions>
      </trkpt>
      <trkpt lat="22.226625" lon="113.9909825">
        <ele>259</ele>
        <extensions>
          <distance>76635</distance>
        </extensions>
      </trkpt>
      <trkpt lat="22.2267625" lon="113.99086375">
        <ele>260</ele>
        <extensions>
          <distance>76655</distance>
        </extensions>
      </trkpt>
      <trkpt lat="22.2269" lon="113.990745">
        <ele>260</ele>
        <extensions>
          <distance>76675</distance>
        </extensions>
      </trkpt>
      <trkpt lat="22.2270375" lon="113.99062625">
        <ele>264</ele>
        <extensions>
          <distance>76694</distance>
        </extensions>
      </trkpt>
      <trkpt lat="22.227175000000003" lon="113.9905075">
        <ele>270</ele>
        <extensions>
          <distance>76715</distance>
        </extensions>
      </trkpt>
      <trkpt lat="22.227312500000004" lon="113.99038875">
        <ele>277</ele>
        <extensions>
          <distance>76735</distance>
        </extensions>
      </trkpt>
      <trkpt lat="22.22745" lon="113.99027">
        <ele>277</ele>
        <extensions>
          <distance>76755</distance>
        </extensions>
      </trkpt>
      <trkpt lat="22.227543750000002" lon="113.99014249999999">
        <ele>277</ele>
        <extensions>
          <distance>76772</distance>
        </extensions>
      </trkpt>
      <trkpt lat="22.2276375" lon="113.990015">
        <ele>277</ele>
        <extensions>
          <distance>76788</distance>
        </extensions>
      </trkpt>
      <trkpt lat="22.22773125" lon="113.9898875">
        <ele>274</ele>
        <extensions>
          <distance>76805</distance>
        </extensions>
      </trkpt>
      <trkpt lat="22.227825000000003" lon="113.98975999999999">
        <ele>270</ele>
        <extensions>
          <distance>76823</distance>
        </extensions>
      </trkpt>
      <trkpt lat="22.22791875" lon="113.9896325">
        <ele>268</ele>
        <extensions>
          <distance>76839</distance>
        </extensions>
      </trkpt>
      <trkpt lat="22.228012500000002" lon="113.989505">
        <ele>268</ele>
        <extensions>
          <distance>76856</distance>
        </extensions>
      </trkpt>
      <trkpt lat="22.228106250000003" lon="113.98937749999999">
        <ele>268</ele>
        <extensions>
          <distance>76873</distance>
        </extensions>
      </trkpt>
      <trkpt lat="22.2282" lon="113.98925">
        <ele>268</ele>
        <extensions>
          <distance>76890</distance>
        </extensions>
      </trkpt>
      <trkpt lat="22.22832375" lon="113.98917875000001">
        <ele>269</ele>
        <extensions>
          <distance>76905</distance>
        </extensions>
      </trkpt>
      <trkpt lat="22.2284475" lon="113.9891075">
        <ele>270</ele>
        <extensions>
          <distance>76921</distance>
        </extensions>
      </trkpt>
      <trkpt lat="22.22857125" lon="113.98903625">
        <ele>271</ele>
        <extensions>
          <distance>76936</distance>
        </extensions>
      </trkpt>
      <trkpt lat="22.228695000000002" lon="113.98896500000001">
        <ele>272</ele>
        <extensions>
          <distance>76952</distance>
        </extensions>
      </trkpt>
      <trkpt lat="22.228818750000002" lon="113.98889375">
        <ele>273</ele>
        <extensions>
          <distance>76968</distance>
        </extensions>
      </trkpt>
      <trkpt lat="22.228942500000002" lon="113.9888225">
        <ele>273</ele>
        <extensions>
          <distance>76983</distance>
        </extensions>
      </trkpt>
      <trkpt lat="22.229066250000002" lon="113.98875125">
        <ele>273</ele>
        <extensions>
          <distance>76999</distance>
        </extensions>
      </trkpt>
      <trkpt lat="22.22919" lon="113.98868">
        <ele>273</ele>
        <extensions>
          <distance>77014</distance>
        </extensions>
      </trkpt>
      <trkpt lat="22.229245" lon="113.9884725">
        <ele>273</ele>
        <extensions>
          <distance>77036</distance>
        </extensions>
      </trkpt>
      <trkpt lat="22.229300000000002" lon="113.988265">
        <ele>270</ele>
        <extensions>
          <distance>77059</distance>
        </extensions>
      </trkpt>
      <trkpt lat="22.229355" lon="113.9880575">
        <ele>264</ele>
        <extensions>
          <distance>77082</distance>
        </extensions>
      </trkpt>
      <trkpt lat="22.22941" lon="113.98785">
        <ele>259</ele>
        <extensions>
          <distance>77105</distance>
        </extensions>
      </trkpt>
      <trkpt lat="22.22933" lon="113.98764">
        <ele>253</ele>
        <extensions>
          <distance>77129</distance>
        </extensions>
      </trkpt>
      <trkpt lat="22.22925" lon="113.98742999999999">
        <ele>245</ele>
        <extensions>
          <distance>77153</distance>
        </extensions>
      </trkpt>
      <trkpt lat="22.22917" lon="113.98722">
        <ele>239</ele>
        <extensions>
          <distance>77178</distance>
        </extensions>
      </trkpt>
      <trkpt lat="22.22909" lon="113.98701">
        <ele>229</ele>
        <extensions>
          <distance>77203</distance>
        </extensions>
      </trkpt>
      <trkpt lat="22.229115" lon="113.9868125">
        <ele>225</ele>
        <extensions>
          <distance>77224</distance>
        </extensions>
      </trkpt>
      <trkpt lat="22.22914" lon="113.986615">
        <ele>222</ele>
        <extensions>
          <distance>77245</distance>
        </extensions>
      </trkpt>
      <trkpt lat="22.229165000000002" lon="113.9864175">
        <ele>222</ele>
        <extensions>
          <distance>77265</distance>
        </extensions>
      </trkpt>
      <trkpt lat="22.22919" lon="113.98622">
        <ele>222</ele>
        <extensions>
          <distance>77286</distance>
        </extensions>
      </trkpt>
      <trkpt lat="22.229214999999996" lon="113.9860225">
        <ele>222</ele>
        <extensions>
          <distance>77306</distance>
        </extensions>
      </trkpt>
      <trkpt lat="22.229239999999997" lon="113.985825">
        <ele>227</ele>
        <extensions>
          <distance>77327</distance>
        </extensions>
      </trkpt>
      <trkpt lat="22.229264999999998" lon="113.98562749999999">
        <ele>244</ele>
        <extensions>
          <distance>77354</distance>
        </extensions>
      </trkpt>
      <trkpt lat="22.22929" lon="113.98543">
        <ele>255</ele>
        <extensions>
          <distance>77377</distance>
        </extensions>
      </trkpt>
      <trkpt lat="22.229345" lon="113.9852875">
        <ele>259</ele>
        <extensions>
          <distance>77393</distance>
        </extensions>
      </trkpt>
      <trkpt lat="22.2294" lon="113.98514499999999">
        <ele>261</ele>
        <extensions>
          <distance>77409</distance>
        </extensions>
      </trkpt>
      <trkpt lat="22.229455" lon="113.9850025">
        <ele>265</ele>
        <extensions>
          <distance>77426</distance>
        </extensions>
      </trkpt>
      <trkpt lat="22.22951" lon="113.98486">
        <ele>267</ele>
        <extensions>
          <distance>77442</distance>
        </extensions>
      </trkpt>
      <trkpt lat="22.229689999999998" lon="113.98477">
        <ele>268</ele>
        <extensions>
          <distance>77464</distance>
        </extensions>
      </trkpt>
      <trkpt lat="22.22987" lon="113.98468">
        <ele>270</ele>
        <extensions>
          <distance>77486</distance>
        </extensions>
      </trkpt>
      <trkpt lat="22.23005" lon="113.98459">
        <ele>270</ele>
        <extensions>
          <distance>77508</distance>
        </extensions>
      </trkpt>
      <trkpt lat="22.23023" lon="113.9845">
        <ele>270</ele>
        <extensions>
          <distance>77530</distance>
        </extensions>
      </trkpt>
      <trkpt lat="22.23039625" lon="113.98458375">
        <ele>270</ele>
        <extensions>
          <distance>77550</distance>
        </extensions>
      </trkpt>
      <trkpt lat="22.230562499999998" lon="113.9846675">
        <ele>270</ele>
        <extensions>
          <distance>77571</distance>
        </extensions>
      </trkpt>
      <trkpt lat="22.230728749999997" lon="113.98475125">
        <ele>268</ele>
        <extensions>
          <distance>77591</distance>
        </extensions>
      </trkpt>
      <trkpt lat="22.230895" lon="113.984835">
        <ele>267</ele>
        <extensions>
          <distance>77611</distance>
        </extensions>
      </trkpt>
      <trkpt lat="22.231061250000003" lon="113.98491875">
        <ele>260</ele>
        <extensions>
          <distance>77633</distance>
        </extensions>
      </trkpt>
      <trkpt lat="22.231227500000003" lon="113.98500250000001">
        <ele>254</ele>
        <extensions>
          <distance>77654</distance>
        </extensions>
      </trkpt>
      <trkpt lat="22.231393750000002" lon="113.98508625">
        <ele>248</ele>
        <extensions>
          <distance>77675</distance>
        </extensions>
      </trkpt>
      <trkpt lat="22.23156" lon="113.98517">
        <ele>242</ele>
        <extensions>
          <distance>77696</distance>
        </extensions>
      </trkpt>
      <trkpt lat="22.231677500000004" lon="113.98529124999999">
        <ele>236</ele>
        <extensions>
          <distance>77715</distance>
        </extensions>
      </trkpt>
      <trkpt lat="22.231795" lon="113.9854125">
        <ele>232</ele>
        <extensions>
          <distance>77734</distance>
        </extensions>
      </trkpt>
      <trkpt lat="22.2319125" lon="113.98553375">
        <ele>229</ele>
        <extensions>
          <distance>77752</distance>
        </extensions>
      </trkpt>
      <trkpt lat="22.23203" lon="113.98565500000001">
        <ele>227</ele>
        <extensions>
          <distance>77770</distance>
        </extensions>
      </trkpt>
      <trkpt lat="22.232147500000004" lon="113.98577625000001">
        <ele>223</ele>
        <extensions>
          <distance>77789</distance>
        </extensions>
      </trkpt>
      <trkpt lat="22.232265" lon="113.98589750000001">
        <ele>217</ele>
        <extensions>
          <distance>77808</distance>
        </extensions>
      </trkpt>
      <trkpt lat="22.2323825" lon="113.98601875">
        <ele>210</ele>
        <extensions>
          <distance>77827</distance>
        </extensions>
      </trkpt>
      <trkpt lat="22.2325" lon="113.98614">
        <ele>205</ele>
        <extensions>
          <distance>77846</distance>
        </extensions>
      </trkpt>
      <trkpt lat="22.232592500000003" lon="113.9863125">
        <ele>204</ele>
        <extensions>
          <distance>77866</distance>
        </extensions>
      </trkpt>
      <trkpt lat="22.232685" lon="113.986485">
        <ele>203</ele>
        <extensions>
          <distance>77887</distance>
        </extensions>
      </trkpt>
      <trkpt lat="22.232777499999997" lon="113.9866575">
        <ele>203</ele>
        <extensions>
          <distance>77908</distance>
        </extensions>
      </trkpt>
      <trkpt lat="22.23287" lon="113.98683">
        <ele>199</ele>
        <extensions>
          <distance>77928</distance>
        </extensions>
      </trkpt>
      <trkpt lat="22.23306375" lon="113.9869325">
        <ele>191</ele>
        <extensions>
          <distance>77953</distance>
        </extensions>
      </trkpt>
      <trkpt lat="22.2332575" lon="113.98703499999999">
        <ele>180</ele>
        <extensions>
          <distance>77980</distance>
        </extensions>
      </trkpt>
      <trkpt lat="22.23345125" lon="113.98713749999999">
        <ele>172</ele>
        <extensions>
          <distance>78005</distance>
        </extensions>
      </trkpt>
      <trkpt lat="22.233645" lon="113.98724">
        <ele>169</ele>
        <extensions>
          <distance>78029</distance>
        </extensions>
      </trkpt>
      <trkpt lat="22.233838749999997" lon="113.98734250000001">
        <ele>166</ele>
        <extensions>
          <distance>78053</distance>
        </extensions>
      </trkpt>
      <trkpt lat="22.234032499999998" lon="113.98744500000001">
        <ele>163</ele>
        <extensions>
          <distance>78077</distance>
        </extensions>
      </trkpt>
      <trkpt lat="22.23422625" lon="113.9875475">
        <ele>157</ele>
        <extensions>
          <distance>78102</distance>
        </extensions>
      </trkpt>
      <trkpt lat="22.23442" lon="113.98765">
        <ele>149</ele>
        <extensions>
          <distance>78127</distance>
        </extensions>
      </trkpt>
      <trkpt lat="22.234505" lon="113.987765">
        <ele>147</ele>
        <extensions>
          <distance>78142</distance>
        </extensions>
      </trkpt>
      <trkpt lat="22.23459" lon="113.98788">
        <ele>143</ele>
        <extensions>
          <distance>78158</distance>
        </extensions>
      </trkpt>
      <trkpt lat="22.234675000000003" lon="113.98799500000001">
        <ele>140</ele>
        <extensions>
          <distance>78174</distance>
        </extensions>
      </trkpt>
      <trkpt lat="22.23476" lon="113.98811">
        <ele>136</ele>
        <extensions>
          <distance>78189</distance>
        </extensions>
      </trkpt>
      <trkpt lat="22.234885000000002" lon="113.987965">
        <ele>132</ele>
        <extensions>
          <distance>78210</distance>
        </extensions>
      </trkpt>
      <trkpt lat="22.235010000000003" lon="113.98782">
        <ele>128</ele>
        <extensions>
          <distance>78231</distance>
        </extensions>
      </trkpt>
      <trkpt lat="22.235135" lon="113.987675">
        <ele>121</ele>
        <extensions>
          <distance>78252</distance>
        </extensions>
      </trkpt>
      <trkpt lat="22.23526" lon="113.98753">
        <ele>115</ele>
        <extensions>
          <distance>78274</distance>
        </extensions>
      </trkpt>
      <trkpt lat="22.2354925" lon="113.98747750000001">
        <ele>107</ele>
        <extensions>
          <distance>78301</distance>
        </extensions>
      </trkpt>
      <trkpt lat="22.235725000000002" lon="113.987425">
        <ele>99</ele>
        <extensions>
          <distance>78329</distance>
        </extensions>
      </trkpt>
      <trkpt lat="22.2359575" lon="113.98737249999999">
        <ele>89</ele>
        <extensions>
          <distance>78357</distance>
        </extensions>
      </trkpt>
      <trkpt lat="22.23619" lon="113.98732">
        <ele>82</ele>
        <extensions>
          <distance>78384</distance>
        </extensions>
      </trkpt>
      <trkpt lat="22.2363675" lon="113.9873225">
        <ele>78</ele>
        <extensions>
          <distance>78404</distance>
        </extensions>
      </trkpt>
      <trkpt lat="22.236545" lon="113.987325">
        <ele>76</ele>
        <extensions>
          <distance>78424</distance>
        </extensions>
      </trkpt>
      <trkpt lat="22.2367225" lon="113.98732749999999">
        <ele>75</ele>
        <extensions>
          <distance>78443</distance>
        </extensions>
      </trkpt>
      <trkpt lat="22.2369" lon="113.98733">
        <ele>73</ele>
        <extensions>
          <distance>78463</distance>
        </extensions>
      </trkpt>
      <trkpt lat="22.237029999999997" lon="113.98741000000001">
        <ele>72</ele>
        <extensions>
          <distance>78480</distance>
        </extensions>
      </trkpt>
      <trkpt lat="22.23716" lon="113.98749000000001">
        <ele>72</ele>
        <extensions>
          <distance>78496</distance>
        </extensions>
      </trkpt>
      <trkpt lat="22.23729" lon="113.98757">
        <ele>70</ele>
        <extensions>
          <distance>78513</distance>
        </extensions>
      </trkpt>
      <trkpt lat="22.23742" lon="113.98765">
        <ele>69</ele>
        <extensions>
          <distance>78530</distance>
        </extensions>
      </trkpt>
      <trkpt lat="22.23755" lon="113.98773">
        <ele>69</ele>
        <extensions>
          <distance>78546</distance>
        </extensions>
      </trkpt>
      <trkpt lat="22.237679999999997" lon="113.98781">
        <ele>69</ele>
        <extensions>
          <distance>78563</distance>
        </extensions>
      </trkpt>
      <trkpt lat="22.237809999999996" lon="113.98789">
        <ele>68</ele>
        <extensions>
          <distance>78579</distance>
        </extensions>
      </trkpt>
      <trkpt lat="22.23794" lon="113.98797">
        <ele>66</ele>
        <extensions>
          <distance>78596</distance>
        </extensions>
      </trkpt>
      <trkpt lat="22.23803" lon="113.9877">
        <ele>61</ele>
        <extensions>
          <distance>78626</distance>
        </extensions>
      </trkpt>
      <trkpt lat="22.238225" lon="113.987765">
        <ele>55</ele>
        <extensions>
          <distance>78649</distance>
        </extensions>
      </trkpt>
      <trkpt lat="22.23842" lon="113.98783">
        <ele>47</ele>
        <extensions>
          <distance>78673</distance>
        </extensions>
      </trkpt>
      <trkpt lat="22.23863" lon="113.98772500000001">
        <ele>44</ele>
        <extensions>
          <distance>78699</distance>
        </extensions>
      </trkpt>
      <trkpt lat="22.23884" lon="113.98762">
        <ele>44</ele>
        <extensions>
          <distance>78725</distance>
        </extensions>
      </trkpt>
      <trkpt lat="22.238785" lon="113.987825">
        <ele>43</ele>
        <extensions>
          <distance>78747</distance>
        </extensions>
      </trkpt>
      <trkpt lat="22.23873" lon="113.98803">
        <ele>42</ele>
        <extensions>
          <distance>78769</distance>
        </extensions>
      </trkpt>
      <trkpt lat="22.23876875" lon="113.98830999999998">
        <ele>37</ele>
        <extensions>
          <distance>78799</distance>
        </extensions>
      </trkpt>
      <trkpt lat="22.2388075" lon="113.98858999999999">
        <ele>33</ele>
        <extensions>
          <distance>78828</distance>
        </extensions>
      </trkpt>
      <trkpt lat="22.23884625" lon="113.98886999999999">
        <ele>25</ele>
        <extensions>
          <distance>78858</distance>
        </extensions>
      </trkpt>
      <trkpt lat="22.238885" lon="113.98915">
        <ele>20</ele>
        <extensions>
          <distance>78888</distance>
        </extensions>
      </trkpt>
      <trkpt lat="22.238923749999998" lon="113.98943">
        <ele>15</ele>
        <extensions>
          <distance>78917</distance>
        </extensions>
      </trkpt>
      <trkpt lat="22.2389625" lon="113.98971">
        <ele>11</ele>
        <extensions>
          <distance>78947</distance>
        </extensions>
      </trkpt>
      <trkpt lat="22.23900125" lon="113.98999">
        <ele>10</ele>
        <extensions>
          <distance>78976</distance>
        </extensions>
      </trkpt>
      <trkpt lat="22.23904" lon="113.99027">
        <ele>6</ele>
        <extensions>
          <distance>79006</distance>
        </extensions>
      </trkpt>
      <trkpt lat="22.2389225" lon="113.99046999999999">
        <ele>6</ele>
        <extensions>
          <distance>79030</distance>
        </extensions>
      </trkpt>
      <trkpt lat="22.238805" lon="113.99067">
        <ele>6</ele>
        <extensions>
          <distance>79054</distance>
        </extensions>
      </trkpt>
      <trkpt lat="22.238687499999997" lon="113.99087">
        <ele>6</ele>
        <extensions>
          <distance>79079</distance>
        </extensions>
      </trkpt>
      <trkpt lat="22.23857" lon="113.99107">
        <ele>12</ele>
        <extensions>
          <distance>79103</distance>
        </extensions>
      </trkpt>
      <trkpt lat="22.238566249999998" lon="113.99124874999998">
        <ele>16</ele>
        <extensions>
          <distance>79122</distance>
        </extensions>
      </trkpt>
      <trkpt lat="22.2385625" lon="113.99142749999999">
        <ele>20</ele>
        <extensions>
          <distance>79141</distance>
        </extensions>
      </trkpt>
      <trkpt lat="22.23855875" lon="113.99160624999999">
        <ele>22</ele>
        <extensions>
          <distance>79160</distance>
        </extensions>
      </trkpt>
      <trkpt lat="22.238554999999998" lon="113.991785">
        <ele>22</ele>
        <extensions>
          <distance>79178</distance>
        </extensions>
      </trkpt>
      <trkpt lat="22.23855125" lon="113.99196375">
        <ele>22</ele>
        <extensions>
          <distance>79196</distance>
        </extensions>
      </trkpt>
      <trkpt lat="22.2385475" lon="113.9921425">
        <ele>22</ele>
        <extensions>
          <distance>79215</distance>
        </extensions>
      </trkpt>
      <trkpt lat="22.238543749999998" lon="113.99232125">
        <ele>21</ele>
        <extensions>
          <distance>79233</distance>
        </extensions>
      </trkpt>
      <trkpt lat="22.23854" lon="113.9925">
        <ele>17</ele>
        <extensions>
          <distance>79252</distance>
        </extensions>
      </trkpt>
      <trkpt lat="22.238715" lon="113.9925975">
        <ele>9</ele>
        <extensions>
          <distance>79275</distance>
        </extensions>
      </trkpt>
      <trkpt lat="22.23889" lon="113.992695">
        <ele>3</ele>
        <extensions>
          <distance>79298</distance>
        </extensions>
      </trkpt>
      <trkpt lat="22.239065000000004" lon="113.99279250000001">
        <ele>2</ele>
        <extensions>
          <distance>79320</distance>
        </extensions>
      </trkpt>
      <trkpt lat="22.239240000000002" lon="113.99289">
        <ele>2</ele>
        <extensions>
          <distance>79342</distance>
        </extensions>
      </trkpt>
      <trkpt lat="22.239415" lon="113.9929875">
        <ele>2</ele>
        <extensions>
          <distance>79364</distance>
        </extensions>
      </trkpt>
      <trkpt lat="22.23959" lon="113.99308500000001">
        <ele>1</ele>
        <extensions>
          <distance>79385</distance>
        </extensions>
      </trkpt>
      <trkpt lat="22.239765" lon="113.9931825">
        <ele>-1</ele>
        <extensions>
          <distance>79407</distance>
        </extensions>
      </trkpt>
      <trkpt lat="22.23994" lon="113.99328">
        <ele>-2</ele>
        <extensions>
          <distance>79429</distance>
        </extensions>
      </trkpt>
      <trkpt lat="22.240115000000003" lon="113.993345">
        <ele>-2</ele>
        <extensions>
          <distance>79450</distance>
        </extensions>
      </trkpt>
      <trkpt lat="22.24029" lon="113.99341">
        <ele>-2</ele>
        <extensions>
          <distance>79470</distance>
        </extensions>
      </trkpt>
      <trkpt lat="22.240465" lon="113.99347499999999">
        <ele>-2</ele>
        <extensions>
          <distance>79491</distance>
        </extensions>
      </trkpt>
      <trkpt lat="22.24064" lon="113.99354">
        <ele>-2</ele>
        <extensions>
          <distance>79511</distance>
        </extensions>
      </trkpt>
      <trkpt lat="22.24079875" lon="113.9935025">
        <ele>-2</ele>
        <extensions>
          <distance>79529</distance>
        </extensions>
      </trkpt>
      <trkpt lat="22.2409575" lon="113.993465">
        <ele>-2</ele>
        <extensions>
          <distance>79547</distance>
        </extensions>
      </trkpt>
      <trkpt lat="22.24111625" lon="113.9934275">
        <ele>-2</ele>
        <extensions>
          <distance>79565</distance>
        </extensions>
      </trkpt>
      <trkpt lat="22.241275" lon="113.99339">
        <ele>-1</ele>
        <extensions>
          <distance>79583</distance>
        </extensions>
      </trkpt>
      <trkpt lat="22.241433750000002" lon="113.9933525">
        <ele>-1</ele>
        <extensions>
          <distance>79601</distance>
        </extensions>
      </trkpt>
      <trkpt lat="22.241592500000003" lon="113.993315">
        <ele>0</ele>
        <extensions>
          <distance>79619</distance>
        </extensions>
      </trkpt>
      <trkpt lat="22.24175125" lon="113.9932775">
        <ele>3</ele>
        <extensions>
          <distance>79637</distance>
        </extensions>
      </trkpt>
      <trkpt lat="22.24191" lon="113.99324">
        <ele>7</ele>
        <extensions>
          <distance>79656</distance>
        </extensions>
      </trkpt>
      <trkpt lat="22.242053750000004" lon="113.99332625">
        <ele>8</ele>
        <extensions>
          <distance>79674</distance>
        </extensions>
      </trkpt>
      <trkpt lat="22.242197500000003" lon="113.9934125">
        <ele>9</ele>
        <extensions>
          <distance>79692</distance>
        </extensions>
      </trkpt>
      <trkpt lat="22.242341250000003" lon="113.99349875">
        <ele>11</ele>
        <extensions>
          <distance>79711</distance>
        </extensions>
      </trkpt>
      <trkpt lat="22.242485000000002" lon="113.993585">
        <ele>13</ele>
        <extensions>
          <distance>79729</distance>
        </extensions>
      </trkpt>
      <trkpt lat="22.24262875" lon="113.99367125">
        <ele>13</ele>
        <extensions>
          <distance>79747</distance>
        </extensions>
      </trkpt>
      <trkpt lat="22.2427725" lon="113.9937575">
        <ele>13</ele>
        <extensions>
          <distance>79766</distance>
        </extensions>
      </trkpt>
      <trkpt lat="22.24291625" lon="113.99384375">
        <ele>13</ele>
        <extensions>
          <distance>79784</distance>
        </extensions>
      </trkpt>
      <trkpt lat="22.24306" lon="113.99393">
        <ele>13</ele>
        <extensions>
          <distance>79802</distance>
        </extensions>
      </trkpt>
      <trkpt lat="22.243167" lon="113.994055">
        <ele>12</ele>
        <extensions>
          <distance>79820</distance>
        </extensions>
      </trkpt>
      <trkpt lat="22.243239" lon="113.994143">
        <ele>12</ele>
        <extensions>
          <distance>79832</distance>
        </extensions>
      </trkpt>
      <trkpt lat="22.243362" lon="113.994546">
        <ele>12</ele>
        <extensions>
          <distance>79875</distance>
        </extensions>
      </trkpt>
      <trkpt lat="22.243348" lon="113.994903">
        <ele>12</ele>
        <extensions>
          <distance>79912</distance>
        </extensions>
      </trkpt>
      <trkpt lat="22.243318" lon="113.995104">
        <ele>12</ele>
        <extensions>
          <distance>79933</distance>
        </extensions>
      </trkpt>
      <trkpt lat="22.243482" lon="113.995367">
        <ele>12</ele>
        <extensions>
          <distance>79966</distance>
        </extensions>
      </trkpt>
      <trkpt lat="22.243761" lon="113.995508">
        <ele>20</ele>
        <extensions>
          <distance>80000</distance>
        </extensions>
      </trkpt>
      <trkpt lat="22.243955" lon="113.99565">
        <ele>21</ele>
        <extensions>
          <distance>80026</distance>
        </extensions>
      </trkpt>
      <trkpt lat="22.244332" lon="113.996221">
        <ele>22</ele>
        <extensions>
          <distance>80098</distance>
        </extensions>
      </trkpt>
      <trkpt lat="22.244323" lon="113.996559">
        <ele>22</ele>
        <extensions>
          <distance>80133</distance>
        </extensions>
      </trkpt>
      <trkpt lat="22.244467" lon="113.996914">
        <ele>22</ele>
        <extensions>
          <distance>80173</distance>
        </extensions>
      </trkpt>
      <trkpt lat="22.244602" lon="113.997088">
        <ele>22</ele>
        <extensions>
          <distance>80196</distance>
        </extensions>
      </trkpt>
      <trkpt lat="22.244779" lon="113.997254">
        <ele>22</ele>
        <extensions>
          <distance>80222</distance>
        </extensions>
      </trkpt>
      <trkpt lat="22.244881" lon="113.997405">
        <ele>20</ele>
        <extensions>
          <distance>80242</distance>
        </extensions>
      </trkpt>
      <trkpt lat="22.244998" lon="113.99755">
        <ele>19</ele>
        <extensions>
          <distance>80261</distance>
        </extensions>
      </trkpt>
      <trkpt lat="22.245101" lon="113.997627">
        <ele>19</ele>
        <extensions>
          <distance>80275</distance>
        </extensions>
      </trkpt>
      <trkpt lat="22.245231" lon="113.997824">
        <ele>19</ele>
        <extensions>
          <distance>80300</distance>
        </extensions>
      </trkpt>
      <trkpt lat="22.245316" lon="113.997902">
        <ele>19</ele>
        <extensions>
          <distance>80313</distance>
        </extensions>
      </trkpt>
      <trkpt lat="22.24542" lon="113.998173">
        <ele>18</ele>
        <extensions>
          <distance>80343</distance>
        </extensions>
      </trkpt>
      <trkpt lat="22.245454" lon="113.998314">
        <ele>18</ele>
        <extensions>
          <distance>80358</distance>
        </extensions>
      </trkpt>
      <trkpt lat="22.245637" lon="113.998458">
        <ele>17</ele>
        <extensions>
          <distance>80383</distance>
        </extensions>
      </trkpt>
      <trkpt lat="22.245717" lon="113.998532">
        <ele>16</ele>
        <extensions>
          <distance>80395</distance>
        </extensions>
      </trkpt>
      <trkpt lat="22.2457" lon="113.99881">
        <ele>11</ele>
        <extensions>
          <distance>80424</distance>
        </extensions>
      </trkpt>
      <trkpt lat="22.245721" lon="113.998993">
        <ele>11</ele>
        <extensions>
          <distance>80443</distance>
        </extensions>
      </trkpt>
      <trkpt lat="22.245776" lon="113.999048">
        <ele>11</ele>
        <extensions>
          <distance>80451</distance>
        </extensions>
      </trkpt>
      <trkpt lat="22.245919" lon="113.99906">
        <ele>11</ele>
        <extensions>
          <distance>80467</distance>
        </extensions>
      </trkpt>
      <trkpt lat="22.246155" lon="113.99913">
        <ele>12</ele>
        <extensions>
          <distance>80494</distance>
        </extensions>
      </trkpt>
      <trkpt lat="22.246396" lon="113.999221">
        <ele>12</ele>
        <extensions>
          <distance>80523</distance>
        </extensions>
      </trkpt>
      <trkpt lat="22.246596" lon="113.999228">
        <ele>13</ele>
        <extensions>
          <distance>80545</distance>
        </extensions>
      </trkpt>
      <trkpt lat="22.246716" lon="113.999221">
        <ele>13</ele>
        <extensions>
          <distance>80558</distance>
        </extensions>
      </trkpt>
      <trkpt lat="22.24672" lon="113.999405">
        <ele>13</ele>
        <extensions>
          <distance>80577</distance>
        </extensions>
      </trkpt>
      <trkpt lat="22.246836" lon="113.999655">
        <ele>13</ele>
        <extensions>
          <distance>80606</distance>
        </extensions>
      </trkpt>
      <trkpt lat="22.246887" lon="113.999843">
        <ele>14</ele>
        <extensions>
          <distance>80626</distance>
        </extensions>
      </trkpt>
      <trkpt lat="22.24699" lon="113.999992">
        <ele>14</ele>
        <extensions>
          <distance>80645</distance>
        </extensions>
      </trkpt>
      <trkpt lat="22.247292" lon="114.00013">
        <ele>15</ele>
        <extensions>
          <distance>80681</distance>
        </extensions>
      </trkpt>
      <trkpt lat="22.247545" lon="114.000296">
        <ele>16</ele>
        <extensions>
          <distance>80714</distance>
        </extensions>
      </trkpt>
      <trkpt lat="22.247746" lon="114.000385">
        <ele>16</ele>
        <extensions>
          <distance>80738</distance>
        </extensions>
      </trkpt>
      <trkpt lat="22.248295" lon="114.000371">
        <ele>16</ele>
        <extensions>
          <distance>80799</distance>
        </extensions>
      </trkpt>
      <trkpt lat="22.248497" lon="114.000527">
        <ele>16</ele>
        <extensions>
          <distance>80827</distance>
        </extensions>
      </trkpt>
      <trkpt lat="22.24877" lon="114.00054">
        <ele>15</ele>
        <extensions>
          <distance>80857</distance>
        </extensions>
      </trkpt>
      <trkpt lat="22.2489" lon="114.000675">
        <ele>9</ele>
        <extensions>
          <distance>80878</distance>
        </extensions>
      </trkpt>
      <trkpt lat="22.249029999999998" lon="114.00081">
        <ele>5</ele>
        <extensions>
          <distance>80898</distance>
        </extensions>
      </trkpt>
      <trkpt lat="22.249159999999996" lon="114.000945">
        <ele>3</ele>
        <extensions>
          <distance>80918</distance>
        </extensions>
      </trkpt>
      <trkpt lat="22.24929" lon="114.00108">
        <ele>3</ele>
        <extensions>
          <distance>80938</distance>
        </extensions>
      </trkpt>
      <trkpt lat="22.249486249999997" lon="114.0009725">
        <ele>3</ele>
        <extensions>
          <distance>80963</distance>
        </extensions>
      </trkpt>
      <trkpt lat="22.2496825" lon="114.000865">
        <ele>3</ele>
        <extensions>
          <distance>80987</distance>
        </extensions>
      </trkpt>
      <trkpt lat="22.24987875" lon="114.0007575">
        <ele>5</ele>
        <extensions>
          <distance>81012</distance>
        </extensions>
      </trkpt>
      <trkpt lat="22.250075" lon="114.00065000000001">
        <ele>5</ele>
        <extensions>
          <distance>81036</distance>
        </extensions>
      </trkpt>
      <trkpt lat="22.250271249999997" lon="114.00054250000001">
        <ele>6</ele>
        <extensions>
          <distance>81060</distance>
        </extensions>
      </trkpt>
      <trkpt lat="22.2504675" lon="114.00043500000001">
        <ele>6</ele>
        <extensions>
          <distance>81085</distance>
        </extensions>
      </trkpt>
      <trkpt lat="22.25066375" lon="114.0003275">
        <ele>6</ele>
        <extensions>
          <distance>81109</distance>
        </extensions>
      </trkpt>
      <trkpt lat="22.25086" lon="114.00022">
        <ele>6</ele>
        <extensions>
          <distance>81134</distance>
        </extensions>
      </trkpt>
      <trkpt lat="22.251035" lon="114.00010499999999">
        <ele>7</ele>
        <extensions>
          <distance>81156</distance>
        </extensions>
      </trkpt>
      <trkpt lat="22.25121" lon="113.99999">
        <ele>7</ele>
        <extensions>
          <distance>81179</distance>
        </extensions>
      </trkpt>
      <trkpt lat="22.251375" lon="113.99994">
        <ele>7</ele>
        <extensions>
          <distance>81198</distance>
        </extensions>
      </trkpt>
      <trkpt lat="22.25154" lon="113.99989">
        <ele>7</ele>
        <extensions>
          <distance>81217</distance>
        </extensions>
      </trkpt>
      <trkpt lat="22.251745" lon="113.999995">
        <ele>12</ele>
        <extensions>
          <distance>81242</distance>
        </extensions>
      </trkpt>
      <trkpt lat="22.25184" lon="114.00017">
        <ele>21</ele>
        <extensions>
          <distance>81265</distance>
        </extensions>
      </trkpt>
      <trkpt lat="22.251959" lon="114.000118">
        <ele>21</ele>
        <extensions>
          <distance>81279</distance>
        </extensions>
      </trkpt>
      <trkpt lat="22.252035" lon="114.000173">
        <ele>24</ele>
        <extensions>
          <distance>81290</distance>
        </extensions>
      </trkpt>
      <trkpt lat="22.252257" lon="114.000094">
        <ele>25</ele>
        <extensions>
          <distance>81316</distance>
        </extensions>
      </trkpt>
      <trkpt lat="22.252376" lon="114.000003">
        <ele>26</ele>
        <extensions>
          <distance>81332</distance>
        </extensions>
      </trkpt>
      <trkpt lat="22.252456" lon="113.999882">
        <ele>29</ele>
        <extensions>
          <distance>81347</distance>
        </extensions>
      </trkpt>
      <trkpt lat="22.252551" lon="113.999685">
        <ele>31</ele>
        <extensions>
          <distance>81370</distance>
        </extensions>
      </trkpt>
      <trkpt lat="22.252579" lon="113.999596">
        <ele>33</ele>
        <extensions>
          <distance>81380</distance>
        </extensions>
      </trkpt>
      <trkpt lat="22.252652" lon="113.99951">
        <ele>37</ele>
        <extensions>
          <distance>81393</distance>
        </extensions>
      </trkpt>
      <trkpt lat="22.25287" lon="113.999394">
        <ele>44</ele>
        <extensions>
          <distance>81421</distance>
        </extensions>
      </trkpt>
      <trkpt lat="22.253103" lon="113.999319">
        <ele>50</ele>
        <extensions>
          <distance>81448</distance>
        </extensions>
      </trkpt>
      <trkpt lat="22.253347" lon="113.999281">
        <ele>59</ele>
        <extensions>
          <distance>81477</distance>
        </extensions>
      </trkpt>
      <trkpt lat="22.253563" lon="113.999145">
        <ele>66</ele>
        <extensions>
          <distance>81506</distance>
        </extensions>
      </trkpt>
      <trkpt lat="22.253807" lon="113.999123">
        <ele>72</ele>
        <extensions>
          <distance>81533</distance>
        </extensions>
      </trkpt>
      <trkpt lat="22.254042" lon="113.999066">
        <ele>78</ele>
        <extensions>
          <distance>81561</distance>
        </extensions>
      </trkpt>
      <trkpt lat="22.254203" lon="113.999174">
        <ele>83</ele>
        <extensions>
          <distance>81582</distance>
        </extensions>
      </trkpt>
      <trkpt lat="22.25449" lon="113.998915">
        <ele>85</ele>
        <extensions>
          <distance>81624</distance>
        </extensions>
      </trkpt>
      <trkpt lat="22.254734" lon="113.999254">
        <ele>95</ele>
        <extensions>
          <distance>81669</distance>
        </extensions>
      </trkpt>
      <trkpt lat="22.254845" lon="113.999173">
        <ele>96</ele>
        <extensions>
          <distance>81684</distance>
        </extensions>
      </trkpt>
      <trkpt lat="22.254914" lon="113.999156">
        <ele>96</ele>
        <extensions>
          <distance>81692</distance>
        </extensions>
      </trkpt>
      <trkpt lat="22.254977" lon="113.99917">
        <ele>98</ele>
        <extensions>
          <distance>81699</distance>
        </extensions>
      </trkpt>
      <trkpt lat="22.255082" lon="113.999246">
        <ele>98</ele>
        <extensions>
          <distance>81713</distance>
        </extensions>
      </trkpt>
      <trkpt lat="22.254934" lon="113.999442">
        <ele>98</ele>
        <extensions>
          <distance>81739</distance>
        </extensions>
      </trkpt>
      <trkpt lat="22.254762" lon="113.999566">
        <ele>98</ele>
        <extensions>
          <distance>81762</distance>
        </extensions>
      </trkpt>
      <trkpt lat="22.254339" lon="114.00017">
        <ele>98</ele>
        <extensions>
          <distance>81840</distance>
        </extensions>
      </trkpt>
      <trkpt lat="22.254283" lon="114.000425">
        <ele>98</ele>
        <extensions>
          <distance>81867</distance>
        </extensions>
      </trkpt>
      <trkpt lat="22.254244" lon="114.000805">
        <ele>98</ele>
        <extensions>
          <distance>81906</distance>
        </extensions>
      </trkpt>
      <trkpt lat="22.254033" lon="114.000928">
        <ele>98</ele>
        <extensions>
          <distance>81933</distance>
        </extensions>
      </trkpt>
      <trkpt lat="22.253899" lon="114.001187">
        <ele>98</ele>
        <extensions>
          <distance>81964</distance>
        </extensions>
      </trkpt>
      <trkpt lat="22.253844" lon="114.001248">
        <ele>98</ele>
        <extensions>
          <distance>81972</distance>
        </extensions>
      </trkpt>
      <trkpt lat="22.253736" lon="114.001321">
        <ele>99</ele>
        <extensions>
          <distance>81986</distance>
        </extensions>
      </trkpt>
      <trkpt lat="22.253654" lon="114.001428">
        <ele>100</ele>
        <extensions>
          <distance>82001</distance>
        </extensions>
      </trkpt>
      <trkpt lat="22.253523" lon="114.001675">
        <ele>101</ele>
        <extensions>
          <distance>82030</distance>
        </extensions>
      </trkpt>
      <trkpt lat="22.253493" lon="114.001775">
        <ele>101</ele>
        <extensions>
          <distance>82041</distance>
        </extensions>
      </trkpt>
      <trkpt lat="22.253479" lon="114.001885">
        <ele>102</ele>
        <extensions>
          <distance>82052</distance>
        </extensions>
      </trkpt>
      <trkpt lat="22.253494" lon="114.002007">
        <ele>103</ele>
        <extensions>
          <distance>82065</distance>
        </extensions>
      </trkpt>
      <trkpt lat="22.253522" lon="114.002104">
        <ele>104</ele>
        <extensions>
          <distance>82076</distance>
        </extensions>
      </trkpt>
      <trkpt lat="22.253522" lon="114.002206">
        <ele>105</ele>
        <extensions>
          <distance>82086</distance>
        </extensions>
      </trkpt>
      <trkpt lat="22.253509" lon="114.002284">
        <ele>106</ele>
        <extensions>
          <distance>82094</distance>
        </extensions>
      </trkpt>
      <trkpt lat="22.253483" lon="114.002339">
        <ele>106</ele>
        <extensions>
          <distance>82101</distance>
        </extensions>
      </trkpt>
      <trkpt lat="22.253469" lon="114.002398">
        <ele>106</ele>
        <extensions>
          <distance>82107</distance>
        </extensions>
      </trkpt>
      <trkpt lat="22.253461" lon="114.002511">
        <ele>108</ele>
        <extensions>
          <distance>82119</distance>
        </extensions>
      </trkpt>
      <trkpt lat="22.253494" lon="114.002859">
        <ele>115</ele>
        <extensions>
          <distance>82156</distance>
        </extensions>
      </trkpt>
      <trkpt lat="22.253486" lon="114.002955">
        <ele>116</ele>
        <extensions>
          <distance>82166</distance>
        </extensions>
      </trkpt>
      <trkpt lat="22.253469" lon="114.003047">
        <ele>116</ele>
        <extensions>
          <distance>82175</distance>
        </extensions>
      </trkpt>
      <trkpt lat="22.253416" lon="114.003217">
        <ele>117</ele>
        <extensions>
          <distance>82194</distance>
        </extensions>
      </trkpt>
      <trkpt lat="22.253407" lon="114.003287">
        <ele>117</ele>
        <extensions>
          <distance>82201</distance>
        </extensions>
      </trkpt>
      <trkpt lat="22.253413" lon="114.003438">
        <ele>118</ele>
        <extensions>
          <distance>82217</distance>
        </extensions>
      </trkpt>
      <trkpt lat="22.253402" lon="114.003474">
        <ele>118</ele>
        <extensions>
          <distance>82220</distance>
        </extensions>
      </trkpt>
      <trkpt lat="22.253411" lon="114.003506">
        <ele>118</ele>
        <extensions>
          <distance>82224</distance>
        </extensions>
      </trkpt>
      <trkpt lat="22.25351" lon="114.003665">
        <ele>118</ele>
        <extensions>
          <distance>82244</distance>
        </extensions>
      </trkpt>
      <trkpt lat="22.253594" lon="114.003752">
        <ele>118</ele>
        <extensions>
          <distance>82257</distance>
        </extensions>
      </trkpt>
      <trkpt lat="22.253623" lon="114.003825">
        <ele>118</ele>
        <extensions>
          <distance>82265</distance>
        </extensions>
      </trkpt>
      <trkpt lat="22.253664" lon="114.00405">
        <ele>109</ele>
        <extensions>
          <distance>82289</distance>
        </extensions>
      </trkpt>
      <trkpt lat="22.253605" lon="114.00426">
        <ele>102</ele>
        <extensions>
          <distance>82313</distance>
        </extensions>
      </trkpt>
      <trkpt lat="22.253653749999998" lon="114.0044475">
        <ele>101</ele>
        <extensions>
          <distance>82333</distance>
        </extensions>
      </trkpt>
      <trkpt lat="22.2537025" lon="114.00463500000001">
        <ele>101</ele>
        <extensions>
          <distance>82353</distance>
        </extensions>
      </trkpt>
      <trkpt lat="22.25375125" lon="114.0048225">
        <ele>100</ele>
        <extensions>
          <distance>82373</distance>
        </extensions>
      </trkpt>
      <trkpt lat="22.2538" lon="114.00501">
        <ele>100</ele>
        <extensions>
          <distance>82393</distance>
        </extensions>
      </trkpt>
      <trkpt lat="22.253905" lon="114.0051275">
        <ele>100</ele>
        <extensions>
          <distance>82410</distance>
        </extensions>
      </trkpt>
      <trkpt lat="22.25401" lon="114.005245">
        <ele>99</ele>
        <extensions>
          <distance>82426</distance>
        </extensions>
      </trkpt>
      <trkpt lat="22.254115" lon="114.0053625">
        <ele>99</ele>
        <extensions>
          <distance>82443</distance>
        </extensions>
      </trkpt>
      <trkpt lat="22.25422" lon="114.00548">
        <ele>99</ele>
        <extensions>
          <distance>82460</distance>
        </extensions>
      </trkpt>
      <trkpt lat="22.254244999999997" lon="114.00573750000001">
        <ele>95</ele>
        <extensions>
          <distance>82487</distance>
        </extensions>
      </trkpt>
      <trkpt lat="22.254227" lon="114.00603">
        <ele>93</ele>
        <extensions>
          <distance>82517</distance>
        </extensions>
      </trkpt>
      <trkpt lat="22.254265" lon="114.006086">
        <ele>93</ele>
        <extensions>
          <distance>82524</distance>
        </extensions>
      </trkpt>
      <trkpt lat="22.254298" lon="114.006158">
        <ele>93</ele>
        <extensions>
          <distance>82533</distance>
        </extensions>
      </trkpt>
      <trkpt lat="22.254297" lon="114.006418">
        <ele>90</ele>
        <extensions>
          <distance>82559</distance>
        </extensions>
      </trkpt>
      <trkpt lat="22.254317" lon="114.00651">
        <ele>90</ele>
        <extensions>
          <distance>82569</distance>
        </extensions>
      </trkpt>
      <trkpt lat="22.254314" lon="114.006602">
        <ele>89</ele>
        <extensions>
          <distance>82579</distance>
        </extensions>
      </trkpt>
      <trkpt lat="22.254222" lon="114.006823">
        <ele>87</ele>
        <extensions>
          <distance>82604</distance>
        </extensions>
      </trkpt>
      <trkpt lat="22.254197" lon="114.006918">
        <ele>86</ele>
        <extensions>
          <distance>82614</distance>
        </extensions>
      </trkpt>
      <trkpt lat="22.254132" lon="114.007278">
        <ele>81</ele>
        <extensions>
          <distance>82652</distance>
        </extensions>
      </trkpt>
      <trkpt lat="22.254035" lon="114.007454">
        <ele>75</ele>
        <extensions>
          <distance>82674</distance>
        </extensions>
      </trkpt>
      <trkpt lat="22.253881" lon="114.007789">
        <ele>64</ele>
        <extensions>
          <distance>82714</distance>
        </extensions>
      </trkpt>
      <trkpt lat="22.253871" lon="114.007836">
        <ele>63</ele>
        <extensions>
          <distance>82719</distance>
        </extensions>
      </trkpt>
      <trkpt lat="22.253873" lon="114.007902">
        <ele>62</ele>
        <extensions>
          <distance>82726</distance>
        </extensions>
      </trkpt>
      <trkpt lat="22.253858" lon="114.008073">
        <ele>58</ele>
        <extensions>
          <distance>82744</distance>
        </extensions>
      </trkpt>
      <trkpt lat="22.253843" lon="114.008121">
        <ele>57</ele>
        <extensions>
          <distance>82750</distance>
        </extensions>
      </trkpt>
      <trkpt lat="22.253818" lon="114.008165">
        <ele>56</ele>
        <extensions>
          <distance>82755</distance>
        </extensions>
      </trkpt>
      <trkpt lat="22.253804" lon="114.008224">
        <ele>55</ele>
        <extensions>
          <distance>82761</distance>
        </extensions>
      </trkpt>
      <trkpt lat="22.253777" lon="114.008267">
        <ele>54</ele>
        <extensions>
          <distance>82767</distance>
        </extensions>
      </trkpt>
      <trkpt lat="22.253733" lon="114.008295">
        <ele>54</ele>
        <extensions>
          <distance>82772</distance>
        </extensions>
      </trkpt>
      <trkpt lat="22.253674" lon="114.008312">
        <ele>53</ele>
        <extensions>
          <distance>82779</distance>
        </extensions>
      </trkpt>
      <trkpt lat="22.253607" lon="114.008347">
        <ele>53</ele>
        <extensions>
          <distance>82787</distance>
        </extensions>
      </trkpt>
      <trkpt lat="22.253585" lon="114.008377">
        <ele>52</ele>
        <extensions>
          <distance>82791</distance>
        </extensions>
      </trkpt>
      <trkpt lat="22.253531" lon="114.008618">
        <ele>46</ele>
        <extensions>
          <distance>82818</distance>
        </extensions>
      </trkpt>
      <trkpt lat="22.253515" lon="114.008718">
        <ele>44</ele>
        <extensions>
          <distance>82828</distance>
        </extensions>
      </trkpt>
      <trkpt lat="22.253523" lon="114.008843">
        <ele>43</ele>
        <extensions>
          <distance>82841</distance>
        </extensions>
      </trkpt>
      <trkpt lat="22.253564" lon="114.008953">
        <ele>43</ele>
        <extensions>
          <distance>82853</distance>
        </extensions>
      </trkpt>
      <trkpt lat="22.253562" lon="114.009029">
        <ele>43</ele>
        <extensions>
          <distance>82861</distance>
        </extensions>
      </trkpt>
      <trkpt lat="22.253548" lon="114.009072">
        <ele>42</ele>
        <extensions>
          <distance>82866</distance>
        </extensions>
      </trkpt>
      <trkpt lat="22.253526" lon="114.009107">
        <ele>42</ele>
        <extensions>
          <distance>82870</distance>
        </extensions>
      </trkpt>
      <trkpt lat="22.253518" lon="114.009148">
        <ele>42</ele>
        <extensions>
          <distance>82875</distance>
        </extensions>
      </trkpt>
      <trkpt lat="22.253542" lon="114.009334">
        <ele>42</ele>
        <extensions>
          <distance>82894</distance>
        </extensions>
      </trkpt>
      <trkpt lat="22.253538" lon="114.009387">
        <ele>42</ele>
        <extensions>
          <distance>82900</distance>
        </extensions>
      </trkpt>
      <trkpt lat="22.253663" lon="114.009393">
        <ele>41</ele>
        <extensions>
          <distance>82913</distance>
        </extensions>
      </trkpt>
      <trkpt lat="22.253883" lon="114.009349">
        <ele>38</ele>
        <extensions>
          <distance>82938</distance>
        </extensions>
      </trkpt>
      <trkpt lat="22.254021" lon="114.009246">
        <ele>35</ele>
        <extensions>
          <distance>82957</distance>
        </extensions>
      </trkpt>
      <trkpt lat="22.254271" lon="114.009081">
        <ele>31</ele>
        <extensions>
          <distance>82990</distance>
        </extensions>
      </trkpt>
      <trkpt lat="22.254652" lon="114.008972">
        <ele>24</ele>
        <extensions>
          <distance>83034</distance>
        </extensions>
      </trkpt>
      <trkpt lat="22.254895" lon="114.008809">
        <ele>22</ele>
        <extensions>
          <distance>83066</distance>
        </extensions>
      </trkpt>
      <trkpt lat="22.255035" lon="114.008799">
        <ele>20</ele>
        <extensions>
          <distance>83082</distance>
        </extensions>
      </trkpt>
      <trkpt lat="22.25517" lon="114.00880000000001">
        <ele>19</ele>
        <extensions>
          <distance>83097</distance>
        </extensions>
      </trkpt>
      <trkpt lat="22.255305" lon="114.008795">
        <ele>18</ele>
        <extensions>
          <distance>83112</distance>
        </extensions>
      </trkpt>
      <trkpt lat="22.25544" lon="114.00879">
        <ele>17</ele>
        <extensions>
          <distance>83127</distance>
        </extensions>
      </trkpt>
      <trkpt lat="22.2556" lon="114.008644">
        <ele>14</ele>
        <extensions>
          <distance>83150</distance>
        </extensions>
      </trkpt>
      <trkpt lat="22.255621" lon="114.008626">
        <ele>14</ele>
        <extensions>
          <distance>83153</distance>
        </extensions>
      </trkpt>
      <trkpt lat="22.255666" lon="114.008514">
        <ele>14</ele>
        <extensions>
          <distance>83166</distance>
        </extensions>
      </trkpt>
      <trkpt lat="22.255722" lon="114.00834">
        <ele>14</ele>
        <extensions>
          <distance>83185</distance>
        </extensions>
      </trkpt>
      <trkpt lat="22.255744" lon="114.008175">
        <ele>16</ele>
        <extensions>
          <distance>83202</distance>
        </extensions>
      </trkpt>
      <trkpt lat="22.255736" lon="114.008045">
        <ele>18</ele>
        <extensions>
          <distance>83215</distance>
        </extensions>
      </trkpt>
      <trkpt lat="22.255767" lon="114.007922">
        <ele>21</ele>
        <extensions>
          <distance>83229</distance>
        </extensions>
      </trkpt>
      <trkpt lat="22.255823" lon="114.007862">
        <ele>21</ele>
        <extensions>
          <distance>83238</distance>
        </extensions>
      </trkpt>
      <trkpt lat="22.255963" lon="114.007806">
        <ele>23</ele>
        <extensions>
          <distance>83254</distance>
        </extensions>
      </trkpt>
      <trkpt lat="22.256107" lon="114.007767">
        <ele>23</ele>
        <extensions>
          <distance>83271</distance>
        </extensions>
      </trkpt>
      <trkpt lat="22.256648" lon="114.007794">
        <ele>23</ele>
        <extensions>
          <distance>83331</distance>
        </extensions>
      </trkpt>
      <trkpt lat="22.256896" lon="114.007835">
        <ele>23</ele>
        <extensions>
          <distance>83358</distance>
        </extensions>
      </trkpt>
      <trkpt lat="22.257068" lon="114.007871">
        <ele>21</ele>
        <extensions>
          <distance>83378</distance>
        </extensions>
      </trkpt>
      <trkpt lat="22.257121" lon="114.007874">
        <ele>20</ele>
        <extensions>
          <distance>83384</distance>
        </extensions>
      </trkpt>
      <trkpt lat="22.257169" lon="114.007855">
        <ele>20</ele>
        <extensions>
          <distance>83389</distance>
        </extensions>
      </trkpt>
      <trkpt lat="22.257274" lon="114.007709">
        <ele>20</ele>
        <extensions>
          <distance>83408</distance>
        </extensions>
      </trkpt>
      <trkpt lat="22.257269" lon="114.007632">
        <ele>20</ele>
        <extensions>
          <distance>83416</distance>
        </extensions>
      </trkpt>
      <trkpt lat="22.257275" lon="114.007556">
        <ele>20</ele>
        <extensions>
          <distance>83424</distance>
        </extensions>
      </trkpt>
      <trkpt lat="22.257316" lon="114.00743">
        <ele>20</ele>
        <extensions>
          <distance>83438</distance>
        </extensions>
      </trkpt>
      <trkpt lat="22.257398" lon="114.007267">
        <ele>20</ele>
        <extensions>
          <distance>83457</distance>
        </extensions>
      </trkpt>
      <trkpt lat="22.257554" lon="114.006878">
        <ele>20</ele>
        <extensions>
          <distance>83501</distance>
        </extensions>
      </trkpt>
      <trkpt lat="22.257702" lon="114.006683">
        <ele>22</ele>
        <extensions>
          <distance>83527</distance>
        </extensions>
      </trkpt>
      <trkpt lat="22.257792" lon="114.0067">
        <ele>23</ele>
        <extensions>
          <distance>83537</distance>
        </extensions>
      </trkpt>
      <trkpt lat="22.257878" lon="114.006797">
        <ele>23</ele>
        <extensions>
          <distance>83551</distance>
        </extensions>
      </trkpt>
      <trkpt lat="22.258091" lon="114.006946">
        <ele>24</ele>
        <extensions>
          <distance>83579</distance>
        </extensions>
      </trkpt>
      <trkpt lat="22.258166" lon="114.006975">
        <ele>25</ele>
        <extensions>
          <distance>83588</distance>
        </extensions>
      </trkpt>
      <trkpt lat="22.258249" lon="114.006951">
        <ele>26</ele>
        <extensions>
          <distance>83597</distance>
        </extensions>
      </trkpt>
      <trkpt lat="22.258321" lon="114.0069">
        <ele>28</ele>
        <extensions>
          <distance>83607</distance>
        </extensions>
      </trkpt>
      <trkpt lat="22.258572" lon="114.006758">
        <ele>28</ele>
        <extensions>
          <distance>83639</distance>
        </extensions>
      </trkpt>
      <trkpt lat="22.258591" lon="114.006688">
        <ele>29</ele>
        <extensions>
          <distance>83646</distance>
        </extensions>
      </trkpt>
      <trkpt lat="22.258762" lon="114.006324">
        <ele>32</ele>
        <extensions>
          <distance>83688</distance>
        </extensions>
      </trkpt>
      <trkpt lat="22.25885" lon="114.006209">
        <ele>32</ele>
        <extensions>
          <distance>83704</distance>
        </extensions>
      </trkpt>
      <trkpt lat="22.258979" lon="114.006142">
        <ele>32</ele>
        <extensions>
          <distance>83719</distance>
        </extensions>
      </trkpt>
      <trkpt lat="22.259087" lon="114.006103">
        <ele>32</ele>
        <extensions>
          <distance>83732</distance>
        </extensions>
      </trkpt>
      <trkpt lat="22.259218" lon="114.006169">
        <ele>27</ele>
        <extensions>
          <distance>83748</distance>
        </extensions>
      </trkpt>
      <trkpt lat="22.259514" lon="114.006345">
        <ele>26</ele>
        <extensions>
          <distance>83786</distance>
        </extensions>
      </trkpt>
      <trkpt lat="22.259665" lon="114.006329">
        <ele>26</ele>
        <extensions>
          <distance>83803</distance>
        </extensions>
      </trkpt>
      <trkpt lat="22.259811" lon="114.006216">
        <ele>24</ele>
        <extensions>
          <distance>83822</distance>
        </extensions>
      </trkpt>
      <trkpt lat="22.259933" lon="114.006057">
        <ele>23</ele>
        <extensions>
          <distance>83844</distance>
        </extensions>
      </trkpt>
      <trkpt lat="22.260008" lon="114.005943">
        <ele>23</ele>
        <extensions>
          <distance>83858</distance>
        </extensions>
      </trkpt>
      <trkpt lat="22.260062" lon="114.005854">
        <ele>23</ele>
        <extensions>
          <distance>83869</distance>
        </extensions>
      </trkpt>
      <trkpt lat="22.260123" lon="114.005729">
        <ele>22</ele>
        <extensions>
          <distance>83884</distance>
        </extensions>
      </trkpt>
      <trkpt lat="22.260205" lon="114.0056">
        <ele>17</ele>
        <extensions>
          <distance>83901</distance>
        </extensions>
      </trkpt>
      <trkpt lat="22.260265" lon="114.00546">
        <ele>15</ele>
        <extensions>
          <distance>83917</distance>
        </extensions>
      </trkpt>
      <trkpt lat="22.26036" lon="114.005291">
        <ele>15</ele>
        <extensions>
          <distance>83937</distance>
        </extensions>
      </trkpt>
      <trkpt lat="22.260445" lon="114.005075">
        <ele>15</ele>
        <extensions>
          <distance>83961</distance>
        </extensions>
      </trkpt>
      <trkpt lat="22.260539" lon="114.004872">
        <ele>15</ele>
        <extensions>
          <distance>83984</distance>
        </extensions>
      </trkpt>
      <trkpt lat="22.260569" lon="114.004768">
        <ele>18</ele>
        <extensions>
          <distance>83996</distance>
        </extensions>
      </trkpt>
      <trkpt lat="22.260622" lon="114.004659">
        <ele>21</ele>
        <extensions>
          <distance>84009</distance>
        </extensions>
      </trkpt>
      <trkpt lat="22.260951" lon="114.004066">
        <ele>23</ele>
        <extensions>
          <distance>84080</distance>
        </extensions>
      </trkpt>
      <trkpt lat="22.261073" lon="114.003807">
        <ele>24</ele>
        <extensions>
          <distance>84110</distance>
        </extensions>
      </trkpt>
      <trkpt lat="22.261195" lon="114.003585">
        <ele>24</ele>
        <extensions>
          <distance>84136</distance>
        </extensions>
      </trkpt>
      <trkpt lat="22.261381" lon="114.003151">
        <ele>24</ele>
        <extensions>
          <distance>84186</distance>
        </extensions>
      </trkpt>
      <trkpt lat="22.261446" lon="114.003051">
        <ele>24</ele>
        <extensions>
          <distance>84198</distance>
        </extensions>
      </trkpt>
      <trkpt lat="22.261554" lon="114.002827">
        <ele>22</ele>
        <extensions>
          <distance>84224</distance>
        </extensions>
      </trkpt>
      <trkpt lat="22.261587" lon="114.002756">
        <ele>21</ele>
        <extensions>
          <distance>84232</distance>
        </extensions>
      </trkpt>
      <trkpt lat="22.261685" lon="114.0024">
        <ele>19</ele>
        <extensions>
          <distance>84271</distance>
        </extensions>
      </trkpt>
      <trkpt lat="22.261725" lon="114.002129">
        <ele>19</ele>
        <extensions>
          <distance>84299</distance>
        </extensions>
      </trkpt>
      <trkpt lat="22.261769" lon="114.001962">
        <ele>16</ele>
        <extensions>
          <distance>84317</distance>
        </extensions>
      </trkpt>
      <trkpt lat="22.261847" lon="114.001765">
        <ele>13</ele>
        <extensions>
          <distance>84339</distance>
        </extensions>
      </trkpt>
      <trkpt lat="22.261889" lon="114.001643">
        <ele>11</ele>
        <extensions>
          <distance>84353</distance>
        </extensions>
      </trkpt>
      <trkpt lat="22.261919" lon="114.001578">
        <ele>9</ele>
        <extensions>
          <distance>84361</distance>
        </extensions>
      </trkpt>
      <trkpt lat="22.262114" lon="114.001658">
        <ele>5</ele>
        <extensions>
          <distance>84384</distance>
        </extensions>
      </trkpt>
      <trkpt lat="22.262229" lon="114.001073">
        <ele>5</ele>
        <extensions>
          <distance>84446</distance>
        </extensions>
      </trkpt>
      <trkpt lat="22.262254" lon="114.001016">
        <ele>5</ele>
        <extensions>
          <distance>84452</distance>
        </extensions>
      </trkpt>
      <trkpt lat="22.262317" lon="114.000943">
        <ele>5</ele>
        <extensions>
          <distance>84462</distance>
        </extensions>
      </trkpt>
      <trkpt lat="22.262414" lon="114.000882">
        <ele>5</ele>
        <extensions>
          <distance>84475</distance>
        </extensions>
      </trkpt>
      <trkpt lat="22.262505" lon="114.000847">
        <ele>5</ele>
        <extensions>
          <distance>84486</distance>
        </extensions>
      </trkpt>
      <trkpt lat="22.262615" lon="114.000838">
        <ele>5</ele>
        <extensions>
          <distance>84498</distance>
        </extensions>
      </trkpt>
      <trkpt lat="22.262592" lon="114.00097">
        <ele>5</ele>
        <extensions>
          <distance>84512</distance>
        </extensions>
      </trkpt>
      <trkpt lat="22.262641" lon="114.000996">
        <ele>5</ele>
        <extensions>
          <distance>84518</distance>
        </extensions>
      </trkpt>
      <trkpt lat="22.2627" lon="114.001049">
        <ele>5</ele>
        <extensions>
          <distance>84526</distance>
        </extensions>
      </trkpt>
      <trkpt lat="22.262722" lon="114.001081">
        <ele>5</ele>
        <extensions>
          <distance>84530</distance>
        </extensions>
      </trkpt>
      <trkpt lat="22.26275" lon="114.001155">
        <ele>5</ele>
        <extensions>
          <distance>84539</distance>
        </extensions>
      </trkpt>
      <trkpt lat="22.262827" lon="114.001888">
        <ele>3</ele>
        <extensions>
          <distance>84615</distance>
        </extensions>
      </trkpt>
      <trkpt lat="22.262841" lon="114.001943">
        <ele>3</ele>
        <extensions>
          <distance>84620</distance>
        </extensions>
      </trkpt>
      <trkpt lat="22.262865" lon="114.001994">
        <ele>3</ele>
        <extensions>
          <distance>84626</distance>
        </extensions>
      </trkpt>
      <trkpt lat="22.262912" lon="114.002378">
        <ele>1</ele>
        <extensions>
          <distance>84666</distance>
        </extensions>
      </trkpt>
      <trkpt lat="22.263135" lon="114.0023275">
        <ele>1</ele>
        <extensions>
          <distance>84692</distance>
        </extensions>
      </trkpt>
      <trkpt lat="22.26336" lon="114.002275">
        <ele>1</ele>
        <extensions>
          <distance>84717</distance>
        </extensions>
      </trkpt>
      <trkpt lat="22.263585" lon="114.0022225">
        <ele>1</ele>
        <extensions>
          <distance>84743</distance>
        </extensions>
      </trkpt>
      <trkpt lat="22.26381" lon="114.00217">
        <ele>1</ele>
        <extensions>
          <distance>84768</distance>
        </extensions>
      </trkpt>
      <trkpt lat="22.264035" lon="114.0021175">
        <ele>1</ele>
        <extensions>
          <distance>84794</distance>
        </extensions>
      </trkpt>
      <trkpt lat="22.26426" lon="114.002065">
        <ele>2</ele>
        <extensions>
          <distance>84819</distance>
        </extensions>
      </trkpt>
      <trkpt lat="22.264485" lon="114.0020125">
        <ele>5</ele>
        <extensions>
          <distance>84845</distance>
        </extensions>
      </trkpt>
      <trkpt lat="22.26471" lon="114.00196">
        <ele>5</ele>
        <extensions>
          <distance>84870</distance>
        </extensions>
      </trkpt>
      <trkpt lat="22.264635" lon="114.00171">
        <ele>5</ele>
        <extensions>
          <distance>84897</distance>
        </extensions>
      </trkpt>
      <trkpt lat="22.26456" lon="114.00146">
        <ele>5</ele>
        <extensions>
          <distance>84924</distance>
        </extensions>
      </trkpt>
      <trkpt lat="22.264815" lon="114.00138999999999">
        <ele>3</ele>
        <extensions>
          <distance>84954</distance>
        </extensions>
      </trkpt>
      <trkpt lat="22.26507" lon="114.00131999999999">
        <ele>3</ele>
        <extensions>
          <distance>84983</distance>
        </extensions>
      </trkpt>
      <trkpt lat="22.265325" lon="114.00125">
        <ele>3</ele>
        <extensions>
          <distance>85012</distance>
        </extensions>
      </trkpt>
      <trkpt lat="22.26558" lon="114.00118">
        <ele>3</ele>
        <extensions>
          <distance>85041</distance>
        </extensions>
      </trkpt>
      <trkpt lat="22.265625" lon="114.00094">
        <ele>3</ele>
        <extensions>
          <distance>85066</distance>
        </extensions>
      </trkpt>
      <trkpt lat="22.26567" lon="114.0007">
        <ele>4</ele>
        <extensions>
          <distance>85091</distance>
        </extensions>
      </trkpt>
      <trkpt lat="22.26571" lon="114.00067">
        <ele>4</ele>
        <extensions>
          <distance>85097</distance>
        </extensions>
      </trkpt>
      <trkpt lat="22.265895" lon="114.000575">
        <ele>4</ele>
        <extensions>
          <distance>85120</distance>
        </extensions>
      </trkpt>
      <trkpt lat="22.26608" lon="114.00048">
        <ele>4</ele>
        <extensions>
          <distance>85142</distance>
        </extensions>
      </trkpt>
      <trkpt lat="22.26617" lon="114.00034249999999">
        <ele>3</ele>
        <extensions>
          <distance>85160</distance>
        </extensions>
      </trkpt>
      <trkpt lat="22.26626" lon="114.000205">
        <ele>1</ele>
        <extensions>
          <distance>85177</distance>
        </extensions>
      </trkpt>
      <trkpt lat="22.26635" lon="114.0000675">
        <ele>0</ele>
        <extensions>
          <distance>85194</distance>
        </extensions>
      </trkpt>
      <trkpt lat="22.26644" lon="113.99993">
        <ele>0</ele>
        <extensions>
          <distance>85212</distance>
        </extensions>
      </trkpt>
      <trkpt lat="22.266512499999997" lon="113.99968000000001">
        <ele>-1</ele>
        <extensions>
          <distance>85239</distance>
        </extensions>
      </trkpt>
      <trkpt lat="22.266585" lon="113.99943">
        <ele>-1</ele>
        <extensions>
          <distance>85266</distance>
        </extensions>
      </trkpt>
      <trkpt lat="22.2666575" lon="113.99918">
        <ele>-2</ele>
        <extensions>
          <distance>85293</distance>
        </extensions>
      </trkpt>
      <trkpt lat="22.26673" lon="113.99893">
        <ele>-2</ele>
        <extensions>
          <distance>85320</distance>
        </extensions>
      </trkpt>
      <trkpt lat="22.26668" lon="113.99866">
        <ele>-2</ele>
        <extensions>
          <distance>85348</distance>
        </extensions>
      </trkpt>
      <trkpt lat="22.26663" lon="113.99839">
        <ele>-2</ele>
        <extensions>
          <distance>85376</distance>
        </extensions>
      </trkpt>
      <trkpt lat="22.2667725" lon="113.99832">
        <ele>-2</ele>
        <extensions>
          <distance>85394</distance>
        </extensions>
      </trkpt>
      <trkpt lat="22.266914999999997" lon="113.99825">
        <ele>-2</ele>
        <extensions>
          <distance>85411</distance>
        </extensions>
      </trkpt>
      <trkpt lat="22.2670575" lon="113.99817999999999">
        <ele>0</ele>
        <extensions>
          <distance>85429</distance>
        </extensions>
      </trkpt>
      <trkpt lat="22.2672" lon="113.99811">
        <ele>2</ele>
        <extensions>
          <distance>85446</distance>
        </extensions>
      </trkpt>
      <trkpt lat="22.2674" lon="113.99812">
        <ele>3</ele>
        <extensions>
          <distance>85468</distance>
        </extensions>
      </trkpt>
      <trkpt lat="22.267665" lon="113.9981725">
        <ele>3</ele>
        <extensions>
          <distance>85498</distance>
        </extensions>
      </trkpt>
      <trkpt lat="22.26793" lon="113.99822499999999">
        <ele>3</ele>
        <extensions>
          <distance>85528</distance>
        </extensions>
      </trkpt>
      <trkpt lat="22.268195" lon="113.9982775">
        <ele>3</ele>
        <extensions>
          <distance>85558</distance>
        </extensions>
      </trkpt>
      <trkpt lat="22.26846" lon="113.99833">
        <ele>3</ele>
        <extensions>
          <distance>85588</distance>
        </extensions>
      </trkpt>
      <trkpt lat="22.268645" lon="113.99830499999999">
        <ele>2</ele>
        <extensions>
          <distance>85608</distance>
        </extensions>
      </trkpt>
      <trkpt lat="22.26883" lon="113.99828">
        <ele>1</ele>
        <extensions>
          <distance>85629</distance>
        </extensions>
      </trkpt>
      <trkpt lat="22.269015000000003" lon="113.998255">
        <ele>1</ele>
        <extensions>
          <distance>85649</distance>
        </extensions>
      </trkpt>
      <trkpt lat="22.2692" lon="113.99823">
        <ele>1</ele>
        <extensions>
          <distance>85670</distance>
        </extensions>
      </trkpt>
      <trkpt lat="22.2694275" lon="113.99837375000001">
        <ele>1</ele>
        <extensions>
          <distance>85699</distance>
        </extensions>
      </trkpt>
      <trkpt lat="22.269655" lon="113.9985175">
        <ele>1</ele>
        <extensions>
          <distance>85729</distance>
        </extensions>
      </trkpt>
      <trkpt lat="22.2698825" lon="113.99866125">
        <ele>4</ele>
        <extensions>
          <distance>85758</distance>
        </extensions>
      </trkpt>
      <trkpt lat="22.270110000000003" lon="113.998805">
        <ele>7</ele>
        <extensions>
          <distance>85787</distance>
        </extensions>
      </trkpt>
      <trkpt lat="22.270337500000004" lon="113.99894875000001">
        <ele>7</ele>
        <extensions>
          <distance>85816</distance>
        </extensions>
      </trkpt>
      <trkpt lat="22.270565" lon="113.9990925">
        <ele>7</ele>
        <extensions>
          <distance>85846</distance>
        </extensions>
      </trkpt>
      <trkpt lat="22.2707925" lon="113.99923625">
        <ele>7</ele>
        <extensions>
          <distance>85875</distance>
        </extensions>
      </trkpt>
      <trkpt lat="22.27102" lon="113.99938">
        <ele>7</ele>
        <extensions>
          <distance>85904</distance>
        </extensions>
      </trkpt>
      <trkpt lat="22.27112125" lon="113.99950375">
        <ele>7</ele>
        <extensions>
          <distance>85921</distance>
        </extensions>
      </trkpt>
      <trkpt lat="22.2712225" lon="113.9996275">
        <ele>7</ele>
        <extensions>
          <distance>85938</distance>
        </extensions>
      </trkpt>
      <trkpt lat="22.27132375" lon="113.99975125">
        <ele>7</ele>
        <extensions>
          <distance>85955</distance>
        </extensions>
      </trkpt>
      <trkpt lat="22.271425" lon="113.999875">
        <ele>7</ele>
        <extensions>
          <distance>85972</distance>
        </extensions>
      </trkpt>
      <trkpt lat="22.27152625" lon="113.99999875">
        <ele>8</ele>
        <extensions>
          <distance>85989</distance>
        </extensions>
      </trkpt>
      <trkpt lat="22.2716275" lon="114.0001225">
        <ele>8</ele>
        <extensions>
          <distance>86006</distance>
        </extensions>
      </trkpt>
      <trkpt lat="22.27172875" lon="114.00024625">
        <ele>9</ele>
        <extensions>
          <distance>86023</distance>
        </extensions>
      </trkpt>
      <trkpt lat="22.27183" lon="114.00037">
        <ele>9</ele>
        <extensions>
          <distance>86040</distance>
        </extensions>
      </trkpt>
      <trkpt lat="22.271932500000002" lon="114.00059125">
        <ele>9</ele>
        <extensions>
          <distance>86065</distance>
        </extensions>
      </trkpt>
      <trkpt lat="22.272035000000002" lon="114.0008125">
        <ele>9</ele>
        <extensions>
          <distance>86091</distance>
        </extensions>
      </trkpt>
      <trkpt lat="22.2721375" lon="114.00103375">
        <ele>8</ele>
        <extensions>
          <distance>86116</distance>
        </extensions>
      </trkpt>
      <trkpt lat="22.27224" lon="114.001255">
        <ele>8</ele>
        <extensions>
          <distance>86142</distance>
        </extensions>
      </trkpt>
      <trkpt lat="22.2723425" lon="114.00147625">
        <ele>8</ele>
        <extensions>
          <distance>86167</distance>
        </extensions>
      </trkpt>
      <trkpt lat="22.272444999999998" lon="114.0016975">
        <ele>8</ele>
        <extensions>
          <distance>86193</distance>
        </extensions>
      </trkpt>
      <trkpt lat="22.272547499999998" lon="114.00191875">
        <ele>8</ele>
        <extensions>
          <distance>86218</distance>
        </extensions>
      </trkpt>
      <trkpt lat="22.27265" lon="114.00214">
        <ele>8</ele>
        <extensions>
          <distance>86244</distance>
        </extensions>
      </trkpt>
      <trkpt lat="22.272667499999997" lon="114.002285">
        <ele>8</ele>
        <extensions>
          <distance>86259</distance>
        </extensions>
      </trkpt>
      <trkpt lat="22.272685" lon="114.00243">
        <ele>8</ele>
        <extensions>
          <distance>86274</distance>
        </extensions>
      </trkpt>
      <trkpt lat="22.2727025" lon="114.00257500000001">
        <ele>8</ele>
        <extensions>
          <distance>86289</distance>
        </extensions>
      </trkpt>
      <trkpt lat="22.27272" lon="114.00272">
        <ele>8</ele>
        <extensions>
          <distance>86304</distance>
        </extensions>
      </trkpt>
      <trkpt lat="22.2726325" lon="114.0029925">
        <ele>8</ele>
        <extensions>
          <distance>86334</distance>
        </extensions>
      </trkpt>
      <trkpt lat="22.272545" lon="114.003265">
        <ele>9</ele>
        <extensions>
          <distance>86363</distance>
        </extensions>
      </trkpt>
      <trkpt lat="22.2724575" lon="114.0035375">
        <ele>9</ele>
        <extensions>
          <distance>86393</distance>
        </extensions>
      </trkpt>
      <trkpt lat="22.27237" lon="114.00381">
        <ele>9</ele>
        <extensions>
          <distance>86423</distance>
        </extensions>
      </trkpt>
      <trkpt lat="22.2722325" lon="114.003915">
        <ele>9</ele>
        <extensions>
          <distance>86442</distance>
        </extensions>
      </trkpt>
      <trkpt lat="22.272095" lon="114.00402">
        <ele>10</ele>
        <extensions>
          <distance>86460</distance>
        </extensions>
      </trkpt>
      <trkpt lat="22.2719575" lon="114.004125">
        <ele>10</ele>
        <extensions>
          <distance>86479</distance>
        </extensions>
      </trkpt>
      <trkpt lat="22.27182" lon="114.00423">
        <ele>12</ele>
        <extensions>
          <distance>86498</distance>
        </extensions>
      </trkpt>
      <trkpt lat="22.271865" lon="114.00450000000001">
        <ele>18</ele>
        <extensions>
          <distance>86527</distance>
        </extensions>
      </trkpt>
      <trkpt lat="22.27191" lon="114.00477">
        <ele>26</ele>
        <extensions>
          <distance>86556</distance>
        </extensions>
      </trkpt>
      <trkpt lat="22.2718575" lon="114.00493749999998">
        <ele>28</ele>
        <extensions>
          <distance>86574</distance>
        </extensions>
      </trkpt>
      <trkpt lat="22.271805" lon="114.00510499999999">
        <ele>31</ele>
        <extensions>
          <distance>86593</distance>
        </extensions>
      </trkpt>
      <trkpt lat="22.271752499999998" lon="114.00527249999999">
        <ele>35</ele>
        <extensions>
          <distance>86611</distance>
        </extensions>
      </trkpt>
      <trkpt lat="22.2717" lon="114.00544">
        <ele>36</ele>
        <extensions>
          <distance>86630</distance>
        </extensions>
      </trkpt>
      <trkpt lat="22.271819999999998" lon="114.00564">
        <ele>48</ele>
        <extensions>
          <distance>86657</distance>
        </extensions>
      </trkpt>
      <trkpt lat="22.27194" lon="114.00584">
        <ele>57</ele>
        <extensions>
          <distance>86683</distance>
        </extensions>
      </trkpt>
      <trkpt lat="22.2720775" lon="114.00597125">
        <ele>69</ele>
        <extensions>
          <distance>86707</distance>
        </extensions>
      </trkpt>
      <trkpt lat="22.272215000000003" lon="114.0061025">
        <ele>79</ele>
        <extensions>
          <distance>86729</distance>
        </extensions>
      </trkpt>
      <trkpt lat="22.272352500000004" lon="114.00623375">
        <ele>84</ele>
        <extensions>
          <distance>86750</distance>
        </extensions>
      </trkpt>
      <trkpt lat="22.27249" lon="114.006365">
        <ele>90</ele>
        <extensions>
          <distance>86772</distance>
        </extensions>
      </trkpt>
      <trkpt lat="22.2726275" lon="114.00649625">
        <ele>92</ele>
        <extensions>
          <distance>86792</distance>
        </extensions>
      </trkpt>
      <trkpt lat="22.272765" lon="114.00662750000001">
        <ele>92</ele>
        <extensions>
          <distance>86812</distance>
        </extensions>
      </trkpt>
      <trkpt lat="22.2729025" lon="114.00675875">
        <ele>92</ele>
        <extensions>
          <distance>86833</distance>
        </extensions>
      </trkpt>
      <trkpt lat="22.27304" lon="114.00689">
        <ele>95</ele>
        <extensions>
          <distance>86853</distance>
        </extensions>
      </trkpt>
      <trkpt lat="22.27316" lon="114.00709499999999">
        <ele>101</ele>
        <extensions>
          <distance>86879</distance>
        </extensions>
      </trkpt>
      <trkpt lat="22.27328" lon="114.0073">
        <ele>112</ele>
        <extensions>
          <distance>86906</distance>
        </extensions>
      </trkpt>
      <trkpt lat="22.273245" lon="114.00746000000001">
        <ele>119</ele>
        <extensions>
          <distance>86925</distance>
        </extensions>
      </trkpt>
      <trkpt lat="22.27321" lon="114.00762">
        <ele>123</ele>
        <extensions>
          <distance>86942</distance>
        </extensions>
      </trkpt>
      <trkpt lat="22.27339" lon="114.00775">
        <ele>128</ele>
        <extensions>
          <distance>86966</distance>
        </extensions>
      </trkpt>
      <trkpt lat="22.27357" lon="114.00788">
        <ele>132</ele>
        <extensions>
          <distance>86991</distance>
        </extensions>
      </trkpt>
      <trkpt lat="22.27375" lon="114.00801">
        <ele>137</ele>
        <extensions>
          <distance>87015</distance>
        </extensions>
      </trkpt>
      <trkpt lat="22.27393" lon="114.00814">
        <ele>139</ele>
        <extensions>
          <distance>87039</distance>
        </extensions>
      </trkpt>
      <trkpt lat="22.274124999999998" lon="114.0081475">
        <ele>139</ele>
        <extensions>
          <distance>87061</distance>
        </extensions>
      </trkpt>
      <trkpt lat="22.27432" lon="114.008155">
        <ele>139</ele>
        <extensions>
          <distance>87083</distance>
        </extensions>
      </trkpt>
      <trkpt lat="22.274515" lon="114.0081625">
        <ele>140</ele>
        <extensions>
          <distance>87104</distance>
        </extensions>
      </trkpt>
      <trkpt lat="22.27471" lon="114.00817">
        <ele>140</ele>
        <extensions>
          <distance>87126</distance>
        </extensions>
      </trkpt>
      <trkpt lat="22.2748125" lon="114.008275">
        <ele>140</ele>
        <extensions>
          <distance>87142</distance>
        </extensions>
      </trkpt>
      <trkpt lat="22.274915" lon="114.00838">
        <ele>142</ele>
        <extensions>
          <distance>87157</distance>
        </extensions>
      </trkpt>
      <trkpt lat="22.2750175" lon="114.00848500000001">
        <ele>145</ele>
        <extensions>
          <distance>87173</distance>
        </extensions>
      </trkpt>
      <trkpt lat="22.27512" lon="114.00859">
        <ele>149</ele>
        <extensions>
          <distance>87189</distance>
        </extensions>
      </trkpt>
      <trkpt lat="22.275165" lon="114.00885">
        <ele>156</ele>
        <extensions>
          <distance>87218</distance>
        </extensions>
      </trkpt>
      <trkpt lat="22.27521" lon="114.00911">
        <ele>161</ele>
        <extensions>
          <distance>87245</distance>
        </extensions>
      </trkpt>
      <trkpt lat="22.275425000000002" lon="114.00909250000001">
        <ele>164</ele>
        <extensions>
          <distance>87269</distance>
        </extensions>
      </trkpt>
      <trkpt lat="22.275640000000003" lon="114.009075">
        <ele>166</ele>
        <extensions>
          <distance>87293</distance>
        </extensions>
      </trkpt>
      <trkpt lat="22.275855" lon="114.0090575">
        <ele>169</ele>
        <extensions>
          <distance>87317</distance>
        </extensions>
      </trkpt>
      <trkpt lat="22.27607" lon="114.00904">
        <ele>174</ele>
        <extensions>
          <distance>87342</distance>
        </extensions>
      </trkpt>
      <trkpt lat="22.2762325" lon="114.009125">
        <ele>178</ele>
        <extensions>
          <distance>87362</distance>
        </extensions>
      </trkpt>
      <trkpt lat="22.276395" lon="114.00921">
        <ele>182</ele>
        <extensions>
          <distance>87383</distance>
        </extensions>
      </trkpt>
      <trkpt lat="22.276557500000003" lon="114.009295">
        <ele>184</ele>
        <extensions>
          <distance>87403</distance>
        </extensions>
      </trkpt>
      <trkpt lat="22.27672" lon="114.00938">
        <ele>187</ele>
        <extensions>
          <distance>87423</distance>
        </extensions>
      </trkpt>
      <trkpt lat="22.2768825" lon="114.00946499999999">
        <ele>189</ele>
        <extensions>
          <distance>87443</distance>
        </extensions>
      </trkpt>
      <trkpt lat="22.277045" lon="114.00954999999999">
        <ele>191</ele>
        <extensions>
          <distance>87463</distance>
        </extensions>
      </trkpt>
      <trkpt lat="22.277207500000003" lon="114.009635">
        <ele>193</ele>
        <extensions>
          <distance>87483</distance>
        </extensions>
      </trkpt>
      <trkpt lat="22.27737" lon="114.00972">
        <ele>193</ele>
        <extensions>
          <distance>87503</distance>
        </extensions>
      </trkpt>
      <trkpt lat="22.27741" lon="114.00999">
        <ele>203</ele>
        <extensions>
          <distance>87532</distance>
        </extensions>
      </trkpt>
      <trkpt lat="22.277575" lon="114.01008999999999">
        <ele>207</ele>
        <extensions>
          <distance>87554</distance>
        </extensions>
      </trkpt>
      <trkpt lat="22.27774" lon="114.01019">
        <ele>207</ele>
        <extensions>
          <distance>87575</distance>
        </extensions>
      </trkpt>
      <trkpt lat="22.27767" lon="114.01041000000001">
        <ele>218</ele>
        <extensions>
          <distance>87600</distance>
        </extensions>
      </trkpt>
      <trkpt lat="22.2776" lon="114.01063">
        <ele>227</ele>
        <extensions>
          <distance>87626</distance>
        </extensions>
      </trkpt>
      <trkpt lat="22.2776275" lon="114.0108425">
        <ele>232</ele>
        <extensions>
          <distance>87648</distance>
        </extensions>
      </trkpt>
      <trkpt lat="22.277655" lon="114.011055">
        <ele>235</ele>
        <extensions>
          <distance>87671</distance>
        </extensions>
      </trkpt>
      <trkpt lat="22.277682499999997" lon="114.0112675">
        <ele>235</ele>
        <extensions>
          <distance>87693</distance>
        </extensions>
      </trkpt>
      <trkpt lat="22.27771" lon="114.01148">
        <ele>235</ele>
        <extensions>
          <distance>87715</distance>
        </extensions>
      </trkpt>
      <trkpt lat="22.277839999999998" lon="114.01138750000001">
        <ele>235</ele>
        <extensions>
          <distance>87732</distance>
        </extensions>
      </trkpt>
      <trkpt lat="22.27797" lon="114.011295">
        <ele>228</ele>
        <extensions>
          <distance>87750</distance>
        </extensions>
      </trkpt>
      <trkpt lat="22.278100000000002" lon="114.0112025">
        <ele>221</ele>
        <extensions>
          <distance>87768</distance>
        </extensions>
      </trkpt>
      <trkpt lat="22.27823" lon="114.01111">
        <ele>220</ele>
        <extensions>
          <distance>87786</distance>
        </extensions>
      </trkpt>
      <trkpt lat="22.2782725" lon="114.01126125">
        <ele>220</ele>
        <extensions>
          <distance>87802</distance>
        </extensions>
      </trkpt>
      <trkpt lat="22.278315" lon="114.0114125">
        <ele>219</ele>
        <extensions>
          <distance>87818</distance>
        </extensions>
      </trkpt>
      <trkpt lat="22.2783575" lon="114.01156375000001">
        <ele>218</ele>
        <extensions>
          <distance>87835</distance>
        </extensions>
      </trkpt>
      <trkpt lat="22.278399999999998" lon="114.01171500000001">
        <ele>218</ele>
        <extensions>
          <distance>87851</distance>
        </extensions>
      </trkpt>
      <trkpt lat="22.278442499999997" lon="114.01186625000001">
        <ele>216</ele>
        <extensions>
          <distance>87867</distance>
        </extensions>
      </trkpt>
      <trkpt lat="22.278484999999996" lon="114.01201750000001">
        <ele>212</ele>
        <extensions>
          <distance>87884</distance>
        </extensions>
      </trkpt>
      <trkpt lat="22.278527499999996" lon="114.01216875">
        <ele>205</ele>
        <extensions>
          <distance>87902</distance>
        </extensions>
      </trkpt>
      <trkpt lat="22.27857" lon="114.01232">
        <ele>199</ele>
        <extensions>
          <distance>87919</distance>
        </extensions>
      </trkpt>
      <trkpt lat="22.278732499999997" lon="114.01245">
        <ele>193</ele>
        <extensions>
          <distance>87942</distance>
        </extensions>
      </trkpt>
      <trkpt lat="22.278895" lon="114.01258">
        <ele>187</ele>
        <extensions>
          <distance>87965</distance>
        </extensions>
      </trkpt>
      <trkpt lat="22.2790575" lon="114.01271">
        <ele>183</ele>
        <extensions>
          <distance>87988</distance>
        </extensions>
      </trkpt>
      <trkpt lat="22.27922" lon="114.01284">
        <ele>182</ele>
        <extensions>
          <distance>88011</distance>
        </extensions>
      </trkpt>
      <trkpt lat="22.2794" lon="114.01285">
        <ele>180</ele>
        <extensions>
          <distance>88031</distance>
        </extensions>
      </trkpt>
      <trkpt lat="22.27958" lon="114.01286">
        <ele>179</ele>
        <extensions>
          <distance>88051</distance>
        </extensions>
      </trkpt>
      <trkpt lat="22.27959125" lon="114.01307">
        <ele>174</ele>
        <extensions>
          <distance>88073</distance>
        </extensions>
      </trkpt>
      <trkpt lat="22.2796025" lon="114.01328000000001">
        <ele>173</ele>
        <extensions>
          <distance>88095</distance>
        </extensions>
      </trkpt>
      <trkpt lat="22.27961375" lon="114.01349">
        <ele>169</ele>
        <extensions>
          <distance>88117</distance>
        </extensions>
      </trkpt>
      <trkpt lat="22.279625" lon="114.0137">
        <ele>165</ele>
        <extensions>
          <distance>88139</distance>
        </extensions>
      </trkpt>
      <trkpt lat="22.27963625" lon="114.01391">
        <ele>162</ele>
        <extensions>
          <distance>88161</distance>
        </extensions>
      </trkpt>
      <trkpt lat="22.2796475" lon="114.01411999999999">
        <ele>160</ele>
        <extensions>
          <distance>88182</distance>
        </extensions>
      </trkpt>
      <trkpt lat="22.27965875" lon="114.01433">
        <ele>157</ele>
        <extensions>
          <distance>88204</distance>
        </extensions>
      </trkpt>
      <trkpt lat="22.27967" lon="114.01454">
        <ele>152</ele>
        <extensions>
          <distance>88227</distance>
        </extensions>
      </trkpt>
      <trkpt lat="22.279735000000002" lon="114.014805">
        <ele>145</ele>
        <extensions>
          <distance>88256</distance>
        </extensions>
      </trkpt>
      <trkpt lat="22.2798" lon="114.01507">
        <ele>140</ele>
        <extensions>
          <distance>88284</distance>
        </extensions>
      </trkpt>
      <trkpt lat="22.279965" lon="114.015115">
        <ele>140</ele>
        <extensions>
          <distance>88303</distance>
        </extensions>
      </trkpt>
      <trkpt lat="22.28013" lon="114.01516">
        <ele>139</ele>
        <extensions>
          <distance>88322</distance>
        </extensions>
      </trkpt>
      <trkpt lat="22.280103750000002" lon="114.01533624999999">
        <ele>136</ele>
        <extensions>
          <distance>88341</distance>
        </extensions>
      </trkpt>
      <trkpt lat="22.2800775" lon="114.0155125">
        <ele>130</ele>
        <extensions>
          <distance>88360</distance>
        </extensions>
      </trkpt>
      <trkpt lat="22.28005125" lon="114.01568875">
        <ele>126</ele>
        <extensions>
          <distance>88379</distance>
        </extensions>
      </trkpt>
      <trkpt lat="22.280025000000002" lon="114.01586499999999">
        <ele>124</ele>
        <extensions>
          <distance>88397</distance>
        </extensions>
      </trkpt>
      <trkpt lat="22.27999875" lon="114.01604125">
        <ele>123</ele>
        <extensions>
          <distance>88416</distance>
        </extensions>
      </trkpt>
      <trkpt lat="22.2799725" lon="114.0162175">
        <ele>121</ele>
        <extensions>
          <distance>88434</distance>
        </extensions>
      </trkpt>
      <trkpt lat="22.279946250000002" lon="114.01639374999999">
        <ele>119</ele>
        <extensions>
          <distance>88453</distance>
        </extensions>
      </trkpt>
      <trkpt lat="22.27992" lon="114.01657">
        <ele>117</ele>
        <extensions>
          <distance>88471</distance>
        </extensions>
      </trkpt>
      <trkpt lat="22.2801325" lon="114.0166375">
        <ele>116</ele>
        <extensions>
          <distance>88496</distance>
        </extensions>
      </trkpt>
      <trkpt lat="22.280345" lon="114.016705">
        <ele>115</ele>
        <extensions>
          <distance>88520</distance>
        </extensions>
      </trkpt>
      <trkpt lat="22.2805575" lon="114.0167725">
        <ele>112</ele>
        <extensions>
          <distance>88545</distance>
        </extensions>
      </trkpt>
      <trkpt lat="22.28077" lon="114.01684">
        <ele>111</ele>
        <extensions>
          <distance>88570</distance>
        </extensions>
      </trkpt>
      <trkpt lat="22.280745" lon="114.016985">
        <ele>109</ele>
        <extensions>
          <distance>88585</distance>
        </extensions>
      </trkpt>
      <trkpt lat="22.28072" lon="114.01713">
        <ele>107</ele>
        <extensions>
          <distance>88600</distance>
        </extensions>
      </trkpt>
      <trkpt lat="22.2807975" lon="114.01728">
        <ele>107</ele>
        <extensions>
          <distance>88618</distance>
        </extensions>
      </trkpt>
      <trkpt lat="22.280875" lon="114.01742999999999">
        <ele>107</ele>
        <extensions>
          <distance>88636</distance>
        </extensions>
      </trkpt>
      <trkpt lat="22.2809525" lon="114.01758">
        <ele>106</ele>
        <extensions>
          <distance>88653</distance>
        </extensions>
      </trkpt>
      <trkpt lat="22.28103" lon="114.01773">
        <ele>105</ele>
        <extensions>
          <distance>88671</distance>
        </extensions>
      </trkpt>
      <trkpt lat="22.2809925" lon="114.017935">
        <ele>104</ele>
        <extensions>
          <distance>88693</distance>
        </extensions>
      </trkpt>
      <trkpt lat="22.280955" lon="114.01814">
        <ele>101</ele>
        <extensions>
          <distance>88714</distance>
        </extensions>
      </trkpt>
      <trkpt lat="22.2809175" lon="114.01834500000001">
        <ele>101</ele>
        <extensions>
          <distance>88736</distance>
        </extensions>
      </trkpt>
      <trkpt lat="22.28088" lon="114.01855">
        <ele>101</ele>
        <extensions>
          <distance>88757</distance>
        </extensions>
      </trkpt>
      <trkpt lat="22.280974999999998" lon="114.01873">
        <ele>101</ele>
        <extensions>
          <distance>88779</distance>
        </extensions>
      </trkpt>
      <trkpt lat="22.28107" lon="114.01891">
        <ele>101</ele>
        <extensions>
          <distance>88800</distance>
        </extensions>
      </trkpt>
      <trkpt lat="22.28115" lon="114.01873125">
        <ele>102</ele>
        <extensions>
          <distance>88821</distance>
        </extensions>
      </trkpt>
      <trkpt lat="22.28123" lon="114.0185525">
        <ele>104</ele>
        <extensions>
          <distance>88841</distance>
        </extensions>
      </trkpt>
      <trkpt lat="22.28131" lon="114.01837375">
        <ele>106</ele>
        <extensions>
          <distance>88862</distance>
        </extensions>
      </trkpt>
      <trkpt lat="22.281390000000002" lon="114.018195">
        <ele>110</ele>
        <extensions>
          <distance>88882</distance>
        </extensions>
      </trkpt>
      <trkpt lat="22.281470000000002" lon="114.01801625000002">
        <ele>116</ele>
        <extensions>
          <distance>88904</distance>
        </extensions>
      </trkpt>
      <trkpt lat="22.281550000000003" lon="114.01783750000001">
        <ele>121</ele>
        <extensions>
          <distance>88925</distance>
        </extensions>
      </trkpt>
      <trkpt lat="22.28163" lon="114.01765875000001">
        <ele>126</ele>
        <extensions>
          <distance>88946</distance>
        </extensions>
      </trkpt>
      <trkpt lat="22.28171" lon="114.01748">
        <ele>132</ele>
        <extensions>
          <distance>88967</distance>
        </extensions>
      </trkpt>
      <trkpt lat="22.281673750000003" lon="114.01732125000001">
        <ele>132</ele>
        <extensions>
          <distance>88984</distance>
        </extensions>
      </trkpt>
      <trkpt lat="22.281637500000002" lon="114.01716250000001">
        <ele>132</ele>
        <extensions>
          <distance>89001</distance>
        </extensions>
      </trkpt>
      <trkpt lat="22.28160125" lon="114.01700375000001">
        <ele>133</ele>
        <extensions>
          <distance>89018</distance>
        </extensions>
      </trkpt>
      <trkpt lat="22.281565" lon="114.016845">
        <ele>134</ele>
        <extensions>
          <distance>89035</distance>
        </extensions>
      </trkpt>
      <trkpt lat="22.28152875" lon="114.01668624999999">
        <ele>137</ele>
        <extensions>
          <distance>89052</distance>
        </extensions>
      </trkpt>
      <trkpt lat="22.2814925" lon="114.0165275">
        <ele>139</ele>
        <extensions>
          <distance>89069</distance>
        </extensions>
      </trkpt>
      <trkpt lat="22.281456249999998" lon="114.01636875">
        <ele>141</ele>
        <extensions>
          <distance>89086</distance>
        </extensions>
      </trkpt>
      <trkpt lat="22.28142" lon="114.01621">
        <ele>141</ele>
        <extensions>
          <distance>89102</distance>
        </extensions>
      </trkpt>
      <trkpt lat="22.28153" lon="114.015945">
        <ele>144</ele>
        <extensions>
          <distance>89132</distance>
        </extensions>
      </trkpt>
      <trkpt lat="22.28164" lon="114.01568">
        <ele>147</ele>
        <extensions>
          <distance>89163</distance>
        </extensions>
      </trkpt>
      <trkpt lat="22.28184" lon="114.01570000000001">
        <ele>151</ele>
        <extensions>
          <distance>89185</distance>
        </extensions>
      </trkpt>
      <trkpt lat="22.28204" lon="114.01572">
        <ele>157</ele>
        <extensions>
          <distance>89208</distance>
        </extensions>
      </trkpt>
      <trkpt lat="22.282185" lon="114.015615">
        <ele>161</ele>
        <extensions>
          <distance>89228</distance>
        </extensions>
      </trkpt>
      <trkpt lat="22.28233" lon="114.01551">
        <ele>165</ele>
        <extensions>
          <distance>89248</distance>
        </extensions>
      </trkpt>
      <trkpt lat="22.282475" lon="114.015405">
        <ele>168</ele>
        <extensions>
          <distance>89267</distance>
        </extensions>
      </trkpt>
      <trkpt lat="22.28262" lon="114.0153">
        <ele>171</ele>
        <extensions>
          <distance>89287</distance>
        </extensions>
      </trkpt>
      <trkpt lat="22.28263" lon="114.0154775">
        <ele>172</ele>
        <extensions>
          <distance>89305</distance>
        </extensions>
      </trkpt>
      <trkpt lat="22.28264" lon="114.015655">
        <ele>173</ele>
        <extensions>
          <distance>89324</distance>
        </extensions>
      </trkpt>
      <trkpt lat="22.28265" lon="114.01583249999999">
        <ele>176</ele>
        <extensions>
          <distance>89342</distance>
        </extensions>
      </trkpt>
      <trkpt lat="22.28266" lon="114.01601">
        <ele>177</ele>
        <extensions>
          <distance>89361</distance>
        </extensions>
      </trkpt>
      <trkpt lat="22.28267" lon="114.0161875">
        <ele>177</ele>
        <extensions>
          <distance>89379</distance>
        </extensions>
      </trkpt>
      <trkpt lat="22.28268" lon="114.01636500000001">
        <ele>177</ele>
        <extensions>
          <distance>89397</distance>
        </extensions>
      </trkpt>
      <trkpt lat="22.28269" lon="114.01654250000001">
        <ele>177</ele>
        <extensions>
          <distance>89416</distance>
        </extensions>
      </trkpt>
      <trkpt lat="22.2827" lon="114.01672">
        <ele>173</ele>
        <extensions>
          <distance>89434</distance>
        </extensions>
      </trkpt>
      <trkpt lat="22.28288" lon="114.016785">
        <ele>172</ele>
        <extensions>
          <distance>89455</distance>
        </extensions>
      </trkpt>
      <trkpt lat="22.28306" lon="114.01685">
        <ele>169</ele>
        <extensions>
          <distance>89476</distance>
        </extensions>
      </trkpt>
      <trkpt lat="22.28324" lon="114.01691500000001">
        <ele>167</ele>
        <extensions>
          <distance>89497</distance>
        </extensions>
      </trkpt>
      <trkpt lat="22.28342" lon="114.01698">
        <ele>166</ele>
        <extensions>
          <distance>89518</distance>
        </extensions>
      </trkpt>
      <trkpt lat="22.283535" lon="114.01684">
        <ele>165</ele>
        <extensions>
          <distance>89538</distance>
        </extensions>
      </trkpt>
      <trkpt lat="22.28365" lon="114.0167">
        <ele>165</ele>
        <extensions>
          <distance>89557</distance>
        </extensions>
      </trkpt>
      <trkpt lat="22.283885" lon="114.016645">
        <ele>165</ele>
        <extensions>
          <distance>89584</distance>
        </extensions>
      </trkpt>
      <trkpt lat="22.28412" lon="114.01659">
        <ele>165</ele>
        <extensions>
          <distance>89610</distance>
        </extensions>
      </trkpt>
      <trkpt lat="22.28422" lon="114.0164475">
        <ele>165</ele>
        <extensions>
          <distance>89629</distance>
        </extensions>
      </trkpt>
      <trkpt lat="22.28432" lon="114.01630499999999">
        <ele>165</ele>
        <extensions>
          <distance>89647</distance>
        </extensions>
      </trkpt>
      <trkpt lat="22.28442" lon="114.0161625">
        <ele>167</ele>
        <extensions>
          <distance>89665</distance>
        </extensions>
      </trkpt>
      <trkpt lat="22.28452" lon="114.01602">
        <ele>170</ele>
        <extensions>
          <distance>89684</distance>
        </extensions>
      </trkpt>
      <trkpt lat="22.284767" lon="114.015995">
        <ele>173</ele>
        <extensions>
          <distance>89712</distance>
        </extensions>
      </trkpt>
      <trkpt lat="22.284818" lon="114.015998">
        <ele>173</ele>
        <extensions>
          <distance>89717</distance>
        </extensions>
      </trkpt>
      <trkpt lat="22.285007" lon="114.016055">
        <ele>175</ele>
        <extensions>
          <distance>89739</distance>
        </extensions>
      </trkpt>
      <trkpt lat="22.285141" lon="114.01601">
        <ele>175</ele>
        <extensions>
          <distance>89755</distance>
        </extensions>
      </trkpt>
      <trkpt lat="22.285217" lon="114.015939">
        <ele>175</ele>
        <extensions>
          <distance>89766</distance>
        </extensions>
      </trkpt>
      <trkpt lat="22.285457" lon="114.015835">
        <ele>175</ele>
        <extensions>
          <distance>89794</distance>
        </extensions>
      </trkpt>
      <trkpt lat="22.285499" lon="114.015769">
        <ele>175</ele>
        <extensions>
          <distance>89803</distance>
        </extensions>
      </trkpt>
      <trkpt lat="22.285546" lon="114.015777">
        <ele>174</ele>
        <extensions>
          <distance>89808</distance>
        </extensions>
      </trkpt>
      <trkpt lat="22.285577" lon="114.015733">
        <ele>173</ele>
        <extensions>
          <distance>89814</distance>
        </extensions>
      </trkpt>
      <trkpt lat="22.28556" lon="114.015664">
        <ele>173</ele>
        <extensions>
          <distance>89821</distance>
        </extensions>
      </trkpt>
      <trkpt lat="22.28558" lon="114.015588">
        <ele>173</ele>
        <extensions>
          <distance>89829</distance>
        </extensions>
      </trkpt>
      <trkpt lat="22.285658" lon="114.015092">
        <ele>173</ele>
        <extensions>
          <distance>89881</distance>
        </extensions>
      </trkpt>
      <trkpt lat="22.285868" lon="114.014666">
        <ele>174</ele>
        <extensions>
          <distance>89931</distance>
        </extensions>
      </trkpt>
      <trkpt lat="22.285885" lon="114.014517">
        <ele>175</ele>
        <extensions>
          <distance>89946</distance>
        </extensions>
      </trkpt>
      <trkpt lat="22.285964" lon="114.014488">
        <ele>175</ele>
        <extensions>
          <distance>89956</distance>
        </extensions>
      </trkpt>
      <trkpt lat="22.28611" lon="114.014495">
        <ele>175</ele>
        <extensions>
          <distance>89972</distance>
        </extensions>
      </trkpt>
      <trkpt lat="22.286238" lon="114.014646">
        <ele>175</ele>
        <extensions>
          <distance>89993</distance>
        </extensions>
      </trkpt>
      <trkpt lat="22.28633" lon="114.014673">
        <ele>174</ele>
        <extensions>
          <distance>90003</distance>
        </extensions>
      </trkpt>
      <trkpt lat="22.286438" lon="114.014759">
        <ele>173</ele>
        <extensions>
          <distance>90018</distance>
        </extensions>
      </trkpt>
      <trkpt lat="22.286582" lon="114.014739">
        <ele>173</ele>
        <extensions>
          <distance>90034</distance>
        </extensions>
      </trkpt>
      <trkpt lat="22.28671" lon="114.014767">
        <ele>173</ele>
        <extensions>
          <distance>90049</distance>
        </extensions>
      </trkpt>
      <trkpt lat="22.286794" lon="114.014737">
        <ele>173</ele>
        <extensions>
          <distance>90059</distance>
        </extensions>
      </trkpt>
      <trkpt lat="22.286915" lon="114.014717">
        <ele>173</ele>
        <extensions>
          <distance>90072</distance>
        </extensions>
      </trkpt>
      <trkpt lat="22.287078" lon="114.014763">
        <ele>173</ele>
        <extensions>
          <distance>90091</distance>
        </extensions>
      </trkpt>
      <trkpt lat="22.287193" lon="114.014817">
        <ele>173</ele>
        <extensions>
          <distance>90105</distance>
        </extensions>
      </trkpt>
      <trkpt lat="22.287277" lon="114.014919">
        <ele>171</ele>
        <extensions>
          <distance>90119</distance>
        </extensions>
      </trkpt>
      <trkpt lat="22.287343" lon="114.015021">
        <ele>167</ele>
        <extensions>
          <distance>90132</distance>
        </extensions>
      </trkpt>
      <trkpt lat="22.287504" lon="114.015112">
        <ele>167</ele>
        <extensions>
          <distance>90152</distance>
        </extensions>
      </trkpt>
      <trkpt lat="22.287671" lon="114.015267">
        <ele>167</ele>
        <extensions>
          <distance>90177</distance>
        </extensions>
      </trkpt>
      <trkpt lat="22.287739" lon="114.015208">
        <ele>167</ele>
        <extensions>
          <distance>90186</distance>
        </extensions>
      </trkpt>
      <trkpt lat="22.287853" lon="114.01515">
        <ele>167</ele>
        <extensions>
          <distance>90200</distance>
        </extensions>
      </trkpt>
      <trkpt lat="22.287947" lon="114.015129">
        <ele>167</ele>
        <extensions>
          <distance>90211</distance>
        </extensions>
      </trkpt>
      <trkpt lat="22.288078" lon="114.014886">
        <ele>169</ele>
        <extensions>
          <distance>90240</distance>
        </extensions>
      </trkpt>
      <trkpt lat="22.288107" lon="114.014808">
        <ele>170</ele>
        <extensions>
          <distance>90249</distance>
        </extensions>
      </trkpt>
      <trkpt lat="22.288158" lon="114.01473">
        <ele>171</ele>
        <extensions>
          <distance>90259</distance>
        </extensions>
      </trkpt>
      <trkpt lat="22.288193" lon="114.01463">
        <ele>171</ele>
        <extensions>
          <distance>90270</distance>
        </extensions>
      </trkpt>
      <trkpt lat="22.288267" lon="114.014551">
        <ele>171</ele>
        <extensions>
          <distance>90281</distance>
        </extensions>
      </trkpt>
      <trkpt lat="22.288757" lon="114.014242">
        <ele>171</ele>
        <extensions>
          <distance>90344</distance>
        </extensions>
      </trkpt>
      <trkpt lat="22.288913" lon="114.014192">
        <ele>171</ele>
        <extensions>
          <distance>90362</distance>
        </extensions>
      </trkpt>
      <trkpt lat="22.288963" lon="114.014143">
        <ele>171</ele>
        <extensions>
          <distance>90370</distance>
        </extensions>
      </trkpt>
      <trkpt lat="22.28912" lon="114.01408">
        <ele>171</ele>
        <extensions>
          <distance>90388</distance>
        </extensions>
      </trkpt>
      <trkpt lat="22.289262" lon="114.013961">
        <ele>171</ele>
        <extensions>
          <distance>90408</distance>
        </extensions>
      </trkpt>
      <trkpt lat="22.289367" lon="114.013917">
        <ele>171</ele>
        <extensions>
          <distance>90421</distance>
        </extensions>
      </trkpt>
      <trkpt lat="22.289478" lon="114.013914">
        <ele>168</ele>
        <extensions>
          <distance>90433</distance>
        </extensions>
      </trkpt>
      <trkpt lat="22.289637" lon="114.014024">
        <ele>167</ele>
        <extensions>
          <distance>90454</distance>
        </extensions>
      </trkpt>
      <trkpt lat="22.289735" lon="114.013988">
        <ele>167</ele>
        <extensions>
          <distance>90465</distance>
        </extensions>
      </trkpt>
      <trkpt lat="22.28979" lon="114.014006">
        <ele>167</ele>
        <extensions>
          <distance>90472</distance>
        </extensions>
      </trkpt>
      <trkpt lat="22.289839" lon="114.013968">
        <ele>166</ele>
        <extensions>
          <distance>90478</distance>
        </extensions>
      </trkpt>
      <trkpt lat="22.289914" lon="114.013955">
        <ele>166</ele>
        <extensions>
          <distance>90487</distance>
        </extensions>
      </trkpt>
      <trkpt lat="22.290042" lon="114.013957">
        <ele>165</ele>
        <extensions>
          <distance>90501</distance>
        </extensions>
      </trkpt>
      <trkpt lat="22.290012" lon="114.014084">
        <ele>160</ele>
        <extensions>
          <distance>90515</distance>
        </extensions>
      </trkpt>
      <trkpt lat="22.289933" lon="114.014204">
        <ele>155</ele>
        <extensions>
          <distance>90531</distance>
        </extensions>
      </trkpt>
      <trkpt lat="22.2899" lon="114.014269">
        <ele>151</ele>
        <extensions>
          <distance>90540</distance>
        </extensions>
      </trkpt>
      <trkpt lat="22.289884" lon="114.014334">
        <ele>148</ele>
        <extensions>
          <distance>90548</distance>
        </extensions>
      </trkpt>
      <trkpt lat="22.289968" lon="114.014416">
        <ele>144</ele>
        <extensions>
          <distance>90561</distance>
        </extensions>
      </trkpt>
      <trkpt lat="22.289982" lon="114.014463">
        <ele>142</ele>
        <extensions>
          <distance>90566</distance>
        </extensions>
      </trkpt>
      <trkpt lat="22.29001" lon="114.014468">
        <ele>142</ele>
        <extensions>
          <distance>90569</distance>
        </extensions>
      </trkpt>
      <trkpt lat="22.290039" lon="114.014508">
        <ele>140</ele>
        <extensions>
          <distance>90575</distance>
        </extensions>
      </trkpt>
      <trkpt lat="22.290136" lon="114.014577">
        <ele>137</ele>
        <extensions>
          <distance>90588</distance>
        </extensions>
      </trkpt>
      <trkpt lat="22.29024" lon="114.014609">
        <ele>137</ele>
        <extensions>
          <distance>90600</distance>
        </extensions>
      </trkpt>
      <trkpt lat="22.290296" lon="114.014583">
        <ele>137</ele>
        <extensions>
          <distance>90607</distance>
        </extensions>
      </trkpt>
      <trkpt lat="22.290321" lon="114.014552">
        <ele>137</ele>
        <extensions>
          <distance>90611</distance>
        </extensions>
      </trkpt>
      <trkpt lat="22.290412" lon="114.014521">
        <ele>139</ele>
        <extensions>
          <distance>90622</distance>
        </extensions>
      </trkpt>
      <trkpt lat="22.290538" lon="114.014398">
        <ele>144</ele>
        <extensions>
          <distance>90641</distance>
        </extensions>
      </trkpt>
      <trkpt lat="22.29054" lon="114.014341">
        <ele>145</ele>
        <extensions>
          <distance>90647</distance>
        </extensions>
      </trkpt>
      <trkpt lat="22.290582" lon="114.014287">
        <ele>145</ele>
        <extensions>
          <distance>90654</distance>
        </extensions>
      </trkpt>
      <trkpt lat="22.290714" lon="114.014342">
        <ele>145</ele>
        <extensions>
          <distance>90670</distance>
        </extensions>
      </trkpt>
      <trkpt lat="22.291015" lon="114.014442">
        <ele>145</ele>
        <extensions>
          <distance>90705</distance>
        </extensions>
      </trkpt>
      <trkpt lat="22.29107" lon="114.014374">
        <ele>145</ele>
        <extensions>
          <distance>90714</distance>
        </extensions>
      </trkpt>
      <trkpt lat="22.291463" lon="114.014339">
        <ele>144</ele>
        <extensions>
          <distance>90758</distance>
        </extensions>
      </trkpt>
      <trkpt lat="22.291482" lon="114.014371">
        <ele>143</ele>
        <extensions>
          <distance>90762</distance>
        </extensions>
      </trkpt>
      <trkpt lat="22.291555" lon="114.014399">
        <ele>141</ele>
        <extensions>
          <distance>90771</distance>
        </extensions>
      </trkpt>
      <trkpt lat="22.291641" lon="114.014383">
        <ele>140</ele>
        <extensions>
          <distance>90780</distance>
        </extensions>
      </trkpt>
      <trkpt lat="22.291862" lon="114.01426">
        <ele>135</ele>
        <extensions>
          <distance>90808</distance>
        </extensions>
      </trkpt>
      <trkpt lat="22.292086" lon="114.013871">
        <ele>134</ele>
        <extensions>
          <distance>90856</distance>
        </extensions>
      </trkpt>
      <trkpt lat="22.292174" lon="114.013755">
        <ele>129</ele>
        <extensions>
          <distance>90872</distance>
        </extensions>
      </trkpt>
      <trkpt lat="22.292304" lon="114.013605">
        <ele>129</ele>
        <extensions>
          <distance>90893</distance>
        </extensions>
      </trkpt>
      <trkpt lat="22.292341" lon="114.013384">
        <ele>129</ele>
        <extensions>
          <distance>90916</distance>
        </extensions>
      </trkpt>
      <trkpt lat="22.292026" lon="114.01292">
        <ele>129</ele>
        <extensions>
          <distance>90975</distance>
        </extensions>
      </trkpt>
      <trkpt lat="22.291643" lon="114.012837">
        <ele>134</ele>
        <extensions>
          <distance>91019</distance>
        </extensions>
      </trkpt>
      <trkpt lat="22.291589" lon="114.012861">
        <ele>136</ele>
        <extensions>
          <distance>91025</distance>
        </extensions>
      </trkpt>
      <trkpt lat="22.291506" lon="114.012896">
        <ele>138</ele>
        <extensions>
          <distance>91035</distance>
        </extensions>
      </trkpt>
      <trkpt lat="22.291402" lon="114.012872">
        <ele>139</ele>
        <extensions>
          <distance>91047</distance>
        </extensions>
      </trkpt>
      <trkpt lat="22.29137" lon="114.012889">
        <ele>140</ele>
        <extensions>
          <distance>91051</distance>
        </extensions>
      </trkpt>
      <trkpt lat="22.291176" lon="114.01289">
        <ele>143</ele>
        <extensions>
          <distance>91073</distance>
        </extensions>
      </trkpt>
      <trkpt lat="22.291086" lon="114.012492">
        <ele>145</ele>
        <extensions>
          <distance>91115</distance>
        </extensions>
      </trkpt>
      <trkpt lat="22.290992" lon="114.0123">
        <ele>147</ele>
        <extensions>
          <distance>91138</distance>
        </extensions>
      </trkpt>
      <trkpt lat="22.290985" lon="114.01214">
        <ele>147</ele>
        <extensions>
          <distance>91154</distance>
        </extensions>
      </trkpt>
      <trkpt lat="22.290855" lon="114.012093">
        <ele>155</ele>
        <extensions>
          <distance>91170</distance>
        </extensions>
      </trkpt>
      <trkpt lat="22.290776" lon="114.011932">
        <ele>161</ele>
        <extensions>
          <distance>91190</distance>
        </extensions>
      </trkpt>
      <trkpt lat="22.290722" lon="114.012008">
        <ele>164</ele>
        <extensions>
          <distance>91200</distance>
        </extensions>
      </trkpt>
      <trkpt lat="22.290575" lon="114.011431">
        <ele>173</ele>
        <extensions>
          <distance>91263</distance>
        </extensions>
      </trkpt>
      <trkpt lat="22.29035" lon="114.011355">
        <ele>177</ele>
        <extensions>
          <distance>91289</distance>
        </extensions>
      </trkpt>
      <trkpt lat="22.290448" lon="114.011168">
        <ele>177</ele>
        <extensions>
          <distance>91311</distance>
        </extensions>
      </trkpt>
      <trkpt lat="22.290364" lon="114.010767">
        <ele>177</ele>
        <extensions>
          <distance>91354</distance>
        </extensions>
      </trkpt>
      <trkpt lat="22.290279" lon="114.010518">
        <ele>178</ele>
        <extensions>
          <distance>91381</distance>
        </extensions>
      </trkpt>
      <trkpt lat="22.290226" lon="114.010198">
        <ele>178</ele>
        <extensions>
          <distance>91414</distance>
        </extensions>
      </trkpt>
      <trkpt lat="22.290187" lon="114.010056">
        <ele>179</ele>
        <extensions>
          <distance>91430</distance>
        </extensions>
      </trkpt>
      <trkpt lat="22.290046" lon="114.009837">
        <ele>179</ele>
        <extensions>
          <distance>91457</distance>
        </extensions>
      </trkpt>
      <trkpt lat="22.289952" lon="114.009563">
        <ele>179</ele>
        <extensions>
          <distance>91487</distance>
        </extensions>
      </trkpt>
      <trkpt lat="22.289721" lon="114.009356">
        <ele>182</ele>
        <extensions>
          <distance>91521</distance>
        </extensions>
      </trkpt>
      <trkpt lat="22.289602" lon="114.009163">
        <ele>182</ele>
        <extensions>
          <distance>91544</distance>
        </extensions>
      </trkpt>
      <trkpt lat="22.289554" lon="114.009024">
        <ele>183</ele>
        <extensions>
          <distance>91560</distance>
        </extensions>
      </trkpt>
      <trkpt lat="22.28947" lon="114.008903">
        <ele>185</ele>
        <extensions>
          <distance>91575</distance>
        </extensions>
      </trkpt>
      <trkpt lat="22.289284" lon="114.008729">
        <ele>189</ele>
        <extensions>
          <distance>91603</distance>
        </extensions>
      </trkpt>
      <trkpt lat="22.289187" lon="114.008589">
        <ele>191</ele>
        <extensions>
          <distance>91621</distance>
        </extensions>
      </trkpt>
      <trkpt lat="22.289155" lon="114.008444">
        <ele>191</ele>
        <extensions>
          <distance>91636</distance>
        </extensions>
      </trkpt>
      <trkpt lat="22.289081" lon="114.008331">
        <ele>191</ele>
        <extensions>
          <distance>91651</distance>
        </extensions>
      </trkpt>
      <trkpt lat="22.289128" lon="114.008264">
        <ele>191</ele>
        <extensions>
          <distance>91659</distance>
        </extensions>
      </trkpt>
      <trkpt lat="22.289172" lon="114.008149">
        <ele>189</ele>
        <extensions>
          <distance>91672</distance>
        </extensions>
      </trkpt>
      <trkpt lat="22.28918" lon="114.008048">
        <ele>188</ele>
        <extensions>
          <distance>91683</distance>
        </extensions>
      </trkpt>
      <trkpt lat="22.28917" lon="114.007968">
        <ele>188</ele>
        <extensions>
          <distance>91691</distance>
        </extensions>
      </trkpt>
      <trkpt lat="22.289157" lon="114.007926">
        <ele>188</ele>
        <extensions>
          <distance>91696</distance>
        </extensions>
      </trkpt>
      <trkpt lat="22.28911" lon="114.007835">
        <ele>188</ele>
        <extensions>
          <distance>91706</distance>
        </extensions>
      </trkpt>
      <trkpt lat="22.288907" lon="114.007506">
        <ele>192</ele>
        <extensions>
          <distance>91747</distance>
        </extensions>
      </trkpt>
      <trkpt lat="22.288862" lon="114.007416">
        <ele>192</ele>
        <extensions>
          <distance>91758</distance>
        </extensions>
      </trkpt>
      <trkpt lat="22.288829" lon="114.007326">
        <ele>192</ele>
        <extensions>
          <distance>91768</distance>
        </extensions>
      </trkpt>
      <trkpt lat="22.288817" lon="114.00717">
        <ele>192</ele>
        <extensions>
          <distance>91784</distance>
        </extensions>
      </trkpt>
      <trkpt lat="22.288834" lon="114.006997">
        <ele>192</ele>
        <extensions>
          <distance>91802</distance>
        </extensions>
      </trkpt>
      <trkpt lat="22.288871" lon="114.006857">
        <ele>189</ele>
        <extensions>
          <distance>91817</distance>
        </extensions>
      </trkpt>
      <trkpt lat="22.289032" lon="114.00653">
        <ele>181</ele>
        <extensions>
          <distance>91856</distance>
        </extensions>
      </trkpt>
      <trkpt lat="22.289071" lon="114.006418">
        <ele>180</ele>
        <extensions>
          <distance>91868</distance>
        </extensions>
      </trkpt>
      <trkpt lat="22.289121" lon="114.006163">
        <ele>179</ele>
        <extensions>
          <distance>91895</distance>
        </extensions>
      </trkpt>
      <trkpt lat="22.289126" lon="114.005627">
        <ele>178</ele>
        <extensions>
          <distance>91950</distance>
        </extensions>
      </trkpt>
      <trkpt lat="22.289138" lon="114.00552">
        <ele>176</ele>
        <extensions>
          <distance>91961</distance>
        </extensions>
      </trkpt>
      <trkpt lat="22.289182" lon="114.005428">
        <ele>176</ele>
        <extensions>
          <distance>91972</distance>
        </extensions>
      </trkpt>
      <trkpt lat="22.289244" lon="114.005358">
        <ele>176</ele>
        <extensions>
          <distance>91982</distance>
        </extensions>
      </trkpt>
      <trkpt lat="22.289323" lon="114.00532">
        <ele>176</ele>
        <extensions>
          <distance>91992</distance>
        </extensions>
      </trkpt>
      <trkpt lat="22.291599" lon="114.004885">
        <ele>176</ele>
        <extensions>
          <distance>92248</distance>
        </extensions>
      </trkpt>
      <trkpt lat="22.291729" lon="114.004902">
        <ele>176</ele>
        <extensions>
          <distance>92262</distance>
        </extensions>
      </trkpt>
      <trkpt lat="22.291834" lon="114.004948">
        <ele>175</ele>
        <extensions>
          <distance>92275</distance>
        </extensions>
      </trkpt>
      <trkpt lat="22.291895" lon="114.005061">
        <ele>175</ele>
        <extensions>
          <distance>92288</distance>
        </extensions>
      </trkpt>
      <trkpt lat="22.291971" lon="114.005277">
        <ele>175</ele>
        <extensions>
          <distance>92312</distance>
        </extensions>
      </trkpt>
      <trkpt lat="22.292138" lon="114.005684">
        <ele>175</ele>
        <extensions>
          <distance>92358</distance>
        </extensions>
      </trkpt>
      <trkpt lat="22.292332" lon="114.005961">
        <ele>171</ele>
        <extensions>
          <distance>92394</distance>
        </extensions>
      </trkpt>
      <trkpt lat="22.292696" lon="114.006324">
        <ele>171</ele>
        <extensions>
          <distance>92449</distance>
        </extensions>
      </trkpt>
      <trkpt lat="22.292866" lon="114.006418">
        <ele>171</ele>
        <extensions>
          <distance>92470</distance>
        </extensions>
      </trkpt>
      <trkpt lat="22.29301" lon="114.006483">
        <ele>171</ele>
        <extensions>
          <distance>92487</distance>
        </extensions>
      </trkpt>
      <trkpt lat="22.29368" lon="114.00669">
        <ele>170</ele>
        <extensions>
          <distance>92564</distance>
        </extensions>
      </trkpt>
      <trkpt lat="22.293832" lon="114.00676">
        <ele>170</ele>
        <extensions>
          <distance>92583</distance>
        </extensions>
      </trkpt>
      <trkpt lat="22.29399" lon="114.006867">
        <ele>170</ele>
        <extensions>
          <distance>92603</distance>
        </extensions>
      </trkpt>
      <trkpt lat="22.294095" lon="114.006966">
        <ele>169</ele>
        <extensions>
          <distance>92619</distance>
        </extensions>
      </trkpt>
      <trkpt lat="22.294192" lon="114.007081">
        <ele>168</ele>
        <extensions>
          <distance>92635</distance>
        </extensions>
      </trkpt>
      <trkpt lat="22.294256" lon="114.007177">
        <ele>167</ele>
        <extensions>
          <distance>92647</distance>
        </extensions>
      </trkpt>
      <trkpt lat="22.294319" lon="114.007293">
        <ele>166</ele>
        <extensions>
          <distance>92661</distance>
        </extensions>
      </trkpt>
      <trkpt lat="22.294375" lon="114.007433">
        <ele>163</ele>
        <extensions>
          <distance>92677</distance>
        </extensions>
      </trkpt>
      <trkpt lat="22.294422" lon="114.007601">
        <ele>158</ele>
        <extensions>
          <distance>92696</distance>
        </extensions>
      </trkpt>
      <trkpt lat="22.29445" lon="114.007818">
        <ele>149</ele>
        <extensions>
          <distance>92720</distance>
        </extensions>
      </trkpt>
      <trkpt lat="22.294452" lon="114.007919">
        <ele>146</ele>
        <extensions>
          <distance>92731</distance>
        </extensions>
      </trkpt>
      <trkpt lat="22.294436" lon="114.008102">
        <ele>142</ele>
        <extensions>
          <distance>92750</distance>
        </extensions>
      </trkpt>
      <trkpt lat="22.294422" lon="114.00817">
        <ele>142</ele>
        <extensions>
          <distance>92757</distance>
        </extensions>
      </trkpt>
      <trkpt lat="22.294388" lon="114.008271">
        <ele>141</ele>
        <extensions>
          <distance>92768</distance>
        </extensions>
      </trkpt>
      <trkpt lat="22.29433" lon="114.00837">
        <ele>140</ele>
        <extensions>
          <distance>92780</distance>
        </extensions>
      </trkpt>
      <trkpt lat="22.294292" lon="114.008409">
        <ele>139</ele>
        <extensions>
          <distance>92786</distance>
        </extensions>
      </trkpt>
      <trkpt lat="22.294247" lon="114.008446">
        <ele>138</ele>
        <extensions>
          <distance>92793</distance>
        </extensions>
      </trkpt>
      <trkpt lat="22.294163" lon="114.008493">
        <ele>137</ele>
        <extensions>
          <distance>92803</distance>
        </extensions>
      </trkpt>
      <trkpt lat="22.294069" lon="114.008516">
        <ele>134</ele>
        <extensions>
          <distance>92814</distance>
        </extensions>
      </trkpt>
      <trkpt lat="22.294017" lon="114.008517">
        <ele>133</ele>
        <extensions>
          <distance>92820</distance>
        </extensions>
      </trkpt>
      <trkpt lat="22.29396" lon="114.008513">
        <ele>133</ele>
        <extensions>
          <distance>92826</distance>
        </extensions>
      </trkpt>
      <trkpt lat="22.293874" lon="114.008494">
        <ele>132</ele>
        <extensions>
          <distance>92836</distance>
        </extensions>
      </trkpt>
      <trkpt lat="22.293792" lon="114.008468">
        <ele>131</ele>
        <extensions>
          <distance>92846</distance>
        </extensions>
      </trkpt>
      <trkpt lat="22.293551" lon="114.008362">
        <ele>131</ele>
        <extensions>
          <distance>92875</distance>
        </extensions>
      </trkpt>
      <trkpt lat="22.293424" lon="114.008276">
        <ele>131</ele>
        <extensions>
          <distance>92891</distance>
        </extensions>
      </trkpt>
      <trkpt lat="22.293361" lon="114.008223">
        <ele>129</ele>
        <extensions>
          <distance>92900</distance>
        </extensions>
      </trkpt>
      <trkpt lat="22.293142" lon="114.007993">
        <ele>129</ele>
        <extensions>
          <distance>92934</distance>
        </extensions>
      </trkpt>
      <trkpt lat="22.293042" lon="114.007923">
        <ele>129</ele>
        <extensions>
          <distance>92947</distance>
        </extensions>
      </trkpt>
      <trkpt lat="22.291811" lon="114.007294">
        <ele>117</ele>
        <extensions>
          <distance>93099</distance>
        </extensions>
      </trkpt>
      <trkpt lat="22.291691" lon="114.0072">
        <ele>115</ele>
        <extensions>
          <distance>93115</distance>
        </extensions>
      </trkpt>
      <trkpt lat="22.291563" lon="114.007078">
        <ele>114</ele>
        <extensions>
          <distance>93134</distance>
        </extensions>
      </trkpt>
      <trkpt lat="22.291492" lon="114.007027">
        <ele>113</ele>
        <extensions>
          <distance>93144</distance>
        </extensions>
      </trkpt>
      <trkpt lat="22.291415" lon="114.006994">
        <ele>113</ele>
        <extensions>
          <distance>93153</distance>
        </extensions>
      </trkpt>
      <trkpt lat="22.29133" lon="114.006991">
        <ele>113</ele>
        <extensions>
          <distance>93162</distance>
        </extensions>
      </trkpt>
      <trkpt lat="22.291265" lon="114.007013">
        <ele>113</ele>
        <extensions>
          <distance>93170</distance>
        </extensions>
      </trkpt>
      <trkpt lat="22.290888" lon="114.007203">
        <ele>113</ele>
        <extensions>
          <distance>93216</distance>
        </extensions>
      </trkpt>
      <trkpt lat="22.290798" lon="114.007266">
        <ele>113</ele>
        <extensions>
          <distance>93228</distance>
        </extensions>
      </trkpt>
      <trkpt lat="22.290727" lon="114.007339">
        <ele>113</ele>
        <extensions>
          <distance>93239</distance>
        </extensions>
      </trkpt>
      <trkpt lat="22.290696" lon="114.007471">
        <ele>113</ele>
        <extensions>
          <distance>93253</distance>
        </extensions>
      </trkpt>
      <trkpt lat="22.290699" lon="114.007582">
        <ele>113</ele>
        <extensions>
          <distance>93264</distance>
        </extensions>
      </trkpt>
      <trkpt lat="22.290766" lon="114.007686">
        <ele>110</ele>
        <extensions>
          <distance>93277</distance>
        </extensions>
      </trkpt>
      <trkpt lat="22.291116" lon="114.008094">
        <ele>92</ele>
        <extensions>
          <distance>93337</distance>
        </extensions>
      </trkpt>
      <trkpt lat="22.291978" lon="114.009">
        <ele>76</ele>
        <extensions>
          <distance>93472</distance>
        </extensions>
      </trkpt>
      <trkpt lat="22.292229" lon="114.009254">
        <ele>71</ele>
        <extensions>
          <distance>93510</distance>
        </extensions>
      </trkpt>
      <trkpt lat="22.292385" lon="114.009499">
        <ele>71</ele>
        <extensions>
          <distance>93541</distance>
        </extensions>
      </trkpt>
      <trkpt lat="22.292616" lon="114.010003">
        <ele>61</ele>
        <extensions>
          <distance>93599</distance>
        </extensions>
      </trkpt>
      <trkpt lat="22.292635" lon="114.010092">
        <ele>60</ele>
        <extensions>
          <distance>93609</distance>
        </extensions>
      </trkpt>
      <trkpt lat="22.292637" lon="114.010179">
        <ele>60</ele>
        <extensions>
          <distance>93618</distance>
        </extensions>
      </trkpt>
      <trkpt lat="22.292622" lon="114.010268">
        <ele>60</ele>
        <extensions>
          <distance>93627</distance>
        </extensions>
      </trkpt>
      <trkpt lat="22.292493" lon="114.010706">
        <ele>60</ele>
        <extensions>
          <distance>93674</distance>
        </extensions>
      </trkpt>
      <trkpt lat="22.292488" lon="114.010802">
        <ele>58</ele>
        <extensions>
          <distance>93684</distance>
        </extensions>
      </trkpt>
      <trkpt lat="22.292495" lon="114.010848">
        <ele>56</ele>
        <extensions>
          <distance>93689</distance>
        </extensions>
      </trkpt>
      <trkpt lat="22.292526" lon="114.010933">
        <ele>55</ele>
        <extensions>
          <distance>93699</distance>
        </extensions>
      </trkpt>
      <trkpt lat="22.292552" lon="114.010975">
        <ele>55</ele>
        <extensions>
          <distance>93704</distance>
        </extensions>
      </trkpt>
      <trkpt lat="22.292619" lon="114.011045">
        <ele>53</ele>
        <extensions>
          <distance>93714</distance>
        </extensions>
      </trkpt>
      <trkpt lat="22.292696" lon="114.011089">
        <ele>50</ele>
        <extensions>
          <distance>93725</distance>
        </extensions>
      </trkpt>
      <trkpt lat="22.292733" lon="114.011101">
        <ele>50</ele>
        <extensions>
          <distance>93729</distance>
        </extensions>
      </trkpt>
      <trkpt lat="22.293097" lon="114.011142">
        <ele>50</ele>
        <extensions>
          <distance>93769</distance>
        </extensions>
      </trkpt>
      <trkpt lat="22.29316" lon="114.011169">
        <ele>50</ele>
        <extensions>
          <distance>93777</distance>
        </extensions>
      </trkpt>
      <trkpt lat="22.29325" lon="114.011245">
        <ele>49</ele>
        <extensions>
          <distance>93790</distance>
        </extensions>
      </trkpt>
      <trkpt lat="22.293294" lon="114.011318">
        <ele>49</ele>
        <extensions>
          <distance>93799</distance>
        </extensions>
      </trkpt>
      <trkpt lat="22.293323" lon="114.011403">
        <ele>49</ele>
        <extensions>
          <distance>93808</distance>
        </extensions>
      </trkpt>
      <trkpt lat="22.293595" lon="114.01258">
        <ele>32</ele>
        <extensions>
          <distance>93934</distance>
        </extensions>
      </trkpt>
      <trkpt lat="22.293643" lon="114.012702">
        <ele>31</ele>
        <extensions>
          <distance>93948</distance>
        </extensions>
      </trkpt>
      <trkpt lat="22.29373" lon="114.012869">
        <ele>31</ele>
        <extensions>
          <distance>93967</distance>
        </extensions>
      </trkpt>
      <trkpt lat="22.293821" lon="114.012953">
        <ele>30</ele>
        <extensions>
          <distance>93981</distance>
        </extensions>
      </trkpt>
      <trkpt lat="22.293914" lon="114.013022">
        <ele>30</ele>
        <extensions>
          <distance>93993</distance>
        </extensions>
      </trkpt>
      <trkpt lat="22.294172" lon="114.013241">
        <ele>29</ele>
        <extensions>
          <distance>94030</distance>
        </extensions>
      </trkpt>
      <trkpt lat="22.294359" lon="114.013424">
        <ele>29</ele>
        <extensions>
          <distance>94058</distance>
        </extensions>
      </trkpt>
      <trkpt lat="22.294489" lon="114.01369">
        <ele>26</ele>
        <extensions>
          <distance>94089</distance>
        </extensions>
      </trkpt>
      <trkpt lat="22.294576" lon="114.014021">
        <ele>24</ele>
        <extensions>
          <distance>94124</distance>
        </extensions>
      </trkpt>
      <trkpt lat="22.294702" lon="114.014309">
        <ele>22</ele>
        <extensions>
          <distance>94157</distance>
        </extensions>
      </trkpt>
      <trkpt lat="22.294843" lon="114.014445">
        <ele>15</ele>
        <extensions>
          <distance>94179</distance>
        </extensions>
      </trkpt>
      <trkpt lat="22.295003" lon="114.014579">
        <ele>12</ele>
        <extensions>
          <distance>94202</distance>
        </extensions>
      </trkpt>
      <trkpt lat="22.295157" lon="114.014471">
        <ele>12</ele>
        <extensions>
          <distance>94222</distance>
        </extensions>
      </trkpt>
      <trkpt lat="22.295126" lon="114.01441">
        <ele>12</ele>
        <extensions>
          <distance>94229</distance>
        </extensions>
      </trkpt>
      <trkpt lat="22.295007" lon="114.014483">
        <ele>11</ele>
        <extensions>
          <distance>94244</distance>
        </extensions>
      </trkpt>
      <trkpt lat="22.29495" lon="114.014462">
        <ele>11</ele>
        <extensions>
          <distance>94251</distance>
        </extensions>
      </trkpt>
      <trkpt lat="22.294918" lon="114.014439">
        <ele>11</ele>
        <extensions>
          <distance>94255</distance>
        </extensions>
      </trkpt>
      <trkpt lat="22.295" lon="114.01458">
        <ele>10</ele>
        <extensions>
          <distance>94272</distance>
        </extensions>
      </trkpt>
      <trkpt lat="22.29499" lon="114.01459">
        <ele>10</ele>
        <extensions>
          <distance>94274</distance>
        </extensions>
      </trkpt>
      <trkpt lat="22.29516" lon="114.01447">
        <ele>10</ele>
        <extensions>
          <distance>94297</distance>
        </extensions>
      </trkpt>
      <trkpt lat="22.295285" lon="114.01440500000001">
        <ele>10</ele>
        <extensions>
          <distance>94312</distance>
        </extensions>
      </trkpt>
      <trkpt lat="22.29541" lon="114.01434">
        <ele>11</ele>
        <extensions>
          <distance>94327</distance>
        </extensions>
      </trkpt>
      <trkpt lat="22.295535" lon="114.014275">
        <ele>11</ele>
        <extensions>
          <distance>94343</distance>
        </extensions>
      </trkpt>
      <trkpt lat="22.29566" lon="114.01421">
        <ele>11</ele>
        <extensions>
          <distance>94358</distance>
        </extensions>
      </trkpt>
      <trkpt lat="22.2957" lon="114.01425">
        <ele>11</ele>
        <extensions>
          <distance>94364</distance>
        </extensions>
      </trkpt>
      <trkpt lat="22.295860937500002" lon="114.0141734375">
        <ele>11</ele>
        <extensions>
          <distance>94384</distance>
        </extensions>
      </trkpt>
      <trkpt lat="22.296021875" lon="114.014096875">
        <ele>10</ele>
        <extensions>
          <distance>94403</distance>
        </extensions>
      </trkpt>
      <trkpt lat="22.2961828125" lon="114.01402031250001">
        <ele>10</ele>
        <extensions>
          <distance>94423</distance>
        </extensions>
      </trkpt>
      <trkpt lat="22.29634375" lon="114.01394375000001">
        <ele>10</ele>
        <extensions>
          <distance>94442</distance>
        </extensions>
      </trkpt>
      <trkpt lat="22.296504687499997" lon="114.01386718750001">
        <ele>10</ele>
        <extensions>
          <distance>94462</distance>
        </extensions>
      </trkpt>
      <trkpt lat="22.296665625" lon="114.01379062500001">
        <ele>10</ele>
        <extensions>
          <distance>94481</distance>
        </extensions>
      </trkpt>
      <trkpt lat="22.2968265625" lon="114.01371406250001">
        <ele>10</ele>
        <extensions>
          <distance>94501</distance>
        </extensions>
      </trkpt>
      <trkpt lat="22.2969875" lon="114.0136375">
        <ele>11</ele>
        <extensions>
          <distance>94520</distance>
        </extensions>
      </trkpt>
      <trkpt lat="22.2971484375" lon="114.01356093749999">
        <ele>13</ele>
        <extensions>
          <distance>94540</distance>
        </extensions>
      </trkpt>
      <trkpt lat="22.297309375" lon="114.01348437499999">
        <ele>13</ele>
        <extensions>
          <distance>94559</distance>
        </extensions>
      </trkpt>
      <trkpt lat="22.297470312500003" lon="114.01340781249999">
        <ele>13</ele>
        <extensions>
          <distance>94579</distance>
        </extensions>
      </trkpt>
      <trkpt lat="22.297631250000002" lon="114.01333125">
        <ele>13</ele>
        <extensions>
          <distance>94598</distance>
        </extensions>
      </trkpt>
      <trkpt lat="22.2977921875" lon="114.0132546875">
        <ele>14</ele>
        <extensions>
          <distance>94618</distance>
        </extensions>
      </trkpt>
      <trkpt lat="22.297953125" lon="114.013178125">
        <ele>14</ele>
        <extensions>
          <distance>94637</distance>
        </extensions>
      </trkpt>
      <trkpt lat="22.298114062499998" lon="114.0131015625">
        <ele>14</ele>
        <extensions>
          <distance>94657</distance>
        </extensions>
      </trkpt>
      <trkpt lat="22.298275" lon="114.013025">
        <ele>14</ele>
        <extensions>
          <distance>94676</distance>
        </extensions>
      </trkpt>
      <trkpt lat="22.298435937500003" lon="114.0129484375">
        <ele>14</ele>
        <extensions>
          <distance>94696</distance>
        </extensions>
      </trkpt>
      <trkpt lat="22.298596875" lon="114.012871875">
        <ele>15</ele>
        <extensions>
          <distance>94715</distance>
        </extensions>
      </trkpt>
      <trkpt lat="22.2987578125" lon="114.0127953125">
        <ele>16</ele>
        <extensions>
          <distance>94735</distance>
        </extensions>
      </trkpt>
      <trkpt lat="22.29891875" lon="114.01271875">
        <ele>20</ele>
        <extensions>
          <distance>94754</distance>
        </extensions>
      </trkpt>
      <trkpt lat="22.299079687499997" lon="114.0126421875">
        <ele>23</ele>
        <extensions>
          <distance>94774</distance>
        </extensions>
      </trkpt>
      <trkpt lat="22.299240625" lon="114.01256562500001">
        <ele>25</ele>
        <extensions>
          <distance>94794</distance>
        </extensions>
      </trkpt>
      <trkpt lat="22.2994015625" lon="114.01248906250001">
        <ele>26</ele>
        <extensions>
          <distance>94813</distance>
        </extensions>
      </trkpt>
      <trkpt lat="22.2995625" lon="114.0124125">
        <ele>29</ele>
        <extensions>
          <distance>94833</distance>
        </extensions>
      </trkpt>
      <trkpt lat="22.2997234375" lon="114.01233593749998">
        <ele>33</ele>
        <extensions>
          <distance>94853</distance>
        </extensions>
      </trkpt>
      <trkpt lat="22.299884375" lon="114.01225937499999">
        <ele>36</ele>
        <extensions>
          <distance>94873</distance>
        </extensions>
      </trkpt>
      <trkpt lat="22.300045312500004" lon="114.01218281249999">
        <ele>36</ele>
        <extensions>
          <distance>94892</distance>
        </extensions>
      </trkpt>
      <trkpt lat="22.300206250000002" lon="114.01210624999999">
        <ele>36</ele>
        <extensions>
          <distance>94912</distance>
        </extensions>
      </trkpt>
      <trkpt lat="22.3003671875" lon="114.01202968749999">
        <ele>36</ele>
        <extensions>
          <distance>94931</distance>
        </extensions>
      </trkpt>
      <trkpt lat="22.300528125" lon="114.01195312499999">
        <ele>37</ele>
        <extensions>
          <distance>94951</distance>
        </extensions>
      </trkpt>
      <trkpt lat="22.3006890625" lon="114.01187656249999">
        <ele>37</ele>
        <extensions>
          <distance>94970</distance>
        </extensions>
      </trkpt>
      <trkpt lat="22.30085" lon="114.0118">
        <ele>37</ele>
        <extensions>
          <distance>94990</distance>
        </extensions>
      </trkpt>
      <trkpt lat="22.30089" lon="114.01186">
        <ele>37</ele>
        <extensions>
          <distance>94997</distance>
        </extensions>
      </trkpt>
      <trkpt lat="22.30085" lon="114.0118">
        <ele>37</ele>
        <extensions>
          <distance>95005</distance>
        </extensions>
      </trkpt>
      <trkpt lat="22.300715" lon="114.01186874999999">
        <ele>37</ele>
        <extensions>
          <distance>95021</distance>
        </extensions>
      </trkpt>
      <trkpt lat="22.30058" lon="114.01193749999999">
        <ele>37</ele>
        <extensions>
          <distance>95038</distance>
        </extensions>
      </trkpt>
      <trkpt lat="22.300445" lon="114.01200624999998">
        <ele>37</ele>
        <extensions>
          <distance>95054</distance>
        </extensions>
      </trkpt>
      <trkpt lat="22.30031" lon="114.012075">
        <ele>36</ele>
        <extensions>
          <distance>95071</distance>
        </extensions>
      </trkpt>
      <trkpt lat="22.300175" lon="114.01214375">
        <ele>36</ele>
        <extensions>
          <distance>95087</distance>
        </extensions>
      </trkpt>
      <trkpt lat="22.30004" lon="114.0122125">
        <ele>36</ele>
        <extensions>
          <distance>95104</distance>
        </extensions>
      </trkpt>
      <trkpt lat="22.299905" lon="114.01228125">
        <ele>36</ele>
        <extensions>
          <distance>95121</distance>
        </extensions>
      </trkpt>
      <trkpt lat="22.29977" lon="114.01235">
        <ele>36</ele>
        <extensions>
          <distance>95137</distance>
        </extensions>
      </trkpt>
      <trkpt lat="22.29993" lon="114.01227">
        <ele>36</ele>
        <extensions>
          <distance>95157</distance>
        </extensions>
      </trkpt>
      <trkpt lat="22.29989" lon="114.01217">
        <ele>36</ele>
        <extensions>
          <distance>95168</distance>
        </extensions>
      </trkpt>
      <trkpt lat="22.29975" lon="114.01224">
        <ele>36</ele>
        <extensions>
          <distance>95185</distance>
        </extensions>
      </trkpt>
      <trkpt lat="22.29971" lon="114.01213">
        <ele>37</ele>
        <extensions>
          <distance>95197</distance>
        </extensions>
      </trkpt>
      <trkpt lat="22.299662500000004" lon="114.0118775">
        <ele>37</ele>
        <extensions>
          <distance>95224</distance>
        </extensions>
      </trkpt>
      <trkpt lat="22.299615000000003" lon="114.01162500000001">
        <ele>43</ele>
        <extensions>
          <distance>95251</distance>
        </extensions>
      </trkpt>
      <trkpt lat="22.299567500000002" lon="114.01137250000001">
        <ele>50</ele>
        <extensions>
          <distance>95278</distance>
        </extensions>
      </trkpt>
      <trkpt lat="22.29952" lon="114.01112">
        <ele>58</ele>
        <extensions>
          <distance>95306</distance>
        </extensions>
      </trkpt>
      <trkpt lat="22.299480000000003" lon="114.01094499999999">
        <ele>71</ele>
        <extensions>
          <distance>95328</distance>
        </extensions>
      </trkpt>
      <trkpt lat="22.29944" lon="114.01077">
        <ele>82</ele>
        <extensions>
          <distance>95350</distance>
        </extensions>
      </trkpt>
      <trkpt lat="22.29952625" lon="114.01052250000001">
        <ele>90</ele>
        <extensions>
          <distance>95378</distance>
        </extensions>
      </trkpt>
      <trkpt lat="22.299612500000002" lon="114.01027500000001">
        <ele>100</ele>
        <extensions>
          <distance>95407</distance>
        </extensions>
      </trkpt>
      <trkpt lat="22.29969875" lon="114.0100275">
        <ele>113</ele>
        <extensions>
          <distance>95438</distance>
        </extensions>
      </trkpt>
      <trkpt lat="22.299785" lon="114.00978">
        <ele>125</ele>
        <extensions>
          <distance>95467</distance>
        </extensions>
      </trkpt>
      <trkpt lat="22.29987125" lon="114.0095325">
        <ele>141</ele>
        <extensions>
          <distance>95499</distance>
        </extensions>
      </trkpt>
      <trkpt lat="22.299957499999998" lon="114.009285">
        <ele>161</ele>
        <extensions>
          <distance>95533</distance>
        </extensions>
      </trkpt>
      <trkpt lat="22.30004375" lon="114.0090375">
        <ele>173</ele>
        <extensions>
          <distance>95562</distance>
        </extensions>
      </trkpt>
      <trkpt lat="22.30013" lon="114.00879">
        <ele>175</ele>
        <extensions>
          <distance>95590</distance>
        </extensions>
      </trkpt>
      <trkpt lat="22.30011" lon="114.00872">
        <ele>177</ele>
        <extensions>
          <distance>95598</distance>
        </extensions>
      </trkpt>
      <trkpt lat="22.299927500000003" lon="114.00852">
        <ele>185</ele>
        <extensions>
          <distance>95628</distance>
        </extensions>
      </trkpt>
      <trkpt lat="22.299745" lon="114.00832">
        <ele>189</ele>
        <extensions>
          <distance>95657</distance>
        </extensions>
      </trkpt>
      <trkpt lat="22.2995625" lon="114.00811999999999">
        <ele>191</ele>
        <extensions>
          <distance>95686</distance>
        </extensions>
      </trkpt>
      <trkpt lat="22.29938" lon="114.00792">
        <ele>192</ele>
        <extensions>
          <distance>95714</distance>
        </extensions>
      </trkpt>
      <trkpt lat="22.29919375" lon="114.007875">
        <ele>194</ele>
        <extensions>
          <distance>95736</distance>
        </extensions>
      </trkpt>
      <trkpt lat="22.2990075" lon="114.00783">
        <ele>198</ele>
        <extensions>
          <distance>95757</distance>
        </extensions>
      </trkpt>
      <trkpt lat="22.298821249999996" lon="114.007785">
        <ele>204</ele>
        <extensions>
          <distance>95779</distance>
        </extensions>
      </trkpt>
      <trkpt lat="22.298634999999997" lon="114.00774">
        <ele>208</ele>
        <extensions>
          <distance>95801</distance>
        </extensions>
      </trkpt>
      <trkpt lat="22.29844875" lon="114.007695">
        <ele>209</ele>
        <extensions>
          <distance>95822</distance>
        </extensions>
      </trkpt>
      <trkpt lat="22.2982625" lon="114.00765">
        <ele>209</ele>
        <extensions>
          <distance>95843</distance>
        </extensions>
      </trkpt>
      <trkpt lat="22.29807625" lon="114.007605">
        <ele>209</ele>
        <extensions>
          <distance>95864</distance>
        </extensions>
      </trkpt>
      <trkpt lat="22.29789" lon="114.00756">
        <ele>209</ele>
        <extensions>
          <distance>95885</distance>
        </extensions>
      </trkpt>
      <trkpt lat="22.2978625" lon="114.00739250000001">
        <ele>207</ele>
        <extensions>
          <distance>95903</distance>
        </extensions>
      </trkpt>
      <trkpt lat="22.297835" lon="114.007225">
        <ele>203</ele>
        <extensions>
          <distance>95921</distance>
        </extensions>
      </trkpt>
      <trkpt lat="22.297807499999998" lon="114.0070575">
        <ele>198</ele>
        <extensions>
          <distance>95939</distance>
        </extensions>
      </trkpt>
      <trkpt lat="22.29778" lon="114.00689">
        <ele>194</ele>
        <extensions>
          <distance>95957</distance>
        </extensions>
      </trkpt>
      <trkpt lat="22.29778" lon="114.0067425">
        <ele>191</ele>
        <extensions>
          <distance>95973</distance>
        </extensions>
      </trkpt>
      <trkpt lat="22.29778" lon="114.006595">
        <ele>189</ele>
        <extensions>
          <distance>95988</distance>
        </extensions>
      </trkpt>
      <trkpt lat="22.29778" lon="114.00644750000001">
        <ele>188</ele>
        <extensions>
          <distance>96003</distance>
        </extensions>
      </trkpt>
      <trkpt lat="22.29778" lon="114.0063">
        <ele>188</ele>
        <extensions>
          <distance>96018</distance>
        </extensions>
      </trkpt>
      <trkpt lat="22.29772" lon="114.00636">
        <ele>188</ele>
        <extensions>
          <distance>96027</distance>
        </extensions>
      </trkpt>
      <trkpt lat="22.29786" lon="114.0063">
        <ele>188</ele>
        <extensions>
          <distance>96044</distance>
        </extensions>
      </trkpt>
      <trkpt lat="22.298000000000002" lon="114.00623999999999">
        <ele>190</ele>
        <extensions>
          <distance>96061</distance>
        </extensions>
      </trkpt>
      <trkpt lat="22.29814" lon="114.00618">
        <ele>192</ele>
        <extensions>
          <distance>96078</distance>
        </extensions>
      </trkpt>
      <trkpt lat="22.29828" lon="114.00612">
        <ele>196</ele>
        <extensions>
          <distance>96095</distance>
        </extensions>
      </trkpt>
      <trkpt lat="22.298385" lon="114.0059525">
        <ele>202</ele>
        <extensions>
          <distance>96116</distance>
        </extensions>
      </trkpt>
      <trkpt lat="22.29849" lon="114.005785">
        <ele>208</ele>
        <extensions>
          <distance>96138</distance>
        </extensions>
      </trkpt>
      <trkpt lat="22.298595" lon="114.0056175">
        <ele>215</ele>
        <extensions>
          <distance>96160</distance>
        </extensions>
      </trkpt>
      <trkpt lat="22.2987" lon="114.00545">
        <ele>221</ele>
        <extensions>
          <distance>96182</distance>
        </extensions>
      </trkpt>
      <trkpt lat="22.298927499999998" lon="114.0052975">
        <ele>233</ele>
        <extensions>
          <distance>96214</distance>
        </extensions>
      </trkpt>
      <trkpt lat="22.299155" lon="114.005145">
        <ele>240</ele>
        <extensions>
          <distance>96244</distance>
        </extensions>
      </trkpt>
      <trkpt lat="22.2993825" lon="114.0049925">
        <ele>246</ele>
        <extensions>
          <distance>96274</distance>
        </extensions>
      </trkpt>
      <trkpt lat="22.29961" lon="114.00484">
        <ele>257</ele>
        <extensions>
          <distance>96306</distance>
        </extensions>
      </trkpt>
      <trkpt lat="22.299715" lon="114.004685">
        <ele>266</ele>
        <extensions>
          <distance>96328</distance>
        </extensions>
      </trkpt>
      <trkpt lat="22.299821" lon="114.004531">
        <ele>271</ele>
        <extensions>
          <distance>96348</distance>
        </extensions>
      </trkpt>
      <trkpt lat="22.299823" lon="114.004529">
        <ele>271</ele>
        <extensions>
          <distance>96349</distance>
        </extensions>
      </trkpt>
      <trkpt lat="22.300019" lon="114.004308">
        <ele>278</ele>
        <extensions>
          <distance>96381</distance>
        </extensions>
      </trkpt>
      <trkpt lat="22.300049" lon="114.004211">
        <ele>280</ele>
        <extensions>
          <distance>96391</distance>
        </extensions>
      </trkpt>
      <trkpt lat="22.300231" lon="114.004132">
        <ele>284</ele>
        <extensions>
          <distance>96414</distance>
        </extensions>
      </trkpt>
      <trkpt lat="22.300264" lon="114.004004">
        <ele>289</ele>
        <extensions>
          <distance>96428</distance>
        </extensions>
      </trkpt>
      <trkpt lat="22.300393" lon="114.003821">
        <ele>296</ele>
        <extensions>
          <distance>96453</distance>
        </extensions>
      </trkpt>
      <trkpt lat="22.300511" lon="114.00376">
        <ele>299</ele>
        <extensions>
          <distance>96468</distance>
        </extensions>
      </trkpt>
      <trkpt lat="22.3006" lon="114.003668">
        <ele>302</ele>
        <extensions>
          <distance>96482</distance>
        </extensions>
      </trkpt>
      <trkpt lat="22.300693" lon="114.003467">
        <ele>307</ele>
        <extensions>
          <distance>96505</distance>
        </extensions>
      </trkpt>
      <trkpt lat="22.300698" lon="114.003378">
        <ele>310</ele>
        <extensions>
          <distance>96515</distance>
        </extensions>
      </trkpt>
      <trkpt lat="22.300662" lon="114.003224">
        <ele>315</ele>
        <extensions>
          <distance>96532</distance>
        </extensions>
      </trkpt>
      <trkpt lat="22.300619" lon="114.003149">
        <ele>318</ele>
        <extensions>
          <distance>96542</distance>
        </extensions>
      </trkpt>
      <trkpt lat="22.300591" lon="114.003051">
        <ele>321</ele>
        <extensions>
          <distance>96553</distance>
        </extensions>
      </trkpt>
      <trkpt lat="22.300525" lon="114.002967">
        <ele>324</ele>
        <extensions>
          <distance>96564</distance>
        </extensions>
      </trkpt>
      <trkpt lat="22.300452" lon="114.002843">
        <ele>328</ele>
        <extensions>
          <distance>96580</distance>
        </extensions>
      </trkpt>
      <trkpt lat="22.300455" lon="114.002739">
        <ele>333</ele>
        <extensions>
          <distance>96592</distance>
        </extensions>
      </trkpt>
      <trkpt lat="22.300528" lon="114.002438">
        <ele>353</ele>
        <extensions>
          <distance>96630</distance>
        </extensions>
      </trkpt>
      <trkpt lat="22.300565" lon="114.002378">
        <ele>353</ele>
        <extensions>
          <distance>96637</distance>
        </extensions>
      </trkpt>
      <trkpt lat="22.300613" lon="114.002255">
        <ele>355</ele>
        <extensions>
          <distance>96651</distance>
        </extensions>
      </trkpt>
      <trkpt lat="22.300596" lon="114.002207">
        <ele>358</ele>
        <extensions>
          <distance>96657</distance>
        </extensions>
      </trkpt>
      <trkpt lat="22.300565" lon="114.001933">
        <ele>377</ele>
        <extensions>
          <distance>96691</distance>
        </extensions>
      </trkpt>
      <trkpt lat="22.30052" lon="114.001891">
        <ele>379</ele>
        <extensions>
          <distance>96698</distance>
        </extensions>
      </trkpt>
      <trkpt lat="22.300474" lon="114.001921">
        <ele>381</ele>
        <extensions>
          <distance>96704</distance>
        </extensions>
      </trkpt>
      <trkpt lat="22.300428" lon="114.001865">
        <ele>382</ele>
        <extensions>
          <distance>96712</distance>
        </extensions>
      </trkpt>
      <trkpt lat="22.300387" lon="114.001835">
        <ele>382</ele>
        <extensions>
          <distance>96718</distance>
        </extensions>
      </trkpt>
      <trkpt lat="22.300246" lon="114.001852">
        <ele>385</ele>
        <extensions>
          <distance>96733</distance>
        </extensions>
      </trkpt>
      <trkpt lat="22.300196" lon="114.001834">
        <ele>386</ele>
        <extensions>
          <distance>96739</distance>
        </extensions>
      </trkpt>
      <trkpt lat="22.300151" lon="114.001854">
        <ele>386</ele>
        <extensions>
          <distance>96745</distance>
        </extensions>
      </trkpt>
      <trkpt lat="22.300096" lon="114.001798">
        <ele>386</ele>
        <extensions>
          <distance>96753</distance>
        </extensions>
      </trkpt>
      <trkpt lat="22.29988" lon="114.001779">
        <ele>386</ele>
        <extensions>
          <distance>96777</distance>
        </extensions>
      </trkpt>
      <trkpt lat="22.299911" lon="114.001722">
        <ele>386</ele>
        <extensions>
          <distance>96784</distance>
        </extensions>
      </trkpt>
      <trkpt lat="22.299882" lon="114.001641">
        <ele>388</ele>
        <extensions>
          <distance>96793</distance>
        </extensions>
      </trkpt>
      <trkpt lat="22.299897" lon="114.00156">
        <ele>389</ele>
        <extensions>
          <distance>96802</distance>
        </extensions>
      </trkpt>
      <trkpt lat="22.299873" lon="114.001483">
        <ele>393</ele>
        <extensions>
          <distance>96811</distance>
        </extensions>
      </trkpt>
      <trkpt lat="22.299905" lon="114.001423">
        <ele>393</ele>
        <extensions>
          <distance>96818</distance>
        </extensions>
      </trkpt>
      <trkpt lat="22.299907" lon="114.001328">
        <ele>400</ele>
        <extensions>
          <distance>96829</distance>
        </extensions>
      </trkpt>
      <trkpt lat="22.299944" lon="114.001263">
        <ele>403</ele>
        <extensions>
          <distance>96838</distance>
        </extensions>
      </trkpt>
      <trkpt lat="22.299943" lon="114.001229">
        <ele>406</ele>
        <extensions>
          <distance>96842</distance>
        </extensions>
      </trkpt>
      <trkpt lat="22.299925" lon="114.001195">
        <ele>410</ele>
        <extensions>
          <distance>96848</distance>
        </extensions>
      </trkpt>
      <trkpt lat="22.299884" lon="114.00106">
        <ele>421</ele>
        <extensions>
          <distance>96866</distance>
        </extensions>
      </trkpt>
      <trkpt lat="22.299885" lon="114.001018">
        <ele>423</ele>
        <extensions>
          <distance>96871</distance>
        </extensions>
      </trkpt>
      <trkpt lat="22.299866" lon="114.000917">
        <ele>428</ele>
        <extensions>
          <distance>96883</distance>
        </extensions>
      </trkpt>
      <trkpt lat="22.29991" lon="114.000858">
        <ele>428</ele>
        <extensions>
          <distance>96890</distance>
        </extensions>
      </trkpt>
      <trkpt lat="22.299874" lon="114.000759">
        <ele>434</ele>
        <extensions>
          <distance>96902</distance>
        </extensions>
      </trkpt>
      <trkpt lat="22.299834" lon="114.000733">
        <ele>437</ele>
        <extensions>
          <distance>96908</distance>
        </extensions>
      </trkpt>
      <trkpt lat="22.299837" lon="114.000654">
        <ele>441</ele>
        <extensions>
          <distance>96917</distance>
        </extensions>
      </trkpt>
      <trkpt lat="22.299827" lon="114.000591">
        <ele>444</ele>
        <extensions>
          <distance>96925</distance>
        </extensions>
      </trkpt>
      <trkpt lat="22.299754" lon="114.000548">
        <ele>448</ele>
        <extensions>
          <distance>96935</distance>
        </extensions>
      </trkpt>
      <trkpt lat="22.299721" lon="114.000459">
        <ele>451</ele>
        <extensions>
          <distance>96945</distance>
        </extensions>
      </trkpt>
      <trkpt lat="22.299668" lon="114.000366">
        <ele>452</ele>
        <extensions>
          <distance>96956</distance>
        </extensions>
      </trkpt>
      <trkpt lat="22.29964" lon="114.00029">
        <ele>454</ele>
        <extensions>
          <distance>96965</distance>
        </extensions>
      </trkpt>
      <trkpt lat="22.29961" lon="114.00018">
        <ele>455</ele>
        <extensions>
          <distance>96977</distance>
        </extensions>
      </trkpt>
      <trkpt lat="22.299514" lon="113.999954">
        <ele>456</ele>
        <extensions>
          <distance>97002</distance>
        </extensions>
      </trkpt>
      <trkpt lat="22.299531" lon="113.999771">
        <ele>456</ele>
        <extensions>
          <distance>97021</distance>
        </extensions>
      </trkpt>
      <trkpt lat="22.299517" lon="113.999718">
        <ele>456</ele>
        <extensions>
          <distance>97027</distance>
        </extensions>
      </trkpt>
      <trkpt lat="22.299484" lon="113.99966">
        <ele>456</ele>
        <extensions>
          <distance>97034</distance>
        </extensions>
      </trkpt>
      <trkpt lat="22.299425" lon="113.999587">
        <ele>454</ele>
        <extensions>
          <distance>97044</distance>
        </extensions>
      </trkpt>
      <trkpt lat="22.299301" lon="113.999457">
        <ele>448</ele>
        <extensions>
          <distance>97064</distance>
        </extensions>
      </trkpt>
      <trkpt lat="22.299204" lon="113.999288">
        <ele>443</ele>
        <extensions>
          <distance>97085</distance>
        </extensions>
      </trkpt>
      <trkpt lat="22.299166" lon="113.999252">
        <ele>442</ele>
        <extensions>
          <distance>97091</distance>
        </extensions>
      </trkpt>
      <trkpt lat="22.29908" lon="113.998875">
        <ele>441</ele>
        <extensions>
          <distance>97131</distance>
        </extensions>
      </trkpt>
      <trkpt lat="22.299026" lon="113.998752">
        <ele>440</ele>
        <extensions>
          <distance>97145</distance>
        </extensions>
      </trkpt>
      <trkpt lat="22.298837" lon="113.998058">
        <ele>439</ele>
        <extensions>
          <distance>97219</distance>
        </extensions>
      </trkpt>
      <trkpt lat="22.298743" lon="113.997575">
        <ele>435</ele>
        <extensions>
          <distance>97270</distance>
        </extensions>
      </trkpt>
      <trkpt lat="22.298681" lon="113.997418">
        <ele>435</ele>
        <extensions>
          <distance>97288</distance>
        </extensions>
      </trkpt>
      <trkpt lat="22.2986" lon="113.997349">
        <ele>435</ele>
        <extensions>
          <distance>97299</distance>
        </extensions>
      </trkpt>
      <trkpt lat="22.298543" lon="113.997332">
        <ele>435</ele>
        <extensions>
          <distance>97306</distance>
        </extensions>
      </trkpt>
      <trkpt lat="22.298213" lon="113.997146">
        <ele>435</ele>
        <extensions>
          <distance>97347</distance>
        </extensions>
      </trkpt>
      <trkpt lat="22.298146" lon="113.997092">
        <ele>435</ele>
        <extensions>
          <distance>97357</distance>
        </extensions>
      </trkpt>
      <trkpt lat="22.297913" lon="113.996674">
        <ele>435</ele>
        <extensions>
          <distance>97407</distance>
        </extensions>
      </trkpt>
      <trkpt lat="22.297782" lon="113.996537">
        <ele>435</ele>
        <extensions>
          <distance>97427</distance>
        </extensions>
      </trkpt>
      <trkpt lat="22.297722" lon="113.996441">
        <ele>435</ele>
        <extensions>
          <distance>97439</distance>
        </extensions>
      </trkpt>
      <trkpt lat="22.297663" lon="113.996373">
        <ele>435</ele>
        <extensions>
          <distance>97449</distance>
        </extensions>
      </trkpt>
      <trkpt lat="22.297545" lon="113.996313">
        <ele>435</ele>
        <extensions>
          <distance>97463</distance>
        </extensions>
      </trkpt>
      <trkpt lat="22.29736" lon="113.996263">
        <ele>435</ele>
        <extensions>
          <distance>97484</distance>
        </extensions>
      </trkpt>
      <trkpt lat="22.297242" lon="113.996186">
        <ele>435</ele>
        <extensions>
          <distance>97499</distance>
        </extensions>
      </trkpt>
      <trkpt lat="22.296973" lon="113.995932">
        <ele>435</ele>
        <extensions>
          <distance>97539</distance>
        </extensions>
      </trkpt>
      <trkpt lat="22.296906" lon="113.995896">
        <ele>435</ele>
        <extensions>
          <distance>97547</distance>
        </extensions>
      </trkpt>
      <trkpt lat="22.296772" lon="113.995866">
        <ele>435</ele>
        <extensions>
          <distance>97562</distance>
        </extensions>
      </trkpt>
      <trkpt lat="22.296694" lon="113.995872">
        <ele>435</ele>
        <extensions>
          <distance>97571</distance>
        </extensions>
      </trkpt>
      <trkpt lat="22.296634" lon="113.996013">
        <ele>435</ele>
        <extensions>
          <distance>97587</distance>
        </extensions>
      </trkpt>
      <trkpt lat="22.296593" lon="113.996028">
        <ele>435</ele>
        <extensions>
          <distance>97592</distance>
        </extensions>
      </trkpt>
      <trkpt lat="22.296509" lon="113.995989">
        <ele>434</ele>
        <extensions>
          <distance>97602</distance>
        </extensions>
      </trkpt>
      <trkpt lat="22.296472" lon="113.996012">
        <ele>434</ele>
        <extensions>
          <distance>97607</distance>
        </extensions>
      </trkpt>
      <trkpt lat="22.29639" lon="113.996134">
        <ele>433</ele>
        <extensions>
          <distance>97622</distance>
        </extensions>
      </trkpt>
      <trkpt lat="22.296251" lon="113.996245">
        <ele>432</ele>
        <extensions>
          <distance>97642</distance>
        </extensions>
      </trkpt>
      <trkpt lat="22.296172" lon="113.996331">
        <ele>430</ele>
        <extensions>
          <distance>97654</distance>
        </extensions>
      </trkpt>
      <trkpt lat="22.296033" lon="113.9964">
        <ele>426</ele>
        <extensions>
          <distance>97672</distance>
        </extensions>
      </trkpt>
      <trkpt lat="22.295918" lon="113.996442">
        <ele>424</ele>
        <extensions>
          <distance>97685</distance>
        </extensions>
      </trkpt>
      <trkpt lat="22.295794" lon="113.996431">
        <ele>421</ele>
        <extensions>
          <distance>97699</distance>
        </extensions>
      </trkpt>
      <trkpt lat="22.295509" lon="113.996265">
        <ele>410</ele>
        <extensions>
          <distance>97737</distance>
        </extensions>
      </trkpt>
      <trkpt lat="22.295434" lon="113.996285">
        <ele>409</ele>
        <extensions>
          <distance>97745</distance>
        </extensions>
      </trkpt>
      <trkpt lat="22.295364" lon="113.996241">
        <ele>407</ele>
        <extensions>
          <distance>97755</distance>
        </extensions>
      </trkpt>
      <trkpt lat="22.295287" lon="113.996156">
        <ele>403</ele>
        <extensions>
          <distance>97767</distance>
        </extensions>
      </trkpt>
      <trkpt lat="22.295232" lon="113.996135">
        <ele>402</ele>
        <extensions>
          <distance>97774</distance>
        </extensions>
      </trkpt>
      <trkpt lat="22.295194" lon="113.996053">
        <ele>399</ele>
        <extensions>
          <distance>97784</distance>
        </extensions>
      </trkpt>
      <trkpt lat="22.295113" lon="113.99602">
        <ele>397</ele>
        <extensions>
          <distance>97794</distance>
        </extensions>
      </trkpt>
      <trkpt lat="22.295003" lon="113.996078">
        <ele>396</ele>
        <extensions>
          <distance>97807</distance>
        </extensions>
      </trkpt>
      <trkpt lat="22.29484" lon="113.996234">
        <ele>393</ele>
        <extensions>
          <distance>97832</distance>
        </extensions>
      </trkpt>
      <trkpt lat="22.294779" lon="113.996359">
        <ele>393</ele>
        <extensions>
          <distance>97846</distance>
        </extensions>
      </trkpt>
      <trkpt lat="22.294588" lon="113.996481">
        <ele>386</ele>
        <extensions>
          <distance>97871</distance>
        </extensions>
      </trkpt>
      <trkpt lat="22.294436" lon="113.99661">
        <ele>379</ele>
        <extensions>
          <distance>97894</distance>
        </extensions>
      </trkpt>
      <trkpt lat="22.294278" lon="113.996626">
        <ele>373</ele>
        <extensions>
          <distance>97913</distance>
        </extensions>
      </trkpt>
      <trkpt lat="22.294123" lon="113.996515">
        <ele>368</ele>
        <extensions>
          <distance>97934</distance>
        </extensions>
      </trkpt>
      <trkpt lat="22.293914" lon="113.996492">
        <ele>363</ele>
        <extensions>
          <distance>97958</distance>
        </extensions>
      </trkpt>
      <trkpt lat="22.293891" lon="113.996498">
        <ele>363</ele>
        <extensions>
          <distance>97960</distance>
        </extensions>
      </trkpt>
      <trkpt lat="22.29382" lon="113.99643">
        <ele>363</ele>
        <extensions>
          <distance>97971</distance>
        </extensions>
      </trkpt>
      <trkpt lat="22.293717" lon="113.996279">
        <ele>361</ele>
        <extensions>
          <distance>97990</distance>
        </extensions>
      </trkpt>
      <trkpt lat="22.293624" lon="113.996192">
        <ele>359</ele>
        <extensions>
          <distance>98004</distance>
        </extensions>
      </trkpt>
      <trkpt lat="22.293446" lon="113.995988">
        <ele>353</ele>
        <extensions>
          <distance>98033</distance>
        </extensions>
      </trkpt>
      <trkpt lat="22.293304" lon="113.995863">
        <ele>353</ele>
        <extensions>
          <distance>98054</distance>
        </extensions>
      </trkpt>
      <trkpt lat="22.293238" lon="113.995851">
        <ele>353</ele>
        <extensions>
          <distance>98061</distance>
        </extensions>
      </trkpt>
      <trkpt lat="22.293146" lon="113.995745">
        <ele>353</ele>
        <extensions>
          <distance>98076</distance>
        </extensions>
      </trkpt>
      <trkpt lat="22.293002" lon="113.995745">
        <ele>353</ele>
        <extensions>
          <distance>98092</distance>
        </extensions>
      </trkpt>
      <trkpt lat="22.292973" lon="113.995709">
        <ele>353</ele>
        <extensions>
          <distance>98097</distance>
        </extensions>
      </trkpt>
      <trkpt lat="22.292891" lon="113.995676">
        <ele>353</ele>
        <extensions>
          <distance>98107</distance>
        </extensions>
      </trkpt>
      <trkpt lat="22.292847" lon="113.995598">
        <ele>353</ele>
        <extensions>
          <distance>98116</distance>
        </extensions>
      </trkpt>
      <trkpt lat="22.292841" lon="113.995484">
        <ele>352</ele>
        <extensions>
          <distance>98128</distance>
        </extensions>
      </trkpt>
      <trkpt lat="22.292772" lon="113.995328">
        <ele>350</ele>
        <extensions>
          <distance>98146</distance>
        </extensions>
      </trkpt>
      <trkpt lat="22.29272" lon="113.995295">
        <ele>350</ele>
        <extensions>
          <distance>98152</distance>
        </extensions>
      </trkpt>
      <trkpt lat="22.292666" lon="113.995236">
        <ele>350</ele>
        <extensions>
          <distance>98161</distance>
        </extensions>
      </trkpt>
      <trkpt lat="22.292593" lon="113.995192">
        <ele>350</ele>
        <extensions>
          <distance>98170</distance>
        </extensions>
      </trkpt>
      <trkpt lat="22.292516" lon="113.995158">
        <ele>350</ele>
        <extensions>
          <distance>98179</distance>
        </extensions>
      </trkpt>
      <trkpt lat="22.292442" lon="113.995108">
        <ele>350</ele>
        <extensions>
          <distance>98189</distance>
        </extensions>
      </trkpt>
      <trkpt lat="22.292323" lon="113.994996">
        <ele>349</ele>
        <extensions>
          <distance>98207</distance>
        </extensions>
      </trkpt>
      <trkpt lat="22.292268" lon="113.994962">
        <ele>349</ele>
        <extensions>
          <distance>98214</distance>
        </extensions>
      </trkpt>
      <trkpt lat="22.292179" lon="113.994871">
        <ele>347</ele>
        <extensions>
          <distance>98227</distance>
        </extensions>
      </trkpt>
      <trkpt lat="22.292144" lon="113.994871">
        <ele>347</ele>
        <extensions>
          <distance>98231</distance>
        </extensions>
      </trkpt>
      <trkpt lat="22.292143" lon="113.994817">
        <ele>346</ele>
        <extensions>
          <distance>98237</distance>
        </extensions>
      </trkpt>
      <trkpt lat="22.292156" lon="113.994733">
        <ele>345</ele>
        <extensions>
          <distance>98246</distance>
        </extensions>
      </trkpt>
      <trkpt lat="22.292133" lon="113.994708">
        <ele>344</ele>
        <extensions>
          <distance>98249</distance>
        </extensions>
      </trkpt>
      <trkpt lat="22.292152" lon="113.994664">
        <ele>343</ele>
        <extensions>
          <distance>98254</distance>
        </extensions>
      </trkpt>
      <trkpt lat="22.292135" lon="113.99461">
        <ele>342</ele>
        <extensions>
          <distance>98260</distance>
        </extensions>
      </trkpt>
      <trkpt lat="22.292158" lon="113.994554">
        <ele>341</ele>
        <extensions>
          <distance>98267</distance>
        </extensions>
      </trkpt>
      <trkpt lat="22.292163" lon="113.994466">
        <ele>340</ele>
        <extensions>
          <distance>98276</distance>
        </extensions>
      </trkpt>
      <trkpt lat="22.292117" lon="113.994346">
        <ele>339</ele>
        <extensions>
          <distance>98289</distance>
        </extensions>
      </trkpt>
      <trkpt lat="22.292074" lon="113.994322">
        <ele>338</ele>
        <extensions>
          <distance>98295</distance>
        </extensions>
      </trkpt>
      <trkpt lat="22.292037" lon="113.994327">
        <ele>338</ele>
        <extensions>
          <distance>98299</distance>
        </extensions>
      </trkpt>
      <trkpt lat="22.291979" lon="113.994399">
        <ele>338</ele>
        <extensions>
          <distance>98309</distance>
        </extensions>
      </trkpt>
      <trkpt lat="22.291734" lon="113.994625">
        <ele>338</ele>
        <extensions>
          <distance>98345</distance>
        </extensions>
      </trkpt>
      <trkpt lat="22.291602" lon="113.994697">
        <ele>337</ele>
        <extensions>
          <distance>98361</distance>
        </extensions>
      </trkpt>
      <trkpt lat="22.291431" lon="113.994668">
        <ele>333</ele>
        <extensions>
          <distance>98380</distance>
        </extensions>
      </trkpt>
      <trkpt lat="22.291382" lon="113.994666">
        <ele>332</ele>
        <extensions>
          <distance>98386</distance>
        </extensions>
      </trkpt>
      <trkpt lat="22.291362" lon="113.994624">
        <ele>331</ele>
        <extensions>
          <distance>98391</distance>
        </extensions>
      </trkpt>
      <trkpt lat="22.291273" lon="113.994546">
        <ele>331</ele>
        <extensions>
          <distance>98404</distance>
        </extensions>
      </trkpt>
      <trkpt lat="22.291194" lon="113.994531">
        <ele>330</ele>
        <extensions>
          <distance>98413</distance>
        </extensions>
      </trkpt>
      <trkpt lat="22.29103" lon="113.994382">
        <ele>330</ele>
        <extensions>
          <distance>98436</distance>
        </extensions>
      </trkpt>
      <trkpt lat="22.290937" lon="113.994354">
        <ele>330</ele>
        <extensions>
          <distance>98447</distance>
        </extensions>
      </trkpt>
      <trkpt lat="22.290826" lon="113.994287">
        <ele>329</ele>
        <extensions>
          <distance>98461</distance>
        </extensions>
      </trkpt>
      <trkpt lat="22.290771" lon="113.994206">
        <ele>327</ele>
        <extensions>
          <distance>98472</distance>
        </extensions>
      </trkpt>
      <trkpt lat="22.290713" lon="113.994142">
        <ele>325</ele>
        <extensions>
          <distance>98481</distance>
        </extensions>
      </trkpt>
      <trkpt lat="22.290648" lon="113.994088">
        <ele>325</ele>
        <extensions>
          <distance>98490</distance>
        </extensions>
      </trkpt>
      <trkpt lat="22.290599" lon="113.994068">
        <ele>323</ele>
        <extensions>
          <distance>98496</distance>
        </extensions>
      </trkpt>
      <trkpt lat="22.290542" lon="113.99412">
        <ele>323</ele>
        <extensions>
          <distance>98504</distance>
        </extensions>
      </trkpt>
      <trkpt lat="22.290449" lon="113.994248">
        <ele>322</ele>
        <extensions>
          <distance>98521</distance>
        </extensions>
      </trkpt>
      <trkpt lat="22.290348" lon="113.994209">
        <ele>322</ele>
        <extensions>
          <distance>98533</distance>
        </extensions>
      </trkpt>
      <trkpt lat="22.290248" lon="113.994215">
        <ele>321</ele>
        <extensions>
          <distance>98544</distance>
        </extensions>
      </trkpt>
      <trkpt lat="22.290169" lon="113.994337">
        <ele>320</ele>
        <extensions>
          <distance>98560</distance>
        </extensions>
      </trkpt>
      <trkpt lat="22.290089" lon="113.99435">
        <ele>320</ele>
        <extensions>
          <distance>98569</distance>
        </extensions>
      </trkpt>
      <trkpt lat="22.289987" lon="113.994307">
        <ele>317</ele>
        <extensions>
          <distance>98581</distance>
        </extensions>
      </trkpt>
      <trkpt lat="22.289865" lon="113.994291">
        <ele>316</ele>
        <extensions>
          <distance>98595</distance>
        </extensions>
      </trkpt>
      <trkpt lat="22.28974" lon="113.994249">
        <ele>315</ele>
        <extensions>
          <distance>98609</distance>
        </extensions>
      </trkpt>
      <trkpt lat="22.289666" lon="113.994262">
        <ele>314</ele>
        <extensions>
          <distance>98617</distance>
        </extensions>
      </trkpt>
      <trkpt lat="22.289567" lon="113.994308">
        <ele>313</ele>
        <extensions>
          <distance>98629</distance>
        </extensions>
      </trkpt>
      <trkpt lat="22.28949" lon="113.994381">
        <ele>313</ele>
        <extensions>
          <distance>98641</distance>
        </extensions>
      </trkpt>
      <trkpt lat="22.289375" lon="113.994387">
        <ele>313</ele>
        <extensions>
          <distance>98654</distance>
        </extensions>
      </trkpt>
      <trkpt lat="22.289282" lon="113.99437">
        <ele>313</ele>
        <extensions>
          <distance>98664</distance>
        </extensions>
      </trkpt>
      <trkpt lat="22.289178" lon="113.994369">
        <ele>313</ele>
        <extensions>
          <distance>98675</distance>
        </extensions>
      </trkpt>
      <trkpt lat="22.28909" lon="113.994401">
        <ele>312</ele>
        <extensions>
          <distance>98686</distance>
        </extensions>
      </trkpt>
      <trkpt lat="22.28904" lon="113.994402">
        <ele>312</ele>
        <extensions>
          <distance>98691</distance>
        </extensions>
      </trkpt>
      <trkpt lat="22.288982" lon="113.994474">
        <ele>312</ele>
        <extensions>
          <distance>98701</distance>
        </extensions>
      </trkpt>
      <trkpt lat="22.288849" lon="113.994484">
        <ele>311</ele>
        <extensions>
          <distance>98716</distance>
        </extensions>
      </trkpt>
      <trkpt lat="22.28862" lon="113.994306">
        <ele>310</ele>
        <extensions>
          <distance>98747</distance>
        </extensions>
      </trkpt>
      <trkpt lat="22.288554" lon="113.994233">
        <ele>310</ele>
        <extensions>
          <distance>98758</distance>
        </extensions>
      </trkpt>
      <trkpt lat="22.288469" lon="113.994158">
        <ele>310</ele>
        <extensions>
          <distance>98770</distance>
        </extensions>
      </trkpt>
      <trkpt lat="22.288261" lon="113.994064">
        <ele>309</ele>
        <extensions>
          <distance>98795</distance>
        </extensions>
      </trkpt>
      <trkpt lat="22.288177" lon="113.994048">
        <ele>309</ele>
        <extensions>
          <distance>98804</distance>
        </extensions>
      </trkpt>
      <trkpt lat="22.287769" lon="113.99412">
        <ele>309</ele>
        <extensions>
          <distance>98850</distance>
        </extensions>
      </trkpt>
      <trkpt lat="22.28772" lon="113.994166">
        <ele>309</ele>
        <extensions>
          <distance>98857</distance>
        </extensions>
      </trkpt>
      <trkpt lat="22.287713" lon="113.994283">
        <ele>306</ele>
        <extensions>
          <distance>98869</distance>
        </extensions>
      </trkpt>
      <trkpt lat="22.287676" lon="113.994436">
        <ele>301</ele>
        <extensions>
          <distance>98886</distance>
        </extensions>
      </trkpt>
      <trkpt lat="22.287621" lon="113.99449">
        <ele>300</ele>
        <extensions>
          <distance>98895</distance>
        </extensions>
      </trkpt>
      <trkpt lat="22.287553" lon="113.994592">
        <ele>298</ele>
        <extensions>
          <distance>98908</distance>
        </extensions>
      </trkpt>
      <trkpt lat="22.287454" lon="113.994613">
        <ele>294</ele>
        <extensions>
          <distance>98920</distance>
        </extensions>
      </trkpt>
      <trkpt lat="22.287299" lon="113.994663">
        <ele>287</ele>
        <extensions>
          <distance>98939</distance>
        </extensions>
      </trkpt>
      <trkpt lat="22.287254" lon="113.99473">
        <ele>284</ele>
        <extensions>
          <distance>98948</distance>
        </extensions>
      </trkpt>
      <trkpt lat="22.287103" lon="113.994824">
        <ele>279</ele>
        <extensions>
          <distance>98968</distance>
        </extensions>
      </trkpt>
      <trkpt lat="22.287025" lon="113.994885">
        <ele>277</ele>
        <extensions>
          <distance>98979</distance>
        </extensions>
      </trkpt>
      <trkpt lat="22.286943" lon="113.994927">
        <ele>276</ele>
        <extensions>
          <distance>98989</distance>
        </extensions>
      </trkpt>
      <trkpt lat="22.28682" lon="113.994929">
        <ele>275</ele>
        <extensions>
          <distance>99003</distance>
        </extensions>
      </trkpt>
      <trkpt lat="22.28669" lon="113.994809">
        <ele>273</ele>
        <extensions>
          <distance>99022</distance>
        </extensions>
      </trkpt>
      <trkpt lat="22.286616" lon="113.994658">
        <ele>270</ele>
        <extensions>
          <distance>99040</distance>
        </extensions>
      </trkpt>
      <trkpt lat="22.286576" lon="113.994554">
        <ele>268</ele>
        <extensions>
          <distance>99051</distance>
        </extensions>
      </trkpt>
      <trkpt lat="22.286548" lon="113.994437">
        <ele>267</ele>
        <extensions>
          <distance>99064</distance>
        </extensions>
      </trkpt>
      <trkpt lat="22.286443" lon="113.994354">
        <ele>266</ele>
        <extensions>
          <distance>99078</distance>
        </extensions>
      </trkpt>
      <trkpt lat="22.28637" lon="113.994263">
        <ele>266</ele>
        <extensions>
          <distance>99091</distance>
        </extensions>
      </trkpt>
      <trkpt lat="22.286267" lon="113.994116">
        <ele>265</ele>
        <extensions>
          <distance>99110</distance>
        </extensions>
      </trkpt>
      <trkpt lat="22.286171" lon="113.994033">
        <ele>263</ele>
        <extensions>
          <distance>99123</distance>
        </extensions>
      </trkpt>
      <trkpt lat="22.286051" lon="113.993863">
        <ele>260</ele>
        <extensions>
          <distance>99146</distance>
        </extensions>
      </trkpt>
      <trkpt lat="22.285995" lon="113.993738">
        <ele>259</ele>
        <extensions>
          <distance>99160</distance>
        </extensions>
      </trkpt>
      <trkpt lat="22.285982" lon="113.993643">
        <ele>258</ele>
        <extensions>
          <distance>99170</distance>
        </extensions>
      </trkpt>
      <trkpt lat="22.285897" lon="113.993345">
        <ele>257</ele>
        <extensions>
          <distance>99202</distance>
        </extensions>
      </trkpt>
      <trkpt lat="22.285877" lon="113.993235">
        <ele>257</ele>
        <extensions>
          <distance>99214</distance>
        </extensions>
      </trkpt>
      <trkpt lat="22.285829" lon="113.993165">
        <ele>257</ele>
        <extensions>
          <distance>99223</distance>
        </extensions>
      </trkpt>
      <trkpt lat="22.285708" lon="113.993026">
        <ele>254</ele>
        <extensions>
          <distance>99242</distance>
        </extensions>
      </trkpt>
      <trkpt lat="22.285597" lon="113.99292">
        <ele>251</ele>
        <extensions>
          <distance>99259</distance>
        </extensions>
      </trkpt>
      <trkpt lat="22.285561" lon="113.992787">
        <ele>251</ele>
        <extensions>
          <distance>99273</distance>
        </extensions>
      </trkpt>
      <trkpt lat="22.28544" lon="113.992734">
        <ele>251</ele>
        <extensions>
          <distance>99288</distance>
        </extensions>
      </trkpt>
      <trkpt lat="22.285407" lon="113.992687">
        <ele>251</ele>
        <extensions>
          <distance>99294</distance>
        </extensions>
      </trkpt>
      <trkpt lat="22.28533" lon="113.992434">
        <ele>251</ele>
        <extensions>
          <distance>99321</distance>
        </extensions>
      </trkpt>
      <trkpt lat="22.285331" lon="113.992338">
        <ele>251</ele>
        <extensions>
          <distance>99331</distance>
        </extensions>
      </trkpt>
      <trkpt lat="22.285284" lon="113.992144">
        <ele>251</ele>
        <extensions>
          <distance>99352</distance>
        </extensions>
      </trkpt>
      <trkpt lat="22.285232" lon="113.992052">
        <ele>251</ele>
        <extensions>
          <distance>99363</distance>
        </extensions>
      </trkpt>
      <trkpt lat="22.285115" lon="113.991975">
        <ele>251</ele>
        <extensions>
          <distance>99378</distance>
        </extensions>
      </trkpt>
      <trkpt lat="22.285084" lon="113.991955">
        <ele>251</ele>
        <extensions>
          <distance>99382</distance>
        </extensions>
      </trkpt>
      <trkpt lat="22.28503" lon="113.99186">
        <ele>250</ele>
        <extensions>
          <distance>99394</distance>
        </extensions>
      </trkpt>
      <trkpt lat="22.285007" lon="113.991755">
        <ele>250</ele>
        <extensions>
          <distance>99405</distance>
        </extensions>
      </trkpt>
      <trkpt lat="22.284964" lon="113.991723">
        <ele>250</ele>
        <extensions>
          <distance>99410</distance>
        </extensions>
      </trkpt>
      <trkpt lat="22.284844" lon="113.991679">
        <ele>247</ele>
        <extensions>
          <distance>99425</distance>
        </extensions>
      </trkpt>
      <trkpt lat="22.28472" lon="113.99168">
        <ele>245</ele>
        <extensions>
          <distance>99439</distance>
        </extensions>
      </trkpt>
      <trkpt lat="22.284609" lon="113.991638">
        <ele>244</ele>
        <extensions>
          <distance>99452</distance>
        </extensions>
      </trkpt>
      <trkpt lat="22.284512" lon="113.991554">
        <ele>243</ele>
        <extensions>
          <distance>99465</distance>
        </extensions>
      </trkpt>
      <trkpt lat="22.284409" lon="113.991543">
        <ele>243</ele>
        <extensions>
          <distance>99477</distance>
        </extensions>
      </trkpt>
      <trkpt lat="22.284263" lon="113.991622">
        <ele>238</ele>
        <extensions>
          <distance>99495</distance>
        </extensions>
      </trkpt>
      <trkpt lat="22.284214" lon="113.991708">
        <ele>235</ele>
        <extensions>
          <distance>99506</distance>
        </extensions>
      </trkpt>
      <trkpt lat="22.284172" lon="113.991734">
        <ele>234</ele>
        <extensions>
          <distance>99512</distance>
        </extensions>
      </trkpt>
      <trkpt lat="22.284077" lon="113.991682">
        <ele>234</ele>
        <extensions>
          <distance>99523</distance>
        </extensions>
      </trkpt>
      <trkpt lat="22.283946" lon="113.991523">
        <ele>233</ele>
        <extensions>
          <distance>99545</distance>
        </extensions>
      </trkpt>
      <trkpt lat="22.283783" lon="113.991385">
        <ele>232</ele>
        <extensions>
          <distance>99568</distance>
        </extensions>
      </trkpt>
      <trkpt lat="22.283721" lon="113.991288">
        <ele>231</ele>
        <extensions>
          <distance>99581</distance>
        </extensions>
      </trkpt>
      <trkpt lat="22.283629" lon="113.991083">
        <ele>228</ele>
        <extensions>
          <distance>99604</distance>
        </extensions>
      </trkpt>
      <trkpt lat="22.283595" lon="113.990986">
        <ele>226</ele>
        <extensions>
          <distance>99615</distance>
        </extensions>
      </trkpt>
      <trkpt lat="22.283545" lon="113.990889">
        <ele>225</ele>
        <extensions>
          <distance>99627</distance>
        </extensions>
      </trkpt>
      <trkpt lat="22.283476" lon="113.990787">
        <ele>222</ele>
        <extensions>
          <distance>99640</distance>
        </extensions>
      </trkpt>
      <trkpt lat="22.283335" lon="113.99044">
        <ele>215</ele>
        <extensions>
          <distance>99680</distance>
        </extensions>
      </trkpt>
      <trkpt lat="22.283316" lon="113.990274">
        <ele>213</ele>
        <extensions>
          <distance>99697</distance>
        </extensions>
      </trkpt>
      <trkpt lat="22.283316" lon="113.989894">
        <ele>205</ele>
        <extensions>
          <distance>99737</distance>
        </extensions>
      </trkpt>
      <trkpt lat="22.283284" lon="113.989758">
        <ele>202</ele>
        <extensions>
          <distance>99752</distance>
        </extensions>
      </trkpt>
      <trkpt lat="22.283161" lon="113.98963">
        <ele>199</ele>
        <extensions>
          <distance>99771</distance>
        </extensions>
      </trkpt>
      <trkpt lat="22.283089" lon="113.989429">
        <ele>195</ele>
        <extensions>
          <distance>99793</distance>
        </extensions>
      </trkpt>
      <trkpt lat="22.283127" lon="113.989336">
        <ele>194</ele>
        <extensions>
          <distance>99804</distance>
        </extensions>
      </trkpt>
      <trkpt lat="22.283076" lon="113.989235">
        <ele>193</ele>
        <extensions>
          <distance>99816</distance>
        </extensions>
      </trkpt>
      <trkpt lat="22.283154" lon="113.989146">
        <ele>191</ele>
        <extensions>
          <distance>99828</distance>
        </extensions>
      </trkpt>
      <trkpt lat="22.283097" lon="113.988983">
        <ele>188</ele>
        <extensions>
          <distance>99847</distance>
        </extensions>
      </trkpt>
      <trkpt lat="22.283011" lon="113.988922">
        <ele>187</ele>
        <extensions>
          <distance>99858</distance>
        </extensions>
      </trkpt>
      <trkpt lat="22.282874" lon="113.98871">
        <ele>185</ele>
        <extensions>
          <distance>99885</distance>
        </extensions>
      </trkpt>
      <trkpt lat="22.282785" lon="113.988534">
        <ele>183</ele>
        <extensions>
          <distance>99906</distance>
        </extensions>
      </trkpt>
      <trkpt lat="22.282797" lon="113.988396">
        <ele>182</ele>
        <extensions>
          <distance>99920</distance>
        </extensions>
      </trkpt>
      <trkpt lat="22.282872" lon="113.988316">
        <ele>180</ele>
        <extensions>
          <distance>99932</distance>
        </extensions>
      </trkpt>
      <trkpt lat="22.282894" lon="113.988233">
        <ele>179</ele>
        <extensions>
          <distance>99941</distance>
        </extensions>
      </trkpt>
      <trkpt lat="22.282844" lon="113.988123">
        <ele>178</ele>
        <extensions>
          <distance>99953</distance>
        </extensions>
      </trkpt>
      <trkpt lat="22.282708" lon="113.988035">
        <ele>178</ele>
        <extensions>
          <distance>99971</distance>
        </extensions>
      </trkpt>
      <trkpt lat="22.282715" lon="113.98793">
        <ele>178</ele>
        <extensions>
          <distance>99982</distance>
        </extensions>
      </trkpt>
      <trkpt lat="22.282752" lon="113.987785">
        <ele>174</ele>
        <extensions>
          <distance>99997</distance>
        </extensions>
      </trkpt>
      <trkpt lat="22.282747" lon="113.987698">
        <ele>174</ele>
        <extensions>
          <distance>100006</distance>
        </extensions>
      </trkpt>
      <trkpt lat="22.282725" lon="113.987592">
        <ele>174</ele>
        <extensions>
          <distance>100018</distance>
        </extensions>
      </trkpt>
      <trkpt lat="22.282679" lon="113.987472">
        <ele>174</ele>
        <extensions>
          <distance>100031</distance>
        </extensions>
      </trkpt>
      <trkpt lat="22.282731" lon="113.98722">
        <ele>172</ele>
        <extensions>
          <distance>100058</distance>
        </extensions>
      </trkpt>
      <trkpt lat="22.282671" lon="113.987129">
        <ele>169</ele>
        <extensions>
          <distance>100070</distance>
        </extensions>
      </trkpt>
      <trkpt lat="22.282572" lon="113.987054">
        <ele>168</ele>
        <extensions>
          <distance>100083</distance>
        </extensions>
      </trkpt>
      <trkpt lat="22.282631" lon="113.986938">
        <ele>167</ele>
        <extensions>
          <distance>100097</distance>
        </extensions>
      </trkpt>
      <trkpt lat="22.282659" lon="113.986791">
        <ele>165</ele>
        <extensions>
          <distance>100112</distance>
        </extensions>
      </trkpt>
      <trkpt lat="22.282686" lon="113.986702">
        <ele>165</ele>
        <extensions>
          <distance>100122</distance>
        </extensions>
      </trkpt>
      <trkpt lat="22.282696" lon="113.986549">
        <ele>165</ele>
        <extensions>
          <distance>100138</distance>
        </extensions>
      </trkpt>
      <trkpt lat="22.282756" lon="113.986351">
        <ele>165</ele>
        <extensions>
          <distance>100159</distance>
        </extensions>
      </trkpt>
      <trkpt lat="22.282719" lon="113.986259">
        <ele>166</ele>
        <extensions>
          <distance>100169</distance>
        </extensions>
      </trkpt>
      <trkpt lat="22.28274" lon="113.985971">
        <ele>166</ele>
        <extensions>
          <distance>100199</distance>
        </extensions>
      </trkpt>
      <trkpt lat="22.282656" lon="113.985854">
        <ele>167</ele>
        <extensions>
          <distance>100214</distance>
        </extensions>
      </trkpt>
      <trkpt lat="22.28261" lon="113.985722">
        <ele>167</ele>
        <extensions>
          <distance>100229</distance>
        </extensions>
      </trkpt>
      <trkpt lat="22.282517" lon="113.985505">
        <ele>167</ele>
        <extensions>
          <distance>100254</distance>
        </extensions>
      </trkpt>
      <trkpt lat="22.282298" lon="113.984944">
        <ele>177</ele>
        <extensions>
          <distance>100317</distance>
        </extensions>
      </trkpt>
      <trkpt lat="22.282229" lon="113.98484">
        <ele>179</ele>
        <extensions>
          <distance>100330</distance>
        </extensions>
      </trkpt>
      <trkpt lat="22.282158" lon="113.984649">
        <ele>179</ele>
        <extensions>
          <distance>100351</distance>
        </extensions>
      </trkpt>
      <trkpt lat="22.282038" lon="113.984461">
        <ele>179</ele>
        <extensions>
          <distance>100375</distance>
        </extensions>
      </trkpt>
      <trkpt lat="22.281903" lon="113.98438">
        <ele>179</ele>
        <extensions>
          <distance>100392</distance>
        </extensions>
      </trkpt>
      <trkpt lat="22.281805" lon="113.984308">
        <ele>179</ele>
        <extensions>
          <distance>100405</distance>
        </extensions>
      </trkpt>
      <trkpt lat="22.281698" lon="113.98418">
        <ele>178</ele>
        <extensions>
          <distance>100423</distance>
        </extensions>
      </trkpt>
      <trkpt lat="22.281694" lon="113.984073">
        <ele>178</ele>
        <extensions>
          <distance>100434</distance>
        </extensions>
      </trkpt>
      <trkpt lat="22.281552" lon="113.984031">
        <ele>178</ele>
        <extensions>
          <distance>100450</distance>
        </extensions>
      </trkpt>
      <trkpt lat="22.281464" lon="113.983939">
        <ele>178</ele>
        <extensions>
          <distance>100464</distance>
        </extensions>
      </trkpt>
      <trkpt lat="22.281441" lon="113.983857">
        <ele>177</ele>
        <extensions>
          <distance>100473</distance>
        </extensions>
      </trkpt>
      <trkpt lat="22.281483" lon="113.983735">
        <ele>177</ele>
        <extensions>
          <distance>100486</distance>
        </extensions>
      </trkpt>
      <trkpt lat="22.28144" lon="113.983662">
        <ele>177</ele>
        <extensions>
          <distance>100495</distance>
        </extensions>
      </trkpt>
      <trkpt lat="22.28122" lon="113.983907">
        <ele>175</ele>
        <extensions>
          <distance>100530</distance>
        </extensions>
      </trkpt>
      <trkpt lat="22.280829" lon="113.984414">
        <ele>175</ele>
        <extensions>
          <distance>100598</distance>
        </extensions>
      </trkpt>
      <trkpt lat="22.280491" lon="113.985043">
        <ele>173</ele>
        <extensions>
          <distance>100673</distance>
        </extensions>
      </trkpt>
      <trkpt lat="22.28029" lon="113.985151">
        <ele>172</ele>
        <extensions>
          <distance>100698</distance>
        </extensions>
      </trkpt>
      <trkpt lat="22.280065" lon="113.98545">
        <ele>171</ele>
        <extensions>
          <distance>100737</distance>
        </extensions>
      </trkpt>
      <trkpt lat="22.280137" lon="113.985784">
        <ele>170</ele>
        <extensions>
          <distance>100773</distance>
        </extensions>
      </trkpt>
      <trkpt lat="22.279957" lon="113.985907">
        <ele>168</ele>
        <extensions>
          <distance>100796</distance>
        </extensions>
      </trkpt>
      <trkpt lat="22.279864" lon="113.986131">
        <ele>168</ele>
        <extensions>
          <distance>100822</distance>
        </extensions>
      </trkpt>
      <trkpt lat="22.279875" lon="113.986357">
        <ele>168</ele>
        <extensions>
          <distance>100845</distance>
        </extensions>
      </trkpt>
      <trkpt lat="22.279942" lon="113.986483">
        <ele>168</ele>
        <extensions>
          <distance>100860</distance>
        </extensions>
      </trkpt>
      <trkpt lat="22.279913" lon="113.986723">
        <ele>168</ele>
        <extensions>
          <distance>100885</distance>
        </extensions>
      </trkpt>
      <trkpt lat="22.279754" lon="113.986842">
        <ele>167</ele>
        <extensions>
          <distance>100906</distance>
        </extensions>
      </trkpt>
      <trkpt lat="22.279713" lon="113.987077">
        <ele>167</ele>
        <extensions>
          <distance>100931</distance>
        </extensions>
      </trkpt>
      <trkpt lat="22.279634" lon="113.987123">
        <ele>166</ele>
        <extensions>
          <distance>100941</distance>
        </extensions>
      </trkpt>
      <trkpt lat="22.279559" lon="113.987097">
        <ele>166</ele>
        <extensions>
          <distance>100950</distance>
        </extensions>
      </trkpt>
      <trkpt lat="22.279465" lon="113.987101">
        <ele>166</ele>
        <extensions>
          <distance>100960</distance>
        </extensions>
      </trkpt>
      <trkpt lat="22.27939" lon="113.987237">
        <ele>165</ele>
        <extensions>
          <distance>100976</distance>
        </extensions>
      </trkpt>
      <trkpt lat="22.27934" lon="113.98772">
        <ele>165</ele>
        <extensions>
          <distance>101026</distance>
        </extensions>
      </trkpt>
      <trkpt lat="22.279414" lon="113.988057">
        <ele>164</ele>
        <extensions>
          <distance>101062</distance>
        </extensions>
      </trkpt>
      <trkpt lat="22.279427" lon="113.988153">
        <ele>164</ele>
        <extensions>
          <distance>101072</distance>
        </extensions>
      </trkpt>
      <trkpt lat="22.279403" lon="113.988241">
        <ele>164</ele>
        <extensions>
          <distance>101082</distance>
        </extensions>
      </trkpt>
      <trkpt lat="22.2794" lon="113.988334">
        <ele>164</ele>
        <extensions>
          <distance>101091</distance>
        </extensions>
      </trkpt>
      <trkpt lat="22.279366" lon="113.988347">
        <ele>164</ele>
        <extensions>
          <distance>101095</distance>
        </extensions>
      </trkpt>
      <trkpt lat="22.279226" lon="113.988438">
        <ele>164</ele>
        <extensions>
          <distance>101113</distance>
        </extensions>
      </trkpt>
      <trkpt lat="22.279149" lon="113.988265">
        <ele>164</ele>
        <extensions>
          <distance>101133</distance>
        </extensions>
      </trkpt>
      <trkpt lat="22.27906" lon="113.988232">
        <ele>165</ele>
        <extensions>
          <distance>101143</distance>
        </extensions>
      </trkpt>
      <trkpt lat="22.278922" lon="113.988338">
        <ele>165</ele>
        <extensions>
          <distance>101162</distance>
        </extensions>
      </trkpt>
      <trkpt lat="22.278739" lon="113.988423">
        <ele>165</ele>
        <extensions>
          <distance>101184</distance>
        </extensions>
      </trkpt>
      <trkpt lat="22.27845" lon="113.988487">
        <ele>165</ele>
        <extensions>
          <distance>101217</distance>
        </extensions>
      </trkpt>
      <trkpt lat="22.278354" lon="113.988508">
        <ele>164</ele>
        <extensions>
          <distance>101228</distance>
        </extensions>
      </trkpt>
      <trkpt lat="22.278316" lon="113.988534">
        <ele>164</ele>
        <extensions>
          <distance>101233</distance>
        </extensions>
      </trkpt>
      <trkpt lat="22.278103" lon="113.988727">
        <ele>159</ele>
        <extensions>
          <distance>101264</distance>
        </extensions>
      </trkpt>
      <trkpt lat="22.278" lon="113.98877">
        <ele>156</ele>
        <extensions>
          <distance>101277</distance>
        </extensions>
      </trkpt>
      <trkpt lat="22.277854" lon="113.988798">
        <ele>153</ele>
        <extensions>
          <distance>101293</distance>
        </extensions>
      </trkpt>
      <trkpt lat="22.277794" lon="113.988851">
        <ele>151</ele>
        <extensions>
          <distance>101302</distance>
        </extensions>
      </trkpt>
      <trkpt lat="22.277763" lon="113.988904">
        <ele>150</ele>
        <extensions>
          <distance>101309</distance>
        </extensions>
      </trkpt>
      <trkpt lat="22.277694" lon="113.988951">
        <ele>148</ele>
        <extensions>
          <distance>101318</distance>
        </extensions>
      </trkpt>
      <trkpt lat="22.277646" lon="113.988965">
        <ele>147</ele>
        <extensions>
          <distance>101324</distance>
        </extensions>
      </trkpt>
      <trkpt lat="22.277599" lon="113.988933">
        <ele>146</ele>
        <extensions>
          <distance>101330</distance>
        </extensions>
      </trkpt>
      <trkpt lat="22.277412" lon="113.988744">
        <ele>138</ele>
        <extensions>
          <distance>101359</distance>
        </extensions>
      </trkpt>
      <trkpt lat="22.277225" lon="113.988725">
        <ele>130</ele>
        <extensions>
          <distance>101382</distance>
        </extensions>
      </trkpt>
      <trkpt lat="22.27716" lon="113.988687">
        <ele>125</ele>
        <extensions>
          <distance>101391</distance>
        </extensions>
      </trkpt>
      <trkpt lat="22.277023" lon="113.9887">
        <ele>125</ele>
        <extensions>
          <distance>101406</distance>
        </extensions>
      </trkpt>
      <trkpt lat="22.27701" lon="113.98874">
        <ele>125</ele>
        <extensions>
          <distance>101411</distance>
        </extensions>
      </trkpt>
      <trkpt lat="22.277073" lon="113.988821">
        <ele>125</ele>
        <extensions>
          <distance>101422</distance>
        </extensions>
      </trkpt>
      <trkpt lat="22.277117" lon="113.988967">
        <ele>126</ele>
        <extensions>
          <distance>101438</distance>
        </extensions>
      </trkpt>
      <trkpt lat="22.277126" lon="113.989044">
        <ele>126</ele>
        <extensions>
          <distance>101446</distance>
        </extensions>
      </trkpt>
      <trkpt lat="22.277124" lon="113.989133">
        <ele>126</ele>
        <extensions>
          <distance>101455</distance>
        </extensions>
      </trkpt>
      <trkpt lat="22.277097" lon="113.989188">
        <ele>126</ele>
        <extensions>
          <distance>101461</distance>
        </extensions>
      </trkpt>
      <trkpt lat="22.277048" lon="113.989181">
        <ele>124</ele>
        <extensions>
          <distance>101467</distance>
        </extensions>
      </trkpt>
      <trkpt lat="22.276998" lon="113.98914">
        <ele>121</ele>
        <extensions>
          <distance>101474</distance>
        </extensions>
      </trkpt>
      <trkpt lat="22.276976" lon="113.989184">
        <ele>120</ele>
        <extensions>
          <distance>101479</distance>
        </extensions>
      </trkpt>
      <trkpt lat="22.276952" lon="113.989207">
        <ele>118</ele>
        <extensions>
          <distance>101484</distance>
        </extensions>
      </trkpt>
      <trkpt lat="22.276935" lon="113.989296">
        <ele>116</ele>
        <extensions>
          <distance>101493</distance>
        </extensions>
      </trkpt>
      <trkpt lat="22.276823" lon="113.989329">
        <ele>108</ele>
        <extensions>
          <distance>101508</distance>
        </extensions>
      </trkpt>
      <trkpt lat="22.276782" lon="113.989365">
        <ele>105</ele>
        <extensions>
          <distance>101515</distance>
        </extensions>
      </trkpt>
      <trkpt lat="22.276756" lon="113.989457">
        <ele>103</ele>
        <extensions>
          <distance>101525</distance>
        </extensions>
      </trkpt>
      <trkpt lat="22.276694" lon="113.989519">
        <ele>99</ele>
        <extensions>
          <distance>101535</distance>
        </extensions>
      </trkpt>
      <trkpt lat="22.276645" lon="113.989526">
        <ele>96</ele>
        <extensions>
          <distance>101541</distance>
        </extensions>
      </trkpt>
      <trkpt lat="22.276595" lon="113.98958">
        <ele>94</ele>
        <extensions>
          <distance>101550</distance>
        </extensions>
      </trkpt>
      <trkpt lat="22.276553" lon="113.98961">
        <ele>92</ele>
        <extensions>
          <distance>101555</distance>
        </extensions>
      </trkpt>
      <trkpt lat="22.27649" lon="113.989542">
        <ele>89</ele>
        <extensions>
          <distance>101566</distance>
        </extensions>
      </trkpt>
      <trkpt lat="22.276418" lon="113.989533">
        <ele>85</ele>
        <extensions>
          <distance>101575</distance>
        </extensions>
      </trkpt>
      <trkpt lat="22.276372" lon="113.989543">
        <ele>84</ele>
        <extensions>
          <distance>101580</distance>
        </extensions>
      </trkpt>
      <trkpt lat="22.27634" lon="113.989537">
        <ele>83</ele>
        <extensions>
          <distance>101584</distance>
        </extensions>
      </trkpt>
      <trkpt lat="22.276287" lon="113.989526">
        <ele>82</ele>
        <extensions>
          <distance>101590</distance>
        </extensions>
      </trkpt>
      <trkpt lat="22.276182" lon="113.989423">
        <ele>80</ele>
        <extensions>
          <distance>101606</distance>
        </extensions>
      </trkpt>
      <trkpt lat="22.276159" lon="113.989288">
        <ele>79</ele>
        <extensions>
          <distance>101620</distance>
        </extensions>
      </trkpt>
      <trkpt lat="22.276099" lon="113.989315">
        <ele>78</ele>
        <extensions>
          <distance>101627</distance>
        </extensions>
      </trkpt>
      <trkpt lat="22.276038" lon="113.989326">
        <ele>77</ele>
        <extensions>
          <distance>101634</distance>
        </extensions>
      </trkpt>
      <trkpt lat="22.275931" lon="113.989424">
        <ele>77</ele>
        <extensions>
          <distance>101650</distance>
        </extensions>
      </trkpt>
      <trkpt lat="22.27588" lon="113.989375">
        <ele>76</ele>
        <extensions>
          <distance>101657</distance>
        </extensions>
      </trkpt>
      <trkpt lat="22.275698" lon="113.989266">
        <ele>72</ele>
        <extensions>
          <distance>101681</distance>
        </extensions>
      </trkpt>
      <trkpt lat="22.275491" lon="113.989126">
        <ele>67</ele>
        <extensions>
          <distance>101708</distance>
        </extensions>
      </trkpt>
      <trkpt lat="22.275416" lon="113.989106">
        <ele>65</ele>
        <extensions>
          <distance>101717</distance>
        </extensions>
      </trkpt>
      <trkpt lat="22.275182" lon="113.989143">
        <ele>61</ele>
        <extensions>
          <distance>101744</distance>
        </extensions>
      </trkpt>
      <trkpt lat="22.275116" lon="113.989171">
        <ele>59</ele>
        <extensions>
          <distance>101752</distance>
        </extensions>
      </trkpt>
      <trkpt lat="22.275021" lon="113.989271">
        <ele>58</ele>
        <extensions>
          <distance>101766</distance>
        </extensions>
      </trkpt>
      <trkpt lat="22.274958" lon="113.989319">
        <ele>57</ele>
        <extensions>
          <distance>101775</distance>
        </extensions>
      </trkpt>
      <trkpt lat="22.274793" lon="113.989302">
        <ele>55</ele>
        <extensions>
          <distance>101793</distance>
        </extensions>
      </trkpt>
      <trkpt lat="22.274662" lon="113.989262">
        <ele>53</ele>
        <extensions>
          <distance>101809</distance>
        </extensions>
      </trkpt>
      <trkpt lat="22.27462" lon="113.989277">
        <ele>53</ele>
        <extensions>
          <distance>101814</distance>
        </extensions>
      </trkpt>
      <trkpt lat="22.274372" lon="113.98941">
        <ele>51</ele>
        <extensions>
          <distance>101844</distance>
        </extensions>
      </trkpt>
      <trkpt lat="22.274299" lon="113.989421">
        <ele>51</ele>
        <extensions>
          <distance>101852</distance>
        </extensions>
      </trkpt>
      <trkpt lat="22.27422" lon="113.989527">
        <ele>51</ele>
        <extensions>
          <distance>101866</distance>
        </extensions>
      </trkpt>
      <trkpt lat="22.27421" lon="113.989573">
        <ele>51</ele>
        <extensions>
          <distance>101871</distance>
        </extensions>
      </trkpt>
      <trkpt lat="22.27406" lon="113.98971">
        <ele>52</ele>
        <extensions>
          <distance>101893</distance>
        </extensions>
      </trkpt>
      <trkpt lat="22.27394" lon="113.989855">
        <ele>53</ele>
        <extensions>
          <distance>101913</distance>
        </extensions>
      </trkpt>
      <trkpt lat="22.27382" lon="113.99">
        <ele>53</ele>
        <extensions>
          <distance>101933</distance>
        </extensions>
      </trkpt>
      <trkpt lat="22.2737925" lon="113.99022249999999">
        <ele>53</ele>
        <extensions>
          <distance>101956</distance>
        </extensions>
      </trkpt>
      <trkpt lat="22.273765" lon="113.990445">
        <ele>53</ele>
        <extensions>
          <distance>101979</distance>
        </extensions>
      </trkpt>
      <trkpt lat="22.273737500000003" lon="113.9906675">
        <ele>49</ele>
        <extensions>
          <distance>102003</distance>
        </extensions>
      </trkpt>
      <trkpt lat="22.27371" lon="113.99089">
        <ele>44</ele>
        <extensions>
          <distance>102026</distance>
        </extensions>
      </trkpt>
      <trkpt lat="22.273505" lon="113.99087">
        <ele>42</ele>
        <extensions>
          <distance>102049</distance>
        </extensions>
      </trkpt>
      <trkpt lat="22.2733" lon="113.99085">
        <ele>41</ele>
        <extensions>
          <distance>102072</distance>
        </extensions>
      </trkpt>
      <trkpt lat="22.273094999999998" lon="113.99082999999999">
        <ele>40</ele>
        <extensions>
          <distance>102095</distance>
        </extensions>
      </trkpt>
      <trkpt lat="22.27289" lon="113.99081">
        <ele>40</ele>
        <extensions>
          <distance>102118</distance>
        </extensions>
      </trkpt>
      <trkpt lat="22.27301" lon="113.990995">
        <ele>35</ele>
        <extensions>
          <distance>102141</distance>
        </extensions>
      </trkpt>
      <trkpt lat="22.27313" lon="113.99118">
        <ele>29</ele>
        <extensions>
          <distance>102165</distance>
        </extensions>
      </trkpt>
      <trkpt lat="22.273085000000002" lon="113.99134000000001">
        <ele>25</ele>
        <extensions>
          <distance>102183</distance>
        </extensions>
      </trkpt>
      <trkpt lat="22.27304" lon="113.9915">
        <ele>23</ele>
        <extensions>
          <distance>102200</distance>
        </extensions>
      </trkpt>
      <trkpt lat="22.27286" lon="113.99163250000001">
        <ele>22</ele>
        <extensions>
          <distance>102224</distance>
        </extensions>
      </trkpt>
      <trkpt lat="22.27268" lon="113.991765">
        <ele>21</ele>
        <extensions>
          <distance>102249</distance>
        </extensions>
      </trkpt>
      <trkpt lat="22.2725" lon="113.9918975">
        <ele>21</ele>
        <extensions>
          <distance>102273</distance>
        </extensions>
      </trkpt>
      <trkpt lat="22.27232" lon="113.99203">
        <ele>18</ele>
        <extensions>
          <distance>102297</distance>
        </extensions>
      </trkpt>
      <trkpt lat="22.27218" lon="113.99201">
        <ele>18</ele>
        <extensions>
          <distance>102313</distance>
        </extensions>
      </trkpt>
      <trkpt lat="22.2720475" lon="113.99193">
        <ele>18</ele>
        <extensions>
          <distance>102329</distance>
        </extensions>
      </trkpt>
      <trkpt lat="22.271915" lon="113.99185">
        <ele>18</ele>
        <extensions>
          <distance>102346</distance>
        </extensions>
      </trkpt>
      <trkpt lat="22.2717825" lon="113.99177">
        <ele>15</ele>
        <extensions>
          <distance>102363</distance>
        </extensions>
      </trkpt>
      <trkpt lat="22.27165" lon="113.99169">
        <ele>15</ele>
        <extensions>
          <distance>102380</distance>
        </extensions>
      </trkpt>
      <trkpt lat="22.27162" lon="113.9914425">
        <ele>15</ele>
        <extensions>
          <distance>102406</distance>
        </extensions>
      </trkpt>
      <trkpt lat="22.27159" lon="113.991195">
        <ele>15</ele>
        <extensions>
          <distance>102431</distance>
        </extensions>
      </trkpt>
      <trkpt lat="22.27156" lon="113.9909475">
        <ele>17</ele>
        <extensions>
          <distance>102457</distance>
        </extensions>
      </trkpt>
      <trkpt lat="22.27153" lon="113.9907">
        <ele>21</ele>
        <extensions>
          <distance>102483</distance>
        </extensions>
      </trkpt>
      <trkpt lat="22.271385" lon="113.99056250000001">
        <ele>22</ele>
        <extensions>
          <distance>102505</distance>
        </extensions>
      </trkpt>
      <trkpt lat="22.27124" lon="113.990425">
        <ele>22</ele>
        <extensions>
          <distance>102526</distance>
        </extensions>
      </trkpt>
      <trkpt lat="22.271095" lon="113.9902875">
        <ele>22</ele>
        <extensions>
          <distance>102547</distance>
        </extensions>
      </trkpt>
      <trkpt lat="22.27095" lon="113.99015">
        <ele>22</ele>
        <extensions>
          <distance>102569</distance>
        </extensions>
      </trkpt>
      <trkpt lat="22.270725" lon="113.990085">
        <ele>21</ele>
        <extensions>
          <distance>102595</distance>
        </extensions>
      </trkpt>
      <trkpt lat="22.2705" lon="113.99002">
        <ele>20</ele>
        <extensions>
          <distance>102621</distance>
        </extensions>
      </trkpt>
      <trkpt lat="22.270325" lon="113.99008">
        <ele>18</ele>
        <extensions>
          <distance>102641</distance>
        </extensions>
      </trkpt>
      <trkpt lat="22.27015" lon="113.99014">
        <ele>16</ele>
        <extensions>
          <distance>102661</distance>
        </extensions>
      </trkpt>
      <trkpt lat="22.27002375" lon="113.990375">
        <ele>11</ele>
        <extensions>
          <distance>102690</distance>
        </extensions>
      </trkpt>
      <trkpt lat="22.2698975" lon="113.99061">
        <ele>9</ele>
        <extensions>
          <distance>102718</distance>
        </extensions>
      </trkpt>
      <trkpt lat="22.269771249999998" lon="113.99084500000001">
        <ele>9</ele>
        <extensions>
          <distance>102746</distance>
        </extensions>
      </trkpt>
      <trkpt lat="22.269645" lon="113.99108">
        <ele>9</ele>
        <extensions>
          <distance>102774</distance>
        </extensions>
      </trkpt>
      <trkpt lat="22.269518750000003" lon="113.99131499999999">
        <ele>8</ele>
        <extensions>
          <distance>102802</distance>
        </extensions>
      </trkpt>
      <trkpt lat="22.269392500000002" lon="113.99154999999999">
        <ele>8</ele>
        <extensions>
          <distance>102830</distance>
        </extensions>
      </trkpt>
      <trkpt lat="22.26926625" lon="113.991785">
        <ele>8</ele>
        <extensions>
          <distance>102858</distance>
        </extensions>
      </trkpt>
      <trkpt lat="22.26914" lon="113.99202">
        <ele>6</ele>
        <extensions>
          <distance>102886</distance>
        </extensions>
      </trkpt>
      <trkpt lat="22.26893" lon="113.9921075">
        <ele>5</ele>
        <extensions>
          <distance>102911</distance>
        </extensions>
      </trkpt>
      <trkpt lat="22.268720000000002" lon="113.992195">
        <ele>4</ele>
        <extensions>
          <distance>102936</distance>
        </extensions>
      </trkpt>
      <trkpt lat="22.26851" lon="113.99228249999999">
        <ele>4</ele>
        <extensions>
          <distance>102961</distance>
        </extensions>
      </trkpt>
      <trkpt lat="22.2683" lon="113.99237">
        <ele>4</ele>
        <extensions>
          <distance>102985</distance>
        </extensions>
      </trkpt>
      <trkpt lat="22.2681975" lon="113.99247">
        <ele>4</ele>
        <extensions>
          <distance>103001</distance>
        </extensions>
      </trkpt>
      <trkpt lat="22.268095000000002" lon="113.99257">
        <ele>4</ele>
        <extensions>
          <distance>103016</distance>
        </extensions>
      </trkpt>
      <trkpt lat="22.267992500000002" lon="113.99267">
        <ele>4</ele>
        <extensions>
          <distance>103031</distance>
        </extensions>
      </trkpt>
      <trkpt lat="22.26789" lon="113.99277">
        <ele>3</ele>
        <extensions>
          <distance>103047</distance>
        </extensions>
      </trkpt>
      <trkpt lat="22.267715000000003" lon="113.992985">
        <ele>3</ele>
        <extensions>
          <distance>103076</distance>
        </extensions>
      </trkpt>
      <trkpt lat="22.26754" lon="113.9932">
        <ele>3</ele>
        <extensions>
          <distance>103106</distance>
        </extensions>
      </trkpt>
      <trkpt lat="22.26748" lon="113.9934425">
        <ele>3</ele>
        <extensions>
          <distance>103132</distance>
        </extensions>
      </trkpt>
      <trkpt lat="22.26742" lon="113.993685">
        <ele>3</ele>
        <extensions>
          <distance>103157</distance>
        </extensions>
      </trkpt>
      <trkpt lat="22.26736" lon="113.9939275">
        <ele>3</ele>
        <extensions>
          <distance>103183</distance>
        </extensions>
      </trkpt>
      <trkpt lat="22.2673" lon="113.99417">
        <ele>3</ele>
        <extensions>
          <distance>103209</distance>
        </extensions>
      </trkpt>
      <trkpt lat="22.267125" lon="113.994295">
        <ele>3</ele>
        <extensions>
          <distance>103232</distance>
        </extensions>
      </trkpt>
      <trkpt lat="22.26695" lon="113.99442">
        <ele>3</ele>
        <extensions>
          <distance>103256</distance>
        </extensions>
      </trkpt>
      <trkpt lat="22.266915" lon="113.994665">
        <ele>3</ele>
        <extensions>
          <distance>103281</distance>
        </extensions>
      </trkpt>
      <trkpt lat="22.26688" lon="113.99491">
        <ele>3</ele>
        <extensions>
          <distance>103307</distance>
        </extensions>
      </trkpt>
      <trkpt lat="22.26697875" lon="113.9951375">
        <ele>3</ele>
        <extensions>
          <distance>103333</distance>
        </extensions>
      </trkpt>
      <trkpt lat="22.2670775" lon="113.995365">
        <ele>3</ele>
        <extensions>
          <distance>103359</distance>
        </extensions>
      </trkpt>
      <trkpt lat="22.26717625" lon="113.99559250000001">
        <ele>3</ele>
        <extensions>
          <distance>103384</distance>
        </extensions>
      </trkpt>
      <trkpt lat="22.267274999999998" lon="113.99582000000001">
        <ele>4</ele>
        <extensions>
          <distance>103410</distance>
        </extensions>
      </trkpt>
      <trkpt lat="22.267373749999997" lon="113.9960475">
        <ele>4</ele>
        <extensions>
          <distance>103436</distance>
        </extensions>
      </trkpt>
      <trkpt lat="22.267472499999997" lon="113.996275">
        <ele>4</ele>
        <extensions>
          <distance>103462</distance>
        </extensions>
      </trkpt>
      <trkpt lat="22.267571249999996" lon="113.99650249999999">
        <ele>4</ele>
        <extensions>
          <distance>103488</distance>
        </extensions>
      </trkpt>
      <trkpt lat="22.26767" lon="113.99673">
        <ele>4</ele>
        <extensions>
          <distance>103514</distance>
        </extensions>
      </trkpt>
      <trkpt lat="22.26767" lon="113.99671">
        <ele>4</ele>
        <extensions>
          <distance>103516</distance>
        </extensions>
      </trkpt>
      <trkpt lat="22.2675" lon="113.99677">
        <ele>4</ele>
        <extensions>
          <distance>103536</distance>
        </extensions>
      </trkpt>
      <trkpt lat="22.26752" lon="113.99683">
        <ele>4</ele>
        <extensions>
          <distance>103542</distance>
        </extensions>
      </trkpt>
      <trkpt lat="22.26736" lon="113.99698">
        <ele>4</ele>
        <extensions>
          <distance>103566</distance>
        </extensions>
      </trkpt>
    </trkseg>
  </trk>
</gpx>