<?xml version="1.0" encoding="UTF-8"?>
<gpx xmlns:gpxdata="http://www.cluetrust.com/XML/GPXDATA/1/0" xmlns:xsi="http://www.w3.org/2001/XMLSchema-instance" xmlns="http://www.topografix.com/GPX/1/1" version="1.1" creator="http://ridewithgps.com/" xsi:schemaLocation="http://www.topografix.com/GPX/1/1 http://www.topografix.com/GPX/1/1/gpx.xsd http://www.cluetrust.com/XML/GPXDATA/1/0 http://www.cluetrust.com/Schemas/gpxdata10.xsd">
  <metadata>
    <name>Final Kullamannen 2025 100M v16</name>
    <link href="https://ridewithgps.com/routes/53037617">
      <text>Final Kullamannen 2025 100M v16</text>
    </link>
    <time>2025-10-16T08:37:40Z</time>
  </metadata>
  <trk>
    <name>Final Kullamannen 2025 100M v16</name>
    <trkseg>
      <trkpt lat="56.19967" lon="12.55876">
        <ele>6.1</ele>
      </trkpt>
      <trkpt lat="56.19966" lon="12.55855">
        <ele>6.3</ele>
      </trkpt>
      <trkpt lat="56.19964" lon="12.55806">
        <ele>6.3</ele>
      </trkpt>
      <trkpt lat="56.19962" lon="12.55774">
        <ele>6.1</ele>
      </trkpt>
      <trkpt lat="56.19957" lon="12.55676">
        <ele>6.0</ele>
      </trkpt>
      <trkpt lat="56.19953" lon="12.55607">
        <ele>6.3</ele>
      </trkpt>
      <trkpt lat="56.199523" lon="12.555981">
        <ele>6.4</ele>
      </trkpt>
      <trkpt lat="56.19952" lon="12.55598">
        <ele>6.3</ele>
      </trkpt>
      <trkpt lat="56.19951" lon="12.55581">
        <ele>6.4</ele>
      </trkpt>
      <trkpt lat="56.19957" lon="12.55576">
        <ele>6.5</ele>
      </trkpt>
      <trkpt lat="56.20006" lon="12.55456">
        <ele>7.3</ele>
      </trkpt>
      <trkpt lat="56.20045" lon="12.55357">
        <ele>6.5</ele>
      </trkpt>
      <trkpt lat="56.20083" lon="12.55258">
        <ele>7.0</ele>
      </trkpt>
      <trkpt lat="56.20083" lon="12.55258">
        <ele>7.0</ele>
      </trkpt>
      <trkpt lat="56.20084" lon="12.55255">
        <ele>7.0</ele>
      </trkpt>
      <trkpt lat="56.2003" lon="12.55183">
        <ele>5.7</ele>
      </trkpt>
      <trkpt lat="56.19993" lon="12.55146">
        <ele>4.6</ele>
      </trkpt>
      <trkpt lat="56.19968" lon="12.55126">
        <ele>3.7</ele>
      </trkpt>
      <trkpt lat="56.19942" lon="12.55106">
        <ele>2.9</ele>
      </trkpt>
      <trkpt lat="56.19945" lon="12.55095">
        <ele>2.8</ele>
      </trkpt>
      <trkpt lat="56.199439" lon="12.550948">
        <ele>2.8</ele>
      </trkpt>
      <trkpt lat="56.1998" lon="12.54953">
        <ele>3.0</ele>
      </trkpt>
      <trkpt lat="56.19981" lon="12.5494">
        <ele>3.0</ele>
      </trkpt>
      <trkpt lat="56.19992" lon="12.54914">
        <ele>3.3</ele>
      </trkpt>
      <trkpt lat="56.20007" lon="12.54899">
        <ele>3.6</ele>
      </trkpt>
      <trkpt lat="56.20014" lon="12.54885">
        <ele>3.7</ele>
      </trkpt>
      <trkpt lat="56.2002" lon="12.54868">
        <ele>3.9</ele>
      </trkpt>
      <trkpt lat="56.20021" lon="12.54855">
        <ele>4.0</ele>
      </trkpt>
      <trkpt lat="56.20017" lon="12.54823">
        <ele>3.9</ele>
      </trkpt>
      <trkpt lat="56.20019" lon="12.54815">
        <ele>3.9</ele>
      </trkpt>
      <trkpt lat="56.20023" lon="12.54808">
        <ele>4.1</ele>
      </trkpt>
      <trkpt lat="56.200074" lon="12.547489">
        <ele>4.3</ele>
      </trkpt>
      <trkpt lat="56.20008" lon="12.54748">
        <ele>4.3</ele>
      </trkpt>
      <trkpt lat="56.20006" lon="12.54739">
        <ele>4.2</ele>
      </trkpt>
      <trkpt lat="56.20029" lon="12.54642">
        <ele>4.5</ele>
      </trkpt>
      <trkpt lat="56.20029" lon="12.54642">
        <ele>4.5</ele>
      </trkpt>
      <trkpt lat="56.20046" lon="12.54576">
        <ele>3.6</ele>
      </trkpt>
      <trkpt lat="56.20045" lon="12.54451">
        <ele>1.8</ele>
      </trkpt>
      <trkpt lat="56.20055" lon="12.54406">
        <ele>1.5</ele>
      </trkpt>
      <trkpt lat="56.20057" lon="12.54399">
        <ele>1.5</ele>
      </trkpt>
      <trkpt lat="56.200562" lon="12.543984">
        <ele>1.5</ele>
      </trkpt>
      <trkpt lat="56.20058" lon="12.54389">
        <ele>0.0</ele>
      </trkpt>
      <trkpt lat="56.20076" lon="12.54402">
        <ele>0.9</ele>
      </trkpt>
      <trkpt lat="56.20081" lon="12.54399">
        <ele>1.2</ele>
      </trkpt>
      <trkpt lat="56.20089" lon="12.54403">
        <ele>1.6</ele>
      </trkpt>
      <trkpt lat="56.20092" lon="12.544">
        <ele>1.8</ele>
      </trkpt>
      <trkpt lat="56.20098" lon="12.54387">
        <ele>1.8</ele>
      </trkpt>
      <trkpt lat="56.20102" lon="12.54369">
        <ele>1.7</ele>
      </trkpt>
      <trkpt lat="56.20109" lon="12.5436">
        <ele>1.7</ele>
      </trkpt>
      <trkpt lat="56.20115" lon="12.54346">
        <ele>1.6</ele>
      </trkpt>
      <trkpt lat="56.20152" lon="12.54224">
        <ele>1.2</ele>
      </trkpt>
      <trkpt lat="56.20167" lon="12.54181">
        <ele>1.0</ele>
      </trkpt>
      <trkpt lat="56.20182" lon="12.54148">
        <ele>1.0</ele>
      </trkpt>
      <trkpt lat="56.20189" lon="12.54136">
        <ele>1.0</ele>
      </trkpt>
      <trkpt lat="56.20282" lon="12.54045">
        <ele>0.9</ele>
      </trkpt>
      <trkpt lat="56.20337" lon="12.53997">
        <ele>0.9</ele>
      </trkpt>
      <trkpt lat="56.20441" lon="12.53895">
        <ele>0.8</ele>
      </trkpt>
      <trkpt lat="56.20441" lon="12.53895">
        <ele>0.8</ele>
      </trkpt>
      <trkpt lat="56.20509" lon="12.53833">
        <ele>0.7</ele>
      </trkpt>
      <trkpt lat="56.20588" lon="12.53797">
        <ele>0.7</ele>
      </trkpt>
      <trkpt lat="56.20674" lon="12.53753">
        <ele>0.6</ele>
      </trkpt>
      <trkpt lat="56.20682" lon="12.5375">
        <ele>0.6</ele>
      </trkpt>
      <trkpt lat="56.20689" lon="12.53753">
        <ele>0.6</ele>
      </trkpt>
      <trkpt lat="56.207" lon="12.53763">
        <ele>0.6</ele>
      </trkpt>
      <trkpt lat="56.20705" lon="12.53772">
        <ele>0.7</ele>
      </trkpt>
      <trkpt lat="56.20726" lon="12.53847">
        <ele>1.2</ele>
      </trkpt>
      <trkpt lat="56.20736" lon="12.53878">
        <ele>1.4</ele>
      </trkpt>
      <trkpt lat="56.20746" lon="12.53921">
        <ele>1.6</ele>
      </trkpt>
      <trkpt lat="56.20776" lon="12.54027">
        <ele>2.3</ele>
      </trkpt>
      <trkpt lat="56.20791" lon="12.5406">
        <ele>2.5</ele>
      </trkpt>
      <trkpt lat="56.20807" lon="12.54053">
        <ele>2.7</ele>
      </trkpt>
      <trkpt lat="56.20823" lon="12.54049">
        <ele>2.9</ele>
      </trkpt>
      <trkpt lat="56.20948" lon="12.54101">
        <ele>4.2</ele>
      </trkpt>
      <trkpt lat="56.20968" lon="12.54112">
        <ele>4.4</ele>
      </trkpt>
      <trkpt lat="56.20985" lon="12.54124">
        <ele>4.7</ele>
      </trkpt>
      <trkpt lat="56.20984" lon="12.54124">
        <ele>4.7</ele>
      </trkpt>
      <trkpt lat="56.21143" lon="12.54237">
        <ele>6.3</ele>
      </trkpt>
      <trkpt lat="56.21281" lon="12.54324">
        <ele>7.3</ele>
      </trkpt>
      <trkpt lat="56.2131" lon="12.5434">
        <ele>6.5</ele>
      </trkpt>
      <trkpt lat="56.21413" lon="12.54382">
        <ele>4.0</ele>
      </trkpt>
      <trkpt lat="56.2144" lon="12.5439">
        <ele>3.3</ele>
      </trkpt>
      <trkpt lat="56.21479" lon="12.54407">
        <ele>2.3</ele>
      </trkpt>
      <trkpt lat="56.21496" lon="12.54412">
        <ele>1.9</ele>
      </trkpt>
      <trkpt lat="56.21517" lon="12.54414">
        <ele>1.4</ele>
      </trkpt>
      <trkpt lat="56.21655" lon="12.5437">
        <ele>1.5</ele>
      </trkpt>
      <trkpt lat="56.21655" lon="12.5437">
        <ele>1.5</ele>
      </trkpt>
      <trkpt lat="56.21843" lon="12.54314">
        <ele>2.5</ele>
      </trkpt>
      <trkpt lat="56.218891" lon="12.542953">
        <ele>3.5</ele>
      </trkpt>
      <trkpt lat="56.21889" lon="12.54296">
        <ele>3.5</ele>
      </trkpt>
      <trkpt lat="56.21972" lon="12.5426">
        <ele>3.7</ele>
      </trkpt>
      <trkpt lat="56.22046" lon="12.54224">
        <ele>3.9</ele>
      </trkpt>
      <trkpt lat="56.22119" lon="12.54188">
        <ele>3.9</ele>
      </trkpt>
      <trkpt lat="56.22193" lon="12.54145">
        <ele>3.7</ele>
      </trkpt>
      <trkpt lat="56.2224" lon="12.54115">
        <ele>3.1</ele>
      </trkpt>
      <trkpt lat="56.22287" lon="12.54086">
        <ele>2.6</ele>
      </trkpt>
      <trkpt lat="56.223" lon="12.54073">
        <ele>2.3</ele>
      </trkpt>
      <trkpt lat="56.2232" lon="12.54066">
        <ele>2.2</ele>
      </trkpt>
      <trkpt lat="56.22331" lon="12.54064">
        <ele>2.3</ele>
      </trkpt>
      <trkpt lat="56.22355" lon="12.54052">
        <ele>2.1</ele>
      </trkpt>
      <trkpt lat="56.22393" lon="12.54048">
        <ele>2.4</ele>
      </trkpt>
      <trkpt lat="56.22459" lon="12.54028">
        <ele>2.5</ele>
      </trkpt>
      <trkpt lat="56.22525" lon="12.54009">
        <ele>2.7</ele>
      </trkpt>
      <trkpt lat="56.22574" lon="12.53991">
        <ele>2.7</ele>
      </trkpt>
      <trkpt lat="56.22623" lon="12.53973">
        <ele>2.5</ele>
      </trkpt>
      <trkpt lat="56.22689" lon="12.53945">
        <ele>1.6</ele>
      </trkpt>
      <trkpt lat="56.22755" lon="12.53918">
        <ele>0.3</ele>
      </trkpt>
      <trkpt lat="56.22821" lon="12.53891">
        <ele>1.8</ele>
      </trkpt>
      <trkpt lat="56.2285" lon="12.53887">
        <ele>2.4</ele>
      </trkpt>
      <trkpt lat="56.22855" lon="12.53889">
        <ele>2.6</ele>
      </trkpt>
      <trkpt lat="56.22867" lon="12.53896">
        <ele>3.2</ele>
      </trkpt>
      <trkpt lat="56.22876" lon="12.53886">
        <ele>3.1</ele>
      </trkpt>
      <trkpt lat="56.22882" lon="12.53882">
        <ele>3.2</ele>
      </trkpt>
      <trkpt lat="56.22887" lon="12.53883">
        <ele>3.3</ele>
      </trkpt>
      <trkpt lat="56.22932" lon="12.53895">
        <ele>4.8</ele>
      </trkpt>
      <trkpt lat="56.22978" lon="12.53908">
        <ele>6.3</ele>
      </trkpt>
      <trkpt lat="56.23023" lon="12.53884">
        <ele>6.4</ele>
      </trkpt>
      <trkpt lat="56.23084" lon="12.53877">
        <ele>6.6</ele>
      </trkpt>
      <trkpt lat="56.23104" lon="12.53871">
        <ele>6.4</ele>
      </trkpt>
      <trkpt lat="56.23104" lon="12.53871">
        <ele>6.4</ele>
      </trkpt>
      <trkpt lat="56.23179" lon="12.53849">
        <ele>5.7</ele>
      </trkpt>
      <trkpt lat="56.231786" lon="12.538491">
        <ele>5.7</ele>
      </trkpt>
      <trkpt lat="56.23179" lon="12.53849">
        <ele>5.7</ele>
      </trkpt>
      <trkpt lat="56.2322" lon="12.53837">
        <ele>5.8</ele>
      </trkpt>
      <trkpt lat="56.23283" lon="12.53826">
        <ele>5.8</ele>
      </trkpt>
      <trkpt lat="56.23339" lon="12.53821">
        <ele>5.7</ele>
      </trkpt>
      <trkpt lat="56.23357" lon="12.53814">
        <ele>5.9</ele>
      </trkpt>
      <trkpt lat="56.23422" lon="12.53754">
        <ele>5.1</ele>
      </trkpt>
      <trkpt lat="56.23487" lon="12.53695">
        <ele>3.7</ele>
      </trkpt>
      <trkpt lat="56.23487" lon="12.53695">
        <ele>3.7</ele>
      </trkpt>
      <trkpt lat="56.23499" lon="12.53683">
        <ele>3.4</ele>
      </trkpt>
      <trkpt lat="56.23518" lon="12.53664">
        <ele>2.9</ele>
      </trkpt>
      <trkpt lat="56.23524" lon="12.5363">
        <ele>1.7</ele>
      </trkpt>
      <trkpt lat="56.23541" lon="12.53615">
        <ele>1.1</ele>
      </trkpt>
      <trkpt lat="56.23549" lon="12.53614">
        <ele>1.1</ele>
      </trkpt>
      <trkpt lat="56.23569" lon="12.53601">
        <ele>0.6</ele>
      </trkpt>
      <trkpt lat="56.23593" lon="12.53593">
        <ele>0.4</ele>
      </trkpt>
      <trkpt lat="56.23593" lon="12.535924">
        <ele>0.3</ele>
      </trkpt>
      <trkpt lat="56.23593" lon="12.53593">
        <ele>0.4</ele>
      </trkpt>
      <trkpt lat="56.23618" lon="12.53586">
        <ele>0.1</ele>
      </trkpt>
      <trkpt lat="56.23644" lon="12.53573">
        <ele>3.0</ele>
      </trkpt>
      <trkpt lat="56.23652" lon="12.53573">
        <ele>2.9</ele>
      </trkpt>
      <trkpt lat="56.23698" lon="12.53593">
        <ele>0.6</ele>
      </trkpt>
      <trkpt lat="56.23709" lon="12.53594">
        <ele>0.6</ele>
      </trkpt>
      <trkpt lat="56.23735" lon="12.53593">
        <ele>0.7</ele>
      </trkpt>
      <trkpt lat="56.23802" lon="12.5361">
        <ele>2.1</ele>
      </trkpt>
      <trkpt lat="56.23815" lon="12.53614">
        <ele>2.5</ele>
      </trkpt>
      <trkpt lat="56.2383" lon="12.53608">
        <ele>2.1</ele>
      </trkpt>
      <trkpt lat="56.23844" lon="12.53601">
        <ele>1.8</ele>
      </trkpt>
      <trkpt lat="56.23855" lon="12.53602">
        <ele>2.2</ele>
      </trkpt>
      <trkpt lat="56.23888" lon="12.53614">
        <ele>3.8</ele>
      </trkpt>
      <trkpt lat="56.239" lon="12.53617">
        <ele>4.3</ele>
      </trkpt>
      <trkpt lat="56.23941" lon="12.53614">
        <ele>4.5</ele>
      </trkpt>
      <trkpt lat="56.2395" lon="12.53614">
        <ele>4.5</ele>
      </trkpt>
      <trkpt lat="56.2395" lon="12.53614">
        <ele>4.5</ele>
      </trkpt>
      <trkpt lat="56.23976" lon="12.53616">
        <ele>4.6</ele>
      </trkpt>
      <trkpt lat="56.23996" lon="12.53613">
        <ele>4.4</ele>
      </trkpt>
      <trkpt lat="56.24009" lon="12.53608">
        <ele>4.3</ele>
      </trkpt>
      <trkpt lat="56.24034" lon="12.53591">
        <ele>3.8</ele>
      </trkpt>
      <trkpt lat="56.2405" lon="12.53587">
        <ele>3.8</ele>
      </trkpt>
      <trkpt lat="56.24072" lon="12.53569">
        <ele>3.2</ele>
      </trkpt>
      <trkpt lat="56.24078" lon="12.53566">
        <ele>3.1</ele>
      </trkpt>
      <trkpt lat="56.240783" lon="12.535654">
        <ele>3.1</ele>
      </trkpt>
      <trkpt lat="56.24078" lon="12.53566">
        <ele>3.1</ele>
      </trkpt>
      <trkpt lat="56.24103" lon="12.53553">
        <ele>3.2</ele>
      </trkpt>
      <trkpt lat="56.24113" lon="12.53609">
        <ele>5.8</ele>
      </trkpt>
      <trkpt lat="56.24191" lon="12.53578">
        <ele>6.5</ele>
      </trkpt>
      <trkpt lat="56.2427" lon="12.53546">
        <ele>8.0</ele>
      </trkpt>
      <trkpt lat="56.24276" lon="12.53548">
        <ele>8.2</ele>
      </trkpt>
      <trkpt lat="56.24283" lon="12.5353">
        <ele>8.2</ele>
      </trkpt>
      <trkpt lat="56.24302" lon="12.53498">
        <ele>8.2</ele>
      </trkpt>
      <trkpt lat="56.24313" lon="12.53484">
        <ele>7.7</ele>
      </trkpt>
      <trkpt lat="56.24318" lon="12.53478">
        <ele>7.6</ele>
      </trkpt>
      <trkpt lat="56.24373" lon="12.53443">
        <ele>7.1</ele>
      </trkpt>
      <trkpt lat="56.24406" lon="12.53412">
        <ele>6.6</ele>
      </trkpt>
      <trkpt lat="56.24406" lon="12.53412">
        <ele>6.6</ele>
      </trkpt>
      <trkpt lat="56.24444" lon="12.53359">
        <ele>6.1</ele>
      </trkpt>
      <trkpt lat="56.24465" lon="12.53326">
        <ele>6.2</ele>
      </trkpt>
      <trkpt lat="56.24462" lon="12.5331">
        <ele>5.7</ele>
      </trkpt>
      <trkpt lat="56.2447" lon="12.53282">
        <ele>5.6</ele>
      </trkpt>
      <trkpt lat="56.24495" lon="12.53218">
        <ele>5.4</ele>
      </trkpt>
      <trkpt lat="56.24502" lon="12.53197">
        <ele>5.4</ele>
      </trkpt>
      <trkpt lat="56.24502" lon="12.531965">
        <ele>5.4</ele>
      </trkpt>
      <trkpt lat="56.24502" lon="12.53197">
        <ele>5.4</ele>
      </trkpt>
      <trkpt lat="56.24503" lon="12.53195">
        <ele>5.4</ele>
      </trkpt>
      <trkpt lat="56.24531" lon="12.53158">
        <ele>5.8</ele>
      </trkpt>
      <trkpt lat="56.24571" lon="12.53116">
        <ele>5.2</ele>
      </trkpt>
      <trkpt lat="56.24571" lon="12.53116">
        <ele>5.2</ele>
      </trkpt>
      <trkpt lat="56.24616" lon="12.53069">
        <ele>4.6</ele>
      </trkpt>
      <trkpt lat="56.24643" lon="12.5305">
        <ele>4.8</ele>
      </trkpt>
      <trkpt lat="56.2465" lon="12.53077">
        <ele>6.2</ele>
      </trkpt>
      <trkpt lat="56.246496" lon="12.530769">
        <ele>6.1</ele>
      </trkpt>
      <trkpt lat="56.2465" lon="12.53077">
        <ele>6.2</ele>
      </trkpt>
      <trkpt lat="56.24658" lon="12.53108">
        <ele>7.9</ele>
      </trkpt>
      <trkpt lat="56.24729" lon="12.53019">
        <ele>6.0</ele>
      </trkpt>
      <trkpt lat="56.24796" lon="12.52928">
        <ele>4.1</ele>
      </trkpt>
      <trkpt lat="56.24822" lon="12.52898">
        <ele>4.1</ele>
      </trkpt>
      <trkpt lat="56.24834" lon="12.52885">
        <ele>4.3</ele>
      </trkpt>
      <trkpt lat="56.24846" lon="12.52863">
        <ele>4.3</ele>
      </trkpt>
      <trkpt lat="56.24899" lon="12.52801">
        <ele>5.1</ele>
      </trkpt>
      <trkpt lat="56.2491" lon="12.52809">
        <ele>5.8</ele>
      </trkpt>
      <trkpt lat="56.24928" lon="12.52802">
        <ele>6.0</ele>
      </trkpt>
      <trkpt lat="56.24936" lon="12.52796">
        <ele>5.9</ele>
      </trkpt>
      <trkpt lat="56.24954" lon="12.5279">
        <ele>5.9</ele>
      </trkpt>
      <trkpt lat="56.24973" lon="12.5277">
        <ele>5.4</ele>
      </trkpt>
      <trkpt lat="56.24986" lon="12.5276">
        <ele>5.2</ele>
      </trkpt>
      <trkpt lat="56.25002" lon="12.52745">
        <ele>5.0</ele>
      </trkpt>
      <trkpt lat="56.25014" lon="12.5273">
        <ele>5.1</ele>
      </trkpt>
      <trkpt lat="56.2502" lon="12.52725">
        <ele>5.3</ele>
      </trkpt>
      <trkpt lat="56.2502" lon="12.52725">
        <ele>5.3</ele>
      </trkpt>
      <trkpt lat="56.25029" lon="12.52717">
        <ele>5.5</ele>
      </trkpt>
      <trkpt lat="56.25037" lon="12.52705">
        <ele>5.7</ele>
      </trkpt>
      <trkpt lat="56.25042" lon="12.52687">
        <ele>5.8</ele>
      </trkpt>
      <trkpt lat="56.25057" lon="12.52664">
        <ele>6.3</ele>
      </trkpt>
      <trkpt lat="56.2507" lon="12.52651">
        <ele>6.7</ele>
      </trkpt>
      <trkpt lat="56.25075" lon="12.5264">
        <ele>6.6</ele>
      </trkpt>
      <trkpt lat="56.25078" lon="12.5262">
        <ele>6.0</ele>
      </trkpt>
      <trkpt lat="56.25093" lon="12.52579">
        <ele>5.0</ele>
      </trkpt>
      <trkpt lat="56.25107" lon="12.52549">
        <ele>4.6</ele>
      </trkpt>
      <trkpt lat="56.25125" lon="12.52526">
        <ele>4.5</ele>
      </trkpt>
      <trkpt lat="56.25144" lon="12.52506">
        <ele>4.5</ele>
      </trkpt>
      <trkpt lat="56.25192" lon="12.52467">
        <ele>4.7</ele>
      </trkpt>
      <trkpt lat="56.25204" lon="12.52473">
        <ele>5.1</ele>
      </trkpt>
      <trkpt lat="56.25223" lon="12.52466">
        <ele>5.3</ele>
      </trkpt>
      <trkpt lat="56.25253" lon="12.52462">
        <ele>5.7</ele>
      </trkpt>
      <trkpt lat="56.25315" lon="12.52434">
        <ele>6.2</ele>
      </trkpt>
      <trkpt lat="56.253148" lon="12.524334">
        <ele>6.2</ele>
      </trkpt>
      <trkpt lat="56.25315" lon="12.52434">
        <ele>6.2</ele>
      </trkpt>
      <trkpt lat="56.2533" lon="12.52429">
        <ele>6.4</ele>
      </trkpt>
      <trkpt lat="56.25343" lon="12.52415">
        <ele>6.1</ele>
      </trkpt>
      <trkpt lat="56.2536" lon="12.52411">
        <ele>6.1</ele>
      </trkpt>
      <trkpt lat="56.25408" lon="12.5241">
        <ele>6.7</ele>
      </trkpt>
      <trkpt lat="56.25448" lon="12.52405">
        <ele>7.5</ele>
      </trkpt>
      <trkpt lat="56.25486" lon="12.52396">
        <ele>8.2</ele>
      </trkpt>
      <trkpt lat="56.2549" lon="12.52396">
        <ele>8.3</ele>
      </trkpt>
      <trkpt lat="56.25497" lon="12.52399">
        <ele>8.5</ele>
      </trkpt>
      <trkpt lat="56.25571" lon="12.52385">
        <ele>9.1</ele>
      </trkpt>
      <trkpt lat="56.25644" lon="12.52372">
        <ele>10.4</ele>
      </trkpt>
      <trkpt lat="56.25644" lon="12.52372">
        <ele>10.4</ele>
      </trkpt>
      <trkpt lat="56.25659" lon="12.5237">
        <ele>10.7</ele>
      </trkpt>
      <trkpt lat="56.25665" lon="12.52346">
        <ele>10.3</ele>
      </trkpt>
      <trkpt lat="56.25672" lon="12.52344">
        <ele>10.4</ele>
      </trkpt>
      <trkpt lat="56.25724" lon="12.52287">
        <ele>9.9</ele>
      </trkpt>
      <trkpt lat="56.25741" lon="12.5226">
        <ele>9.2</ele>
      </trkpt>
      <trkpt lat="56.25758" lon="12.52224">
        <ele>8.9</ele>
      </trkpt>
      <trkpt lat="56.25767" lon="12.52199">
        <ele>8.9</ele>
      </trkpt>
      <trkpt lat="56.25773" lon="12.5219">
        <ele>9.0</ele>
      </trkpt>
      <trkpt lat="56.25797" lon="12.52123">
        <ele>8.5</ele>
      </trkpt>
      <trkpt lat="56.25804" lon="12.52109">
        <ele>8.4</ele>
      </trkpt>
      <trkpt lat="56.25821" lon="12.52094">
        <ele>8.8</ele>
      </trkpt>
      <trkpt lat="56.258209" lon="12.520932">
        <ele>8.7</ele>
      </trkpt>
      <trkpt lat="56.25821" lon="12.52094">
        <ele>8.8</ele>
      </trkpt>
      <trkpt lat="56.25828" lon="12.52088">
        <ele>8.9</ele>
      </trkpt>
      <trkpt lat="56.2584" lon="12.52074">
        <ele>8.9</ele>
      </trkpt>
      <trkpt lat="56.25846" lon="12.52064">
        <ele>8.7</ele>
      </trkpt>
      <trkpt lat="56.25857" lon="12.52027">
        <ele>7.6</ele>
      </trkpt>
      <trkpt lat="56.25863" lon="12.52011">
        <ele>7.2</ele>
      </trkpt>
      <trkpt lat="56.25873" lon="12.51996">
        <ele>6.8</ele>
      </trkpt>
      <trkpt lat="56.2589" lon="12.51978">
        <ele>6.4</ele>
      </trkpt>
      <trkpt lat="56.25899" lon="12.51967">
        <ele>6.1</ele>
      </trkpt>
      <trkpt lat="56.2592" lon="12.51936">
        <ele>5.0</ele>
      </trkpt>
      <trkpt lat="56.25944" lon="12.51906">
        <ele>4.6</ele>
      </trkpt>
      <trkpt lat="56.25973" lon="12.51874">
        <ele>4.7</ele>
      </trkpt>
      <trkpt lat="56.25982" lon="12.51867">
        <ele>4.9</ele>
      </trkpt>
      <trkpt lat="56.26026" lon="12.51858">
        <ele>6.2</ele>
      </trkpt>
      <trkpt lat="56.26052" lon="12.51847">
        <ele>6.6</ele>
      </trkpt>
      <trkpt lat="56.26071" lon="12.51836">
        <ele>6.8</ele>
      </trkpt>
      <trkpt lat="56.26091" lon="12.51823">
        <ele>6.8</ele>
      </trkpt>
      <trkpt lat="56.2612" lon="12.51807">
        <ele>6.9</ele>
      </trkpt>
      <trkpt lat="56.26147" lon="12.51797">
        <ele>7.2</ele>
      </trkpt>
      <trkpt lat="56.26181" lon="12.51776">
        <ele>7.3</ele>
      </trkpt>
      <trkpt lat="56.26198" lon="12.51752">
        <ele>6.8</ele>
      </trkpt>
      <trkpt lat="56.26198" lon="12.51752">
        <ele>6.8</ele>
      </trkpt>
      <trkpt lat="56.26206" lon="12.5174">
        <ele>6.6</ele>
      </trkpt>
      <trkpt lat="56.26223" lon="12.51708">
        <ele>6.2</ele>
      </trkpt>
      <trkpt lat="56.26239" lon="12.51683">
        <ele>6.0</ele>
      </trkpt>
      <trkpt lat="56.26276" lon="12.51666">
        <ele>6.6</ele>
      </trkpt>
      <trkpt lat="56.26311" lon="12.51644">
        <ele>6.7</ele>
      </trkpt>
      <trkpt lat="56.26349" lon="12.51612">
        <ele>6.6</ele>
      </trkpt>
      <trkpt lat="56.26357" lon="12.51603">
        <ele>6.6</ele>
      </trkpt>
      <trkpt lat="56.263571" lon="12.516022">
        <ele>6.5</ele>
      </trkpt>
      <trkpt lat="56.26357" lon="12.51603">
        <ele>6.6</ele>
      </trkpt>
      <trkpt lat="56.26396" lon="12.51561">
        <ele>6.5</ele>
      </trkpt>
      <trkpt lat="56.26399" lon="12.51566">
        <ele>6.8</ele>
      </trkpt>
      <trkpt lat="56.26414" lon="12.51569">
        <ele>7.4</ele>
      </trkpt>
      <trkpt lat="56.26438" lon="12.51569">
        <ele>8.3</ele>
      </trkpt>
      <trkpt lat="56.26438" lon="12.51569">
        <ele>8.3</ele>
      </trkpt>
      <trkpt lat="56.2647" lon="12.51573">
        <ele>9.7</ele>
      </trkpt>
      <trkpt lat="56.26496" lon="12.5157">
        <ele>10.7</ele>
      </trkpt>
      <trkpt lat="56.26501" lon="12.51585">
        <ele>11.0</ele>
      </trkpt>
      <trkpt lat="56.26517" lon="12.51568">
        <ele>10.9</ele>
      </trkpt>
      <trkpt lat="56.265171" lon="12.515674">
        <ele>10.8</ele>
      </trkpt>
      <trkpt lat="56.26517" lon="12.51568">
        <ele>10.9</ele>
      </trkpt>
      <trkpt lat="56.26588" lon="12.51492">
        <ele>10.9</ele>
      </trkpt>
      <trkpt lat="56.26658" lon="12.51415">
        <ele>9.9</ele>
      </trkpt>
      <trkpt lat="56.26728" lon="12.51339">
        <ele>11.2</ele>
      </trkpt>
      <trkpt lat="56.26798" lon="12.51263">
        <ele>10.7</ele>
      </trkpt>
      <trkpt lat="56.26869" lon="12.51186">
        <ele>11.0</ele>
      </trkpt>
      <trkpt lat="56.26927" lon="12.51125">
        <ele>10.9</ele>
      </trkpt>
      <trkpt lat="56.26927" lon="12.51125">
        <ele>10.9</ele>
      </trkpt>
      <trkpt lat="56.27003" lon="12.51044">
        <ele>10.0</ele>
      </trkpt>
      <trkpt lat="56.27078" lon="12.50962">
        <ele>9.5</ele>
      </trkpt>
      <trkpt lat="56.27153" lon="12.5088">
        <ele>9.8</ele>
      </trkpt>
      <trkpt lat="56.27153" lon="12.508801">
        <ele>9.8</ele>
      </trkpt>
      <trkpt lat="56.27153" lon="12.5088">
        <ele>9.8</ele>
      </trkpt>
      <trkpt lat="56.27167" lon="12.50865">
        <ele>10.0</ele>
      </trkpt>
      <trkpt lat="56.2715" lon="12.50778">
        <ele>9.0</ele>
      </trkpt>
      <trkpt lat="56.27133" lon="12.50692">
        <ele>7.9</ele>
      </trkpt>
      <trkpt lat="56.27135" lon="12.50682">
        <ele>7.9</ele>
      </trkpt>
      <trkpt lat="56.27161" lon="12.50654">
        <ele>8.5</ele>
      </trkpt>
      <trkpt lat="56.27167" lon="12.50645">
        <ele>8.5</ele>
      </trkpt>
      <trkpt lat="56.27167" lon="12.50645">
        <ele>8.5</ele>
      </trkpt>
      <trkpt lat="56.27175" lon="12.50634">
        <ele>8.3</ele>
      </trkpt>
      <trkpt lat="56.27184" lon="12.50594">
        <ele>7.6</ele>
      </trkpt>
      <trkpt lat="56.2719" lon="12.50579">
        <ele>7.5</ele>
      </trkpt>
      <trkpt lat="56.2722" lon="12.50509">
        <ele>7.6</ele>
      </trkpt>
      <trkpt lat="56.27251" lon="12.50437">
        <ele>7.5</ele>
      </trkpt>
      <trkpt lat="56.27282" lon="12.50366">
        <ele>7.0</ele>
      </trkpt>
      <trkpt lat="56.27334" lon="12.50323">
        <ele>8.8</ele>
      </trkpt>
      <trkpt lat="56.27385" lon="12.50293">
        <ele>8.0</ele>
      </trkpt>
      <trkpt lat="56.273853" lon="12.502925">
        <ele>8.0</ele>
      </trkpt>
      <trkpt lat="56.27385" lon="12.50293">
        <ele>8.0</ele>
      </trkpt>
      <trkpt lat="56.27443" lon="12.50263">
        <ele>7.6</ele>
      </trkpt>
      <trkpt lat="56.27501" lon="12.50233">
        <ele>7.8</ele>
      </trkpt>
      <trkpt lat="56.27561" lon="12.50183">
        <ele>7.9</ele>
      </trkpt>
      <trkpt lat="56.27642" lon="12.50147">
        <ele>8.2</ele>
      </trkpt>
      <trkpt lat="56.27704" lon="12.50143">
        <ele>8.3</ele>
      </trkpt>
      <trkpt lat="56.27766" lon="12.5014">
        <ele>8.4</ele>
      </trkpt>
      <trkpt lat="56.27776" lon="12.50141">
        <ele>8.7</ele>
      </trkpt>
      <trkpt lat="56.27791" lon="12.5013">
        <ele>8.7</ele>
      </trkpt>
      <trkpt lat="56.27799" lon="12.50164">
        <ele>10.1</ele>
      </trkpt>
      <trkpt lat="56.27801" lon="12.50178">
        <ele>10.4</ele>
      </trkpt>
      <trkpt lat="56.27801" lon="12.50178">
        <ele>10.4</ele>
      </trkpt>
      <trkpt lat="56.27803" lon="12.50196">
        <ele>10.6</ele>
      </trkpt>
      <trkpt lat="56.27811" lon="12.50216">
        <ele>11.1</ele>
      </trkpt>
      <trkpt lat="56.27828" lon="12.50202">
        <ele>11.3</ele>
      </trkpt>
      <trkpt lat="56.27868" lon="12.50176">
        <ele>11.5</ele>
      </trkpt>
      <trkpt lat="56.27916" lon="12.50132">
        <ele>11.2</ele>
      </trkpt>
      <trkpt lat="56.27927" lon="12.50119">
        <ele>11.1</ele>
      </trkpt>
      <trkpt lat="56.27939" lon="12.5011">
        <ele>11.1</ele>
      </trkpt>
      <trkpt lat="56.27947" lon="12.50107">
        <ele>11.2</ele>
      </trkpt>
      <trkpt lat="56.279465" lon="12.501077">
        <ele>11.2</ele>
      </trkpt>
      <trkpt lat="56.27947" lon="12.50107">
        <ele>11.2</ele>
      </trkpt>
      <trkpt lat="56.27965" lon="12.50102">
        <ele>11.5</ele>
      </trkpt>
      <trkpt lat="56.28" lon="12.50082">
        <ele>12.0</ele>
      </trkpt>
      <trkpt lat="56.28045" lon="12.50053">
        <ele>11.8</ele>
      </trkpt>
      <trkpt lat="56.2808" lon="12.50024">
        <ele>11.3</ele>
      </trkpt>
      <trkpt lat="56.28087" lon="12.50019">
        <ele>11.3</ele>
      </trkpt>
      <trkpt lat="56.28101" lon="12.50017">
        <ele>11.6</ele>
      </trkpt>
      <trkpt lat="56.28115" lon="12.50012">
        <ele>11.8</ele>
      </trkpt>
      <trkpt lat="56.28149" lon="12.49981">
        <ele>12.4</ele>
      </trkpt>
      <trkpt lat="56.28189" lon="12.49946">
        <ele>12.7</ele>
      </trkpt>
      <trkpt lat="56.28197" lon="12.49939">
        <ele>12.7</ele>
      </trkpt>
      <trkpt lat="56.28206" lon="12.49926">
        <ele>12.6</ele>
      </trkpt>
      <trkpt lat="56.28216" lon="12.49919">
        <ele>12.6</ele>
      </trkpt>
      <trkpt lat="56.28212" lon="12.49903">
        <ele>12.3</ele>
      </trkpt>
      <trkpt lat="56.28212" lon="12.49903">
        <ele>12.3</ele>
      </trkpt>
      <trkpt lat="56.28201" lon="12.49859">
        <ele>11.4</ele>
      </trkpt>
      <trkpt lat="56.282" lon="12.49847">
        <ele>11.2</ele>
      </trkpt>
      <trkpt lat="56.2821" lon="12.49743">
        <ele>10.5</ele>
      </trkpt>
      <trkpt lat="56.28221" lon="12.49639">
        <ele>10.1</ele>
      </trkpt>
      <trkpt lat="56.28232" lon="12.49526">
        <ele>8.3</ele>
      </trkpt>
      <trkpt lat="56.28235" lon="12.49482">
        <ele>7.4</ele>
      </trkpt>
      <trkpt lat="56.28239" lon="12.49444">
        <ele>6.0</ele>
      </trkpt>
      <trkpt lat="56.28243" lon="12.49426">
        <ele>5.3</ele>
      </trkpt>
      <trkpt lat="56.282448" lon="12.494141">
        <ele>4.9</ele>
      </trkpt>
      <trkpt lat="56.282366" lon="12.493785">
        <ele>4.1</ele>
      </trkpt>
      <trkpt lat="56.282281" lon="12.493383">
        <ele>3.1</ele>
      </trkpt>
      <trkpt lat="56.28228" lon="12.49338">
        <ele>3.1</ele>
      </trkpt>
      <trkpt lat="56.2823" lon="12.49333">
        <ele>3.0</ele>
      </trkpt>
      <trkpt lat="56.28231" lon="12.49326">
        <ele>2.9</ele>
      </trkpt>
      <trkpt lat="56.2825" lon="12.49286">
        <ele>2.4</ele>
      </trkpt>
      <trkpt lat="56.28256" lon="12.49273">
        <ele>2.2</ele>
      </trkpt>
      <trkpt lat="56.28231" lon="12.49326">
        <ele>2.9</ele>
      </trkpt>
      <trkpt lat="56.2823" lon="12.49333">
        <ele>3.0</ele>
      </trkpt>
      <trkpt lat="56.28244" lon="12.49342">
        <ele>3.2</ele>
      </trkpt>
      <trkpt lat="56.28244" lon="12.49342">
        <ele>3.2</ele>
      </trkpt>
      <trkpt lat="56.2826" lon="12.49358">
        <ele>3.5</ele>
      </trkpt>
      <trkpt lat="56.28275" lon="12.49392">
        <ele>4.1</ele>
      </trkpt>
      <trkpt lat="56.28277" lon="12.49413">
        <ele>4.6</ele>
      </trkpt>
      <trkpt lat="56.28285" lon="12.49445">
        <ele>5.5</ele>
      </trkpt>
      <trkpt lat="56.2833" lon="12.49486">
        <ele>5.7</ele>
      </trkpt>
      <trkpt lat="56.28343" lon="12.49493">
        <ele>6.3</ele>
      </trkpt>
      <trkpt lat="56.28352" lon="12.49494">
        <ele>6.8</ele>
      </trkpt>
      <trkpt lat="56.28394" lon="12.4949">
        <ele>8.7</ele>
      </trkpt>
      <trkpt lat="56.28406" lon="12.49484">
        <ele>9.1</ele>
      </trkpt>
      <trkpt lat="56.28415" lon="12.49472">
        <ele>9.2</ele>
      </trkpt>
      <trkpt lat="56.28423" lon="12.49454">
        <ele>9.7</ele>
      </trkpt>
      <trkpt lat="56.2843" lon="12.49421">
        <ele>9.7</ele>
      </trkpt>
      <trkpt lat="56.284305" lon="12.494208">
        <ele>9.8</ele>
      </trkpt>
      <trkpt lat="56.28432" lon="12.49414">
        <ele>9.8</ele>
      </trkpt>
      <trkpt lat="56.28449" lon="12.49353">
        <ele>10.1</ele>
      </trkpt>
      <trkpt lat="56.28474" lon="12.49286">
        <ele>9.7</ele>
      </trkpt>
      <trkpt lat="56.28474" lon="12.49286">
        <ele>9.7</ele>
      </trkpt>
      <trkpt lat="56.28496" lon="12.49228">
        <ele>8.6</ele>
      </trkpt>
      <trkpt lat="56.2852" lon="12.49173">
        <ele>8.3</ele>
      </trkpt>
      <trkpt lat="56.28536" lon="12.49143">
        <ele>8.2</ele>
      </trkpt>
      <trkpt lat="56.28557" lon="12.49113">
        <ele>8.2</ele>
      </trkpt>
      <trkpt lat="56.28563" lon="12.49106">
        <ele>8.2</ele>
      </trkpt>
      <trkpt lat="56.28637" lon="12.49047">
        <ele>9.9</ele>
      </trkpt>
      <trkpt lat="56.28688" lon="12.48995">
        <ele>10.1</ele>
      </trkpt>
      <trkpt lat="56.28715" lon="12.48963">
        <ele>12.4</ele>
      </trkpt>
      <trkpt lat="56.28728" lon="12.48939">
        <ele>12.8</ele>
      </trkpt>
      <trkpt lat="56.28748" lon="12.48887">
        <ele>11.7</ele>
      </trkpt>
      <trkpt lat="56.28793" lon="12.48817">
        <ele>10.7</ele>
      </trkpt>
      <trkpt lat="56.28823" lon="12.48778">
        <ele>10.4</ele>
      </trkpt>
      <trkpt lat="56.28835" lon="12.48765">
        <ele>10.3</ele>
      </trkpt>
      <trkpt lat="56.28867" lon="12.48714">
        <ele>10.7</ele>
      </trkpt>
      <trkpt lat="56.28899" lon="12.48684">
        <ele>12.3</ele>
      </trkpt>
      <trkpt lat="56.28912" lon="12.48674">
        <ele>13.0</ele>
      </trkpt>
      <trkpt lat="56.28923" lon="12.4866">
        <ele>15.4</ele>
      </trkpt>
      <trkpt lat="56.28928" lon="12.4865">
        <ele>16.9</ele>
      </trkpt>
      <trkpt lat="56.289279" lon="12.486498">
        <ele>16.9</ele>
      </trkpt>
      <trkpt lat="56.289281" lon="12.486494">
        <ele>16.9</ele>
      </trkpt>
      <trkpt lat="56.28931" lon="12.48644">
        <ele>17.0</ele>
      </trkpt>
      <trkpt lat="56.289372" lon="12.486143">
        <ele>18.3</ele>
      </trkpt>
      <trkpt lat="56.28949" lon="12.48557">
        <ele>17.0</ele>
      </trkpt>
      <trkpt lat="56.28962" lon="12.48508">
        <ele>17.0</ele>
      </trkpt>
      <trkpt lat="56.28977" lon="12.4847">
        <ele>18.0</ele>
      </trkpt>
      <trkpt lat="56.28981" lon="12.48454">
        <ele>18.0</ele>
      </trkpt>
      <trkpt lat="56.28985" lon="12.48423">
        <ele>16.0</ele>
      </trkpt>
      <trkpt lat="56.29002" lon="12.48359">
        <ele>15.0</ele>
      </trkpt>
      <trkpt lat="56.29008" lon="12.48324">
        <ele>16.0</ele>
      </trkpt>
      <trkpt lat="56.2901" lon="12.48246">
        <ele>15.0</ele>
      </trkpt>
      <trkpt lat="56.29016" lon="12.48189">
        <ele>17.0</ele>
      </trkpt>
      <trkpt lat="56.29043" lon="12.48046">
        <ele>24.0</ele>
      </trkpt>
      <trkpt lat="56.29047" lon="12.47983">
        <ele>21.0</ele>
      </trkpt>
      <trkpt lat="56.2905" lon="12.4796">
        <ele>19.0</ele>
      </trkpt>
      <trkpt lat="56.29053" lon="12.47949">
        <ele>19.0</ele>
      </trkpt>
      <trkpt lat="56.29069" lon="12.47927">
        <ele>20.0</ele>
      </trkpt>
      <trkpt lat="56.29075" lon="12.47893">
        <ele>18.0</ele>
      </trkpt>
      <trkpt lat="56.2908" lon="12.47883">
        <ele>17.0</ele>
      </trkpt>
      <trkpt lat="56.29089" lon="12.47872">
        <ele>19.0</ele>
      </trkpt>
      <trkpt lat="56.29115" lon="12.47861">
        <ele>26.0</ele>
      </trkpt>
      <trkpt lat="56.29136" lon="12.47813">
        <ele>27.0</ele>
      </trkpt>
      <trkpt lat="56.29139" lon="12.47798">
        <ele>26.0</ele>
      </trkpt>
      <trkpt lat="56.29136" lon="12.47743">
        <ele>20.0</ele>
      </trkpt>
      <trkpt lat="56.29138" lon="12.47728">
        <ele>20.0</ele>
      </trkpt>
      <trkpt lat="56.29162" lon="12.47651">
        <ele>21.0</ele>
      </trkpt>
      <trkpt lat="56.29173" lon="12.47628">
        <ele>23.0</ele>
      </trkpt>
      <trkpt lat="56.29183" lon="12.47618">
        <ele>25.0</ele>
      </trkpt>
      <trkpt lat="56.29223" lon="12.47566">
        <ele>34.0</ele>
      </trkpt>
      <trkpt lat="56.29274" lon="12.47568">
        <ele>41.0</ele>
      </trkpt>
      <trkpt lat="56.29281" lon="12.47562">
        <ele>42.0</ele>
      </trkpt>
      <trkpt lat="56.293" lon="12.47525">
        <ele>43.0</ele>
      </trkpt>
      <trkpt lat="56.29303" lon="12.4751">
        <ele>43.0</ele>
      </trkpt>
      <trkpt lat="56.29301" lon="12.47496">
        <ele>43.0</ele>
      </trkpt>
      <trkpt lat="56.29291" lon="12.47473">
        <ele>44.0</ele>
      </trkpt>
      <trkpt lat="56.29265" lon="12.47429">
        <ele>47.0</ele>
      </trkpt>
      <trkpt lat="56.29241" lon="12.47405">
        <ele>46.0</ele>
      </trkpt>
      <trkpt lat="56.29228" lon="12.47384">
        <ele>44.0</ele>
      </trkpt>
      <trkpt lat="56.29228" lon="12.47383">
        <ele>44.0</ele>
      </trkpt>
      <trkpt lat="56.29212" lon="12.47347">
        <ele>41.0</ele>
      </trkpt>
      <trkpt lat="56.29203" lon="12.47305">
        <ele>38.0</ele>
      </trkpt>
      <trkpt lat="56.29203" lon="12.47289">
        <ele>38.0</ele>
      </trkpt>
      <trkpt lat="56.29208" lon="12.47265">
        <ele>39.0</ele>
      </trkpt>
      <trkpt lat="56.29221" lon="12.47249">
        <ele>42.0</ele>
      </trkpt>
      <trkpt lat="56.29229" lon="12.47235">
        <ele>44.0</ele>
      </trkpt>
      <trkpt lat="56.29244" lon="12.47192">
        <ele>47.0</ele>
      </trkpt>
      <trkpt lat="56.29249" lon="12.47169">
        <ele>49.0</ele>
      </trkpt>
      <trkpt lat="56.29257" lon="12.47148">
        <ele>50.0</ele>
      </trkpt>
      <trkpt lat="56.29257" lon="12.47133">
        <ele>50.0</ele>
      </trkpt>
      <trkpt lat="56.29248" lon="12.47097">
        <ele>49.0</ele>
      </trkpt>
      <trkpt lat="56.29244" lon="12.47072">
        <ele>48.0</ele>
      </trkpt>
      <trkpt lat="56.29244" lon="12.47047">
        <ele>48.0</ele>
      </trkpt>
      <trkpt lat="56.29246" lon="12.4703">
        <ele>49.0</ele>
      </trkpt>
      <trkpt lat="56.2925" lon="12.47011">
        <ele>51.0</ele>
      </trkpt>
      <trkpt lat="56.29259" lon="12.46997">
        <ele>53.0</ele>
      </trkpt>
      <trkpt lat="56.29262" lon="12.4698">
        <ele>53.0</ele>
      </trkpt>
      <trkpt lat="56.292618" lon="12.469774">
        <ele>52.1</ele>
      </trkpt>
      <trkpt lat="56.292808" lon="12.469504">
        <ele>54.8</ele>
      </trkpt>
      <trkpt lat="56.293152" lon="12.469409">
        <ele>62.2</ele>
      </trkpt>
      <trkpt lat="56.293591" lon="12.469414">
        <ele>68.4</ele>
      </trkpt>
      <trkpt lat="56.294009" lon="12.469361">
        <ele>71.7</ele>
      </trkpt>
      <trkpt lat="56.294501" lon="12.46914">
        <ele>73.8</ele>
      </trkpt>
      <trkpt lat="56.294957" lon="12.468945">
        <ele>75.7</ele>
      </trkpt>
      <trkpt lat="56.295281" lon="12.468614">
        <ele>77.7</ele>
      </trkpt>
      <trkpt lat="56.295504" lon="12.468352">
        <ele>79.7</ele>
      </trkpt>
      <trkpt lat="56.29595" lon="12.46822">
        <ele>82.0</ele>
      </trkpt>
      <trkpt lat="56.29597" lon="12.46814">
        <ele>82.0</ele>
      </trkpt>
      <trkpt lat="56.29613" lon="12.46782">
        <ele>83.0</ele>
      </trkpt>
      <trkpt lat="56.29623" lon="12.4677">
        <ele>83.0</ele>
      </trkpt>
      <trkpt lat="56.29639" lon="12.46743">
        <ele>84.0</ele>
      </trkpt>
      <trkpt lat="56.29643" lon="12.46724">
        <ele>84.0</ele>
      </trkpt>
      <trkpt lat="56.29645" lon="12.4668">
        <ele>83.0</ele>
      </trkpt>
      <trkpt lat="56.29654" lon="12.46665">
        <ele>84.0</ele>
      </trkpt>
      <trkpt lat="56.29671" lon="12.46652">
        <ele>85.0</ele>
      </trkpt>
      <trkpt lat="56.29681" lon="12.4664">
        <ele>85.0</ele>
      </trkpt>
      <trkpt lat="56.29693" lon="12.46618">
        <ele>84.0</ele>
      </trkpt>
      <trkpt lat="56.29698" lon="12.46601">
        <ele>84.0</ele>
      </trkpt>
      <trkpt lat="56.29704" lon="12.46562">
        <ele>84.0</ele>
      </trkpt>
      <trkpt lat="56.29712" lon="12.46543">
        <ele>83.0</ele>
      </trkpt>
      <trkpt lat="56.29723" lon="12.4652">
        <ele>83.0</ele>
      </trkpt>
      <trkpt lat="56.29748" lon="12.46486">
        <ele>83.0</ele>
      </trkpt>
      <trkpt lat="56.29748" lon="12.46453">
        <ele>84.0</ele>
      </trkpt>
      <trkpt lat="56.29745" lon="12.4644">
        <ele>84.0</ele>
      </trkpt>
      <trkpt lat="56.29742" lon="12.46432">
        <ele>84.0</ele>
      </trkpt>
      <trkpt lat="56.29735" lon="12.46426">
        <ele>84.0</ele>
      </trkpt>
      <trkpt lat="56.29723" lon="12.46424">
        <ele>84.0</ele>
      </trkpt>
      <trkpt lat="56.29715" lon="12.46419">
        <ele>84.0</ele>
      </trkpt>
      <trkpt lat="56.2971" lon="12.4641">
        <ele>84.0</ele>
      </trkpt>
      <trkpt lat="56.29686" lon="12.46332">
        <ele>87.0</ele>
      </trkpt>
      <trkpt lat="56.29683" lon="12.46317">
        <ele>87.0</ele>
      </trkpt>
      <trkpt lat="56.29681" lon="12.46298">
        <ele>87.0</ele>
      </trkpt>
      <trkpt lat="56.29683" lon="12.4627">
        <ele>88.0</ele>
      </trkpt>
      <trkpt lat="56.29693" lon="12.46243">
        <ele>87.0</ele>
      </trkpt>
      <trkpt lat="56.29731" lon="12.46177">
        <ele>81.0</ele>
      </trkpt>
      <trkpt lat="56.29736" lon="12.46162">
        <ele>79.0</ele>
      </trkpt>
      <trkpt lat="56.2974" lon="12.46132">
        <ele>77.0</ele>
      </trkpt>
      <trkpt lat="56.29739" lon="12.46115">
        <ele>75.0</ele>
      </trkpt>
      <trkpt lat="56.29728" lon="12.46077">
        <ele>73.0</ele>
      </trkpt>
      <trkpt lat="56.29723" lon="12.46051">
        <ele>71.0</ele>
      </trkpt>
      <trkpt lat="56.29724" lon="12.46034">
        <ele>69.0</ele>
      </trkpt>
      <trkpt lat="56.29735" lon="12.45984">
        <ele>64.0</ele>
      </trkpt>
      <trkpt lat="56.29737" lon="12.45955">
        <ele>62.0</ele>
      </trkpt>
      <trkpt lat="56.29737" lon="12.45925">
        <ele>60.0</ele>
      </trkpt>
      <trkpt lat="56.29742" lon="12.45884">
        <ele>58.0</ele>
      </trkpt>
      <trkpt lat="56.29741" lon="12.45772">
        <ele>54.0</ele>
      </trkpt>
      <trkpt lat="56.2975" lon="12.45696">
        <ele>53.0</ele>
      </trkpt>
      <trkpt lat="56.29766" lon="12.45639">
        <ele>54.0</ele>
      </trkpt>
      <trkpt lat="56.2979" lon="12.45529">
        <ele>51.0</ele>
      </trkpt>
      <trkpt lat="56.29798" lon="12.4552">
        <ele>50.0</ele>
      </trkpt>
      <trkpt lat="56.29814" lon="12.45519">
        <ele>50.0</ele>
      </trkpt>
      <trkpt lat="56.298158" lon="12.455194">
        <ele>49.1</ele>
      </trkpt>
      <trkpt lat="56.29816" lon="12.4552">
        <ele>49.1</ele>
      </trkpt>
      <trkpt lat="56.29822" lon="12.45521">
        <ele>49.3</ele>
      </trkpt>
      <trkpt lat="56.29827" lon="12.45558">
        <ele>50.3</ele>
      </trkpt>
      <trkpt lat="56.29843" lon="12.4559">
        <ele>51.6</ele>
      </trkpt>
      <trkpt lat="56.29846" lon="12.45589">
        <ele>51.7</ele>
      </trkpt>
      <trkpt lat="56.29846" lon="12.45589">
        <ele>51.7</ele>
      </trkpt>
      <trkpt lat="56.29866" lon="12.45584">
        <ele>52.2</ele>
      </trkpt>
      <trkpt lat="56.29871" lon="12.45569">
        <ele>51.9</ele>
      </trkpt>
      <trkpt lat="56.2987" lon="12.45542">
        <ele>51.1</ele>
      </trkpt>
      <trkpt lat="56.29871" lon="12.45525">
        <ele>50.6</ele>
      </trkpt>
      <trkpt lat="56.29866" lon="12.45504">
        <ele>49.9</ele>
      </trkpt>
      <trkpt lat="56.29871" lon="12.45463">
        <ele>46.0</ele>
      </trkpt>
      <trkpt lat="56.29871" lon="12.45452">
        <ele>44.9</ele>
      </trkpt>
      <trkpt lat="56.298714" lon="12.454518">
        <ele>44.9</ele>
      </trkpt>
      <trkpt lat="56.29871" lon="12.45446">
        <ele>45.0</ele>
      </trkpt>
      <trkpt lat="56.29865" lon="12.454">
        <ele>39.0</ele>
      </trkpt>
      <trkpt lat="56.29865" lon="12.45387">
        <ele>38.0</ele>
      </trkpt>
      <trkpt lat="56.29871" lon="12.45345">
        <ele>33.0</ele>
      </trkpt>
      <trkpt lat="56.29895" lon="12.45294">
        <ele>31.0</ele>
      </trkpt>
      <trkpt lat="56.29904" lon="12.45283">
        <ele>31.0</ele>
      </trkpt>
      <trkpt lat="56.29919" lon="12.45269">
        <ele>32.0</ele>
      </trkpt>
      <trkpt lat="56.29941" lon="12.4526">
        <ele>35.0</ele>
      </trkpt>
      <trkpt lat="56.299414" lon="12.452587">
        <ele>35.0</ele>
      </trkpt>
      <trkpt lat="56.29965" lon="12.45246">
        <ele>38.0</ele>
      </trkpt>
      <trkpt lat="56.29976" lon="12.45196">
        <ele>36.0</ele>
      </trkpt>
      <trkpt lat="56.29988" lon="12.45199">
        <ele>39.0</ele>
      </trkpt>
      <trkpt lat="56.29996" lon="12.45208">
        <ele>42.0</ele>
      </trkpt>
      <trkpt lat="56.3001" lon="12.45217">
        <ele>45.0</ele>
      </trkpt>
      <trkpt lat="56.30012" lon="12.45204">
        <ele>44.0</ele>
      </trkpt>
      <trkpt lat="56.30025" lon="12.45197">
        <ele>46.0</ele>
      </trkpt>
      <trkpt lat="56.30065" lon="12.4519">
        <ele>53.0</ele>
      </trkpt>
      <trkpt lat="56.301022" lon="12.451978">
        <ele>57.0</ele>
      </trkpt>
      <trkpt lat="56.301451" lon="12.452143">
        <ele>58.0</ele>
      </trkpt>
      <trkpt lat="56.301648" lon="12.452267">
        <ele>59.0</ele>
      </trkpt>
      <trkpt lat="56.301725" lon="12.45239">
        <ele>59.0</ele>
      </trkpt>
      <trkpt lat="56.301773" lon="12.452752">
        <ele>59.0</ele>
      </trkpt>
      <trkpt lat="56.301914" lon="12.453349">
        <ele>56.0</ele>
      </trkpt>
      <trkpt lat="56.30203" lon="12.453603">
        <ele>54.0</ele>
      </trkpt>
      <trkpt lat="56.302107" lon="12.453901">
        <ele>53.0</ele>
      </trkpt>
      <trkpt lat="56.302139" lon="12.454226">
        <ele>52.0</ele>
      </trkpt>
      <trkpt lat="56.302124" lon="12.454554">
        <ele>53.0</ele>
      </trkpt>
      <trkpt lat="56.302064" lon="12.454864">
        <ele>55.0</ele>
      </trkpt>
      <trkpt lat="56.302177" lon="12.455276">
        <ele>50.0</ele>
      </trkpt>
      <trkpt lat="56.302323" lon="12.456067">
        <ele>42.0</ele>
      </trkpt>
      <trkpt lat="56.302342" lon="12.45635">
        <ele>39.0</ele>
      </trkpt>
      <trkpt lat="56.302243" lon="12.456935">
        <ele>39.0</ele>
      </trkpt>
      <trkpt lat="56.30218" lon="12.457123">
        <ele>41.0</ele>
      </trkpt>
      <trkpt lat="56.302094" lon="12.457209">
        <ele>44.0</ele>
      </trkpt>
      <trkpt lat="56.302003" lon="12.4572">
        <ele>48.0</ele>
      </trkpt>
      <trkpt lat="56.301903" lon="12.457372">
        <ele>51.0</ele>
      </trkpt>
      <trkpt lat="56.301617" lon="12.458592">
        <ele>61.0</ele>
      </trkpt>
      <trkpt lat="56.301594" lon="12.459178">
        <ele>63.0</ele>
      </trkpt>
      <trkpt lat="56.301442" lon="12.45992">
        <ele>67.0</ele>
      </trkpt>
      <trkpt lat="56.30124" lon="12.461135">
        <ele>72.0</ele>
      </trkpt>
      <trkpt lat="56.301233" lon="12.461498">
        <ele>72.0</ele>
      </trkpt>
      <trkpt lat="56.301255" lon="12.46229">
        <ele>72.0</ele>
      </trkpt>
      <trkpt lat="56.301199" lon="12.462909">
        <ele>72.0</ele>
      </trkpt>
      <trkpt lat="56.301217" lon="12.463194">
        <ele>71.0</ele>
      </trkpt>
      <trkpt lat="56.30116" lon="12.463426">
        <ele>72.0</ele>
      </trkpt>
      <trkpt lat="56.301065" lon="12.463662">
        <ele>72.0</ele>
      </trkpt>
      <trkpt lat="56.300793" lon="12.464005">
        <ele>75.0</ele>
      </trkpt>
      <trkpt lat="56.300731" lon="12.464129">
        <ele>74.0</ele>
      </trkpt>
      <trkpt lat="56.300621" lon="12.464584">
        <ele>72.0</ele>
      </trkpt>
      <trkpt lat="56.300654" lon="12.464734">
        <ele>71.0</ele>
      </trkpt>
      <trkpt lat="56.300565" lon="12.465116">
        <ele>68.0</ele>
      </trkpt>
      <trkpt lat="56.30071" lon="12.465319">
        <ele>66.0</ele>
      </trkpt>
      <trkpt lat="56.300959" lon="12.465226">
        <ele>63.0</ele>
      </trkpt>
      <trkpt lat="56.301119" lon="12.46533">
        <ele>57.0</ele>
      </trkpt>
      <trkpt lat="56.301073" lon="12.465821">
        <ele>54.0</ele>
      </trkpt>
      <trkpt lat="56.301006" lon="12.465939">
        <ele>55.0</ele>
      </trkpt>
      <trkpt lat="56.300913" lon="12.466336">
        <ele>54.0</ele>
      </trkpt>
      <trkpt lat="56.300876" lon="12.466769">
        <ele>51.0</ele>
      </trkpt>
      <trkpt lat="56.300794" lon="12.467031">
        <ele>50.0</ele>
      </trkpt>
      <trkpt lat="56.30063" lon="12.467302">
        <ele>49.0</ele>
      </trkpt>
      <trkpt lat="56.300515" lon="12.46764">
        <ele>48.0</ele>
      </trkpt>
      <trkpt lat="56.300471" lon="12.467846">
        <ele>47.0</ele>
      </trkpt>
      <trkpt lat="56.300418" lon="12.467998">
        <ele>47.0</ele>
      </trkpt>
      <trkpt lat="56.300308" lon="12.468075">
        <ele>47.0</ele>
      </trkpt>
      <trkpt lat="56.300199" lon="12.468015">
        <ele>49.0</ele>
      </trkpt>
      <trkpt lat="56.300087" lon="12.468055">
        <ele>50.0</ele>
      </trkpt>
      <trkpt lat="56.299783" lon="12.468578">
        <ele>49.0</ele>
      </trkpt>
      <trkpt lat="56.299738" lon="12.468876">
        <ele>48.0</ele>
      </trkpt>
      <trkpt lat="56.299759" lon="12.469209">
        <ele>46.0</ele>
      </trkpt>
      <trkpt lat="56.299822" lon="12.46937">
        <ele>46.0</ele>
      </trkpt>
      <trkpt lat="56.300062" lon="12.469781">
        <ele>41.0</ele>
      </trkpt>
      <trkpt lat="56.300039" lon="12.470021">
        <ele>41.0</ele>
      </trkpt>
      <trkpt lat="56.299947" lon="12.470526">
        <ele>42.0</ele>
      </trkpt>
      <trkpt lat="56.29997" lon="12.471156">
        <ele>44.0</ele>
      </trkpt>
      <trkpt lat="56.29979" lon="12.471733">
        <ele>47.0</ele>
      </trkpt>
      <trkpt lat="56.299725" lon="12.472161">
        <ele>49.0</ele>
      </trkpt>
      <trkpt lat="56.299817" lon="12.472642">
        <ele>49.0</ele>
      </trkpt>
      <trkpt lat="56.299881" lon="12.473302">
        <ele>49.0</ele>
      </trkpt>
      <trkpt lat="56.299848" lon="12.474021">
        <ele>46.0</ele>
      </trkpt>
      <trkpt lat="56.299789" lon="12.474324">
        <ele>45.0</ele>
      </trkpt>
      <trkpt lat="56.299713" lon="12.474499">
        <ele>46.0</ele>
      </trkpt>
      <trkpt lat="56.2996" lon="12.474764">
        <ele>47.0</ele>
      </trkpt>
      <trkpt lat="56.299451" lon="12.475413">
        <ele>47.0</ele>
      </trkpt>
      <trkpt lat="56.299395" lon="12.475863">
        <ele>47.0</ele>
      </trkpt>
      <trkpt lat="56.299389" lon="12.476523">
        <ele>45.0</ele>
      </trkpt>
      <trkpt lat="56.299488" lon="12.477143">
        <ele>42.0</ele>
      </trkpt>
      <trkpt lat="56.299499" lon="12.477912">
        <ele>45.0</ele>
      </trkpt>
      <trkpt lat="56.299618" lon="12.478924">
        <ele>45.0</ele>
      </trkpt>
      <trkpt lat="56.299609" lon="12.479202">
        <ele>46.0</ele>
      </trkpt>
      <trkpt lat="56.299408" lon="12.480208">
        <ele>50.0</ele>
      </trkpt>
      <trkpt lat="56.299217" lon="12.480986">
        <ele>55.0</ele>
      </trkpt>
      <trkpt lat="56.299104" lon="12.481566">
        <ele>57.0</ele>
      </trkpt>
      <trkpt lat="56.299" lon="12.482284">
        <ele>51.7</ele>
      </trkpt>
      <trkpt lat="56.298999" lon="12.48229">
        <ele>52.0</ele>
      </trkpt>
      <trkpt lat="56.298854" lon="12.482743">
        <ele>52.0</ele>
      </trkpt>
      <trkpt lat="56.298659" lon="12.483261">
        <ele>57.0</ele>
      </trkpt>
      <trkpt lat="56.298387" lon="12.483266">
        <ele>70.0</ele>
      </trkpt>
      <trkpt lat="56.297631" lon="12.483473">
        <ele>83.0</ele>
      </trkpt>
      <trkpt lat="56.297445" lon="12.483408">
        <ele>84.0</ele>
      </trkpt>
      <trkpt lat="56.297271" lon="12.483204">
        <ele>85.0</ele>
      </trkpt>
      <trkpt lat="56.297015" lon="12.48251">
        <ele>87.0</ele>
      </trkpt>
      <trkpt lat="56.296842" lon="12.482168">
        <ele>86.0</ele>
      </trkpt>
      <trkpt lat="56.296584" lon="12.481656">
        <ele>87.0</ele>
      </trkpt>
      <trkpt lat="56.29653" lon="12.481523">
        <ele>87.0</ele>
      </trkpt>
      <trkpt lat="56.296466" lon="12.481426">
        <ele>87.0</ele>
      </trkpt>
      <trkpt lat="56.296354" lon="12.481327">
        <ele>88.0</ele>
      </trkpt>
      <trkpt lat="56.296236" lon="12.481332">
        <ele>88.0</ele>
      </trkpt>
      <trkpt lat="56.296109" lon="12.481384">
        <ele>89.0</ele>
      </trkpt>
      <trkpt lat="56.29572" lon="12.481622">
        <ele>93.0</ele>
      </trkpt>
      <trkpt lat="56.295562" lon="12.481787">
        <ele>94.0</ele>
      </trkpt>
      <trkpt lat="56.295421" lon="12.482132">
        <ele>94.0</ele>
      </trkpt>
      <trkpt lat="56.29521" lon="12.48252">
        <ele>95.0</ele>
      </trkpt>
      <trkpt lat="56.295103" lon="12.481712">
        <ele>98.0</ele>
      </trkpt>
      <trkpt lat="56.295065" lon="12.481268">
        <ele>99.0</ele>
      </trkpt>
      <trkpt lat="56.295051" lon="12.480088">
        <ele>100.0</ele>
      </trkpt>
      <trkpt lat="56.294962" lon="12.479763">
        <ele>100.0</ele>
      </trkpt>
      <trkpt lat="56.294825" lon="12.47949">
        <ele>98.0</ele>
      </trkpt>
      <trkpt lat="56.294579" lon="12.47917">
        <ele>97.0</ele>
      </trkpt>
      <trkpt lat="56.293998" lon="12.478511">
        <ele>87.0</ele>
      </trkpt>
      <trkpt lat="56.29364" lon="12.478109">
        <ele>80.0</ele>
      </trkpt>
      <trkpt lat="56.293612" lon="12.478142">
        <ele>80.0</ele>
      </trkpt>
      <trkpt lat="56.293449" lon="12.478693">
        <ele>86.0</ele>
      </trkpt>
      <trkpt lat="56.293038" lon="12.479415">
        <ele>90.0</ele>
      </trkpt>
      <trkpt lat="56.292963" lon="12.479685">
        <ele>92.0</ele>
      </trkpt>
      <trkpt lat="56.292986" lon="12.480239">
        <ele>99.0</ele>
      </trkpt>
      <trkpt lat="56.292957" lon="12.480581">
        <ele>102.0</ele>
      </trkpt>
      <trkpt lat="56.292652" lon="12.481383">
        <ele>99.0</ele>
      </trkpt>
      <trkpt lat="56.292471" lon="12.48203">
        <ele>95.0</ele>
      </trkpt>
      <trkpt lat="56.292326" lon="12.482952">
        <ele>92.0</ele>
      </trkpt>
      <trkpt lat="56.292323" lon="12.483563">
        <ele>92.0</ele>
      </trkpt>
      <trkpt lat="56.292298" lon="12.483712">
        <ele>92.0</ele>
      </trkpt>
      <trkpt lat="56.292109" lon="12.4841">
        <ele>92.0</ele>
      </trkpt>
      <trkpt lat="56.292066" lon="12.484252">
        <ele>92.0</ele>
      </trkpt>
      <trkpt lat="56.292026" lon="12.484648">
        <ele>95.0</ele>
      </trkpt>
      <trkpt lat="56.291899" lon="12.48502">
        <ele>96.0</ele>
      </trkpt>
      <trkpt lat="56.29165" lon="12.485481">
        <ele>97.0</ele>
      </trkpt>
      <trkpt lat="56.291613" lon="12.485613">
        <ele>98.0</ele>
      </trkpt>
      <trkpt lat="56.291553" lon="12.485966">
        <ele>99.0</ele>
      </trkpt>
      <trkpt lat="56.291531" lon="12.486439">
        <ele>101.0</ele>
      </trkpt>
      <trkpt lat="56.291513" lon="12.486562">
        <ele>101.0</ele>
      </trkpt>
      <trkpt lat="56.291294" lon="12.48766">
        <ele>96.0</ele>
      </trkpt>
      <trkpt lat="56.291292" lon="12.487956">
        <ele>95.0</ele>
      </trkpt>
      <trkpt lat="56.291314" lon="12.488076">
        <ele>95.0</ele>
      </trkpt>
      <trkpt lat="56.29132" lon="12.488095">
        <ele>94.9</ele>
      </trkpt>
      <trkpt lat="56.29132" lon="12.4881">
        <ele>94.9</ele>
      </trkpt>
      <trkpt lat="56.29136" lon="12.48826">
        <ele>94.9</ele>
      </trkpt>
      <trkpt lat="56.29136" lon="12.48854">
        <ele>96.0</ele>
      </trkpt>
      <trkpt lat="56.29128" lon="12.48878">
        <ele>96.5</ele>
      </trkpt>
      <trkpt lat="56.29105" lon="12.48895">
        <ele>94.7</ele>
      </trkpt>
      <trkpt lat="56.29089" lon="12.4891">
        <ele>93.4</ele>
      </trkpt>
      <trkpt lat="56.29062" lon="12.48917">
        <ele>85.3</ele>
      </trkpt>
      <trkpt lat="56.29046" lon="12.48933">
        <ele>80.6</ele>
      </trkpt>
      <trkpt lat="56.29038" lon="12.48953">
        <ele>79.1</ele>
      </trkpt>
      <trkpt lat="56.29017" lon="12.48982">
        <ele>74.1</ele>
      </trkpt>
      <trkpt lat="56.29005" lon="12.49035">
        <ele>73.2</ele>
      </trkpt>
      <trkpt lat="56.29006" lon="12.49066">
        <ele>74.9</ele>
      </trkpt>
      <trkpt lat="56.29002" lon="12.49096">
        <ele>75.2</ele>
      </trkpt>
      <trkpt lat="56.29003" lon="12.49112">
        <ele>76.2</ele>
      </trkpt>
      <trkpt lat="56.29008" lon="12.49123">
        <ele>78.1</ele>
      </trkpt>
      <trkpt lat="56.29007" lon="12.49164">
        <ele>79.6</ele>
      </trkpt>
      <trkpt lat="56.29003" lon="12.49193">
        <ele>78.7</ele>
      </trkpt>
      <trkpt lat="56.28996" lon="12.49219">
        <ele>76.9</ele>
      </trkpt>
      <trkpt lat="56.28996" lon="12.49219">
        <ele>76.9</ele>
      </trkpt>
      <trkpt lat="56.28987" lon="12.4926">
        <ele>74.7</ele>
      </trkpt>
      <trkpt lat="56.28967" lon="12.49327">
        <ele>70.6</ele>
      </trkpt>
      <trkpt lat="56.2896" lon="12.4934">
        <ele>69.3</ele>
      </trkpt>
      <trkpt lat="56.28944" lon="12.49347">
        <ele>66.3</ele>
      </trkpt>
      <trkpt lat="56.28925" lon="12.49409">
        <ele>63.3</ele>
      </trkpt>
      <trkpt lat="56.28925" lon="12.49409">
        <ele>63.3</ele>
      </trkpt>
      <trkpt lat="56.28921" lon="12.49423">
        <ele>62.8</ele>
      </trkpt>
      <trkpt lat="56.28917" lon="12.49478">
        <ele>62.8</ele>
      </trkpt>
      <trkpt lat="56.28912" lon="12.494888">
        <ele>62.5</ele>
      </trkpt>
      <trkpt lat="56.289121" lon="12.494987">
        <ele>62.7</ele>
      </trkpt>
      <trkpt lat="56.289136" lon="12.495053">
        <ele>63.3</ele>
      </trkpt>
      <trkpt lat="56.28923" lon="12.4951">
        <ele>64.9</ele>
      </trkpt>
      <trkpt lat="56.28972" lon="12.49492">
        <ele>71.0</ele>
      </trkpt>
      <trkpt lat="56.29021" lon="12.49474">
        <ele>77.7</ele>
      </trkpt>
      <trkpt lat="56.29035" lon="12.49475">
        <ele>79.3</ele>
      </trkpt>
      <trkpt lat="56.29068" lon="12.49448">
        <ele>84.0</ele>
      </trkpt>
      <trkpt lat="56.29088" lon="12.49441">
        <ele>86.5</ele>
      </trkpt>
      <trkpt lat="56.29096" lon="12.49443">
        <ele>87.2</ele>
      </trkpt>
      <trkpt lat="56.2913" lon="12.49448">
        <ele>90.2</ele>
      </trkpt>
      <trkpt lat="56.2919" lon="12.49441">
        <ele>94.4</ele>
      </trkpt>
      <trkpt lat="56.29223" lon="12.49415">
        <ele>95.4</ele>
      </trkpt>
      <trkpt lat="56.2926" lon="12.4941">
        <ele>96.6</ele>
      </trkpt>
      <trkpt lat="56.29286" lon="12.49399">
        <ele>97.7</ele>
      </trkpt>
      <trkpt lat="56.29307" lon="12.49363">
        <ele>97.2</ele>
      </trkpt>
      <trkpt lat="56.29331" lon="12.49362">
        <ele>97.7</ele>
      </trkpt>
      <trkpt lat="56.29331" lon="12.49362">
        <ele>97.7</ele>
      </trkpt>
      <trkpt lat="56.29353" lon="12.4936">
        <ele>98.5</ele>
      </trkpt>
      <trkpt lat="56.29389" lon="12.49332">
        <ele>98.1</ele>
      </trkpt>
      <trkpt lat="56.29427" lon="12.49319">
        <ele>99.6</ele>
      </trkpt>
      <trkpt lat="56.2946" lon="12.49317">
        <ele>99.6</ele>
      </trkpt>
      <trkpt lat="56.29485" lon="12.49318">
        <ele>99.4</ele>
      </trkpt>
      <trkpt lat="56.29509" lon="12.49298">
        <ele>100.6</ele>
      </trkpt>
      <trkpt lat="56.2953" lon="12.49285">
        <ele>100.7</ele>
      </trkpt>
      <trkpt lat="56.29548" lon="12.49284">
        <ele>100.0</ele>
      </trkpt>
      <trkpt lat="56.29546" lon="12.4929">
        <ele>99.7</ele>
      </trkpt>
      <trkpt lat="56.295455" lon="12.492896">
        <ele>99.7</ele>
      </trkpt>
      <trkpt lat="56.29546" lon="12.4929">
        <ele>99.7</ele>
      </trkpt>
      <trkpt lat="56.29542" lon="12.493">
        <ele>99.2</ele>
      </trkpt>
      <trkpt lat="56.29541" lon="12.49316">
        <ele>98.2</ele>
      </trkpt>
      <trkpt lat="56.29547" lon="12.49359">
        <ele>99.8</ele>
      </trkpt>
      <trkpt lat="56.29568" lon="12.49383">
        <ele>102.2</ele>
      </trkpt>
      <trkpt lat="56.29574" lon="12.49391">
        <ele>103.1</ele>
      </trkpt>
      <trkpt lat="56.29575" lon="12.49397">
        <ele>103.8</ele>
      </trkpt>
      <trkpt lat="56.29636" lon="12.49406">
        <ele>100.4</ele>
      </trkpt>
      <trkpt lat="56.2965" lon="12.49412">
        <ele>99.9</ele>
      </trkpt>
      <trkpt lat="56.2965" lon="12.49412">
        <ele>99.9</ele>
      </trkpt>
      <trkpt lat="56.2966" lon="12.49413">
        <ele>99.2</ele>
      </trkpt>
      <trkpt lat="56.29679" lon="12.49423">
        <ele>95.1</ele>
      </trkpt>
      <trkpt lat="56.29682" lon="12.49432">
        <ele>94.8</ele>
      </trkpt>
      <trkpt lat="56.29679" lon="12.49468">
        <ele>99.7</ele>
      </trkpt>
      <trkpt lat="56.29672" lon="12.49495">
        <ele>105.8</ele>
      </trkpt>
      <trkpt lat="56.29657" lon="12.495">
        <ele>109.9</ele>
      </trkpt>
      <trkpt lat="56.29654" lon="12.49505">
        <ele>110.0</ele>
      </trkpt>
      <trkpt lat="56.29643" lon="12.49506">
        <ele>111.1</ele>
      </trkpt>
      <trkpt lat="56.296427" lon="12.495033">
        <ele>111.2</ele>
      </trkpt>
      <trkpt lat="56.29643" lon="12.49506">
        <ele>111.1</ele>
      </trkpt>
      <trkpt lat="56.29631" lon="12.49507">
        <ele>112.3</ele>
      </trkpt>
      <trkpt lat="56.29621" lon="12.49519">
        <ele>113.1</ele>
      </trkpt>
      <trkpt lat="56.29611" lon="12.49536">
        <ele>114.2</ele>
      </trkpt>
      <trkpt lat="56.29606" lon="12.49541">
        <ele>114.9</ele>
      </trkpt>
      <trkpt lat="56.29591" lon="12.49547">
        <ele>117.0</ele>
      </trkpt>
      <trkpt lat="56.29584" lon="12.49561">
        <ele>118.4</ele>
      </trkpt>
      <trkpt lat="56.29582" lon="12.49602">
        <ele>119.5</ele>
      </trkpt>
      <trkpt lat="56.29577" lon="12.49616">
        <ele>120.1</ele>
      </trkpt>
      <trkpt lat="56.29575" lon="12.49647">
        <ele>121.1</ele>
      </trkpt>
      <trkpt lat="56.29568" lon="12.49658">
        <ele>122.0</ele>
      </trkpt>
      <trkpt lat="56.29561" lon="12.49663">
        <ele>122.7</ele>
      </trkpt>
      <trkpt lat="56.29552" lon="12.49683">
        <ele>123.1</ele>
      </trkpt>
      <trkpt lat="56.29545" lon="12.49706">
        <ele>123.0</ele>
      </trkpt>
      <trkpt lat="56.29534" lon="12.49722">
        <ele>123.5</ele>
      </trkpt>
      <trkpt lat="56.29531" lon="12.49733">
        <ele>123.5</ele>
      </trkpt>
      <trkpt lat="56.2953" lon="12.49739">
        <ele>123.4</ele>
      </trkpt>
      <trkpt lat="56.29539" lon="12.49753">
        <ele>122.2</ele>
      </trkpt>
      <trkpt lat="56.2954" lon="12.49763">
        <ele>121.8</ele>
      </trkpt>
      <trkpt lat="56.29541" lon="12.49776">
        <ele>121.3</ele>
      </trkpt>
      <trkpt lat="56.29534" lon="12.49819">
        <ele>120.7</ele>
      </trkpt>
      <trkpt lat="56.29516" lon="12.49869">
        <ele>121.7</ele>
      </trkpt>
      <trkpt lat="56.29501" lon="12.4988">
        <ele>123.8</ele>
      </trkpt>
      <trkpt lat="56.2949" lon="12.49881">
        <ele>125.4</ele>
      </trkpt>
      <trkpt lat="56.29484" lon="12.49885">
        <ele>126.3</ele>
      </trkpt>
      <trkpt lat="56.29477" lon="12.49912">
        <ele>127.3</ele>
      </trkpt>
      <trkpt lat="56.29481" lon="12.49929">
        <ele>126.8</ele>
      </trkpt>
      <trkpt lat="56.29481" lon="12.49944">
        <ele>126.8</ele>
      </trkpt>
      <trkpt lat="56.29472" lon="12.49971">
        <ele>128.3</ele>
      </trkpt>
      <trkpt lat="56.29459" lon="12.49984">
        <ele>130.3</ele>
      </trkpt>
      <trkpt lat="56.29447" lon="12.4999">
        <ele>132.2</ele>
      </trkpt>
      <trkpt lat="56.29436" lon="12.4999">
        <ele>133.9</ele>
      </trkpt>
      <trkpt lat="56.29428" lon="12.49996">
        <ele>135.2</ele>
      </trkpt>
      <trkpt lat="56.29418" lon="12.50013">
        <ele>137.1</ele>
      </trkpt>
      <trkpt lat="56.29402" lon="12.50051">
        <ele>141.2</ele>
      </trkpt>
      <trkpt lat="56.29392" lon="12.50069">
        <ele>143.0</ele>
      </trkpt>
      <trkpt lat="56.29353" lon="12.50128">
        <ele>146.0</ele>
      </trkpt>
      <trkpt lat="56.2933" lon="12.50177">
        <ele>143.5</ele>
      </trkpt>
      <trkpt lat="56.29323" lon="12.50199">
        <ele>142.4</ele>
      </trkpt>
      <trkpt lat="56.29318" lon="12.50231">
        <ele>140.9</ele>
      </trkpt>
      <trkpt lat="56.2932" lon="12.50274">
        <ele>138.6</ele>
      </trkpt>
      <trkpt lat="56.29326" lon="12.50322">
        <ele>135.7</ele>
      </trkpt>
      <trkpt lat="56.29324" lon="12.50347">
        <ele>134.7</ele>
      </trkpt>
      <trkpt lat="56.29318" lon="12.50367">
        <ele>134.2</ele>
      </trkpt>
      <trkpt lat="56.29312" lon="12.50377">
        <ele>134.0</ele>
      </trkpt>
      <trkpt lat="56.29267" lon="12.50445">
        <ele>132.0</ele>
      </trkpt>
      <trkpt lat="56.29222" lon="12.50513">
        <ele>129.1</ele>
      </trkpt>
      <trkpt lat="56.29209" lon="12.50524">
        <ele>128.6</ele>
      </trkpt>
      <trkpt lat="56.29187" lon="12.50531">
        <ele>127.8</ele>
      </trkpt>
      <trkpt lat="56.29174" lon="12.5054">
        <ele>127.3</ele>
      </trkpt>
      <trkpt lat="56.29157" lon="12.5057">
        <ele>126.0</ele>
      </trkpt>
      <trkpt lat="56.29152" lon="12.50585">
        <ele>125.4</ele>
      </trkpt>
      <trkpt lat="56.2915" lon="12.50602">
        <ele>124.7</ele>
      </trkpt>
      <trkpt lat="56.29152" lon="12.50632">
        <ele>123.6</ele>
      </trkpt>
      <trkpt lat="56.29152" lon="12.50664">
        <ele>122.4</ele>
      </trkpt>
      <trkpt lat="56.29147" lon="12.50678">
        <ele>122.9</ele>
      </trkpt>
      <trkpt lat="56.29121" lon="12.5071">
        <ele>123.6</ele>
      </trkpt>
      <trkpt lat="56.29094" lon="12.50726">
        <ele>122.6</ele>
      </trkpt>
      <trkpt lat="56.29044" lon="12.50747">
        <ele>118.1</ele>
      </trkpt>
      <trkpt lat="56.29044" lon="12.50747">
        <ele>118.1</ele>
      </trkpt>
      <trkpt lat="56.2901" lon="12.50765">
        <ele>114.9</ele>
      </trkpt>
      <trkpt lat="56.28985" lon="12.50786">
        <ele>112.8</ele>
      </trkpt>
      <trkpt lat="56.28962" lon="12.50788">
        <ele>110.0</ele>
      </trkpt>
      <trkpt lat="56.28921" lon="12.50784">
        <ele>104.6</ele>
      </trkpt>
      <trkpt lat="56.28902" lon="12.50788">
        <ele>102.7</ele>
      </trkpt>
      <trkpt lat="56.28898" lon="12.50792">
        <ele>102.5</ele>
      </trkpt>
      <trkpt lat="56.28897" lon="12.50807">
        <ele>103.3</ele>
      </trkpt>
      <trkpt lat="56.28898" lon="12.50823">
        <ele>104.4</ele>
      </trkpt>
      <trkpt lat="56.28897" lon="12.50846">
        <ele>106.1</ele>
      </trkpt>
      <trkpt lat="56.28892" lon="12.50877">
        <ele>108.7</ele>
      </trkpt>
      <trkpt lat="56.2889" lon="12.50882">
        <ele>109.0</ele>
      </trkpt>
      <trkpt lat="56.288888" lon="12.508801">
        <ele>108.7</ele>
      </trkpt>
      <trkpt lat="56.2889" lon="12.50882">
        <ele>109.0</ele>
      </trkpt>
      <trkpt lat="56.2888" lon="12.50904">
        <ele>110.2</ele>
      </trkpt>
      <trkpt lat="56.28878" lon="12.50914">
        <ele>111.0</ele>
      </trkpt>
      <trkpt lat="56.28884" lon="12.50919">
        <ele>112.1</ele>
      </trkpt>
      <trkpt lat="56.28897" lon="12.50918">
        <ele>113.3</ele>
      </trkpt>
      <trkpt lat="56.2894" lon="12.5093">
        <ele>118.5</ele>
      </trkpt>
      <trkpt lat="56.28958" lon="12.50936">
        <ele>120.7</ele>
      </trkpt>
      <trkpt lat="56.28973" lon="12.50947">
        <ele>122.9</ele>
      </trkpt>
      <trkpt lat="56.28997" lon="12.50971">
        <ele>126.7</ele>
      </trkpt>
      <trkpt lat="56.29036" lon="12.51038">
        <ele>134.5</ele>
      </trkpt>
      <trkpt lat="56.29054" lon="12.51078">
        <ele>137.1</ele>
      </trkpt>
      <trkpt lat="56.29075" lon="12.51109">
        <ele>138.6</ele>
      </trkpt>
      <trkpt lat="56.29086" lon="12.51118">
        <ele>138.9</ele>
      </trkpt>
      <trkpt lat="56.29093" lon="12.5113">
        <ele>139.4</ele>
      </trkpt>
      <trkpt lat="56.29093" lon="12.51143">
        <ele>139.6</ele>
      </trkpt>
      <trkpt lat="56.2909" lon="12.51152">
        <ele>139.7</ele>
      </trkpt>
      <trkpt lat="56.2909" lon="12.51168">
        <ele>140.1</ele>
      </trkpt>
      <trkpt lat="56.29087" lon="12.51187">
        <ele>142.2</ele>
      </trkpt>
      <trkpt lat="56.29076" lon="12.51217">
        <ele>145.6</ele>
      </trkpt>
      <trkpt lat="56.29062" lon="12.51228">
        <ele>147.2</ele>
      </trkpt>
      <trkpt lat="56.29051" lon="12.51233">
        <ele>148.0</ele>
      </trkpt>
      <trkpt lat="56.29047" lon="12.5124">
        <ele>148.8</ele>
      </trkpt>
      <trkpt lat="56.29047" lon="12.5124">
        <ele>148.8</ele>
      </trkpt>
      <trkpt lat="56.29053" lon="12.51252">
        <ele>150.0</ele>
      </trkpt>
      <trkpt lat="56.29063" lon="12.51254">
        <ele>149.9</ele>
      </trkpt>
      <trkpt lat="56.29071" lon="12.51261">
        <ele>150.6</ele>
      </trkpt>
      <trkpt lat="56.29078" lon="12.51262">
        <ele>150.6</ele>
      </trkpt>
      <trkpt lat="56.2909" lon="12.51272">
        <ele>151.2</ele>
      </trkpt>
      <trkpt lat="56.29093" lon="12.51283">
        <ele>152.3</ele>
      </trkpt>
      <trkpt lat="56.2909" lon="12.51289">
        <ele>153.2</ele>
      </trkpt>
      <trkpt lat="56.29081" lon="12.51295">
        <ele>154.4</ele>
      </trkpt>
      <trkpt lat="56.2908" lon="12.51304">
        <ele>155.5</ele>
      </trkpt>
      <trkpt lat="56.29089" lon="12.51322">
        <ele>157.1</ele>
      </trkpt>
      <trkpt lat="56.29094" lon="12.5134">
        <ele>157.7</ele>
      </trkpt>
      <trkpt lat="56.29083" lon="12.51375">
        <ele>158.0</ele>
      </trkpt>
      <trkpt lat="56.29063" lon="12.51388">
        <ele>157.4</ele>
      </trkpt>
      <trkpt lat="56.29061" lon="12.51399">
        <ele>157.0</ele>
      </trkpt>
      <trkpt lat="56.29061" lon="12.51416">
        <ele>156.5</ele>
      </trkpt>
      <trkpt lat="56.290599" lon="12.514165">
        <ele>156.4</ele>
      </trkpt>
      <trkpt lat="56.29059" lon="12.51423">
        <ele>156.2</ele>
      </trkpt>
      <trkpt lat="56.2904" lon="12.51465">
        <ele>153.9</ele>
      </trkpt>
      <trkpt lat="56.29036" lon="12.51495">
        <ele>152.5</ele>
      </trkpt>
      <trkpt lat="56.29037" lon="12.51529">
        <ele>150.3</ele>
      </trkpt>
      <trkpt lat="56.29035" lon="12.51541">
        <ele>149.5</ele>
      </trkpt>
      <trkpt lat="56.29026" lon="12.51555">
        <ele>148.5</ele>
      </trkpt>
      <trkpt lat="56.29" lon="12.51578">
        <ele>147.3</ele>
      </trkpt>
      <trkpt lat="56.28993" lon="12.5159">
        <ele>147.1</ele>
      </trkpt>
      <trkpt lat="56.28983" lon="12.51629">
        <ele>146.3</ele>
      </trkpt>
      <trkpt lat="56.28971" lon="12.51659">
        <ele>146.4</ele>
      </trkpt>
      <trkpt lat="56.28958" lon="12.51699">
        <ele>146.2</ele>
      </trkpt>
      <trkpt lat="56.28954" lon="12.51731">
        <ele>145.2</ele>
      </trkpt>
      <trkpt lat="56.28967" lon="12.5178">
        <ele>141.8</ele>
      </trkpt>
      <trkpt lat="56.28965" lon="12.51808">
        <ele>140.7</ele>
      </trkpt>
      <trkpt lat="56.28954" lon="12.51851">
        <ele>139.7</ele>
      </trkpt>
      <trkpt lat="56.28951" lon="12.51906">
        <ele>138.0</ele>
      </trkpt>
      <trkpt lat="56.28943" lon="12.5194">
        <ele>136.4</ele>
      </trkpt>
      <trkpt lat="56.28925" lon="12.51975">
        <ele>134.0</ele>
      </trkpt>
      <trkpt lat="56.28918" lon="12.52025">
        <ele>132.4</ele>
      </trkpt>
      <trkpt lat="56.28919" lon="12.520257">
        <ele>132.4</ele>
      </trkpt>
      <trkpt lat="56.28915" lon="12.520461">
        <ele>131.0</ele>
      </trkpt>
      <trkpt lat="56.289189" lon="12.521385">
        <ele>134.0</ele>
      </trkpt>
      <trkpt lat="56.289134" lon="12.52218">
        <ele>138.0</ele>
      </trkpt>
      <trkpt lat="56.289092" lon="12.522313">
        <ele>139.0</ele>
      </trkpt>
      <trkpt lat="56.28899" lon="12.522421">
        <ele>141.0</ele>
      </trkpt>
      <trkpt lat="56.288714" lon="12.522445">
        <ele>144.0</ele>
      </trkpt>
      <trkpt lat="56.288664" lon="12.522542">
        <ele>145.0</ele>
      </trkpt>
      <trkpt lat="56.288656" lon="12.522675">
        <ele>146.0</ele>
      </trkpt>
      <trkpt lat="56.288688" lon="12.523085">
        <ele>148.0</ele>
      </trkpt>
      <trkpt lat="56.288771" lon="12.523406">
        <ele>149.0</ele>
      </trkpt>
      <trkpt lat="56.288937" lon="12.523686">
        <ele>148.0</ele>
      </trkpt>
      <trkpt lat="56.288969" lon="12.523797">
        <ele>148.0</ele>
      </trkpt>
      <trkpt lat="56.288981" lon="12.523925">
        <ele>149.0</ele>
      </trkpt>
      <trkpt lat="56.288968" lon="12.524035">
        <ele>150.0</ele>
      </trkpt>
      <trkpt lat="56.288928" lon="12.524092">
        <ele>151.0</ele>
      </trkpt>
      <trkpt lat="56.288893" lon="12.52414">
        <ele>151.0</ele>
      </trkpt>
      <trkpt lat="56.288783" lon="12.524183">
        <ele>153.0</ele>
      </trkpt>
      <trkpt lat="56.288719" lon="12.524151">
        <ele>154.0</ele>
      </trkpt>
      <trkpt lat="56.288329" lon="12.523755">
        <ele>158.0</ele>
      </trkpt>
      <trkpt lat="56.28791" lon="12.522989">
        <ele>156.0</ele>
      </trkpt>
      <trkpt lat="56.287633" lon="12.522392">
        <ele>153.0</ele>
      </trkpt>
      <trkpt lat="56.287328" lon="12.521899">
        <ele>150.0</ele>
      </trkpt>
      <trkpt lat="56.287252" lon="12.521815">
        <ele>149.0</ele>
      </trkpt>
      <trkpt lat="56.287087" lon="12.52175">
        <ele>149.0</ele>
      </trkpt>
      <trkpt lat="56.287029" lon="12.521748">
        <ele>148.0</ele>
      </trkpt>
      <trkpt lat="56.286889" lon="12.521815">
        <ele>149.0</ele>
      </trkpt>
      <trkpt lat="56.286591" lon="12.522044">
        <ele>148.0</ele>
      </trkpt>
      <trkpt lat="56.28662" lon="12.522163">
        <ele>150.0</ele>
      </trkpt>
      <trkpt lat="56.286768" lon="12.522489">
        <ele>153.0</ele>
      </trkpt>
      <trkpt lat="56.286839" lon="12.522779">
        <ele>156.0</ele>
      </trkpt>
      <trkpt lat="56.28694" lon="12.523158">
        <ele>159.0</ele>
      </trkpt>
      <trkpt lat="56.287018" lon="12.523602">
        <ele>163.0</ele>
      </trkpt>
      <trkpt lat="56.287064" lon="12.524091">
        <ele>168.0</ele>
      </trkpt>
      <trkpt lat="56.287081" lon="12.524672">
        <ele>173.0</ele>
      </trkpt>
      <trkpt lat="56.28714" lon="12.525229">
        <ele>177.0</ele>
      </trkpt>
      <trkpt lat="56.287142" lon="12.525476">
        <ele>177.0</ele>
      </trkpt>
      <trkpt lat="56.287177" lon="12.525937">
        <ele>178.0</ele>
      </trkpt>
      <trkpt lat="56.287174" lon="12.52615">
        <ele>177.0</ele>
      </trkpt>
      <trkpt lat="56.287108" lon="12.526704">
        <ele>172.2</ele>
      </trkpt>
      <trkpt lat="56.2871" lon="12.5267">
        <ele>172.2</ele>
      </trkpt>
      <trkpt lat="56.28711" lon="12.52662">
        <ele>172.8</ele>
      </trkpt>
      <trkpt lat="56.28707" lon="12.52672">
        <ele>171.8</ele>
      </trkpt>
      <trkpt lat="56.28692" lon="12.52691">
        <ele>168.7</ele>
      </trkpt>
      <trkpt lat="56.28669" lon="12.52727">
        <ele>164.2</ele>
      </trkpt>
      <trkpt lat="56.28652" lon="12.52735">
        <ele>160.4</ele>
      </trkpt>
      <trkpt lat="56.28638" lon="12.52753">
        <ele>156.3</ele>
      </trkpt>
      <trkpt lat="56.28631" lon="12.52774">
        <ele>153.6</ele>
      </trkpt>
      <trkpt lat="56.28632" lon="12.52793">
        <ele>152.5</ele>
      </trkpt>
      <trkpt lat="56.28628" lon="12.52805">
        <ele>151.1</ele>
      </trkpt>
      <trkpt lat="56.28624" lon="12.52809">
        <ele>150.3</ele>
      </trkpt>
      <trkpt lat="56.28624" lon="12.52809">
        <ele>150.3</ele>
      </trkpt>
      <trkpt lat="56.28613" lon="12.52818">
        <ele>148.3</ele>
      </trkpt>
      <trkpt lat="56.28604" lon="12.52813">
        <ele>147.3</ele>
      </trkpt>
      <trkpt lat="56.28596" lon="12.52805">
        <ele>146.5</ele>
      </trkpt>
      <trkpt lat="56.28578" lon="12.52796">
        <ele>143.7</ele>
      </trkpt>
      <trkpt lat="56.28553" lon="12.52776">
        <ele>138.1</ele>
      </trkpt>
      <trkpt lat="56.28531" lon="12.5275">
        <ele>132.8</ele>
      </trkpt>
      <trkpt lat="56.28491" lon="12.52713">
        <ele>123.5</ele>
      </trkpt>
      <trkpt lat="56.2849" lon="12.52737">
        <ele>123.4</ele>
      </trkpt>
      <trkpt lat="56.28483" lon="12.52764">
        <ele>122.5</ele>
      </trkpt>
      <trkpt lat="56.28471" lon="12.52785">
        <ele>120.9</ele>
      </trkpt>
      <trkpt lat="56.28463" lon="12.5281">
        <ele>119.9</ele>
      </trkpt>
      <trkpt lat="56.2846" lon="12.5284">
        <ele>119.8</ele>
      </trkpt>
      <trkpt lat="56.28483" lon="12.52862">
        <ele>123.0</ele>
      </trkpt>
      <trkpt lat="56.285" lon="12.52882">
        <ele>124.8</ele>
      </trkpt>
      <trkpt lat="56.28525" lon="12.52925">
        <ele>126.9</ele>
      </trkpt>
      <trkpt lat="56.28551" lon="12.52955">
        <ele>127.8</ele>
      </trkpt>
      <trkpt lat="56.28579" lon="12.52977">
        <ele>128.2</ele>
      </trkpt>
      <trkpt lat="56.28632" lon="12.52997">
        <ele>128.7</ele>
      </trkpt>
      <trkpt lat="56.28682" lon="12.53003">
        <ele>127.5</ele>
      </trkpt>
      <trkpt lat="56.287" lon="12.53008">
        <ele>124.5</ele>
      </trkpt>
      <trkpt lat="56.287036" lon="12.530061">
        <ele>124.1</ele>
      </trkpt>
      <trkpt lat="56.28704" lon="12.53006">
        <ele>124.1</ele>
      </trkpt>
      <trkpt lat="56.28726" lon="12.52995">
        <ele>122.3</ele>
      </trkpt>
      <trkpt lat="56.28722" lon="12.5307">
        <ele>115.9</ele>
      </trkpt>
      <trkpt lat="56.28711" lon="12.53101">
        <ele>114.4</ele>
      </trkpt>
      <trkpt lat="56.28713" lon="12.53113">
        <ele>112.9</ele>
      </trkpt>
      <trkpt lat="56.28711" lon="12.5313">
        <ele>111.4</ele>
      </trkpt>
      <trkpt lat="56.28699" lon="12.53167">
        <ele>109.1</ele>
      </trkpt>
      <trkpt lat="56.28699" lon="12.53167">
        <ele>109.1</ele>
      </trkpt>
      <trkpt lat="56.28695" lon="12.53178">
        <ele>109.9</ele>
      </trkpt>
      <trkpt lat="56.28695" lon="12.53189">
        <ele>110.2</ele>
      </trkpt>
      <trkpt lat="56.287" lon="12.53221">
        <ele>110.3</ele>
      </trkpt>
      <trkpt lat="56.28695" lon="12.53247">
        <ele>111.8</ele>
      </trkpt>
      <trkpt lat="56.28709" lon="12.53307">
        <ele>110.7</ele>
      </trkpt>
      <trkpt lat="56.28705" lon="12.53339">
        <ele>112.2</ele>
      </trkpt>
      <trkpt lat="56.287" lon="12.53361">
        <ele>113.0</ele>
      </trkpt>
      <trkpt lat="56.286995" lon="12.533614">
        <ele>113.1</ele>
      </trkpt>
      <trkpt lat="56.286836" lon="12.534272">
        <ele>120.0</ele>
      </trkpt>
      <trkpt lat="56.286826" lon="12.53446">
        <ele>120.0</ele>
      </trkpt>
      <trkpt lat="56.286852" lon="12.534626">
        <ele>119.0</ele>
      </trkpt>
      <trkpt lat="56.287008" lon="12.535285">
        <ele>108.0</ele>
      </trkpt>
      <trkpt lat="56.287012" lon="12.535411">
        <ele>107.0</ele>
      </trkpt>
      <trkpt lat="56.286979" lon="12.5358">
        <ele>106.0</ele>
      </trkpt>
      <trkpt lat="56.28693" lon="12.535941">
        <ele>108.0</ele>
      </trkpt>
      <trkpt lat="56.286532" lon="12.536362">
        <ele>123.0</ele>
      </trkpt>
      <trkpt lat="56.286407" lon="12.536369">
        <ele>125.0</ele>
      </trkpt>
      <trkpt lat="56.286532" lon="12.536362">
        <ele>123.0</ele>
      </trkpt>
      <trkpt lat="56.286488" lon="12.536446">
        <ele>124.0</ele>
      </trkpt>
      <trkpt lat="56.286461" lon="12.536625">
        <ele>124.0</ele>
      </trkpt>
      <trkpt lat="56.286449" lon="12.536865">
        <ele>124.0</ele>
      </trkpt>
      <trkpt lat="56.286413" lon="12.537042">
        <ele>125.0</ele>
      </trkpt>
      <trkpt lat="56.286354" lon="12.537131">
        <ele>126.0</ele>
      </trkpt>
      <trkpt lat="56.286238" lon="12.53721">
        <ele>129.0</ele>
      </trkpt>
      <trkpt lat="56.286133" lon="12.537441">
        <ele>133.0</ele>
      </trkpt>
      <trkpt lat="56.286083" lon="12.537499">
        <ele>135.0</ele>
      </trkpt>
      <trkpt lat="56.2859" lon="12.537622">
        <ele>140.0</ele>
      </trkpt>
      <trkpt lat="56.285792" lon="12.537738">
        <ele>143.0</ele>
      </trkpt>
      <trkpt lat="56.285742" lon="12.537828">
        <ele>143.0</ele>
      </trkpt>
      <trkpt lat="56.285627" lon="12.538217">
        <ele>146.0</ele>
      </trkpt>
      <trkpt lat="56.285411" lon="12.53869">
        <ele>146.0</ele>
      </trkpt>
      <trkpt lat="56.285294" lon="12.538866">
        <ele>147.0</ele>
      </trkpt>
      <trkpt lat="56.285137" lon="12.539182">
        <ele>149.0</ele>
      </trkpt>
      <trkpt lat="56.285031" lon="12.53927">
        <ele>151.0</ele>
      </trkpt>
      <trkpt lat="56.28498" lon="12.539349">
        <ele>151.0</ele>
      </trkpt>
      <trkpt lat="56.284906" lon="12.539626">
        <ele>147.0</ele>
      </trkpt>
      <trkpt lat="56.284714" lon="12.539867">
        <ele>145.0</ele>
      </trkpt>
      <trkpt lat="56.284592" lon="12.540143">
        <ele>142.0</ele>
      </trkpt>
      <trkpt lat="56.28455" lon="12.540266">
        <ele>140.0</ele>
      </trkpt>
      <trkpt lat="56.284518" lon="12.540511">
        <ele>137.0</ele>
      </trkpt>
      <trkpt lat="56.284516" lon="12.540636">
        <ele>135.0</ele>
      </trkpt>
      <trkpt lat="56.284514" lon="12.540754">
        <ele>133.0</ele>
      </trkpt>
      <trkpt lat="56.284534" lon="12.540922">
        <ele>131.0</ele>
      </trkpt>
      <trkpt lat="56.284554" lon="12.541081">
        <ele>129.0</ele>
      </trkpt>
      <trkpt lat="56.284438" lon="12.541498">
        <ele>128.0</ele>
      </trkpt>
      <trkpt lat="56.284353" lon="12.542355">
        <ele>125.0</ele>
      </trkpt>
      <trkpt lat="56.284271" lon="12.543413">
        <ele>118.0</ele>
      </trkpt>
      <trkpt lat="56.284144" lon="12.54391">
        <ele>118.0</ele>
      </trkpt>
      <trkpt lat="56.284002" lon="12.544293">
        <ele>117.0</ele>
      </trkpt>
      <trkpt lat="56.283895" lon="12.544505">
        <ele>117.0</ele>
      </trkpt>
      <trkpt lat="56.283751" lon="12.544719">
        <ele>119.0</ele>
      </trkpt>
      <trkpt lat="56.283646" lon="12.544839">
        <ele>120.0</ele>
      </trkpt>
      <trkpt lat="56.283279" lon="12.545167">
        <ele>128.0</ele>
      </trkpt>
      <trkpt lat="56.283231" lon="12.545199">
        <ele>127.0</ele>
      </trkpt>
      <trkpt lat="56.28323" lon="12.5452">
        <ele>127.0</ele>
      </trkpt>
      <trkpt lat="56.28314" lon="12.54526">
        <ele>127.6</ele>
      </trkpt>
      <trkpt lat="56.28298" lon="12.54528">
        <ele>130.3</ele>
      </trkpt>
      <trkpt lat="56.2829" lon="12.54526">
        <ele>132.1</ele>
      </trkpt>
      <trkpt lat="56.28282" lon="12.54516">
        <ele>135.1</ele>
      </trkpt>
      <trkpt lat="56.28274" lon="12.54502">
        <ele>138.7</ele>
      </trkpt>
      <trkpt lat="56.28253" lon="12.54443">
        <ele>144.0</ele>
      </trkpt>
      <trkpt lat="56.28241" lon="12.54426">
        <ele>144.2</ele>
      </trkpt>
      <trkpt lat="56.28236" lon="12.54422">
        <ele>144.0</ele>
      </trkpt>
      <trkpt lat="56.28236" lon="12.54422">
        <ele>144.0</ele>
      </trkpt>
      <trkpt lat="56.28232" lon="12.54419">
        <ele>143.9</ele>
      </trkpt>
      <trkpt lat="56.28207" lon="12.544">
        <ele>142.7</ele>
      </trkpt>
      <trkpt lat="56.28199" lon="12.54399">
        <ele>142.2</ele>
      </trkpt>
      <trkpt lat="56.28166" lon="12.54405">
        <ele>140.0</ele>
      </trkpt>
      <trkpt lat="56.28177" lon="12.54362">
        <ele>141.4</ele>
      </trkpt>
      <trkpt lat="56.28176" lon="12.54335">
        <ele>141.6</ele>
      </trkpt>
      <trkpt lat="56.281758" lon="12.543351">
        <ele>141.6</ele>
      </trkpt>
      <trkpt lat="56.281716" lon="12.542449">
        <ele>140.0</ele>
      </trkpt>
      <trkpt lat="56.281734" lon="12.541301">
        <ele>136.0</ele>
      </trkpt>
      <trkpt lat="56.281853" lon="12.540668">
        <ele>134.0</ele>
      </trkpt>
      <trkpt lat="56.282014" lon="12.540282">
        <ele>131.0</ele>
      </trkpt>
      <trkpt lat="56.282157" lon="12.540153">
        <ele>131.0</ele>
      </trkpt>
      <trkpt lat="56.282444" lon="12.540169">
        <ele>133.0</ele>
      </trkpt>
      <trkpt lat="56.282854" lon="12.540164">
        <ele>136.0</ele>
      </trkpt>
      <trkpt lat="56.282991" lon="12.540003">
        <ele>136.0</ele>
      </trkpt>
      <trkpt lat="56.28302" lon="12.539627">
        <ele>137.0</ele>
      </trkpt>
      <trkpt lat="56.283032" lon="12.539112">
        <ele>139.0</ele>
      </trkpt>
      <trkpt lat="56.282854" lon="12.538576">
        <ele>136.0</ele>
      </trkpt>
      <trkpt lat="56.282942" lon="12.537959">
        <ele>136.0</ele>
      </trkpt>
      <trkpt lat="56.283175" lon="12.536945">
        <ele>133.0</ele>
      </trkpt>
      <trkpt lat="56.283223" lon="12.536623">
        <ele>132.0</ele>
      </trkpt>
      <trkpt lat="56.283196" lon="12.53584">
        <ele>131.0</ele>
      </trkpt>
      <trkpt lat="56.28329" lon="12.533063">
        <ele>121.0</ele>
      </trkpt>
      <trkpt lat="56.283306" lon="12.532568">
        <ele>120.0</ele>
      </trkpt>
      <trkpt lat="56.283544" lon="12.531602">
        <ele>119.0</ele>
      </trkpt>
      <trkpt lat="56.283711" lon="12.531431">
        <ele>121.0</ele>
      </trkpt>
      <trkpt lat="56.283968" lon="12.531314">
        <ele>124.0</ele>
      </trkpt>
      <trkpt lat="56.28462" lon="12.531255">
        <ele>126.0</ele>
      </trkpt>
      <trkpt lat="56.284688" lon="12.531098">
        <ele>125.0</ele>
      </trkpt>
      <trkpt lat="56.284747" lon="12.530711">
        <ele>123.0</ele>
      </trkpt>
      <trkpt lat="56.284158" lon="12.529352">
        <ele>115.0</ele>
      </trkpt>
      <trkpt lat="56.28382" lon="12.529021">
        <ele>111.0</ele>
      </trkpt>
      <trkpt lat="56.283244" lon="12.527787">
        <ele>104.0</ele>
      </trkpt>
      <trkpt lat="56.283381" lon="12.527513">
        <ele>105.0</ele>
      </trkpt>
      <trkpt lat="56.283962" lon="12.526651">
        <ele>108.2</ele>
      </trkpt>
      <trkpt lat="56.28396" lon="12.52665">
        <ele>108.2</ele>
      </trkpt>
      <trkpt lat="56.28411" lon="12.52644">
        <ele>108.9</ele>
      </trkpt>
      <trkpt lat="56.28434" lon="12.52586">
        <ele>109.5</ele>
      </trkpt>
      <trkpt lat="56.28439" lon="12.52536">
        <ele>108.2</ele>
      </trkpt>
      <trkpt lat="56.28438" lon="12.52433">
        <ele>104.5</ele>
      </trkpt>
      <trkpt lat="56.28436" lon="12.5233">
        <ele>102.4</ele>
      </trkpt>
      <trkpt lat="56.2844" lon="12.5228">
        <ele>101.9</ele>
      </trkpt>
      <trkpt lat="56.28446" lon="12.52264">
        <ele>102.6</ele>
      </trkpt>
      <trkpt lat="56.28446" lon="12.52264">
        <ele>102.6</ele>
      </trkpt>
      <trkpt lat="56.28464" lon="12.52213">
        <ele>105.1</ele>
      </trkpt>
      <trkpt lat="56.28473" lon="12.52092">
        <ele>103.1</ele>
      </trkpt>
      <trkpt lat="56.28474" lon="12.5203">
        <ele>100.8</ele>
      </trkpt>
      <trkpt lat="56.28465" lon="12.52001">
        <ele>98.4</ele>
      </trkpt>
      <trkpt lat="56.28452" lon="12.51991">
        <ele>96.2</ele>
      </trkpt>
      <trkpt lat="56.28431" lon="12.51983">
        <ele>93.2</ele>
      </trkpt>
      <trkpt lat="56.28417" lon="12.51962">
        <ele>90.7</ele>
      </trkpt>
      <trkpt lat="56.28406" lon="12.51922">
        <ele>88.1</ele>
      </trkpt>
      <trkpt lat="56.2839" lon="12.51816">
        <ele>84.5</ele>
      </trkpt>
      <trkpt lat="56.28381" lon="12.51795">
        <ele>84.3</ele>
      </trkpt>
      <trkpt lat="56.28363" lon="12.5177">
        <ele>83.8</ele>
      </trkpt>
      <trkpt lat="56.28345" lon="12.5176">
        <ele>83.2</ele>
      </trkpt>
      <trkpt lat="56.283442" lon="12.51762">
        <ele>83.1</ele>
      </trkpt>
      <trkpt lat="56.28345" lon="12.5176">
        <ele>83.2</ele>
      </trkpt>
      <trkpt lat="56.28336" lon="12.51756">
        <ele>83.0</ele>
      </trkpt>
      <trkpt lat="56.28348" lon="12.51738">
        <ele>83.6</ele>
      </trkpt>
      <trkpt lat="56.28359" lon="12.51707">
        <ele>84.3</ele>
      </trkpt>
      <trkpt lat="56.28379" lon="12.51672">
        <ele>85.1</ele>
      </trkpt>
      <trkpt lat="56.28394" lon="12.51639">
        <ele>85.2</ele>
      </trkpt>
      <trkpt lat="56.28411" lon="12.51578">
        <ele>84.9</ele>
      </trkpt>
      <trkpt lat="56.28411" lon="12.51578">
        <ele>84.9</ele>
      </trkpt>
      <trkpt lat="56.28433" lon="12.51517">
        <ele>85.5</ele>
      </trkpt>
      <trkpt lat="56.28448" lon="12.51468">
        <ele>85.4</ele>
      </trkpt>
      <trkpt lat="56.28473" lon="12.51398">
        <ele>84.7</ele>
      </trkpt>
      <trkpt lat="56.28487" lon="12.51393">
        <ele>85.2</ele>
      </trkpt>
      <trkpt lat="56.28493" lon="12.51385">
        <ele>85.3</ele>
      </trkpt>
      <trkpt lat="56.284933" lon="12.513857">
        <ele>85.4</ele>
      </trkpt>
      <trkpt lat="56.28493" lon="12.51385">
        <ele>85.3</ele>
      </trkpt>
      <trkpt lat="56.28526" lon="12.51345">
        <ele>86.8</ele>
      </trkpt>
      <trkpt lat="56.28568" lon="12.51308">
        <ele>88.0</ele>
      </trkpt>
      <trkpt lat="56.28568" lon="12.51308">
        <ele>88.0</ele>
      </trkpt>
      <trkpt lat="56.28576" lon="12.51302">
        <ele>88.1</ele>
      </trkpt>
      <trkpt lat="56.28607" lon="12.51321">
        <ele>93.0</ele>
      </trkpt>
      <trkpt lat="56.2863" lon="12.51326">
        <ele>96.8</ele>
      </trkpt>
      <trkpt lat="56.28654" lon="12.51339">
        <ele>101.5</ele>
      </trkpt>
      <trkpt lat="56.2867" lon="12.51362">
        <ele>106.5</ele>
      </trkpt>
      <trkpt lat="56.2867" lon="12.51394">
        <ele>109.5</ele>
      </trkpt>
      <trkpt lat="56.286702" lon="12.513943">
        <ele>109.6</ele>
      </trkpt>
      <trkpt lat="56.286702" lon="12.514101">
        <ele>111.0</ele>
      </trkpt>
      <trkpt lat="56.286849" lon="12.514524">
        <ele>118.0</ele>
      </trkpt>
      <trkpt lat="56.287065" lon="12.514935">
        <ele>125.0</ele>
      </trkpt>
      <trkpt lat="56.287122" lon="12.514812">
        <ele>125.0</ele>
      </trkpt>
      <trkpt lat="56.28716" lon="12.514695">
        <ele>125.0</ele>
      </trkpt>
      <trkpt lat="56.287261" lon="12.514373">
        <ele>125.0</ele>
      </trkpt>
      <trkpt lat="56.287362" lon="12.513975">
        <ele>125.0</ele>
      </trkpt>
      <trkpt lat="56.287449" lon="12.513672">
        <ele>125.0</ele>
      </trkpt>
      <trkpt lat="56.287503" lon="12.51337">
        <ele>124.0</ele>
      </trkpt>
      <trkpt lat="56.287521" lon="12.512903">
        <ele>120.0</ele>
      </trkpt>
      <trkpt lat="56.287553" lon="12.512717">
        <ele>119.0</ele>
      </trkpt>
      <trkpt lat="56.287619" lon="12.512551">
        <ele>119.0</ele>
      </trkpt>
      <trkpt lat="56.287669" lon="12.512371">
        <ele>119.0</ele>
      </trkpt>
      <trkpt lat="56.28773" lon="12.512188">
        <ele>120.0</ele>
      </trkpt>
      <trkpt lat="56.287785" lon="12.511958">
        <ele>120.0</ele>
      </trkpt>
      <trkpt lat="56.287823" lon="12.51173">
        <ele>120.0</ele>
      </trkpt>
      <trkpt lat="56.287879" lon="12.511506">
        <ele>120.0</ele>
      </trkpt>
      <trkpt lat="56.287853" lon="12.511217">
        <ele>117.0</ele>
      </trkpt>
      <trkpt lat="56.287784" lon="12.510801">
        <ele>111.0</ele>
      </trkpt>
      <trkpt lat="56.287673" lon="12.510349">
        <ele>103.0</ele>
      </trkpt>
      <trkpt lat="56.287608" lon="12.509865">
        <ele>96.0</ele>
      </trkpt>
      <trkpt lat="56.287627" lon="12.508662">
        <ele>87.0</ele>
      </trkpt>
      <trkpt lat="56.287655" lon="12.508433">
        <ele>86.0</ele>
      </trkpt>
      <trkpt lat="56.287697" lon="12.508056">
        <ele>85.0</ele>
      </trkpt>
      <trkpt lat="56.287849" lon="12.507526">
        <ele>85.0</ele>
      </trkpt>
      <trkpt lat="56.287984" lon="12.507195">
        <ele>86.0</ele>
      </trkpt>
      <trkpt lat="56.288062" lon="12.506882">
        <ele>86.0</ele>
      </trkpt>
      <trkpt lat="56.28816" lon="12.506629">
        <ele>86.0</ele>
      </trkpt>
      <trkpt lat="56.288213" lon="12.506319">
        <ele>87.0</ele>
      </trkpt>
      <trkpt lat="56.288077" lon="12.505924">
        <ele>85.0</ele>
      </trkpt>
      <trkpt lat="56.287981" lon="12.505118">
        <ele>83.0</ele>
      </trkpt>
      <trkpt lat="56.287867" lon="12.504472">
        <ele>82.0</ele>
      </trkpt>
      <trkpt lat="56.287611" lon="12.503592">
        <ele>81.0</ele>
      </trkpt>
      <trkpt lat="56.287451" lon="12.502681">
        <ele>78.3</ele>
      </trkpt>
      <trkpt lat="56.28745" lon="12.50268">
        <ele>78.3</ele>
      </trkpt>
      <trkpt lat="56.28744" lon="12.50264">
        <ele>78.1</ele>
      </trkpt>
      <trkpt lat="56.28739" lon="12.50252">
        <ele>77.7</ele>
      </trkpt>
      <trkpt lat="56.28734" lon="12.50245">
        <ele>77.4</ele>
      </trkpt>
      <trkpt lat="56.28737" lon="12.50236">
        <ele>77.4</ele>
      </trkpt>
      <trkpt lat="56.28743" lon="12.50212">
        <ele>77.3</ele>
      </trkpt>
      <trkpt lat="56.28749" lon="12.50173">
        <ele>77.0</ele>
      </trkpt>
      <trkpt lat="56.2874" lon="12.5016">
        <ele>76.5</ele>
      </trkpt>
      <trkpt lat="56.28722" lon="12.5012">
        <ele>74.7</ele>
      </trkpt>
      <trkpt lat="56.28716" lon="12.50075">
        <ele>72.9</ele>
      </trkpt>
      <trkpt lat="56.28715" lon="12.50033">
        <ele>71.7</ele>
      </trkpt>
      <trkpt lat="56.28718" lon="12.50009">
        <ele>71.4</ele>
      </trkpt>
      <trkpt lat="56.28721" lon="12.49994">
        <ele>71.3</ele>
      </trkpt>
      <trkpt lat="56.28729" lon="12.49973">
        <ele>71.5</ele>
      </trkpt>
      <trkpt lat="56.28735" lon="12.49941">
        <ele>71.1</ele>
      </trkpt>
      <trkpt lat="56.28735" lon="12.49926">
        <ele>70.5</ele>
      </trkpt>
      <trkpt lat="56.28733" lon="12.49912">
        <ele>69.8</ele>
      </trkpt>
      <trkpt lat="56.28708" lon="12.49877">
        <ele>65.8</ele>
      </trkpt>
      <trkpt lat="56.28688" lon="12.49846">
        <ele>62.6</ele>
      </trkpt>
      <trkpt lat="56.28677" lon="12.49835">
        <ele>61.2</ele>
      </trkpt>
      <trkpt lat="56.28672" lon="12.49829">
        <ele>60.4</ele>
      </trkpt>
      <trkpt lat="56.2867" lon="12.49835">
        <ele>60.4</ele>
      </trkpt>
      <trkpt lat="56.28656" lon="12.49837">
        <ele>59.1</ele>
      </trkpt>
      <trkpt lat="56.28651" lon="12.49842">
        <ele>58.7</ele>
      </trkpt>
      <trkpt lat="56.28632" lon="12.49858">
        <ele>57.3</ele>
      </trkpt>
      <trkpt lat="56.28617" lon="12.49878">
        <ele>56.3</ele>
      </trkpt>
      <trkpt lat="56.28601" lon="12.49882">
        <ele>54.9</ele>
      </trkpt>
      <trkpt lat="56.28584" lon="12.49878">
        <ele>53.1</ele>
      </trkpt>
      <trkpt lat="56.28571" lon="12.49892">
        <ele>52.1</ele>
      </trkpt>
      <trkpt lat="56.28563" lon="12.49937">
        <ele>53.0</ele>
      </trkpt>
      <trkpt lat="56.28554" lon="12.49947">
        <ele>52.7</ele>
      </trkpt>
      <trkpt lat="56.28524" lon="12.49939">
        <ele>49.7</ele>
      </trkpt>
      <trkpt lat="56.28525" lon="12.49857">
        <ele>45.5</ele>
      </trkpt>
      <trkpt lat="56.28526" lon="12.49776">
        <ele>40.8</ele>
      </trkpt>
      <trkpt lat="56.28505" lon="12.49789">
        <ele>39.0</ele>
      </trkpt>
      <trkpt lat="56.2844" lon="12.49844">
        <ele>33.8</ele>
      </trkpt>
      <trkpt lat="56.28408" lon="12.49857">
        <ele>30.2</ele>
      </trkpt>
      <trkpt lat="56.28393" lon="12.49853">
        <ele>27.4</ele>
      </trkpt>
      <trkpt lat="56.28382" lon="12.49852">
        <ele>25.4</ele>
      </trkpt>
      <trkpt lat="56.28357" lon="12.4983">
        <ele>19.8</ele>
      </trkpt>
      <trkpt lat="56.28357" lon="12.49829">
        <ele>19.8</ele>
      </trkpt>
      <trkpt lat="56.28354" lon="12.49827">
        <ele>19.2</ele>
      </trkpt>
      <trkpt lat="56.28367" lon="12.49781">
        <ele>19.1</ele>
      </trkpt>
      <trkpt lat="56.28333" lon="12.49709">
        <ele>13.0</ele>
      </trkpt>
      <trkpt lat="56.28312" lon="12.49659">
        <ele>11.5</ele>
      </trkpt>
      <trkpt lat="56.28282" lon="12.49601">
        <ele>9.5</ele>
      </trkpt>
      <trkpt lat="56.28264" lon="12.49545">
        <ele>8.4</ele>
      </trkpt>
      <trkpt lat="56.28258" lon="12.49529">
        <ele>8.2</ele>
      </trkpt>
      <trkpt lat="56.28238" lon="12.49524">
        <ele>8.3</ele>
      </trkpt>
      <trkpt lat="56.2824" lon="12.49501">
        <ele>8.0</ele>
      </trkpt>
      <trkpt lat="56.282498" lon="12.494177">
        <ele>5.0</ele>
      </trkpt>
      <trkpt lat="56.282492" lon="12.49415">
        <ele>5.0</ele>
      </trkpt>
      <trkpt lat="56.282421" lon="12.493842">
        <ele>4.2</ele>
      </trkpt>
      <trkpt lat="56.282306" lon="12.49337">
        <ele>3.1</ele>
      </trkpt>
      <trkpt lat="56.282299" lon="12.493342">
        <ele>3.0</ele>
      </trkpt>
      <trkpt lat="56.282321" lon="12.493252">
        <ele>2.9</ele>
      </trkpt>
      <trkpt lat="56.282412" lon="12.493039">
        <ele>2.6</ele>
      </trkpt>
      <trkpt lat="56.28242" lon="12.49304">
        <ele>2.6</ele>
      </trkpt>
      <trkpt lat="56.28256" lon="12.49273">
        <ele>2.2</ele>
      </trkpt>
      <trkpt lat="56.28249" lon="12.49289">
        <ele>2.5</ele>
      </trkpt>
      <trkpt lat="56.28245" lon="12.49298">
        <ele>2.6</ele>
      </trkpt>
      <trkpt lat="56.282447" lon="12.492983">
        <ele>2.6</ele>
      </trkpt>
      <trkpt lat="56.282447" lon="12.492984">
        <ele>2.6</ele>
      </trkpt>
      <trkpt lat="56.28234" lon="12.4932">
        <ele>2.8</ele>
      </trkpt>
      <trkpt lat="56.28234" lon="12.4932">
        <ele>2.8</ele>
      </trkpt>
      <trkpt lat="56.28231" lon="12.49326">
        <ele>2.9</ele>
      </trkpt>
      <trkpt lat="56.282301" lon="12.493322">
        <ele>3.0</ele>
      </trkpt>
      <trkpt lat="56.282362" lon="12.493631">
        <ele>3.7</ele>
      </trkpt>
      <trkpt lat="56.282458" lon="12.494135">
        <ele>4.9</ele>
      </trkpt>
      <trkpt lat="56.28246" lon="12.49414">
        <ele>4.9</ele>
      </trkpt>
      <trkpt lat="56.28245" lon="12.49414">
        <ele>4.9</ele>
      </trkpt>
      <trkpt lat="56.28239" lon="12.49444">
        <ele>6.0</ele>
      </trkpt>
      <trkpt lat="56.28235" lon="12.49482">
        <ele>7.4</ele>
      </trkpt>
      <trkpt lat="56.28231" lon="12.49535">
        <ele>8.4</ele>
      </trkpt>
      <trkpt lat="56.28231" lon="12.49535">
        <ele>8.4</ele>
      </trkpt>
      <trkpt lat="56.28215" lon="12.49694">
        <ele>10.6</ele>
      </trkpt>
      <trkpt lat="56.28215" lon="12.49694">
        <ele>10.6</ele>
      </trkpt>
      <trkpt lat="56.282" lon="12.49847">
        <ele>11.2</ele>
      </trkpt>
      <trkpt lat="56.28201" lon="12.49859">
        <ele>11.4</ele>
      </trkpt>
      <trkpt lat="56.28236" lon="12.5">
        <ele>14.7</ele>
      </trkpt>
      <trkpt lat="56.28236" lon="12.5">
        <ele>14.7</ele>
      </trkpt>
      <trkpt lat="56.28237" lon="12.50013">
        <ele>15.1</ele>
      </trkpt>
      <trkpt lat="56.28236" lon="12.5002">
        <ele>15.3</ele>
      </trkpt>
      <trkpt lat="56.28233" lon="12.50031">
        <ele>15.5</ele>
      </trkpt>
      <trkpt lat="56.2822" lon="12.50066">
        <ele>15.8</ele>
      </trkpt>
      <trkpt lat="56.282" lon="12.50113">
        <ele>15.6</ele>
      </trkpt>
      <trkpt lat="56.28195" lon="12.50125">
        <ele>15.5</ele>
      </trkpt>
      <trkpt lat="56.28195" lon="12.50125">
        <ele>15.5</ele>
      </trkpt>
      <trkpt lat="56.28194" lon="12.50134">
        <ele>15.6</ele>
      </trkpt>
      <trkpt lat="56.28194" lon="12.50142">
        <ele>15.8</ele>
      </trkpt>
      <trkpt lat="56.28198" lon="12.50159">
        <ele>16.5</ele>
      </trkpt>
      <trkpt lat="56.28207" lon="12.5019">
        <ele>18.2</ele>
      </trkpt>
      <trkpt lat="56.28208" lon="12.50198">
        <ele>18.6</ele>
      </trkpt>
      <trkpt lat="56.28208" lon="12.50225">
        <ele>19.6</ele>
      </trkpt>
      <trkpt lat="56.28207" lon="12.50227">
        <ele>19.5</ele>
      </trkpt>
      <trkpt lat="56.282083" lon="12.502294">
        <ele>19.8</ele>
      </trkpt>
      <trkpt lat="56.28208" lon="12.5023">
        <ele>19.7</ele>
      </trkpt>
      <trkpt lat="56.28201" lon="12.50244">
        <ele>19.5</ele>
      </trkpt>
      <trkpt lat="56.28194" lon="12.50264">
        <ele>19.5</ele>
      </trkpt>
      <trkpt lat="56.28194" lon="12.50264">
        <ele>19.5</ele>
      </trkpt>
      <trkpt lat="56.2819" lon="12.5027">
        <ele>19.2</ele>
      </trkpt>
      <trkpt lat="56.281905" lon="12.502699">
        <ele>19.3</ele>
      </trkpt>
      <trkpt lat="56.281828" lon="12.502978">
        <ele>19.2</ele>
      </trkpt>
      <trkpt lat="56.28183" lon="12.503336">
        <ele>20.4</ele>
      </trkpt>
      <trkpt lat="56.281806" lon="12.504417">
        <ele>24.9</ele>
      </trkpt>
      <trkpt lat="56.2818" lon="12.50442">
        <ele>24.8</ele>
      </trkpt>
      <trkpt lat="56.28182" lon="12.50446">
        <ele>25.4</ele>
      </trkpt>
      <trkpt lat="56.2818" lon="12.50451">
        <ele>25.2</ele>
      </trkpt>
      <trkpt lat="56.28192" lon="12.50466">
        <ele>28.5</ele>
      </trkpt>
      <trkpt lat="56.28196" lon="12.5046">
        <ele>28.9</ele>
      </trkpt>
      <trkpt lat="56.28203" lon="12.50458">
        <ele>30.2</ele>
      </trkpt>
      <trkpt lat="56.28211" lon="12.50451">
        <ele>31.3</ele>
      </trkpt>
      <trkpt lat="56.28216" lon="12.50425">
        <ele>30.5</ele>
      </trkpt>
      <trkpt lat="56.28225" lon="12.50371">
        <ele>28.7</ele>
      </trkpt>
      <trkpt lat="56.28233" lon="12.50337">
        <ele>27.8</ele>
      </trkpt>
      <trkpt lat="56.28235" lon="12.50307">
        <ele>26.4</ele>
      </trkpt>
      <trkpt lat="56.28235" lon="12.50276">
        <ele>24.8</ele>
      </trkpt>
      <trkpt lat="56.28237" lon="12.5026">
        <ele>24.1</ele>
      </trkpt>
      <trkpt lat="56.28242" lon="12.50247">
        <ele>24.0</ele>
      </trkpt>
      <trkpt lat="56.2825" lon="12.50238">
        <ele>24.4</ele>
      </trkpt>
      <trkpt lat="56.28256" lon="12.50224">
        <ele>25.1</ele>
      </trkpt>
      <trkpt lat="56.28265" lon="12.50211">
        <ele>26.6</ele>
      </trkpt>
      <trkpt lat="56.28277" lon="12.50187">
        <ele>28.0</ele>
      </trkpt>
      <trkpt lat="56.28292" lon="12.50168">
        <ele>30.2</ele>
      </trkpt>
      <trkpt lat="56.28316" lon="12.50163">
        <ele>35.0</ele>
      </trkpt>
      <trkpt lat="56.28341" lon="12.50167">
        <ele>40.2</ele>
      </trkpt>
      <trkpt lat="56.28365" lon="12.50199">
        <ele>46.1</ele>
      </trkpt>
      <trkpt lat="56.28375" lon="12.50213">
        <ele>48.6</ele>
      </trkpt>
      <trkpt lat="56.28411" lon="12.50251">
        <ele>56.3</ele>
      </trkpt>
      <trkpt lat="56.28411" lon="12.50251">
        <ele>56.3</ele>
      </trkpt>
      <trkpt lat="56.28428" lon="12.50267">
        <ele>59.3</ele>
      </trkpt>
      <trkpt lat="56.28414" lon="12.50314">
        <ele>61.2</ele>
      </trkpt>
      <trkpt lat="56.28409" lon="12.50322">
        <ele>61.2</ele>
      </trkpt>
      <trkpt lat="56.28385" lon="12.50342">
        <ele>59.3</ele>
      </trkpt>
      <trkpt lat="56.28378" lon="12.50384">
        <ele>60.9</ele>
      </trkpt>
      <trkpt lat="56.28366" lon="12.50432">
        <ele>62.2</ele>
      </trkpt>
      <trkpt lat="56.28365" lon="12.50454">
        <ele>63.4</ele>
      </trkpt>
      <trkpt lat="56.28366" lon="12.50487">
        <ele>65.5</ele>
      </trkpt>
      <trkpt lat="56.28363" lon="12.50519">
        <ele>66.7</ele>
      </trkpt>
      <trkpt lat="56.28364" lon="12.50545">
        <ele>68.0</ele>
      </trkpt>
      <trkpt lat="56.28359" lon="12.50576">
        <ele>68.8</ele>
      </trkpt>
      <trkpt lat="56.28358" lon="12.50596">
        <ele>69.7</ele>
      </trkpt>
      <trkpt lat="56.28355" lon="12.50615">
        <ele>70.4</ele>
      </trkpt>
      <trkpt lat="56.28355" lon="12.50641">
        <ele>71.7</ele>
      </trkpt>
      <trkpt lat="56.28353" lon="12.50668">
        <ele>73.0</ele>
      </trkpt>
      <trkpt lat="56.28349" lon="12.50678">
        <ele>72.9</ele>
      </trkpt>
      <trkpt lat="56.28339" lon="12.50703">
        <ele>72.7</ele>
      </trkpt>
      <trkpt lat="56.28328" lon="12.50751">
        <ele>72.6</ele>
      </trkpt>
      <trkpt lat="56.28301" lon="12.50838">
        <ele>72.9</ele>
      </trkpt>
      <trkpt lat="56.28286" lon="12.50894">
        <ele>73.3</ele>
      </trkpt>
      <trkpt lat="56.28271" lon="12.50938">
        <ele>73.5</ele>
      </trkpt>
      <trkpt lat="56.28252" lon="12.50986">
        <ele>73.8</ele>
      </trkpt>
      <trkpt lat="56.28234" lon="12.51049">
        <ele>72.3</ele>
      </trkpt>
      <trkpt lat="56.2822" lon="12.51077">
        <ele>71.1</ele>
      </trkpt>
      <trkpt lat="56.28214" lon="12.51094">
        <ele>70.7</ele>
      </trkpt>
      <trkpt lat="56.28211" lon="12.51163">
        <ele>71.6</ele>
      </trkpt>
      <trkpt lat="56.28207" lon="12.51321">
        <ele>75.1</ele>
      </trkpt>
      <trkpt lat="56.28212" lon="12.51364">
        <ele>76.2</ele>
      </trkpt>
      <trkpt lat="56.2822" lon="12.51401">
        <ele>77.0</ele>
      </trkpt>
      <trkpt lat="56.28231" lon="12.51499">
        <ele>79.7</ele>
      </trkpt>
      <trkpt lat="56.28223" lon="12.51547">
        <ele>79.9</ele>
      </trkpt>
      <trkpt lat="56.28221" lon="12.51581">
        <ele>80.0</ele>
      </trkpt>
      <trkpt lat="56.28215" lon="12.51615">
        <ele>80.4</ele>
      </trkpt>
      <trkpt lat="56.28223" lon="12.51638">
        <ele>80.7</ele>
      </trkpt>
      <trkpt lat="56.28207" lon="12.51658">
        <ele>80.9</ele>
      </trkpt>
      <trkpt lat="56.28173" lon="12.51787">
        <ele>77.8</ele>
      </trkpt>
      <trkpt lat="56.28156" lon="12.51818">
        <ele>76.3</ele>
      </trkpt>
      <trkpt lat="56.28145" lon="12.5185">
        <ele>75.8</ele>
      </trkpt>
      <trkpt lat="56.28137" lon="12.51881">
        <ele>76.3</ele>
      </trkpt>
      <trkpt lat="56.28114" lon="12.51961">
        <ele>78.2</ele>
      </trkpt>
      <trkpt lat="56.28091" lon="12.52041">
        <ele>78.9</ele>
      </trkpt>
      <trkpt lat="56.28076" lon="12.52096">
        <ele>77.5</ele>
      </trkpt>
      <trkpt lat="56.28069" lon="12.52129">
        <ele>76.5</ele>
      </trkpt>
      <trkpt lat="56.28068" lon="12.52207">
        <ele>75.0</ele>
      </trkpt>
      <trkpt lat="56.28068" lon="12.52207">
        <ele>75.0</ele>
      </trkpt>
      <trkpt lat="56.28068" lon="12.52218">
        <ele>74.8</ele>
      </trkpt>
      <trkpt lat="56.28059" lon="12.52262">
        <ele>74.0</ele>
      </trkpt>
      <trkpt lat="56.28066" lon="12.52284">
        <ele>74.0</ele>
      </trkpt>
      <trkpt lat="56.2807" lon="12.52313">
        <ele>73.8</ele>
      </trkpt>
      <trkpt lat="56.28072" lon="12.52333">
        <ele>73.6</ele>
      </trkpt>
      <trkpt lat="56.28072" lon="12.52431">
        <ele>73.5</ele>
      </trkpt>
      <trkpt lat="56.28071" lon="12.52528">
        <ele>73.2</ele>
      </trkpt>
      <trkpt lat="56.2808" lon="12.52587">
        <ele>74.0</ele>
      </trkpt>
      <trkpt lat="56.28079" lon="12.52611">
        <ele>74.3</ele>
      </trkpt>
      <trkpt lat="56.28068" lon="12.52687">
        <ele>75.4</ele>
      </trkpt>
      <trkpt lat="56.2806" lon="12.52787">
        <ele>77.5</ele>
      </trkpt>
      <trkpt lat="56.28056" lon="12.52807">
        <ele>77.8</ele>
      </trkpt>
      <trkpt lat="56.28047" lon="12.52907">
        <ele>78.1</ele>
      </trkpt>
      <trkpt lat="56.28032" lon="12.5294">
        <ele>77.9</ele>
      </trkpt>
      <trkpt lat="56.2797" lon="12.53031">
        <ele>77.6</ele>
      </trkpt>
      <trkpt lat="56.27943" lon="12.53063">
        <ele>78.0</ele>
      </trkpt>
      <trkpt lat="56.27915" lon="12.53141">
        <ele>78.6</ele>
      </trkpt>
      <trkpt lat="56.27874" lon="12.53227">
        <ele>77.0</ele>
      </trkpt>
      <trkpt lat="56.27839" lon="12.53304">
        <ele>75.3</ele>
      </trkpt>
      <trkpt lat="56.27824" lon="12.53386">
        <ele>73.2</ele>
      </trkpt>
      <trkpt lat="56.27783" lon="12.53511">
        <ele>68.9</ele>
      </trkpt>
      <trkpt lat="56.27746" lon="12.53535">
        <ele>67.6</ele>
      </trkpt>
      <trkpt lat="56.27722" lon="12.53593">
        <ele>67.7</ele>
      </trkpt>
      <trkpt lat="56.27718" lon="12.53648">
        <ele>69.4</ele>
      </trkpt>
      <trkpt lat="56.2772" lon="12.53742">
        <ele>72.9</ele>
      </trkpt>
      <trkpt lat="56.2772" lon="12.53859">
        <ele>77.0</ele>
      </trkpt>
      <trkpt lat="56.27721" lon="12.53866">
        <ele>77.2</ele>
      </trkpt>
      <trkpt lat="56.277211" lon="12.538655">
        <ele>77.2</ele>
      </trkpt>
      <trkpt lat="56.277216" lon="12.538697">
        <ele>78.0</ele>
      </trkpt>
      <trkpt lat="56.277171" lon="12.540176">
        <ele>81.0</ele>
      </trkpt>
      <trkpt lat="56.277151" lon="12.540816">
        <ele>85.0</ele>
      </trkpt>
      <trkpt lat="56.277174" lon="12.541672">
        <ele>91.0</ele>
      </trkpt>
      <trkpt lat="56.277158" lon="12.543126">
        <ele>97.0</ele>
      </trkpt>
      <trkpt lat="56.277304" lon="12.543984">
        <ele>102.0</ele>
      </trkpt>
      <trkpt lat="56.277423" lon="12.545037">
        <ele>102.0</ele>
      </trkpt>
      <trkpt lat="56.277499" lon="12.545388">
        <ele>104.0</ele>
      </trkpt>
      <trkpt lat="56.277502" lon="12.545535">
        <ele>104.0</ele>
      </trkpt>
      <trkpt lat="56.277426" lon="12.547727">
        <ele>105.0</ele>
      </trkpt>
      <trkpt lat="56.277432" lon="12.547847">
        <ele>105.0</ele>
      </trkpt>
      <trkpt lat="56.27749" lon="12.548188">
        <ele>107.0</ele>
      </trkpt>
      <trkpt lat="56.277547" lon="12.548329">
        <ele>107.0</ele>
      </trkpt>
      <trkpt lat="56.27762" lon="12.548429">
        <ele>108.0</ele>
      </trkpt>
      <trkpt lat="56.27773" lon="12.548592">
        <ele>109.0</ele>
      </trkpt>
      <trkpt lat="56.277818" lon="12.54866">
        <ele>109.0</ele>
      </trkpt>
      <trkpt lat="56.277982" lon="12.548829">
        <ele>110.0</ele>
      </trkpt>
      <trkpt lat="56.277521" lon="12.550157">
        <ele>105.0</ele>
      </trkpt>
      <trkpt lat="56.277295" lon="12.550558">
        <ele>100.0</ele>
      </trkpt>
      <trkpt lat="56.277169" lon="12.551112">
        <ele>95.0</ele>
      </trkpt>
      <trkpt lat="56.277124" lon="12.55164">
        <ele>90.0</ele>
      </trkpt>
      <trkpt lat="56.277183" lon="12.552016">
        <ele>86.0</ele>
      </trkpt>
      <trkpt lat="56.277477" lon="12.552043">
        <ele>89.0</ele>
      </trkpt>
      <trkpt lat="56.277657" lon="12.552277">
        <ele>87.0</ele>
      </trkpt>
      <trkpt lat="56.277814" lon="12.552533">
        <ele>84.0</ele>
      </trkpt>
      <trkpt lat="56.277851" lon="12.552684">
        <ele>83.0</ele>
      </trkpt>
      <trkpt lat="56.277569" lon="12.553286">
        <ele>78.0</ele>
      </trkpt>
      <trkpt lat="56.277534" lon="12.553414">
        <ele>78.0</ele>
      </trkpt>
      <trkpt lat="56.277525" lon="12.553521">
        <ele>77.0</ele>
      </trkpt>
      <trkpt lat="56.277571" lon="12.554235">
        <ele>73.0</ele>
      </trkpt>
      <trkpt lat="56.277583" lon="12.554658">
        <ele>70.0</ele>
      </trkpt>
      <trkpt lat="56.277537" lon="12.556705">
        <ele>61.0</ele>
      </trkpt>
      <trkpt lat="56.277337" lon="12.557534">
        <ele>58.0</ele>
      </trkpt>
      <trkpt lat="56.276977" lon="12.559579">
        <ele>52.0</ele>
      </trkpt>
      <trkpt lat="56.276969" lon="12.559708">
        <ele>52.0</ele>
      </trkpt>
      <trkpt lat="56.276991" lon="12.559817">
        <ele>52.0</ele>
      </trkpt>
      <trkpt lat="56.277021" lon="12.559866">
        <ele>52.0</ele>
      </trkpt>
      <trkpt lat="56.277156" lon="12.559943">
        <ele>53.0</ele>
      </trkpt>
      <trkpt lat="56.277685" lon="12.560125">
        <ele>52.0</ele>
      </trkpt>
      <trkpt lat="56.277787" lon="12.560186">
        <ele>52.0</ele>
      </trkpt>
      <trkpt lat="56.277835" lon="12.560268">
        <ele>51.0</ele>
      </trkpt>
      <trkpt lat="56.277865" lon="12.560418">
        <ele>51.0</ele>
      </trkpt>
      <trkpt lat="56.277877" lon="12.560546">
        <ele>50.0</ele>
      </trkpt>
      <trkpt lat="56.277825" lon="12.561295">
        <ele>49.0</ele>
      </trkpt>
      <trkpt lat="56.278313" lon="12.561879">
        <ele>41.0</ele>
      </trkpt>
      <trkpt lat="56.278387" lon="12.561993">
        <ele>39.0</ele>
      </trkpt>
      <trkpt lat="56.278438" lon="12.562159">
        <ele>38.0</ele>
      </trkpt>
      <trkpt lat="56.278459" lon="12.562312">
        <ele>37.0</ele>
      </trkpt>
      <trkpt lat="56.278465" lon="12.562636">
        <ele>36.0</ele>
      </trkpt>
      <trkpt lat="56.278486" lon="12.562773">
        <ele>36.0</ele>
      </trkpt>
      <trkpt lat="56.278626" lon="12.563243">
        <ele>31.8</ele>
      </trkpt>
      <trkpt lat="56.27863" lon="12.56324">
        <ele>31.7</ele>
      </trkpt>
      <trkpt lat="56.27878" lon="12.56376">
        <ele>24.4</ele>
      </trkpt>
      <trkpt lat="56.27883" lon="12.56388">
        <ele>22.2</ele>
      </trkpt>
      <trkpt lat="56.27882" lon="12.56393">
        <ele>22.0</ele>
      </trkpt>
      <trkpt lat="56.27883" lon="12.56388">
        <ele>22.2</ele>
      </trkpt>
      <trkpt lat="56.27882" lon="12.56393">
        <ele>22.0</ele>
      </trkpt>
      <trkpt lat="56.27882" lon="12.56391">
        <ele>22.2</ele>
      </trkpt>
      <trkpt lat="56.27879" lon="12.56412">
        <ele>21.3</ele>
      </trkpt>
      <trkpt lat="56.27871" lon="12.56432">
        <ele>21.9</ele>
      </trkpt>
      <trkpt lat="56.278706" lon="12.564323">
        <ele>21.9</ele>
      </trkpt>
      <trkpt lat="56.27865" lon="12.56446">
        <ele>22.4</ele>
      </trkpt>
      <trkpt lat="56.27857" lon="12.56484">
        <ele>21.7</ele>
      </trkpt>
      <trkpt lat="56.27857" lon="12.56484">
        <ele>21.7</ele>
      </trkpt>
      <trkpt lat="56.27851" lon="12.56505">
        <ele>21.6</ele>
      </trkpt>
      <trkpt lat="56.27842" lon="12.56525">
        <ele>21.8</ele>
      </trkpt>
      <trkpt lat="56.27838" lon="12.56547">
        <ele>20.3</ele>
      </trkpt>
      <trkpt lat="56.27834" lon="12.56581">
        <ele>17.1</ele>
      </trkpt>
      <trkpt lat="56.278342" lon="12.565813">
        <ele>17.1</ele>
      </trkpt>
      <trkpt lat="56.278309" lon="12.566157">
        <ele>12.0</ele>
      </trkpt>
      <trkpt lat="56.2783" lon="12.566553">
        <ele>9.0</ele>
      </trkpt>
      <trkpt lat="56.278276" lon="12.566673">
        <ele>8.0</ele>
      </trkpt>
      <trkpt lat="56.277943" lon="12.567648">
        <ele>10.0</ele>
      </trkpt>
      <trkpt lat="56.277708" lon="12.568237">
        <ele>10.0</ele>
      </trkpt>
      <trkpt lat="56.277331" lon="12.568909">
        <ele>11.0</ele>
      </trkpt>
      <trkpt lat="56.277098" lon="12.569469">
        <ele>12.0</ele>
      </trkpt>
      <trkpt lat="56.276965" lon="12.569785">
        <ele>12.0</ele>
      </trkpt>
      <trkpt lat="56.276717" lon="12.570461">
        <ele>11.0</ele>
      </trkpt>
      <trkpt lat="56.276625" lon="12.570647">
        <ele>10.0</ele>
      </trkpt>
      <trkpt lat="56.276132" lon="12.571346">
        <ele>8.0</ele>
      </trkpt>
      <trkpt lat="56.276183" lon="12.571528">
        <ele>7.0</ele>
      </trkpt>
      <trkpt lat="56.276202" lon="12.571665">
        <ele>6.0</ele>
      </trkpt>
      <trkpt lat="56.27613" lon="12.571794">
        <ele>6.0</ele>
      </trkpt>
      <trkpt lat="56.275773" lon="12.572206">
        <ele>5.0</ele>
      </trkpt>
      <trkpt lat="56.275461" lon="12.572712">
        <ele>5.0</ele>
      </trkpt>
      <trkpt lat="56.275431" lon="12.572784">
        <ele>5.7</ele>
      </trkpt>
      <trkpt lat="56.27543" lon="12.57278">
        <ele>5.8</ele>
      </trkpt>
      <trkpt lat="56.27539" lon="12.57288">
        <ele>5.5</ele>
      </trkpt>
      <trkpt lat="56.27534" lon="12.57299">
        <ele>5.3</ele>
      </trkpt>
      <trkpt lat="56.27526" lon="12.57288">
        <ele>6.1</ele>
      </trkpt>
      <trkpt lat="56.2752" lon="12.57288">
        <ele>6.3</ele>
      </trkpt>
      <trkpt lat="56.27507" lon="12.57319">
        <ele>5.4</ele>
      </trkpt>
      <trkpt lat="56.27483" lon="12.5735">
        <ele>6.6</ele>
      </trkpt>
      <trkpt lat="56.27471" lon="12.5737">
        <ele>7.4</ele>
      </trkpt>
      <trkpt lat="56.27471" lon="12.5737">
        <ele>7.4</ele>
      </trkpt>
      <trkpt lat="56.27466" lon="12.57379">
        <ele>7.7</ele>
      </trkpt>
      <trkpt lat="56.2745" lon="12.57481">
        <ele>6.5</ele>
      </trkpt>
      <trkpt lat="56.274499" lon="12.574811">
        <ele>6.5</ele>
      </trkpt>
      <trkpt lat="56.27446" lon="12.57505">
        <ele>6.1</ele>
      </trkpt>
      <trkpt lat="56.27428" lon="12.57581">
        <ele>5.2</ele>
      </trkpt>
      <trkpt lat="56.27416" lon="12.57669">
        <ele>4.1</ele>
      </trkpt>
      <trkpt lat="56.27393" lon="12.57789">
        <ele>7.5</ele>
      </trkpt>
      <trkpt lat="56.27384" lon="12.57801">
        <ele>9.2</ele>
      </trkpt>
      <trkpt lat="56.27364" lon="12.57852">
        <ele>11.7</ele>
      </trkpt>
      <trkpt lat="56.27327" lon="12.57926">
        <ele>12.4</ele>
      </trkpt>
      <trkpt lat="56.27327" lon="12.579259">
        <ele>12.4</ele>
      </trkpt>
      <trkpt lat="56.27327" lon="12.57926">
        <ele>12.4</ele>
      </trkpt>
      <trkpt lat="56.27317" lon="12.57953">
        <ele>12.2</ele>
      </trkpt>
      <trkpt lat="56.27311" lon="12.58">
        <ele>10.1</ele>
      </trkpt>
      <trkpt lat="56.27298" lon="12.58063">
        <ele>11.0</ele>
      </trkpt>
      <trkpt lat="56.27294" lon="12.58159">
        <ele>8.5</ele>
      </trkpt>
      <trkpt lat="56.27284" lon="12.58191">
        <ele>8.5</ele>
      </trkpt>
      <trkpt lat="56.27279" lon="12.58215">
        <ele>8.1</ele>
      </trkpt>
      <trkpt lat="56.27279" lon="12.58215">
        <ele>8.1</ele>
      </trkpt>
      <trkpt lat="56.27276" lon="12.58231">
        <ele>7.7</ele>
      </trkpt>
      <trkpt lat="56.27279" lon="12.58247">
        <ele>6.7</ele>
      </trkpt>
      <trkpt lat="56.27275" lon="12.58263">
        <ele>6.5</ele>
      </trkpt>
      <trkpt lat="56.27264" lon="12.58274">
        <ele>7.1</ele>
      </trkpt>
      <trkpt lat="56.27248" lon="12.58285">
        <ele>8.2</ele>
      </trkpt>
      <trkpt lat="56.2724" lon="12.58302">
        <ele>8.6</ele>
      </trkpt>
      <trkpt lat="56.27224" lon="12.58344">
        <ele>9.2</ele>
      </trkpt>
      <trkpt lat="56.27226" lon="12.58372">
        <ele>8.3</ele>
      </trkpt>
      <trkpt lat="56.27227" lon="12.58446">
        <ele>6.5</ele>
      </trkpt>
      <trkpt lat="56.27222" lon="12.5847">
        <ele>6.5</ele>
      </trkpt>
      <trkpt lat="56.27208" lon="12.58527">
        <ele>7.7</ele>
      </trkpt>
      <trkpt lat="56.27204" lon="12.58554">
        <ele>8.4</ele>
      </trkpt>
      <trkpt lat="56.2718" lon="12.58666">
        <ele>13.9</ele>
      </trkpt>
      <trkpt lat="56.27178" lon="12.58708">
        <ele>14.2</ele>
      </trkpt>
      <trkpt lat="56.27179" lon="12.5874">
        <ele>14.1</ele>
      </trkpt>
      <trkpt lat="56.27175" lon="12.58771">
        <ele>14.7</ele>
      </trkpt>
      <trkpt lat="56.27174" lon="12.58801">
        <ele>14.9</ele>
      </trkpt>
      <trkpt lat="56.27178" lon="12.58814">
        <ele>14.2</ele>
      </trkpt>
      <trkpt lat="56.271775" lon="12.58814">
        <ele>14.3</ele>
      </trkpt>
      <trkpt lat="56.27178" lon="12.58814">
        <ele>14.2</ele>
      </trkpt>
      <trkpt lat="56.27185" lon="12.58853">
        <ele>13.1</ele>
      </trkpt>
      <trkpt lat="56.27186" lon="12.58893">
        <ele>13.0</ele>
      </trkpt>
      <trkpt lat="56.27189" lon="12.58922">
        <ele>12.5</ele>
      </trkpt>
      <trkpt lat="56.27188" lon="12.58964">
        <ele>12.8</ele>
      </trkpt>
      <trkpt lat="56.27184" lon="12.59017">
        <ele>13.2</ele>
      </trkpt>
      <trkpt lat="56.27181" lon="12.59081">
        <ele>12.3</ele>
      </trkpt>
      <trkpt lat="56.27171" lon="12.59122">
        <ele>12.6</ele>
      </trkpt>
      <trkpt lat="56.27171" lon="12.59122">
        <ele>12.6</ele>
      </trkpt>
      <trkpt lat="56.27169" lon="12.59129">
        <ele>12.7</ele>
      </trkpt>
      <trkpt lat="56.27169" lon="12.59146">
        <ele>12.3</ele>
      </trkpt>
      <trkpt lat="56.27162" lon="12.59164">
        <ele>12.4</ele>
      </trkpt>
      <trkpt lat="56.271565" lon="12.591889">
        <ele>11.7</ele>
      </trkpt>
      <trkpt lat="56.27156" lon="12.59189">
        <ele>11.7</ele>
      </trkpt>
      <trkpt lat="56.27153" lon="12.59205">
        <ele>11.1</ele>
      </trkpt>
      <trkpt lat="56.27146" lon="12.59212">
        <ele>11.3</ele>
      </trkpt>
      <trkpt lat="56.2711" lon="12.5924">
        <ele>12.6</ele>
      </trkpt>
      <trkpt lat="56.27083" lon="12.59253">
        <ele>13.9</ele>
      </trkpt>
      <trkpt lat="56.27069" lon="12.59276">
        <ele>13.9</ele>
      </trkpt>
      <trkpt lat="56.27058" lon="12.59315">
        <ele>12.8</ele>
      </trkpt>
      <trkpt lat="56.27046" lon="12.59337">
        <ele>12.9</ele>
      </trkpt>
      <trkpt lat="56.27037" lon="12.59345">
        <ele>13.5</ele>
      </trkpt>
      <trkpt lat="56.27025" lon="12.59353">
        <ele>14.4</ele>
      </trkpt>
      <trkpt lat="56.27018" lon="12.59362">
        <ele>14.8</ele>
      </trkpt>
      <trkpt lat="56.2701" lon="12.59375">
        <ele>15.0</ele>
      </trkpt>
      <trkpt lat="56.2701" lon="12.59375">
        <ele>15.0</ele>
      </trkpt>
      <trkpt lat="56.26996" lon="12.59398">
        <ele>15.4</ele>
      </trkpt>
      <trkpt lat="56.26984" lon="12.59425">
        <ele>15.4</ele>
      </trkpt>
      <trkpt lat="56.26958" lon="12.59442">
        <ele>17.5</ele>
      </trkpt>
      <trkpt lat="56.26955" lon="12.59452">
        <ele>17.3</ele>
      </trkpt>
      <trkpt lat="56.269551" lon="12.594518">
        <ele>17.3</ele>
      </trkpt>
      <trkpt lat="56.26955" lon="12.59452">
        <ele>17.3</ele>
      </trkpt>
      <trkpt lat="56.2694" lon="12.59499">
        <ele>16.3</ele>
      </trkpt>
      <trkpt lat="56.26919" lon="12.59553">
        <ele>16.2</ele>
      </trkpt>
      <trkpt lat="56.26902" lon="12.59577">
        <ele>16.7</ele>
      </trkpt>
      <trkpt lat="56.26896" lon="12.59589">
        <ele>16.6</ele>
      </trkpt>
      <trkpt lat="56.26885" lon="12.59602">
        <ele>16.9</ele>
      </trkpt>
      <trkpt lat="56.26865" lon="12.5964">
        <ele>16.6</ele>
      </trkpt>
      <trkpt lat="56.26837" lon="12.59692">
        <ele>16.4</ele>
      </trkpt>
      <trkpt lat="56.26828" lon="12.59705">
        <ele>16.6</ele>
      </trkpt>
      <trkpt lat="56.26817" lon="12.59721">
        <ele>16.6</ele>
      </trkpt>
      <trkpt lat="56.26795" lon="12.59732">
        <ele>17.7</ele>
      </trkpt>
      <trkpt lat="56.26748" lon="12.59849">
        <ele>14.8</ele>
      </trkpt>
      <trkpt lat="56.26748" lon="12.59849">
        <ele>14.8</ele>
      </trkpt>
      <trkpt lat="56.26717" lon="12.59923">
        <ele>15.9</ele>
      </trkpt>
      <trkpt lat="56.26696" lon="12.59984">
        <ele>15.2</ele>
      </trkpt>
      <trkpt lat="56.26698" lon="12.60039">
        <ele>12.8</ele>
      </trkpt>
      <trkpt lat="56.26704" lon="12.60077">
        <ele>11.0</ele>
      </trkpt>
      <trkpt lat="56.26701" lon="12.60088">
        <ele>10.7</ele>
      </trkpt>
      <trkpt lat="56.267014" lon="12.600883">
        <ele>10.7</ele>
      </trkpt>
      <trkpt lat="56.26701" lon="12.6009">
        <ele>10.6</ele>
      </trkpt>
      <trkpt lat="56.26679" lon="12.60144">
        <ele>8.8</ele>
      </trkpt>
      <trkpt lat="56.26677" lon="12.60169">
        <ele>7.6</ele>
      </trkpt>
      <trkpt lat="56.26641" lon="12.60197">
        <ele>9.5</ele>
      </trkpt>
      <trkpt lat="56.26634" lon="12.60191">
        <ele>10.3</ele>
      </trkpt>
      <trkpt lat="56.26626" lon="12.60213">
        <ele>10.2</ele>
      </trkpt>
      <trkpt lat="56.26613" lon="12.60236">
        <ele>10.4</ele>
      </trkpt>
      <trkpt lat="56.26614" lon="12.60259">
        <ele>9.4</ele>
      </trkpt>
      <trkpt lat="56.26619" lon="12.60285">
        <ele>7.9</ele>
      </trkpt>
      <trkpt lat="56.26625" lon="12.60371">
        <ele>4.8</ele>
      </trkpt>
      <trkpt lat="56.26622" lon="12.60385">
        <ele>4.7</ele>
      </trkpt>
      <trkpt lat="56.26613" lon="12.60414">
        <ele>4.6</ele>
      </trkpt>
      <trkpt lat="56.26606" lon="12.60444">
        <ele>4.3</ele>
      </trkpt>
      <trkpt lat="56.26601" lon="12.60512">
        <ele>3.0</ele>
      </trkpt>
      <trkpt lat="56.26595" lon="12.60551">
        <ele>2.9</ele>
      </trkpt>
      <trkpt lat="56.26577" lon="12.60591">
        <ele>3.5</ele>
      </trkpt>
      <trkpt lat="56.26557" lon="12.60651">
        <ele>3.7</ele>
      </trkpt>
      <trkpt lat="56.26533" lon="12.60703">
        <ele>4.7</ele>
      </trkpt>
      <trkpt lat="56.26517" lon="12.60753">
        <ele>4.9</ele>
      </trkpt>
      <trkpt lat="56.2651" lon="12.60774">
        <ele>4.9</ele>
      </trkpt>
      <trkpt lat="56.265101" lon="12.607749">
        <ele>4.8</ele>
      </trkpt>
      <trkpt lat="56.2651" lon="12.60774">
        <ele>4.9</ele>
      </trkpt>
      <trkpt lat="56.26483" lon="12.60837">
        <ele>5.5</ele>
      </trkpt>
      <trkpt lat="56.26468" lon="12.60902">
        <ele>5.4</ele>
      </trkpt>
      <trkpt lat="56.26458" lon="12.60931">
        <ele>5.7</ele>
      </trkpt>
      <trkpt lat="56.26458" lon="12.60931">
        <ele>5.7</ele>
      </trkpt>
      <trkpt lat="56.26446" lon="12.60952">
        <ele>6.3</ele>
      </trkpt>
      <trkpt lat="56.26434" lon="12.60966">
        <ele>7.2</ele>
      </trkpt>
      <trkpt lat="56.26422" lon="12.60997">
        <ele>7.6</ele>
      </trkpt>
      <trkpt lat="56.26383" lon="12.61121">
        <ele>10.2</ele>
      </trkpt>
      <trkpt lat="56.26375" lon="12.61134">
        <ele>10.8</ele>
      </trkpt>
      <trkpt lat="56.26372" lon="12.61136">
        <ele>11.0</ele>
      </trkpt>
      <trkpt lat="56.26374" lon="12.61149">
        <ele>10.5</ele>
      </trkpt>
      <trkpt lat="56.26374" lon="12.61159">
        <ele>10.3</ele>
      </trkpt>
      <trkpt lat="56.2637" lon="12.61173">
        <ele>10.3</ele>
      </trkpt>
      <trkpt lat="56.26383" lon="12.61194">
        <ele>8.6</ele>
      </trkpt>
      <trkpt lat="56.26384" lon="12.61204">
        <ele>8.2</ele>
      </trkpt>
      <trkpt lat="56.26383" lon="12.61216">
        <ele>8.0</ele>
      </trkpt>
      <trkpt lat="56.26372" lon="12.6126">
        <ele>8.0</ele>
      </trkpt>
      <trkpt lat="56.26372" lon="12.6126">
        <ele>8.0</ele>
      </trkpt>
      <trkpt lat="56.26372" lon="12.6126">
        <ele>8.0</ele>
      </trkpt>
      <trkpt lat="56.26355" lon="12.61327">
        <ele>7.4</ele>
      </trkpt>
      <trkpt lat="56.26339" lon="12.61346">
        <ele>8.4</ele>
      </trkpt>
      <trkpt lat="56.2634" lon="12.61366">
        <ele>8.0</ele>
      </trkpt>
      <trkpt lat="56.26334" lon="12.61395">
        <ele>8.2</ele>
      </trkpt>
      <trkpt lat="56.26309" lon="12.61492">
        <ele>10.8</ele>
      </trkpt>
      <trkpt lat="56.262836" lon="12.616096">
        <ele>13.3</ele>
      </trkpt>
      <trkpt lat="56.26284" lon="12.6161">
        <ele>13.2</ele>
      </trkpt>
      <trkpt lat="56.26279" lon="12.61631">
        <ele>13.6</ele>
      </trkpt>
      <trkpt lat="56.26263" lon="12.61651">
        <ele>16.0</ele>
      </trkpt>
      <trkpt lat="56.26258" lon="12.61672">
        <ele>16.4</ele>
      </trkpt>
      <trkpt lat="56.26258" lon="12.61672">
        <ele>16.4</ele>
      </trkpt>
      <trkpt lat="56.26255" lon="12.61678">
        <ele>16.7</ele>
      </trkpt>
      <trkpt lat="56.26242" lon="12.61679">
        <ele>19.3</ele>
      </trkpt>
      <trkpt lat="56.2624" lon="12.61677">
        <ele>19.8</ele>
      </trkpt>
      <trkpt lat="56.262414" lon="12.616744">
        <ele>19.6</ele>
      </trkpt>
      <trkpt lat="56.26241" lon="12.61674">
        <ele>19.7</ele>
      </trkpt>
      <trkpt lat="56.26241" lon="12.61674">
        <ele>19.7</ele>
      </trkpt>
      <trkpt lat="56.26231" lon="12.61664">
        <ele>22.1</ele>
      </trkpt>
      <trkpt lat="56.26224" lon="12.61671">
        <ele>23.5</ele>
      </trkpt>
      <trkpt lat="56.26217" lon="12.61675">
        <ele>24.9</ele>
      </trkpt>
      <trkpt lat="56.26177" lon="12.61658">
        <ele>33.6</ele>
      </trkpt>
      <trkpt lat="56.26166" lon="12.61663">
        <ele>35.9</ele>
      </trkpt>
      <trkpt lat="56.26161" lon="12.61685">
        <ele>35.9</ele>
      </trkpt>
      <trkpt lat="56.26151" lon="12.61713">
        <ele>35.9</ele>
      </trkpt>
      <trkpt lat="56.26138" lon="12.61732">
        <ele>36.2</ele>
      </trkpt>
      <trkpt lat="56.26125" lon="12.61739">
        <ele>36.6</ele>
      </trkpt>
      <trkpt lat="56.26097" lon="12.61761">
        <ele>37.6</ele>
      </trkpt>
      <trkpt lat="56.26078" lon="12.61788">
        <ele>38.7</ele>
      </trkpt>
      <trkpt lat="56.26095" lon="12.61844">
        <ele>38.1</ele>
      </trkpt>
      <trkpt lat="56.26096" lon="12.61894">
        <ele>37.5</ele>
      </trkpt>
      <trkpt lat="56.26096" lon="12.61894">
        <ele>37.5</ele>
      </trkpt>
      <trkpt lat="56.26096" lon="12.61917">
        <ele>37.3</ele>
      </trkpt>
      <trkpt lat="56.26146" lon="12.61951">
        <ele>28.9</ele>
      </trkpt>
      <trkpt lat="56.26148" lon="12.6201">
        <ele>25.3</ele>
      </trkpt>
      <trkpt lat="56.26136" lon="12.62064">
        <ele>25.0</ele>
      </trkpt>
      <trkpt lat="56.26138" lon="12.62092">
        <ele>23.0</ele>
      </trkpt>
      <trkpt lat="56.26139" lon="12.62102">
        <ele>22.1</ele>
      </trkpt>
      <trkpt lat="56.26127" lon="12.62147">
        <ele>22.2</ele>
      </trkpt>
      <trkpt lat="56.26124" lon="12.62229">
        <ele>20.3</ele>
      </trkpt>
      <trkpt lat="56.26099" lon="12.62291">
        <ele>24.7</ele>
      </trkpt>
      <trkpt lat="56.26068" lon="12.62304">
        <ele>29.6</ele>
      </trkpt>
      <trkpt lat="56.26057" lon="12.6232">
        <ele>30.2</ele>
      </trkpt>
      <trkpt lat="56.26075" lon="12.62372">
        <ele>28.0</ele>
      </trkpt>
      <trkpt lat="56.26133" lon="12.62475">
        <ele>15.8</ele>
      </trkpt>
      <trkpt lat="56.261332" lon="12.624754">
        <ele>15.8</ele>
      </trkpt>
      <trkpt lat="56.26133" lon="12.62475">
        <ele>15.8</ele>
      </trkpt>
      <trkpt lat="56.26144" lon="12.62493">
        <ele>13.6</ele>
      </trkpt>
      <trkpt lat="56.26123" lon="12.62603">
        <ele>14.7</ele>
      </trkpt>
      <trkpt lat="56.26123" lon="12.62603">
        <ele>14.7</ele>
      </trkpt>
      <trkpt lat="56.26074" lon="12.62728">
        <ele>17.5</ele>
      </trkpt>
      <trkpt lat="56.2604" lon="12.62778">
        <ele>20.2</ele>
      </trkpt>
      <trkpt lat="56.26048" lon="12.62828">
        <ele>16.4</ele>
      </trkpt>
      <trkpt lat="56.26047" lon="12.62935">
        <ele>13.3</ele>
      </trkpt>
      <trkpt lat="56.26019" lon="12.63053">
        <ele>13.6</ele>
      </trkpt>
      <trkpt lat="56.26012" lon="12.63106">
        <ele>12.9</ele>
      </trkpt>
      <trkpt lat="56.26015" lon="12.63196">
        <ele>9.3</ele>
      </trkpt>
      <trkpt lat="56.26003" lon="12.63215">
        <ele>9.4</ele>
      </trkpt>
      <trkpt lat="56.25994" lon="12.6321">
        <ele>10.5</ele>
      </trkpt>
      <trkpt lat="56.25977" lon="12.6321">
        <ele>12.1</ele>
      </trkpt>
      <trkpt lat="56.25967" lon="12.63218">
        <ele>12.8</ele>
      </trkpt>
      <trkpt lat="56.25957" lon="12.6323">
        <ele>13.4</ele>
      </trkpt>
      <trkpt lat="56.25948" lon="12.63247">
        <ele>13.7</ele>
      </trkpt>
      <trkpt lat="56.259481" lon="12.632467">
        <ele>13.7</ele>
      </trkpt>
      <trkpt lat="56.25948" lon="12.63247">
        <ele>13.7</ele>
      </trkpt>
      <trkpt lat="56.25942" lon="12.63257">
        <ele>14.0</ele>
      </trkpt>
      <trkpt lat="56.25907" lon="12.63343">
        <ele>14.1</ele>
      </trkpt>
      <trkpt lat="56.25878" lon="12.63395">
        <ele>14.0</ele>
      </trkpt>
      <trkpt lat="56.2586" lon="12.63439">
        <ele>14.1</ele>
      </trkpt>
      <trkpt lat="56.2586" lon="12.63439">
        <ele>14.1</ele>
      </trkpt>
      <trkpt lat="56.25852" lon="12.63458">
        <ele>14.2</ele>
      </trkpt>
      <trkpt lat="56.25838" lon="12.63506">
        <ele>14.1</ele>
      </trkpt>
      <trkpt lat="56.25835" lon="12.63537">
        <ele>12.6</ele>
      </trkpt>
      <trkpt lat="56.25826" lon="12.63609">
        <ele>9.2</ele>
      </trkpt>
      <trkpt lat="56.2583" lon="12.63641">
        <ele>6.9</ele>
      </trkpt>
      <trkpt lat="56.25828" lon="12.63672">
        <ele>5.6</ele>
      </trkpt>
      <trkpt lat="56.2583" lon="12.63691">
        <ele>5.1</ele>
      </trkpt>
      <trkpt lat="56.25822" lon="12.63706">
        <ele>5.9</ele>
      </trkpt>
      <trkpt lat="56.25791" lon="12.63775">
        <ele>7.8</ele>
      </trkpt>
      <trkpt lat="56.25776" lon="12.63819">
        <ele>8.0</ele>
      </trkpt>
      <trkpt lat="56.25774" lon="12.63896">
        <ele>7.7</ele>
      </trkpt>
      <trkpt lat="56.25783" lon="12.63923">
        <ele>6.9</ele>
      </trkpt>
      <trkpt lat="56.25789" lon="12.63953">
        <ele>6.5</ele>
      </trkpt>
      <trkpt lat="56.25787" lon="12.63981">
        <ele>6.9</ele>
      </trkpt>
      <trkpt lat="56.2578" lon="12.64007">
        <ele>7.8</ele>
      </trkpt>
      <trkpt lat="56.25761" lon="12.64018">
        <ele>10.0</ele>
      </trkpt>
      <trkpt lat="56.2574" lon="12.64049">
        <ele>12.9</ele>
      </trkpt>
      <trkpt lat="56.25732" lon="12.64073">
        <ele>14.3</ele>
      </trkpt>
      <trkpt lat="56.257313" lon="12.640726">
        <ele>14.3</ele>
      </trkpt>
      <trkpt lat="56.25732" lon="12.64073">
        <ele>14.3</ele>
      </trkpt>
      <trkpt lat="56.25729" lon="12.64081">
        <ele>14.7</ele>
      </trkpt>
      <trkpt lat="56.25723" lon="12.64197">
        <ele>17.3</ele>
      </trkpt>
      <trkpt lat="56.25723" lon="12.64197">
        <ele>17.3</ele>
      </trkpt>
      <trkpt lat="56.25718" lon="12.64301">
        <ele>16.6</ele>
      </trkpt>
      <trkpt lat="56.25711" lon="12.6445">
        <ele>15.5</ele>
      </trkpt>
      <trkpt lat="56.25702" lon="12.64496">
        <ele>16.1</ele>
      </trkpt>
      <trkpt lat="56.25686" lon="12.64585">
        <ele>15.9</ele>
      </trkpt>
      <trkpt lat="56.25669" lon="12.64674">
        <ele>15.4</ele>
      </trkpt>
      <trkpt lat="56.25651" lon="12.64736">
        <ele>15.9</ele>
      </trkpt>
      <trkpt lat="56.25635" lon="12.64826">
        <ele>16.2</ele>
      </trkpt>
      <trkpt lat="56.256217" lon="12.649014">
        <ele>17.0</ele>
      </trkpt>
      <trkpt lat="56.25621" lon="12.64901">
        <ele>17.1</ele>
      </trkpt>
      <trkpt lat="56.25619" lon="12.64917">
        <ele>17.1</ele>
      </trkpt>
      <trkpt lat="56.25604" lon="12.64963">
        <ele>18.4</ele>
      </trkpt>
      <trkpt lat="56.25597" lon="12.64969">
        <ele>19.5</ele>
      </trkpt>
      <trkpt lat="56.25588" lon="12.65076">
        <ele>16.6</ele>
      </trkpt>
      <trkpt lat="56.2558" lon="12.65181">
        <ele>12.9</ele>
      </trkpt>
      <trkpt lat="56.25569" lon="12.65261">
        <ele>11.4</ele>
      </trkpt>
      <trkpt lat="56.25563" lon="12.6528">
        <ele>11.4</ele>
      </trkpt>
      <trkpt lat="56.25563" lon="12.6528">
        <ele>11.4</ele>
      </trkpt>
      <trkpt lat="56.25554" lon="12.65309">
        <ele>11.5</ele>
      </trkpt>
      <trkpt lat="56.25525" lon="12.65368">
        <ele>14.3</ele>
      </trkpt>
      <trkpt lat="56.25504" lon="12.65394">
        <ele>16.9</ele>
      </trkpt>
      <trkpt lat="56.255042" lon="12.653942">
        <ele>16.9</ele>
      </trkpt>
      <trkpt lat="56.2549" lon="12.65412">
        <ele>17.9</ele>
      </trkpt>
      <trkpt lat="56.2549" lon="12.65412">
        <ele>17.9</ele>
      </trkpt>
      <trkpt lat="56.25489" lon="12.6545">
        <ele>16.8</ele>
      </trkpt>
      <trkpt lat="56.254886" lon="12.654504">
        <ele>16.9</ele>
      </trkpt>
      <trkpt lat="56.25489" lon="12.6545">
        <ele>16.8</ele>
      </trkpt>
      <trkpt lat="56.25489" lon="12.65479">
        <ele>15.9</ele>
      </trkpt>
      <trkpt lat="56.25472" lon="12.65564">
        <ele>14.7</ele>
      </trkpt>
      <trkpt lat="56.25444" lon="12.65655">
        <ele>14.5</ele>
      </trkpt>
      <trkpt lat="56.25434" lon="12.65672">
        <ele>14.9</ele>
      </trkpt>
      <trkpt lat="56.25434" lon="12.65672">
        <ele>14.9</ele>
      </trkpt>
      <trkpt lat="56.25385" lon="12.65752">
        <ele>14.0</ele>
      </trkpt>
      <trkpt lat="56.25378" lon="12.65769">
        <ele>13.6</ele>
      </trkpt>
      <trkpt lat="56.253943" lon="12.657885">
        <ele>11.9</ele>
      </trkpt>
      <trkpt lat="56.25395" lon="12.65788">
        <ele>11.8</ele>
      </trkpt>
      <trkpt lat="56.254" lon="12.65794">
        <ele>11.3</ele>
      </trkpt>
      <trkpt lat="56.25407" lon="12.65805">
        <ele>10.5</ele>
      </trkpt>
      <trkpt lat="56.25407" lon="12.65815">
        <ele>10.0</ele>
      </trkpt>
      <trkpt lat="56.25404" lon="12.65844">
        <ele>9.5</ele>
      </trkpt>
      <trkpt lat="56.25407" lon="12.65849">
        <ele>9.3</ele>
      </trkpt>
      <trkpt lat="56.25407" lon="12.65849">
        <ele>9.3</ele>
      </trkpt>
      <trkpt lat="56.25414" lon="12.65853">
        <ele>9.1</ele>
      </trkpt>
      <trkpt lat="56.25418" lon="12.65871">
        <ele>8.8</ele>
      </trkpt>
      <trkpt lat="56.25384" lon="12.65936">
        <ele>7.2</ele>
      </trkpt>
      <trkpt lat="56.25364" lon="12.65979">
        <ele>6.4</ele>
      </trkpt>
      <trkpt lat="56.25345" lon="12.65996">
        <ele>6.6</ele>
      </trkpt>
      <trkpt lat="56.25328" lon="12.66026">
        <ele>6.3</ele>
      </trkpt>
      <trkpt lat="56.25324" lon="12.66031">
        <ele>6.3</ele>
      </trkpt>
      <trkpt lat="56.253238" lon="12.660302">
        <ele>6.4</ele>
      </trkpt>
      <trkpt lat="56.2531" lon="12.66044">
        <ele>6.5</ele>
      </trkpt>
      <trkpt lat="56.25296" lon="12.66054">
        <ele>6.8</ele>
      </trkpt>
      <trkpt lat="56.25277" lon="12.66052">
        <ele>7.8</ele>
      </trkpt>
      <trkpt lat="56.25277" lon="12.66054">
        <ele>7.8</ele>
      </trkpt>
      <trkpt lat="56.25277" lon="12.66054">
        <ele>7.8</ele>
      </trkpt>
      <trkpt lat="56.252755" lon="12.660592">
        <ele>7.6</ele>
      </trkpt>
      <trkpt lat="56.25275" lon="12.66059">
        <ele>7.7</ele>
      </trkpt>
      <trkpt lat="56.25274" lon="12.6606">
        <ele>7.7</ele>
      </trkpt>
      <trkpt lat="56.2527" lon="12.66078">
        <ele>7.2</ele>
      </trkpt>
      <trkpt lat="56.25267" lon="12.66088">
        <ele>7.0</ele>
      </trkpt>
      <trkpt lat="56.25254" lon="12.66115">
        <ele>6.3</ele>
      </trkpt>
      <trkpt lat="56.25212" lon="12.66167">
        <ele>5.4</ele>
      </trkpt>
      <trkpt lat="56.25203" lon="12.66173">
        <ele>5.6</ele>
      </trkpt>
      <trkpt lat="56.25184" lon="12.66181">
        <ele>6.0</ele>
      </trkpt>
      <trkpt lat="56.25174" lon="12.66183">
        <ele>6.2</ele>
      </trkpt>
      <trkpt lat="56.25167" lon="12.66184">
        <ele>6.4</ele>
      </trkpt>
      <trkpt lat="56.25159" lon="12.66181">
        <ele>6.9</ele>
      </trkpt>
      <trkpt lat="56.25121" lon="12.66186">
        <ele>9.0</ele>
      </trkpt>
      <trkpt lat="56.25121" lon="12.66186">
        <ele>9.0</ele>
      </trkpt>
      <trkpt lat="56.25109" lon="12.66188">
        <ele>9.7</ele>
      </trkpt>
      <trkpt lat="56.2508" lon="12.66237">
        <ele>9.6</ele>
      </trkpt>
      <trkpt lat="56.250797" lon="12.662357">
        <ele>9.6</ele>
      </trkpt>
      <trkpt lat="56.25053" lon="12.66279">
        <ele>9.2</ele>
      </trkpt>
      <trkpt lat="56.25046" lon="12.66274">
        <ele>9.6</ele>
      </trkpt>
      <trkpt lat="56.25036" lon="12.66303">
        <ele>9.2</ele>
      </trkpt>
      <trkpt lat="56.25019" lon="12.66339">
        <ele>8.9</ele>
      </trkpt>
      <trkpt lat="56.25019" lon="12.66339">
        <ele>8.9</ele>
      </trkpt>
      <trkpt lat="56.25007" lon="12.66364">
        <ele>8.9</ele>
      </trkpt>
      <trkpt lat="56.24984" lon="12.66433">
        <ele>7.8</ele>
      </trkpt>
      <trkpt lat="56.24947" lon="12.66521">
        <ele>6.6</ele>
      </trkpt>
      <trkpt lat="56.249202" lon="12.665755">
        <ele>6.9</ele>
      </trkpt>
      <trkpt lat="56.24915" lon="12.665878">
        <ele>7.0</ele>
      </trkpt>
      <trkpt lat="56.249101" lon="12.666136">
        <ele>6.8</ele>
      </trkpt>
      <trkpt lat="56.24908" lon="12.66616">
        <ele>6.9</ele>
      </trkpt>
      <trkpt lat="56.24898" lon="12.66633">
        <ele>6.9</ele>
      </trkpt>
      <trkpt lat="56.24863" lon="12.66678">
        <ele>7.0</ele>
      </trkpt>
      <trkpt lat="56.248627" lon="12.666781">
        <ele>7.0</ele>
      </trkpt>
      <trkpt lat="56.24863" lon="12.66678">
        <ele>7.0</ele>
      </trkpt>
      <trkpt lat="56.24818" lon="12.66732">
        <ele>6.9</ele>
      </trkpt>
      <trkpt lat="56.24773" lon="12.66786">
        <ele>7.2</ele>
      </trkpt>
      <trkpt lat="56.24773" lon="12.66786">
        <ele>7.2</ele>
      </trkpt>
      <trkpt lat="56.24773" lon="12.66786">
        <ele>7.2</ele>
      </trkpt>
      <trkpt lat="56.24757" lon="12.66807">
        <ele>7.3</ele>
      </trkpt>
      <trkpt lat="56.24738" lon="12.66826">
        <ele>7.2</ele>
      </trkpt>
      <trkpt lat="56.2472" lon="12.66836">
        <ele>6.9</ele>
      </trkpt>
      <trkpt lat="56.24644" lon="12.66868">
        <ele>6.7</ele>
      </trkpt>
      <trkpt lat="56.24561" lon="12.66891">
        <ele>8.0</ele>
      </trkpt>
      <trkpt lat="56.24479" lon="12.66914">
        <ele>8.3</ele>
      </trkpt>
      <trkpt lat="56.24396" lon="12.66937">
        <ele>8.7</ele>
      </trkpt>
      <trkpt lat="56.243959" lon="12.669368">
        <ele>8.7</ele>
      </trkpt>
      <trkpt lat="56.24396" lon="12.66937">
        <ele>8.7</ele>
      </trkpt>
      <trkpt lat="56.24388" lon="12.66939">
        <ele>8.8</ele>
      </trkpt>
      <trkpt lat="56.24379" lon="12.66938">
        <ele>9.0</ele>
      </trkpt>
      <trkpt lat="56.24369" lon="12.66952">
        <ele>8.6</ele>
      </trkpt>
      <trkpt lat="56.24355" lon="12.66966">
        <ele>8.3</ele>
      </trkpt>
      <trkpt lat="56.24317" lon="12.66986">
        <ele>8.0</ele>
      </trkpt>
      <trkpt lat="56.24281" lon="12.67018">
        <ele>7.5</ele>
      </trkpt>
      <trkpt lat="56.24254" lon="12.67058">
        <ele>6.2</ele>
      </trkpt>
      <trkpt lat="56.24223" lon="12.67109">
        <ele>5.0</ele>
      </trkpt>
      <trkpt lat="56.24205" lon="12.67144">
        <ele>4.3</ele>
      </trkpt>
      <trkpt lat="56.24189" lon="12.67161">
        <ele>4.6</ele>
      </trkpt>
      <trkpt lat="56.24162" lon="12.67173">
        <ele>5.7</ele>
      </trkpt>
      <trkpt lat="56.24148" lon="12.67175">
        <ele>5.5</ele>
      </trkpt>
      <trkpt lat="56.24125" lon="12.67169">
        <ele>5.4</ele>
      </trkpt>
      <trkpt lat="56.24106" lon="12.67161">
        <ele>5.5</ele>
      </trkpt>
      <trkpt lat="56.2403" lon="12.67123">
        <ele>7.1</ele>
      </trkpt>
      <trkpt lat="56.2403" lon="12.67123">
        <ele>7.1</ele>
      </trkpt>
      <trkpt lat="56.23971" lon="12.67089">
        <ele>6.7</ele>
      </trkpt>
      <trkpt lat="56.23911" lon="12.67055">
        <ele>6.5</ele>
      </trkpt>
      <trkpt lat="56.23901" lon="12.67053">
        <ele>6.8</ele>
      </trkpt>
      <trkpt lat="56.23874" lon="12.67064">
        <ele>6.8</ele>
      </trkpt>
      <trkpt lat="56.238052" lon="12.671131">
        <ele>7.4</ele>
      </trkpt>
      <trkpt lat="56.23795" lon="12.671361">
        <ele>7.2</ele>
      </trkpt>
      <trkpt lat="56.237887" lon="12.671536">
        <ele>7.1</ele>
      </trkpt>
      <trkpt lat="56.23763" lon="12.67206">
        <ele>6.3</ele>
      </trkpt>
      <trkpt lat="56.23732" lon="12.67305">
        <ele>3.5</ele>
      </trkpt>
      <trkpt lat="56.23708" lon="12.67366">
        <ele>4.6</ele>
      </trkpt>
      <trkpt lat="56.23708" lon="12.67366">
        <ele>4.6</ele>
      </trkpt>
      <trkpt lat="56.237" lon="12.67386">
        <ele>5.2</ele>
      </trkpt>
      <trkpt lat="56.23698" lon="12.674">
        <ele>5.2</ele>
      </trkpt>
      <trkpt lat="56.23676" lon="12.67437">
        <ele>6.7</ele>
      </trkpt>
      <trkpt lat="56.23653" lon="12.674703">
        <ele>7.1</ele>
      </trkpt>
      <trkpt lat="56.23653" lon="12.6747">
        <ele>7.2</ele>
      </trkpt>
      <trkpt lat="56.23647" lon="12.67479">
        <ele>7.2</ele>
      </trkpt>
      <trkpt lat="56.23638" lon="12.67496">
        <ele>7.1</ele>
      </trkpt>
      <trkpt lat="56.23641" lon="12.67523">
        <ele>5.7</ele>
      </trkpt>
      <trkpt lat="56.23618" lon="12.67575">
        <ele>5.0</ele>
      </trkpt>
      <trkpt lat="56.23606" lon="12.67571">
        <ele>6.2</ele>
      </trkpt>
      <trkpt lat="56.23591" lon="12.67616">
        <ele>6.6</ele>
      </trkpt>
      <trkpt lat="56.23569" lon="12.67689">
        <ele>5.7</ele>
      </trkpt>
      <trkpt lat="56.23569" lon="12.67689">
        <ele>5.7</ele>
      </trkpt>
      <trkpt lat="56.2356" lon="12.6772">
        <ele>5.2</ele>
      </trkpt>
      <trkpt lat="56.235602" lon="12.677201">
        <ele>5.2</ele>
      </trkpt>
      <trkpt lat="56.2356" lon="12.6772">
        <ele>5.2</ele>
      </trkpt>
      <trkpt lat="56.23547" lon="12.67768">
        <ele>4.7</ele>
      </trkpt>
      <trkpt lat="56.23522" lon="12.67851">
        <ele>5.0</ele>
      </trkpt>
      <trkpt lat="56.23514" lon="12.67874">
        <ele>5.4</ele>
      </trkpt>
      <trkpt lat="56.23508" lon="12.67887">
        <ele>5.7</ele>
      </trkpt>
      <trkpt lat="56.235" lon="12.67899">
        <ele>6.2</ele>
      </trkpt>
      <trkpt lat="56.23492" lon="12.67907">
        <ele>6.3</ele>
      </trkpt>
      <trkpt lat="56.234914" lon="12.679091">
        <ele>6.3</ele>
      </trkpt>
      <trkpt lat="56.23491" lon="12.67909">
        <ele>6.3</ele>
      </trkpt>
      <trkpt lat="56.23488" lon="12.67921">
        <ele>6.2</ele>
      </trkpt>
      <trkpt lat="56.2349" lon="12.67939">
        <ele>6.0</ele>
      </trkpt>
      <trkpt lat="56.23477" lon="12.67981">
        <ele>5.8</ele>
      </trkpt>
      <trkpt lat="56.23458" lon="12.68046">
        <ele>4.6</ele>
      </trkpt>
      <trkpt lat="56.23458" lon="12.68046">
        <ele>4.6</ele>
      </trkpt>
      <trkpt lat="56.23457" lon="12.6805">
        <ele>4.5</ele>
      </trkpt>
      <trkpt lat="56.23442" lon="12.681">
        <ele>3.0</ele>
      </trkpt>
      <trkpt lat="56.234419" lon="12.680997">
        <ele>3.0</ele>
      </trkpt>
      <trkpt lat="56.2344" lon="12.68106">
        <ele>2.7</ele>
      </trkpt>
      <trkpt lat="56.23415" lon="12.68167">
        <ele>0.1</ele>
      </trkpt>
      <trkpt lat="56.23397" lon="12.68202">
        <ele>1.4</ele>
      </trkpt>
      <trkpt lat="56.23378" lon="12.68231">
        <ele>2.8</ele>
      </trkpt>
      <trkpt lat="56.23362" lon="12.6826">
        <ele>3.9</ele>
      </trkpt>
      <trkpt lat="56.23357" lon="12.68254">
        <ele>4.3</ele>
      </trkpt>
      <trkpt lat="56.23321" lon="12.6825">
        <ele>6.0</ele>
      </trkpt>
      <trkpt lat="56.233071" lon="12.682481">
        <ele>6.0</ele>
      </trkpt>
      <trkpt lat="56.232982" lon="12.682471">
        <ele>6.0</ele>
      </trkpt>
      <trkpt lat="56.232926" lon="12.68252">
        <ele>6.0</ele>
      </trkpt>
      <trkpt lat="56.23292" lon="12.68254">
        <ele>6.0</ele>
      </trkpt>
      <trkpt lat="56.23294" lon="12.68279">
        <ele>6.0</ele>
      </trkpt>
      <trkpt lat="56.23295" lon="12.68299">
        <ele>6.0</ele>
      </trkpt>
      <trkpt lat="56.23295" lon="12.68299">
        <ele>6.0</ele>
      </trkpt>
      <trkpt lat="56.23296" lon="12.68323">
        <ele>6.0</ele>
      </trkpt>
      <trkpt lat="56.23301" lon="12.68374">
        <ele>5.3</ele>
      </trkpt>
      <trkpt lat="56.2329" lon="12.68445">
        <ele>4.9</ele>
      </trkpt>
      <trkpt lat="56.23287" lon="12.68458">
        <ele>5.1</ele>
      </trkpt>
      <trkpt lat="56.23287" lon="12.68458">
        <ele>5.1</ele>
      </trkpt>
      <trkpt lat="56.23279" lon="12.68485">
        <ele>5.8</ele>
      </trkpt>
      <trkpt lat="56.23273" lon="12.68558">
        <ele>6.0</ele>
      </trkpt>
      <trkpt lat="56.2326" lon="12.68622">
        <ele>6.6</ele>
      </trkpt>
      <trkpt lat="56.23252" lon="12.68647">
        <ele>7.1</ele>
      </trkpt>
      <trkpt lat="56.23235" lon="12.68687">
        <ele>6.7</ele>
      </trkpt>
      <trkpt lat="56.23223" lon="12.68723">
        <ele>5.8</ele>
      </trkpt>
      <trkpt lat="56.23203" lon="12.68749">
        <ele>5.7</ele>
      </trkpt>
      <trkpt lat="56.23193" lon="12.68768">
        <ele>5.3</ele>
      </trkpt>
      <trkpt lat="56.23183" lon="12.68785">
        <ele>5.1</ele>
      </trkpt>
      <trkpt lat="56.23164" lon="12.68799">
        <ele>5.3</ele>
      </trkpt>
      <trkpt lat="56.2316" lon="12.68808">
        <ele>5.0</ele>
      </trkpt>
      <trkpt lat="56.23158" lon="12.68808">
        <ele>5.1</ele>
      </trkpt>
      <trkpt lat="56.231578" lon="12.688077">
        <ele>5.1</ele>
      </trkpt>
      <trkpt lat="56.23151" lon="12.68804">
        <ele>5.3</ele>
      </trkpt>
      <trkpt lat="56.23085" lon="12.68791">
        <ele>6.5</ele>
      </trkpt>
      <trkpt lat="56.23019" lon="12.68778">
        <ele>5.9</ele>
      </trkpt>
      <trkpt lat="56.230187" lon="12.687779">
        <ele>5.9</ele>
      </trkpt>
      <trkpt lat="56.23019" lon="12.68778">
        <ele>5.9</ele>
      </trkpt>
      <trkpt lat="56.23001" lon="12.68775">
        <ele>5.7</ele>
      </trkpt>
      <trkpt lat="56.22986" lon="12.68787">
        <ele>5.1</ele>
      </trkpt>
      <trkpt lat="56.22986" lon="12.68787">
        <ele>5.1</ele>
      </trkpt>
      <trkpt lat="56.22962" lon="12.68806">
        <ele>4.3</ele>
      </trkpt>
      <trkpt lat="56.229625" lon="12.688066">
        <ele>4.3</ele>
      </trkpt>
      <trkpt lat="56.22962" lon="12.68806">
        <ele>4.3</ele>
      </trkpt>
      <trkpt lat="56.22884" lon="12.68871">
        <ele>2.8</ele>
      </trkpt>
      <trkpt lat="56.22836" lon="12.68881">
        <ele>2.4</ele>
      </trkpt>
      <trkpt lat="56.22789" lon="12.68891">
        <ele>2.7</ele>
      </trkpt>
      <trkpt lat="56.22718" lon="12.68934">
        <ele>2.4</ele>
      </trkpt>
      <trkpt lat="56.22662" lon="12.68927">
        <ele>1.9</ele>
      </trkpt>
      <trkpt lat="56.2261" lon="12.68944">
        <ele>2.4</ele>
      </trkpt>
      <trkpt lat="56.2261" lon="12.68944">
        <ele>2.4</ele>
      </trkpt>
      <trkpt lat="56.22549" lon="12.68963">
        <ele>2.4</ele>
      </trkpt>
      <trkpt lat="56.22499" lon="12.68986">
        <ele>2.2</ele>
      </trkpt>
      <trkpt lat="56.22449" lon="12.6901">
        <ele>2.0</ele>
      </trkpt>
      <trkpt lat="56.22371" lon="12.69013">
        <ele>1.5</ele>
      </trkpt>
      <trkpt lat="56.22392" lon="12.68857">
        <ele>1.7</ele>
      </trkpt>
      <trkpt lat="56.22375" lon="12.68848">
        <ele>1.5</ele>
      </trkpt>
      <trkpt lat="56.223754" lon="12.68848">
        <ele>1.5</ele>
      </trkpt>
      <trkpt lat="56.22375" lon="12.68848">
        <ele>1.5</ele>
      </trkpt>
      <trkpt lat="56.2233" lon="12.68823">
        <ele>1.2</ele>
      </trkpt>
      <trkpt lat="56.22311" lon="12.68758">
        <ele>1.7</ele>
      </trkpt>
      <trkpt lat="56.22311" lon="12.68758">
        <ele>1.7</ele>
      </trkpt>
      <trkpt lat="56.22294" lon="12.68728">
        <ele>1.5</ele>
      </trkpt>
      <trkpt lat="56.22256" lon="12.68756">
        <ele>1.1</ele>
      </trkpt>
      <trkpt lat="56.2224" lon="12.68701">
        <ele>1.0</ele>
      </trkpt>
      <trkpt lat="56.22178" lon="12.68585">
        <ele>1.0</ele>
      </trkpt>
      <trkpt lat="56.22168" lon="12.68515">
        <ele>1.0</ele>
      </trkpt>
      <trkpt lat="56.22165" lon="12.68449">
        <ele>1.0</ele>
      </trkpt>
      <trkpt lat="56.22163" lon="12.68368">
        <ele>1.0</ele>
      </trkpt>
      <trkpt lat="56.22157" lon="12.68321">
        <ele>1.1</ele>
      </trkpt>
      <trkpt lat="56.22132" lon="12.68256">
        <ele>1.0</ele>
      </trkpt>
      <trkpt lat="56.22106" lon="12.68177">
        <ele>1.0</ele>
      </trkpt>
      <trkpt lat="56.22064" lon="12.68319">
        <ele>2.1</ele>
      </trkpt>
      <trkpt lat="56.220366" lon="12.684096">
        <ele>2.6</ele>
      </trkpt>
      <trkpt lat="56.22037" lon="12.6841">
        <ele>2.6</ele>
      </trkpt>
      <trkpt lat="56.22003" lon="12.68521">
        <ele>2.0</ele>
      </trkpt>
      <trkpt lat="56.2197" lon="12.68633">
        <ele>2.0</ele>
      </trkpt>
      <trkpt lat="56.21936" lon="12.68744">
        <ele>2.0</ele>
      </trkpt>
      <trkpt lat="56.21901" lon="12.6889">
        <ele>1.8</ele>
      </trkpt>
      <trkpt lat="56.2191" lon="12.68916">
        <ele>1.9</ele>
      </trkpt>
      <trkpt lat="56.21872" lon="12.69033">
        <ele>2.2</ele>
      </trkpt>
      <trkpt lat="56.21835" lon="12.69151">
        <ele>2.8</ele>
      </trkpt>
      <trkpt lat="56.21825" lon="12.69179">
        <ele>2.9</ele>
      </trkpt>
      <trkpt lat="56.21783" lon="12.69257">
        <ele>2.3</ele>
      </trkpt>
      <trkpt lat="56.21741" lon="12.69336">
        <ele>1.7</ele>
      </trkpt>
      <trkpt lat="56.21751" lon="12.69349">
        <ele>1.5</ele>
      </trkpt>
      <trkpt lat="56.21757" lon="12.69357">
        <ele>1.5</ele>
      </trkpt>
      <trkpt lat="56.21753" lon="12.69449">
        <ele>1.0</ele>
      </trkpt>
      <trkpt lat="56.21742" lon="12.69469">
        <ele>1.2</ele>
      </trkpt>
      <trkpt lat="56.21738" lon="12.69573">
        <ele>2.0</ele>
      </trkpt>
      <trkpt lat="56.21742" lon="12.6967">
        <ele>3.0</ele>
      </trkpt>
      <trkpt lat="56.21739" lon="12.69702">
        <ele>3.0</ele>
      </trkpt>
      <trkpt lat="56.21698" lon="12.6977">
        <ele>3.1</ele>
      </trkpt>
      <trkpt lat="56.21646" lon="12.69842">
        <ele>3.7</ele>
      </trkpt>
      <trkpt lat="56.21593" lon="12.69914">
        <ele>3.0</ele>
      </trkpt>
      <trkpt lat="56.21541" lon="12.69986">
        <ele>4.3</ele>
      </trkpt>
      <trkpt lat="56.2152" lon="12.70023">
        <ele>5.3</ele>
      </trkpt>
      <trkpt lat="56.21534" lon="12.70052">
        <ele>5.8</ele>
      </trkpt>
      <trkpt lat="56.21511" lon="12.70089">
        <ele>7.0</ele>
      </trkpt>
      <trkpt lat="56.21493" lon="12.70055">
        <ele>6.5</ele>
      </trkpt>
      <trkpt lat="56.21464" lon="12.70097">
        <ele>8.2</ele>
      </trkpt>
      <trkpt lat="56.2148" lon="12.70123">
        <ele>8.4</ele>
      </trkpt>
      <trkpt lat="56.21534" lon="12.70186">
        <ele>9.0</ele>
      </trkpt>
      <trkpt lat="56.21588" lon="12.7025">
        <ele>8.7</ele>
      </trkpt>
      <trkpt lat="56.21621" lon="12.70295">
        <ele>7.6</ele>
      </trkpt>
      <trkpt lat="56.21657" lon="12.70353">
        <ele>6.6</ele>
      </trkpt>
      <trkpt lat="56.21623" lon="12.70367">
        <ele>9.3</ele>
      </trkpt>
      <trkpt lat="56.21661" lon="12.70425">
        <ele>9.7</ele>
      </trkpt>
      <trkpt lat="56.21696" lon="12.70518">
        <ele>10.6</ele>
      </trkpt>
      <trkpt lat="56.21735" lon="12.70613">
        <ele>8.4</ele>
      </trkpt>
      <trkpt lat="56.21773" lon="12.70708">
        <ele>6.8</ele>
      </trkpt>
      <trkpt lat="56.21773" lon="12.70708">
        <ele>6.8</ele>
      </trkpt>
      <trkpt lat="56.21808" lon="12.70808">
        <ele>5.9</ele>
      </trkpt>
      <trkpt lat="56.21856" lon="12.70924">
        <ele>6.2</ele>
      </trkpt>
      <trkpt lat="56.21912" lon="12.70853">
        <ele>7.7</ele>
      </trkpt>
      <trkpt lat="56.2192" lon="12.70864">
        <ele>7.8</ele>
      </trkpt>
      <trkpt lat="56.21951" lon="12.70945">
        <ele>9.0</ele>
      </trkpt>
      <trkpt lat="56.21982" lon="12.71026">
        <ele>10.8</ele>
      </trkpt>
      <trkpt lat="56.219823" lon="12.710259">
        <ele>10.8</ele>
      </trkpt>
      <trkpt lat="56.21995" lon="12.71059">
        <ele>10.6</ele>
      </trkpt>
      <trkpt lat="56.22015" lon="12.71106">
        <ele>9.2</ele>
      </trkpt>
      <trkpt lat="56.22058" lon="12.71175">
        <ele>7.0</ele>
      </trkpt>
      <trkpt lat="56.22086" lon="12.71239">
        <ele>6.9</ele>
      </trkpt>
      <trkpt lat="56.22095" lon="12.71224">
        <ele>6.7</ele>
      </trkpt>
      <trkpt lat="56.220952" lon="12.712243">
        <ele>6.7</ele>
      </trkpt>
      <trkpt lat="56.22095" lon="12.71224">
        <ele>6.7</ele>
      </trkpt>
      <trkpt lat="56.22147" lon="12.71145">
        <ele>5.7</ele>
      </trkpt>
      <trkpt lat="56.22147" lon="12.71145">
        <ele>5.7</ele>
      </trkpt>
      <trkpt lat="56.22197" lon="12.71072">
        <ele>4.2</ele>
      </trkpt>
      <trkpt lat="56.22215" lon="12.71052">
        <ele>3.6</ele>
      </trkpt>
      <trkpt lat="56.22223" lon="12.71047">
        <ele>3.4</ele>
      </trkpt>
      <trkpt lat="56.22235" lon="12.71047">
        <ele>3.0</ele>
      </trkpt>
      <trkpt lat="56.2225" lon="12.71054">
        <ele>2.6</ele>
      </trkpt>
      <trkpt lat="56.22261" lon="12.71067">
        <ele>2.4</ele>
      </trkpt>
      <trkpt lat="56.22274" lon="12.71087">
        <ele>2.2</ele>
      </trkpt>
      <trkpt lat="56.22289" lon="12.71118">
        <ele>1.8</ele>
      </trkpt>
      <trkpt lat="56.22334" lon="12.7124">
        <ele>1.7</ele>
      </trkpt>
      <trkpt lat="56.2238" lon="12.71363">
        <ele>1.8</ele>
      </trkpt>
      <trkpt lat="56.22425" lon="12.71486">
        <ele>2.2</ele>
      </trkpt>
      <trkpt lat="56.224251" lon="12.714857">
        <ele>2.2</ele>
      </trkpt>
      <trkpt lat="56.22425" lon="12.71486">
        <ele>2.2</ele>
      </trkpt>
      <trkpt lat="56.22458" lon="12.71576">
        <ele>2.4</ele>
      </trkpt>
      <trkpt lat="56.22458" lon="12.71576">
        <ele>2.4</ele>
      </trkpt>
      <trkpt lat="56.22462" lon="12.71586">
        <ele>2.4</ele>
      </trkpt>
      <trkpt lat="56.22496" lon="12.7166">
        <ele>3.0</ele>
      </trkpt>
      <trkpt lat="56.2253" lon="12.71734">
        <ele>2.7</ele>
      </trkpt>
      <trkpt lat="56.22544" lon="12.71763">
        <ele>2.7</ele>
      </trkpt>
      <trkpt lat="56.22567" lon="12.71799">
        <ele>2.8</ele>
      </trkpt>
      <trkpt lat="56.22585" lon="12.71835">
        <ele>3.0</ele>
      </trkpt>
      <trkpt lat="56.22595" lon="12.71842">
        <ele>2.8</ele>
      </trkpt>
      <trkpt lat="56.22613" lon="12.71845">
        <ele>2.5</ele>
      </trkpt>
      <trkpt lat="56.22663" lon="12.71908">
        <ele>2.8</ele>
      </trkpt>
      <trkpt lat="56.22712" lon="12.71955">
        <ele>2.0</ele>
      </trkpt>
      <trkpt lat="56.22725" lon="12.71971">
        <ele>1.7</ele>
      </trkpt>
      <trkpt lat="56.22735" lon="12.71993">
        <ele>1.6</ele>
      </trkpt>
      <trkpt lat="56.22757" lon="12.72026">
        <ele>1.2</ele>
      </trkpt>
      <trkpt lat="56.22795" lon="12.72043">
        <ele>1.0</ele>
      </trkpt>
      <trkpt lat="56.22826" lon="12.72075">
        <ele>1.0</ele>
      </trkpt>
      <trkpt lat="56.22854" lon="12.72098">
        <ele>1.2</ele>
      </trkpt>
      <trkpt lat="56.22917" lon="12.72136">
        <ele>2.3</ele>
      </trkpt>
      <trkpt lat="56.22934" lon="12.72128">
        <ele>2.1</ele>
      </trkpt>
      <trkpt lat="56.22971" lon="12.72123">
        <ele>2.0</ele>
      </trkpt>
      <trkpt lat="56.22996" lon="12.72124">
        <ele>2.0</ele>
      </trkpt>
      <trkpt lat="56.23005" lon="12.72122">
        <ele>1.9</ele>
      </trkpt>
      <trkpt lat="56.23043" lon="12.72137">
        <ele>2.0</ele>
      </trkpt>
      <trkpt lat="56.23067" lon="12.72142">
        <ele>1.8</ele>
      </trkpt>
      <trkpt lat="56.2311" lon="12.72137">
        <ele>1.6</ele>
      </trkpt>
      <trkpt lat="56.231099" lon="12.721389">
        <ele>1.7</ele>
      </trkpt>
      <trkpt lat="56.2311" lon="12.72137">
        <ele>1.6</ele>
      </trkpt>
      <trkpt lat="56.23147" lon="12.72133">
        <ele>1.6</ele>
      </trkpt>
      <trkpt lat="56.23157" lon="12.7215">
        <ele>1.8</ele>
      </trkpt>
      <trkpt lat="56.23163" lon="12.72166">
        <ele>2.0</ele>
      </trkpt>
      <trkpt lat="56.23163" lon="12.72166">
        <ele>2.0</ele>
      </trkpt>
      <trkpt lat="56.23172" lon="12.72187">
        <ele>1.8</ele>
      </trkpt>
      <trkpt lat="56.23172" lon="12.72218">
        <ele>1.8</ele>
      </trkpt>
      <trkpt lat="56.23145" lon="12.72293">
        <ele>2.8</ele>
      </trkpt>
      <trkpt lat="56.23132" lon="12.72328">
        <ele>3.4</ele>
      </trkpt>
      <trkpt lat="56.23128" lon="12.72333">
        <ele>3.5</ele>
      </trkpt>
      <trkpt lat="56.23111" lon="12.72378">
        <ele>3.7</ele>
      </trkpt>
      <trkpt lat="56.23086" lon="12.72422">
        <ele>3.9</ele>
      </trkpt>
      <trkpt lat="56.23067" lon="12.72438">
        <ele>4.0</ele>
      </trkpt>
      <trkpt lat="56.23048" lon="12.72462">
        <ele>4.1</ele>
      </trkpt>
      <trkpt lat="56.23036" lon="12.72487">
        <ele>4.2</ele>
      </trkpt>
      <trkpt lat="56.23023" lon="12.72504">
        <ele>4.4</ele>
      </trkpt>
      <trkpt lat="56.23008" lon="12.72513">
        <ele>4.8</ele>
      </trkpt>
      <trkpt lat="56.22998" lon="12.72537">
        <ele>5.0</ele>
      </trkpt>
      <trkpt lat="56.22972" lon="12.7261">
        <ele>5.4</ele>
      </trkpt>
      <trkpt lat="56.22987" lon="12.72651">
        <ele>4.5</ele>
      </trkpt>
      <trkpt lat="56.229882" lon="12.726504">
        <ele>4.5</ele>
      </trkpt>
      <trkpt lat="56.22987" lon="12.72651">
        <ele>4.5</ele>
      </trkpt>
      <trkpt lat="56.23005" lon="12.72697">
        <ele>4.0</ele>
      </trkpt>
      <trkpt lat="56.23037" lon="12.7276">
        <ele>4.1</ele>
      </trkpt>
      <trkpt lat="56.23045" lon="12.7275">
        <ele>4.0</ele>
      </trkpt>
      <trkpt lat="56.23055" lon="12.72753">
        <ele>4.0</ele>
      </trkpt>
      <trkpt lat="56.23068" lon="12.72765">
        <ele>4.1</ele>
      </trkpt>
      <trkpt lat="56.23068" lon="12.72765">
        <ele>4.1</ele>
      </trkpt>
      <trkpt lat="56.23075" lon="12.72769">
        <ele>4.2</ele>
      </trkpt>
      <trkpt lat="56.23106" lon="12.72778">
        <ele>3.6</ele>
      </trkpt>
      <trkpt lat="56.23131" lon="12.72789">
        <ele>2.8</ele>
      </trkpt>
      <trkpt lat="56.23142" lon="12.72797">
        <ele>2.4</ele>
      </trkpt>
      <trkpt lat="56.23146" lon="12.72813">
        <ele>2.1</ele>
      </trkpt>
      <trkpt lat="56.23145" lon="12.72837">
        <ele>2.0</ele>
      </trkpt>
      <trkpt lat="56.23125" lon="12.72925">
        <ele>1.9</ele>
      </trkpt>
      <trkpt lat="56.23106" lon="12.73004">
        <ele>2.1</ele>
      </trkpt>
      <trkpt lat="56.23087" lon="12.73082">
        <ele>1.9</ele>
      </trkpt>
      <trkpt lat="56.23071" lon="12.73163">
        <ele>1.0</ele>
      </trkpt>
      <trkpt lat="56.23058" lon="12.73205">
        <ele>1.0</ele>
      </trkpt>
      <trkpt lat="56.2302" lon="12.73297">
        <ele>1.3</ele>
      </trkpt>
      <trkpt lat="56.23003" lon="12.73329">
        <ele>1.9</ele>
      </trkpt>
      <trkpt lat="56.22985" lon="12.73395">
        <ele>2.0</ele>
      </trkpt>
      <trkpt lat="56.229839" lon="12.733939">
        <ele>2.0</ele>
      </trkpt>
      <trkpt lat="56.22985" lon="12.73395">
        <ele>2.0</ele>
      </trkpt>
      <trkpt lat="56.22973" lon="12.73442">
        <ele>1.9</ele>
      </trkpt>
      <trkpt lat="56.22956" lon="12.73489">
        <ele>2.0</ele>
      </trkpt>
      <trkpt lat="56.22951" lon="12.73496">
        <ele>2.2</ele>
      </trkpt>
      <trkpt lat="56.22949" lon="12.73496">
        <ele>2.2</ele>
      </trkpt>
      <trkpt lat="56.22949" lon="12.73496">
        <ele>2.2</ele>
      </trkpt>
      <trkpt lat="56.22922" lon="12.73509">
        <ele>2.9</ele>
      </trkpt>
      <trkpt lat="56.22911" lon="12.73544">
        <ele>3.1</ele>
      </trkpt>
      <trkpt lat="56.22887" lon="12.73605">
        <ele>3.2</ele>
      </trkpt>
      <trkpt lat="56.22864" lon="12.73655">
        <ele>3.3</ele>
      </trkpt>
      <trkpt lat="56.2285" lon="12.73675">
        <ele>3.4</ele>
      </trkpt>
      <trkpt lat="56.22833" lon="12.73703">
        <ele>3.1</ele>
      </trkpt>
      <trkpt lat="56.22799" lon="12.73734">
        <ele>3.2</ele>
      </trkpt>
      <trkpt lat="56.227988" lon="12.737357">
        <ele>4.0</ele>
      </trkpt>
      <trkpt lat="56.227934" lon="12.737384">
        <ele>3.2</ele>
      </trkpt>
      <trkpt lat="56.22793" lon="12.73738">
        <ele>3.3</ele>
      </trkpt>
      <trkpt lat="56.22759" lon="12.73761">
        <ele>3.5</ele>
      </trkpt>
      <trkpt lat="56.2273" lon="12.73818">
        <ele>3.4</ele>
      </trkpt>
      <trkpt lat="56.22713" lon="12.73888">
        <ele>3.3</ele>
      </trkpt>
      <trkpt lat="56.22713" lon="12.73888">
        <ele>3.3</ele>
      </trkpt>
      <trkpt lat="56.22703" lon="12.73918">
        <ele>3.2</ele>
      </trkpt>
      <trkpt lat="56.22684" lon="12.73951">
        <ele>3.1</ele>
      </trkpt>
      <trkpt lat="56.22657" lon="12.7398">
        <ele>3.2</ele>
      </trkpt>
      <trkpt lat="56.2263" lon="12.7403">
        <ele>3.2</ele>
      </trkpt>
      <trkpt lat="56.22609" lon="12.74064">
        <ele>3.5</ele>
      </trkpt>
      <trkpt lat="56.22572" lon="12.74116">
        <ele>3.2</ele>
      </trkpt>
      <trkpt lat="56.22556" lon="12.74163">
        <ele>2.1</ele>
      </trkpt>
      <trkpt lat="56.22548" lon="12.74207">
        <ele>2.1</ele>
      </trkpt>
      <trkpt lat="56.22536" lon="12.74251">
        <ele>2.1</ele>
      </trkpt>
      <trkpt lat="56.2253" lon="12.74289">
        <ele>1.7</ele>
      </trkpt>
      <trkpt lat="56.2252" lon="12.74329">
        <ele>1.1</ele>
      </trkpt>
      <trkpt lat="56.22508" lon="12.74361">
        <ele>1.0</ele>
      </trkpt>
      <trkpt lat="56.22505" lon="12.74376">
        <ele>1.0</ele>
      </trkpt>
      <trkpt lat="56.225037" lon="12.74375">
        <ele>1.0</ele>
      </trkpt>
      <trkpt lat="56.22505" lon="12.74376">
        <ele>1.0</ele>
      </trkpt>
      <trkpt lat="56.22497" lon="12.74407">
        <ele>1.1</ele>
      </trkpt>
      <trkpt lat="56.2249" lon="12.74457">
        <ele>1.4</ele>
      </trkpt>
      <trkpt lat="56.22482" lon="12.74532">
        <ele>1.6</ele>
      </trkpt>
      <trkpt lat="56.22482" lon="12.74573">
        <ele>1.6</ele>
      </trkpt>
      <trkpt lat="56.22491" lon="12.74628">
        <ele>1.7</ele>
      </trkpt>
      <trkpt lat="56.22491" lon="12.74628">
        <ele>1.7</ele>
      </trkpt>
      <trkpt lat="56.22509" lon="12.74676">
        <ele>2.0</ele>
      </trkpt>
      <trkpt lat="56.22528" lon="12.74742">
        <ele>2.0</ele>
      </trkpt>
      <trkpt lat="56.22528" lon="12.74774">
        <ele>2.3</ele>
      </trkpt>
      <trkpt lat="56.2253" lon="12.74803">
        <ele>2.6</ele>
      </trkpt>
      <trkpt lat="56.22543" lon="12.74865">
        <ele>3.0</ele>
      </trkpt>
      <trkpt lat="56.22556" lon="12.74947">
        <ele>3.0</ele>
      </trkpt>
      <trkpt lat="56.2256" lon="12.75008">
        <ele>3.0</ele>
      </trkpt>
      <trkpt lat="56.22559" lon="12.75102">
        <ele>2.9</ele>
      </trkpt>
      <trkpt lat="56.225592" lon="12.751024">
        <ele>2.9</ele>
      </trkpt>
      <trkpt lat="56.22559" lon="12.75102">
        <ele>2.9</ele>
      </trkpt>
      <trkpt lat="56.22566" lon="12.75134">
        <ele>2.9</ele>
      </trkpt>
      <trkpt lat="56.22571" lon="12.75149">
        <ele>2.9</ele>
      </trkpt>
      <trkpt lat="56.22571" lon="12.75149">
        <ele>2.9</ele>
      </trkpt>
      <trkpt lat="56.22581" lon="12.75173">
        <ele>3.0</ele>
      </trkpt>
      <trkpt lat="56.22592" lon="12.75214">
        <ele>2.9</ele>
      </trkpt>
      <trkpt lat="56.22615" lon="12.75342">
        <ele>1.9</ele>
      </trkpt>
      <trkpt lat="56.22591" lon="12.75361">
        <ele>1.7</ele>
      </trkpt>
      <trkpt lat="56.22552" lon="12.75402">
        <ele>1.6</ele>
      </trkpt>
      <trkpt lat="56.22481" lon="12.75398">
        <ele>2.2</ele>
      </trkpt>
      <trkpt lat="56.22461" lon="12.75407">
        <ele>2.1</ele>
      </trkpt>
      <trkpt lat="56.22451" lon="12.75415">
        <ele>2.0</ele>
      </trkpt>
      <trkpt lat="56.22434" lon="12.75413">
        <ele>2.0</ele>
      </trkpt>
      <trkpt lat="56.22421" lon="12.75408">
        <ele>2.0</ele>
      </trkpt>
      <trkpt lat="56.22409" lon="12.75408">
        <ele>2.3</ele>
      </trkpt>
      <trkpt lat="56.22397" lon="12.75411">
        <ele>2.7</ele>
      </trkpt>
      <trkpt lat="56.22385" lon="12.75422">
        <ele>3.2</ele>
      </trkpt>
      <trkpt lat="56.22344" lon="12.75495">
        <ele>3.9</ele>
      </trkpt>
      <trkpt lat="56.223435" lon="12.754953">
        <ele>3.9</ele>
      </trkpt>
      <trkpt lat="56.22344" lon="12.75495">
        <ele>3.9</ele>
      </trkpt>
      <trkpt lat="56.22329" lon="12.75538">
        <ele>3.3</ele>
      </trkpt>
      <trkpt lat="56.22322" lon="12.75566">
        <ele>3.2</ele>
      </trkpt>
      <trkpt lat="56.22306" lon="12.75606">
        <ele>3.5</ele>
      </trkpt>
      <trkpt lat="56.22297" lon="12.75623">
        <ele>3.9</ele>
      </trkpt>
      <trkpt lat="56.22297" lon="12.75623">
        <ele>3.9</ele>
      </trkpt>
      <trkpt lat="56.22294" lon="12.7563">
        <ele>4.0</ele>
      </trkpt>
      <trkpt lat="56.22292" lon="12.75663">
        <ele>3.5</ele>
      </trkpt>
      <trkpt lat="56.22273" lon="12.75773">
        <ele>4.1</ele>
      </trkpt>
      <trkpt lat="56.2227" lon="12.75794">
        <ele>4.2</ele>
      </trkpt>
      <trkpt lat="56.2226" lon="12.75842">
        <ele>4.2</ele>
      </trkpt>
      <trkpt lat="56.22225" lon="12.75954">
        <ele>3.4</ele>
      </trkpt>
      <trkpt lat="56.22201" lon="12.76008">
        <ele>3.9</ele>
      </trkpt>
      <trkpt lat="56.22198" lon="12.76011">
        <ele>4.1</ele>
      </trkpt>
      <trkpt lat="56.221978" lon="12.760093">
        <ele>4.2</ele>
      </trkpt>
      <trkpt lat="56.22198" lon="12.76011">
        <ele>4.1</ele>
      </trkpt>
      <trkpt lat="56.22146" lon="12.76066">
        <ele>4.9</ele>
      </trkpt>
      <trkpt lat="56.22146" lon="12.76066">
        <ele>4.9</ele>
      </trkpt>
      <trkpt lat="56.22076" lon="12.76145">
        <ele>3.0</ele>
      </trkpt>
      <trkpt lat="56.22005" lon="12.76225">
        <ele>4.1</ele>
      </trkpt>
      <trkpt lat="56.21963" lon="12.76261">
        <ele>4.8</ele>
      </trkpt>
      <trkpt lat="56.2196" lon="12.76267">
        <ele>4.8</ele>
      </trkpt>
      <trkpt lat="56.219596" lon="12.762659">
        <ele>4.8</ele>
      </trkpt>
      <trkpt lat="56.2196" lon="12.76267">
        <ele>4.8</ele>
      </trkpt>
      <trkpt lat="56.21944" lon="12.76308">
        <ele>4.6</ele>
      </trkpt>
      <trkpt lat="56.21933" lon="12.76352">
        <ele>4.6</ele>
      </trkpt>
      <trkpt lat="56.2196" lon="12.76369">
        <ele>3.7</ele>
      </trkpt>
      <trkpt lat="56.21958" lon="12.76393">
        <ele>3.7</ele>
      </trkpt>
      <trkpt lat="56.21958" lon="12.76393">
        <ele>3.7</ele>
      </trkpt>
      <trkpt lat="56.21951" lon="12.76475">
        <ele>2.8</ele>
      </trkpt>
      <trkpt lat="56.21951" lon="12.76548">
        <ele>2.0</ele>
      </trkpt>
      <trkpt lat="56.21941" lon="12.76602">
        <ele>2.0</ele>
      </trkpt>
      <trkpt lat="56.21926" lon="12.76639">
        <ele>2.1</ele>
      </trkpt>
      <trkpt lat="56.21895" lon="12.7675">
        <ele>2.0</ele>
      </trkpt>
      <trkpt lat="56.218956" lon="12.767501">
        <ele>2.0</ele>
      </trkpt>
      <trkpt lat="56.21895" lon="12.7675">
        <ele>2.0</ele>
      </trkpt>
      <trkpt lat="56.21889" lon="12.76791">
        <ele>1.8</ele>
      </trkpt>
      <trkpt lat="56.2189" lon="12.76834">
        <ele>1.3</ele>
      </trkpt>
      <trkpt lat="56.21881" lon="12.76858">
        <ele>1.6</ele>
      </trkpt>
      <trkpt lat="56.21881" lon="12.76858">
        <ele>1.6</ele>
      </trkpt>
      <trkpt lat="56.21876" lon="12.76874">
        <ele>1.7</ele>
      </trkpt>
      <trkpt lat="56.21856" lon="12.76913">
        <ele>2.2</ele>
      </trkpt>
      <trkpt lat="56.21829" lon="12.76945">
        <ele>2.8</ele>
      </trkpt>
      <trkpt lat="56.21816" lon="12.76974">
        <ele>2.9</ele>
      </trkpt>
      <trkpt lat="56.21796" lon="12.77001">
        <ele>3.3</ele>
      </trkpt>
      <trkpt lat="56.21772" lon="12.77047">
        <ele>3.8</ele>
      </trkpt>
      <trkpt lat="56.21759" lon="12.7706">
        <ele>4.0</ele>
      </trkpt>
      <trkpt lat="56.21756" lon="12.77066">
        <ele>4.0</ele>
      </trkpt>
      <trkpt lat="56.21751" lon="12.77108">
        <ele>3.7</ele>
      </trkpt>
      <trkpt lat="56.21744" lon="12.77139">
        <ele>3.5</ele>
      </trkpt>
      <trkpt lat="56.21738" lon="12.77184">
        <ele>3.4</ele>
      </trkpt>
      <trkpt lat="56.21735" lon="12.77243">
        <ele>3.5</ele>
      </trkpt>
      <trkpt lat="56.21736" lon="12.77286">
        <ele>3.5</ele>
      </trkpt>
      <trkpt lat="56.21739" lon="12.77304">
        <ele>3.4</ele>
      </trkpt>
      <trkpt lat="56.21739" lon="12.77338">
        <ele>3.4</ele>
      </trkpt>
      <trkpt lat="56.21743" lon="12.77387">
        <ele>3.3</ele>
      </trkpt>
      <trkpt lat="56.21752" lon="12.77448">
        <ele>2.9</ele>
      </trkpt>
      <trkpt lat="56.21752" lon="12.77456">
        <ele>2.9</ele>
      </trkpt>
      <trkpt lat="56.21746" lon="12.7748">
        <ele>3.2</ele>
      </trkpt>
      <trkpt lat="56.21747" lon="12.774806">
        <ele>3.1</ele>
      </trkpt>
      <trkpt lat="56.21746" lon="12.7748">
        <ele>3.2</ele>
      </trkpt>
      <trkpt lat="56.21742" lon="12.77508">
        <ele>3.4</ele>
      </trkpt>
      <trkpt lat="56.21744" lon="12.77554">
        <ele>3.3</ele>
      </trkpt>
      <trkpt lat="56.21744" lon="12.77554">
        <ele>3.3</ele>
      </trkpt>
      <trkpt lat="56.21745" lon="12.77612">
        <ele>3.6</ele>
      </trkpt>
      <trkpt lat="56.21748" lon="12.7762">
        <ele>3.5</ele>
      </trkpt>
      <trkpt lat="56.21754" lon="12.7763">
        <ele>3.4</ele>
      </trkpt>
      <trkpt lat="56.21768" lon="12.77643">
        <ele>2.9</ele>
      </trkpt>
      <trkpt lat="56.21788" lon="12.77656">
        <ele>2.1</ele>
      </trkpt>
      <trkpt lat="56.21792" lon="12.77663">
        <ele>2.0</ele>
      </trkpt>
      <trkpt lat="56.21789" lon="12.77689">
        <ele>2.1</ele>
      </trkpt>
      <trkpt lat="56.2179" lon="12.77742">
        <ele>2.1</ele>
      </trkpt>
      <trkpt lat="56.21787" lon="12.77765">
        <ele>2.2</ele>
      </trkpt>
      <trkpt lat="56.21779" lon="12.77792">
        <ele>2.6</ele>
      </trkpt>
      <trkpt lat="56.21769" lon="12.77808">
        <ele>3.1</ele>
      </trkpt>
      <trkpt lat="56.21784" lon="12.77879">
        <ele>2.4</ele>
      </trkpt>
      <trkpt lat="56.21785" lon="12.77915">
        <ele>2.3</ele>
      </trkpt>
      <trkpt lat="56.21783" lon="12.77938">
        <ele>2.6</ele>
      </trkpt>
      <trkpt lat="56.21779" lon="12.77956">
        <ele>2.9</ele>
      </trkpt>
      <trkpt lat="56.21774" lon="12.77967">
        <ele>3.3</ele>
      </trkpt>
      <trkpt lat="56.21763" lon="12.77978">
        <ele>4.0</ele>
      </trkpt>
      <trkpt lat="56.21769" lon="12.78055">
        <ele>4.5</ele>
      </trkpt>
      <trkpt lat="56.21776" lon="12.78111">
        <ele>5.0</ele>
      </trkpt>
      <trkpt lat="56.21776" lon="12.781108">
        <ele>5.0</ele>
      </trkpt>
      <trkpt lat="56.21776" lon="12.78111">
        <ele>5.0</ele>
      </trkpt>
      <trkpt lat="56.218" lon="12.78222">
        <ele>3.9</ele>
      </trkpt>
      <trkpt lat="56.218" lon="12.78241">
        <ele>3.7</ele>
      </trkpt>
      <trkpt lat="56.21798" lon="12.78251">
        <ele>3.7</ele>
      </trkpt>
      <trkpt lat="56.21793" lon="12.78265">
        <ele>3.7</ele>
      </trkpt>
      <trkpt lat="56.21789" lon="12.78284">
        <ele>3.5</ele>
      </trkpt>
      <trkpt lat="56.21759" lon="12.78378">
        <ele>3.2</ele>
      </trkpt>
      <trkpt lat="56.21759" lon="12.78378">
        <ele>3.2</ele>
      </trkpt>
      <trkpt lat="56.21755" lon="12.78388">
        <ele>3.2</ele>
      </trkpt>
      <trkpt lat="56.21747" lon="12.78445">
        <ele>2.4</ele>
      </trkpt>
      <trkpt lat="56.21728" lon="12.78517">
        <ele>1.3</ele>
      </trkpt>
      <trkpt lat="56.21718" lon="12.78542">
        <ele>1.4</ele>
      </trkpt>
      <trkpt lat="56.21703" lon="12.78566">
        <ele>1.6</ele>
      </trkpt>
      <trkpt lat="56.21691" lon="12.7858">
        <ele>1.7</ele>
      </trkpt>
      <trkpt lat="56.21674" lon="12.78583">
        <ele>1.9</ele>
      </trkpt>
      <trkpt lat="56.2166" lon="12.78592">
        <ele>2.1</ele>
      </trkpt>
      <trkpt lat="56.21646" lon="12.78606">
        <ele>2.3</ele>
      </trkpt>
      <trkpt lat="56.21621" lon="12.78635">
        <ele>2.8</ele>
      </trkpt>
      <trkpt lat="56.21596" lon="12.78678">
        <ele>3.6</ele>
      </trkpt>
      <trkpt lat="56.21576" lon="12.78706">
        <ele>4.0</ele>
      </trkpt>
      <trkpt lat="56.21556" lon="12.78727">
        <ele>4.0</ele>
      </trkpt>
      <trkpt lat="56.215521" lon="12.787327">
        <ele>4.0</ele>
      </trkpt>
      <trkpt lat="56.21552" lon="12.78732">
        <ele>4.0</ele>
      </trkpt>
      <trkpt lat="56.21524" lon="12.78775">
        <ele>4.3</ele>
      </trkpt>
      <trkpt lat="56.215074" lon="12.788057">
        <ele>4.7</ele>
      </trkpt>
      <trkpt lat="56.21507" lon="12.78805">
        <ele>4.7</ele>
      </trkpt>
      <trkpt lat="56.21504" lon="12.78812">
        <ele>4.7</ele>
      </trkpt>
      <trkpt lat="56.21502" lon="12.78813">
        <ele>4.8</ele>
      </trkpt>
      <trkpt lat="56.21493" lon="12.78837">
        <ele>4.9</ele>
      </trkpt>
      <trkpt lat="56.21492" lon="12.78848">
        <ele>4.7</ele>
      </trkpt>
      <trkpt lat="56.21492" lon="12.78871">
        <ele>4.5</ele>
      </trkpt>
      <trkpt lat="56.21484" lon="12.78918">
        <ele>4.0</ele>
      </trkpt>
      <trkpt lat="56.21461" lon="12.79026">
        <ele>2.5</ele>
      </trkpt>
      <trkpt lat="56.21461" lon="12.79041">
        <ele>2.5</ele>
      </trkpt>
      <trkpt lat="56.21471" lon="12.79081">
        <ele>2.3</ele>
      </trkpt>
      <trkpt lat="56.21475" lon="12.79086">
        <ele>2.3</ele>
      </trkpt>
      <trkpt lat="56.21476" lon="12.79101">
        <ele>2.3</ele>
      </trkpt>
      <trkpt lat="56.21473" lon="12.79111">
        <ele>2.4</ele>
      </trkpt>
      <trkpt lat="56.21481" lon="12.79145">
        <ele>2.4</ele>
      </trkpt>
      <trkpt lat="56.21485" lon="12.79219">
        <ele>2.4</ele>
      </trkpt>
      <trkpt lat="56.2149" lon="12.79238">
        <ele>2.2</ele>
      </trkpt>
      <trkpt lat="56.2149" lon="12.79368">
        <ele>2.1</ele>
      </trkpt>
      <trkpt lat="56.2149" lon="12.79368">
        <ele>2.1</ele>
      </trkpt>
      <trkpt lat="56.21483" lon="12.79399">
        <ele>2.2</ele>
      </trkpt>
      <trkpt lat="56.21457" lon="12.7953">
        <ele>2.5</ele>
      </trkpt>
      <trkpt lat="56.21436" lon="12.79584">
        <ele>2.6</ele>
      </trkpt>
      <trkpt lat="56.21421" lon="12.79588">
        <ele>2.7</ele>
      </trkpt>
      <trkpt lat="56.21422" lon="12.7959">
        <ele>2.7</ele>
      </trkpt>
      <trkpt lat="56.21455" lon="12.79656">
        <ele>3.0</ele>
      </trkpt>
      <trkpt lat="56.21476" lon="12.79706">
        <ele>3.2</ele>
      </trkpt>
      <trkpt lat="56.2149" lon="12.79744">
        <ele>3.8</ele>
      </trkpt>
      <trkpt lat="56.21493" lon="12.7975">
        <ele>3.9</ele>
      </trkpt>
      <trkpt lat="56.21492" lon="12.79748">
        <ele>3.9</ele>
      </trkpt>
      <trkpt lat="56.21493" lon="12.79751">
        <ele>3.9</ele>
      </trkpt>
      <trkpt lat="56.21503" lon="12.79741">
        <ele>3.9</ele>
      </trkpt>
      <trkpt lat="56.21508" lon="12.79741">
        <ele>3.8</ele>
      </trkpt>
      <trkpt lat="56.21511" lon="12.79748">
        <ele>3.8</ele>
      </trkpt>
      <trkpt lat="56.215108" lon="12.797484">
        <ele>3.9</ele>
      </trkpt>
      <trkpt lat="56.215159" lon="12.797523">
        <ele>4.3</ele>
      </trkpt>
      <trkpt lat="56.216104" lon="12.801199">
        <ele>4.6</ele>
      </trkpt>
      <trkpt lat="56.221976" lon="12.801349">
        <ele>4.5</ele>
      </trkpt>
      <trkpt lat="56.225265" lon="12.797097">
        <ele>4.6</ele>
      </trkpt>
      <trkpt lat="56.225586" lon="12.797532">
        <ele>4.6</ele>
      </trkpt>
      <trkpt lat="56.225778" lon="12.798152">
        <ele>4.6</ele>
      </trkpt>
      <trkpt lat="56.225862" lon="12.798625">
        <ele>4.6</ele>
      </trkpt>
      <trkpt lat="56.225999" lon="12.798827">
        <ele>4.7</ele>
      </trkpt>
      <trkpt lat="56.226165" lon="12.799286">
        <ele>4.7</ele>
      </trkpt>
      <trkpt lat="56.226269" lon="12.799439">
        <ele>4.8</ele>
      </trkpt>
      <trkpt lat="56.226365" lon="12.799793">
        <ele>4.8</ele>
      </trkpt>
      <trkpt lat="56.226897" lon="12.800697">
        <ele>4.8</ele>
      </trkpt>
      <trkpt lat="56.227532" lon="12.802205">
        <ele>4.8</ele>
      </trkpt>
      <trkpt lat="56.227742" lon="12.802409">
        <ele>4.8</ele>
      </trkpt>
      <trkpt lat="56.227894" lon="12.802854">
        <ele>4.9</ele>
      </trkpt>
      <trkpt lat="56.227959" lon="12.803349">
        <ele>5.0</ele>
      </trkpt>
      <trkpt lat="56.228206" lon="12.803884">
        <ele>4.9</ele>
      </trkpt>
      <trkpt lat="56.228306" lon="12.804022">
        <ele>4.9</ele>
      </trkpt>
      <trkpt lat="56.228712" lon="12.804274">
        <ele>4.9</ele>
      </trkpt>
      <trkpt lat="56.229399" lon="12.805069">
        <ele>4.9</ele>
      </trkpt>
      <trkpt lat="56.229516" lon="12.805375">
        <ele>4.9</ele>
      </trkpt>
      <trkpt lat="56.230084" lon="12.806207">
        <ele>4.9</ele>
      </trkpt>
      <trkpt lat="56.230342" lon="12.806719">
        <ele>4.8</ele>
      </trkpt>
      <trkpt lat="56.231417" lon="12.808208">
        <ele>4.9</ele>
      </trkpt>
      <trkpt lat="56.232176" lon="12.809382">
        <ele>5.0</ele>
      </trkpt>
      <trkpt lat="56.232561" lon="12.809862">
        <ele>4.9</ele>
      </trkpt>
      <trkpt lat="56.232796" lon="12.810288">
        <ele>5.0</ele>
      </trkpt>
      <trkpt lat="56.232921" lon="12.810393">
        <ele>5.0</ele>
      </trkpt>
      <trkpt lat="56.233173" lon="12.810891">
        <ele>5.1</ele>
      </trkpt>
      <trkpt lat="56.233399" lon="12.811122">
        <ele>5.2</ele>
      </trkpt>
      <trkpt lat="56.233903" lon="12.81191">
        <ele>5.2</ele>
      </trkpt>
      <trkpt lat="56.234472" lon="12.812491">
        <ele>5.3</ele>
      </trkpt>
      <trkpt lat="56.234516" lon="12.812654">
        <ele>5.4</ele>
      </trkpt>
      <trkpt lat="56.234471" lon="12.813061">
        <ele>5.6</ele>
      </trkpt>
      <trkpt lat="56.234477" lon="12.813089">
        <ele>3.7</ele>
      </trkpt>
      <trkpt lat="56.234544" lon="12.813413">
        <ele>5.8</ele>
      </trkpt>
      <trkpt lat="56.234904" lon="12.813824">
        <ele>5.9</ele>
      </trkpt>
      <trkpt lat="56.23547" lon="12.814848">
        <ele>6.0</ele>
      </trkpt>
      <trkpt lat="56.23554" lon="12.815224">
        <ele>6.2</ele>
      </trkpt>
      <trkpt lat="56.235579" lon="12.815989">
        <ele>6.4</ele>
      </trkpt>
      <trkpt lat="56.235494" lon="12.816765">
        <ele>5.6</ele>
      </trkpt>
      <trkpt lat="56.23549" lon="12.81678">
        <ele>5.6</ele>
      </trkpt>
      <trkpt lat="56.23599" lon="12.81698">
        <ele>6.1</ele>
      </trkpt>
      <trkpt lat="56.23626" lon="12.81706">
        <ele>6.2</ele>
      </trkpt>
      <trkpt lat="56.23634" lon="12.81709">
        <ele>6.3</ele>
      </trkpt>
      <trkpt lat="56.23643" lon="12.81705">
        <ele>6.3</ele>
      </trkpt>
      <trkpt lat="56.23654" lon="12.81715">
        <ele>6.5</ele>
      </trkpt>
      <trkpt lat="56.23672" lon="12.81743">
        <ele>6.9</ele>
      </trkpt>
      <trkpt lat="56.23672" lon="12.81743">
        <ele>6.9</ele>
      </trkpt>
      <trkpt lat="56.23693" lon="12.81776">
        <ele>7.6</ele>
      </trkpt>
      <trkpt lat="56.23738" lon="12.81838">
        <ele>9.0</ele>
      </trkpt>
      <trkpt lat="56.23742" lon="12.81841">
        <ele>9.0</ele>
      </trkpt>
      <trkpt lat="56.23761" lon="12.8184">
        <ele>8.8</ele>
      </trkpt>
      <trkpt lat="56.23769" lon="12.81841">
        <ele>8.6</ele>
      </trkpt>
      <trkpt lat="56.23778" lon="12.81862">
        <ele>8.6</ele>
      </trkpt>
      <trkpt lat="56.23796" lon="12.81878">
        <ele>8.5</ele>
      </trkpt>
      <trkpt lat="56.23854" lon="12.81881">
        <ele>7.4</ele>
      </trkpt>
      <trkpt lat="56.23896" lon="12.81891">
        <ele>5.8</ele>
      </trkpt>
      <trkpt lat="56.23913" lon="12.81902">
        <ele>5.2</ele>
      </trkpt>
      <trkpt lat="56.23973" lon="12.81979">
        <ele>5.7</ele>
      </trkpt>
      <trkpt lat="56.23981" lon="12.81997">
        <ele>6.0</ele>
      </trkpt>
      <trkpt lat="56.24008" lon="12.82009">
        <ele>5.9</ele>
      </trkpt>
      <trkpt lat="56.24014" lon="12.82018">
        <ele>5.8</ele>
      </trkpt>
      <trkpt lat="56.24019" lon="12.82075">
        <ele>5.8</ele>
      </trkpt>
      <trkpt lat="56.24028" lon="12.82086">
        <ele>5.7</ele>
      </trkpt>
      <trkpt lat="56.24064" lon="12.82068">
        <ele>5.2</ele>
      </trkpt>
      <trkpt lat="56.24118" lon="12.8208">
        <ele>5.0</ele>
      </trkpt>
      <trkpt lat="56.24189" lon="12.82138">
        <ele>4.5</ele>
      </trkpt>
      <trkpt lat="56.24259" lon="12.82195">
        <ele>5.0</ele>
      </trkpt>
      <trkpt lat="56.24285" lon="12.82241">
        <ele>5.0</ele>
      </trkpt>
      <trkpt lat="56.24297" lon="12.82258">
        <ele>5.1</ele>
      </trkpt>
      <trkpt lat="56.24325" lon="12.82263">
        <ele>5.2</ele>
      </trkpt>
      <trkpt lat="56.24354" lon="12.82287">
        <ele>5.2</ele>
      </trkpt>
      <trkpt lat="56.24369" lon="12.82298">
        <ele>5.2</ele>
      </trkpt>
      <trkpt lat="56.24389" lon="12.82327">
        <ele>5.8</ele>
      </trkpt>
      <trkpt lat="56.24415" lon="12.82353">
        <ele>6.0</ele>
      </trkpt>
      <trkpt lat="56.24427" lon="12.82381">
        <ele>5.9</ele>
      </trkpt>
      <trkpt lat="56.24437" lon="12.82387">
        <ele>5.8</ele>
      </trkpt>
      <trkpt lat="56.24441" lon="12.82402">
        <ele>5.7</ele>
      </trkpt>
      <trkpt lat="56.24447" lon="12.82417">
        <ele>5.6</ele>
      </trkpt>
      <trkpt lat="56.24453" lon="12.82421">
        <ele>5.6</ele>
      </trkpt>
      <trkpt lat="56.24489" lon="12.82417">
        <ele>5.1</ele>
      </trkpt>
      <trkpt lat="56.24519" lon="12.82433">
        <ele>4.6</ele>
      </trkpt>
      <trkpt lat="56.24538" lon="12.82451">
        <ele>4.3</ele>
      </trkpt>
      <trkpt lat="56.24565" lon="12.82487">
        <ele>4.1</ele>
      </trkpt>
      <trkpt lat="56.24577" lon="12.82495">
        <ele>4.0</ele>
      </trkpt>
      <trkpt lat="56.24588" lon="12.8252">
        <ele>4.0</ele>
      </trkpt>
      <trkpt lat="56.24594" lon="12.82527">
        <ele>4.0</ele>
      </trkpt>
      <trkpt lat="56.24612" lon="12.82534">
        <ele>4.0</ele>
      </trkpt>
      <trkpt lat="56.24638" lon="12.82534">
        <ele>4.0</ele>
      </trkpt>
      <trkpt lat="56.24646" lon="12.82543">
        <ele>4.0</ele>
      </trkpt>
      <trkpt lat="56.24651" lon="12.82556">
        <ele>4.0</ele>
      </trkpt>
      <trkpt lat="56.24661" lon="12.82573">
        <ele>4.0</ele>
      </trkpt>
      <trkpt lat="56.24676" lon="12.82592">
        <ele>4.1</ele>
      </trkpt>
      <trkpt lat="56.24693" lon="12.82601">
        <ele>4.2</ele>
      </trkpt>
      <trkpt lat="56.24703" lon="12.82601">
        <ele>4.2</ele>
      </trkpt>
      <trkpt lat="56.24714" lon="12.82611">
        <ele>4.3</ele>
      </trkpt>
      <trkpt lat="56.24729" lon="12.82637">
        <ele>4.6</ele>
      </trkpt>
      <trkpt lat="56.24736" lon="12.82653">
        <ele>4.8</ele>
      </trkpt>
      <trkpt lat="56.24746" lon="12.82661">
        <ele>4.9</ele>
      </trkpt>
      <trkpt lat="56.2477" lon="12.82673">
        <ele>4.9</ele>
      </trkpt>
      <trkpt lat="56.2478" lon="12.82674">
        <ele>4.8</ele>
      </trkpt>
      <trkpt lat="56.24792" lon="12.8268">
        <ele>4.7</ele>
      </trkpt>
      <trkpt lat="56.24824" lon="12.82693">
        <ele>4.5</ele>
      </trkpt>
      <trkpt lat="56.24846" lon="12.82685">
        <ele>4.0</ele>
      </trkpt>
      <trkpt lat="56.2486" lon="12.82712">
        <ele>4.0</ele>
      </trkpt>
      <trkpt lat="56.24896" lon="12.8276">
        <ele>3.6</ele>
      </trkpt>
      <trkpt lat="56.24905" lon="12.82766">
        <ele>3.5</ele>
      </trkpt>
      <trkpt lat="56.2492" lon="12.82766">
        <ele>3.2</ele>
      </trkpt>
      <trkpt lat="56.24932" lon="12.82765">
        <ele>3.2</ele>
      </trkpt>
      <trkpt lat="56.24941" lon="12.82771">
        <ele>3.3</ele>
      </trkpt>
      <trkpt lat="56.24949" lon="12.82781">
        <ele>3.4</ele>
      </trkpt>
      <trkpt lat="56.24961" lon="12.82789">
        <ele>3.5</ele>
      </trkpt>
      <trkpt lat="56.25001" lon="12.82833">
        <ele>4.0</ele>
      </trkpt>
      <trkpt lat="56.25024" lon="12.82852">
        <ele>4.2</ele>
      </trkpt>
      <trkpt lat="56.25046" lon="12.82873">
        <ele>4.4</ele>
      </trkpt>
      <trkpt lat="56.25065" lon="12.82885">
        <ele>4.5</ele>
      </trkpt>
      <trkpt lat="56.25068" lon="12.82886">
        <ele>4.4</ele>
      </trkpt>
      <trkpt lat="56.250684" lon="12.828848">
        <ele>4.4</ele>
      </trkpt>
      <trkpt lat="56.25068" lon="12.82886">
        <ele>4.4</ele>
      </trkpt>
      <trkpt lat="56.25077" lon="12.82886">
        <ele>4.3</ele>
      </trkpt>
      <trkpt lat="56.25084" lon="12.82891">
        <ele>4.4</ele>
      </trkpt>
      <trkpt lat="56.25103" lon="12.82895">
        <ele>4.0</ele>
      </trkpt>
      <trkpt lat="56.25145" lon="12.82902">
        <ele>3.2</ele>
      </trkpt>
      <trkpt lat="56.25159" lon="12.82911">
        <ele>3.0</ele>
      </trkpt>
      <trkpt lat="56.25183" lon="12.82935">
        <ele>3.3</ele>
      </trkpt>
      <trkpt lat="56.25192" lon="12.82949">
        <ele>3.6</ele>
      </trkpt>
      <trkpt lat="56.25181" lon="12.82973">
        <ele>4.3</ele>
      </trkpt>
      <trkpt lat="56.25167" lon="12.82998">
        <ele>5.0</ele>
      </trkpt>
      <trkpt lat="56.25165" lon="12.8302">
        <ele>5.3</ele>
      </trkpt>
      <trkpt lat="56.25185" lon="12.83066">
        <ele>5.8</ele>
      </trkpt>
      <trkpt lat="56.25186" lon="12.83085">
        <ele>6.0</ele>
      </trkpt>
      <trkpt lat="56.25186" lon="12.83106">
        <ele>6.5</ele>
      </trkpt>
      <trkpt lat="56.25197" lon="12.83161">
        <ele>7.5</ele>
      </trkpt>
      <trkpt lat="56.25215" lon="12.83202">
        <ele>7.8</ele>
      </trkpt>
      <trkpt lat="56.25228" lon="12.83248">
        <ele>8.2</ele>
      </trkpt>
      <trkpt lat="56.25252" lon="12.83323">
        <ele>8.8</ele>
      </trkpt>
      <trkpt lat="56.25276" lon="12.83319">
        <ele>7.4</ele>
      </trkpt>
      <trkpt lat="56.25315" lon="12.83327">
        <ele>5.2</ele>
      </trkpt>
      <trkpt lat="56.25357" lon="12.83326">
        <ele>4.2</ele>
      </trkpt>
      <trkpt lat="56.25369" lon="12.83337">
        <ele>4.0</ele>
      </trkpt>
      <trkpt lat="56.253706" lon="12.833419">
        <ele>4.0</ele>
      </trkpt>
      <trkpt lat="56.25371" lon="12.83342">
        <ele>4.0</ele>
      </trkpt>
      <trkpt lat="56.25376" lon="12.83359">
        <ele>4.0</ele>
      </trkpt>
      <trkpt lat="56.25413" lon="12.83365">
        <ele>4.0</ele>
      </trkpt>
      <trkpt lat="56.25427" lon="12.83379">
        <ele>4.0</ele>
      </trkpt>
      <trkpt lat="56.25427" lon="12.83379">
        <ele>4.0</ele>
      </trkpt>
      <trkpt lat="56.25427" lon="12.83379">
        <ele>4.0</ele>
      </trkpt>
      <trkpt lat="56.25416" lon="12.83395">
        <ele>4.0</ele>
      </trkpt>
      <trkpt lat="56.25399" lon="12.83541">
        <ele>3.0</ele>
      </trkpt>
      <trkpt lat="56.25381" lon="12.83687">
        <ele>4.3</ele>
      </trkpt>
      <trkpt lat="56.25364" lon="12.83833">
        <ele>7.9</ele>
      </trkpt>
      <trkpt lat="56.253529" lon="12.839231">
        <ele>8.4</ele>
      </trkpt>
      <trkpt lat="56.25353" lon="12.83923">
        <ele>8.3</ele>
      </trkpt>
      <trkpt lat="56.25341" lon="12.84025">
        <ele>9.6</ele>
      </trkpt>
      <trkpt lat="56.25329" lon="12.84127">
        <ele>9.5</ele>
      </trkpt>
      <trkpt lat="56.25311" lon="12.84105">
        <ele>9.7</ele>
      </trkpt>
      <trkpt lat="56.25265" lon="12.84081">
        <ele>10.0</ele>
      </trkpt>
      <trkpt lat="56.25265" lon="12.84081">
        <ele>10.0</ele>
      </trkpt>
      <trkpt lat="56.25246" lon="12.8406">
        <ele>10.2</ele>
      </trkpt>
      <trkpt lat="56.2523" lon="12.84052">
        <ele>10.0</ele>
      </trkpt>
      <trkpt lat="56.2523" lon="12.840526">
        <ele>10.0</ele>
      </trkpt>
      <trkpt lat="56.25218" lon="12.84047">
        <ele>9.9</ele>
      </trkpt>
      <trkpt lat="56.25197" lon="12.8403">
        <ele>9.6</ele>
      </trkpt>
      <trkpt lat="56.25196" lon="12.840315">
        <ele>9.6</ele>
      </trkpt>
      <trkpt lat="56.25197" lon="12.8403">
        <ele>9.6</ele>
      </trkpt>
      <trkpt lat="56.25173" lon="12.84011">
        <ele>9.1</ele>
      </trkpt>
      <trkpt lat="56.25124" lon="12.83977">
        <ele>9.7</ele>
      </trkpt>
      <trkpt lat="56.25124" lon="12.83977">
        <ele>9.7</ele>
      </trkpt>
      <trkpt lat="56.25115" lon="12.83977">
        <ele>10.0</ele>
      </trkpt>
      <trkpt lat="56.2511" lon="12.83989">
        <ele>10.2</ele>
      </trkpt>
      <trkpt lat="56.251" lon="12.84041">
        <ele>10.2</ele>
      </trkpt>
      <trkpt lat="56.25086" lon="12.84072">
        <ele>10.1</ele>
      </trkpt>
      <trkpt lat="56.25075" lon="12.84128">
        <ele>9.0</ele>
      </trkpt>
      <trkpt lat="56.25063" lon="12.84181">
        <ele>8.2</ele>
      </trkpt>
      <trkpt lat="56.25055" lon="12.84195">
        <ele>8.3</ele>
      </trkpt>
      <trkpt lat="56.25048" lon="12.84218">
        <ele>8.4</ele>
      </trkpt>
      <trkpt lat="56.25046" lon="12.84243">
        <ele>8.4</ele>
      </trkpt>
      <trkpt lat="56.25051" lon="12.84274">
        <ele>8.4</ele>
      </trkpt>
      <trkpt lat="56.25056" lon="12.84289">
        <ele>8.3</ele>
      </trkpt>
      <trkpt lat="56.2506" lon="12.84309">
        <ele>8.3</ele>
      </trkpt>
      <trkpt lat="56.25058" lon="12.84334">
        <ele>8.3</ele>
      </trkpt>
      <trkpt lat="56.25049" lon="12.8436">
        <ele>8.7</ele>
      </trkpt>
      <trkpt lat="56.25046" lon="12.84409">
        <ele>9.4</ele>
      </trkpt>
      <trkpt lat="56.25046" lon="12.8443">
        <ele>9.6</ele>
      </trkpt>
      <trkpt lat="56.25047" lon="12.84431">
        <ele>9.6</ele>
      </trkpt>
      <trkpt lat="56.250468" lon="12.844314">
        <ele>9.6</ele>
      </trkpt>
      <trkpt lat="56.250412" lon="12.844412">
        <ele>10.8</ele>
      </trkpt>
      <trkpt lat="56.250394" lon="12.844566">
        <ele>11.6</ele>
      </trkpt>
      <trkpt lat="56.250348" lon="12.844732">
        <ele>10.6</ele>
      </trkpt>
      <trkpt lat="56.250261" lon="12.844886">
        <ele>11.8</ele>
      </trkpt>
      <trkpt lat="56.250255" lon="12.844892">
        <ele>12.3</ele>
      </trkpt>
      <trkpt lat="56.250259" lon="12.844906">
        <ele>13.1</ele>
      </trkpt>
      <trkpt lat="56.250279" lon="12.844911">
        <ele>12.6</ele>
      </trkpt>
      <trkpt lat="56.250357" lon="12.845019">
        <ele>12.8</ele>
      </trkpt>
      <trkpt lat="56.250395" lon="12.845046">
        <ele>13.0</ele>
      </trkpt>
      <trkpt lat="56.250328" lon="12.845039">
        <ele>13.1</ele>
      </trkpt>
      <trkpt lat="56.25027" lon="12.844987">
        <ele>13.3</ele>
      </trkpt>
      <trkpt lat="56.250235" lon="12.844969">
        <ele>13.3</ele>
      </trkpt>
      <trkpt lat="56.250178" lon="12.845001">
        <ele>13.0</ele>
      </trkpt>
      <trkpt lat="56.250176" lon="12.845011">
        <ele>10.8</ele>
      </trkpt>
      <trkpt lat="56.25016" lon="12.84498">
        <ele>10.8</ele>
      </trkpt>
      <trkpt lat="56.24999" lon="12.84536">
        <ele>10.6</ele>
      </trkpt>
      <trkpt lat="56.24999" lon="12.84536">
        <ele>10.6</ele>
      </trkpt>
      <trkpt lat="56.24999" lon="12.84536">
        <ele>10.6</ele>
      </trkpt>
      <trkpt lat="56.25035" lon="12.84565">
        <ele>10.1</ele>
      </trkpt>
      <trkpt lat="56.2505" lon="12.84576">
        <ele>10.0</ele>
      </trkpt>
      <trkpt lat="56.25062" lon="12.8458">
        <ele>10.0</ele>
      </trkpt>
      <trkpt lat="56.25081" lon="12.84589">
        <ele>10.0</ele>
      </trkpt>
      <trkpt lat="56.25091" lon="12.84598">
        <ele>10.0</ele>
      </trkpt>
      <trkpt lat="56.25104" lon="12.84603">
        <ele>10.1</ele>
      </trkpt>
      <trkpt lat="56.25126" lon="12.84608">
        <ele>10.2</ele>
      </trkpt>
      <trkpt lat="56.25139" lon="12.84615">
        <ele>10.3</ele>
      </trkpt>
      <trkpt lat="56.25158" lon="12.8464">
        <ele>10.6</ele>
      </trkpt>
      <trkpt lat="56.25166" lon="12.84657">
        <ele>10.9</ele>
      </trkpt>
      <trkpt lat="56.25181" lon="12.84669">
        <ele>10.8</ele>
      </trkpt>
      <trkpt lat="56.25202" lon="12.84678">
        <ele>10.4</ele>
      </trkpt>
      <trkpt lat="56.25223" lon="12.84697">
        <ele>10.0</ele>
      </trkpt>
      <trkpt lat="56.252237" lon="12.846949">
        <ele>10.0</ele>
      </trkpt>
      <trkpt lat="56.25223" lon="12.84697">
        <ele>10.0</ele>
      </trkpt>
      <trkpt lat="56.2524" lon="12.8471">
        <ele>9.6</ele>
      </trkpt>
      <trkpt lat="56.2527" lon="12.8469">
        <ele>10.2</ele>
      </trkpt>
      <trkpt lat="56.2527" lon="12.84697">
        <ele>10.1</ele>
      </trkpt>
      <trkpt lat="56.25272" lon="12.847">
        <ele>10.1</ele>
      </trkpt>
      <trkpt lat="56.25278" lon="12.84708">
        <ele>10.2</ele>
      </trkpt>
      <trkpt lat="56.2528" lon="12.84712">
        <ele>10.2</ele>
      </trkpt>
      <trkpt lat="56.25281" lon="12.84721">
        <ele>10.1</ele>
      </trkpt>
      <trkpt lat="56.25281" lon="12.84721">
        <ele>10.1</ele>
      </trkpt>
      <trkpt lat="56.25282" lon="12.84724">
        <ele>10.1</ele>
      </trkpt>
      <trkpt lat="56.25295" lon="12.84719">
        <ele>10.5</ele>
      </trkpt>
      <trkpt lat="56.25308" lon="12.84826">
        <ele>9.5</ele>
      </trkpt>
      <trkpt lat="56.2531" lon="12.84856">
        <ele>9.4</ele>
      </trkpt>
      <trkpt lat="56.25321" lon="12.8495">
        <ele>9.8</ele>
      </trkpt>
      <trkpt lat="56.25332" lon="12.85045">
        <ele>9.5</ele>
      </trkpt>
      <trkpt lat="56.253328" lon="12.850446">
        <ele>9.5</ele>
      </trkpt>
      <trkpt lat="56.253321" lon="12.850549">
        <ele>1.0</ele>
      </trkpt>
      <trkpt lat="56.253322" lon="12.850562">
        <ele>0.8</ele>
      </trkpt>
      <trkpt lat="56.253352" lon="12.850785">
        <ele>1.0</ele>
      </trkpt>
      <trkpt lat="56.253389" lon="12.850988">
        <ele>0.6</ele>
      </trkpt>
      <trkpt lat="56.253415" lon="12.851218">
        <ele>0.6</ele>
      </trkpt>
      <trkpt lat="56.253437" lon="12.851404">
        <ele>0.6</ele>
      </trkpt>
      <trkpt lat="56.253456" lon="12.851615">
        <ele>1.0</ele>
      </trkpt>
      <trkpt lat="56.253488" lon="12.851876">
        <ele>1.2</ele>
      </trkpt>
      <trkpt lat="56.25349" lon="12.851908">
        <ele>1.3</ele>
      </trkpt>
      <trkpt lat="56.253513" lon="12.852087">
        <ele>2.0</ele>
      </trkpt>
      <trkpt lat="56.253518" lon="12.852118">
        <ele>2.0</ele>
      </trkpt>
      <trkpt lat="56.253541" lon="12.852298">
        <ele>2.4</ele>
      </trkpt>
      <trkpt lat="56.253558" lon="12.852437">
        <ele>2.7</ele>
      </trkpt>
      <trkpt lat="56.253569" lon="12.852547">
        <ele>3.0</ele>
      </trkpt>
      <trkpt lat="56.253583" lon="12.852638">
        <ele>3.2</ele>
      </trkpt>
      <trkpt lat="56.253596" lon="12.852836">
        <ele>3.5</ele>
      </trkpt>
      <trkpt lat="56.253608" lon="12.85304">
        <ele>4.1</ele>
      </trkpt>
      <trkpt lat="56.253609" lon="12.853071">
        <ele>4.1</ele>
      </trkpt>
      <trkpt lat="56.253625" lon="12.853168">
        <ele>4.4</ele>
      </trkpt>
      <trkpt lat="56.253644" lon="12.853141">
        <ele>4.4</ele>
      </trkpt>
      <trkpt lat="56.253646" lon="12.853117">
        <ele>4.4</ele>
      </trkpt>
      <trkpt lat="56.253649" lon="12.852994">
        <ele>5.0</ele>
      </trkpt>
      <trkpt lat="56.25364" lon="12.85292">
        <ele>5.1</ele>
      </trkpt>
      <trkpt lat="56.253626" lon="12.852795">
        <ele>4.8</ele>
      </trkpt>
      <trkpt lat="56.253598" lon="12.852468">
        <ele>4.1</ele>
      </trkpt>
      <trkpt lat="56.253597" lon="12.85244">
        <ele>4.1</ele>
      </trkpt>
      <trkpt lat="56.253566" lon="12.852115">
        <ele>4.4</ele>
      </trkpt>
      <trkpt lat="56.253563" lon="12.852087">
        <ele>4.4</ele>
      </trkpt>
      <trkpt lat="56.253535" lon="12.85175">
        <ele>4.8</ele>
      </trkpt>
      <trkpt lat="56.253517" lon="12.851532">
        <ele>4.1</ele>
      </trkpt>
      <trkpt lat="56.253509" lon="12.85148">
        <ele>4.1</ele>
      </trkpt>
      <trkpt lat="56.25352" lon="12.851244">
        <ele>9.0</ele>
      </trkpt>
      <trkpt lat="56.25351" lon="12.85124">
        <ele>8.9</ele>
      </trkpt>
      <trkpt lat="56.25353" lon="12.85114">
        <ele>9.1</ele>
      </trkpt>
      <trkpt lat="56.25358" lon="12.85095">
        <ele>9.5</ele>
      </trkpt>
      <trkpt lat="56.25377" lon="12.85106">
        <ele>9.8</ele>
      </trkpt>
      <trkpt lat="56.25383" lon="12.85107">
        <ele>9.9</ele>
      </trkpt>
      <trkpt lat="56.25391" lon="12.85106">
        <ele>10.1</ele>
      </trkpt>
      <trkpt lat="56.2545" lon="12.85081">
        <ele>11.0</ele>
      </trkpt>
      <trkpt lat="56.2551" lon="12.85056">
        <ele>10.6</ele>
      </trkpt>
      <trkpt lat="56.25542" lon="12.85039">
        <ele>10.2</ele>
      </trkpt>
      <trkpt lat="56.25573" lon="12.85024">
        <ele>10.0</ele>
      </trkpt>
      <trkpt lat="56.25623" lon="12.85003">
        <ele>10.5</ele>
      </trkpt>
      <trkpt lat="56.25672" lon="12.84982">
        <ele>10.7</ele>
      </trkpt>
      <trkpt lat="56.2574" lon="12.84957">
        <ele>9.6</ele>
      </trkpt>
      <trkpt lat="56.25817" lon="12.84927">
        <ele>9.8</ele>
      </trkpt>
      <trkpt lat="56.25818" lon="12.84935">
        <ele>9.9</ele>
      </trkpt>
      <trkpt lat="56.25818" lon="12.84935">
        <ele>9.9</ele>
      </trkpt>
      <trkpt lat="56.25819" lon="12.84968">
        <ele>9.9</ele>
      </trkpt>
      <trkpt lat="56.25812" lon="12.84978">
        <ele>9.9</ele>
      </trkpt>
      <trkpt lat="56.25811" lon="12.84979">
        <ele>9.9</ele>
      </trkpt>
      <trkpt lat="56.258115" lon="12.849795">
        <ele>9.9</ele>
      </trkpt>
      <trkpt lat="56.25811" lon="12.84979">
        <ele>9.9</ele>
      </trkpt>
      <trkpt lat="56.25809" lon="12.84992">
        <ele>10.0</ele>
      </trkpt>
      <trkpt lat="56.25802" lon="12.85023">
        <ele>10.0</ele>
      </trkpt>
      <trkpt lat="56.25798" lon="12.85043">
        <ele>10.0</ele>
      </trkpt>
      <trkpt lat="56.25798" lon="12.85068">
        <ele>10.0</ele>
      </trkpt>
      <trkpt lat="56.25803" lon="12.85171">
        <ele>9.3</ele>
      </trkpt>
      <trkpt lat="56.25807" lon="12.85218">
        <ele>8.9</ele>
      </trkpt>
      <trkpt lat="56.25807" lon="12.85235">
        <ele>8.8</ele>
      </trkpt>
      <trkpt lat="56.25801" lon="12.85255">
        <ele>8.7</ele>
      </trkpt>
      <trkpt lat="56.25775" lon="12.85322">
        <ele>8.5</ele>
      </trkpt>
      <trkpt lat="56.25763" lon="12.85341">
        <ele>8.6</ele>
      </trkpt>
      <trkpt lat="56.25758" lon="12.85359">
        <ele>8.5</ele>
      </trkpt>
      <trkpt lat="56.25749" lon="12.85406">
        <ele>8.1</ele>
      </trkpt>
      <trkpt lat="56.25746" lon="12.85412">
        <ele>8.1</ele>
      </trkpt>
      <trkpt lat="56.25746" lon="12.85412">
        <ele>8.1</ele>
      </trkpt>
      <trkpt lat="56.25727" lon="12.85435">
        <ele>7.8</ele>
      </trkpt>
      <trkpt lat="56.25721" lon="12.85451">
        <ele>7.6</ele>
      </trkpt>
      <trkpt lat="56.25714" lon="12.85532">
        <ele>7.4</ele>
      </trkpt>
      <trkpt lat="56.25712" lon="12.85552">
        <ele>7.6</ele>
      </trkpt>
      <trkpt lat="56.25707" lon="12.85562">
        <ele>7.7</ele>
      </trkpt>
      <trkpt lat="56.25699" lon="12.85566">
        <ele>7.8</ele>
      </trkpt>
      <trkpt lat="56.256991" lon="12.855664">
        <ele>7.8</ele>
      </trkpt>
      <trkpt lat="56.25699" lon="12.85566">
        <ele>7.8</ele>
      </trkpt>
      <trkpt lat="56.2568" lon="12.85571">
        <ele>7.9</ele>
      </trkpt>
      <trkpt lat="56.25652" lon="12.85566">
        <ele>8.0</ele>
      </trkpt>
      <trkpt lat="56.25642" lon="12.85569">
        <ele>8.1</ele>
      </trkpt>
      <trkpt lat="56.25637" lon="12.85573">
        <ele>8.2</ele>
      </trkpt>
      <trkpt lat="56.25626" lon="12.85586">
        <ele>8.5</ele>
      </trkpt>
      <trkpt lat="56.2561" lon="12.85627">
        <ele>9.2</ele>
      </trkpt>
      <trkpt lat="56.2561" lon="12.85627">
        <ele>9.2</ele>
      </trkpt>
      <trkpt lat="56.25599" lon="12.85654">
        <ele>9.7</ele>
      </trkpt>
      <trkpt lat="56.25596" lon="12.85681">
        <ele>9.7</ele>
      </trkpt>
      <trkpt lat="56.25594" lon="12.85681">
        <ele>9.7</ele>
      </trkpt>
      <trkpt lat="56.25594" lon="12.856807">
        <ele>9.7</ele>
      </trkpt>
      <trkpt lat="56.255915" lon="12.856827">
        <ele>1.7</ele>
      </trkpt>
      <trkpt lat="56.255887" lon="12.856835">
        <ele>9.7</ele>
      </trkpt>
      <trkpt lat="56.255318" lon="12.856817">
        <ele>8.1</ele>
      </trkpt>
      <trkpt lat="56.255181" lon="12.856805">
        <ele>7.6</ele>
      </trkpt>
      <trkpt lat="56.255019" lon="12.856773">
        <ele>7.1</ele>
      </trkpt>
      <trkpt lat="56.254881" lon="12.856749">
        <ele>7.1</ele>
      </trkpt>
      <trkpt lat="56.254881" lon="12.856749">
        <ele>7.1</ele>
      </trkpt>
      <trkpt lat="56.253876" lon="12.856639">
        <ele>7.7</ele>
      </trkpt>
      <trkpt lat="56.253681" lon="12.85665">
        <ele>7.4</ele>
      </trkpt>
      <trkpt lat="56.253553" lon="12.856717">
        <ele>7.3</ele>
      </trkpt>
      <trkpt lat="56.253548" lon="12.856718">
        <ele>0.0</ele>
      </trkpt>
      <trkpt lat="56.253432" lon="12.856855">
        <ele>0.0</ele>
      </trkpt>
      <trkpt lat="56.25333" lon="12.856998">
        <ele>0.0</ele>
      </trkpt>
      <trkpt lat="56.25321" lon="12.857154">
        <ele>0.2</ele>
      </trkpt>
      <trkpt lat="56.253187" lon="12.857185">
        <ele>0.4</ele>
      </trkpt>
      <trkpt lat="56.253095" lon="12.857287">
        <ele>0.6</ele>
      </trkpt>
      <trkpt lat="56.252965" lon="12.857437">
        <ele>1.0</ele>
      </trkpt>
      <trkpt lat="56.252901" lon="12.857498">
        <ele>1.2</ele>
      </trkpt>
      <trkpt lat="56.252842" lon="12.857581">
        <ele>1.3</ele>
      </trkpt>
      <trkpt lat="56.252737" lon="12.857708">
        <ele>1.6</ele>
      </trkpt>
      <trkpt lat="56.252632" lon="12.857849">
        <ele>1.7</ele>
      </trkpt>
      <trkpt lat="56.252572" lon="12.858025">
        <ele>1.3</ele>
      </trkpt>
      <trkpt lat="56.252566" lon="12.858069">
        <ele>8.2</ele>
      </trkpt>
      <trkpt lat="56.25256" lon="12.85806">
        <ele>8.2</ele>
      </trkpt>
      <trkpt lat="56.25246" lon="12.85873">
        <ele>8.0</ele>
      </trkpt>
      <trkpt lat="56.25238" lon="12.85912">
        <ele>8.1</ele>
      </trkpt>
      <trkpt lat="56.25228" lon="12.8595">
        <ele>8.5</ele>
      </trkpt>
      <trkpt lat="56.25218" lon="12.85984">
        <ele>9.0</ele>
      </trkpt>
      <trkpt lat="56.25209" lon="12.8601">
        <ele>9.4</ele>
      </trkpt>
      <trkpt lat="56.25191" lon="12.86049">
        <ele>9.7</ele>
      </trkpt>
      <trkpt lat="56.25172" lon="12.86089">
        <ele>9.8</ele>
      </trkpt>
      <trkpt lat="56.25145" lon="12.86132">
        <ele>9.6</ele>
      </trkpt>
      <trkpt lat="56.25129" lon="12.8616">
        <ele>9.5</ele>
      </trkpt>
      <trkpt lat="56.25097" lon="12.86208">
        <ele>9.8</ele>
      </trkpt>
      <trkpt lat="56.25059" lon="12.8627">
        <ele>10.3</ele>
      </trkpt>
      <trkpt lat="56.25053" lon="12.86284">
        <ele>10.4</ele>
      </trkpt>
      <trkpt lat="56.25029" lon="12.86336">
        <ele>10.6</ele>
      </trkpt>
      <trkpt lat="56.25017" lon="12.86368">
        <ele>9.7</ele>
      </trkpt>
      <trkpt lat="56.25007" lon="12.86406">
        <ele>8.4</ele>
      </trkpt>
      <trkpt lat="56.25007" lon="12.86406">
        <ele>8.4</ele>
      </trkpt>
      <trkpt lat="56.24994" lon="12.86455">
        <ele>7.6</ele>
      </trkpt>
      <trkpt lat="56.24991" lon="12.86475">
        <ele>7.3</ele>
      </trkpt>
      <trkpt lat="56.24979" lon="12.86545">
        <ele>6.3</ele>
      </trkpt>
      <trkpt lat="56.24973" lon="12.8657">
        <ele>5.9</ele>
      </trkpt>
      <trkpt lat="56.24979" lon="12.86566">
        <ele>5.8</ele>
      </trkpt>
      <trkpt lat="56.24987" lon="12.86548">
        <ele>5.6</ele>
      </trkpt>
      <trkpt lat="56.24992" lon="12.86548">
        <ele>5.6</ele>
      </trkpt>
      <trkpt lat="56.249922" lon="12.865492">
        <ele>5.6</ele>
      </trkpt>
      <trkpt lat="56.24992" lon="12.86548">
        <ele>5.6</ele>
      </trkpt>
      <trkpt lat="56.25042" lon="12.86546">
        <ele>6.8</ele>
      </trkpt>
      <trkpt lat="56.25092" lon="12.86544">
        <ele>8.2</ele>
      </trkpt>
      <trkpt lat="56.25113" lon="12.86535">
        <ele>8.7</ele>
      </trkpt>
      <trkpt lat="56.25113" lon="12.86535">
        <ele>8.7</ele>
      </trkpt>
      <trkpt lat="56.25119" lon="12.8653">
        <ele>8.9</ele>
      </trkpt>
      <trkpt lat="56.2515" lon="12.865">
        <ele>9.6</ele>
      </trkpt>
      <trkpt lat="56.2516" lon="12.86493">
        <ele>9.7</ele>
      </trkpt>
      <trkpt lat="56.25173" lon="12.86488">
        <ele>10.0</ele>
      </trkpt>
      <trkpt lat="56.25177" lon="12.86469">
        <ele>9.8</ele>
      </trkpt>
      <trkpt lat="56.25185" lon="12.86442">
        <ele>9.5</ele>
      </trkpt>
      <trkpt lat="56.25196" lon="12.86415">
        <ele>9.4</ele>
      </trkpt>
      <trkpt lat="56.25217" lon="12.86315">
        <ele>8.8</ele>
      </trkpt>
      <trkpt lat="56.25225" lon="12.86271">
        <ele>8.8</ele>
      </trkpt>
      <trkpt lat="56.25224" lon="12.86264">
        <ele>8.8</ele>
      </trkpt>
      <trkpt lat="56.25225" lon="12.86243">
        <ele>8.7</ele>
      </trkpt>
      <trkpt lat="56.25229" lon="12.86216">
        <ele>8.5</ele>
      </trkpt>
      <trkpt lat="56.25229" lon="12.86201">
        <ele>8.5</ele>
      </trkpt>
      <trkpt lat="56.25232" lon="12.8616">
        <ele>8.2</ele>
      </trkpt>
      <trkpt lat="56.25235" lon="12.86136">
        <ele>8.2</ele>
      </trkpt>
      <trkpt lat="56.2525" lon="12.86075">
        <ele>8.0</ele>
      </trkpt>
      <trkpt lat="56.25267" lon="12.86012">
        <ele>8.4</ele>
      </trkpt>
      <trkpt lat="56.25277" lon="12.85988">
        <ele>8.6</ele>
      </trkpt>
      <trkpt lat="56.25331" lon="12.85904">
        <ele>7.7</ele>
      </trkpt>
      <trkpt lat="56.25361" lon="12.85877">
        <ele>7.9</ele>
      </trkpt>
      <trkpt lat="56.25385" lon="12.85859">
        <ele>8.0</ele>
      </trkpt>
      <trkpt lat="56.25406" lon="12.85853">
        <ele>8.4</ele>
      </trkpt>
      <trkpt lat="56.25416" lon="12.85853">
        <ele>8.7</ele>
      </trkpt>
      <trkpt lat="56.25431" lon="12.8586">
        <ele>8.6</ele>
      </trkpt>
      <trkpt lat="56.25461" lon="12.85884">
        <ele>8.8</ele>
      </trkpt>
      <trkpt lat="56.25475" lon="12.85899">
        <ele>9.0</ele>
      </trkpt>
      <trkpt lat="56.254749" lon="12.858979">
        <ele>8.9</ele>
      </trkpt>
      <trkpt lat="56.25475" lon="12.85899">
        <ele>9.0</ele>
      </trkpt>
      <trkpt lat="56.25489" lon="12.85938">
        <ele>10.1</ele>
      </trkpt>
      <trkpt lat="56.25511" lon="12.85988">
        <ele>11.0</ele>
      </trkpt>
      <trkpt lat="56.25527" lon="12.86019">
        <ele>11.0</ele>
      </trkpt>
      <trkpt lat="56.25537" lon="12.86033">
        <ele>10.9</ele>
      </trkpt>
      <trkpt lat="56.25546" lon="12.8605">
        <ele>11.1</ele>
      </trkpt>
      <trkpt lat="56.2556" lon="12.86074">
        <ele>11.5</ele>
      </trkpt>
      <trkpt lat="56.25574" lon="12.86103">
        <ele>12.5</ele>
      </trkpt>
      <trkpt lat="56.25586" lon="12.86131">
        <ele>13.7</ele>
      </trkpt>
      <trkpt lat="56.25603" lon="12.86157">
        <ele>13.5</ele>
      </trkpt>
      <trkpt lat="56.2562" lon="12.86225">
        <ele>12.7</ele>
      </trkpt>
      <trkpt lat="56.25626" lon="12.86264">
        <ele>12.5</ele>
      </trkpt>
      <trkpt lat="56.25626" lon="12.86264">
        <ele>12.5</ele>
      </trkpt>
      <trkpt lat="56.25626" lon="12.86266">
        <ele>12.5</ele>
      </trkpt>
      <trkpt lat="56.25641" lon="12.86297">
        <ele>11.8</ele>
      </trkpt>
      <trkpt lat="56.25648" lon="12.86308">
        <ele>11.5</ele>
      </trkpt>
      <trkpt lat="56.25663" lon="12.86337">
        <ele>11.3</ele>
      </trkpt>
      <trkpt lat="56.25696" lon="12.86386">
        <ele>11.2</ele>
      </trkpt>
      <trkpt lat="56.25708" lon="12.86401">
        <ele>11.1</ele>
      </trkpt>
      <trkpt lat="56.25748" lon="12.86429">
        <ele>10.5</ele>
      </trkpt>
      <trkpt lat="56.25754" lon="12.86432">
        <ele>10.6</ele>
      </trkpt>
      <trkpt lat="56.25754" lon="12.864299">
        <ele>10.5</ele>
      </trkpt>
      <trkpt lat="56.25754" lon="12.86432">
        <ele>10.6</ele>
      </trkpt>
      <trkpt lat="56.2576" lon="12.86434">
        <ele>10.7</ele>
      </trkpt>
      <trkpt lat="56.25771" lon="12.86437">
        <ele>10.9</ele>
      </trkpt>
      <trkpt lat="56.25782" lon="12.86435">
        <ele>11.0</ele>
      </trkpt>
      <trkpt lat="56.25831" lon="12.86438">
        <ele>11.5</ele>
      </trkpt>
      <trkpt lat="56.25842" lon="12.86438">
        <ele>11.3</ele>
      </trkpt>
      <trkpt lat="56.25858" lon="12.8644">
        <ele>11.0</ele>
      </trkpt>
      <trkpt lat="56.25865" lon="12.86444">
        <ele>10.9</ele>
      </trkpt>
      <trkpt lat="56.25863" lon="12.86382">
        <ele>10.9</ele>
      </trkpt>
      <trkpt lat="56.25856" lon="12.863">
        <ele>11.0</ele>
      </trkpt>
      <trkpt lat="56.258532" lon="12.862469">
        <ele>10.8</ele>
      </trkpt>
      <trkpt lat="56.25853" lon="12.86247">
        <ele>10.8</ele>
      </trkpt>
      <trkpt lat="56.25852" lon="12.86223">
        <ele>11.2</ele>
      </trkpt>
      <trkpt lat="56.2586" lon="12.8622">
        <ele>11.2</ele>
      </trkpt>
      <trkpt lat="56.25877" lon="12.86218">
        <ele>11.1</ele>
      </trkpt>
      <trkpt lat="56.25906" lon="12.86231">
        <ele>10.6</ele>
      </trkpt>
      <trkpt lat="56.25976" lon="12.86237">
        <ele>10.4</ele>
      </trkpt>
      <trkpt lat="56.25976" lon="12.86237">
        <ele>10.4</ele>
      </trkpt>
      <trkpt lat="56.2601" lon="12.86241">
        <ele>10.2</ele>
      </trkpt>
      <trkpt lat="56.2605" lon="12.86237">
        <ele>9.7</ele>
      </trkpt>
      <trkpt lat="56.26076" lon="12.86223">
        <ele>9.5</ele>
      </trkpt>
      <trkpt lat="56.26088" lon="12.86202">
        <ele>9.4</ele>
      </trkpt>
      <trkpt lat="56.26089" lon="12.86168">
        <ele>9.7</ele>
      </trkpt>
      <trkpt lat="56.26086" lon="12.86127">
        <ele>10.8</ele>
      </trkpt>
      <trkpt lat="56.26089" lon="12.86109">
        <ele>11.2</ele>
      </trkpt>
      <trkpt lat="56.26132" lon="12.86057">
        <ele>10.7</ele>
      </trkpt>
      <trkpt lat="56.26148" lon="12.86053">
        <ele>10.3</ele>
      </trkpt>
      <trkpt lat="56.26154" lon="12.86034">
        <ele>10.5</ele>
      </trkpt>
      <trkpt lat="56.26163" lon="12.85985">
        <ele>11.3</ele>
      </trkpt>
      <trkpt lat="56.26167" lon="12.85939">
        <ele>11.7</ele>
      </trkpt>
      <trkpt lat="56.26169" lon="12.85935">
        <ele>11.6</ele>
      </trkpt>
      <trkpt lat="56.261705" lon="12.859376">
        <ele>11.5</ele>
      </trkpt>
      <trkpt lat="56.26169" lon="12.85935">
        <ele>11.6</ele>
      </trkpt>
      <trkpt lat="56.2619" lon="12.859">
        <ele>10.9</ele>
      </trkpt>
      <trkpt lat="56.26198" lon="12.85826">
        <ele>11.5</ele>
      </trkpt>
      <trkpt lat="56.26216" lon="12.85797">
        <ele>10.9</ele>
      </trkpt>
      <trkpt lat="56.26234" lon="12.85799">
        <ele>10.1</ele>
      </trkpt>
      <trkpt lat="56.26248" lon="12.85751">
        <ele>10.1</ele>
      </trkpt>
      <trkpt lat="56.26282" lon="12.8572">
        <ele>9.1</ele>
      </trkpt>
      <trkpt lat="56.26301" lon="12.85697">
        <ele>8.4</ele>
      </trkpt>
      <trkpt lat="56.26325" lon="12.85704">
        <ele>7.4</ele>
      </trkpt>
      <trkpt lat="56.2637" lon="12.85708">
        <ele>7.7</ele>
      </trkpt>
      <trkpt lat="56.2637" lon="12.85708">
        <ele>7.7</ele>
      </trkpt>
      <trkpt lat="56.26381" lon="12.85709">
        <ele>7.8</ele>
      </trkpt>
      <trkpt lat="56.26396" lon="12.85697">
        <ele>8.4</ele>
      </trkpt>
      <trkpt lat="56.26433" lon="12.8569">
        <ele>8.3</ele>
      </trkpt>
      <trkpt lat="56.26462" lon="12.85644">
        <ele>7.5</ele>
      </trkpt>
      <trkpt lat="56.26491" lon="12.85604">
        <ele>6.8</ele>
      </trkpt>
      <trkpt lat="56.26502" lon="12.8556">
        <ele>7.4</ele>
      </trkpt>
      <trkpt lat="56.26502" lon="12.85504">
        <ele>8.7</ele>
      </trkpt>
      <trkpt lat="56.26473" lon="12.85447">
        <ele>7.8</ele>
      </trkpt>
      <trkpt lat="56.26459" lon="12.85408">
        <ele>7.9</ele>
      </trkpt>
      <trkpt lat="56.26459" lon="12.85352">
        <ele>7.6</ele>
      </trkpt>
      <trkpt lat="56.26461" lon="12.85287">
        <ele>7.5</ele>
      </trkpt>
      <trkpt lat="56.2646" lon="12.85248">
        <ele>7.8</ele>
      </trkpt>
      <trkpt lat="56.26458" lon="12.85232">
        <ele>8.0</ele>
      </trkpt>
      <trkpt lat="56.26442" lon="12.85176">
        <ele>9.6</ele>
      </trkpt>
      <trkpt lat="56.26405" lon="12.85086">
        <ele>9.4</ele>
      </trkpt>
      <trkpt lat="56.26391" lon="12.85041">
        <ele>8.6</ele>
      </trkpt>
      <trkpt lat="56.264" lon="12.85034">
        <ele>8.0</ele>
      </trkpt>
      <trkpt lat="56.26419" lon="12.85015">
        <ele>6.4</ele>
      </trkpt>
      <trkpt lat="56.26423" lon="12.85004">
        <ele>5.8</ele>
      </trkpt>
      <trkpt lat="56.26423" lon="12.84987">
        <ele>5.4</ele>
      </trkpt>
      <trkpt lat="56.26419" lon="12.84924">
        <ele>4.1</ele>
      </trkpt>
      <trkpt lat="56.26413" lon="12.84872">
        <ele>3.7</ele>
      </trkpt>
      <trkpt lat="56.26413" lon="12.84787">
        <ele>2.7</ele>
      </trkpt>
      <trkpt lat="56.2641" lon="12.84761">
        <ele>2.5</ele>
      </trkpt>
      <trkpt lat="56.26404" lon="12.8468">
        <ele>1.9</ele>
      </trkpt>
      <trkpt lat="56.26404" lon="12.84677">
        <ele>1.9</ele>
      </trkpt>
      <trkpt lat="56.26401" lon="12.84651">
        <ele>2.1</ele>
      </trkpt>
      <trkpt lat="56.26401" lon="12.84623">
        <ele>2.3</ele>
      </trkpt>
      <trkpt lat="56.26401" lon="12.84617">
        <ele>2.3</ele>
      </trkpt>
      <trkpt lat="56.26402" lon="12.84602">
        <ele>2.4</ele>
      </trkpt>
      <trkpt lat="56.264" lon="12.84583">
        <ele>2.6</ele>
      </trkpt>
      <trkpt lat="56.26398" lon="12.84571">
        <ele>2.7</ele>
      </trkpt>
      <trkpt lat="56.26394" lon="12.84551">
        <ele>2.8</ele>
      </trkpt>
      <trkpt lat="56.26394" lon="12.84542">
        <ele>2.8</ele>
      </trkpt>
      <trkpt lat="56.26403" lon="12.84501">
        <ele>2.5</ele>
      </trkpt>
      <trkpt lat="56.26401" lon="12.8448">
        <ele>2.3</ele>
      </trkpt>
      <trkpt lat="56.26401" lon="12.84448">
        <ele>1.9</ele>
      </trkpt>
      <trkpt lat="56.264" lon="12.84384">
        <ele>1.6</ele>
      </trkpt>
      <trkpt lat="56.264001" lon="12.843836">
        <ele>1.6</ele>
      </trkpt>
      <trkpt lat="56.264" lon="12.84376">
        <ele>1.6</ele>
      </trkpt>
      <trkpt lat="56.26394" lon="12.84345">
        <ele>1.8</ele>
      </trkpt>
      <trkpt lat="56.26404" lon="12.8423">
        <ele>2.3</ele>
      </trkpt>
      <trkpt lat="56.26412" lon="12.84185">
        <ele>2.1</ele>
      </trkpt>
      <trkpt lat="56.26417" lon="12.84164">
        <ele>2.0</ele>
      </trkpt>
      <trkpt lat="56.26426" lon="12.84134">
        <ele>1.4</ele>
      </trkpt>
      <trkpt lat="56.26429" lon="12.84113">
        <ele>1.2</ele>
      </trkpt>
      <trkpt lat="56.26428" lon="12.84109">
        <ele>1.1</ele>
      </trkpt>
      <trkpt lat="56.26431" lon="12.84105">
        <ele>1.0</ele>
      </trkpt>
      <trkpt lat="56.26442" lon="12.84075">
        <ele>0.8</ele>
      </trkpt>
      <trkpt lat="56.26451" lon="12.84069">
        <ele>0.8</ele>
      </trkpt>
      <trkpt lat="56.26452" lon="12.84057">
        <ele>0.7</ele>
      </trkpt>
      <trkpt lat="56.26453" lon="12.8405">
        <ele>0.7</ele>
      </trkpt>
      <trkpt lat="56.26445" lon="12.84032">
        <ele>0.6</ele>
      </trkpt>
      <trkpt lat="56.2645" lon="12.84026">
        <ele>0.6</ele>
      </trkpt>
      <trkpt lat="56.26454" lon="12.84013">
        <ele>0.6</ele>
      </trkpt>
      <trkpt lat="56.26467" lon="12.83934">
        <ele>1.2</ele>
      </trkpt>
      <trkpt lat="56.26478" lon="12.83911">
        <ele>1.3</ele>
      </trkpt>
      <trkpt lat="56.26513" lon="12.83863">
        <ele>1.0</ele>
      </trkpt>
      <trkpt lat="56.26541" lon="12.83764">
        <ele>1.8</ele>
      </trkpt>
      <trkpt lat="56.26541" lon="12.83759">
        <ele>1.9</ele>
      </trkpt>
      <trkpt lat="56.26548" lon="12.8375">
        <ele>2.0</ele>
      </trkpt>
      <trkpt lat="56.26556" lon="12.83759">
        <ele>1.9</ele>
      </trkpt>
      <trkpt lat="56.26567" lon="12.83765">
        <ele>1.8</ele>
      </trkpt>
      <trkpt lat="56.26567" lon="12.83765">
        <ele>1.8</ele>
      </trkpt>
      <trkpt lat="56.26609" lon="12.83787">
        <ele>1.2</ele>
      </trkpt>
      <trkpt lat="56.26634" lon="12.8381">
        <ele>0.9</ele>
      </trkpt>
      <trkpt lat="56.26642" lon="12.83811">
        <ele>0.9</ele>
      </trkpt>
      <trkpt lat="56.2666" lon="12.838">
        <ele>0.7</ele>
      </trkpt>
      <trkpt lat="56.266608" lon="12.837999">
        <ele>0.7</ele>
      </trkpt>
      <trkpt lat="56.26661" lon="12.838">
        <ele>0.7</ele>
      </trkpt>
      <trkpt lat="56.2668" lon="12.83798">
        <ele>0.7</ele>
      </trkpt>
      <trkpt lat="56.26689" lon="12.83799">
        <ele>0.9</ele>
      </trkpt>
      <trkpt lat="56.26694" lon="12.83801">
        <ele>0.9</ele>
      </trkpt>
      <trkpt lat="56.26699" lon="12.83809">
        <ele>1.1</ele>
      </trkpt>
      <trkpt lat="56.267" lon="12.83821">
        <ele>1.3</ele>
      </trkpt>
      <trkpt lat="56.26701" lon="12.83821">
        <ele>1.3</ele>
      </trkpt>
      <trkpt lat="56.26701" lon="12.83844">
        <ele>1.5</ele>
      </trkpt>
      <trkpt lat="56.26702" lon="12.8394">
        <ele>1.6</ele>
      </trkpt>
      <trkpt lat="56.267033" lon="12.839396">
        <ele>1.6</ele>
      </trkpt>
      <trkpt lat="56.267129" lon="12.842479">
        <ele>2.3</ele>
      </trkpt>
      <trkpt lat="56.267429" lon="12.842343">
        <ele>2.3</ele>
      </trkpt>
      <trkpt lat="56.268049" lon="12.843142">
        <ele>2.4</ele>
      </trkpt>
      <trkpt lat="56.268419" lon="12.843216">
        <ele>2.6</ele>
      </trkpt>
      <trkpt lat="56.268579" lon="12.843161">
        <ele>2.8</ele>
      </trkpt>
      <trkpt lat="56.268919" lon="12.842847">
        <ele>2.8</ele>
      </trkpt>
      <trkpt lat="56.269743" lon="12.84186">
        <ele>2.9</ele>
      </trkpt>
      <trkpt lat="56.270997" lon="12.840074">
        <ele>3.1</ele>
      </trkpt>
      <trkpt lat="56.271848" lon="12.83865">
        <ele>3.4</ele>
      </trkpt>
      <trkpt lat="56.272211" lon="12.837565">
        <ele>3.5</ele>
      </trkpt>
      <trkpt lat="56.272781" lon="12.836727">
        <ele>3.8</ele>
      </trkpt>
      <trkpt lat="56.272934" lon="12.836323">
        <ele>4.1</ele>
      </trkpt>
      <trkpt lat="56.273362" lon="12.836162">
        <ele>4.3</ele>
      </trkpt>
      <trkpt lat="56.273497" lon="12.836055">
        <ele>4.6</ele>
      </trkpt>
      <trkpt lat="56.274325" lon="12.834987">
        <ele>4.7</ele>
      </trkpt>
      <trkpt lat="56.275392" lon="12.833826">
        <ele>5.0</ele>
      </trkpt>
      <trkpt lat="56.276082" lon="12.832795">
        <ele>5.2</ele>
      </trkpt>
      <trkpt lat="56.276214" lon="12.832713">
        <ele>5.4</ele>
      </trkpt>
      <trkpt lat="56.27664" lon="12.832677">
        <ele>5.7</ele>
      </trkpt>
      <trkpt lat="56.276763" lon="12.832624">
        <ele>6.0</ele>
      </trkpt>
      <trkpt lat="56.277291" lon="12.832237">
        <ele>6.1</ele>
      </trkpt>
      <trkpt lat="56.277645" lon="12.831907">
        <ele>5.6</ele>
      </trkpt>
      <trkpt lat="56.27764" lon="12.83189">
        <ele>5.6</ele>
      </trkpt>
      <trkpt lat="56.27785" lon="12.8317">
        <ele>5.1</ele>
      </trkpt>
      <trkpt lat="56.27785" lon="12.8317">
        <ele>5.1</ele>
      </trkpt>
      <trkpt lat="56.2779" lon="12.83165">
        <ele>4.9</ele>
      </trkpt>
      <trkpt lat="56.27806" lon="12.83158">
        <ele>4.7</ele>
      </trkpt>
      <trkpt lat="56.278061" lon="12.831563">
        <ele>4.6</ele>
      </trkpt>
      <trkpt lat="56.278227" lon="12.831519">
        <ele>7.1</ele>
      </trkpt>
      <trkpt lat="56.279912" lon="12.830662">
        <ele>7.3</ele>
      </trkpt>
      <trkpt lat="56.280614" lon="12.830176">
        <ele>7.6</ele>
      </trkpt>
      <trkpt lat="56.28093" lon="12.830042">
        <ele>7.7</ele>
      </trkpt>
      <trkpt lat="56.281227" lon="12.829805">
        <ele>7.7</ele>
      </trkpt>
      <trkpt lat="56.281533" lon="12.829878">
        <ele>7.9</ele>
      </trkpt>
      <trkpt lat="56.281889" lon="12.829495">
        <ele>7.9</ele>
      </trkpt>
      <trkpt lat="56.282046" lon="12.829248">
        <ele>7.9</ele>
      </trkpt>
      <trkpt lat="56.282819" lon="12.827534">
        <ele>7.7</ele>
      </trkpt>
      <trkpt lat="56.283146" lon="12.826426">
        <ele>7.6</ele>
      </trkpt>
      <trkpt lat="56.283458" lon="12.825729">
        <ele>7.7</ele>
      </trkpt>
      <trkpt lat="56.284196" lon="12.824609">
        <ele>7.7</ele>
      </trkpt>
      <trkpt lat="56.285327" lon="12.823066">
        <ele>7.7</ele>
      </trkpt>
      <trkpt lat="56.28618" lon="12.821348">
        <ele>7.6</ele>
      </trkpt>
      <trkpt lat="56.286548" lon="12.820243">
        <ele>7.5</ele>
      </trkpt>
      <trkpt lat="56.286941" lon="12.819548">
        <ele>7.3</ele>
      </trkpt>
      <trkpt lat="56.28756" lon="12.818017">
        <ele>7.3</ele>
      </trkpt>
      <trkpt lat="56.287758" lon="12.817431">
        <ele>7.1</ele>
      </trkpt>
      <trkpt lat="56.287839" lon="12.816979">
        <ele>6.9</ele>
      </trkpt>
      <trkpt lat="56.287866" lon="12.816493">
        <ele>6.7</ele>
      </trkpt>
      <trkpt lat="56.287759" lon="12.815764">
        <ele>6.5</ele>
      </trkpt>
      <trkpt lat="56.287677" lon="12.815558">
        <ele>6.3</ele>
      </trkpt>
      <trkpt lat="56.287263" lon="12.815302">
        <ele>6.1</ele>
      </trkpt>
      <trkpt lat="56.287151" lon="12.815158">
        <ele>5.9</ele>
      </trkpt>
      <trkpt lat="56.287084" lon="12.814936">
        <ele>5.8</ele>
      </trkpt>
      <trkpt lat="56.287039" lon="12.814461">
        <ele>5.6</ele>
      </trkpt>
      <trkpt lat="56.287124" lon="12.811632">
        <ele>5.4</ele>
      </trkpt>
      <trkpt lat="56.287642" lon="12.808777">
        <ele>5.1</ele>
      </trkpt>
      <trkpt lat="56.287707" lon="12.80857">
        <ele>4.9</ele>
      </trkpt>
      <trkpt lat="56.287916" lon="12.808274">
        <ele>4.7</ele>
      </trkpt>
      <trkpt lat="56.288627" lon="12.807644">
        <ele>4.7</ele>
      </trkpt>
      <trkpt lat="56.288984" lon="12.807394">
        <ele>4.6</ele>
      </trkpt>
      <trkpt lat="56.28971" lon="12.807123">
        <ele>4.5</ele>
      </trkpt>
      <trkpt lat="56.289949" lon="12.806976">
        <ele>4.5</ele>
      </trkpt>
      <trkpt lat="56.290297" lon="12.806377">
        <ele>4.4</ele>
      </trkpt>
      <trkpt lat="56.290598" lon="12.806103">
        <ele>4.4</ele>
      </trkpt>
      <trkpt lat="56.290661" lon="12.805981">
        <ele>4.3</ele>
      </trkpt>
      <trkpt lat="56.29141" lon="12.803862">
        <ele>4.2</ele>
      </trkpt>
      <trkpt lat="56.2915" lon="12.803714">
        <ele>4.2</ele>
      </trkpt>
      <trkpt lat="56.291666" lon="12.80356">
        <ele>4.2</ele>
      </trkpt>
      <trkpt lat="56.291803" lon="12.803302">
        <ele>4.2</ele>
      </trkpt>
      <trkpt lat="56.292027" lon="12.803156">
        <ele>4.3</ele>
      </trkpt>
      <trkpt lat="56.292363" lon="12.803028">
        <ele>4.5</ele>
      </trkpt>
      <trkpt lat="56.292454" lon="12.802936">
        <ele>4.5</ele>
      </trkpt>
      <trkpt lat="56.293088" lon="12.801334">
        <ele>4.7</ele>
      </trkpt>
      <trkpt lat="56.292813" lon="12.80101">
        <ele>4.6</ele>
      </trkpt>
      <trkpt lat="56.292732" lon="12.800827">
        <ele>4.6</ele>
      </trkpt>
      <trkpt lat="56.292765" lon="12.800468">
        <ele>4.7</ele>
      </trkpt>
      <trkpt lat="56.292935" lon="12.799738">
        <ele>4.8</ele>
      </trkpt>
      <trkpt lat="56.293485" lon="12.797959">
        <ele>5.0</ele>
      </trkpt>
      <trkpt lat="56.293959" lon="12.796997">
        <ele>5.2</ele>
      </trkpt>
      <trkpt lat="56.294274" lon="12.796206">
        <ele>5.4</ele>
      </trkpt>
      <trkpt lat="56.294333" lon="12.79511">
        <ele>5.5</ele>
      </trkpt>
      <trkpt lat="56.294737" lon="12.792752">
        <ele>5.4</ele>
      </trkpt>
      <trkpt lat="56.294945" lon="12.791826">
        <ele>5.4</ele>
      </trkpt>
      <trkpt lat="56.295012" lon="12.791728">
        <ele>5.5</ele>
      </trkpt>
      <trkpt lat="56.295237" lon="12.791809">
        <ele>5.6</ele>
      </trkpt>
      <trkpt lat="56.295874" lon="12.791592">
        <ele>5.7</ele>
      </trkpt>
      <trkpt lat="56.296389" lon="12.791291">
        <ele>5.9</ele>
      </trkpt>
      <trkpt lat="56.29659" lon="12.791091">
        <ele>6.0</ele>
      </trkpt>
      <trkpt lat="56.296746" lon="12.790801">
        <ele>6.2</ele>
      </trkpt>
      <trkpt lat="56.297112" lon="12.79034">
        <ele>6.5</ele>
      </trkpt>
      <trkpt lat="56.297267" lon="12.789652">
        <ele>6.6</ele>
      </trkpt>
      <trkpt lat="56.297472" lon="12.7892">
        <ele>6.6</ele>
      </trkpt>
      <trkpt lat="56.29788" lon="12.78847">
        <ele>6.7</ele>
      </trkpt>
      <trkpt lat="56.298357" lon="12.78793">
        <ele>6.9</ele>
      </trkpt>
      <trkpt lat="56.298725" lon="12.787161">
        <ele>7.1</ele>
      </trkpt>
      <trkpt lat="56.2989" lon="12.786646">
        <ele>7.1</ele>
      </trkpt>
      <trkpt lat="56.298929" lon="12.786485">
        <ele>7.2</ele>
      </trkpt>
      <trkpt lat="56.298893" lon="12.786142">
        <ele>7.3</ele>
      </trkpt>
      <trkpt lat="56.298996" lon="12.785809">
        <ele>7.4</ele>
      </trkpt>
      <trkpt lat="56.299601" lon="12.784611">
        <ele>7.6</ele>
      </trkpt>
      <trkpt lat="56.299773" lon="12.784099">
        <ele>7.7</ele>
      </trkpt>
      <trkpt lat="56.299807" lon="12.782843">
        <ele>7.6</ele>
      </trkpt>
      <trkpt lat="56.30004" lon="12.781762">
        <ele>7.7</ele>
      </trkpt>
      <trkpt lat="56.300161" lon="12.780674">
        <ele>7.7</ele>
      </trkpt>
      <trkpt lat="56.300164" lon="12.779749">
        <ele>7.8</ele>
      </trkpt>
      <trkpt lat="56.300223" lon="12.779313">
        <ele>7.8</ele>
      </trkpt>
      <trkpt lat="56.300174" lon="12.778637">
        <ele>7.8</ele>
      </trkpt>
      <trkpt lat="56.300278" lon="12.778137">
        <ele>7.7</ele>
      </trkpt>
      <trkpt lat="56.300198" lon="12.77743">
        <ele>7.5</ele>
      </trkpt>
      <trkpt lat="56.300245" lon="12.776889">
        <ele>7.5</ele>
      </trkpt>
      <trkpt lat="56.300155" lon="12.776372">
        <ele>7.3</ele>
      </trkpt>
      <trkpt lat="56.300294" lon="12.775373">
        <ele>7.2</ele>
      </trkpt>
      <trkpt lat="56.300469" lon="12.774667">
        <ele>7.1</ele>
      </trkpt>
      <trkpt lat="56.300511" lon="12.773959">
        <ele>6.9</ele>
      </trkpt>
      <trkpt lat="56.300876" lon="12.772715">
        <ele>6.7</ele>
      </trkpt>
      <trkpt lat="56.300964" lon="12.772668">
        <ele>6.6</ele>
      </trkpt>
      <trkpt lat="56.301094" lon="12.772235">
        <ele>6.5</ele>
      </trkpt>
      <trkpt lat="56.301148" lon="12.771689">
        <ele>6.3</ele>
      </trkpt>
      <trkpt lat="56.301308" lon="12.771526">
        <ele>6.2</ele>
      </trkpt>
      <trkpt lat="56.301448" lon="12.771282">
        <ele>6.0</ele>
      </trkpt>
      <trkpt lat="56.301796" lon="12.770107">
        <ele>5.8</ele>
      </trkpt>
      <trkpt lat="56.301931" lon="12.769811">
        <ele>5.7</ele>
      </trkpt>
      <trkpt lat="56.301978" lon="12.76931">
        <ele>5.5</ele>
      </trkpt>
      <trkpt lat="56.302195" lon="12.768791">
        <ele>5.4</ele>
      </trkpt>
      <trkpt lat="56.302286" lon="12.768844">
        <ele>5.3</ele>
      </trkpt>
      <trkpt lat="56.302413" lon="12.768604">
        <ele>5.2</ele>
      </trkpt>
      <trkpt lat="56.302468" lon="12.768269">
        <ele>5.1</ele>
      </trkpt>
      <trkpt lat="56.302691" lon="12.767917">
        <ele>5.0</ele>
      </trkpt>
      <trkpt lat="56.303285" lon="12.767272">
        <ele>4.9</ele>
      </trkpt>
      <trkpt lat="56.303747" lon="12.766918">
        <ele>4.8</ele>
      </trkpt>
      <trkpt lat="56.303936" lon="12.766512">
        <ele>4.8</ele>
      </trkpt>
      <trkpt lat="56.304335" lon="12.766117">
        <ele>4.8</ele>
      </trkpt>
      <trkpt lat="56.304682" lon="12.765986">
        <ele>4.8</ele>
      </trkpt>
      <trkpt lat="56.305638" lon="12.765404">
        <ele>4.8</ele>
      </trkpt>
      <trkpt lat="56.305896" lon="12.765334">
        <ele>4.7</ele>
      </trkpt>
      <trkpt lat="56.30657" lon="12.764796">
        <ele>4.7</ele>
      </trkpt>
      <trkpt lat="56.30694" lon="12.764019">
        <ele>4.8</ele>
      </trkpt>
      <trkpt lat="56.307119" lon="12.763504">
        <ele>4.9</ele>
      </trkpt>
      <trkpt lat="56.307587" lon="12.762726">
        <ele>5.0</ele>
      </trkpt>
      <trkpt lat="56.307723" lon="12.762411">
        <ele>5.0</ele>
      </trkpt>
      <trkpt lat="56.307823" lon="12.762331">
        <ele>5.1</ele>
      </trkpt>
      <trkpt lat="56.3084" lon="12.76242">
        <ele>5.2</ele>
      </trkpt>
      <trkpt lat="56.308614" lon="12.76255">
        <ele>5.2</ele>
      </trkpt>
      <trkpt lat="56.308701" lon="12.762665">
        <ele>5.3</ele>
      </trkpt>
      <trkpt lat="56.308974" lon="12.763354">
        <ele>5.4</ele>
      </trkpt>
      <trkpt lat="56.309284" lon="12.763648">
        <ele>5.5</ele>
      </trkpt>
      <trkpt lat="56.31134" lon="12.764348">
        <ele>5.6</ele>
      </trkpt>
      <trkpt lat="56.311698" lon="12.764426">
        <ele>5.7</ele>
      </trkpt>
      <trkpt lat="56.312709" lon="12.764805">
        <ele>5.7</ele>
      </trkpt>
      <trkpt lat="56.313098" lon="12.764874">
        <ele>5.9</ele>
      </trkpt>
      <trkpt lat="56.314299" lon="12.764674">
        <ele>6.1</ele>
      </trkpt>
      <trkpt lat="56.314984" lon="12.764679">
        <ele>6.2</ele>
      </trkpt>
      <trkpt lat="56.315286" lon="12.764557">
        <ele>6.3</ele>
      </trkpt>
      <trkpt lat="56.315561" lon="12.764311">
        <ele>6.2</ele>
      </trkpt>
      <trkpt lat="56.316992" lon="12.763698">
        <ele>6.2</ele>
      </trkpt>
      <trkpt lat="56.317195" lon="12.763581">
        <ele>6.2</ele>
      </trkpt>
      <trkpt lat="56.317247" lon="12.763499">
        <ele>6.1</ele>
      </trkpt>
      <trkpt lat="56.317918" lon="12.763151">
        <ele>6.1</ele>
      </trkpt>
      <trkpt lat="56.319335" lon="12.762548">
        <ele>6.1</ele>
      </trkpt>
      <trkpt lat="56.320209" lon="12.762238">
        <ele>5.9</ele>
      </trkpt>
      <trkpt lat="56.320616" lon="12.761837">
        <ele>5.9</ele>
      </trkpt>
      <trkpt lat="56.321005" lon="12.761319">
        <ele>5.8</ele>
      </trkpt>
      <trkpt lat="56.321392" lon="12.761078">
        <ele>5.7</ele>
      </trkpt>
      <trkpt lat="56.321692" lon="12.760762">
        <ele>5.5</ele>
      </trkpt>
      <trkpt lat="56.322318" lon="12.76054">
        <ele>5.5</ele>
      </trkpt>
      <trkpt lat="56.322748" lon="12.760459">
        <ele>5.4</ele>
      </trkpt>
      <trkpt lat="56.323267" lon="12.760415">
        <ele>5.3</ele>
      </trkpt>
      <trkpt lat="56.323572" lon="12.760451">
        <ele>5.2</ele>
      </trkpt>
      <trkpt lat="56.324188" lon="12.760267">
        <ele>5.1</ele>
      </trkpt>
      <trkpt lat="56.324259" lon="12.760345">
        <ele>5.0</ele>
      </trkpt>
      <trkpt lat="56.324375" lon="12.760307">
        <ele>4.9</ele>
      </trkpt>
      <trkpt lat="56.324761" lon="12.759998">
        <ele>4.7</ele>
      </trkpt>
      <trkpt lat="56.326732" lon="12.758847">
        <ele>4.6</ele>
      </trkpt>
      <trkpt lat="56.326832" lon="12.758808">
        <ele>1.3</ele>
      </trkpt>
      <trkpt lat="56.32683" lon="12.7588">
        <ele>1.2</ele>
      </trkpt>
      <trkpt lat="56.32688" lon="12.75879">
        <ele>1.2</ele>
      </trkpt>
      <trkpt lat="56.32695" lon="12.75878">
        <ele>1.3</ele>
      </trkpt>
      <trkpt lat="56.32702" lon="12.75879">
        <ele>1.3</ele>
      </trkpt>
      <trkpt lat="56.32706" lon="12.7588">
        <ele>1.4</ele>
      </trkpt>
      <trkpt lat="56.32709" lon="12.75879">
        <ele>1.4</ele>
      </trkpt>
      <trkpt lat="56.32709" lon="12.75879">
        <ele>1.4</ele>
      </trkpt>
      <trkpt lat="56.3271" lon="12.7589">
        <ele>1.7</ele>
      </trkpt>
      <trkpt lat="56.3271" lon="12.75898">
        <ele>2.0</ele>
      </trkpt>
      <trkpt lat="56.32709" lon="12.75904">
        <ele>2.1</ele>
      </trkpt>
      <trkpt lat="56.32707" lon="12.75911">
        <ele>2.3</ele>
      </trkpt>
      <trkpt lat="56.32705" lon="12.7592">
        <ele>2.6</ele>
      </trkpt>
      <trkpt lat="56.32703" lon="12.75925">
        <ele>2.7</ele>
      </trkpt>
      <trkpt lat="56.32702" lon="12.7593">
        <ele>2.9</ele>
      </trkpt>
      <trkpt lat="56.32702" lon="12.75934">
        <ele>3.0</ele>
      </trkpt>
      <trkpt lat="56.32703" lon="12.7594">
        <ele>3.3</ele>
      </trkpt>
      <trkpt lat="56.32704" lon="12.75947">
        <ele>3.5</ele>
      </trkpt>
      <trkpt lat="56.32713" lon="12.75985">
        <ele>5.0</ele>
      </trkpt>
      <trkpt lat="56.32734" lon="12.76075">
        <ele>5.8</ele>
      </trkpt>
      <trkpt lat="56.32735" lon="12.76079">
        <ele>5.8</ele>
      </trkpt>
      <trkpt lat="56.32738" lon="12.7609">
        <ele>5.9</ele>
      </trkpt>
      <trkpt lat="56.32738" lon="12.7609">
        <ele>5.9</ele>
      </trkpt>
      <trkpt lat="56.32744" lon="12.76085">
        <ele>5.9</ele>
      </trkpt>
      <trkpt lat="56.32762" lon="12.76074">
        <ele>6.1</ele>
      </trkpt>
      <trkpt lat="56.32777" lon="12.76066">
        <ele>6.3</ele>
      </trkpt>
      <trkpt lat="56.32793" lon="12.76057">
        <ele>6.4</ele>
      </trkpt>
      <trkpt lat="56.32797" lon="12.76056">
        <ele>6.4</ele>
      </trkpt>
      <trkpt lat="56.32819" lon="12.76045">
        <ele>6.4</ele>
      </trkpt>
      <trkpt lat="56.32847" lon="12.76032">
        <ele>6.3</ele>
      </trkpt>
      <trkpt lat="56.32851" lon="12.76029">
        <ele>6.2</ele>
      </trkpt>
      <trkpt lat="56.32926" lon="12.75994">
        <ele>5.1</ele>
      </trkpt>
      <trkpt lat="56.3293" lon="12.75991">
        <ele>5.2</ele>
      </trkpt>
      <trkpt lat="56.32954" lon="12.75981">
        <ele>5.6</ele>
      </trkpt>
      <trkpt lat="56.32975" lon="12.75971">
        <ele>5.8</ele>
      </trkpt>
      <trkpt lat="56.3298" lon="12.75972">
        <ele>5.9</ele>
      </trkpt>
      <trkpt lat="56.32988" lon="12.75967">
        <ele>6.0</ele>
      </trkpt>
      <trkpt lat="56.32997" lon="12.75962">
        <ele>6.0</ele>
      </trkpt>
      <trkpt lat="56.33018" lon="12.75953">
        <ele>5.9</ele>
      </trkpt>
      <trkpt lat="56.33036" lon="12.75944">
        <ele>5.7</ele>
      </trkpt>
      <trkpt lat="56.3304" lon="12.75942">
        <ele>5.6</ele>
      </trkpt>
      <trkpt lat="56.33075" lon="12.75926">
        <ele>5.2</ele>
      </trkpt>
      <trkpt lat="56.33078" lon="12.75925">
        <ele>5.2</ele>
      </trkpt>
      <trkpt lat="56.33082" lon="12.75926">
        <ele>5.2</ele>
      </trkpt>
      <trkpt lat="56.33085" lon="12.75931">
        <ele>5.3</ele>
      </trkpt>
      <trkpt lat="56.33088" lon="12.75935">
        <ele>5.4</ele>
      </trkpt>
      <trkpt lat="56.33089" lon="12.7594">
        <ele>5.5</ele>
      </trkpt>
      <trkpt lat="56.33089" lon="12.7594">
        <ele>5.5</ele>
      </trkpt>
      <trkpt lat="56.33091" lon="12.75948">
        <ele>5.7</ele>
      </trkpt>
      <trkpt lat="56.33101" lon="12.76006">
        <ele>6.9</ele>
      </trkpt>
      <trkpt lat="56.33103" lon="12.76013">
        <ele>7.1</ele>
      </trkpt>
      <trkpt lat="56.33111" lon="12.76055">
        <ele>8.0</ele>
      </trkpt>
      <trkpt lat="56.33113" lon="12.76065">
        <ele>8.2</ele>
      </trkpt>
      <trkpt lat="56.33118" lon="12.76092">
        <ele>8.8</ele>
      </trkpt>
      <trkpt lat="56.33118" lon="12.76092">
        <ele>8.8</ele>
      </trkpt>
      <trkpt lat="56.33165" lon="12.76071">
        <ele>7.7</ele>
      </trkpt>
      <trkpt lat="56.33169" lon="12.76069">
        <ele>7.7</ele>
      </trkpt>
      <trkpt lat="56.33171" lon="12.76067">
        <ele>7.7</ele>
      </trkpt>
      <trkpt lat="56.33175" lon="12.76062">
        <ele>7.6</ele>
      </trkpt>
      <trkpt lat="56.33179" lon="12.76058">
        <ele>7.5</ele>
      </trkpt>
      <trkpt lat="56.33184" lon="12.76052">
        <ele>7.4</ele>
      </trkpt>
      <trkpt lat="56.33189" lon="12.76045">
        <ele>7.2</ele>
      </trkpt>
      <trkpt lat="56.33196" lon="12.76035">
        <ele>7.0</ele>
      </trkpt>
      <trkpt lat="56.33201" lon="12.76028">
        <ele>6.8</ele>
      </trkpt>
      <trkpt lat="56.33206" lon="12.76022">
        <ele>6.7</ele>
      </trkpt>
      <trkpt lat="56.3321" lon="12.76018">
        <ele>6.5</ele>
      </trkpt>
      <trkpt lat="56.33214" lon="12.76015">
        <ele>6.5</ele>
      </trkpt>
      <trkpt lat="56.33215" lon="12.76013">
        <ele>6.4</ele>
      </trkpt>
      <trkpt lat="56.33222" lon="12.7601">
        <ele>6.3</ele>
      </trkpt>
      <trkpt lat="56.33227" lon="12.76009">
        <ele>6.3</ele>
      </trkpt>
      <trkpt lat="56.33231" lon="12.76009">
        <ele>6.3</ele>
      </trkpt>
      <trkpt lat="56.33232" lon="12.76009">
        <ele>6.3</ele>
      </trkpt>
      <trkpt lat="56.33234" lon="12.76009">
        <ele>6.3</ele>
      </trkpt>
      <trkpt lat="56.3324" lon="12.7601">
        <ele>6.3</ele>
      </trkpt>
      <trkpt lat="56.33244" lon="12.76011">
        <ele>6.4</ele>
      </trkpt>
      <trkpt lat="56.33249" lon="12.76012">
        <ele>6.4</ele>
      </trkpt>
      <trkpt lat="56.33253" lon="12.76013">
        <ele>6.5</ele>
      </trkpt>
      <trkpt lat="56.33253" lon="12.76013">
        <ele>6.5</ele>
      </trkpt>
      <trkpt lat="56.33253" lon="12.76016">
        <ele>6.6</ele>
      </trkpt>
      <trkpt lat="56.3325" lon="12.76044">
        <ele>7.6</ele>
      </trkpt>
      <trkpt lat="56.33249" lon="12.76058">
        <ele>8.1</ele>
      </trkpt>
      <trkpt lat="56.33247" lon="12.76076">
        <ele>8.7</ele>
      </trkpt>
      <trkpt lat="56.33246" lon="12.76094">
        <ele>9.3</ele>
      </trkpt>
      <trkpt lat="56.33244" lon="12.7612">
        <ele>10.2</ele>
      </trkpt>
      <trkpt lat="56.33244" lon="12.7612">
        <ele>10.2</ele>
      </trkpt>
      <trkpt lat="56.33248" lon="12.7612">
        <ele>10.3</ele>
      </trkpt>
      <trkpt lat="56.33255" lon="12.76117">
        <ele>10.3</ele>
      </trkpt>
      <trkpt lat="56.33265" lon="12.7611">
        <ele>10.1</ele>
      </trkpt>
      <trkpt lat="56.33276" lon="12.76104">
        <ele>10.1</ele>
      </trkpt>
      <trkpt lat="56.33279" lon="12.76102">
        <ele>10.0</ele>
      </trkpt>
      <trkpt lat="56.33292" lon="12.76093">
        <ele>9.9</ele>
      </trkpt>
      <trkpt lat="56.33293" lon="12.76092">
        <ele>9.8</ele>
      </trkpt>
      <trkpt lat="56.33296" lon="12.7609">
        <ele>9.8</ele>
      </trkpt>
      <trkpt lat="56.33299" lon="12.76086">
        <ele>9.7</ele>
      </trkpt>
      <trkpt lat="56.33303" lon="12.76081">
        <ele>9.6</ele>
      </trkpt>
      <trkpt lat="56.33305" lon="12.76077">
        <ele>9.5</ele>
      </trkpt>
      <trkpt lat="56.33308" lon="12.76074">
        <ele>9.4</ele>
      </trkpt>
      <trkpt lat="56.33312" lon="12.76068">
        <ele>9.3</ele>
      </trkpt>
      <trkpt lat="56.33321" lon="12.76054">
        <ele>9.1</ele>
      </trkpt>
      <trkpt lat="56.33324" lon="12.76049">
        <ele>9.0</ele>
      </trkpt>
      <trkpt lat="56.33333" lon="12.76034">
        <ele>8.8</ele>
      </trkpt>
      <trkpt lat="56.33334" lon="12.76031">
        <ele>8.7</ele>
      </trkpt>
      <trkpt lat="56.33337" lon="12.76027">
        <ele>8.6</ele>
      </trkpt>
      <trkpt lat="56.33341" lon="12.76024">
        <ele>8.5</ele>
      </trkpt>
      <trkpt lat="56.33345" lon="12.76019">
        <ele>8.3</ele>
      </trkpt>
      <trkpt lat="56.33349" lon="12.76016">
        <ele>8.2</ele>
      </trkpt>
      <trkpt lat="56.33351" lon="12.76015">
        <ele>8.2</ele>
      </trkpt>
      <trkpt lat="56.33354" lon="12.76015">
        <ele>8.2</ele>
      </trkpt>
      <trkpt lat="56.33356" lon="12.76017">
        <ele>8.2</ele>
      </trkpt>
      <trkpt lat="56.33358" lon="12.76021">
        <ele>8.3</ele>
      </trkpt>
      <trkpt lat="56.33361" lon="12.76028">
        <ele>8.5</ele>
      </trkpt>
      <trkpt lat="56.33363" lon="12.76038">
        <ele>8.7</ele>
      </trkpt>
      <trkpt lat="56.33364" lon="12.76043">
        <ele>8.9</ele>
      </trkpt>
      <trkpt lat="56.33366" lon="12.76047">
        <ele>9.0</ele>
      </trkpt>
      <trkpt lat="56.33367" lon="12.76049">
        <ele>9.0</ele>
      </trkpt>
      <trkpt lat="56.3337" lon="12.76055">
        <ele>9.2</ele>
      </trkpt>
      <trkpt lat="56.3337" lon="12.76055">
        <ele>9.2</ele>
      </trkpt>
      <trkpt lat="56.33409" lon="12.76032">
        <ele>8.2</ele>
      </trkpt>
      <trkpt lat="56.3346" lon="12.76001">
        <ele>8.1</ele>
      </trkpt>
      <trkpt lat="56.33479" lon="12.75989">
        <ele>8.4</ele>
      </trkpt>
      <trkpt lat="56.33496" lon="12.75979">
        <ele>8.7</ele>
      </trkpt>
      <trkpt lat="56.33511" lon="12.7597">
        <ele>8.9</ele>
      </trkpt>
      <trkpt lat="56.33513" lon="12.75968">
        <ele>8.9</ele>
      </trkpt>
      <trkpt lat="56.33529" lon="12.75954">
        <ele>9.0</ele>
      </trkpt>
      <trkpt lat="56.33549" lon="12.75938">
        <ele>9.0</ele>
      </trkpt>
      <trkpt lat="56.33576" lon="12.75919">
        <ele>9.0</ele>
      </trkpt>
      <trkpt lat="56.33576" lon="12.75919">
        <ele>9.0</ele>
      </trkpt>
      <trkpt lat="56.33573" lon="12.75986">
        <ele>10.4</ele>
      </trkpt>
      <trkpt lat="56.335744" lon="12.759866">
        <ele>10.5</ele>
      </trkpt>
      <trkpt lat="56.3357" lon="12.76071">
        <ele>11.8</ele>
      </trkpt>
      <trkpt lat="56.33563" lon="12.76225">
        <ele>14.0</ele>
      </trkpt>
      <trkpt lat="56.33556" lon="12.76378">
        <ele>15.0</ele>
      </trkpt>
      <trkpt lat="56.33548" lon="12.76531">
        <ele>14.0</ele>
      </trkpt>
      <trkpt lat="56.33541" lon="12.76684">
        <ele>14.0</ele>
      </trkpt>
      <trkpt lat="56.3354" lon="12.76738">
        <ele>14.0</ele>
      </trkpt>
      <trkpt lat="56.33542" lon="12.76782">
        <ele>14.2</ele>
      </trkpt>
      <trkpt lat="56.33554" lon="12.76891">
        <ele>14.6</ele>
      </trkpt>
      <trkpt lat="56.33566" lon="12.77">
        <ele>15.0</ele>
      </trkpt>
      <trkpt lat="56.33578" lon="12.77109">
        <ele>15.0</ele>
      </trkpt>
      <trkpt lat="56.3359" lon="12.77183">
        <ele>15.3</ele>
      </trkpt>
      <trkpt lat="56.33615" lon="12.77275">
        <ele>16.7</ele>
      </trkpt>
      <trkpt lat="56.3364" lon="12.77367">
        <ele>17.7</ele>
      </trkpt>
      <trkpt lat="56.33648" lon="12.77407">
        <ele>17.8</ele>
      </trkpt>
      <trkpt lat="56.33648" lon="12.77439">
        <ele>17.8</ele>
      </trkpt>
      <trkpt lat="56.33637" lon="12.77558">
        <ele>18.7</ele>
      </trkpt>
      <trkpt lat="56.33629" lon="12.77613">
        <ele>19.7</ele>
      </trkpt>
      <trkpt lat="56.33619" lon="12.77654">
        <ele>20.7</ele>
      </trkpt>
      <trkpt lat="56.33579" lon="12.77794">
        <ele>22.5</ele>
      </trkpt>
      <trkpt lat="56.33577" lon="12.77805">
        <ele>22.7</ele>
      </trkpt>
      <trkpt lat="56.33577" lon="12.77817">
        <ele>22.8</ele>
      </trkpt>
      <trkpt lat="56.33574" lon="12.77821">
        <ele>22.9</ele>
      </trkpt>
      <trkpt lat="56.33568" lon="12.77832">
        <ele>23.0</ele>
      </trkpt>
      <trkpt lat="56.33556" lon="12.77878">
        <ele>23.5</ele>
      </trkpt>
      <trkpt lat="56.33535" lon="12.77977">
        <ele>24.7</ele>
      </trkpt>
      <trkpt lat="56.33518" lon="12.78082">
        <ele>25.8</ele>
      </trkpt>
      <trkpt lat="56.335" lon="12.78186">
        <ele>27.0</ele>
      </trkpt>
      <trkpt lat="56.33493" lon="12.7821">
        <ele>26.8</ele>
      </trkpt>
      <trkpt lat="56.33488" lon="12.78221">
        <ele>26.7</ele>
      </trkpt>
      <trkpt lat="56.33545" lon="12.78328">
        <ele>26.0</ele>
      </trkpt>
      <trkpt lat="56.33601" lon="12.78436">
        <ele>26.5</ele>
      </trkpt>
      <trkpt lat="56.33655" lon="12.78527">
        <ele>28.3</ele>
      </trkpt>
      <trkpt lat="56.33709" lon="12.78619">
        <ele>28.3</ele>
      </trkpt>
      <trkpt lat="56.33754" lon="12.78694">
        <ele>29.0</ele>
      </trkpt>
      <trkpt lat="56.33799" lon="12.78769">
        <ele>29.0</ele>
      </trkpt>
      <trkpt lat="56.33844" lon="12.78844">
        <ele>29.6</ele>
      </trkpt>
      <trkpt lat="56.33883" lon="12.78917">
        <ele>28.6</ele>
      </trkpt>
      <trkpt lat="56.33905" lon="12.78967">
        <ele>28.2</ele>
      </trkpt>
      <trkpt lat="56.33933" lon="12.79046">
        <ele>27.6</ele>
      </trkpt>
      <trkpt lat="56.3396" lon="12.79126">
        <ele>27.0</ele>
      </trkpt>
      <trkpt lat="56.33997" lon="12.79225">
        <ele>26.3</ele>
      </trkpt>
      <trkpt lat="56.34019" lon="12.79271">
        <ele>25.7</ele>
      </trkpt>
      <trkpt lat="56.34058" lon="12.79343">
        <ele>25.0</ele>
      </trkpt>
      <trkpt lat="56.34093" lon="12.79417">
        <ele>25.1</ele>
      </trkpt>
      <trkpt lat="56.34129" lon="12.79502">
        <ele>25.7</ele>
      </trkpt>
      <trkpt lat="56.34177" lon="12.79626">
        <ele>28.8</ele>
      </trkpt>
      <trkpt lat="56.34226" lon="12.7975">
        <ele>30.4</ele>
      </trkpt>
      <trkpt lat="56.34274" lon="12.79874">
        <ele>30.3</ele>
      </trkpt>
      <trkpt lat="56.34322" lon="12.79998">
        <ele>31.0</ele>
      </trkpt>
      <trkpt lat="56.34356" lon="12.80073">
        <ele>31.5</ele>
      </trkpt>
      <trkpt lat="56.3437" lon="12.80101">
        <ele>31.8</ele>
      </trkpt>
      <trkpt lat="56.3443" lon="12.80197">
        <ele>33.3</ele>
      </trkpt>
      <trkpt lat="56.34479" lon="12.8026">
        <ele>34.4</ele>
      </trkpt>
      <trkpt lat="56.34524" lon="12.80314">
        <ele>36.4</ele>
      </trkpt>
      <trkpt lat="56.34579" lon="12.80396">
        <ele>38.5</ele>
      </trkpt>
      <trkpt lat="56.34633" lon="12.80478">
        <ele>41.1</ele>
      </trkpt>
      <trkpt lat="56.34689" lon="12.80561">
        <ele>41.7</ele>
      </trkpt>
      <trkpt lat="56.34753" lon="12.8066">
        <ele>42.8</ele>
      </trkpt>
      <trkpt lat="56.34759" lon="12.80668">
        <ele>42.8</ele>
      </trkpt>
      <trkpt lat="56.34804" lon="12.80746">
        <ele>42.7</ele>
      </trkpt>
      <trkpt lat="56.34852" lon="12.80837">
        <ele>42.7</ele>
      </trkpt>
      <trkpt lat="56.34851" lon="12.80842">
        <ele>42.9</ele>
      </trkpt>
      <trkpt lat="56.34851" lon="12.80848">
        <ele>43.2</ele>
      </trkpt>
      <trkpt lat="56.34852" lon="12.80854">
        <ele>43.4</ele>
      </trkpt>
      <trkpt lat="56.34864" lon="12.80876">
        <ele>43.9</ele>
      </trkpt>
      <trkpt lat="56.3488" lon="12.80901">
        <ele>44.2</ele>
      </trkpt>
      <trkpt lat="56.34931" lon="12.80968">
        <ele>43.8</ele>
      </trkpt>
      <trkpt lat="56.34981" lon="12.81032">
        <ele>43.5</ele>
      </trkpt>
      <trkpt lat="56.35016" lon="12.8108">
        <ele>43.4</ele>
      </trkpt>
      <trkpt lat="56.35019" lon="12.81087">
        <ele>43.4</ele>
      </trkpt>
      <trkpt lat="56.3502" lon="12.81094">
        <ele>43.5</ele>
      </trkpt>
      <trkpt lat="56.35019" lon="12.81108">
        <ele>43.8</ele>
      </trkpt>
      <trkpt lat="56.35005" lon="12.81145">
        <ele>45.2</ele>
      </trkpt>
      <trkpt lat="56.35011" lon="12.81151">
        <ele>45.0</ele>
      </trkpt>
      <trkpt lat="56.3504" lon="12.81177">
        <ele>43.8</ele>
      </trkpt>
      <trkpt lat="56.35095" lon="12.81248">
        <ele>42.5</ele>
      </trkpt>
      <trkpt lat="56.35118" lon="12.81284">
        <ele>42.7</ele>
      </trkpt>
      <trkpt lat="56.35121" lon="12.81297">
        <ele>43.0</ele>
      </trkpt>
      <trkpt lat="56.3512" lon="12.81316">
        <ele>43.6</ele>
      </trkpt>
      <trkpt lat="56.35115" lon="12.81335">
        <ele>44.3</ele>
      </trkpt>
      <trkpt lat="56.35103" lon="12.81364">
        <ele>44.9</ele>
      </trkpt>
      <trkpt lat="56.35104" lon="12.81373">
        <ele>45.0</ele>
      </trkpt>
      <trkpt lat="56.35108" lon="12.8138">
        <ele>45.0</ele>
      </trkpt>
      <trkpt lat="56.35152" lon="12.81414">
        <ele>44.3</ele>
      </trkpt>
      <trkpt lat="56.35195" lon="12.81448">
        <ele>44.2</ele>
      </trkpt>
      <trkpt lat="56.35192" lon="12.81462">
        <ele>44.4</ele>
      </trkpt>
      <trkpt lat="56.35186" lon="12.81539">
        <ele>45.2</ele>
      </trkpt>
      <trkpt lat="56.3518" lon="12.81592">
        <ele>45.4</ele>
      </trkpt>
      <trkpt lat="56.35173" lon="12.81605">
        <ele>45.4</ele>
      </trkpt>
      <trkpt lat="56.35173" lon="12.81605">
        <ele>45.4</ele>
      </trkpt>
      <trkpt lat="56.35165" lon="12.81619">
        <ele>45.5</ele>
      </trkpt>
      <trkpt lat="56.35146" lon="12.81633">
        <ele>46.0</ele>
      </trkpt>
      <trkpt lat="56.35115" lon="12.81648">
        <ele>46.7</ele>
      </trkpt>
      <trkpt lat="56.35087" lon="12.8167">
        <ele>47.0</ele>
      </trkpt>
      <trkpt lat="56.35063" lon="12.81676">
        <ele>47.0</ele>
      </trkpt>
      <trkpt lat="56.3503" lon="12.8169">
        <ele>46.8</ele>
      </trkpt>
      <trkpt lat="56.35018" lon="12.81709">
        <ele>46.6</ele>
      </trkpt>
      <trkpt lat="56.3501" lon="12.81724">
        <ele>46.4</ele>
      </trkpt>
      <trkpt lat="56.350087" lon="12.817266">
        <ele>46.4</ele>
      </trkpt>
      <trkpt lat="56.35" lon="12.817374">
        <ele>46.2</ele>
      </trkpt>
      <trkpt lat="56.349922" lon="12.817614">
        <ele>46.0</ele>
      </trkpt>
      <trkpt lat="56.349853" lon="12.817661">
        <ele>46.1</ele>
      </trkpt>
      <trkpt lat="56.349703" lon="12.817965">
        <ele>45.8</ele>
      </trkpt>
      <trkpt lat="56.34969" lon="12.81801">
        <ele>45.7</ele>
      </trkpt>
      <trkpt lat="56.34969" lon="12.81801">
        <ele>45.7</ele>
      </trkpt>
      <trkpt lat="56.34979" lon="12.81811">
        <ele>45.4</ele>
      </trkpt>
      <trkpt lat="56.34979" lon="12.81811">
        <ele>45.4</ele>
      </trkpt>
      <trkpt lat="56.34993" lon="12.81824">
        <ele>45.1</ele>
      </trkpt>
      <trkpt lat="56.34992" lon="12.81826">
        <ele>45.1</ele>
      </trkpt>
      <trkpt lat="56.349921" lon="12.818264">
        <ele>45.1</ele>
      </trkpt>
      <trkpt lat="56.34958" lon="12.81915">
        <ele>45.0</ele>
      </trkpt>
      <trkpt lat="56.34919" lon="12.82012">
        <ele>45.1</ele>
      </trkpt>
      <trkpt lat="56.34907" lon="12.82">
        <ele>45.1</ele>
      </trkpt>
      <trkpt lat="56.34902" lon="12.82016">
        <ele>45.4</ele>
      </trkpt>
      <trkpt lat="56.34885" lon="12.82069">
        <ele>46.2</ele>
      </trkpt>
      <trkpt lat="56.34885" lon="12.82069">
        <ele>46.2</ele>
      </trkpt>
      <trkpt lat="56.34884" lon="12.82073">
        <ele>46.3</ele>
      </trkpt>
      <trkpt lat="56.34886" lon="12.82075">
        <ele>46.3</ele>
      </trkpt>
      <trkpt lat="56.34901" lon="12.8209">
        <ele>46.3</ele>
      </trkpt>
      <trkpt lat="56.34942" lon="12.82134">
        <ele>46.8</ele>
      </trkpt>
      <trkpt lat="56.349246" lon="12.822283">
        <ele>50.8</ele>
      </trkpt>
      <trkpt lat="56.34924" lon="12.82228">
        <ele>50.8</ele>
      </trkpt>
      <trkpt lat="56.34915" lon="12.82278">
        <ele>53.7</ele>
      </trkpt>
      <trkpt lat="56.349" lon="12.82374">
        <ele>58.9</ele>
      </trkpt>
      <trkpt lat="56.349" lon="12.82374">
        <ele>58.9</ele>
      </trkpt>
      <trkpt lat="56.34897" lon="12.82391">
        <ele>59.6</ele>
      </trkpt>
      <trkpt lat="56.34861" lon="12.82389">
        <ele>59.2</ele>
      </trkpt>
      <trkpt lat="56.34843" lon="12.82524">
        <ele>65.3</ele>
      </trkpt>
      <trkpt lat="56.34836" lon="12.82575">
        <ele>69.3</ele>
      </trkpt>
      <trkpt lat="56.34843" lon="12.82624">
        <ele>73.9</ele>
      </trkpt>
      <trkpt lat="56.34847" lon="12.8265">
        <ele>76.3</ele>
      </trkpt>
      <trkpt lat="56.34871" lon="12.82672">
        <ele>77.7</ele>
      </trkpt>
      <trkpt lat="56.34886" lon="12.82725">
        <ele>79.0</ele>
      </trkpt>
      <trkpt lat="56.34851" lon="12.8285">
        <ele>84.2</ele>
      </trkpt>
      <trkpt lat="56.3485" lon="12.82864">
        <ele>84.1</ele>
      </trkpt>
      <trkpt lat="56.34853" lon="12.82879">
        <ele>83.9</ele>
      </trkpt>
      <trkpt lat="56.34868" lon="12.82907">
        <ele>83.2</ele>
      </trkpt>
      <trkpt lat="56.34874" lon="12.82927">
        <ele>82.8</ele>
      </trkpt>
      <trkpt lat="56.34881" lon="12.82941">
        <ele>82.4</ele>
      </trkpt>
      <trkpt lat="56.34892" lon="12.82946">
        <ele>82.1</ele>
      </trkpt>
      <trkpt lat="56.34902" lon="12.82952">
        <ele>81.9</ele>
      </trkpt>
      <trkpt lat="56.34912" lon="12.82954">
        <ele>81.6</ele>
      </trkpt>
      <trkpt lat="56.34928" lon="12.82947">
        <ele>81.4</ele>
      </trkpt>
      <trkpt lat="56.34936" lon="12.82972">
        <ele>80.8</ele>
      </trkpt>
      <trkpt lat="56.34941" lon="12.82995">
        <ele>80.2</ele>
      </trkpt>
      <trkpt lat="56.3494" lon="12.83022">
        <ele>79.9</ele>
      </trkpt>
      <trkpt lat="56.34931" lon="12.83097">
        <ele>79.3</ele>
      </trkpt>
      <trkpt lat="56.34931" lon="12.83097">
        <ele>79.3</ele>
      </trkpt>
      <trkpt lat="56.34927" lon="12.83127">
        <ele>79.1</ele>
      </trkpt>
      <trkpt lat="56.34944" lon="12.83132">
        <ele>78.4</ele>
      </trkpt>
      <trkpt lat="56.349435" lon="12.831323">
        <ele>78.4</ele>
      </trkpt>
      <trkpt lat="56.35011" lon="12.83154">
        <ele>75.2</ele>
      </trkpt>
      <trkpt lat="56.35095" lon="12.83182">
        <ele>67.9</ele>
      </trkpt>
      <trkpt lat="56.351389" lon="12.831966">
        <ele>65.0</ele>
      </trkpt>
      <trkpt lat="56.35139" lon="12.83196">
        <ele>65.0</ele>
      </trkpt>
      <trkpt lat="56.35205" lon="12.83217">
        <ele>62.7</ele>
      </trkpt>
      <trkpt lat="56.35244" lon="12.83226">
        <ele>61.9</ele>
      </trkpt>
      <trkpt lat="56.35244" lon="12.83226">
        <ele>61.9</ele>
      </trkpt>
      <trkpt lat="56.35275" lon="12.83233">
        <ele>62.1</ele>
      </trkpt>
      <trkpt lat="56.35277" lon="12.83213">
        <ele>61.9</ele>
      </trkpt>
      <trkpt lat="56.352767" lon="12.832134">
        <ele>61.9</ele>
      </trkpt>
      <trkpt lat="56.35282" lon="12.83154">
        <ele>61.4</ele>
      </trkpt>
      <trkpt lat="56.35291" lon="12.83158">
        <ele>61.5</ele>
      </trkpt>
      <trkpt lat="56.353" lon="12.83172">
        <ele>61.7</ele>
      </trkpt>
      <trkpt lat="56.35319" lon="12.83224">
        <ele>62.5</ele>
      </trkpt>
      <trkpt lat="56.35355" lon="12.8332">
        <ele>63.8</ele>
      </trkpt>
      <trkpt lat="56.353552" lon="12.833202">
        <ele>63.8</ele>
      </trkpt>
      <trkpt lat="56.35366" lon="12.83349">
        <ele>64.4</ele>
      </trkpt>
      <trkpt lat="56.35399" lon="12.83429">
        <ele>66.3</ele>
      </trkpt>
      <trkpt lat="56.3544" lon="12.83492">
        <ele>67.5</ele>
      </trkpt>
      <trkpt lat="56.35482" lon="12.83565">
        <ele>67.4</ele>
      </trkpt>
      <trkpt lat="56.35494" lon="12.83581">
        <ele>67.1</ele>
      </trkpt>
      <trkpt lat="56.35509" lon="12.83593">
        <ele>66.8</ele>
      </trkpt>
      <trkpt lat="56.35549" lon="12.8361">
        <ele>65.7</ele>
      </trkpt>
      <trkpt lat="56.3556" lon="12.83612">
        <ele>65.4</ele>
      </trkpt>
      <trkpt lat="56.35588" lon="12.83741">
        <ele>68.6</ele>
      </trkpt>
      <trkpt lat="56.35616" lon="12.8387">
        <ele>71.4</ele>
      </trkpt>
      <trkpt lat="56.356197" lon="12.838849">
        <ele>71.6</ele>
      </trkpt>
      <trkpt lat="56.3562" lon="12.83885">
        <ele>71.6</ele>
      </trkpt>
      <trkpt lat="56.35643" lon="12.8398">
        <ele>73.6</ele>
      </trkpt>
      <trkpt lat="56.3567" lon="12.84112">
        <ele>83.6</ele>
      </trkpt>
      <trkpt lat="56.35667" lon="12.84155">
        <ele>87.0</ele>
      </trkpt>
      <trkpt lat="56.35661" lon="12.84229">
        <ele>92.6</ele>
      </trkpt>
      <trkpt lat="56.3565" lon="12.84295">
        <ele>97.0</ele>
      </trkpt>
      <trkpt lat="56.35653" lon="12.84354">
        <ele>101.7</ele>
      </trkpt>
      <trkpt lat="56.35648" lon="12.84416">
        <ele>103.5</ele>
      </trkpt>
      <trkpt lat="56.35668" lon="12.84453">
        <ele>107.9</ele>
      </trkpt>
      <trkpt lat="56.35694" lon="12.84534">
        <ele>115.3</ele>
      </trkpt>
      <trkpt lat="56.35692" lon="12.84579">
        <ele>118.7</ele>
      </trkpt>
      <trkpt lat="56.3571" lon="12.84607">
        <ele>123.2</ele>
      </trkpt>
      <trkpt lat="56.35712" lon="12.84636">
        <ele>125.9</ele>
      </trkpt>
      <trkpt lat="56.35708" lon="12.8467">
        <ele>128.2</ele>
      </trkpt>
      <trkpt lat="56.3572" lon="12.84677">
        <ele>130.5</ele>
      </trkpt>
      <trkpt lat="56.35753" lon="12.84648">
        <ele>132.3</ele>
      </trkpt>
      <trkpt lat="56.35802" lon="12.84623">
        <ele>132.7</ele>
      </trkpt>
      <trkpt lat="56.35826" lon="12.84583">
        <ele>132.4</ele>
      </trkpt>
      <trkpt lat="56.35826" lon="12.84583">
        <ele>132.4</ele>
      </trkpt>
      <trkpt lat="56.35836" lon="12.84565">
        <ele>132.7</ele>
      </trkpt>
      <trkpt lat="56.35876" lon="12.84509">
        <ele>135.0</ele>
      </trkpt>
      <trkpt lat="56.35901" lon="12.8452">
        <ele>138.2</ele>
      </trkpt>
      <trkpt lat="56.35925" lon="12.84565">
        <ele>142.8</ele>
      </trkpt>
      <trkpt lat="56.35941" lon="12.8458">
        <ele>144.9</ele>
      </trkpt>
      <trkpt lat="56.35952" lon="12.84605">
        <ele>147.4</ele>
      </trkpt>
      <trkpt lat="56.35959" lon="12.84627">
        <ele>149.4</ele>
      </trkpt>
      <trkpt lat="56.35975" lon="12.84634">
        <ele>151.4</ele>
      </trkpt>
      <trkpt lat="56.35988" lon="12.84649">
        <ele>153.6</ele>
      </trkpt>
      <trkpt lat="56.359878" lon="12.846486">
        <ele>153.6</ele>
      </trkpt>
      <trkpt lat="56.35988" lon="12.84649">
        <ele>153.6</ele>
      </trkpt>
      <trkpt lat="56.36006" lon="12.8467">
        <ele>156.4</ele>
      </trkpt>
      <trkpt lat="56.3605" lon="12.84679">
        <ele>157.6</ele>
      </trkpt>
      <trkpt lat="56.36058" lon="12.84677">
        <ele>157.8</ele>
      </trkpt>
      <trkpt lat="56.36064" lon="12.84674">
        <ele>158.0</ele>
      </trkpt>
      <trkpt lat="56.36071" lon="12.84672">
        <ele>158.2</ele>
      </trkpt>
      <trkpt lat="56.36085" lon="12.84642">
        <ele>158.9</ele>
      </trkpt>
      <trkpt lat="56.36086" lon="12.84603">
        <ele>158.5</ele>
      </trkpt>
      <trkpt lat="56.36074" lon="12.84548">
        <ele>156.4</ele>
      </trkpt>
      <trkpt lat="56.36066" lon="12.84502">
        <ele>154.3</ele>
      </trkpt>
      <trkpt lat="56.36074" lon="12.8446">
        <ele>153.4</ele>
      </trkpt>
      <trkpt lat="56.36081" lon="12.84445">
        <ele>153.9</ele>
      </trkpt>
      <trkpt lat="56.36081" lon="12.84445">
        <ele>153.9</ele>
      </trkpt>
      <trkpt lat="56.3609" lon="12.84431">
        <ele>154.7</ele>
      </trkpt>
      <trkpt lat="56.36108" lon="12.84433">
        <ele>157.5</ele>
      </trkpt>
      <trkpt lat="56.3612" lon="12.84486">
        <ele>161.0</ele>
      </trkpt>
      <trkpt lat="56.3613" lon="12.84541">
        <ele>162.8</ele>
      </trkpt>
      <trkpt lat="56.36136" lon="12.84563">
        <ele>163.6</ele>
      </trkpt>
      <trkpt lat="56.361355" lon="12.845632">
        <ele>163.5</ele>
      </trkpt>
      <trkpt lat="56.36136" lon="12.84563">
        <ele>163.6</ele>
      </trkpt>
      <trkpt lat="56.36139" lon="12.84577">
        <ele>164.0</ele>
      </trkpt>
      <trkpt lat="56.36126" lon="12.84603">
        <ele>162.6</ele>
      </trkpt>
      <trkpt lat="56.36112" lon="12.8464">
        <ele>161.3</ele>
      </trkpt>
      <trkpt lat="56.36108" lon="12.84662">
        <ele>161.0</ele>
      </trkpt>
      <trkpt lat="56.36108" lon="12.84662">
        <ele>161.0</ele>
      </trkpt>
      <trkpt lat="56.36099" lon="12.84705">
        <ele>161.3</ele>
      </trkpt>
      <trkpt lat="56.36086" lon="12.84747">
        <ele>162.1</ele>
      </trkpt>
      <trkpt lat="56.36084" lon="12.84752">
        <ele>162.2</ele>
      </trkpt>
      <trkpt lat="56.36083" lon="12.84755">
        <ele>162.3</ele>
      </trkpt>
      <trkpt lat="56.36059" lon="12.84778">
        <ele>163.2</ele>
      </trkpt>
      <trkpt lat="56.36057" lon="12.8479">
        <ele>163.9</ele>
      </trkpt>
      <trkpt lat="56.360567" lon="12.8479">
        <ele>163.9</ele>
      </trkpt>
      <trkpt lat="56.36043" lon="12.84862">
        <ele>167.9</ele>
      </trkpt>
      <trkpt lat="56.36037" lon="12.84931">
        <ele>171.4</ele>
      </trkpt>
      <trkpt lat="56.36041" lon="12.84949">
        <ele>172.4</ele>
      </trkpt>
      <trkpt lat="56.36073" lon="12.84993">
        <ele>174.7</ele>
      </trkpt>
      <trkpt lat="56.36086" lon="12.8504">
        <ele>174.7</ele>
      </trkpt>
      <trkpt lat="56.3609" lon="12.85063">
        <ele>174.3</ele>
      </trkpt>
      <trkpt lat="56.3609" lon="12.85063">
        <ele>174.3</ele>
      </trkpt>
      <trkpt lat="56.36095" lon="12.85088">
        <ele>173.7</ele>
      </trkpt>
      <trkpt lat="56.36084" lon="12.85133">
        <ele>174.9</ele>
      </trkpt>
      <trkpt lat="56.36048" lon="12.85179">
        <ele>174.6</ele>
      </trkpt>
      <trkpt lat="56.36026" lon="12.85239">
        <ele>172.7</ele>
      </trkpt>
      <trkpt lat="56.360052" lon="12.8527">
        <ele>171.3</ele>
      </trkpt>
      <trkpt lat="56.36005" lon="12.8527">
        <ele>171.3</ele>
      </trkpt>
      <trkpt lat="56.35987" lon="12.85297">
        <ele>170.2</ele>
      </trkpt>
      <trkpt lat="56.3595" lon="12.85339">
        <ele>168.4</ele>
      </trkpt>
      <trkpt lat="56.35874" lon="12.85372">
        <ele>166.0</ele>
      </trkpt>
      <trkpt lat="56.35808" lon="12.85482">
        <ele>162.4</ele>
      </trkpt>
      <trkpt lat="56.35743" lon="12.85592">
        <ele>162.0</ele>
      </trkpt>
      <trkpt lat="56.35736" lon="12.85605">
        <ele>162.0</ele>
      </trkpt>
      <trkpt lat="56.35736" lon="12.85605">
        <ele>162.0</ele>
      </trkpt>
      <trkpt lat="56.3572" lon="12.85636">
        <ele>162.2</ele>
      </trkpt>
      <trkpt lat="56.35728" lon="12.85658">
        <ele>163.0</ele>
      </trkpt>
      <trkpt lat="56.35733" lon="12.85694">
        <ele>164.7</ele>
      </trkpt>
      <trkpt lat="56.35741" lon="12.85717">
        <ele>166.1</ele>
      </trkpt>
      <trkpt lat="56.35752" lon="12.8573">
        <ele>167.1</ele>
      </trkpt>
      <trkpt lat="56.35772" lon="12.85725">
        <ele>167.0</ele>
      </trkpt>
      <trkpt lat="56.35778" lon="12.85748">
        <ele>167.9</ele>
      </trkpt>
      <trkpt lat="56.3578" lon="12.85772">
        <ele>169.1</ele>
      </trkpt>
      <trkpt lat="56.357801" lon="12.857721">
        <ele>169.1</ele>
      </trkpt>
      <trkpt lat="56.35785" lon="12.85836">
        <ele>172.2</ele>
      </trkpt>
      <trkpt lat="56.35774" lon="12.85958">
        <ele>174.6</ele>
      </trkpt>
      <trkpt lat="56.35776" lon="12.85993">
        <ele>175.0</ele>
      </trkpt>
      <trkpt lat="56.35797" lon="12.86099">
        <ele>172.6</ele>
      </trkpt>
      <trkpt lat="56.35797" lon="12.86159">
        <ele>172.0</ele>
      </trkpt>
      <trkpt lat="56.35773" lon="12.8622">
        <ele>172.4</ele>
      </trkpt>
      <trkpt lat="56.35722" lon="12.8631">
        <ele>171.2</ele>
      </trkpt>
      <trkpt lat="56.35691" lon="12.86402">
        <ele>170.2</ele>
      </trkpt>
      <trkpt lat="56.35676" lon="12.86452">
        <ele>170.4</ele>
      </trkpt>
      <trkpt lat="56.35699" lon="12.86493">
        <ele>172.8</ele>
      </trkpt>
      <trkpt lat="56.356991" lon="12.864926">
        <ele>172.8</ele>
      </trkpt>
      <trkpt lat="56.35705" lon="12.86503">
        <ele>173.3</ele>
      </trkpt>
      <trkpt lat="56.35732" lon="12.86556">
        <ele>174.7</ele>
      </trkpt>
      <trkpt lat="56.35751" lon="12.86596">
        <ele>174.7</ele>
      </trkpt>
      <trkpt lat="56.3576" lon="12.86626">
        <ele>173.7</ele>
      </trkpt>
      <trkpt lat="56.35768" lon="12.86659">
        <ele>172.7</ele>
      </trkpt>
      <trkpt lat="56.35779" lon="12.86718">
        <ele>172.3</ele>
      </trkpt>
      <trkpt lat="56.35785" lon="12.86776">
        <ele>172.1</ele>
      </trkpt>
      <trkpt lat="56.35789" lon="12.86832">
        <ele>172.0</ele>
      </trkpt>
      <trkpt lat="56.35789" lon="12.86889">
        <ele>172.0</ele>
      </trkpt>
      <trkpt lat="56.35788" lon="12.86935">
        <ele>171.8</ele>
      </trkpt>
      <trkpt lat="56.35786" lon="12.86957">
        <ele>171.5</ele>
      </trkpt>
      <trkpt lat="56.35779" lon="12.8698">
        <ele>171.2</ele>
      </trkpt>
      <trkpt lat="56.35713" lon="12.87074">
        <ele>171.1</ele>
      </trkpt>
      <trkpt lat="56.35713" lon="12.87074">
        <ele>171.1</ele>
      </trkpt>
      <trkpt lat="56.35675" lon="12.8712">
        <ele>170.3</ele>
      </trkpt>
      <trkpt lat="56.35653" lon="12.87166">
        <ele>170.3</ele>
      </trkpt>
      <trkpt lat="56.35643" lon="12.87195">
        <ele>170.1</ele>
      </trkpt>
      <trkpt lat="56.35633" lon="12.87237">
        <ele>169.9</ele>
      </trkpt>
      <trkpt lat="56.3563" lon="12.87265">
        <ele>169.9</ele>
      </trkpt>
      <trkpt lat="56.35617" lon="12.87306">
        <ele>169.3</ele>
      </trkpt>
      <trkpt lat="56.35607" lon="12.87344">
        <ele>168.8</ele>
      </trkpt>
      <trkpt lat="56.356" lon="12.87387">
        <ele>168.7</ele>
      </trkpt>
      <trkpt lat="56.35594" lon="12.87455">
        <ele>169.4</ele>
      </trkpt>
      <trkpt lat="56.35591" lon="12.87534">
        <ele>171.0</ele>
      </trkpt>
      <trkpt lat="56.35594" lon="12.87598">
        <ele>172.4</ele>
      </trkpt>
      <trkpt lat="56.35604" lon="12.87697">
        <ele>174.1</ele>
      </trkpt>
      <trkpt lat="56.35613" lon="12.87795">
        <ele>175.7</ele>
      </trkpt>
      <trkpt lat="56.35616" lon="12.87836">
        <ele>176.6</ele>
      </trkpt>
      <trkpt lat="56.35613" lon="12.87936">
        <ele>176.6</ele>
      </trkpt>
      <trkpt lat="56.3561" lon="12.88037">
        <ele>176.2</ele>
      </trkpt>
      <trkpt lat="56.35605" lon="12.88089">
        <ele>176.0</ele>
      </trkpt>
      <trkpt lat="56.35589" lon="12.88154">
        <ele>175.9</ele>
      </trkpt>
      <trkpt lat="56.35567" lon="12.88237">
        <ele>176.2</ele>
      </trkpt>
      <trkpt lat="56.35544" lon="12.8832">
        <ele>177.7</ele>
      </trkpt>
      <trkpt lat="56.35519" lon="12.88431">
        <ele>178.7</ele>
      </trkpt>
      <trkpt lat="56.35507" lon="12.88483">
        <ele>179.6</ele>
      </trkpt>
      <trkpt lat="56.35503" lon="12.88529">
        <ele>180.3</ele>
      </trkpt>
      <trkpt lat="56.35503" lon="12.8856">
        <ele>180.6</ele>
      </trkpt>
      <trkpt lat="56.35507" lon="12.88597">
        <ele>180.9</ele>
      </trkpt>
      <trkpt lat="56.35521" lon="12.88645">
        <ele>180.8</ele>
      </trkpt>
      <trkpt lat="56.35547" lon="12.8872">
        <ele>180.3</ele>
      </trkpt>
      <trkpt lat="56.355468" lon="12.887199">
        <ele>180.3</ele>
      </trkpt>
      <trkpt lat="56.35551" lon="12.88732">
        <ele>180.2</ele>
      </trkpt>
      <trkpt lat="56.35581" lon="12.88819">
        <ele>178.2</ele>
      </trkpt>
      <trkpt lat="56.35606" lon="12.88891">
        <ele>177.8</ele>
      </trkpt>
      <trkpt lat="56.3563" lon="12.88963">
        <ele>177.4</ele>
      </trkpt>
      <trkpt lat="56.3565" lon="12.89026">
        <ele>177.2</ele>
      </trkpt>
      <trkpt lat="56.35668" lon="12.89064">
        <ele>177.5</ele>
      </trkpt>
      <trkpt lat="56.3569" lon="12.89107">
        <ele>178.6</ele>
      </trkpt>
      <trkpt lat="56.35728" lon="12.89178">
        <ele>181.1</ele>
      </trkpt>
      <trkpt lat="56.35766" lon="12.89249">
        <ele>183.8</ele>
      </trkpt>
      <trkpt lat="56.3581" lon="12.8932">
        <ele>186.4</ele>
      </trkpt>
      <trkpt lat="56.35823" lon="12.89337">
        <ele>187.1</ele>
      </trkpt>
      <trkpt lat="56.35829" lon="12.89346">
        <ele>187.5</ele>
      </trkpt>
      <trkpt lat="56.35851" lon="12.89362">
        <ele>189.0</ele>
      </trkpt>
      <trkpt lat="56.35904" lon="12.89394">
        <ele>192.8</ele>
      </trkpt>
      <trkpt lat="56.35957" lon="12.89426">
        <ele>194.7</ele>
      </trkpt>
      <trkpt lat="56.35986" lon="12.89454">
        <ele>195.4</ele>
      </trkpt>
      <trkpt lat="56.36031" lon="12.89505">
        <ele>196.5</ele>
      </trkpt>
      <trkpt lat="56.36077" lon="12.89556">
        <ele>198.9</ele>
      </trkpt>
      <trkpt lat="56.36123" lon="12.89613">
        <ele>201.7</ele>
      </trkpt>
      <trkpt lat="56.36176" lon="12.89666">
        <ele>202.5</ele>
      </trkpt>
      <trkpt lat="56.36204" lon="12.89701">
        <ele>201.0</ele>
      </trkpt>
      <trkpt lat="56.3622" lon="12.89725">
        <ele>200.0</ele>
      </trkpt>
      <trkpt lat="56.36228" lon="12.89742">
        <ele>199.4</ele>
      </trkpt>
      <trkpt lat="56.36248" lon="12.89802">
        <ele>196.9</ele>
      </trkpt>
      <trkpt lat="56.36266" lon="12.89864">
        <ele>194.7</ele>
      </trkpt>
      <trkpt lat="56.36275" lon="12.8991">
        <ele>193.6</ele>
      </trkpt>
      <trkpt lat="56.36276" lon="12.89938">
        <ele>192.9</ele>
      </trkpt>
      <trkpt lat="56.36272" lon="12.8997">
        <ele>192.4</ele>
      </trkpt>
      <trkpt lat="56.36259" lon="12.90047">
        <ele>191.5</ele>
      </trkpt>
      <trkpt lat="56.36231" lon="12.90158">
        <ele>189.5</ele>
      </trkpt>
      <trkpt lat="56.36204" lon="12.90268">
        <ele>189.2</ele>
      </trkpt>
      <trkpt lat="56.36169" lon="12.90398">
        <ele>186.4</ele>
      </trkpt>
      <trkpt lat="56.36141" lon="12.90485">
        <ele>184.1</ele>
      </trkpt>
      <trkpt lat="56.36113" lon="12.90572">
        <ele>181.1</ele>
      </trkpt>
      <trkpt lat="56.36088" lon="12.90665">
        <ele>177.0</ele>
      </trkpt>
      <trkpt lat="56.36088" lon="12.90665">
        <ele>177.0</ele>
      </trkpt>
      <trkpt lat="56.36071" lon="12.90726">
        <ele>176.8</ele>
      </trkpt>
      <trkpt lat="56.36067" lon="12.90747">
        <ele>176.7</ele>
      </trkpt>
      <trkpt lat="56.36083" lon="12.90747">
        <ele>175.1</ele>
      </trkpt>
      <trkpt lat="56.361" lon="12.90753">
        <ele>174.5</ele>
      </trkpt>
      <trkpt lat="56.36118" lon="12.90771">
        <ele>173.6</ele>
      </trkpt>
      <trkpt lat="56.36135" lon="12.90786">
        <ele>172.6</ele>
      </trkpt>
      <trkpt lat="56.36152" lon="12.90796">
        <ele>171.8</ele>
      </trkpt>
      <trkpt lat="56.36168" lon="12.90801">
        <ele>171.1</ele>
      </trkpt>
      <trkpt lat="56.36185" lon="12.90803">
        <ele>170.7</ele>
      </trkpt>
      <trkpt lat="56.36202" lon="12.90801">
        <ele>170.5</ele>
      </trkpt>
      <trkpt lat="56.36224" lon="12.90791">
        <ele>170.5</ele>
      </trkpt>
      <trkpt lat="56.36239" lon="12.90789">
        <ele>170.3</ele>
      </trkpt>
      <trkpt lat="56.36294" lon="12.90788">
        <ele>170.1</ele>
      </trkpt>
      <trkpt lat="56.3635" lon="12.90787">
        <ele>169.8</ele>
      </trkpt>
      <trkpt lat="56.3636" lon="12.90785">
        <ele>169.7</ele>
      </trkpt>
      <trkpt lat="56.36368" lon="12.90782">
        <ele>169.6</ele>
      </trkpt>
      <trkpt lat="56.36396" lon="12.90758">
        <ele>169.4</ele>
      </trkpt>
      <trkpt lat="56.36477" lon="12.90712">
        <ele>166.9</ele>
      </trkpt>
      <trkpt lat="56.36526" lon="12.90679">
        <ele>166.1</ele>
      </trkpt>
      <trkpt lat="56.36574" lon="12.90647">
        <ele>166.1</ele>
      </trkpt>
      <trkpt lat="56.36634" lon="12.90613">
        <ele>167.0</ele>
      </trkpt>
      <trkpt lat="56.366335" lon="12.906136">
        <ele>166.9</ele>
      </trkpt>
      <trkpt lat="56.36649" lon="12.90605">
        <ele>167.2</ele>
      </trkpt>
      <trkpt lat="56.3668" lon="12.90592">
        <ele>167.8</ele>
      </trkpt>
      <trkpt lat="56.36693" lon="12.90593">
        <ele>167.9</ele>
      </trkpt>
      <trkpt lat="56.36701" lon="12.90597">
        <ele>167.8</ele>
      </trkpt>
      <trkpt lat="56.36718" lon="12.90615">
        <ele>167.3</ele>
      </trkpt>
      <trkpt lat="56.36734" lon="12.90642">
        <ele>166.6</ele>
      </trkpt>
      <trkpt lat="56.36766" lon="12.90717">
        <ele>166.5</ele>
      </trkpt>
      <trkpt lat="56.36773" lon="12.90727">
        <ele>166.6</ele>
      </trkpt>
      <trkpt lat="56.36779" lon="12.90732">
        <ele>166.8</ele>
      </trkpt>
      <trkpt lat="56.36789" lon="12.90732">
        <ele>167.0</ele>
      </trkpt>
      <trkpt lat="56.36849" lon="12.90716">
        <ele>168.2</ele>
      </trkpt>
      <trkpt lat="56.3686" lon="12.90718">
        <ele>168.1</ele>
      </trkpt>
      <trkpt lat="56.3687" lon="12.90723">
        <ele>167.9</ele>
      </trkpt>
      <trkpt lat="56.36933" lon="12.90763">
        <ele>167.7</ele>
      </trkpt>
      <trkpt lat="56.36995" lon="12.90804">
        <ele>170.7</ele>
      </trkpt>
      <trkpt lat="56.37025" lon="12.90824">
        <ele>172.3</ele>
      </trkpt>
      <trkpt lat="56.37037" lon="12.90829">
        <ele>172.8</ele>
      </trkpt>
      <trkpt lat="56.37051" lon="12.90831">
        <ele>173.5</ele>
      </trkpt>
      <trkpt lat="56.37072" lon="12.90828">
        <ele>174.6</ele>
      </trkpt>
      <trkpt lat="56.3712" lon="12.90812">
        <ele>176.2</ele>
      </trkpt>
      <trkpt lat="56.37153" lon="12.90813">
        <ele>176.7</ele>
      </trkpt>
      <trkpt lat="56.37166" lon="12.90816">
        <ele>176.8</ele>
      </trkpt>
      <trkpt lat="56.3721" lon="12.90846">
        <ele>176.9</ele>
      </trkpt>
      <trkpt lat="56.37244" lon="12.90863">
        <ele>177.5</ele>
      </trkpt>
      <trkpt lat="56.37267" lon="12.90871">
        <ele>177.6</ele>
      </trkpt>
      <trkpt lat="56.37267" lon="12.90871">
        <ele>177.6</ele>
      </trkpt>
      <trkpt lat="56.37281" lon="12.90876">
        <ele>177.7</ele>
      </trkpt>
      <trkpt lat="56.373" lon="12.90879">
        <ele>177.8</ele>
      </trkpt>
      <trkpt lat="56.37319" lon="12.90879">
        <ele>177.9</ele>
      </trkpt>
      <trkpt lat="56.37338" lon="12.90877">
        <ele>178.2</ele>
      </trkpt>
      <trkpt lat="56.37355" lon="12.9087">
        <ele>179.0</ele>
      </trkpt>
      <trkpt lat="56.37418" lon="12.90826">
        <ele>181.9</ele>
      </trkpt>
      <trkpt lat="56.37431" lon="12.90824">
        <ele>182.3</ele>
      </trkpt>
      <trkpt lat="56.37445" lon="12.90829">
        <ele>182.7</ele>
      </trkpt>
      <trkpt lat="56.37475" lon="12.90859">
        <ele>183.4</ele>
      </trkpt>
      <trkpt lat="56.37488" lon="12.90869">
        <ele>183.7</ele>
      </trkpt>
      <trkpt lat="56.37501" lon="12.90873">
        <ele>184.1</ele>
      </trkpt>
      <trkpt lat="56.37577" lon="12.90892">
        <ele>188.9</ele>
      </trkpt>
      <trkpt lat="56.37591" lon="12.90897">
        <ele>189.3</ele>
      </trkpt>
      <trkpt lat="56.37623" lon="12.9092">
        <ele>188.9</ele>
      </trkpt>
      <trkpt lat="56.37643" lon="12.90932">
        <ele>188.6</ele>
      </trkpt>
      <trkpt lat="56.37665" lon="12.90941">
        <ele>188.4</ele>
      </trkpt>
      <trkpt lat="56.37714" lon="12.90955">
        <ele>188.1</ele>
      </trkpt>
      <trkpt lat="56.3773" lon="12.90963">
        <ele>187.9</ele>
      </trkpt>
      <trkpt lat="56.37749" lon="12.90974">
        <ele>187.6</ele>
      </trkpt>
      <trkpt lat="56.37769" lon="12.90989">
        <ele>187.3</ele>
      </trkpt>
      <trkpt lat="56.37833" lon="12.91057">
        <ele>186.3</ele>
      </trkpt>
      <trkpt lat="56.37843" lon="12.91066">
        <ele>186.2</ele>
      </trkpt>
      <trkpt lat="56.37892" lon="12.91095">
        <ele>185.7</ele>
      </trkpt>
      <trkpt lat="56.37942" lon="12.91125">
        <ele>184.8</ele>
      </trkpt>
      <trkpt lat="56.38009" lon="12.91177">
        <ele>183.0</ele>
      </trkpt>
      <trkpt lat="56.38044" lon="12.91196">
        <ele>183.2</ele>
      </trkpt>
      <trkpt lat="56.38057" lon="12.91205">
        <ele>183.2</ele>
      </trkpt>
      <trkpt lat="56.38086" lon="12.9122">
        <ele>183.4</ele>
      </trkpt>
      <trkpt lat="56.380863" lon="12.912197">
        <ele>183.4</ele>
      </trkpt>
      <trkpt lat="56.38093" lon="12.91223">
        <ele>183.3</ele>
      </trkpt>
      <trkpt lat="56.38137" lon="12.9125">
        <ele>183.0</ele>
      </trkpt>
      <trkpt lat="56.3818" lon="12.91277">
        <ele>182.8</ele>
      </trkpt>
      <trkpt lat="56.38247" lon="12.91337">
        <ele>183.0</ele>
      </trkpt>
      <trkpt lat="56.38295" lon="12.91398">
        <ele>182.5</ele>
      </trkpt>
      <trkpt lat="56.38313" lon="12.91419">
        <ele>182.3</ele>
      </trkpt>
      <trkpt lat="56.38333" lon="12.91436">
        <ele>182.6</ele>
      </trkpt>
      <trkpt lat="56.38341" lon="12.91442">
        <ele>182.7</ele>
      </trkpt>
      <trkpt lat="56.38347" lon="12.91446">
        <ele>182.8</ele>
      </trkpt>
      <trkpt lat="56.38371" lon="12.91472">
        <ele>183.3</ele>
      </trkpt>
      <trkpt lat="56.38398" lon="12.91514">
        <ele>183.8</ele>
      </trkpt>
      <trkpt lat="56.3841" lon="12.91538">
        <ele>183.9</ele>
      </trkpt>
      <trkpt lat="56.3842" lon="12.91562">
        <ele>184.0</ele>
      </trkpt>
      <trkpt lat="56.38427" lon="12.91594">
        <ele>184.2</ele>
      </trkpt>
      <trkpt lat="56.38433" lon="12.91632">
        <ele>184.7</ele>
      </trkpt>
      <trkpt lat="56.38463" lon="12.91738">
        <ele>185.0</ele>
      </trkpt>
      <trkpt lat="56.38473" lon="12.91768">
        <ele>185.0</ele>
      </trkpt>
      <trkpt lat="56.38488" lon="12.91795">
        <ele>185.0</ele>
      </trkpt>
      <trkpt lat="56.38508" lon="12.91823">
        <ele>185.3</ele>
      </trkpt>
      <trkpt lat="56.38528" lon="12.91847">
        <ele>186.0</ele>
      </trkpt>
      <trkpt lat="56.38549" lon="12.91865">
        <ele>186.8</ele>
      </trkpt>
      <trkpt lat="56.38568" lon="12.91873">
        <ele>187.4</ele>
      </trkpt>
      <trkpt lat="56.38596" lon="12.91888">
        <ele>188.2</ele>
      </trkpt>
      <trkpt lat="56.38635" lon="12.91913">
        <ele>188.6</ele>
      </trkpt>
      <trkpt lat="56.38652" lon="12.91924">
        <ele>188.9</ele>
      </trkpt>
      <trkpt lat="56.38667" lon="12.91927">
        <ele>189.1</ele>
      </trkpt>
      <trkpt lat="56.38703" lon="12.91929">
        <ele>189.0</ele>
      </trkpt>
      <trkpt lat="56.38722" lon="12.91935">
        <ele>188.9</ele>
      </trkpt>
      <trkpt lat="56.3874" lon="12.91949">
        <ele>188.7</ele>
      </trkpt>
      <trkpt lat="56.38754" lon="12.91965">
        <ele>188.5</ele>
      </trkpt>
      <trkpt lat="56.38766" lon="12.91982">
        <ele>188.7</ele>
      </trkpt>
      <trkpt lat="56.3878" lon="12.92008">
        <ele>189.0</ele>
      </trkpt>
      <trkpt lat="56.38791" lon="12.92036">
        <ele>189.3</ele>
      </trkpt>
      <trkpt lat="56.38804" lon="12.92062">
        <ele>189.5</ele>
      </trkpt>
      <trkpt lat="56.38818" lon="12.92084">
        <ele>189.6</ele>
      </trkpt>
      <trkpt lat="56.38885" lon="12.92158">
        <ele>189.7</ele>
      </trkpt>
      <trkpt lat="56.38918" lon="12.92205">
        <ele>190.0</ele>
      </trkpt>
      <trkpt lat="56.3893" lon="12.92218">
        <ele>190.0</ele>
      </trkpt>
      <trkpt lat="56.38967" lon="12.92237">
        <ele>190.0</ele>
      </trkpt>
      <trkpt lat="56.38984" lon="12.9225">
        <ele>190.0</ele>
      </trkpt>
      <trkpt lat="56.39002" lon="12.9227">
        <ele>190.0</ele>
      </trkpt>
      <trkpt lat="56.39025" lon="12.92305">
        <ele>190.1</ele>
      </trkpt>
      <trkpt lat="56.3905" lon="12.92349">
        <ele>190.0</ele>
      </trkpt>
      <trkpt lat="56.3906" lon="12.92364">
        <ele>190.0</ele>
      </trkpt>
      <trkpt lat="56.3907" lon="12.92378">
        <ele>190.0</ele>
      </trkpt>
      <trkpt lat="56.39086" lon="12.92393">
        <ele>190.1</ele>
      </trkpt>
      <trkpt lat="56.391" lon="12.92401">
        <ele>190.9</ele>
      </trkpt>
      <trkpt lat="56.3914" lon="12.92415">
        <ele>193.4</ele>
      </trkpt>
      <trkpt lat="56.39163" lon="12.9242">
        <ele>194.9</ele>
      </trkpt>
      <trkpt lat="56.39211" lon="12.92424">
        <ele>196.9</ele>
      </trkpt>
      <trkpt lat="56.39189" lon="12.92321">
        <ele>193.2</ele>
      </trkpt>
      <trkpt lat="56.39154" lon="12.9219">
        <ele>192.7</ele>
      </trkpt>
      <trkpt lat="56.39135" lon="12.92116">
        <ele>191.9</ele>
      </trkpt>
      <trkpt lat="56.39123" lon="12.92075">
        <ele>191.4</ele>
      </trkpt>
      <trkpt lat="56.39115" lon="12.92043">
        <ele>191.2</ele>
      </trkpt>
      <trkpt lat="56.39089" lon="12.91951">
        <ele>190.4</ele>
      </trkpt>
      <trkpt lat="56.39053" lon="12.9181">
        <ele>190.3</ele>
      </trkpt>
      <trkpt lat="56.39016" lon="12.91669">
        <ele>192.0</ele>
      </trkpt>
      <trkpt lat="56.38987" lon="12.91595">
        <ele>190.2</ele>
      </trkpt>
      <trkpt lat="56.3897" lon="12.9157">
        <ele>189.4</ele>
      </trkpt>
      <trkpt lat="56.38973" lon="12.91559">
        <ele>189.2</ele>
      </trkpt>
      <trkpt lat="56.38937" lon="12.91483">
        <ele>187.8</ele>
      </trkpt>
      <trkpt lat="56.38901" lon="12.91408">
        <ele>186.7</ele>
      </trkpt>
      <trkpt lat="56.38882" lon="12.91365">
        <ele>186.2</ele>
      </trkpt>
      <trkpt lat="56.38839" lon="12.91268">
        <ele>185.2</ele>
      </trkpt>
      <trkpt lat="56.38796" lon="12.91171">
        <ele>184.5</ele>
      </trkpt>
      <trkpt lat="56.38791" lon="12.91156">
        <ele>184.4</ele>
      </trkpt>
      <trkpt lat="56.38788" lon="12.9113">
        <ele>184.3</ele>
      </trkpt>
      <trkpt lat="56.38782" lon="12.91046">
        <ele>184.2</ele>
      </trkpt>
      <trkpt lat="56.38773" lon="12.91004">
        <ele>184.3</ele>
      </trkpt>
      <trkpt lat="56.38772" lon="12.90991">
        <ele>184.3</ele>
      </trkpt>
      <trkpt lat="56.38778" lon="12.90972">
        <ele>184.4</ele>
      </trkpt>
      <trkpt lat="56.38805" lon="12.90907">
        <ele>184.6</ele>
      </trkpt>
      <trkpt lat="56.38832" lon="12.90841">
        <ele>184.9</ele>
      </trkpt>
      <trkpt lat="56.38869" lon="12.90762">
        <ele>185.2</ele>
      </trkpt>
      <trkpt lat="56.38906" lon="12.90684">
        <ele>185.5</ele>
      </trkpt>
      <trkpt lat="56.3895" lon="12.9059">
        <ele>185.9</ele>
      </trkpt>
      <trkpt lat="56.38993" lon="12.90496">
        <ele>186.3</ele>
      </trkpt>
      <trkpt lat="56.39022" lon="12.90427">
        <ele>186.5</ele>
      </trkpt>
      <trkpt lat="56.39047" lon="12.90378">
        <ele>186.7</ele>
      </trkpt>
      <trkpt lat="56.39096" lon="12.90274">
        <ele>187.1</ele>
      </trkpt>
      <trkpt lat="56.39145" lon="12.90169">
        <ele>187.6</ele>
      </trkpt>
      <trkpt lat="56.39193" lon="12.90065">
        <ele>188.0</ele>
      </trkpt>
      <trkpt lat="56.39203" lon="12.9005">
        <ele>188.1</ele>
      </trkpt>
      <trkpt lat="56.3923" lon="12.90007">
        <ele>188.3</ele>
      </trkpt>
      <trkpt lat="56.39251" lon="12.89992">
        <ele>189.2</ele>
      </trkpt>
      <trkpt lat="56.39297" lon="12.89906">
        <ele>188.9</ele>
      </trkpt>
      <trkpt lat="56.3934" lon="12.89806">
        <ele>188.5</ele>
      </trkpt>
      <trkpt lat="56.3935" lon="12.89792">
        <ele>188.4</ele>
      </trkpt>
      <trkpt lat="56.39378" lon="12.8975">
        <ele>188.2</ele>
      </trkpt>
      <trkpt lat="56.39411" lon="12.89688">
        <ele>187.9</ele>
      </trkpt>
      <trkpt lat="56.39436" lon="12.89643">
        <ele>188.0</ele>
      </trkpt>
      <trkpt lat="56.39456" lon="12.89605">
        <ele>188.1</ele>
      </trkpt>
      <trkpt lat="56.39464" lon="12.89591">
        <ele>188.2</ele>
      </trkpt>
      <trkpt lat="56.39482" lon="12.89556">
        <ele>188.3</ele>
      </trkpt>
      <trkpt lat="56.39518" lon="12.89509">
        <ele>189.1</ele>
      </trkpt>
      <trkpt lat="56.39549" lon="12.89453">
        <ele>188.7</ele>
      </trkpt>
      <trkpt lat="56.39576" lon="12.89453">
        <ele>188.8</ele>
      </trkpt>
      <trkpt lat="56.39599" lon="12.89464">
        <ele>188.6</ele>
      </trkpt>
      <trkpt lat="56.39618" lon="12.89488">
        <ele>188.5</ele>
      </trkpt>
      <trkpt lat="56.39636" lon="12.895">
        <ele>188.1</ele>
      </trkpt>
      <trkpt lat="56.39661" lon="12.89548">
        <ele>187.7</ele>
      </trkpt>
      <trkpt lat="56.39712" lon="12.89577">
        <ele>186.3</ele>
      </trkpt>
      <trkpt lat="56.3974" lon="12.89624">
        <ele>186.3</ele>
      </trkpt>
      <trkpt lat="56.39795" lon="12.89675">
        <ele>185.5</ele>
      </trkpt>
      <trkpt lat="56.39818" lon="12.89694">
        <ele>185.2</ele>
      </trkpt>
      <trkpt lat="56.39824" lon="12.89701">
        <ele>185.1</ele>
      </trkpt>
      <trkpt lat="56.39828" lon="12.89714">
        <ele>185.0</ele>
      </trkpt>
      <trkpt lat="56.39836" lon="12.89733">
        <ele>184.9</ele>
      </trkpt>
      <trkpt lat="56.3986" lon="12.89795">
        <ele>184.4</ele>
      </trkpt>
      <trkpt lat="56.39869" lon="12.89823">
        <ele>184.5</ele>
      </trkpt>
      <trkpt lat="56.39935" lon="12.89746">
        <ele>180.3</ele>
      </trkpt>
      <trkpt lat="56.39977" lon="12.89692">
        <ele>178.1</ele>
      </trkpt>
      <trkpt lat="56.40019" lon="12.89638">
        <ele>178.2</ele>
      </trkpt>
      <trkpt lat="56.40038" lon="12.89613">
        <ele>178.3</ele>
      </trkpt>
      <trkpt lat="56.40048" lon="12.89597">
        <ele>178.4</ele>
      </trkpt>
      <trkpt lat="56.40081" lon="12.89562">
        <ele>178.5</ele>
      </trkpt>
      <trkpt lat="56.40087" lon="12.89562">
        <ele>178.6</ele>
      </trkpt>
      <trkpt lat="56.40097" lon="12.89568">
        <ele>178.6</ele>
      </trkpt>
      <trkpt lat="56.40113" lon="12.8957">
        <ele>178.7</ele>
      </trkpt>
      <trkpt lat="56.40135" lon="12.8957">
        <ele>178.8</ele>
      </trkpt>
      <trkpt lat="56.40137" lon="12.89561">
        <ele>178.8</ele>
      </trkpt>
      <trkpt lat="56.4014" lon="12.89554">
        <ele>178.8</ele>
      </trkpt>
      <trkpt lat="56.40147" lon="12.89548">
        <ele>179.0</ele>
      </trkpt>
      <trkpt lat="56.40153" lon="12.89544">
        <ele>179.1</ele>
      </trkpt>
      <trkpt lat="56.4017" lon="12.89538">
        <ele>179.5</ele>
      </trkpt>
      <trkpt lat="56.40199" lon="12.89535">
        <ele>180.0</ele>
      </trkpt>
      <trkpt lat="56.40216" lon="12.89532">
        <ele>180.3</ele>
      </trkpt>
      <trkpt lat="56.40227" lon="12.89525">
        <ele>180.5</ele>
      </trkpt>
      <trkpt lat="56.40246" lon="12.8951">
        <ele>180.9</ele>
      </trkpt>
      <trkpt lat="56.4026" lon="12.89494">
        <ele>181.5</ele>
      </trkpt>
      <trkpt lat="56.40271" lon="12.89477">
        <ele>181.9</ele>
      </trkpt>
      <trkpt lat="56.40284" lon="12.89441">
        <ele>182.0</ele>
      </trkpt>
      <trkpt lat="56.40294" lon="12.89408">
        <ele>182.0</ele>
      </trkpt>
      <trkpt lat="56.40298" lon="12.89388">
        <ele>181.8</ele>
      </trkpt>
      <trkpt lat="56.40299" lon="12.89365">
        <ele>181.4</ele>
      </trkpt>
      <trkpt lat="56.40296" lon="12.89338">
        <ele>180.7</ele>
      </trkpt>
      <trkpt lat="56.4029" lon="12.89294">
        <ele>179.7</ele>
      </trkpt>
      <trkpt lat="56.4029" lon="12.89277">
        <ele>179.4</ele>
      </trkpt>
      <trkpt lat="56.40296" lon="12.89219">
        <ele>178.5</ele>
      </trkpt>
      <trkpt lat="56.40296" lon="12.89182">
        <ele>177.8</ele>
      </trkpt>
      <trkpt lat="56.40297" lon="12.89161">
        <ele>177.4</ele>
      </trkpt>
      <trkpt lat="56.40313" lon="12.8906">
        <ele>175.4</ele>
      </trkpt>
      <trkpt lat="56.40325" lon="12.88967">
        <ele>174.4</ele>
      </trkpt>
      <trkpt lat="56.40329" lon="12.88951">
        <ele>174.3</ele>
      </trkpt>
      <trkpt lat="56.40336" lon="12.88937">
        <ele>174.3</ele>
      </trkpt>
      <trkpt lat="56.40355" lon="12.88893">
        <ele>174.3</ele>
      </trkpt>
      <trkpt lat="56.40359" lon="12.88878">
        <ele>174.3</ele>
      </trkpt>
      <trkpt lat="56.40365" lon="12.8883">
        <ele>174.3</ele>
      </trkpt>
      <trkpt lat="56.40369" lon="12.88815">
        <ele>174.2</ele>
      </trkpt>
      <trkpt lat="56.40383" lon="12.88785">
        <ele>174.0</ele>
      </trkpt>
      <trkpt lat="56.40389" lon="12.88766">
        <ele>173.9</ele>
      </trkpt>
      <trkpt lat="56.40391" lon="12.8875">
        <ele>173.7</ele>
      </trkpt>
      <trkpt lat="56.40379" lon="12.88665">
        <ele>173.5</ele>
      </trkpt>
      <trkpt lat="56.40379" lon="12.88642">
        <ele>173.1</ele>
      </trkpt>
      <trkpt lat="56.40381" lon="12.88602">
        <ele>172.5</ele>
      </trkpt>
      <trkpt lat="56.40386" lon="12.88567">
        <ele>172.0</ele>
      </trkpt>
      <trkpt lat="56.40401" lon="12.88509">
        <ele>171.6</ele>
      </trkpt>
      <trkpt lat="56.40411" lon="12.88479">
        <ele>171.3</ele>
      </trkpt>
      <trkpt lat="56.40426" lon="12.88447">
        <ele>171.2</ele>
      </trkpt>
      <trkpt lat="56.40433" lon="12.88437">
        <ele>171.3</ele>
      </trkpt>
      <trkpt lat="56.40442" lon="12.88414">
        <ele>171.1</ele>
      </trkpt>
      <trkpt lat="56.40451" lon="12.88385">
        <ele>170.7</ele>
      </trkpt>
      <trkpt lat="56.40459" lon="12.88372">
        <ele>170.7</ele>
      </trkpt>
      <trkpt lat="56.40473" lon="12.88358">
        <ele>170.8</ele>
      </trkpt>
      <trkpt lat="56.40487" lon="12.8835">
        <ele>171.1</ele>
      </trkpt>
      <trkpt lat="56.405" lon="12.88351">
        <ele>171.6</ele>
      </trkpt>
      <trkpt lat="56.40519" lon="12.88357">
        <ele>172.5</ele>
      </trkpt>
      <trkpt lat="56.40541" lon="12.88368">
        <ele>173.5</ele>
      </trkpt>
      <trkpt lat="56.40562" lon="12.88383">
        <ele>174.6</ele>
      </trkpt>
      <trkpt lat="56.40596" lon="12.88411">
        <ele>175.7</ele>
      </trkpt>
      <trkpt lat="56.40604" lon="12.88415">
        <ele>175.7</ele>
      </trkpt>
      <trkpt lat="56.40637" lon="12.88421">
        <ele>175.4</ele>
      </trkpt>
      <trkpt lat="56.40652" lon="12.88429">
        <ele>175.4</ele>
      </trkpt>
      <trkpt lat="56.40668" lon="12.88448">
        <ele>175.4</ele>
      </trkpt>
      <trkpt lat="56.40694" lon="12.88485">
        <ele>176.8</ele>
      </trkpt>
      <trkpt lat="56.40712" lon="12.88502">
        <ele>177.7</ele>
      </trkpt>
      <trkpt lat="56.40729" lon="12.88515">
        <ele>178.5</ele>
      </trkpt>
      <trkpt lat="56.40753" lon="12.88524">
        <ele>179.4</ele>
      </trkpt>
      <trkpt lat="56.40774" lon="12.88524">
        <ele>180.2</ele>
      </trkpt>
      <trkpt lat="56.40789" lon="12.88519">
        <ele>180.7</ele>
      </trkpt>
      <trkpt lat="56.40813" lon="12.88507">
        <ele>181.4</ele>
      </trkpt>
      <trkpt lat="56.40857" lon="12.88471">
        <ele>181.6</ele>
      </trkpt>
      <trkpt lat="56.40911" lon="12.88438">
        <ele>180.6</ele>
      </trkpt>
      <trkpt lat="56.40945" lon="12.88432">
        <ele>179.6</ele>
      </trkpt>
      <trkpt lat="56.40975" lon="12.88433">
        <ele>178.9</ele>
      </trkpt>
      <trkpt lat="56.40993" lon="12.88427">
        <ele>178.3</ele>
      </trkpt>
      <trkpt lat="56.41007" lon="12.88418">
        <ele>178.1</ele>
      </trkpt>
      <trkpt lat="56.41027" lon="12.88411">
        <ele>178.3</ele>
      </trkpt>
      <trkpt lat="56.41035" lon="12.88406">
        <ele>178.4</ele>
      </trkpt>
      <trkpt lat="56.41041" lon="12.88399">
        <ele>178.5</ele>
      </trkpt>
      <trkpt lat="56.41052" lon="12.88382">
        <ele>178.6</ele>
      </trkpt>
      <trkpt lat="56.41064" lon="12.88369">
        <ele>178.8</ele>
      </trkpt>
      <trkpt lat="56.41076" lon="12.88361">
        <ele>178.9</ele>
      </trkpt>
      <trkpt lat="56.41085" lon="12.88358">
        <ele>179.0</ele>
      </trkpt>
      <trkpt lat="56.41094" lon="12.88358">
        <ele>179.1</ele>
      </trkpt>
      <trkpt lat="56.41104" lon="12.8836">
        <ele>179.2</ele>
      </trkpt>
      <trkpt lat="56.41116" lon="12.88365">
        <ele>179.2</ele>
      </trkpt>
      <trkpt lat="56.41131" lon="12.88374">
        <ele>179.3</ele>
      </trkpt>
      <trkpt lat="56.41141" lon="12.88386">
        <ele>179.3</ele>
      </trkpt>
      <trkpt lat="56.41147" lon="12.88397">
        <ele>179.2</ele>
      </trkpt>
      <trkpt lat="56.41153" lon="12.88412">
        <ele>179.0</ele>
      </trkpt>
      <trkpt lat="56.41163" lon="12.88432">
        <ele>178.6</ele>
      </trkpt>
      <trkpt lat="56.41172" lon="12.88443">
        <ele>178.1</ele>
      </trkpt>
      <trkpt lat="56.41179" lon="12.8845">
        <ele>177.6</ele>
      </trkpt>
      <trkpt lat="56.41186" lon="12.88452">
        <ele>177.2</ele>
      </trkpt>
      <trkpt lat="56.41203" lon="12.8845">
        <ele>176.5</ele>
      </trkpt>
      <trkpt lat="56.41226" lon="12.8844">
        <ele>175.6</ele>
      </trkpt>
      <trkpt lat="56.41262" lon="12.88419">
        <ele>174.1</ele>
      </trkpt>
      <trkpt lat="56.41276" lon="12.88413">
        <ele>173.2</ele>
      </trkpt>
      <trkpt lat="56.41294" lon="12.8841">
        <ele>171.9</ele>
      </trkpt>
      <trkpt lat="56.41332" lon="12.88415">
        <ele>169.1</ele>
      </trkpt>
      <trkpt lat="56.4135" lon="12.88409">
        <ele>168.1</ele>
      </trkpt>
      <trkpt lat="56.41364" lon="12.88396">
        <ele>167.4</ele>
      </trkpt>
      <trkpt lat="56.41373" lon="12.88382">
        <ele>167.0</ele>
      </trkpt>
      <trkpt lat="56.41384" lon="12.8836">
        <ele>166.6</ele>
      </trkpt>
      <trkpt lat="56.41403" lon="12.88292">
        <ele>166.2</ele>
      </trkpt>
      <trkpt lat="56.41412" lon="12.8827">
        <ele>166.0</ele>
      </trkpt>
      <trkpt lat="56.41419" lon="12.88257">
        <ele>165.9</ele>
      </trkpt>
      <trkpt lat="56.41475" lon="12.88193">
        <ele>165.3</ele>
      </trkpt>
      <trkpt lat="56.41531" lon="12.88129">
        <ele>162.7</ele>
      </trkpt>
      <trkpt lat="56.41543" lon="12.88124">
        <ele>161.9</ele>
      </trkpt>
      <trkpt lat="56.41565" lon="12.88122">
        <ele>160.6</ele>
      </trkpt>
      <trkpt lat="56.4158" lon="12.88117">
        <ele>159.6</ele>
      </trkpt>
      <trkpt lat="56.41586" lon="12.88109">
        <ele>159.2</ele>
      </trkpt>
      <trkpt lat="56.41592" lon="12.88097">
        <ele>158.8</ele>
      </trkpt>
      <trkpt lat="56.41603" lon="12.88073">
        <ele>158.3</ele>
      </trkpt>
      <trkpt lat="56.41614" lon="12.88051">
        <ele>158.0</ele>
      </trkpt>
      <trkpt lat="56.41624" lon="12.8804">
        <ele>157.8</ele>
      </trkpt>
      <trkpt lat="56.41634" lon="12.88035">
        <ele>157.5</ele>
      </trkpt>
      <trkpt lat="56.41653" lon="12.88032">
        <ele>157.0</ele>
      </trkpt>
      <trkpt lat="56.41672" lon="12.88031">
        <ele>156.2</ele>
      </trkpt>
      <trkpt lat="56.41693" lon="12.88026">
        <ele>154.6</ele>
      </trkpt>
      <trkpt lat="56.41704" lon="12.88019">
        <ele>153.7</ele>
      </trkpt>
      <trkpt lat="56.41667" lon="12.87883">
        <ele>156.0</ele>
      </trkpt>
      <trkpt lat="56.41639" lon="12.87798">
        <ele>157.3</ele>
      </trkpt>
      <trkpt lat="56.41634" lon="12.87778">
        <ele>157.6</ele>
      </trkpt>
      <trkpt lat="56.41632" lon="12.87757">
        <ele>157.7</ele>
      </trkpt>
      <trkpt lat="56.41633" lon="12.87739">
        <ele>157.6</ele>
      </trkpt>
      <trkpt lat="56.41636" lon="12.87714">
        <ele>157.5</ele>
      </trkpt>
      <trkpt lat="56.41642" lon="12.87668">
        <ele>157.2</ele>
      </trkpt>
      <trkpt lat="56.41647" lon="12.87636">
        <ele>157.4</ele>
      </trkpt>
      <trkpt lat="56.41648" lon="12.87617">
        <ele>157.6</ele>
      </trkpt>
      <trkpt lat="56.41647" lon="12.87596">
        <ele>158.0</ele>
      </trkpt>
      <trkpt lat="56.41643" lon="12.87563">
        <ele>158.5</ele>
      </trkpt>
      <trkpt lat="56.41628" lon="12.87466">
        <ele>160.2</ele>
      </trkpt>
      <trkpt lat="56.41618" lon="12.87392">
        <ele>161.5</ele>
      </trkpt>
      <trkpt lat="56.41612" lon="12.8734">
        <ele>161.9</ele>
      </trkpt>
      <trkpt lat="56.4161" lon="12.87308">
        <ele>162.9</ele>
      </trkpt>
      <trkpt lat="56.4161" lon="12.87292">
        <ele>163.4</ele>
      </trkpt>
      <trkpt lat="56.41612" lon="12.87275">
        <ele>163.8</ele>
      </trkpt>
      <trkpt lat="56.41618" lon="12.87261">
        <ele>164.0</ele>
      </trkpt>
      <trkpt lat="56.41661" lon="12.87192">
        <ele>164.9</ele>
      </trkpt>
      <trkpt lat="56.41704" lon="12.87123">
        <ele>164.2</ele>
      </trkpt>
      <trkpt lat="56.41704" lon="12.87123">
        <ele>164.2</ele>
      </trkpt>
      <trkpt lat="56.41731" lon="12.87076">
        <ele>162.1</ele>
      </trkpt>
      <trkpt lat="56.41771" lon="12.87023">
        <ele>157.0</ele>
      </trkpt>
      <trkpt lat="56.41782" lon="12.87002">
        <ele>155.4</ele>
      </trkpt>
      <trkpt lat="56.41818" lon="12.86906">
        <ele>150.0</ele>
      </trkpt>
      <trkpt lat="56.41854" lon="12.86809">
        <ele>147.3</ele>
      </trkpt>
      <trkpt lat="56.4186" lon="12.86801">
        <ele>147.2</ele>
      </trkpt>
      <trkpt lat="56.41867" lon="12.86797">
        <ele>147.0</ele>
      </trkpt>
      <trkpt lat="56.41875" lon="12.86799">
        <ele>146.7</ele>
      </trkpt>
      <trkpt lat="56.41899" lon="12.86826">
        <ele>145.7</ele>
      </trkpt>
      <trkpt lat="56.41911" lon="12.86837">
        <ele>145.2</ele>
      </trkpt>
      <trkpt lat="56.41921" lon="12.86799">
        <ele>145.2</ele>
      </trkpt>
      <trkpt lat="56.41943" lon="12.86678">
        <ele>143.6</ele>
      </trkpt>
      <trkpt lat="56.41966" lon="12.86528">
        <ele>136.0</ele>
      </trkpt>
      <trkpt lat="56.4199" lon="12.86394">
        <ele>129.5</ele>
      </trkpt>
      <trkpt lat="56.41988" lon="12.86373">
        <ele>128.7</ele>
      </trkpt>
      <trkpt lat="56.4198" lon="12.8636">
        <ele>128.4</ele>
      </trkpt>
      <trkpt lat="56.4195" lon="12.86329">
        <ele>127.5</ele>
      </trkpt>
      <trkpt lat="56.41873" lon="12.8628">
        <ele>126.3</ele>
      </trkpt>
      <trkpt lat="56.41796" lon="12.8623">
        <ele>123.3</ele>
      </trkpt>
      <trkpt lat="56.41719" lon="12.86181">
        <ele>121.3</ele>
      </trkpt>
      <trkpt lat="56.41732" lon="12.86109">
        <ele>113.0</ele>
      </trkpt>
      <trkpt lat="56.41737" lon="12.8607">
        <ele>108.4</ele>
      </trkpt>
      <trkpt lat="56.41746" lon="12.8605">
        <ele>105.7</ele>
      </trkpt>
      <trkpt lat="56.41752" lon="12.86026">
        <ele>102.8</ele>
      </trkpt>
      <trkpt lat="56.417551" lon="12.860079">
        <ele>100.7</ele>
      </trkpt>
      <trkpt lat="56.41755" lon="12.86008">
        <ele>100.8</ele>
      </trkpt>
      <trkpt lat="56.41757" lon="12.85997">
        <ele>99.5</ele>
      </trkpt>
      <trkpt lat="56.41765" lon="12.8597">
        <ele>95.7</ele>
      </trkpt>
      <trkpt lat="56.41778" lon="12.8595">
        <ele>92.3</ele>
      </trkpt>
      <trkpt lat="56.41786" lon="12.85932">
        <ele>89.2</ele>
      </trkpt>
      <trkpt lat="56.41795" lon="12.85912">
        <ele>85.5</ele>
      </trkpt>
      <trkpt lat="56.418" lon="12.85884">
        <ele>80.7</ele>
      </trkpt>
      <trkpt lat="56.41808" lon="12.85855">
        <ele>75.2</ele>
      </trkpt>
      <trkpt lat="56.41811" lon="12.85841">
        <ele>72.5</ele>
      </trkpt>
      <trkpt lat="56.41815" lon="12.85819">
        <ele>69.0</ele>
      </trkpt>
      <trkpt lat="56.41823" lon="12.8579">
        <ele>64.4</ele>
      </trkpt>
      <trkpt lat="56.41828" lon="12.85754">
        <ele>59.3</ele>
      </trkpt>
      <trkpt lat="56.41822" lon="12.85755">
        <ele>60.4</ele>
      </trkpt>
      <trkpt lat="56.41809" lon="12.85754">
        <ele>62.3</ele>
      </trkpt>
      <trkpt lat="56.41783" lon="12.85748">
        <ele>65.6</ele>
      </trkpt>
      <trkpt lat="56.41771" lon="12.85747">
        <ele>67.4</ele>
      </trkpt>
      <trkpt lat="56.41759" lon="12.85743">
        <ele>68.8</ele>
      </trkpt>
      <trkpt lat="56.41748" lon="12.85733">
        <ele>69.4</ele>
      </trkpt>
      <trkpt lat="56.4174" lon="12.85723">
        <ele>69.5</ele>
      </trkpt>
      <trkpt lat="56.4173" lon="12.85704">
        <ele>69.1</ele>
      </trkpt>
      <trkpt lat="56.41719" lon="12.85683">
        <ele>68.8</ele>
      </trkpt>
      <trkpt lat="56.41707" lon="12.85667">
        <ele>69.3</ele>
      </trkpt>
      <trkpt lat="56.41689" lon="12.85649">
        <ele>69.9</ele>
      </trkpt>
      <trkpt lat="56.41686" lon="12.85648">
        <ele>70.3</ele>
      </trkpt>
      <trkpt lat="56.41667" lon="12.85642">
        <ele>72.4</ele>
      </trkpt>
      <trkpt lat="56.41644" lon="12.85641">
        <ele>72.6</ele>
      </trkpt>
      <trkpt lat="56.41631" lon="12.85642">
        <ele>72.8</ele>
      </trkpt>
      <trkpt lat="56.41618" lon="12.85648">
        <ele>73.7</ele>
      </trkpt>
      <trkpt lat="56.41591" lon="12.8567">
        <ele>76.3</ele>
      </trkpt>
      <trkpt lat="56.41538" lon="12.85733">
        <ele>81.1</ele>
      </trkpt>
      <trkpt lat="56.41488" lon="12.85786">
        <ele>86.4</ele>
      </trkpt>
      <trkpt lat="56.41444" lon="12.85835">
        <ele>92.5</ele>
      </trkpt>
      <trkpt lat="56.41425" lon="12.85859">
        <ele>95.5</ele>
      </trkpt>
      <trkpt lat="56.41404" lon="12.85891">
        <ele>99.5</ele>
      </trkpt>
      <trkpt lat="56.41386" lon="12.85922">
        <ele>102.8</ele>
      </trkpt>
      <trkpt lat="56.41369" lon="12.85959">
        <ele>105.0</ele>
      </trkpt>
      <trkpt lat="56.4134" lon="12.86022">
        <ele>108.7</ele>
      </trkpt>
      <trkpt lat="56.41319" lon="12.86075">
        <ele>116.4</ele>
      </trkpt>
      <trkpt lat="56.41293" lon="12.86094">
        <ele>120.1</ele>
      </trkpt>
      <trkpt lat="56.41284" lon="12.86099">
        <ele>121.0</ele>
      </trkpt>
      <trkpt lat="56.41268" lon="12.86096">
        <ele>121.9</ele>
      </trkpt>
      <trkpt lat="56.41256" lon="12.8608">
        <ele>122.4</ele>
      </trkpt>
      <trkpt lat="56.41252" lon="12.86053">
        <ele>122.4</ele>
      </trkpt>
      <trkpt lat="56.41254" lon="12.86026">
        <ele>121.7</ele>
      </trkpt>
      <trkpt lat="56.41258" lon="12.85996">
        <ele>120.4</ele>
      </trkpt>
      <trkpt lat="56.4126" lon="12.85976">
        <ele>119.9</ele>
      </trkpt>
      <trkpt lat="56.41261" lon="12.85952">
        <ele>119.5</ele>
      </trkpt>
      <trkpt lat="56.41259" lon="12.85905">
        <ele>119.4</ele>
      </trkpt>
      <trkpt lat="56.41259" lon="12.85905">
        <ele>119.4</ele>
      </trkpt>
      <trkpt lat="56.41255" lon="12.85829">
        <ele>119.5</ele>
      </trkpt>
      <trkpt lat="56.41257" lon="12.85792">
        <ele>121.5</ele>
      </trkpt>
      <trkpt lat="56.41264" lon="12.85764">
        <ele>122.3</ele>
      </trkpt>
      <trkpt lat="56.41268" lon="12.85753">
        <ele>122.4</ele>
      </trkpt>
      <trkpt lat="56.41273" lon="12.85736">
        <ele>122.8</ele>
      </trkpt>
      <trkpt lat="56.41277" lon="12.85717">
        <ele>123.4</ele>
      </trkpt>
      <trkpt lat="56.41279" lon="12.85692">
        <ele>124.7</ele>
      </trkpt>
      <trkpt lat="56.41279" lon="12.85672">
        <ele>125.9</ele>
      </trkpt>
      <trkpt lat="56.41276" lon="12.85656">
        <ele>126.8</ele>
      </trkpt>
      <trkpt lat="56.41273" lon="12.85638">
        <ele>127.6</ele>
      </trkpt>
      <trkpt lat="56.41261" lon="12.85577">
        <ele>130.5</ele>
      </trkpt>
      <trkpt lat="56.41254" lon="12.85556">
        <ele>131.8</ele>
      </trkpt>
      <trkpt lat="56.41245" lon="12.85537">
        <ele>132.9</ele>
      </trkpt>
      <trkpt lat="56.41238" lon="12.85528">
        <ele>133.5</ele>
      </trkpt>
      <trkpt lat="56.4123" lon="12.85521">
        <ele>134.1</ele>
      </trkpt>
      <trkpt lat="56.41188" lon="12.85491">
        <ele>136.2</ele>
      </trkpt>
      <trkpt lat="56.41165" lon="12.85472">
        <ele>136.5</ele>
      </trkpt>
      <trkpt lat="56.4111" lon="12.85433">
        <ele>139.6</ele>
      </trkpt>
      <trkpt lat="56.41088" lon="12.85415">
        <ele>140.4</ele>
      </trkpt>
      <trkpt lat="56.4101" lon="12.85349">
        <ele>143.4</ele>
      </trkpt>
      <trkpt lat="56.41003" lon="12.85345">
        <ele>144.0</ele>
      </trkpt>
      <trkpt lat="56.40978" lon="12.85338">
        <ele>147.7</ele>
      </trkpt>
      <trkpt lat="56.40974" lon="12.85343">
        <ele>148.3</ele>
      </trkpt>
      <trkpt lat="56.40968" lon="12.85371">
        <ele>149.1</ele>
      </trkpt>
      <trkpt lat="56.40963" lon="12.85391">
        <ele>149.4</ele>
      </trkpt>
      <trkpt lat="56.40949" lon="12.85404">
        <ele>150.6</ele>
      </trkpt>
      <trkpt lat="56.40936" lon="12.85412">
        <ele>151.6</ele>
      </trkpt>
      <trkpt lat="56.40909" lon="12.85424">
        <ele>153.3</ele>
      </trkpt>
      <trkpt lat="56.40877" lon="12.85436">
        <ele>156.2</ele>
      </trkpt>
      <trkpt lat="56.40865" lon="12.85437">
        <ele>157.5</ele>
      </trkpt>
      <trkpt lat="56.40854" lon="12.85435">
        <ele>158.7</ele>
      </trkpt>
      <trkpt lat="56.40842" lon="12.85428">
        <ele>160.1</ele>
      </trkpt>
      <trkpt lat="56.40833" lon="12.85419">
        <ele>161.0</ele>
      </trkpt>
      <trkpt lat="56.40824" lon="12.85407">
        <ele>161.0</ele>
      </trkpt>
      <trkpt lat="56.40812" lon="12.85389">
        <ele>161.0</ele>
      </trkpt>
      <trkpt lat="56.40794" lon="12.85364">
        <ele>161.0</ele>
      </trkpt>
      <trkpt lat="56.40751" lon="12.85329">
        <ele>160.9</ele>
      </trkpt>
      <trkpt lat="56.40739" lon="12.85311">
        <ele>159.5</ele>
      </trkpt>
      <trkpt lat="56.40733" lon="12.85304">
        <ele>158.8</ele>
      </trkpt>
      <trkpt lat="56.40712" lon="12.85286">
        <ele>156.3</ele>
      </trkpt>
      <trkpt lat="56.40702" lon="12.85273">
        <ele>155.1</ele>
      </trkpt>
      <trkpt lat="56.40674" lon="12.85226">
        <ele>151.8</ele>
      </trkpt>
      <trkpt lat="56.40647" lon="12.85172">
        <ele>149.6</ele>
      </trkpt>
      <trkpt lat="56.4064" lon="12.85154">
        <ele>149.0</ele>
      </trkpt>
      <trkpt lat="56.40636" lon="12.85141">
        <ele>148.6</ele>
      </trkpt>
      <trkpt lat="56.40633" lon="12.85127">
        <ele>148.3</ele>
      </trkpt>
      <trkpt lat="56.40627" lon="12.85088">
        <ele>147.6</ele>
      </trkpt>
      <trkpt lat="56.40623" lon="12.85071">
        <ele>147.3</ele>
      </trkpt>
      <trkpt lat="56.40618" lon="12.85057">
        <ele>146.9</ele>
      </trkpt>
      <trkpt lat="56.40603" lon="12.8502">
        <ele>146.0</ele>
      </trkpt>
      <trkpt lat="56.40594" lon="12.85002">
        <ele>145.5</ele>
      </trkpt>
      <trkpt lat="56.40588" lon="12.84986">
        <ele>145.2</ele>
      </trkpt>
      <trkpt lat="56.40582" lon="12.84969">
        <ele>144.9</ele>
      </trkpt>
      <trkpt lat="56.40571" lon="12.84924">
        <ele>144.3</ele>
      </trkpt>
      <trkpt lat="56.40566" lon="12.84896">
        <ele>144.0</ele>
      </trkpt>
      <trkpt lat="56.4056" lon="12.84866">
        <ele>143.6</ele>
      </trkpt>
      <trkpt lat="56.40548" lon="12.84827">
        <ele>142.6</ele>
      </trkpt>
      <trkpt lat="56.40542" lon="12.84803">
        <ele>141.4</ele>
      </trkpt>
      <trkpt lat="56.40521" lon="12.84738">
        <ele>138.5</ele>
      </trkpt>
      <trkpt lat="56.40507" lon="12.84703">
        <ele>137.5</ele>
      </trkpt>
      <trkpt lat="56.40493" lon="12.8466">
        <ele>136.8</ele>
      </trkpt>
      <trkpt lat="56.40482" lon="12.84622">
        <ele>135.7</ele>
      </trkpt>
      <trkpt lat="56.40468" lon="12.84583">
        <ele>134.6</ele>
      </trkpt>
      <trkpt lat="56.40449" lon="12.84544">
        <ele>133.4</ele>
      </trkpt>
      <trkpt lat="56.40431" lon="12.84502">
        <ele>132.2</ele>
      </trkpt>
      <trkpt lat="56.40423" lon="12.84473">
        <ele>131.7</ele>
      </trkpt>
      <trkpt lat="56.4042" lon="12.84458">
        <ele>131.5</ele>
      </trkpt>
      <trkpt lat="56.40414" lon="12.84421">
        <ele>131.2</ele>
      </trkpt>
      <trkpt lat="56.40414" lon="12.84409">
        <ele>131.1</ele>
      </trkpt>
      <trkpt lat="56.40379" lon="12.84369">
        <ele>133.5</ele>
      </trkpt>
      <trkpt lat="56.40298" lon="12.84332">
        <ele>140.1</ele>
      </trkpt>
      <trkpt lat="56.40259" lon="12.84318">
        <ele>141.9</ele>
      </trkpt>
      <trkpt lat="56.40216" lon="12.84336">
        <ele>143.4</ele>
      </trkpt>
      <trkpt lat="56.40168" lon="12.84359">
        <ele>144.6</ele>
      </trkpt>
      <trkpt lat="56.40099" lon="12.84343">
        <ele>147.3</ele>
      </trkpt>
      <trkpt lat="56.40073" lon="12.84358">
        <ele>148.0</ele>
      </trkpt>
      <trkpt lat="56.40053" lon="12.84298">
        <ele>146.3</ele>
      </trkpt>
      <trkpt lat="56.40045" lon="12.84141">
        <ele>140.0</ele>
      </trkpt>
      <trkpt lat="56.40033" lon="12.84048">
        <ele>136.8</ele>
      </trkpt>
      <trkpt lat="56.4002" lon="12.83956">
        <ele>135.7</ele>
      </trkpt>
      <trkpt lat="56.4002" lon="12.83956">
        <ele>135.7</ele>
      </trkpt>
      <trkpt lat="56.4002" lon="12.83956">
        <ele>135.7</ele>
      </trkpt>
      <trkpt lat="56.40011" lon="12.83886">
        <ele>135.5</ele>
      </trkpt>
      <trkpt lat="56.40011" lon="12.8387">
        <ele>135.4</ele>
      </trkpt>
      <trkpt lat="56.4001" lon="12.8381">
        <ele>135.3</ele>
      </trkpt>
      <trkpt lat="56.40012" lon="12.83773">
        <ele>135.1</ele>
      </trkpt>
      <trkpt lat="56.40018" lon="12.83747">
        <ele>134.7</ele>
      </trkpt>
      <trkpt lat="56.40062" lon="12.83689">
        <ele>131.5</ele>
      </trkpt>
      <trkpt lat="56.40106" lon="12.8363">
        <ele>128.7</ele>
      </trkpt>
      <trkpt lat="56.40124" lon="12.83627">
        <ele>128.3</ele>
      </trkpt>
      <trkpt lat="56.40155" lon="12.83674">
        <ele>127.1</ele>
      </trkpt>
      <trkpt lat="56.40158" lon="12.83679">
        <ele>127.0</ele>
      </trkpt>
      <trkpt lat="56.40172" lon="12.83675">
        <ele>126.6</ele>
      </trkpt>
      <trkpt lat="56.40197" lon="12.83605">
        <ele>125.3</ele>
      </trkpt>
      <trkpt lat="56.40223" lon="12.83535">
        <ele>123.4</ele>
      </trkpt>
      <trkpt lat="56.40236" lon="12.83525">
        <ele>122.7</ele>
      </trkpt>
      <trkpt lat="56.40294" lon="12.83481">
        <ele>118.4</ele>
      </trkpt>
      <trkpt lat="56.40345" lon="12.8343">
        <ele>116.1</ele>
      </trkpt>
      <trkpt lat="56.40395" lon="12.8338">
        <ele>113.1</ele>
      </trkpt>
      <trkpt lat="56.4045" lon="12.83432">
        <ele>112.0</ele>
      </trkpt>
      <trkpt lat="56.40479" lon="12.83446">
        <ele>112.2</ele>
      </trkpt>
      <trkpt lat="56.40506" lon="12.83557">
        <ele>113.3</ele>
      </trkpt>
      <trkpt lat="56.40498" lon="12.83708">
        <ele>116.0</ele>
      </trkpt>
      <trkpt lat="56.40495" lon="12.83754">
        <ele>117.2</ele>
      </trkpt>
      <trkpt lat="56.40482" lon="12.83791">
        <ele>117.1</ele>
      </trkpt>
      <trkpt lat="56.40488" lon="12.83791">
        <ele>117.1</ele>
      </trkpt>
      <trkpt lat="56.40495" lon="12.83792">
        <ele>117.1</ele>
      </trkpt>
      <trkpt lat="56.40493" lon="12.83819">
        <ele>117.1</ele>
      </trkpt>
      <trkpt lat="56.40508" lon="12.838">
        <ele>117.1</ele>
      </trkpt>
      <trkpt lat="56.40532" lon="12.83765">
        <ele>113.1</ele>
      </trkpt>
      <trkpt lat="56.40547" lon="12.83773">
        <ele>111.3</ele>
      </trkpt>
      <trkpt lat="56.40578" lon="12.83748">
        <ele>106.7</ele>
      </trkpt>
      <trkpt lat="56.40602" lon="12.83698">
        <ele>103.9</ele>
      </trkpt>
      <trkpt lat="56.40654" lon="12.83659">
        <ele>99.7</ele>
      </trkpt>
      <trkpt lat="56.40693" lon="12.83659">
        <ele>97.1</ele>
      </trkpt>
      <trkpt lat="56.40738" lon="12.83635">
        <ele>92.9</ele>
      </trkpt>
      <trkpt lat="56.40764" lon="12.83635">
        <ele>90.1</ele>
      </trkpt>
      <trkpt lat="56.40793" lon="12.83687">
        <ele>88.6</ele>
      </trkpt>
      <trkpt lat="56.40811" lon="12.83684">
        <ele>86.3</ele>
      </trkpt>
      <trkpt lat="56.40822" lon="12.83716">
        <ele>85.5</ele>
      </trkpt>
      <trkpt lat="56.40823" lon="12.83837">
        <ele>88.1</ele>
      </trkpt>
      <trkpt lat="56.40798" lon="12.83839">
        <ele>90.5</ele>
      </trkpt>
      <trkpt lat="56.40793" lon="12.83873">
        <ele>91.4</ele>
      </trkpt>
      <trkpt lat="56.40835" lon="12.8398">
        <ele>90.3</ele>
      </trkpt>
      <trkpt lat="56.40876" lon="12.8405">
        <ele>88.0</ele>
      </trkpt>
      <trkpt lat="56.40917" lon="12.84121">
        <ele>88.6</ele>
      </trkpt>
      <trkpt lat="56.40943" lon="12.84189">
        <ele>86.4</ele>
      </trkpt>
      <trkpt lat="56.40969" lon="12.84258">
        <ele>84.1</ele>
      </trkpt>
      <trkpt lat="56.40958" lon="12.84293">
        <ele>87.9</ele>
      </trkpt>
      <trkpt lat="56.40916" lon="12.84379">
        <ele>96.1</ele>
      </trkpt>
      <trkpt lat="56.40902" lon="12.84477">
        <ele>101.0</ele>
      </trkpt>
      <trkpt lat="56.40947" lon="12.84521">
        <ele>95.4</ele>
      </trkpt>
      <trkpt lat="56.41002" lon="12.84562">
        <ele>87.9</ele>
      </trkpt>
      <trkpt lat="56.41002" lon="12.84562">
        <ele>87.9</ele>
      </trkpt>
      <trkpt lat="56.41047" lon="12.84596">
        <ele>78.4</ele>
      </trkpt>
      <trkpt lat="56.41089" lon="12.84655">
        <ele>70.9</ele>
      </trkpt>
      <trkpt lat="56.41117" lon="12.84709">
        <ele>69.7</ele>
      </trkpt>
      <trkpt lat="56.41128" lon="12.84716">
        <ele>67.6</ele>
      </trkpt>
      <trkpt lat="56.41134" lon="12.847">
        <ele>64.1</ele>
      </trkpt>
      <trkpt lat="56.41137" lon="12.84694">
        <ele>62.7</ele>
      </trkpt>
      <trkpt lat="56.4114" lon="12.84684">
        <ele>60.7</ele>
      </trkpt>
      <trkpt lat="56.41141" lon="12.84672">
        <ele>59.1</ele>
      </trkpt>
      <trkpt lat="56.41144" lon="12.84607">
        <ele>55.7</ele>
      </trkpt>
      <trkpt lat="56.41145" lon="12.84566">
        <ele>54.3</ele>
      </trkpt>
      <trkpt lat="56.41139" lon="12.84504">
        <ele>53.8</ele>
      </trkpt>
      <trkpt lat="56.41131" lon="12.84444">
        <ele>54.0</ele>
      </trkpt>
      <trkpt lat="56.41128" lon="12.84416">
        <ele>54.0</ele>
      </trkpt>
      <trkpt lat="56.41127" lon="12.84402">
        <ele>53.9</ele>
      </trkpt>
      <trkpt lat="56.4113" lon="12.84376">
        <ele>53.0</ele>
      </trkpt>
      <trkpt lat="56.41133" lon="12.84359">
        <ele>52.3</ele>
      </trkpt>
      <trkpt lat="56.41143" lon="12.84326">
        <ele>50.2</ele>
      </trkpt>
      <trkpt lat="56.41165" lon="12.84274">
        <ele>45.8</ele>
      </trkpt>
      <trkpt lat="56.41202" lon="12.84177">
        <ele>47.4</ele>
      </trkpt>
      <trkpt lat="56.41209" lon="12.84163">
        <ele>48.1</ele>
      </trkpt>
      <trkpt lat="56.41227" lon="12.84261">
        <ele>49.3</ele>
      </trkpt>
      <trkpt lat="56.41227" lon="12.84261">
        <ele>49.3</ele>
      </trkpt>
      <trkpt lat="56.4123" lon="12.84282">
        <ele>49.5</ele>
      </trkpt>
      <trkpt lat="56.41235" lon="12.8432">
        <ele>49.5</ele>
      </trkpt>
      <trkpt lat="56.41243" lon="12.84426">
        <ele>47.8</ele>
      </trkpt>
      <trkpt lat="56.41248" lon="12.84454">
        <ele>47.1</ele>
      </trkpt>
      <trkpt lat="56.41259" lon="12.84482">
        <ele>47.9</ele>
      </trkpt>
      <trkpt lat="56.41274" lon="12.84506">
        <ele>49.6</ele>
      </trkpt>
      <trkpt lat="56.41292" lon="12.84572">
        <ele>49.9</ele>
      </trkpt>
      <trkpt lat="56.41313" lon="12.84618">
        <ele>50.0</ele>
      </trkpt>
      <trkpt lat="56.41325" lon="12.84651">
        <ele>49.3</ele>
      </trkpt>
      <trkpt lat="56.41331" lon="12.84673">
        <ele>48.7</ele>
      </trkpt>
      <trkpt lat="56.41342" lon="12.84705">
        <ele>49.0</ele>
      </trkpt>
      <trkpt lat="56.41362" lon="12.84755">
        <ele>49.1</ele>
      </trkpt>
      <trkpt lat="56.41383" lon="12.84799">
        <ele>48.0</ele>
      </trkpt>
      <trkpt lat="56.41411" lon="12.84856">
        <ele>46.4</ele>
      </trkpt>
      <trkpt lat="56.41431" lon="12.84869">
        <ele>46.8</ele>
      </trkpt>
      <trkpt lat="56.41446" lon="12.84883">
        <ele>47.0</ele>
      </trkpt>
      <trkpt lat="56.41468" lon="12.84926">
        <ele>46.5</ele>
      </trkpt>
      <trkpt lat="56.41488" lon="12.84957">
        <ele>45.8</ele>
      </trkpt>
      <trkpt lat="56.4151" lon="12.84984">
        <ele>44.7</ele>
      </trkpt>
      <trkpt lat="56.41523" lon="12.84988">
        <ele>44.3</ele>
      </trkpt>
      <trkpt lat="56.41549" lon="12.85018">
        <ele>43.9</ele>
      </trkpt>
      <trkpt lat="56.41559" lon="12.85025">
        <ele>44.0</ele>
      </trkpt>
      <trkpt lat="56.41572" lon="12.85027">
        <ele>43.8</ele>
      </trkpt>
      <trkpt lat="56.41588" lon="12.85024">
        <ele>43.4</ele>
      </trkpt>
      <trkpt lat="56.41673" lon="12.85018">
        <ele>40.6</ele>
      </trkpt>
      <trkpt lat="56.41729" lon="12.8502">
        <ele>39.4</ele>
      </trkpt>
      <trkpt lat="56.41789" lon="12.85046">
        <ele>36.2</ele>
      </trkpt>
      <trkpt lat="56.41828" lon="12.85055">
        <ele>33.4</ele>
      </trkpt>
      <trkpt lat="56.41854" lon="12.85055">
        <ele>31.8</ele>
      </trkpt>
      <trkpt lat="56.41875" lon="12.85047">
        <ele>30.5</ele>
      </trkpt>
      <trkpt lat="56.41901" lon="12.85033">
        <ele>28.9</ele>
      </trkpt>
      <trkpt lat="56.41919" lon="12.85031">
        <ele>27.9</ele>
      </trkpt>
      <trkpt lat="56.41935" lon="12.85039">
        <ele>27.1</ele>
      </trkpt>
      <trkpt lat="56.4197" lon="12.85044">
        <ele>25.5</ele>
      </trkpt>
      <trkpt lat="56.41993" lon="12.85043">
        <ele>24.4</ele>
      </trkpt>
      <trkpt lat="56.41993" lon="12.85043">
        <ele>24.4</ele>
      </trkpt>
      <trkpt lat="56.42061" lon="12.85032">
        <ele>19.7</ele>
      </trkpt>
      <trkpt lat="56.42069" lon="12.85025">
        <ele>18.9</ele>
      </trkpt>
      <trkpt lat="56.42091" lon="12.84992">
        <ele>17.2</ele>
      </trkpt>
      <trkpt lat="56.42099" lon="12.84984">
        <ele>17.4</ele>
      </trkpt>
      <trkpt lat="56.42096" lon="12.84949">
        <ele>18.2</ele>
      </trkpt>
      <trkpt lat="56.42102" lon="12.8495">
        <ele>18.2</ele>
      </trkpt>
      <trkpt lat="56.421017" lon="12.849498">
        <ele>18.2</ele>
      </trkpt>
      <trkpt lat="56.4211" lon="12.84951">
        <ele>17.6</ele>
      </trkpt>
      <trkpt lat="56.42119" lon="12.84952">
        <ele>17.7</ele>
      </trkpt>
      <trkpt lat="56.4213" lon="12.84952">
        <ele>17.8</ele>
      </trkpt>
      <trkpt lat="56.42138" lon="12.84963">
        <ele>17.9</ele>
      </trkpt>
      <trkpt lat="56.42143" lon="12.84969">
        <ele>17.7</ele>
      </trkpt>
      <trkpt lat="56.42152" lon="12.84978">
        <ele>17.5</ele>
      </trkpt>
      <trkpt lat="56.42162" lon="12.84983">
        <ele>17.4</ele>
      </trkpt>
      <trkpt lat="56.42183" lon="12.84987">
        <ele>17.3</ele>
      </trkpt>
      <trkpt lat="56.42207" lon="12.84983">
        <ele>17.4</ele>
      </trkpt>
      <trkpt lat="56.42237" lon="12.84984">
        <ele>17.4</ele>
      </trkpt>
      <trkpt lat="56.42259" lon="12.8499">
        <ele>17.1</ele>
      </trkpt>
      <trkpt lat="56.42275" lon="12.84999">
        <ele>16.7</ele>
      </trkpt>
      <trkpt lat="56.42299" lon="12.85005">
        <ele>16.4</ele>
      </trkpt>
      <trkpt lat="56.42311" lon="12.85006">
        <ele>16.2</ele>
      </trkpt>
      <trkpt lat="56.42385" lon="12.84991">
        <ele>16.1</ele>
      </trkpt>
      <trkpt lat="56.42458" lon="12.84975">
        <ele>14.8</ele>
      </trkpt>
      <trkpt lat="56.42499" lon="12.84966">
        <ele>13.4</ele>
      </trkpt>
      <trkpt lat="56.42505" lon="12.84964">
        <ele>13.3</ele>
      </trkpt>
      <trkpt lat="56.4251" lon="12.84959">
        <ele>13.3</ele>
      </trkpt>
      <trkpt lat="56.42518" lon="12.84937">
        <ele>13.3</ele>
      </trkpt>
      <trkpt lat="56.42519" lon="12.8491">
        <ele>13.5</ele>
      </trkpt>
      <trkpt lat="56.42523" lon="12.84869">
        <ele>13.4</ele>
      </trkpt>
      <trkpt lat="56.42531" lon="12.84855">
        <ele>13.1</ele>
      </trkpt>
      <trkpt lat="56.42548" lon="12.84849">
        <ele>12.9</ele>
      </trkpt>
      <trkpt lat="56.425498" lon="12.848487">
        <ele>12.9</ele>
      </trkpt>
      <trkpt lat="56.4255" lon="12.84849">
        <ele>12.9</ele>
      </trkpt>
      <trkpt lat="56.4256" lon="12.84847">
        <ele>12.7</ele>
      </trkpt>
      <trkpt lat="56.42621" lon="12.84862">
        <ele>12.0</ele>
      </trkpt>
      <trkpt lat="56.42639" lon="12.8487">
        <ele>12.0</ele>
      </trkpt>
      <trkpt lat="56.42668" lon="12.84819">
        <ele>12.4</ele>
      </trkpt>
      <trkpt lat="56.42717" lon="12.84814">
        <ele>12.7</ele>
      </trkpt>
      <trkpt lat="56.42731" lon="12.84812">
        <ele>12.9</ele>
      </trkpt>
      <trkpt lat="56.42754" lon="12.84809">
        <ele>13.1</ele>
      </trkpt>
      <trkpt lat="56.42773" lon="12.84804">
        <ele>12.5</ele>
      </trkpt>
      <trkpt lat="56.42822" lon="12.84797">
        <ele>10.8</ele>
      </trkpt>
      <trkpt lat="56.42824" lon="12.84795">
        <ele>10.8</ele>
      </trkpt>
      <trkpt lat="56.42825" lon="12.84789">
        <ele>10.8</ele>
      </trkpt>
      <trkpt lat="56.42829" lon="12.84737">
        <ele>11.3</ele>
      </trkpt>
      <trkpt lat="56.42825" lon="12.84727">
        <ele>11.5</ele>
      </trkpt>
      <trkpt lat="56.42829" lon="12.84678">
        <ele>12.0</ele>
      </trkpt>
      <trkpt lat="56.42842" lon="12.84676">
        <ele>11.5</ele>
      </trkpt>
      <trkpt lat="56.42849" lon="12.84671">
        <ele>11.2</ele>
      </trkpt>
      <trkpt lat="56.42892" lon="12.84626">
        <ele>10.2</ele>
      </trkpt>
      <trkpt lat="56.42925" lon="12.84593">
        <ele>9.5</ele>
      </trkpt>
      <trkpt lat="56.42945" lon="12.84576">
        <ele>9.0</ele>
      </trkpt>
      <trkpt lat="56.43006" lon="12.84531">
        <ele>6.9</ele>
      </trkpt>
      <trkpt lat="56.43006" lon="12.84531">
        <ele>6.9</ele>
      </trkpt>
      <trkpt lat="56.43017" lon="12.84524">
        <ele>6.6</ele>
      </trkpt>
      <trkpt lat="56.4309" lon="12.84484">
        <ele>5.7</ele>
      </trkpt>
      <trkpt lat="56.4309" lon="12.84484">
        <ele>5.7</ele>
      </trkpt>
      <trkpt lat="56.43098" lon="12.8448">
        <ele>5.7</ele>
      </trkpt>
      <trkpt lat="56.4314" lon="12.84468">
        <ele>5.3</ele>
      </trkpt>
      <trkpt lat="56.43149" lon="12.8446">
        <ele>5.4</ele>
      </trkpt>
      <trkpt lat="56.43159" lon="12.84451">
        <ele>5.4</ele>
      </trkpt>
      <trkpt lat="56.43167" lon="12.8444">
        <ele>5.4</ele>
      </trkpt>
      <trkpt lat="56.43177" lon="12.84421">
        <ele>5.2</ele>
      </trkpt>
      <trkpt lat="56.43184" lon="12.84407">
        <ele>5.0</ele>
      </trkpt>
      <trkpt lat="56.4318" lon="12.84401">
        <ele>5.5</ele>
      </trkpt>
      <trkpt lat="56.43232" lon="12.84272">
        <ele>7.6</ele>
      </trkpt>
      <trkpt lat="56.43242" lon="12.84251">
        <ele>8.2</ele>
      </trkpt>
      <trkpt lat="56.43249" lon="12.84238">
        <ele>8.5</ele>
      </trkpt>
      <trkpt lat="56.4326" lon="12.84222">
        <ele>8.6</ele>
      </trkpt>
      <trkpt lat="56.43272" lon="12.8421">
        <ele>8.6</ele>
      </trkpt>
      <trkpt lat="56.43309" lon="12.8418">
        <ele>8.4</ele>
      </trkpt>
      <trkpt lat="56.43329" lon="12.84159">
        <ele>8.4</ele>
      </trkpt>
      <trkpt lat="56.43355" lon="12.84126">
        <ele>8.4</ele>
      </trkpt>
      <trkpt lat="56.4337" lon="12.84115">
        <ele>8.0</ele>
      </trkpt>
      <trkpt lat="56.43421" lon="12.84093">
        <ele>5.8</ele>
      </trkpt>
      <trkpt lat="56.43421" lon="12.84093">
        <ele>5.8</ele>
      </trkpt>
      <trkpt lat="56.4349" lon="12.84065">
        <ele>4.3</ele>
      </trkpt>
      <trkpt lat="56.43489" lon="12.84054">
        <ele>4.3</ele>
      </trkpt>
      <trkpt lat="56.43469" lon="12.83965">
        <ele>6.5</ele>
      </trkpt>
      <trkpt lat="56.43469" lon="12.83965">
        <ele>6.5</ele>
      </trkpt>
      <trkpt lat="56.43463" lon="12.83938">
        <ele>7.9</ele>
      </trkpt>
      <trkpt lat="56.43456" lon="12.83925">
        <ele>8.8</ele>
      </trkpt>
      <trkpt lat="56.4347" lon="12.83869">
        <ele>10.0</ele>
      </trkpt>
      <trkpt lat="56.43471" lon="12.83857">
        <ele>10.3</ele>
      </trkpt>
      <trkpt lat="56.43471" lon="12.83845">
        <ele>10.7</ele>
      </trkpt>
      <trkpt lat="56.43466" lon="12.83832">
        <ele>11.5</ele>
      </trkpt>
      <trkpt lat="56.43459" lon="12.83823">
        <ele>12.3</ele>
      </trkpt>
      <trkpt lat="56.43453" lon="12.83817">
        <ele>13.0</ele>
      </trkpt>
      <trkpt lat="56.43448" lon="12.83812">
        <ele>13.5</ele>
      </trkpt>
      <trkpt lat="56.43442" lon="12.83806">
        <ele>14.2</ele>
      </trkpt>
      <trkpt lat="56.43442" lon="12.83806">
        <ele>14.2</ele>
      </trkpt>
      <trkpt lat="56.43439" lon="12.83803">
        <ele>14.5</ele>
      </trkpt>
      <trkpt lat="56.43427" lon="12.83789">
        <ele>15.9</ele>
      </trkpt>
      <trkpt lat="56.4339" lon="12.83728">
        <ele>20.1</ele>
      </trkpt>
      <trkpt lat="56.43357" lon="12.83659">
        <ele>23.8</ele>
      </trkpt>
      <trkpt lat="56.43323" lon="12.83591">
        <ele>27.0</ele>
      </trkpt>
      <trkpt lat="56.43312" lon="12.83574">
        <ele>27.5</ele>
      </trkpt>
      <trkpt lat="56.43298" lon="12.83558">
        <ele>27.9</ele>
      </trkpt>
      <trkpt lat="56.43304" lon="12.83541">
        <ele>28.2</ele>
      </trkpt>
      <trkpt lat="56.43304" lon="12.83541">
        <ele>28.2</ele>
      </trkpt>
      <trkpt lat="56.43315" lon="12.83511">
        <ele>28.8</ele>
      </trkpt>
      <trkpt lat="56.43253" lon="12.8344">
        <ele>28.3</ele>
      </trkpt>
      <trkpt lat="56.43209" lon="12.83387">
        <ele>32.1</ele>
      </trkpt>
      <trkpt lat="56.43165" lon="12.83333">
        <ele>40.8</ele>
      </trkpt>
      <trkpt lat="56.431649" lon="12.83333">
        <ele>40.8</ele>
      </trkpt>
      <trkpt lat="56.43165" lon="12.83333">
        <ele>40.8</ele>
      </trkpt>
      <trkpt lat="56.43156" lon="12.83324">
        <ele>46.1</ele>
      </trkpt>
      <trkpt lat="56.43152" lon="12.83323">
        <ele>47.9</ele>
      </trkpt>
      <trkpt lat="56.43157" lon="12.83308">
        <ele>48.6</ele>
      </trkpt>
      <trkpt lat="56.43157" lon="12.83308">
        <ele>48.6</ele>
      </trkpt>
      <trkpt lat="56.4317" lon="12.83269">
        <ele>51.5</ele>
      </trkpt>
      <trkpt lat="56.43175" lon="12.8325">
        <ele>53.6</ele>
      </trkpt>
      <trkpt lat="56.43174" lon="12.83242">
        <ele>55.2</ele>
      </trkpt>
      <trkpt lat="56.43166" lon="12.83239">
        <ele>58.2</ele>
      </trkpt>
      <trkpt lat="56.43159" lon="12.83244">
        <ele>59.4</ele>
      </trkpt>
      <trkpt lat="56.43141" lon="12.83273">
        <ele>60.4</ele>
      </trkpt>
      <trkpt lat="56.43138" lon="12.83273">
        <ele>61.4</ele>
      </trkpt>
      <trkpt lat="56.43136" lon="12.83299">
        <ele>58.1</ele>
      </trkpt>
      <trkpt lat="56.43089" lon="12.83368">
        <ele>66.7</ele>
      </trkpt>
      <trkpt lat="56.43084" lon="12.83371">
        <ele>68.0</ele>
      </trkpt>
      <trkpt lat="56.4308" lon="12.83381">
        <ele>67.1</ele>
      </trkpt>
      <trkpt lat="56.43066" lon="12.83403">
        <ele>66.2</ele>
      </trkpt>
      <trkpt lat="56.43047" lon="12.83423">
        <ele>67.3</ele>
      </trkpt>
      <trkpt lat="56.43037" lon="12.83418">
        <ele>70.4</ele>
      </trkpt>
      <trkpt lat="56.43018" lon="12.83438">
        <ele>72.2</ele>
      </trkpt>
      <trkpt lat="56.430178" lon="12.834379">
        <ele>72.3</ele>
      </trkpt>
      <trkpt lat="56.429864" lon="12.834579">
        <ele>75.2</ele>
      </trkpt>
      <trkpt lat="56.430045" lon="12.833936">
        <ele>80.3</ele>
      </trkpt>
      <trkpt lat="56.43005" lon="12.83394">
        <ele>80.1</ele>
      </trkpt>
      <trkpt lat="56.43022" lon="12.8335">
        <ele>81.9</ele>
      </trkpt>
      <trkpt lat="56.43022" lon="12.83341">
        <ele>82.9</ele>
      </trkpt>
      <trkpt lat="56.43046" lon="12.8329">
        <ele>83.1</ele>
      </trkpt>
      <trkpt lat="56.43056" lon="12.83273">
        <ele>83.1</ele>
      </trkpt>
      <trkpt lat="56.43071" lon="12.83252">
        <ele>83.0</ele>
      </trkpt>
      <trkpt lat="56.4307" lon="12.83246">
        <ele>83.5</ele>
      </trkpt>
      <trkpt lat="56.4307" lon="12.83246">
        <ele>83.5</ele>
      </trkpt>
      <trkpt lat="56.4307" lon="12.83242">
        <ele>83.8</ele>
      </trkpt>
      <trkpt lat="56.43072" lon="12.8323">
        <ele>84.4</ele>
      </trkpt>
      <trkpt lat="56.43093" lon="12.83195">
        <ele>83.6</ele>
      </trkpt>
      <trkpt lat="56.43102" lon="12.83188">
        <ele>82.1</ele>
      </trkpt>
      <trkpt lat="56.43128" lon="12.83126">
        <ele>81.2</ele>
      </trkpt>
      <trkpt lat="56.43128" lon="12.83112">
        <ele>82.0</ele>
      </trkpt>
      <trkpt lat="56.43136" lon="12.83107">
        <ele>81.1</ele>
      </trkpt>
      <trkpt lat="56.43154" lon="12.83064">
        <ele>81.9</ele>
      </trkpt>
      <trkpt lat="56.43161" lon="12.83022">
        <ele>84.5</ele>
      </trkpt>
      <trkpt lat="56.43161" lon="12.82986">
        <ele>86.5</ele>
      </trkpt>
      <trkpt lat="56.43166" lon="12.82918">
        <ele>87.0</ele>
      </trkpt>
      <trkpt lat="56.431665" lon="12.829179">
        <ele>87.0</ele>
      </trkpt>
      <trkpt lat="56.43166" lon="12.82918">
        <ele>87.0</ele>
      </trkpt>
      <trkpt lat="56.43167" lon="12.82903">
        <ele>86.9</ele>
      </trkpt>
      <trkpt lat="56.4317" lon="12.82888">
        <ele>86.1</ele>
      </trkpt>
      <trkpt lat="56.43171" lon="12.8286">
        <ele>86.0</ele>
      </trkpt>
      <trkpt lat="56.43176" lon="12.82842">
        <ele>84.9</ele>
      </trkpt>
      <trkpt lat="56.43165" lon="12.82827">
        <ele>87.3</ele>
      </trkpt>
      <trkpt lat="56.43154" lon="12.82826">
        <ele>88.5</ele>
      </trkpt>
      <trkpt lat="56.43125" lon="12.82787">
        <ele>92.9</ele>
      </trkpt>
      <trkpt lat="56.43125" lon="12.82787">
        <ele>92.9</ele>
      </trkpt>
      <trkpt lat="56.43108" lon="12.82765">
        <ele>95.9</ele>
      </trkpt>
      <trkpt lat="56.43085" lon="12.82767">
        <ele>99.0</ele>
      </trkpt>
      <trkpt lat="56.43073" lon="12.82757">
        <ele>100.8</ele>
      </trkpt>
      <trkpt lat="56.4305" lon="12.8275">
        <ele>103.6</ele>
      </trkpt>
      <trkpt lat="56.43034" lon="12.82742">
        <ele>105.7</ele>
      </trkpt>
      <trkpt lat="56.42995" lon="12.82701">
        <ele>112.8</ele>
      </trkpt>
      <trkpt lat="56.42985" lon="12.82701">
        <ele>114.4</ele>
      </trkpt>
      <trkpt lat="56.42979" lon="12.82734">
        <ele>113.6</ele>
      </trkpt>
      <trkpt lat="56.42943" lon="12.82805">
        <ele>116.7</ele>
      </trkpt>
      <trkpt lat="56.42908" lon="12.82876">
        <ele>118.5</ele>
      </trkpt>
      <trkpt lat="56.429" lon="12.82884">
        <ele>118.8</ele>
      </trkpt>
      <trkpt lat="56.429004" lon="12.828841">
        <ele>118.8</ele>
      </trkpt>
      <trkpt lat="56.429" lon="12.82884">
        <ele>118.8</ele>
      </trkpt>
      <trkpt lat="56.42889" lon="12.82896">
        <ele>119.1</ele>
      </trkpt>
      <trkpt lat="56.42842" lon="12.82932">
        <ele>121.3</ele>
      </trkpt>
      <trkpt lat="56.42794" lon="12.82967">
        <ele>120.4</ele>
      </trkpt>
      <trkpt lat="56.42757" lon="12.83004">
        <ele>119.2</ele>
      </trkpt>
      <trkpt lat="56.42746" lon="12.83002">
        <ele>119.8</ele>
      </trkpt>
      <trkpt lat="56.42731" lon="12.83002">
        <ele>119.8</ele>
      </trkpt>
      <trkpt lat="56.42711" lon="12.83012">
        <ele>118.8</ele>
      </trkpt>
      <trkpt lat="56.42702" lon="12.83018">
        <ele>118.3</ele>
      </trkpt>
      <trkpt lat="56.42696" lon="12.82989">
        <ele>120.8</ele>
      </trkpt>
      <trkpt lat="56.42696" lon="12.82989">
        <ele>120.8</ele>
      </trkpt>
      <trkpt lat="56.42688" lon="12.82953">
        <ele>123.4</ele>
      </trkpt>
      <trkpt lat="56.42683" lon="12.82911">
        <ele>126.4</ele>
      </trkpt>
      <trkpt lat="56.42682" lon="12.82879">
        <ele>128.7</ele>
      </trkpt>
      <trkpt lat="56.42678" lon="12.82824">
        <ele>132.3</ele>
      </trkpt>
      <trkpt lat="56.42677" lon="12.82793">
        <ele>133.3</ele>
      </trkpt>
      <trkpt lat="56.42679" lon="12.82747">
        <ele>134.8</ele>
      </trkpt>
      <trkpt lat="56.42679" lon="12.82728">
        <ele>135.2</ele>
      </trkpt>
      <trkpt lat="56.42678" lon="12.82712">
        <ele>135.5</ele>
      </trkpt>
      <trkpt lat="56.42674" lon="12.82697">
        <ele>136.0</ele>
      </trkpt>
      <trkpt lat="56.42638" lon="12.82624">
        <ele>138.4</ele>
      </trkpt>
      <trkpt lat="56.42591" lon="12.8252">
        <ele>139.1</ele>
      </trkpt>
      <trkpt lat="56.4257" lon="12.82472">
        <ele>140.0</ele>
      </trkpt>
      <trkpt lat="56.425707" lon="12.824711">
        <ele>140.0</ele>
      </trkpt>
      <trkpt lat="56.4257" lon="12.82472">
        <ele>140.0</ele>
      </trkpt>
      <trkpt lat="56.42531" lon="12.82379">
        <ele>143.2</ele>
      </trkpt>
      <trkpt lat="56.42523" lon="12.82359">
        <ele>143.9</ele>
      </trkpt>
      <trkpt lat="56.42501" lon="12.82379">
        <ele>143.4</ele>
      </trkpt>
      <trkpt lat="56.42456" lon="12.82442">
        <ele>144.9</ele>
      </trkpt>
      <trkpt lat="56.42415" lon="12.82497">
        <ele>147.4</ele>
      </trkpt>
      <trkpt lat="56.42415" lon="12.82497">
        <ele>147.4</ele>
      </trkpt>
      <trkpt lat="56.4236" lon="12.82571">
        <ele>157.2</ele>
      </trkpt>
      <trkpt lat="56.42341" lon="12.82598">
        <ele>159.6</ele>
      </trkpt>
      <trkpt lat="56.42351" lon="12.82647">
        <ele>157.6</ele>
      </trkpt>
      <trkpt lat="56.42355" lon="12.82697">
        <ele>156.6</ele>
      </trkpt>
      <trkpt lat="56.42359" lon="12.8275">
        <ele>155.6</ele>
      </trkpt>
      <trkpt lat="56.42352" lon="12.82791">
        <ele>155.8</ele>
      </trkpt>
      <trkpt lat="56.42331" lon="12.8282">
        <ele>158.3</ele>
      </trkpt>
      <trkpt lat="56.42313" lon="12.82841">
        <ele>158.8</ele>
      </trkpt>
      <trkpt lat="56.423" lon="12.82866">
        <ele>158.4</ele>
      </trkpt>
      <trkpt lat="56.42277" lon="12.82945">
        <ele>156.4</ele>
      </trkpt>
      <trkpt lat="56.42265" lon="12.83052">
        <ele>149.0</ele>
      </trkpt>
      <trkpt lat="56.42251" lon="12.83086">
        <ele>146.5</ele>
      </trkpt>
      <trkpt lat="56.42227" lon="12.83118">
        <ele>144.5</ele>
      </trkpt>
      <trkpt lat="56.42215" lon="12.83129">
        <ele>144.5</ele>
      </trkpt>
      <trkpt lat="56.42206" lon="12.83141">
        <ele>144.2</ele>
      </trkpt>
      <trkpt lat="56.42204" lon="12.83177">
        <ele>140.9</ele>
      </trkpt>
      <trkpt lat="56.42209" lon="12.83199">
        <ele>137.9</ele>
      </trkpt>
      <trkpt lat="56.422095" lon="12.831979">
        <ele>138.0</ele>
      </trkpt>
      <trkpt lat="56.42209" lon="12.83199">
        <ele>137.9</ele>
      </trkpt>
      <trkpt lat="56.4221" lon="12.83204">
        <ele>137.3</ele>
      </trkpt>
      <trkpt lat="56.42217" lon="12.83222">
        <ele>134.7</ele>
      </trkpt>
      <trkpt lat="56.42229" lon="12.8324">
        <ele>131.7</ele>
      </trkpt>
      <trkpt lat="56.42227" lon="12.83287">
        <ele>127.0</ele>
      </trkpt>
      <trkpt lat="56.42227" lon="12.83287">
        <ele>127.0</ele>
      </trkpt>
      <trkpt lat="56.42226" lon="12.83332">
        <ele>122.3</ele>
      </trkpt>
      <trkpt lat="56.42164" lon="12.83385">
        <ele>120.1</ele>
      </trkpt>
      <trkpt lat="56.42102" lon="12.83437">
        <ele>116.2</ele>
      </trkpt>
      <trkpt lat="56.42082" lon="12.83457">
        <ele>114.1</ele>
      </trkpt>
      <trkpt lat="56.42044" lon="12.83511">
        <ele>106.5</ele>
      </trkpt>
      <trkpt lat="56.42043" lon="12.8351">
        <ele>106.5</ele>
      </trkpt>
      <trkpt lat="56.420424" lon="12.835104">
        <ele>106.5</ele>
      </trkpt>
      <trkpt lat="56.42043" lon="12.8351">
        <ele>106.5</ele>
      </trkpt>
      <trkpt lat="56.42005" lon="12.83463">
        <ele>111.5</ele>
      </trkpt>
      <trkpt lat="56.41966" lon="12.83417">
        <ele>116.3</ele>
      </trkpt>
      <trkpt lat="56.41966" lon="12.83417">
        <ele>116.3</ele>
      </trkpt>
      <trkpt lat="56.41936" lon="12.83379">
        <ele>120.0</ele>
      </trkpt>
      <trkpt lat="56.4186" lon="12.83305">
        <ele>126.0</ele>
      </trkpt>
      <trkpt lat="56.41812" lon="12.83251">
        <ele>129.6</ele>
      </trkpt>
      <trkpt lat="56.41793" lon="12.83217">
        <ele>131.9</ele>
      </trkpt>
      <trkpt lat="56.4178" lon="12.83184">
        <ele>134.6</ele>
      </trkpt>
      <trkpt lat="56.4176" lon="12.83109">
        <ele>138.9</ele>
      </trkpt>
      <trkpt lat="56.4174" lon="12.83035">
        <ele>142.8</ele>
      </trkpt>
      <trkpt lat="56.41728" lon="12.82991">
        <ele>145.1</ele>
      </trkpt>
      <trkpt lat="56.41714" lon="12.82965">
        <ele>146.0</ele>
      </trkpt>
      <trkpt lat="56.41694" lon="12.82953">
        <ele>146.4</ele>
      </trkpt>
      <trkpt lat="56.41675" lon="12.82944">
        <ele>146.7</ele>
      </trkpt>
      <trkpt lat="56.41646" lon="12.82942">
        <ele>146.9</ele>
      </trkpt>
      <trkpt lat="56.41606" lon="12.82927">
        <ele>147.6</ele>
      </trkpt>
      <trkpt lat="56.4158" lon="12.82915">
        <ele>148.1</ele>
      </trkpt>
      <trkpt lat="56.41563" lon="12.82903">
        <ele>148.5</ele>
      </trkpt>
      <trkpt lat="56.41546" lon="12.82882">
        <ele>149.2</ele>
      </trkpt>
      <trkpt lat="56.41501" lon="12.82806">
        <ele>151.7</ele>
      </trkpt>
      <trkpt lat="56.41489" lon="12.82771">
        <ele>152.4</ele>
      </trkpt>
      <trkpt lat="56.41481" lon="12.82736">
        <ele>153.1</ele>
      </trkpt>
      <trkpt lat="56.41477" lon="12.8263">
        <ele>155.4</ele>
      </trkpt>
      <trkpt lat="56.41474" lon="12.82523">
        <ele>158.1</ele>
      </trkpt>
      <trkpt lat="56.41474" lon="12.82489">
        <ele>159.0</ele>
      </trkpt>
      <trkpt lat="56.414741" lon="12.82489">
        <ele>159.0</ele>
      </trkpt>
      <trkpt lat="56.41474" lon="12.82489">
        <ele>159.0</ele>
      </trkpt>
      <trkpt lat="56.41475" lon="12.82471">
        <ele>159.4</ele>
      </trkpt>
      <trkpt lat="56.41476" lon="12.82463">
        <ele>159.6</ele>
      </trkpt>
      <trkpt lat="56.41422" lon="12.82432">
        <ele>159.7</ele>
      </trkpt>
      <trkpt lat="56.41369" lon="12.82409">
        <ele>159.0</ele>
      </trkpt>
      <trkpt lat="56.41369" lon="12.82409">
        <ele>159.0</ele>
      </trkpt>
      <trkpt lat="56.41294" lon="12.82374">
        <ele>159.0</ele>
      </trkpt>
      <trkpt lat="56.41248" lon="12.82355">
        <ele>159.3</ele>
      </trkpt>
      <trkpt lat="56.41241" lon="12.82304">
        <ele>159.6</ele>
      </trkpt>
      <trkpt lat="56.41237" lon="12.82247">
        <ele>159.9</ele>
      </trkpt>
      <trkpt lat="56.41236" lon="12.82239">
        <ele>159.8</ele>
      </trkpt>
      <trkpt lat="56.412358" lon="12.822384">
        <ele>159.8</ele>
      </trkpt>
      <trkpt lat="56.41236" lon="12.82239">
        <ele>159.8</ele>
      </trkpt>
      <trkpt lat="56.41232" lon="12.82221">
        <ele>159.5</ele>
      </trkpt>
      <trkpt lat="56.41208" lon="12.82213">
        <ele>157.5</ele>
      </trkpt>
      <trkpt lat="56.41199" lon="12.8217">
        <ele>156.7</ele>
      </trkpt>
      <trkpt lat="56.4119" lon="12.82091">
        <ele>156.9</ele>
      </trkpt>
      <trkpt lat="56.4119" lon="12.8205">
        <ele>157.2</ele>
      </trkpt>
      <trkpt lat="56.41184" lon="12.82024">
        <ele>157.0</ele>
      </trkpt>
      <trkpt lat="56.41177" lon="12.81966">
        <ele>156.4</ele>
      </trkpt>
      <trkpt lat="56.41166" lon="12.81961">
        <ele>155.4</ele>
      </trkpt>
      <trkpt lat="56.4115" lon="12.81956">
        <ele>152.8</ele>
      </trkpt>
      <trkpt lat="56.4114" lon="12.81956">
        <ele>151.2</ele>
      </trkpt>
      <trkpt lat="56.4113" lon="12.81973">
        <ele>149.7</ele>
      </trkpt>
      <trkpt lat="56.4112" lon="12.8198">
        <ele>148.1</ele>
      </trkpt>
      <trkpt lat="56.41115" lon="12.81993">
        <ele>147.3</ele>
      </trkpt>
      <trkpt lat="56.41103" lon="12.82001">
        <ele>145.3</ele>
      </trkpt>
      <trkpt lat="56.41089" lon="12.82016">
        <ele>142.2</ele>
      </trkpt>
      <trkpt lat="56.4107" lon="12.82014">
        <ele>137.8</ele>
      </trkpt>
      <trkpt lat="56.41058" lon="12.82023">
        <ele>134.2</ele>
      </trkpt>
      <trkpt lat="56.41047" lon="12.82035">
        <ele>130.7</ele>
      </trkpt>
      <trkpt lat="56.41047" lon="12.82035">
        <ele>130.7</ele>
      </trkpt>
      <trkpt lat="56.41042" lon="12.82041">
        <ele>129.1</ele>
      </trkpt>
      <trkpt lat="56.41032" lon="12.82041">
        <ele>126.5</ele>
      </trkpt>
      <trkpt lat="56.41024" lon="12.82024">
        <ele>125.2</ele>
      </trkpt>
      <trkpt lat="56.40993" lon="12.8202">
        <ele>116.9</ele>
      </trkpt>
      <trkpt lat="56.40974" lon="12.82015">
        <ele>111.5</ele>
      </trkpt>
      <trkpt lat="56.40963" lon="12.81996">
        <ele>109.0</ele>
      </trkpt>
      <trkpt lat="56.40954" lon="12.81972">
        <ele>106.9</ele>
      </trkpt>
      <trkpt lat="56.409539" lon="12.819717">
        <ele>106.9</ele>
      </trkpt>
      <trkpt lat="56.40954" lon="12.81972">
        <ele>106.9</ele>
      </trkpt>
      <trkpt lat="56.40942" lon="12.81941">
        <ele>104.3</ele>
      </trkpt>
      <trkpt lat="56.40892" lon="12.81823">
        <ele>95.3</ele>
      </trkpt>
      <trkpt lat="56.40892" lon="12.81823">
        <ele>95.3</ele>
      </trkpt>
      <trkpt lat="56.40865" lon="12.81762">
        <ele>90.5</ele>
      </trkpt>
      <trkpt lat="56.40841" lon="12.81725">
        <ele>86.2</ele>
      </trkpt>
      <trkpt lat="56.40805" lon="12.81743">
        <ele>81.7</ele>
      </trkpt>
      <trkpt lat="56.408051" lon="12.817436">
        <ele>83.0</ele>
      </trkpt>
      <trkpt lat="56.40805" lon="12.81743">
        <ele>81.7</ele>
      </trkpt>
      <trkpt lat="56.40793" lon="12.81746">
        <ele>80.7</ele>
      </trkpt>
      <trkpt lat="56.40773" lon="12.81764">
        <ele>78.8</ele>
      </trkpt>
      <trkpt lat="56.40764" lon="12.81773">
        <ele>78.0</ele>
      </trkpt>
      <trkpt lat="56.40748" lon="12.81795">
        <ele>76.9</ele>
      </trkpt>
      <trkpt lat="56.40746" lon="12.81797">
        <ele>76.8</ele>
      </trkpt>
      <trkpt lat="56.40732" lon="12.8182">
        <ele>76.1</ele>
      </trkpt>
      <trkpt lat="56.40732" lon="12.818204">
        <ele>76.1</ele>
      </trkpt>
      <trkpt lat="56.40732" lon="12.8182">
        <ele>76.1</ele>
      </trkpt>
      <trkpt lat="56.40721" lon="12.81837">
        <ele>75.6</ele>
      </trkpt>
      <trkpt lat="56.40702" lon="12.81834">
        <ele>74.7</ele>
      </trkpt>
      <trkpt lat="56.40691" lon="12.81819">
        <ele>73.9</ele>
      </trkpt>
      <trkpt lat="56.40679" lon="12.81754">
        <ele>72.0</ele>
      </trkpt>
      <trkpt lat="56.40696" lon="12.81733">
        <ele>73.0</ele>
      </trkpt>
      <trkpt lat="56.40725" lon="12.81702">
        <ele>75.0</ele>
      </trkpt>
      <trkpt lat="56.40721" lon="12.81626">
        <ele>76.3</ele>
      </trkpt>
      <trkpt lat="56.40715" lon="12.8157">
        <ele>78.1</ele>
      </trkpt>
      <trkpt lat="56.40731" lon="12.81532">
        <ele>81.4</ele>
      </trkpt>
      <trkpt lat="56.40717" lon="12.81444">
        <ele>84.4</ele>
      </trkpt>
      <trkpt lat="56.40723" lon="12.81407">
        <ele>87.3</ele>
      </trkpt>
      <trkpt lat="56.40705" lon="12.81398">
        <ele>85.6</ele>
      </trkpt>
      <trkpt lat="56.40691" lon="12.81372">
        <ele>85.4</ele>
      </trkpt>
      <trkpt lat="56.40672" lon="12.81348">
        <ele>84.7</ele>
      </trkpt>
      <trkpt lat="56.40685" lon="12.81227">
        <ele>93.4</ele>
      </trkpt>
      <trkpt lat="56.40703" lon="12.81171">
        <ele>98.6</ele>
      </trkpt>
      <trkpt lat="56.40703" lon="12.81165">
        <ele>98.9</ele>
      </trkpt>
      <trkpt lat="56.40703" lon="12.81165">
        <ele>98.9</ele>
      </trkpt>
      <trkpt lat="56.40699" lon="12.81094">
        <ele>103.2</ele>
      </trkpt>
      <trkpt lat="56.40689" lon="12.81073">
        <ele>103.4</ele>
      </trkpt>
      <trkpt lat="56.406881" lon="12.810745">
        <ele>103.2</ele>
      </trkpt>
      <trkpt lat="56.40689" lon="12.81073">
        <ele>103.4</ele>
      </trkpt>
      <trkpt lat="56.40683" lon="12.81062">
        <ele>103.4</ele>
      </trkpt>
      <trkpt lat="56.40642" lon="12.81044">
        <ele>97.7</ele>
      </trkpt>
      <trkpt lat="56.40639" lon="12.80989">
        <ele>100.7</ele>
      </trkpt>
      <trkpt lat="56.40639" lon="12.80989">
        <ele>100.7</ele>
      </trkpt>
      <trkpt lat="56.40636" lon="12.80952">
        <ele>103.5</ele>
      </trkpt>
      <trkpt lat="56.40603" lon="12.80839">
        <ele>109.7</ele>
      </trkpt>
      <trkpt lat="56.40569" lon="12.8076">
        <ele>111.8</ele>
      </trkpt>
      <trkpt lat="56.40535" lon="12.80682">
        <ele>111.5</ele>
      </trkpt>
      <trkpt lat="56.4051" lon="12.8063">
        <ele>111.0</ele>
      </trkpt>
      <trkpt lat="56.40501" lon="12.80579">
        <ele>114.6</ele>
      </trkpt>
      <trkpt lat="56.40495" lon="12.80499">
        <ele>122.0</ele>
      </trkpt>
      <trkpt lat="56.40484" lon="12.8039">
        <ele>126.7</ele>
      </trkpt>
      <trkpt lat="56.40461" lon="12.80315">
        <ele>127.5</ele>
      </trkpt>
      <trkpt lat="56.40438" lon="12.8024">
        <ele>128.2</ele>
      </trkpt>
      <trkpt lat="56.40413" lon="12.80171">
        <ele>127.8</ele>
      </trkpt>
      <trkpt lat="56.40387" lon="12.80103">
        <ele>125.5</ele>
      </trkpt>
      <trkpt lat="56.40364" lon="12.80026">
        <ele>125.4</ele>
      </trkpt>
      <trkpt lat="56.40342" lon="12.7995">
        <ele>125.7</ele>
      </trkpt>
      <trkpt lat="56.40307" lon="12.79884">
        <ele>122.9</ele>
      </trkpt>
      <trkpt lat="56.40272" lon="12.79817">
        <ele>121.6</ele>
      </trkpt>
      <trkpt lat="56.40228" lon="12.79719">
        <ele>120.5</ele>
      </trkpt>
      <trkpt lat="56.40184" lon="12.79622">
        <ele>116.9</ele>
      </trkpt>
      <trkpt lat="56.40142" lon="12.79606">
        <ele>112.4</ele>
      </trkpt>
      <trkpt lat="56.401422" lon="12.796079">
        <ele>112.3</ele>
      </trkpt>
      <trkpt lat="56.401422" lon="12.796079">
        <ele>113.1</ele>
      </trkpt>
      <trkpt lat="56.401396" lon="12.796077">
        <ele>113.0</ele>
      </trkpt>
      <trkpt lat="56.40137" lon="12.796074">
        <ele>112.5</ele>
      </trkpt>
      <trkpt lat="56.401347" lon="12.796071">
        <ele>112.1</ele>
      </trkpt>
      <trkpt lat="56.401332" lon="12.796071">
        <ele>112.0</ele>
      </trkpt>
      <trkpt lat="56.401321" lon="12.796066">
        <ele>111.8</ele>
      </trkpt>
      <trkpt lat="56.401313" lon="12.79605">
        <ele>111.8</ele>
      </trkpt>
      <trkpt lat="56.401299" lon="12.796045">
        <ele>111.5</ele>
      </trkpt>
      <trkpt lat="56.401299" lon="12.796045">
        <ele>111.5</ele>
      </trkpt>
      <trkpt lat="56.401277" lon="12.796038">
        <ele>111.4</ele>
      </trkpt>
      <trkpt lat="56.40127" lon="12.796038">
        <ele>111.1</ele>
      </trkpt>
      <trkpt lat="56.40127" lon="12.796038">
        <ele>111.1</ele>
      </trkpt>
      <trkpt lat="56.401258" lon="12.796032">
        <ele>111.0</ele>
      </trkpt>
      <trkpt lat="56.401252" lon="12.796027">
        <ele>111.0</ele>
      </trkpt>
      <trkpt lat="56.401121" lon="12.795842">
        <ele>109.8</ele>
      </trkpt>
      <trkpt lat="56.401116" lon="12.795791">
        <ele>110.0</ele>
      </trkpt>
      <trkpt lat="56.401108" lon="12.795738">
        <ele>110.0</ele>
      </trkpt>
      <trkpt lat="56.4011" lon="12.795691">
        <ele>110.0</ele>
      </trkpt>
      <trkpt lat="56.401092" lon="12.795654">
        <ele>110.0</ele>
      </trkpt>
      <trkpt lat="56.40108" lon="12.795637">
        <ele>110.0</ele>
      </trkpt>
      <trkpt lat="56.401064" lon="12.79564">
        <ele>109.8</ele>
      </trkpt>
      <trkpt lat="56.40105" lon="12.795644">
        <ele>109.8</ele>
      </trkpt>
      <trkpt lat="56.401038" lon="12.795648">
        <ele>109.5</ele>
      </trkpt>
      <trkpt lat="56.401021" lon="12.795643">
        <ele>109.5</ele>
      </trkpt>
      <trkpt lat="56.401002" lon="12.795636">
        <ele>109.4</ele>
      </trkpt>
      <trkpt lat="56.400987" lon="12.795629">
        <ele>109.4</ele>
      </trkpt>
      <trkpt lat="56.400969" lon="12.795624">
        <ele>109.1</ele>
      </trkpt>
      <trkpt lat="56.40095" lon="12.795625">
        <ele>109.0</ele>
      </trkpt>
      <trkpt lat="56.400934" lon="12.795629">
        <ele>109.0</ele>
      </trkpt>
      <trkpt lat="56.400921" lon="12.795645">
        <ele>108.8</ele>
      </trkpt>
      <trkpt lat="56.400906" lon="12.795668">
        <ele>108.5</ele>
      </trkpt>
      <trkpt lat="56.400894" lon="12.7957">
        <ele>108.4</ele>
      </trkpt>
      <trkpt lat="56.400884" lon="12.795731">
        <ele>108.1</ele>
      </trkpt>
      <trkpt lat="56.400862" lon="12.795764">
        <ele>108.1</ele>
      </trkpt>
      <trkpt lat="56.400848" lon="12.79578">
        <ele>108.1</ele>
      </trkpt>
      <trkpt lat="56.400833" lon="12.795792">
        <ele>108.0</ele>
      </trkpt>
      <trkpt lat="56.400813" lon="12.795798">
        <ele>108.0</ele>
      </trkpt>
      <trkpt lat="56.400795" lon="12.795803">
        <ele>108.0</ele>
      </trkpt>
      <trkpt lat="56.400778" lon="12.795798">
        <ele>108.0</ele>
      </trkpt>
      <trkpt lat="56.400758" lon="12.795784">
        <ele>108.0</ele>
      </trkpt>
      <trkpt lat="56.400738" lon="12.795772">
        <ele>108.0</ele>
      </trkpt>
      <trkpt lat="56.40072" lon="12.795756">
        <ele>108.0</ele>
      </trkpt>
      <trkpt lat="56.400699" lon="12.795732">
        <ele>108.0</ele>
      </trkpt>
      <trkpt lat="56.400681" lon="12.79571">
        <ele>108.0</ele>
      </trkpt>
      <trkpt lat="56.40066" lon="12.795686">
        <ele>108.0</ele>
      </trkpt>
      <trkpt lat="56.400642" lon="12.795656">
        <ele>108.0</ele>
      </trkpt>
      <trkpt lat="56.400622" lon="12.795635">
        <ele>108.0</ele>
      </trkpt>
      <trkpt lat="56.400602" lon="12.7956">
        <ele>108.0</ele>
      </trkpt>
      <trkpt lat="56.400583" lon="12.795564">
        <ele>108.0</ele>
      </trkpt>
      <trkpt lat="56.400563" lon="12.795534">
        <ele>108.0</ele>
      </trkpt>
      <trkpt lat="56.400552" lon="12.795492">
        <ele>108.0</ele>
      </trkpt>
      <trkpt lat="56.400538" lon="12.795452">
        <ele>108.0</ele>
      </trkpt>
      <trkpt lat="56.400521" lon="12.795413">
        <ele>108.0</ele>
      </trkpt>
      <trkpt lat="56.400505" lon="12.795391">
        <ele>108.0</ele>
      </trkpt>
      <trkpt lat="56.400496" lon="12.795382">
        <ele>108.0</ele>
      </trkpt>
      <trkpt lat="56.40049" lon="12.795376">
        <ele>108.0</ele>
      </trkpt>
      <trkpt lat="56.400501" lon="12.795359">
        <ele>108.0</ele>
      </trkpt>
      <trkpt lat="56.400504" lon="12.795324">
        <ele>108.0</ele>
      </trkpt>
      <trkpt lat="56.400507" lon="12.795276">
        <ele>108.0</ele>
      </trkpt>
      <trkpt lat="56.400506" lon="12.795236">
        <ele>108.0</ele>
      </trkpt>
      <trkpt lat="56.400501" lon="12.795186">
        <ele>108.0</ele>
      </trkpt>
      <trkpt lat="56.400492" lon="12.795148">
        <ele>108.0</ele>
      </trkpt>
      <trkpt lat="56.400482" lon="12.795107">
        <ele>108.0</ele>
      </trkpt>
      <trkpt lat="56.400467" lon="12.795054">
        <ele>108.0</ele>
      </trkpt>
      <trkpt lat="56.400457" lon="12.79501">
        <ele>108.0</ele>
      </trkpt>
      <trkpt lat="56.400451" lon="12.794963">
        <ele>108.0</ele>
      </trkpt>
      <trkpt lat="56.400451" lon="12.794915">
        <ele>108.0</ele>
      </trkpt>
      <trkpt lat="56.400456" lon="12.794873">
        <ele>108.0</ele>
      </trkpt>
      <trkpt lat="56.400468" lon="12.79483">
        <ele>108.0</ele>
      </trkpt>
      <trkpt lat="56.400479" lon="12.794795">
        <ele>108.0</ele>
      </trkpt>
      <trkpt lat="56.400492" lon="12.794754">
        <ele>108.0</ele>
      </trkpt>
      <trkpt lat="56.4005" lon="12.79471">
        <ele>108.1</ele>
      </trkpt>
      <trkpt lat="56.4005" lon="12.79467">
        <ele>108.4</ele>
      </trkpt>
      <trkpt lat="56.400496" lon="12.794621">
        <ele>108.5</ele>
      </trkpt>
      <trkpt lat="56.400488" lon="12.794582">
        <ele>108.5</ele>
      </trkpt>
      <trkpt lat="56.40048" lon="12.794544">
        <ele>108.8</ele>
      </trkpt>
      <trkpt lat="56.400471" lon="12.794508">
        <ele>108.8</ele>
      </trkpt>
      <trkpt lat="56.40046" lon="12.794482">
        <ele>108.8</ele>
      </trkpt>
      <trkpt lat="56.400451" lon="12.79445">
        <ele>108.8</ele>
      </trkpt>
      <trkpt lat="56.400446" lon="12.794419">
        <ele>108.8</ele>
      </trkpt>
      <trkpt lat="56.400442" lon="12.794397">
        <ele>108.5</ele>
      </trkpt>
      <trkpt lat="56.400446" lon="12.794366">
        <ele>108.8</ele>
      </trkpt>
      <trkpt lat="56.40045" lon="12.794333">
        <ele>108.8</ele>
      </trkpt>
      <trkpt lat="56.400452" lon="12.794295">
        <ele>108.8</ele>
      </trkpt>
      <trkpt lat="56.400452" lon="12.794248">
        <ele>108.8</ele>
      </trkpt>
      <trkpt lat="56.400445" lon="12.794201">
        <ele>108.8</ele>
      </trkpt>
      <trkpt lat="56.400442" lon="12.794161">
        <ele>108.5</ele>
      </trkpt>
      <trkpt lat="56.400436" lon="12.79412">
        <ele>108.8</ele>
      </trkpt>
      <trkpt lat="56.400431" lon="12.794077">
        <ele>109.0</ele>
      </trkpt>
      <trkpt lat="56.400435" lon="12.794034">
        <ele>109.1</ele>
      </trkpt>
      <trkpt lat="56.400441" lon="12.79399">
        <ele>109.4</ele>
      </trkpt>
      <trkpt lat="56.400445" lon="12.793953">
        <ele>109.4</ele>
      </trkpt>
      <trkpt lat="56.400448" lon="12.793916">
        <ele>109.5</ele>
      </trkpt>
      <trkpt lat="56.400444" lon="12.793882">
        <ele>109.8</ele>
      </trkpt>
      <trkpt lat="56.400436" lon="12.793852">
        <ele>109.8</ele>
      </trkpt>
      <trkpt lat="56.400418" lon="12.793828">
        <ele>109.8</ele>
      </trkpt>
      <trkpt lat="56.400404" lon="12.793813">
        <ele>109.5</ele>
      </trkpt>
      <trkpt lat="56.400392" lon="12.793797">
        <ele>109.5</ele>
      </trkpt>
      <trkpt lat="56.400382" lon="12.793775">
        <ele>109.5</ele>
      </trkpt>
      <trkpt lat="56.400377" lon="12.79376">
        <ele>109.5</ele>
      </trkpt>
      <trkpt lat="56.400368" lon="12.793732">
        <ele>109.8</ele>
      </trkpt>
      <trkpt lat="56.400362" lon="12.793687">
        <ele>109.8</ele>
      </trkpt>
      <trkpt lat="56.400357" lon="12.793647">
        <ele>110.0</ele>
      </trkpt>
      <trkpt lat="56.400349" lon="12.79361">
        <ele>110.0</ele>
      </trkpt>
      <trkpt lat="56.400338" lon="12.793566">
        <ele>110.0</ele>
      </trkpt>
      <trkpt lat="56.400327" lon="12.793531">
        <ele>110.1</ele>
      </trkpt>
      <trkpt lat="56.400312" lon="12.79349">
        <ele>110.1</ele>
      </trkpt>
      <trkpt lat="56.400297" lon="12.793458">
        <ele>110.1</ele>
      </trkpt>
      <trkpt lat="56.400281" lon="12.793429">
        <ele>110.1</ele>
      </trkpt>
      <trkpt lat="56.400265" lon="12.793392">
        <ele>110.1</ele>
      </trkpt>
      <trkpt lat="56.400248" lon="12.793359">
        <ele>110.1</ele>
      </trkpt>
      <trkpt lat="56.400226" lon="12.793329">
        <ele>110.4</ele>
      </trkpt>
      <trkpt lat="56.400204" lon="12.793303">
        <ele>110.4</ele>
      </trkpt>
      <trkpt lat="56.400186" lon="12.793285">
        <ele>110.4</ele>
      </trkpt>
      <trkpt lat="56.400175" lon="12.793253">
        <ele>110.5</ele>
      </trkpt>
      <trkpt lat="56.400166" lon="12.793209">
        <ele>110.8</ele>
      </trkpt>
      <trkpt lat="56.400156" lon="12.793169">
        <ele>110.8</ele>
      </trkpt>
      <trkpt lat="56.400146" lon="12.793121">
        <ele>111.0</ele>
      </trkpt>
      <trkpt lat="56.400135" lon="12.793079">
        <ele>111.0</ele>
      </trkpt>
      <trkpt lat="56.400122" lon="12.793045">
        <ele>111.0</ele>
      </trkpt>
      <trkpt lat="56.400107" lon="12.793008">
        <ele>111.0</ele>
      </trkpt>
      <trkpt lat="56.400093" lon="12.792969">
        <ele>111.0</ele>
      </trkpt>
      <trkpt lat="56.400089" lon="12.792928">
        <ele>111.1</ele>
      </trkpt>
      <trkpt lat="56.400081" lon="12.792893">
        <ele>111.1</ele>
      </trkpt>
      <trkpt lat="56.400071" lon="12.792862">
        <ele>111.4</ele>
      </trkpt>
      <trkpt lat="56.400063" lon="12.792822">
        <ele>111.4</ele>
      </trkpt>
      <trkpt lat="56.400052" lon="12.792791">
        <ele>111.5</ele>
      </trkpt>
      <trkpt lat="56.400038" lon="12.792762">
        <ele>111.5</ele>
      </trkpt>
      <trkpt lat="56.400022" lon="12.792727">
        <ele>111.5</ele>
      </trkpt>
      <trkpt lat="56.400007" lon="12.792692">
        <ele>111.8</ele>
      </trkpt>
      <trkpt lat="56.399993" lon="12.792661">
        <ele>111.8</ele>
      </trkpt>
      <trkpt lat="56.399983" lon="12.792615">
        <ele>112.0</ele>
      </trkpt>
      <trkpt lat="56.399972" lon="12.792576">
        <ele>112.0</ele>
      </trkpt>
      <trkpt lat="56.39996" lon="12.792535">
        <ele>112.4</ele>
      </trkpt>
      <trkpt lat="56.399952" lon="12.792494">
        <ele>112.8</ele>
      </trkpt>
      <trkpt lat="56.399942" lon="12.792457">
        <ele>113.1</ele>
      </trkpt>
      <trkpt lat="56.399937" lon="12.792417">
        <ele>113.5</ele>
      </trkpt>
      <trkpt lat="56.399932" lon="12.792379">
        <ele>113.8</ele>
      </trkpt>
      <trkpt lat="56.399926" lon="12.79235">
        <ele>114.1</ele>
      </trkpt>
      <trkpt lat="56.399921" lon="12.792312">
        <ele>114.4</ele>
      </trkpt>
      <trkpt lat="56.399912" lon="12.792279">
        <ele>115.0</ele>
      </trkpt>
      <trkpt lat="56.399902" lon="12.792244">
        <ele>115.4</ele>
      </trkpt>
      <trkpt lat="56.399896" lon="12.792191">
        <ele>115.8</ele>
      </trkpt>
      <trkpt lat="56.399887" lon="12.79215">
        <ele>116.0</ele>
      </trkpt>
      <trkpt lat="56.39988" lon="12.792106">
        <ele>116.4</ele>
      </trkpt>
      <trkpt lat="56.399872" lon="12.79206">
        <ele>116.5</ele>
      </trkpt>
      <trkpt lat="56.399864" lon="12.792019">
        <ele>117.0</ele>
      </trkpt>
      <trkpt lat="56.399858" lon="12.791974">
        <ele>117.4</ele>
      </trkpt>
      <trkpt lat="56.399854" lon="12.791941">
        <ele>117.8</ele>
      </trkpt>
      <trkpt lat="56.399848" lon="12.791911">
        <ele>118.0</ele>
      </trkpt>
      <trkpt lat="56.399841" lon="12.791878">
        <ele>118.4</ele>
      </trkpt>
      <trkpt lat="56.39983" lon="12.791846">
        <ele>118.8</ele>
      </trkpt>
      <trkpt lat="56.399818" lon="12.79182">
        <ele>119.1</ele>
      </trkpt>
      <trkpt lat="56.399808" lon="12.791796">
        <ele>119.5</ele>
      </trkpt>
      <trkpt lat="56.399803" lon="12.791785">
        <ele>119.8</ele>
      </trkpt>
      <trkpt lat="56.399799" lon="12.791781">
        <ele>119.8</ele>
      </trkpt>
      <trkpt lat="56.399796" lon="12.79178">
        <ele>120.0</ele>
      </trkpt>
      <trkpt lat="56.399793" lon="12.791786">
        <ele>120.0</ele>
      </trkpt>
      <trkpt lat="56.399787" lon="12.791778">
        <ele>120.1</ele>
      </trkpt>
      <trkpt lat="56.399793" lon="12.791779">
        <ele>120.0</ele>
      </trkpt>
      <trkpt lat="56.399656" lon="12.791609">
        <ele>123.0</ele>
      </trkpt>
      <trkpt lat="56.399637" lon="12.791591">
        <ele>123.4</ele>
      </trkpt>
      <trkpt lat="56.399619" lon="12.791571">
        <ele>123.8</ele>
      </trkpt>
      <trkpt lat="56.399603" lon="12.791544">
        <ele>124.0</ele>
      </trkpt>
      <trkpt lat="56.399591" lon="12.791522">
        <ele>124.4</ele>
      </trkpt>
      <trkpt lat="56.399582" lon="12.791494">
        <ele>124.5</ele>
      </trkpt>
      <trkpt lat="56.399569" lon="12.791457">
        <ele>124.8</ele>
      </trkpt>
      <trkpt lat="56.399557" lon="12.791429">
        <ele>124.8</ele>
      </trkpt>
      <trkpt lat="56.399546" lon="12.791388">
        <ele>124.8</ele>
      </trkpt>
      <trkpt lat="56.399532" lon="12.791347">
        <ele>124.8</ele>
      </trkpt>
      <trkpt lat="56.399529" lon="12.791342">
        <ele>120.9</ele>
      </trkpt>
      <trkpt lat="56.39955" lon="12.79132">
        <ele>120.8</ele>
      </trkpt>
      <trkpt lat="56.39922" lon="12.79063">
        <ele>121.2</ele>
      </trkpt>
      <trkpt lat="56.39889" lon="12.78994">
        <ele>119.8</ele>
      </trkpt>
      <trkpt lat="56.39851" lon="12.78947">
        <ele>117.7</ele>
      </trkpt>
      <trkpt lat="56.39822" lon="12.78984">
        <ele>121.2</ele>
      </trkpt>
      <trkpt lat="56.39784" lon="12.78995">
        <ele>123.9</ele>
      </trkpt>
      <trkpt lat="56.39755" lon="12.78981">
        <ele>124.2</ele>
      </trkpt>
      <trkpt lat="56.39674" lon="12.78923">
        <ele>123.3</ele>
      </trkpt>
      <trkpt lat="56.39654" lon="12.78872">
        <ele>119.1</ele>
      </trkpt>
      <trkpt lat="56.39616" lon="12.78805">
        <ele>115.5</ele>
      </trkpt>
      <trkpt lat="56.39581" lon="12.78752">
        <ele>114.3</ele>
      </trkpt>
      <trkpt lat="56.39548" lon="12.78691">
        <ele>112.6</ele>
      </trkpt>
      <trkpt lat="56.39509" lon="12.78658">
        <ele>113.0</ele>
      </trkpt>
      <trkpt lat="56.39464" lon="12.78646">
        <ele>115.0</ele>
      </trkpt>
      <trkpt lat="56.39447" lon="12.78614">
        <ele>114.4</ele>
      </trkpt>
      <trkpt lat="56.39424" lon="12.78551">
        <ele>112.9</ele>
      </trkpt>
      <trkpt lat="56.39406" lon="12.78522">
        <ele>112.2</ele>
      </trkpt>
      <trkpt lat="56.39379" lon="12.78511">
        <ele>111.9</ele>
      </trkpt>
      <trkpt lat="56.39311" lon="12.78454">
        <ele>109.9</ele>
      </trkpt>
      <trkpt lat="56.39311" lon="12.78454">
        <ele>109.9</ele>
      </trkpt>
      <trkpt lat="56.39294" lon="12.78441">
        <ele>109.5</ele>
      </trkpt>
      <trkpt lat="56.39296" lon="12.78339">
        <ele>105.7</ele>
      </trkpt>
      <trkpt lat="56.392954" lon="12.783385">
        <ele>105.6</ele>
      </trkpt>
      <trkpt lat="56.39296" lon="12.78339">
        <ele>105.7</ele>
      </trkpt>
      <trkpt lat="56.39297" lon="12.78309">
        <ele>104.7</ele>
      </trkpt>
      <trkpt lat="56.39297" lon="12.78309">
        <ele>104.7</ele>
      </trkpt>
      <trkpt lat="56.39297" lon="12.78309">
        <ele>104.7</ele>
      </trkpt>
      <trkpt lat="56.39274" lon="12.783">
        <ele>104.8</ele>
      </trkpt>
      <trkpt lat="56.392737" lon="12.783001">
        <ele>104.8</ele>
      </trkpt>
      <trkpt lat="56.39255" lon="12.78293">
        <ele>104.9</ele>
      </trkpt>
      <trkpt lat="56.39224" lon="12.78294">
        <ele>105.1</ele>
      </trkpt>
      <trkpt lat="56.39196" lon="12.78302">
        <ele>105.2</ele>
      </trkpt>
      <trkpt lat="56.391886" lon="12.783031">
        <ele>105.3</ele>
      </trkpt>
      <trkpt lat="56.39189" lon="12.78303">
        <ele>105.3</ele>
      </trkpt>
      <trkpt lat="56.39182" lon="12.78304">
        <ele>105.3</ele>
      </trkpt>
      <trkpt lat="56.39179" lon="12.78276">
        <ele>104.6</ele>
      </trkpt>
      <trkpt lat="56.39174" lon="12.78279">
        <ele>104.7</ele>
      </trkpt>
      <trkpt lat="56.39159" lon="12.78284">
        <ele>104.8</ele>
      </trkpt>
      <trkpt lat="56.39102" lon="12.78298">
        <ele>105.2</ele>
      </trkpt>
      <trkpt lat="56.39095" lon="12.78296">
        <ele>105.1</ele>
      </trkpt>
      <trkpt lat="56.3909" lon="12.78292">
        <ele>105.0</ele>
      </trkpt>
      <trkpt lat="56.39086" lon="12.78284">
        <ele>104.8</ele>
      </trkpt>
      <trkpt lat="56.39079" lon="12.78257">
        <ele>104.1</ele>
      </trkpt>
      <trkpt lat="56.39055" lon="12.78142">
        <ele>100.9</ele>
      </trkpt>
      <trkpt lat="56.39031" lon="12.78027">
        <ele>97.4</ele>
      </trkpt>
      <trkpt lat="56.39007" lon="12.77911">
        <ele>93.8</ele>
      </trkpt>
      <trkpt lat="56.38983" lon="12.77796">
        <ele>90.4</ele>
      </trkpt>
      <trkpt lat="56.38983" lon="12.77796">
        <ele>90.4</ele>
      </trkpt>
      <trkpt lat="56.38954" lon="12.77657">
        <ele>85.7</ele>
      </trkpt>
      <trkpt lat="56.38925" lon="12.77518">
        <ele>82.6</ele>
      </trkpt>
      <trkpt lat="56.38918" lon="12.77504">
        <ele>82.1</ele>
      </trkpt>
      <trkpt lat="56.38906" lon="12.77487">
        <ele>81.8</ele>
      </trkpt>
      <trkpt lat="56.38892" lon="12.77518">
        <ele>82.3</ele>
      </trkpt>
      <trkpt lat="56.38873" lon="12.77556">
        <ele>83.4</ele>
      </trkpt>
      <trkpt lat="56.38845" lon="12.77604">
        <ele>85.4</ele>
      </trkpt>
      <trkpt lat="56.38817" lon="12.77648">
        <ele>86.6</ele>
      </trkpt>
      <trkpt lat="56.38817" lon="12.776476">
        <ele>86.6</ele>
      </trkpt>
      <trkpt lat="56.38808" lon="12.77661">
        <ele>86.6</ele>
      </trkpt>
      <trkpt lat="56.38798" lon="12.77627">
        <ele>85.3</ele>
      </trkpt>
      <trkpt lat="56.38789" lon="12.77606">
        <ele>84.5</ele>
      </trkpt>
      <trkpt lat="56.387886" lon="12.776057">
        <ele>84.4</ele>
      </trkpt>
      <trkpt lat="56.38765" lon="12.77552">
        <ele>83.6</ele>
      </trkpt>
      <trkpt lat="56.38752" lon="12.77534">
        <ele>83.4</ele>
      </trkpt>
      <trkpt lat="56.3867" lon="12.7748">
        <ele>82.3</ele>
      </trkpt>
      <trkpt lat="56.38655" lon="12.77482">
        <ele>82.1</ele>
      </trkpt>
      <trkpt lat="56.38638" lon="12.77466">
        <ele>81.8</ele>
      </trkpt>
      <trkpt lat="56.38604" lon="12.77369">
        <ele>81.3</ele>
      </trkpt>
      <trkpt lat="56.38604" lon="12.77369">
        <ele>81.3</ele>
      </trkpt>
      <trkpt lat="56.38595" lon="12.77343">
        <ele>80.8</ele>
      </trkpt>
      <trkpt lat="56.38592" lon="12.77321">
        <ele>80.6</ele>
      </trkpt>
      <trkpt lat="56.38559" lon="12.77231">
        <ele>79.9</ele>
      </trkpt>
      <trkpt lat="56.38545" lon="12.77209">
        <ele>79.6</ele>
      </trkpt>
      <trkpt lat="56.38537" lon="12.77174">
        <ele>79.4</ele>
      </trkpt>
      <trkpt lat="56.3852" lon="12.77165">
        <ele>79.4</ele>
      </trkpt>
      <trkpt lat="56.38491" lon="12.77117">
        <ele>78.9</ele>
      </trkpt>
      <trkpt lat="56.3846" lon="12.7709">
        <ele>78.4</ele>
      </trkpt>
      <trkpt lat="56.38445" lon="12.7709">
        <ele>78.1</ele>
      </trkpt>
      <trkpt lat="56.38398" lon="12.77002">
        <ele>77.1</ele>
      </trkpt>
      <trkpt lat="56.38368" lon="12.76885">
        <ele>76.1</ele>
      </trkpt>
      <trkpt lat="56.38336" lon="12.76809">
        <ele>75.3</ele>
      </trkpt>
      <trkpt lat="56.3832" lon="12.76752">
        <ele>74.8</ele>
      </trkpt>
      <trkpt lat="56.3832" lon="12.76719">
        <ele>74.5</ele>
      </trkpt>
      <trkpt lat="56.38336" lon="12.76687">
        <ele>74.7</ele>
      </trkpt>
      <trkpt lat="56.38318" lon="12.76625">
        <ele>72.5</ele>
      </trkpt>
      <trkpt lat="56.38298" lon="12.76604">
        <ele>71.4</ele>
      </trkpt>
      <trkpt lat="56.38278" lon="12.76556">
        <ele>71.1</ele>
      </trkpt>
      <trkpt lat="56.3828" lon="12.76527">
        <ele>71.0</ele>
      </trkpt>
      <trkpt lat="56.38303" lon="12.76544">
        <ele>70.8</ele>
      </trkpt>
      <trkpt lat="56.38321" lon="12.76544">
        <ele>70.7</ele>
      </trkpt>
      <trkpt lat="56.38306" lon="12.76456">
        <ele>70.4</ele>
      </trkpt>
      <trkpt lat="56.38311" lon="12.76424">
        <ele>70.3</ele>
      </trkpt>
      <trkpt lat="56.3831" lon="12.76357">
        <ele>70.0</ele>
      </trkpt>
      <trkpt lat="56.38299" lon="12.76296">
        <ele>69.8</ele>
      </trkpt>
      <trkpt lat="56.38287" lon="12.7627">
        <ele>69.7</ele>
      </trkpt>
      <trkpt lat="56.38285" lon="12.76237">
        <ele>69.6</ele>
      </trkpt>
      <trkpt lat="56.38294" lon="12.76177">
        <ele>69.4</ele>
      </trkpt>
      <trkpt lat="56.38309" lon="12.76117">
        <ele>69.1</ele>
      </trkpt>
      <trkpt lat="56.38305" lon="12.76071">
        <ele>69.0</ele>
      </trkpt>
      <trkpt lat="56.38334" lon="12.76018">
        <ele>68.7</ele>
      </trkpt>
      <trkpt lat="56.38335" lon="12.75974">
        <ele>68.6</ele>
      </trkpt>
      <trkpt lat="56.38303" lon="12.75887">
        <ele>68.2</ele>
      </trkpt>
      <trkpt lat="56.38289" lon="12.75817">
        <ele>68.0</ele>
      </trkpt>
      <trkpt lat="56.38254" lon="12.75708">
        <ele>67.5</ele>
      </trkpt>
      <trkpt lat="56.38262" lon="12.75672">
        <ele>67.4</ele>
      </trkpt>
      <trkpt lat="56.38294" lon="12.75588">
        <ele>67.8</ele>
      </trkpt>
      <trkpt lat="56.38276" lon="12.75548">
        <ele>66.1</ele>
      </trkpt>
      <trkpt lat="56.38271" lon="12.75523">
        <ele>65.2</ele>
      </trkpt>
      <trkpt lat="56.38269" lon="12.75471">
        <ele>63.5</ele>
      </trkpt>
      <trkpt lat="56.38247" lon="12.75399">
        <ele>60.9</ele>
      </trkpt>
      <trkpt lat="56.38255" lon="12.75208">
        <ele>54.6</ele>
      </trkpt>
      <trkpt lat="56.38242" lon="12.75184">
        <ele>53.5</ele>
      </trkpt>
      <trkpt lat="56.38224" lon="12.75128">
        <ele>51.4</ele>
      </trkpt>
      <trkpt lat="56.38192" lon="12.75097">
        <ele>50.7</ele>
      </trkpt>
      <trkpt lat="56.38207" lon="12.75053">
        <ele>50.7</ele>
      </trkpt>
      <trkpt lat="56.38226" lon="12.74978">
        <ele>50.7</ele>
      </trkpt>
      <trkpt lat="56.38244" lon="12.74909">
        <ele>50.6</ele>
      </trkpt>
      <trkpt lat="56.38256" lon="12.74854">
        <ele>50.6</ele>
      </trkpt>
      <trkpt lat="56.38271" lon="12.7479">
        <ele>50.6</ele>
      </trkpt>
      <trkpt lat="56.3828" lon="12.74748">
        <ele>50.5</ele>
      </trkpt>
      <trkpt lat="56.38292" lon="12.74707">
        <ele>50.5</ele>
      </trkpt>
      <trkpt lat="56.38302" lon="12.74688">
        <ele>50.5</ele>
      </trkpt>
      <trkpt lat="56.38317" lon="12.74667">
        <ele>50.5</ele>
      </trkpt>
      <trkpt lat="56.38333" lon="12.74647">
        <ele>50.5</ele>
      </trkpt>
      <trkpt lat="56.38316" lon="12.7463">
        <ele>49.8</ele>
      </trkpt>
      <trkpt lat="56.38294" lon="12.74605">
        <ele>48.9</ele>
      </trkpt>
      <trkpt lat="56.38218" lon="12.74494">
        <ele>44.8</ele>
      </trkpt>
      <trkpt lat="56.38194" lon="12.74465">
        <ele>43.5</ele>
      </trkpt>
      <trkpt lat="56.38151" lon="12.74416">
        <ele>41.1</ele>
      </trkpt>
      <trkpt lat="56.38135" lon="12.74391">
        <ele>40.7</ele>
      </trkpt>
      <trkpt lat="56.38124" lon="12.74364">
        <ele>40.3</ele>
      </trkpt>
      <trkpt lat="56.38117" lon="12.74331">
        <ele>39.8</ele>
      </trkpt>
      <trkpt lat="56.38108" lon="12.74208">
        <ele>38.3</ele>
      </trkpt>
      <trkpt lat="56.381" lon="12.74179">
        <ele>38.0</ele>
      </trkpt>
      <trkpt lat="56.38087" lon="12.74155">
        <ele>37.6</ele>
      </trkpt>
      <trkpt lat="56.37987" lon="12.74096">
        <ele>35.3</ele>
      </trkpt>
      <trkpt lat="56.37904" lon="12.74037">
        <ele>33.3</ele>
      </trkpt>
      <trkpt lat="56.37869" lon="12.74018">
        <ele>32.5</ele>
      </trkpt>
      <trkpt lat="56.37712" lon="12.73916">
        <ele>29.8</ele>
      </trkpt>
      <trkpt lat="56.37549" lon="12.73905">
        <ele>25.6</ele>
      </trkpt>
      <trkpt lat="56.3744" lon="12.73893">
        <ele>23.8</ele>
      </trkpt>
      <trkpt lat="56.37418" lon="12.73896">
        <ele>23.5</ele>
      </trkpt>
      <trkpt lat="56.37398" lon="12.73902">
        <ele>23.1</ele>
      </trkpt>
      <trkpt lat="56.37308" lon="12.73943">
        <ele>21.6</ele>
      </trkpt>
      <trkpt lat="56.37288" lon="12.73944">
        <ele>21.3</ele>
      </trkpt>
      <trkpt lat="56.37281" lon="12.73943">
        <ele>21.2</ele>
      </trkpt>
      <trkpt lat="56.37273" lon="12.73939">
        <ele>21.0</ele>
      </trkpt>
      <trkpt lat="56.37252" lon="12.73922">
        <ele>20.6</ele>
      </trkpt>
      <trkpt lat="56.37231" lon="12.73897">
        <ele>20.1</ele>
      </trkpt>
      <trkpt lat="56.37148" lon="12.73785">
        <ele>18.0</ele>
      </trkpt>
      <trkpt lat="56.37125" lon="12.73759">
        <ele>17.5</ele>
      </trkpt>
      <trkpt lat="56.37086" lon="12.7373">
        <ele>16.6</ele>
      </trkpt>
      <trkpt lat="56.37074" lon="12.73719">
        <ele>16.4</ele>
      </trkpt>
      <trkpt lat="56.37055" lon="12.73696">
        <ele>15.9</ele>
      </trkpt>
      <trkpt lat="56.36987" lon="12.7358">
        <ele>14.1</ele>
      </trkpt>
      <trkpt lat="56.36923" lon="12.73506">
        <ele>12.5</ele>
      </trkpt>
      <trkpt lat="56.36903" lon="12.73491">
        <ele>12.1</ele>
      </trkpt>
      <trkpt lat="56.36874" lon="12.73491">
        <ele>11.5</ele>
      </trkpt>
      <trkpt lat="56.36849" lon="12.73498">
        <ele>11.0</ele>
      </trkpt>
      <trkpt lat="56.36835" lon="12.73507">
        <ele>10.7</ele>
      </trkpt>
      <trkpt lat="56.36816" lon="12.73523">
        <ele>10.3</ele>
      </trkpt>
      <trkpt lat="56.36784" lon="12.73561">
        <ele>9.6</ele>
      </trkpt>
      <trkpt lat="56.36769" lon="12.73573">
        <ele>9.2</ele>
      </trkpt>
      <trkpt lat="56.36745" lon="12.73589">
        <ele>9.8</ele>
      </trkpt>
      <trkpt lat="56.36738" lon="12.73592">
        <ele>9.7</ele>
      </trkpt>
      <trkpt lat="56.36728" lon="12.73593">
        <ele>9.6</ele>
      </trkpt>
      <trkpt lat="56.36712" lon="12.73583">
        <ele>9.3</ele>
      </trkpt>
      <trkpt lat="56.3667" lon="12.73553">
        <ele>8.5</ele>
      </trkpt>
      <trkpt lat="56.36652" lon="12.73543">
        <ele>8.1</ele>
      </trkpt>
      <trkpt lat="56.36631" lon="12.73536">
        <ele>7.8</ele>
      </trkpt>
      <trkpt lat="56.36619" lon="12.73538">
        <ele>7.6</ele>
      </trkpt>
      <trkpt lat="56.36606" lon="12.73547">
        <ele>7.3</ele>
      </trkpt>
      <trkpt lat="56.36568" lon="12.73604">
        <ele>6.8</ele>
      </trkpt>
      <trkpt lat="56.36496" lon="12.73716">
        <ele>7.6</ele>
      </trkpt>
      <trkpt lat="56.36436" lon="12.73806">
        <ele>8.2</ele>
      </trkpt>
      <trkpt lat="56.36423" lon="12.73829">
        <ele>8.5</ele>
      </trkpt>
      <trkpt lat="56.36423" lon="12.73829">
        <ele>8.5</ele>
      </trkpt>
      <trkpt lat="56.3642" lon="12.73834">
        <ele>8.8</ele>
      </trkpt>
      <trkpt lat="56.36412" lon="12.7386">
        <ele>9.2</ele>
      </trkpt>
      <trkpt lat="56.362491" lon="12.736475">
        <ele>9.2</ele>
      </trkpt>
      <trkpt lat="56.36247" lon="12.73647">
        <ele>4.7</ele>
      </trkpt>
      <trkpt lat="56.36248" lon="12.73646">
        <ele>4.7</ele>
      </trkpt>
      <trkpt lat="56.362622" lon="12.736195">
        <ele>4.5</ele>
      </trkpt>
      <trkpt lat="56.3627" lon="12.73605">
        <ele>4.3</ele>
      </trkpt>
      <trkpt lat="56.362704" lon="12.736049">
        <ele>4.3</ele>
      </trkpt>
      <trkpt lat="56.36309" lon="12.73534">
        <ele>3.4</ele>
      </trkpt>
      <trkpt lat="56.363086" lon="12.735337">
        <ele>3.4</ele>
      </trkpt>
      <trkpt lat="56.36315" lon="12.73522">
        <ele>3.3</ele>
      </trkpt>
      <trkpt lat="56.36315" lon="12.73521">
        <ele>3.3</ele>
      </trkpt>
      <trkpt lat="56.36315" lon="12.73522">
        <ele>3.3</ele>
      </trkpt>
      <trkpt lat="56.36322" lon="12.73509">
        <ele>3.1</ele>
      </trkpt>
      <trkpt lat="56.3633" lon="12.73479">
        <ele>3.0</ele>
      </trkpt>
      <trkpt lat="56.363353" lon="12.734677">
        <ele>3.0</ele>
      </trkpt>
      <trkpt lat="56.36336" lon="12.73468">
        <ele>3.0</ele>
      </trkpt>
      <trkpt lat="56.36384" lon="12.73363">
        <ele>3.0</ele>
      </trkpt>
      <trkpt lat="56.36399" lon="12.73319">
        <ele>2.8</ele>
      </trkpt>
      <trkpt lat="56.36418" lon="12.7327">
        <ele>2.3</ele>
      </trkpt>
      <trkpt lat="56.3643" lon="12.73244">
        <ele>2.4</ele>
      </trkpt>
      <trkpt lat="56.36451" lon="12.73206">
        <ele>2.9</ele>
      </trkpt>
      <trkpt lat="56.3646" lon="12.73168">
        <ele>3.1</ele>
      </trkpt>
      <trkpt lat="56.36493" lon="12.73058">
        <ele>3.4</ele>
      </trkpt>
      <trkpt lat="56.36497" lon="12.73027">
        <ele>3.2</ele>
      </trkpt>
      <trkpt lat="56.365" lon="12.72994">
        <ele>3.0</ele>
      </trkpt>
      <trkpt lat="56.36503" lon="12.7297">
        <ele>3.0</ele>
      </trkpt>
      <trkpt lat="56.36503" lon="12.72956">
        <ele>3.0</ele>
      </trkpt>
      <trkpt lat="56.36506" lon="12.72931">
        <ele>3.1</ele>
      </trkpt>
      <trkpt lat="56.36511" lon="12.72903">
        <ele>3.1</ele>
      </trkpt>
      <trkpt lat="56.3652" lon="12.72829">
        <ele>3.3</ele>
      </trkpt>
      <trkpt lat="56.3652" lon="12.72829">
        <ele>3.3</ele>
      </trkpt>
      <trkpt lat="56.36523" lon="12.72784">
        <ele>3.5</ele>
      </trkpt>
      <trkpt lat="56.36523" lon="12.72757">
        <ele>3.7</ele>
      </trkpt>
      <trkpt lat="56.36518" lon="12.72715">
        <ele>3.8</ele>
      </trkpt>
      <trkpt lat="56.36511" lon="12.72691">
        <ele>3.9</ele>
      </trkpt>
      <trkpt lat="56.36494" lon="12.72651">
        <ele>3.9</ele>
      </trkpt>
      <trkpt lat="56.36487" lon="12.72631">
        <ele>3.7</ele>
      </trkpt>
      <trkpt lat="56.36448" lon="12.72548">
        <ele>2.8</ele>
      </trkpt>
      <trkpt lat="56.36456" lon="12.72493">
        <ele>2.9</ele>
      </trkpt>
      <trkpt lat="56.36459" lon="12.72466">
        <ele>2.8</ele>
      </trkpt>
      <trkpt lat="56.36462" lon="12.72454">
        <ele>2.8</ele>
      </trkpt>
      <trkpt lat="56.36465" lon="12.72447">
        <ele>2.9</ele>
      </trkpt>
      <trkpt lat="56.36476" lon="12.72438">
        <ele>3.2</ele>
      </trkpt>
      <trkpt lat="56.36488" lon="12.72425">
        <ele>3.6</ele>
      </trkpt>
      <trkpt lat="56.36506" lon="12.72385">
        <ele>4.0</ele>
      </trkpt>
      <trkpt lat="56.36522" lon="12.72293">
        <ele>4.7</ele>
      </trkpt>
      <trkpt lat="56.36524" lon="12.72272">
        <ele>5.0</ele>
      </trkpt>
      <trkpt lat="56.36522" lon="12.7219">
        <ele>5.3</ele>
      </trkpt>
      <trkpt lat="56.36523" lon="12.72148">
        <ele>5.2</ele>
      </trkpt>
      <trkpt lat="56.36522" lon="12.72103">
        <ele>4.9</ele>
      </trkpt>
      <trkpt lat="56.36517" lon="12.72053">
        <ele>4.4</ele>
      </trkpt>
      <trkpt lat="56.36516" lon="12.72032">
        <ele>4.2</ele>
      </trkpt>
      <trkpt lat="56.36517" lon="12.72016">
        <ele>4.1</ele>
      </trkpt>
      <trkpt lat="56.36524" lon="12.71977">
        <ele>4.4</ele>
      </trkpt>
      <trkpt lat="56.36538" lon="12.71946">
        <ele>5.0</ele>
      </trkpt>
      <trkpt lat="56.36541" lon="12.71934">
        <ele>5.1</ele>
      </trkpt>
      <trkpt lat="56.36547" lon="12.71889">
        <ele>5.1</ele>
      </trkpt>
      <trkpt lat="56.36551" lon="12.7187">
        <ele>5.1</ele>
      </trkpt>
      <trkpt lat="56.36541" lon="12.71861">
        <ele>4.6</ele>
      </trkpt>
      <trkpt lat="56.36539" lon="12.71855">
        <ele>4.5</ele>
      </trkpt>
      <trkpt lat="56.36538" lon="12.71844">
        <ele>4.4</ele>
      </trkpt>
      <trkpt lat="56.36539" lon="12.71834">
        <ele>4.4</ele>
      </trkpt>
      <trkpt lat="56.36549" lon="12.71752">
        <ele>4.4</ele>
      </trkpt>
      <trkpt lat="56.36566" lon="12.71664">
        <ele>5.1</ele>
      </trkpt>
      <trkpt lat="56.3657" lon="12.71651">
        <ele>5.2</ele>
      </trkpt>
      <trkpt lat="56.36559" lon="12.7161">
        <ele>4.2</ele>
      </trkpt>
      <trkpt lat="56.36552" lon="12.71571">
        <ele>3.5</ele>
      </trkpt>
      <trkpt lat="56.36553" lon="12.71535">
        <ele>3.5</ele>
      </trkpt>
      <trkpt lat="56.36565" lon="12.71424">
        <ele>4.3</ele>
      </trkpt>
      <trkpt lat="56.36562" lon="12.71301">
        <ele>4.0</ele>
      </trkpt>
      <trkpt lat="56.36563" lon="12.71202">
        <ele>3.1</ele>
      </trkpt>
      <trkpt lat="56.36572" lon="12.71145">
        <ele>3.2</ele>
      </trkpt>
      <trkpt lat="56.36575" lon="12.71094">
        <ele>2.8</ele>
      </trkpt>
      <trkpt lat="56.36597" lon="12.71022">
        <ele>3.4</ele>
      </trkpt>
      <trkpt lat="56.36614" lon="12.70994">
        <ele>3.6</ele>
      </trkpt>
      <trkpt lat="56.36628" lon="12.70999">
        <ele>4.1</ele>
      </trkpt>
      <trkpt lat="56.366282" lon="12.709987">
        <ele>4.1</ele>
      </trkpt>
      <trkpt lat="56.36632" lon="12.71">
        <ele>4.2</ele>
      </trkpt>
      <trkpt lat="56.36656" lon="12.70953">
        <ele>4.1</ele>
      </trkpt>
      <trkpt lat="56.36673" lon="12.70936">
        <ele>4.5</ele>
      </trkpt>
      <trkpt lat="56.36696" lon="12.70886">
        <ele>4.7</ele>
      </trkpt>
      <trkpt lat="56.36722" lon="12.70798">
        <ele>4.6</ele>
      </trkpt>
      <trkpt lat="56.3674" lon="12.7067">
        <ele>4.6</ele>
      </trkpt>
      <trkpt lat="56.36785" lon="12.70614">
        <ele>4.8</ele>
      </trkpt>
      <trkpt lat="56.36817" lon="12.70585">
        <ele>4.8</ele>
      </trkpt>
      <trkpt lat="56.36853" lon="12.70522">
        <ele>4.5</ele>
      </trkpt>
      <trkpt lat="56.36888" lon="12.70504">
        <ele>4.7</ele>
      </trkpt>
      <trkpt lat="56.36903" lon="12.70485">
        <ele>4.7</ele>
      </trkpt>
      <trkpt lat="56.3691" lon="12.70421">
        <ele>4.0</ele>
      </trkpt>
      <trkpt lat="56.36918" lon="12.70391">
        <ele>3.7</ele>
      </trkpt>
      <trkpt lat="56.3692" lon="12.70358">
        <ele>3.3</ele>
      </trkpt>
      <trkpt lat="56.3694" lon="12.70302">
        <ele>2.8</ele>
      </trkpt>
      <trkpt lat="56.36956" lon="12.70289">
        <ele>2.7</ele>
      </trkpt>
      <trkpt lat="56.36993" lon="12.70277">
        <ele>2.6</ele>
      </trkpt>
      <trkpt lat="56.37077" lon="12.70222">
        <ele>1.7</ele>
      </trkpt>
      <trkpt lat="56.37111" lon="12.70196">
        <ele>1.7</ele>
      </trkpt>
      <trkpt lat="56.37141" lon="12.70152">
        <ele>1.5</ele>
      </trkpt>
      <trkpt lat="56.37148" lon="12.70167">
        <ele>1.8</ele>
      </trkpt>
      <trkpt lat="56.37184" lon="12.70167">
        <ele>2.6</ele>
      </trkpt>
      <trkpt lat="56.37228" lon="12.70109">
        <ele>3.5</ele>
      </trkpt>
      <trkpt lat="56.37301" lon="12.70098">
        <ele>4.9</ele>
      </trkpt>
      <trkpt lat="56.37319" lon="12.70102">
        <ele>5.2</ele>
      </trkpt>
      <trkpt lat="56.37334" lon="12.70122">
        <ele>5.9</ele>
      </trkpt>
      <trkpt lat="56.37351" lon="12.70121">
        <ele>6.0</ele>
      </trkpt>
      <trkpt lat="56.37378" lon="12.70033">
        <ele>4.9</ele>
      </trkpt>
      <trkpt lat="56.37411" lon="12.69952">
        <ele>4.4</ele>
      </trkpt>
      <trkpt lat="56.37446" lon="12.69879">
        <ele>6.1</ele>
      </trkpt>
      <trkpt lat="56.37478" lon="12.69856">
        <ele>8.1</ele>
      </trkpt>
      <trkpt lat="56.37507" lon="12.6977">
        <ele>7.2</ele>
      </trkpt>
      <trkpt lat="56.37519" lon="12.69746">
        <ele>7.3</ele>
      </trkpt>
      <trkpt lat="56.37532" lon="12.69684">
        <ele>7.0</ele>
      </trkpt>
      <trkpt lat="56.37559" lon="12.69599">
        <ele>6.8</ele>
      </trkpt>
      <trkpt lat="56.37573" lon="12.69537">
        <ele>5.7</ele>
      </trkpt>
      <trkpt lat="56.37596" lon="12.69483">
        <ele>5.2</ele>
      </trkpt>
      <trkpt lat="56.37608" lon="12.69425">
        <ele>4.4</ele>
      </trkpt>
      <trkpt lat="56.37645" lon="12.69346">
        <ele>4.9</ele>
      </trkpt>
      <trkpt lat="56.376618" lon="12.693258">
        <ele>5.5</ele>
      </trkpt>
      <trkpt lat="56.37662" lon="12.69326">
        <ele>5.6</ele>
      </trkpt>
      <trkpt lat="56.37695" lon="12.69286">
        <ele>5.4</ele>
      </trkpt>
      <trkpt lat="56.3771" lon="12.69259">
        <ele>4.8</ele>
      </trkpt>
      <trkpt lat="56.37718" lon="12.69241">
        <ele>4.4</ele>
      </trkpt>
      <trkpt lat="56.37727" lon="12.69212">
        <ele>3.9</ele>
      </trkpt>
      <trkpt lat="56.37735" lon="12.69212">
        <ele>4.0</ele>
      </trkpt>
      <trkpt lat="56.37735" lon="12.69212">
        <ele>4.0</ele>
      </trkpt>
      <trkpt lat="56.37756" lon="12.69212">
        <ele>4.3</ele>
      </trkpt>
      <trkpt lat="56.37783" lon="12.69186">
        <ele>4.7</ele>
      </trkpt>
      <trkpt lat="56.377832" lon="12.691864">
        <ele>4.7</ele>
      </trkpt>
      <trkpt lat="56.37806" lon="12.69165">
        <ele>5.0</ele>
      </trkpt>
      <trkpt lat="56.3785" lon="12.6911">
        <ele>4.6</ele>
      </trkpt>
      <trkpt lat="56.3785" lon="12.6911">
        <ele>4.6</ele>
      </trkpt>
      <trkpt lat="56.37864" lon="12.69092">
        <ele>4.5</ele>
      </trkpt>
      <trkpt lat="56.37903" lon="12.69027">
        <ele>3.5</ele>
      </trkpt>
      <trkpt lat="56.37967" lon="12.68959">
        <ele>2.7</ele>
      </trkpt>
      <trkpt lat="56.38018" lon="12.68935">
        <ele>3.4</ele>
      </trkpt>
      <trkpt lat="56.38043" lon="12.68893">
        <ele>3.6</ele>
      </trkpt>
      <trkpt lat="56.38103" lon="12.68815">
        <ele>4.6</ele>
      </trkpt>
      <trkpt lat="56.38142" lon="12.68746">
        <ele>4.2</ele>
      </trkpt>
      <trkpt lat="56.38165" lon="12.68693">
        <ele>5.2</ele>
      </trkpt>
      <trkpt lat="56.38213" lon="12.68572">
        <ele>4.0</ele>
      </trkpt>
      <trkpt lat="56.3826" lon="12.68451">
        <ele>3.8</ele>
      </trkpt>
      <trkpt lat="56.38294" lon="12.68331">
        <ele>5.1</ele>
      </trkpt>
      <trkpt lat="56.38298" lon="12.683">
        <ele>5.4</ele>
      </trkpt>
      <trkpt lat="56.38298" lon="12.68163">
        <ele>5.5</ele>
      </trkpt>
      <trkpt lat="56.38308" lon="12.68068">
        <ele>6.2</ele>
      </trkpt>
      <trkpt lat="56.38317" lon="12.67972">
        <ele>6.6</ele>
      </trkpt>
      <trkpt lat="56.38308" lon="12.67877">
        <ele>5.1</ele>
      </trkpt>
      <trkpt lat="56.38308" lon="12.67777">
        <ele>5.0</ele>
      </trkpt>
      <trkpt lat="56.38295" lon="12.67681">
        <ele>4.6</ele>
      </trkpt>
      <trkpt lat="56.38309" lon="12.67622">
        <ele>4.6</ele>
      </trkpt>
      <trkpt lat="56.38311" lon="12.67591">
        <ele>4.3</ele>
      </trkpt>
      <trkpt lat="56.38298" lon="12.67496">
        <ele>3.7</ele>
      </trkpt>
      <trkpt lat="56.38309" lon="12.67397">
        <ele>3.1</ele>
      </trkpt>
      <trkpt lat="56.3832" lon="12.67297">
        <ele>2.9</ele>
      </trkpt>
      <trkpt lat="56.38338" lon="12.67246">
        <ele>3.1</ele>
      </trkpt>
      <trkpt lat="56.38381" lon="12.67184">
        <ele>3.8</ele>
      </trkpt>
      <trkpt lat="56.3839" lon="12.67154">
        <ele>3.9</ele>
      </trkpt>
      <trkpt lat="56.38397" lon="12.6712">
        <ele>3.7</ele>
      </trkpt>
      <trkpt lat="56.38397" lon="12.6712">
        <ele>3.7</ele>
      </trkpt>
      <trkpt lat="56.38414" lon="12.6703">
        <ele>3.9</ele>
      </trkpt>
      <trkpt lat="56.38423" lon="12.66897">
        <ele>3.2</ele>
      </trkpt>
      <trkpt lat="56.38426" lon="12.66869">
        <ele>3.3</ele>
      </trkpt>
      <trkpt lat="56.38425" lon="12.66861">
        <ele>3.3</ele>
      </trkpt>
      <trkpt lat="56.384269" lon="12.668599">
        <ele>3.4</ele>
      </trkpt>
      <trkpt lat="56.38425" lon="12.66861">
        <ele>3.3</ele>
      </trkpt>
      <trkpt lat="56.38423" lon="12.66855">
        <ele>3.2</ele>
      </trkpt>
      <trkpt lat="56.38427" lon="12.66833">
        <ele>3.4</ele>
      </trkpt>
      <trkpt lat="56.38435" lon="12.66798">
        <ele>3.6</ele>
      </trkpt>
      <trkpt lat="56.38446" lon="12.66729">
        <ele>3.7</ele>
      </trkpt>
      <trkpt lat="56.38456" lon="12.66686">
        <ele>3.9</ele>
      </trkpt>
      <trkpt lat="56.38458" lon="12.66643">
        <ele>3.7</ele>
      </trkpt>
      <trkpt lat="56.38449" lon="12.66543">
        <ele>2.8</ele>
      </trkpt>
      <trkpt lat="56.38467" lon="12.66446">
        <ele>3.2</ele>
      </trkpt>
      <trkpt lat="56.38476" lon="12.66365">
        <ele>3.4</ele>
      </trkpt>
      <trkpt lat="56.3848" lon="12.66351">
        <ele>3.5</ele>
      </trkpt>
      <trkpt lat="56.38518" lon="12.66294">
        <ele>4.2</ele>
      </trkpt>
      <trkpt lat="56.38556" lon="12.66238">
        <ele>5.7</ele>
      </trkpt>
      <trkpt lat="56.38563" lon="12.66206">
        <ele>6.0</ele>
      </trkpt>
      <trkpt lat="56.38563" lon="12.66206">
        <ele>6.0</ele>
      </trkpt>
      <trkpt lat="56.38567" lon="12.66186">
        <ele>6.2</ele>
      </trkpt>
      <trkpt lat="56.38577" lon="12.6619">
        <ele>6.7</ele>
      </trkpt>
      <trkpt lat="56.38577" lon="12.6619">
        <ele>6.7</ele>
      </trkpt>
      <trkpt lat="56.38586" lon="12.66194">
        <ele>7.0</ele>
      </trkpt>
      <trkpt lat="56.38586" lon="12.66194">
        <ele>7.0</ele>
      </trkpt>
      <trkpt lat="56.38591" lon="12.66196">
        <ele>7.1</ele>
      </trkpt>
      <trkpt lat="56.38593" lon="12.66159">
        <ele>6.9</ele>
      </trkpt>
      <trkpt lat="56.385942" lon="12.66159">
        <ele>6.9</ele>
      </trkpt>
      <trkpt lat="56.38593" lon="12.66159">
        <ele>6.9</ele>
      </trkpt>
      <trkpt lat="56.38604" lon="12.66061">
        <ele>4.7</ele>
      </trkpt>
      <trkpt lat="56.38615" lon="12.65964">
        <ele>2.5</ele>
      </trkpt>
      <trkpt lat="56.38622" lon="12.65939">
        <ele>2.0</ele>
      </trkpt>
      <trkpt lat="56.38666" lon="12.65884">
        <ele>1.6</ele>
      </trkpt>
      <trkpt lat="56.38708" lon="12.65784">
        <ele>1.7</ele>
      </trkpt>
      <trkpt lat="56.3875" lon="12.65685">
        <ele>2.0</ele>
      </trkpt>
      <trkpt lat="56.38753" lon="12.65653">
        <ele>1.9</ele>
      </trkpt>
      <trkpt lat="56.38742" lon="12.65626">
        <ele>1.4</ele>
      </trkpt>
      <trkpt lat="56.38741" lon="12.65567">
        <ele>0.7</ele>
      </trkpt>
      <trkpt lat="56.38764" lon="12.65478">
        <ele>0.3</ele>
      </trkpt>
      <trkpt lat="56.38781" lon="12.6544">
        <ele>0.7</ele>
      </trkpt>
      <trkpt lat="56.38801" lon="12.65376">
        <ele>1.2</ele>
      </trkpt>
      <trkpt lat="56.38801" lon="12.65376">
        <ele>1.2</ele>
      </trkpt>
      <trkpt lat="56.38807" lon="12.65358">
        <ele>1.4</ele>
      </trkpt>
      <trkpt lat="56.3882" lon="12.65334">
        <ele>1.7</ele>
      </trkpt>
      <trkpt lat="56.38825" lon="12.65304">
        <ele>1.5</ele>
      </trkpt>
      <trkpt lat="56.38821" lon="12.65285">
        <ele>1.2</ele>
      </trkpt>
      <trkpt lat="56.388187" lon="12.652865">
        <ele>1.2</ele>
      </trkpt>
      <trkpt lat="56.38821" lon="12.65285">
        <ele>1.2</ele>
      </trkpt>
      <trkpt lat="56.38819" lon="12.65279">
        <ele>1.1</ele>
      </trkpt>
      <trkpt lat="56.38829" lon="12.65221">
        <ele>0.6</ele>
      </trkpt>
      <trkpt lat="56.3883" lon="12.65125">
        <ele>0.0</ele>
      </trkpt>
      <trkpt lat="56.38854" lon="12.65005">
        <ele>0.7</ele>
      </trkpt>
      <trkpt lat="56.38854" lon="12.64942">
        <ele>1.3</ele>
      </trkpt>
      <trkpt lat="56.38869" lon="12.64881">
        <ele>1.9</ele>
      </trkpt>
      <trkpt lat="56.38901" lon="12.64782">
        <ele>2.7</ele>
      </trkpt>
      <trkpt lat="56.38934" lon="12.64683">
        <ele>3.6</ele>
      </trkpt>
      <trkpt lat="56.38941" lon="12.6462">
        <ele>4.4</ele>
      </trkpt>
      <trkpt lat="56.38941" lon="12.6462">
        <ele>4.4</ele>
      </trkpt>
      <trkpt lat="56.38947" lon="12.64562">
        <ele>5.1</ele>
      </trkpt>
      <trkpt lat="56.389459" lon="12.645615">
        <ele>5.1</ele>
      </trkpt>
      <trkpt lat="56.38947" lon="12.64562">
        <ele>5.1</ele>
      </trkpt>
      <trkpt lat="56.38952" lon="12.6452">
        <ele>5.3</ele>
      </trkpt>
      <trkpt lat="56.38945" lon="12.64492">
        <ele>4.9</ele>
      </trkpt>
      <trkpt lat="56.38928" lon="12.64476">
        <ele>4.1</ele>
      </trkpt>
      <trkpt lat="56.38916" lon="12.6445">
        <ele>3.4</ele>
      </trkpt>
      <trkpt lat="56.38912" lon="12.64417">
        <ele>2.9</ele>
      </trkpt>
      <trkpt lat="56.38926" lon="12.64366">
        <ele>3.3</ele>
      </trkpt>
      <trkpt lat="56.38928" lon="12.64333">
        <ele>3.4</ele>
      </trkpt>
      <trkpt lat="56.38936" lon="12.64303">
        <ele>3.5</ele>
      </trkpt>
      <trkpt lat="56.38944" lon="12.64239">
        <ele>3.6</ele>
      </trkpt>
      <trkpt lat="56.38942" lon="12.64207">
        <ele>3.2</ele>
      </trkpt>
      <trkpt lat="56.38933" lon="12.64176">
        <ele>2.3</ele>
      </trkpt>
      <trkpt lat="56.38933" lon="12.64114">
        <ele>2.6</ele>
      </trkpt>
      <trkpt lat="56.38928" lon="12.64084">
        <ele>2.5</ele>
      </trkpt>
      <trkpt lat="56.38923" lon="12.63957">
        <ele>2.7</ele>
      </trkpt>
      <trkpt lat="56.38913" lon="12.63892">
        <ele>1.9</ele>
      </trkpt>
      <trkpt lat="56.38916" lon="12.63862">
        <ele>2.0</ele>
      </trkpt>
      <trkpt lat="56.38914" lon="12.63835">
        <ele>1.9</ele>
      </trkpt>
      <trkpt lat="56.38964" lon="12.63726">
        <ele>1.3</ele>
      </trkpt>
      <trkpt lat="56.38964" lon="12.63726">
        <ele>1.3</ele>
      </trkpt>
      <trkpt lat="56.38981" lon="12.63687">
        <ele>1.0</ele>
      </trkpt>
      <trkpt lat="56.38984" lon="12.63685">
        <ele>1.0</ele>
      </trkpt>
      <trkpt lat="56.389833" lon="12.63681">
        <ele>1.0</ele>
      </trkpt>
      <trkpt lat="56.389942" lon="12.636783">
        <ele>1.1</ele>
      </trkpt>
      <trkpt lat="56.390248" lon="12.637026">
        <ele>1.9</ele>
      </trkpt>
      <trkpt lat="56.390373" lon="12.637525">
        <ele>3.0</ele>
      </trkpt>
      <trkpt lat="56.390795" lon="12.637646">
        <ele>4.4</ele>
      </trkpt>
      <trkpt lat="56.391171" lon="12.637849">
        <ele>5.7</ele>
      </trkpt>
      <trkpt lat="56.39157" lon="12.637767">
        <ele>5.8</ele>
      </trkpt>
      <trkpt lat="56.392185" lon="12.636758">
        <ele>5.6</ele>
      </trkpt>
      <trkpt lat="56.392629" lon="12.636111">
        <ele>7.1</ele>
      </trkpt>
      <trkpt lat="56.39252" lon="12.635686">
        <ele>5.9</ele>
      </trkpt>
      <trkpt lat="56.392489" lon="12.634815">
        <ele>4.7</ele>
      </trkpt>
      <trkpt lat="56.392492" lon="12.633326">
        <ele>3.9</ele>
      </trkpt>
      <trkpt lat="56.392701" lon="12.632835">
        <ele>3.4</ele>
      </trkpt>
      <trkpt lat="56.39271" lon="12.63285">
        <ele>3.5</ele>
      </trkpt>
      <trkpt lat="56.39291" lon="12.63244">
        <ele>2.9</ele>
      </trkpt>
      <trkpt lat="56.39303" lon="12.63183">
        <ele>2.0</ele>
      </trkpt>
      <trkpt lat="56.39339" lon="12.6307">
        <ele>2.0</ele>
      </trkpt>
      <trkpt lat="56.39344" lon="12.63003">
        <ele>2.0</ele>
      </trkpt>
      <trkpt lat="56.39344" lon="12.63003">
        <ele>2.0</ele>
      </trkpt>
      <trkpt lat="56.39348" lon="12.62938">
        <ele>1.3</ele>
      </trkpt>
      <trkpt lat="56.39361" lon="12.62914">
        <ele>1.0</ele>
      </trkpt>
      <trkpt lat="56.39386" lon="12.629">
        <ele>0.9</ele>
      </trkpt>
      <trkpt lat="56.393852" lon="12.628973">
        <ele>0.9</ele>
      </trkpt>
      <trkpt lat="56.39386" lon="12.629">
        <ele>0.9</ele>
      </trkpt>
      <trkpt lat="56.39418" lon="12.62881">
        <ele>1.0</ele>
      </trkpt>
      <trkpt lat="56.39454" lon="12.62876">
        <ele>1.0</ele>
      </trkpt>
      <trkpt lat="56.39527" lon="12.6289">
        <ele>3.0</ele>
      </trkpt>
      <trkpt lat="56.39578" lon="12.62923">
        <ele>6.8</ele>
      </trkpt>
      <trkpt lat="56.39615" lon="12.62922">
        <ele>8.7</ele>
      </trkpt>
      <trkpt lat="56.396334" lon="12.629338">
        <ele>9.9</ele>
      </trkpt>
      <trkpt lat="56.396975" lon="12.629628">
        <ele>13.6</ele>
      </trkpt>
      <trkpt lat="56.397009" lon="12.629619">
        <ele>14.0</ele>
      </trkpt>
      <trkpt lat="56.397281" lon="12.629199">
        <ele>15.0</ele>
      </trkpt>
      <trkpt lat="56.397376" lon="12.62906">
        <ele>15.0</ele>
      </trkpt>
      <trkpt lat="56.397562" lon="12.628807">
        <ele>15.0</ele>
      </trkpt>
      <trkpt lat="56.397736" lon="12.628596">
        <ele>14.0</ele>
      </trkpt>
      <trkpt lat="56.397814" lon="12.628482">
        <ele>14.0</ele>
      </trkpt>
      <trkpt lat="56.397919" lon="12.628285">
        <ele>14.3</ele>
      </trkpt>
      <trkpt lat="56.397954" lon="12.62822">
        <ele>14.0</ele>
      </trkpt>
      <trkpt lat="56.398015" lon="12.628128">
        <ele>14.0</ele>
      </trkpt>
      <trkpt lat="56.39802" lon="12.62815">
        <ele>14.1</ele>
      </trkpt>
      <trkpt lat="56.39844" lon="12.62773">
        <ele>14.1</ele>
      </trkpt>
      <trkpt lat="56.39886" lon="12.62731">
        <ele>13.6</ele>
      </trkpt>
      <trkpt lat="56.39915" lon="12.62692">
        <ele>12.9</ele>
      </trkpt>
      <trkpt lat="56.3995" lon="12.6267">
        <ele>13.3</ele>
      </trkpt>
      <trkpt lat="56.39981" lon="12.62634">
        <ele>12.4</ele>
      </trkpt>
      <trkpt lat="56.39999" lon="12.62629">
        <ele>12.7</ele>
      </trkpt>
      <trkpt lat="56.40056" lon="12.62637">
        <ele>12.8</ele>
      </trkpt>
      <trkpt lat="56.40138" lon="12.62631">
        <ele>13.6</ele>
      </trkpt>
      <trkpt lat="56.4022" lon="12.62624">
        <ele>13.6</ele>
      </trkpt>
      <trkpt lat="56.40256" lon="12.62625">
        <ele>13.4</ele>
      </trkpt>
      <trkpt lat="56.40292" lon="12.6264">
        <ele>13.5</ele>
      </trkpt>
      <trkpt lat="56.40365" lon="12.62633">
        <ele>12.0</ele>
      </trkpt>
      <trkpt lat="56.40429" lon="12.62651">
        <ele>11.3</ele>
      </trkpt>
      <trkpt lat="56.40493" lon="12.6267">
        <ele>11.2</ele>
      </trkpt>
      <trkpt lat="56.40557" lon="12.62659">
        <ele>9.4</ele>
      </trkpt>
      <trkpt lat="56.40622" lon="12.62648">
        <ele>8.3</ele>
      </trkpt>
      <trkpt lat="56.40711" lon="12.62645">
        <ele>8.4</ele>
      </trkpt>
      <trkpt lat="56.40748" lon="12.62629">
        <ele>8.1</ele>
      </trkpt>
      <trkpt lat="56.40821" lon="12.62613">
        <ele>10.0</ele>
      </trkpt>
      <trkpt lat="56.40878" lon="12.62528">
        <ele>9.3</ele>
      </trkpt>
      <trkpt lat="56.40898" lon="12.62452">
        <ele>7.7</ele>
      </trkpt>
      <trkpt lat="56.40917" lon="12.62376">
        <ele>6.5</ele>
      </trkpt>
      <trkpt lat="56.4094" lon="12.62324">
        <ele>5.7</ele>
      </trkpt>
      <trkpt lat="56.40956" lon="12.62316">
        <ele>5.5</ele>
      </trkpt>
      <trkpt lat="56.40993" lon="12.62322">
        <ele>5.6</ele>
      </trkpt>
      <trkpt lat="56.41068" lon="12.62304">
        <ele>4.4</ele>
      </trkpt>
      <trkpt lat="56.41138" lon="12.6235">
        <ele>4.7</ele>
      </trkpt>
      <trkpt lat="56.4115" lon="12.6237">
        <ele>5.0</ele>
      </trkpt>
      <trkpt lat="56.41167" lon="12.62376">
        <ele>5.0</ele>
      </trkpt>
      <trkpt lat="56.41182" lon="12.62359">
        <ele>4.4</ele>
      </trkpt>
      <trkpt lat="56.41187" lon="12.62327">
        <ele>3.6</ele>
      </trkpt>
      <trkpt lat="56.41206" lon="12.62329">
        <ele>3.4</ele>
      </trkpt>
      <trkpt lat="56.41258" lon="12.62362">
        <ele>3.5</ele>
      </trkpt>
      <trkpt lat="56.41311" lon="12.62395">
        <ele>2.5</ele>
      </trkpt>
      <trkpt lat="56.41356" lon="12.62409">
        <ele>1.9</ele>
      </trkpt>
      <trkpt lat="56.41402" lon="12.62422">
        <ele>2.1</ele>
      </trkpt>
      <trkpt lat="56.41437" lon="12.62425">
        <ele>2.2</ele>
      </trkpt>
      <trkpt lat="56.41455" lon="12.62417">
        <ele>2.0</ele>
      </trkpt>
      <trkpt lat="56.415" lon="12.62414">
        <ele>1.9</ele>
      </trkpt>
      <trkpt lat="56.41545" lon="12.6241">
        <ele>2.4</ele>
      </trkpt>
      <trkpt lat="56.41579" lon="12.62388">
        <ele>2.3</ele>
      </trkpt>
      <trkpt lat="56.41613" lon="12.62404">
        <ele>2.7</ele>
      </trkpt>
      <trkpt lat="56.41636" lon="12.62411">
        <ele>2.9</ele>
      </trkpt>
      <trkpt lat="56.41679" lon="12.624">
        <ele>2.6</ele>
      </trkpt>
      <trkpt lat="56.41723" lon="12.62369">
        <ele>1.9</ele>
      </trkpt>
      <trkpt lat="56.41767" lon="12.62338">
        <ele>1.3</ele>
      </trkpt>
      <trkpt lat="56.41797" lon="12.62291">
        <ele>1.1</ele>
      </trkpt>
      <trkpt lat="56.41885" lon="12.62271">
        <ele>2.5</ele>
      </trkpt>
      <trkpt lat="56.419195" lon="12.622551">
        <ele>3.0</ele>
      </trkpt>
      <trkpt lat="56.4192" lon="12.62255">
        <ele>3.0</ele>
      </trkpt>
      <trkpt lat="56.41937" lon="12.62247">
        <ele>2.7</ele>
      </trkpt>
      <trkpt lat="56.41978" lon="12.62179">
        <ele>1.4</ele>
      </trkpt>
      <trkpt lat="56.41997" lon="12.62168">
        <ele>1.1</ele>
      </trkpt>
      <trkpt lat="56.41997" lon="12.62168">
        <ele>1.1</ele>
      </trkpt>
      <trkpt lat="56.42029" lon="12.62148">
        <ele>1.4</ele>
      </trkpt>
      <trkpt lat="56.42109" lon="12.62161">
        <ele>3.2</ele>
      </trkpt>
      <trkpt lat="56.421091" lon="12.621612">
        <ele>3.2</ele>
      </trkpt>
      <trkpt lat="56.42157" lon="12.62178">
        <ele>3.9</ele>
      </trkpt>
      <trkpt lat="56.42175" lon="12.6216">
        <ele>3.8</ele>
      </trkpt>
      <trkpt lat="56.42184" lon="12.62157">
        <ele>3.8</ele>
      </trkpt>
      <trkpt lat="56.42213" lon="12.62152">
        <ele>3.6</ele>
      </trkpt>
      <trkpt lat="56.42213" lon="12.62152">
        <ele>3.6</ele>
      </trkpt>
      <trkpt lat="56.42248" lon="12.62146">
        <ele>3.5</ele>
      </trkpt>
      <trkpt lat="56.42266" lon="12.62138">
        <ele>3.1</ele>
      </trkpt>
      <trkpt lat="56.42301" lon="12.62089">
        <ele>1.5</ele>
      </trkpt>
      <trkpt lat="56.42304" lon="12.62088">
        <ele>1.5</ele>
      </trkpt>
      <trkpt lat="56.42304" lon="12.62088">
        <ele>1.5</ele>
      </trkpt>
      <trkpt lat="56.42323" lon="12.62101">
        <ele>1.5</ele>
      </trkpt>
      <trkpt lat="56.423234" lon="12.62105">
        <ele>1.6</ele>
      </trkpt>
      <trkpt lat="56.42323" lon="12.62105">
        <ele>1.6</ele>
      </trkpt>
      <trkpt lat="56.42323" lon="12.62101">
        <ele>1.5</ele>
      </trkpt>
      <trkpt lat="56.42327" lon="12.62093">
        <ele>1.3</ele>
      </trkpt>
      <trkpt lat="56.42334" lon="12.62095">
        <ele>1.3</ele>
      </trkpt>
      <trkpt lat="56.42334" lon="12.62095">
        <ele>1.3</ele>
      </trkpt>
      <trkpt lat="56.42336" lon="12.62096">
        <ele>1.3</ele>
      </trkpt>
      <trkpt lat="56.42352" lon="12.62127">
        <ele>1.9</ele>
      </trkpt>
      <trkpt lat="56.42349" lon="12.62126">
        <ele>1.9</ele>
      </trkpt>
      <trkpt lat="56.423494" lon="12.621261">
        <ele>1.9</ele>
      </trkpt>
      <trkpt lat="56.42352" lon="12.62127">
        <ele>1.9</ele>
      </trkpt>
      <trkpt lat="56.42387" lon="12.62174">
        <ele>3.1</ele>
      </trkpt>
      <trkpt lat="56.42394" lon="12.62188">
        <ele>3.3</ele>
      </trkpt>
      <trkpt lat="56.42399" lon="12.62186">
        <ele>3.2</ele>
      </trkpt>
      <trkpt lat="56.42447" lon="12.62205">
        <ele>2.7</ele>
      </trkpt>
      <trkpt lat="56.42495" lon="12.62223">
        <ele>2.1</ele>
      </trkpt>
      <trkpt lat="56.42528" lon="12.6223">
        <ele>2.6</ele>
      </trkpt>
      <trkpt lat="56.42549" lon="12.62241">
        <ele>3.3</ele>
      </trkpt>
      <trkpt lat="56.42584" lon="12.62268">
        <ele>4.6</ele>
      </trkpt>
      <trkpt lat="56.42593" lon="12.62272">
        <ele>4.4</ele>
      </trkpt>
      <trkpt lat="56.425936" lon="12.622683">
        <ele>4.3</ele>
      </trkpt>
      <trkpt lat="56.42593" lon="12.62272">
        <ele>4.4</ele>
      </trkpt>
      <trkpt lat="56.42611" lon="12.62278">
        <ele>3.9</ele>
      </trkpt>
      <trkpt lat="56.42626" lon="12.62287">
        <ele>3.6</ele>
      </trkpt>
      <trkpt lat="56.42635" lon="12.62304">
        <ele>3.7</ele>
      </trkpt>
      <trkpt lat="56.42641" lon="12.62328">
        <ele>4.1</ele>
      </trkpt>
      <trkpt lat="56.42641" lon="12.62349">
        <ele>4.2</ele>
      </trkpt>
      <trkpt lat="56.42645" lon="12.6236">
        <ele>4.0</ele>
      </trkpt>
      <trkpt lat="56.42645" lon="12.62388">
        <ele>4.0</ele>
      </trkpt>
      <trkpt lat="56.42636" lon="12.62451">
        <ele>4.9</ele>
      </trkpt>
      <trkpt lat="56.42636" lon="12.62451">
        <ele>4.9</ele>
      </trkpt>
      <trkpt lat="56.42632" lon="12.62477">
        <ele>5.4</ele>
      </trkpt>
      <trkpt lat="56.42639" lon="12.6248">
        <ele>5.1</ele>
      </trkpt>
      <trkpt lat="56.42643" lon="12.62484">
        <ele>4.9</ele>
      </trkpt>
      <trkpt lat="56.426444" lon="12.624828">
        <ele>4.9</ele>
      </trkpt>
      <trkpt lat="56.42643" lon="12.62484">
        <ele>4.9</ele>
      </trkpt>
      <trkpt lat="56.42649" lon="12.62599">
        <ele>4.8</ele>
      </trkpt>
      <trkpt lat="56.42652" lon="12.62597">
        <ele>4.7</ele>
      </trkpt>
      <trkpt lat="56.42652" lon="12.6265">
        <ele>4.6</ele>
      </trkpt>
      <trkpt lat="56.42646" lon="12.6271">
        <ele>4.7</ele>
      </trkpt>
      <trkpt lat="56.4267" lon="12.62808">
        <ele>3.8</ele>
      </trkpt>
      <trkpt lat="56.42675" lon="12.62842">
        <ele>3.7</ele>
      </trkpt>
      <trkpt lat="56.42682" lon="12.62868">
        <ele>3.7</ele>
      </trkpt>
      <trkpt lat="56.42708" lon="12.62942">
        <ele>3.5</ele>
      </trkpt>
      <trkpt lat="56.42708" lon="12.62942">
        <ele>3.5</ele>
      </trkpt>
      <trkpt lat="56.42728" lon="12.62997">
        <ele>3.7</ele>
      </trkpt>
      <trkpt lat="56.42741" lon="12.6304">
        <ele>4.2</ele>
      </trkpt>
      <trkpt lat="56.42748" lon="12.63058">
        <ele>4.4</ele>
      </trkpt>
      <trkpt lat="56.42757" lon="12.63069">
        <ele>4.3</ele>
      </trkpt>
      <trkpt lat="56.42757" lon="12.6307">
        <ele>4.4</ele>
      </trkpt>
      <trkpt lat="56.42757" lon="12.6307">
        <ele>4.4</ele>
      </trkpt>
      <trkpt lat="56.42816" lon="12.63145">
        <ele>3.3</ele>
      </trkpt>
      <trkpt lat="56.42837" lon="12.63178">
        <ele>3.2</ele>
      </trkpt>
      <trkpt lat="56.42903" lon="12.63236">
        <ele>3.1</ele>
      </trkpt>
      <trkpt lat="56.42926" lon="12.6326">
        <ele>3.0</ele>
      </trkpt>
      <trkpt lat="56.42935" lon="12.63266">
        <ele>3.0</ele>
      </trkpt>
      <trkpt lat="56.42976" lon="12.63283">
        <ele>2.7</ele>
      </trkpt>
      <trkpt lat="56.42994" lon="12.63287">
        <ele>2.4</ele>
      </trkpt>
      <trkpt lat="56.43016" lon="12.63299">
        <ele>2.7</ele>
      </trkpt>
      <trkpt lat="56.43057" lon="12.63312">
        <ele>2.7</ele>
      </trkpt>
      <trkpt lat="56.43057" lon="12.63312">
        <ele>2.7</ele>
      </trkpt>
      <trkpt lat="56.4309" lon="12.63321">
        <ele>2.9</ele>
      </trkpt>
      <trkpt lat="56.43136" lon="12.63317">
        <ele>4.4</ele>
      </trkpt>
      <trkpt lat="56.43146" lon="12.63311">
        <ele>4.5</ele>
      </trkpt>
      <trkpt lat="56.43195" lon="12.6326">
        <ele>3.0</ele>
      </trkpt>
      <trkpt lat="56.43203" lon="12.63257">
        <ele>2.8</ele>
      </trkpt>
      <trkpt lat="56.43224" lon="12.63261">
        <ele>2.6</ele>
      </trkpt>
      <trkpt lat="56.43234" lon="12.63268">
        <ele>2.7</ele>
      </trkpt>
      <trkpt lat="56.43278" lon="12.63314">
        <ele>2.6</ele>
      </trkpt>
      <trkpt lat="56.432777" lon="12.633142">
        <ele>2.6</ele>
      </trkpt>
      <trkpt lat="56.43278" lon="12.63314">
        <ele>2.6</ele>
      </trkpt>
      <trkpt lat="56.43293" lon="12.6333">
        <ele>2.4</ele>
      </trkpt>
      <trkpt lat="56.43339" lon="12.63393">
        <ele>2.3</ele>
      </trkpt>
      <trkpt lat="56.43386" lon="12.63456">
        <ele>2.4</ele>
      </trkpt>
      <trkpt lat="56.43425" lon="12.6354">
        <ele>3.0</ele>
      </trkpt>
      <trkpt lat="56.43427" lon="12.63538">
        <ele>2.9</ele>
      </trkpt>
      <trkpt lat="56.43479" lon="12.63562">
        <ele>3.5</ele>
      </trkpt>
      <trkpt lat="56.4349" lon="12.63564">
        <ele>3.5</ele>
      </trkpt>
      <trkpt lat="56.43498" lon="12.63563">
        <ele>3.5</ele>
      </trkpt>
      <trkpt lat="56.43508" lon="12.63558">
        <ele>3.4</ele>
      </trkpt>
      <trkpt lat="56.43541" lon="12.63533">
        <ele>3.1</ele>
      </trkpt>
      <trkpt lat="56.43567" lon="12.63522">
        <ele>3.1</ele>
      </trkpt>
      <trkpt lat="56.43578" lon="12.63522">
        <ele>3.2</ele>
      </trkpt>
      <trkpt lat="56.4364" lon="12.63551">
        <ele>2.0</ele>
      </trkpt>
      <trkpt lat="56.43671" lon="12.63553">
        <ele>1.2</ele>
      </trkpt>
      <trkpt lat="56.43696" lon="12.63566">
        <ele>1.3</ele>
      </trkpt>
      <trkpt lat="56.43696" lon="12.63566">
        <ele>1.3</ele>
      </trkpt>
      <trkpt lat="56.43714" lon="12.63579">
        <ele>1.4</ele>
      </trkpt>
      <trkpt lat="56.43727" lon="12.63574">
        <ele>1.1</ele>
      </trkpt>
      <trkpt lat="56.43747" lon="12.63547">
        <ele>0.6</ele>
      </trkpt>
      <trkpt lat="56.43771" lon="12.63552">
        <ele>0.9</ele>
      </trkpt>
      <trkpt lat="56.4378" lon="12.63562">
        <ele>1.1</ele>
      </trkpt>
      <trkpt lat="56.43782" lon="12.63578">
        <ele>1.3</ele>
      </trkpt>
      <trkpt lat="56.43791" lon="12.6359">
        <ele>1.6</ele>
      </trkpt>
      <trkpt lat="56.4381" lon="12.63631">
        <ele>2.5</ele>
      </trkpt>
      <trkpt lat="56.438102" lon="12.636304">
        <ele>2.4</ele>
      </trkpt>
      <trkpt lat="56.4381" lon="12.63631">
        <ele>2.5</ele>
      </trkpt>
      <trkpt lat="56.4386" lon="12.63722">
        <ele>2.7</ele>
      </trkpt>
      <trkpt lat="56.43869" lon="12.63746">
        <ele>2.7</ele>
      </trkpt>
      <trkpt lat="56.43874" lon="12.63827">
        <ele>3.9</ele>
      </trkpt>
      <trkpt lat="56.43882" lon="12.63857">
        <ele>4.1</ele>
      </trkpt>
      <trkpt lat="56.43926" lon="12.63929">
        <ele>4.0</ele>
      </trkpt>
      <trkpt lat="56.43937" lon="12.63928">
        <ele>3.5</ele>
      </trkpt>
      <trkpt lat="56.43953" lon="12.63934">
        <ele>3.1</ele>
      </trkpt>
      <trkpt lat="56.43966" lon="12.63952">
        <ele>3.1</ele>
      </trkpt>
      <trkpt lat="56.43971" lon="12.63972">
        <ele>3.4</ele>
      </trkpt>
      <trkpt lat="56.43987" lon="12.63995">
        <ele>3.3</ele>
      </trkpt>
      <trkpt lat="56.44043" lon="12.64045">
        <ele>2.0</ele>
      </trkpt>
      <trkpt lat="56.44078" lon="12.64061">
        <ele>0.9</ele>
      </trkpt>
      <trkpt lat="56.44104" lon="12.6406">
        <ele>0.8</ele>
      </trkpt>
      <trkpt lat="56.44117" lon="12.6407">
        <ele>0.9</ele>
      </trkpt>
      <trkpt lat="56.4414" lon="12.64134">
        <ele>1.8</ele>
      </trkpt>
      <trkpt lat="56.44157" lon="12.64172">
        <ele>2.2</ele>
      </trkpt>
      <trkpt lat="56.44203" lon="12.64308">
        <ele>2.8</ele>
      </trkpt>
      <trkpt lat="56.44231" lon="12.64356">
        <ele>2.7</ele>
      </trkpt>
      <trkpt lat="56.44264" lon="12.64398">
        <ele>2.7</ele>
      </trkpt>
      <trkpt lat="56.44273" lon="12.64425">
        <ele>3.2</ele>
      </trkpt>
      <trkpt lat="56.44271" lon="12.64464">
        <ele>4.1</ele>
      </trkpt>
      <trkpt lat="56.4428" lon="12.64493">
        <ele>4.8</ele>
      </trkpt>
      <trkpt lat="56.44303" lon="12.64526">
        <ele>5.3</ele>
      </trkpt>
      <trkpt lat="56.44308" lon="12.64545">
        <ele>5.5</ele>
      </trkpt>
      <trkpt lat="56.44308" lon="12.64545">
        <ele>5.5</ele>
      </trkpt>
      <trkpt lat="56.44309" lon="12.64548">
        <ele>5.6</ele>
      </trkpt>
      <trkpt lat="56.44348" lon="12.64588">
        <ele>6.1</ele>
      </trkpt>
      <trkpt lat="56.4435" lon="12.64585">
        <ele>6.0</ele>
      </trkpt>
      <trkpt lat="56.4435" lon="12.645855">
        <ele>6.0</ele>
      </trkpt>
      <trkpt lat="56.4435" lon="12.64585">
        <ele>6.0</ele>
      </trkpt>
      <trkpt lat="56.44362" lon="12.64563">
        <ele>5.8</ele>
      </trkpt>
      <trkpt lat="56.44385" lon="12.64471">
        <ele>4.3</ele>
      </trkpt>
      <trkpt lat="56.44399" lon="12.64426">
        <ele>3.2</ele>
      </trkpt>
      <trkpt lat="56.44406" lon="12.64391">
        <ele>2.4</ele>
      </trkpt>
      <trkpt lat="56.44413" lon="12.64382">
        <ele>2.2</ele>
      </trkpt>
      <trkpt lat="56.44432" lon="12.64379">
        <ele>2.0</ele>
      </trkpt>
      <trkpt lat="56.44449" lon="12.64359">
        <ele>1.5</ele>
      </trkpt>
      <trkpt lat="56.4446" lon="12.64359">
        <ele>1.5</ele>
      </trkpt>
      <trkpt lat="56.4447" lon="12.64365">
        <ele>1.5</ele>
      </trkpt>
      <trkpt lat="56.44482" lon="12.64365">
        <ele>1.5</ele>
      </trkpt>
      <trkpt lat="56.44504" lon="12.64358">
        <ele>1.3</ele>
      </trkpt>
      <trkpt lat="56.44521" lon="12.64361">
        <ele>1.3</ele>
      </trkpt>
      <trkpt lat="56.4454" lon="12.64396">
        <ele>1.8</ele>
      </trkpt>
      <trkpt lat="56.44546" lon="12.64403">
        <ele>1.8</ele>
      </trkpt>
      <trkpt lat="56.44575" lon="12.64407">
        <ele>1.9</ele>
      </trkpt>
      <trkpt lat="56.4459" lon="12.64413">
        <ele>1.9</ele>
      </trkpt>
      <trkpt lat="56.44634" lon="12.64452">
        <ele>1.6</ele>
      </trkpt>
      <trkpt lat="56.44636" lon="12.64466">
        <ele>1.6</ele>
      </trkpt>
      <trkpt lat="56.44637" lon="12.64477">
        <ele>1.6</ele>
      </trkpt>
      <trkpt lat="56.44644" lon="12.64487">
        <ele>1.5</ele>
      </trkpt>
      <trkpt lat="56.44664" lon="12.64501">
        <ele>1.1</ele>
      </trkpt>
      <trkpt lat="56.44662" lon="12.6453">
        <ele>1.1</ele>
      </trkpt>
      <trkpt lat="56.44655" lon="12.64568">
        <ele>1.4</ele>
      </trkpt>
      <trkpt lat="56.44639" lon="12.64589">
        <ele>2.1</ele>
      </trkpt>
      <trkpt lat="56.44629" lon="12.64615">
        <ele>2.7</ele>
      </trkpt>
      <trkpt lat="56.44625" lon="12.64657">
        <ele>3.4</ele>
      </trkpt>
      <trkpt lat="56.44618" lon="12.64705">
        <ele>3.9</ele>
      </trkpt>
      <trkpt lat="56.44616" lon="12.64727">
        <ele>4.1</ele>
      </trkpt>
      <trkpt lat="56.446" lon="12.64728">
        <ele>4.5</ele>
      </trkpt>
      <trkpt lat="56.44602" lon="12.64731">
        <ele>4.5</ele>
      </trkpt>
      <trkpt lat="56.44602" lon="12.64731">
        <ele>4.5</ele>
      </trkpt>
      <trkpt lat="56.44634" lon="12.64825">
        <ele>4.9</ele>
      </trkpt>
      <trkpt lat="56.44667" lon="12.6492">
        <ele>6.0</ele>
      </trkpt>
      <trkpt lat="56.446671" lon="12.649198">
        <ele>6.0</ele>
      </trkpt>
      <trkpt lat="56.44667" lon="12.6492">
        <ele>6.0</ele>
      </trkpt>
      <trkpt lat="56.44683" lon="12.64968">
        <ele>6.1</ele>
      </trkpt>
      <trkpt lat="56.44711" lon="12.65027">
        <ele>6.3</ele>
      </trkpt>
      <trkpt lat="56.4472" lon="12.65033">
        <ele>6.1</ele>
      </trkpt>
      <trkpt lat="56.4472" lon="12.65033">
        <ele>6.1</ele>
      </trkpt>
      <trkpt lat="56.44728" lon="12.65038">
        <ele>6.0</ele>
      </trkpt>
      <trkpt lat="56.4474" lon="12.65031">
        <ele>5.6</ele>
      </trkpt>
      <trkpt lat="56.44752" lon="12.64969">
        <ele>4.2</ele>
      </trkpt>
      <trkpt lat="56.44766" lon="12.64956">
        <ele>3.6</ele>
      </trkpt>
      <trkpt lat="56.44792" lon="12.64946">
        <ele>2.7</ele>
      </trkpt>
      <trkpt lat="56.44801" lon="12.64946">
        <ele>2.5</ele>
      </trkpt>
      <trkpt lat="56.44812" lon="12.64963">
        <ele>2.6</ele>
      </trkpt>
      <trkpt lat="56.448119" lon="12.649635">
        <ele>2.6</ele>
      </trkpt>
      <trkpt lat="56.44812" lon="12.64963">
        <ele>2.6</ele>
      </trkpt>
      <trkpt lat="56.44866" lon="12.65046">
        <ele>2.8</ele>
      </trkpt>
      <trkpt lat="56.44905" lon="12.6512">
        <ele>3.1</ele>
      </trkpt>
      <trkpt lat="56.44923" lon="12.65201">
        <ele>3.8</ele>
      </trkpt>
      <trkpt lat="56.44936" lon="12.65246">
        <ele>3.5</ele>
      </trkpt>
      <trkpt lat="56.44953" lon="12.65265">
        <ele>3.3</ele>
      </trkpt>
      <trkpt lat="56.44969" lon="12.65315">
        <ele>3.5</ele>
      </trkpt>
      <trkpt lat="56.44996" lon="12.65366">
        <ele>3.5</ele>
      </trkpt>
      <trkpt lat="56.45028" lon="12.65373">
        <ele>3.0</ele>
      </trkpt>
      <trkpt lat="56.4504" lon="12.65388">
        <ele>3.0</ele>
      </trkpt>
      <trkpt lat="56.45071" lon="12.65452">
        <ele>4.0</ele>
      </trkpt>
      <trkpt lat="56.45102" lon="12.65517">
        <ele>4.6</ele>
      </trkpt>
      <trkpt lat="56.45127" lon="12.65543">
        <ele>4.0</ele>
      </trkpt>
      <trkpt lat="56.45147" lon="12.65549">
        <ele>3.5</ele>
      </trkpt>
      <trkpt lat="56.45152" lon="12.65563">
        <ele>3.4</ele>
      </trkpt>
      <trkpt lat="56.45156" lon="12.6561">
        <ele>3.6</ele>
      </trkpt>
      <trkpt lat="56.45156" lon="12.6561">
        <ele>3.6</ele>
      </trkpt>
      <trkpt lat="56.4516" lon="12.65647">
        <ele>3.9</ele>
      </trkpt>
      <trkpt lat="56.45164" lon="12.65658">
        <ele>4.0</ele>
      </trkpt>
      <trkpt lat="56.45194" lon="12.65681">
        <ele>3.7</ele>
      </trkpt>
      <trkpt lat="56.45206" lon="12.65676">
        <ele>3.6</ele>
      </trkpt>
      <trkpt lat="56.452059" lon="12.656758">
        <ele>3.6</ele>
      </trkpt>
      <trkpt lat="56.45206" lon="12.65676">
        <ele>3.6</ele>
      </trkpt>
      <trkpt lat="56.45226" lon="12.65655">
        <ele>3.1</ele>
      </trkpt>
      <trkpt lat="56.45233" lon="12.65665">
        <ele>3.2</ele>
      </trkpt>
      <trkpt lat="56.45231" lon="12.65706">
        <ele>3.6</ele>
      </trkpt>
      <trkpt lat="56.45233" lon="12.65747">
        <ele>4.0</ele>
      </trkpt>
      <trkpt lat="56.45244" lon="12.65766">
        <ele>4.2</ele>
      </trkpt>
      <trkpt lat="56.45264" lon="12.65775">
        <ele>4.2</ele>
      </trkpt>
      <trkpt lat="56.45275" lon="12.65789">
        <ele>4.3</ele>
      </trkpt>
      <trkpt lat="56.45287" lon="12.65831">
        <ele>4.5</ele>
      </trkpt>
      <trkpt lat="56.45296" lon="12.65887">
        <ele>4.8</ele>
      </trkpt>
      <trkpt lat="56.45305" lon="12.65917">
        <ele>5.0</ele>
      </trkpt>
      <trkpt lat="56.45353" lon="12.65959">
        <ele>5.3</ele>
      </trkpt>
      <trkpt lat="56.45397" lon="12.66022">
        <ele>5.0</ele>
      </trkpt>
      <trkpt lat="56.454" lon="12.66049">
        <ele>4.7</ele>
      </trkpt>
      <trkpt lat="56.45384" lon="12.6618">
        <ele>4.2</ele>
      </trkpt>
      <trkpt lat="56.45366" lon="12.66298">
        <ele>4.5</ele>
      </trkpt>
      <trkpt lat="56.45351" lon="12.66345">
        <ele>4.6</ele>
      </trkpt>
      <trkpt lat="56.45349" lon="12.66382">
        <ele>4.6</ele>
      </trkpt>
      <trkpt lat="56.45349" lon="12.66382">
        <ele>4.6</ele>
      </trkpt>
      <trkpt lat="56.45347" lon="12.66408">
        <ele>4.7</ele>
      </trkpt>
      <trkpt lat="56.45331" lon="12.66508">
        <ele>4.9</ele>
      </trkpt>
      <trkpt lat="56.45302" lon="12.66607">
        <ele>4.5</ele>
      </trkpt>
      <trkpt lat="56.45267" lon="12.66646">
        <ele>4.8</ele>
      </trkpt>
      <trkpt lat="56.452666" lon="12.666443">
        <ele>4.9</ele>
      </trkpt>
      <trkpt lat="56.452576" lon="12.666535">
        <ele>5.0</ele>
      </trkpt>
      <trkpt lat="56.452494" lon="12.666675">
        <ele>5.0</ele>
      </trkpt>
      <trkpt lat="56.452455" lon="12.666756">
        <ele>5.0</ele>
      </trkpt>
      <trkpt lat="56.452428" lon="12.666813">
        <ele>5.0</ele>
      </trkpt>
      <trkpt lat="56.452388" lon="12.667015">
        <ele>5.0</ele>
      </trkpt>
      <trkpt lat="56.45239" lon="12.667092">
        <ele>4.8</ele>
      </trkpt>
      <trkpt lat="56.45243" lon="12.66708">
        <ele>4.7</ele>
      </trkpt>
      <trkpt lat="56.45245" lon="12.66738">
        <ele>4.3</ele>
      </trkpt>
      <trkpt lat="56.45263" lon="12.66831">
        <ele>2.7</ele>
      </trkpt>
      <trkpt lat="56.45281" lon="12.66925">
        <ele>2.3</ele>
      </trkpt>
      <trkpt lat="56.45318" lon="12.67032">
        <ele>1.6</ele>
      </trkpt>
      <trkpt lat="56.4533" lon="12.67098">
        <ele>1.3</ele>
      </trkpt>
      <trkpt lat="56.4534" lon="12.67216">
        <ele>2.0</ele>
      </trkpt>
      <trkpt lat="56.45342" lon="12.6726">
        <ele>1.9</ele>
      </trkpt>
      <trkpt lat="56.45337" lon="12.67301">
        <ele>1.9</ele>
      </trkpt>
      <trkpt lat="56.453" lon="12.67408">
        <ele>2.8</ele>
      </trkpt>
      <trkpt lat="56.45276" lon="12.67448">
        <ele>3.5</ele>
      </trkpt>
      <trkpt lat="56.45247" lon="12.67497">
        <ele>5.1</ele>
      </trkpt>
      <trkpt lat="56.45237" lon="12.67543">
        <ele>5.9</ele>
      </trkpt>
      <trkpt lat="56.4526" lon="12.67603">
        <ele>4.4</ele>
      </trkpt>
      <trkpt lat="56.45263" lon="12.67617">
        <ele>4.2</ele>
      </trkpt>
      <trkpt lat="56.45263" lon="12.67617">
        <ele>4.2</ele>
      </trkpt>
      <trkpt lat="56.45279" lon="12.6771">
        <ele>3.9</ele>
      </trkpt>
      <trkpt lat="56.4528" lon="12.67732">
        <ele>4.2</ele>
      </trkpt>
      <trkpt lat="56.45287" lon="12.67822">
        <ele>5.3</ele>
      </trkpt>
      <trkpt lat="56.45294" lon="12.67856">
        <ele>5.4</ele>
      </trkpt>
      <trkpt lat="56.452928" lon="12.678568">
        <ele>5.6</ele>
      </trkpt>
      <trkpt lat="56.452928" lon="12.678568">
        <ele>5.6</ele>
      </trkpt>
      <trkpt lat="56.453524" lon="12.680516">
        <ele>5.4</ele>
      </trkpt>
      <trkpt lat="56.45353" lon="12.68051">
        <ele>5.4</ele>
      </trkpt>
      <trkpt lat="56.45367" lon="12.68092">
        <ele>5.4</ele>
      </trkpt>
      <trkpt lat="56.45381" lon="12.68148">
        <ele>5.9</ele>
      </trkpt>
      <trkpt lat="56.45402" lon="12.68203">
        <ele>6.2</ele>
      </trkpt>
      <trkpt lat="56.45405" lon="12.68195">
        <ele>5.5</ele>
      </trkpt>
      <trkpt lat="56.45414" lon="12.68186">
        <ele>4.2</ele>
      </trkpt>
      <trkpt lat="56.454137" lon="12.681852">
        <ele>4.2</ele>
      </trkpt>
      <trkpt lat="56.45414" lon="12.68186">
        <ele>4.2</ele>
      </trkpt>
      <trkpt lat="56.45427" lon="12.68188">
        <ele>3.8</ele>
      </trkpt>
      <trkpt lat="56.45437" lon="12.68193">
        <ele>3.8</ele>
      </trkpt>
      <trkpt lat="56.45495" lon="12.68242">
        <ele>4.7</ele>
      </trkpt>
      <trkpt lat="56.45542" lon="12.68274">
        <ele>5.1</ele>
      </trkpt>
      <trkpt lat="56.4559" lon="12.68306">
        <ele>5.4</ele>
      </trkpt>
      <trkpt lat="56.4561" lon="12.68313">
        <ele>4.7</ele>
      </trkpt>
      <trkpt lat="56.45645" lon="12.68351">
        <ele>3.8</ele>
      </trkpt>
      <trkpt lat="56.45654" lon="12.68365">
        <ele>3.6</ele>
      </trkpt>
      <trkpt lat="56.45662" lon="12.6838">
        <ele>3.5</ele>
      </trkpt>
      <trkpt lat="56.45678" lon="12.6843">
        <ele>3.8</ele>
      </trkpt>
      <trkpt lat="56.45685" lon="12.68466">
        <ele>4.2</ele>
      </trkpt>
      <trkpt lat="56.45688" lon="12.68498">
        <ele>4.7</ele>
      </trkpt>
      <trkpt lat="56.45696" lon="12.68502">
        <ele>4.3</ele>
      </trkpt>
      <trkpt lat="56.45701" lon="12.68532">
        <ele>4.5</ele>
      </trkpt>
      <trkpt lat="56.45715" lon="12.68561">
        <ele>4.1</ele>
      </trkpt>
      <trkpt lat="56.45733" lon="12.68624">
        <ele>4.3</ele>
      </trkpt>
      <trkpt lat="56.45755" lon="12.68685">
        <ele>4.7</ele>
      </trkpt>
      <trkpt lat="56.45785" lon="12.68728">
        <ele>5.5</ele>
      </trkpt>
      <trkpt lat="56.45802" lon="12.68777">
        <ele>6.6</ele>
      </trkpt>
      <trkpt lat="56.45828" lon="12.68823">
        <ele>6.9</ele>
      </trkpt>
      <trkpt lat="56.45859" lon="12.68866">
        <ele>7.3</ele>
      </trkpt>
      <trkpt lat="56.45886" lon="12.68916">
        <ele>7.2</ele>
      </trkpt>
      <trkpt lat="56.45906" lon="12.68975">
        <ele>7.4</ele>
      </trkpt>
      <trkpt lat="56.45953" lon="12.69067">
        <ele>9.4</ele>
      </trkpt>
      <trkpt lat="56.45996" lon="12.69122">
        <ele>9.2</ele>
      </trkpt>
      <trkpt lat="56.46039" lon="12.69186">
        <ele>8.8</ele>
      </trkpt>
      <trkpt lat="56.46089" lon="12.69247">
        <ele>8.4</ele>
      </trkpt>
      <trkpt lat="56.46141" lon="12.69341">
        <ele>8.9</ele>
      </trkpt>
      <trkpt lat="56.46177" lon="12.69435">
        <ele>11.4</ele>
      </trkpt>
      <trkpt lat="56.46205" lon="12.69474">
        <ele>11.3</ele>
      </trkpt>
      <trkpt lat="56.46271" lon="12.69584">
        <ele>12.0</ele>
      </trkpt>
      <trkpt lat="56.46326" lon="12.69645">
        <ele>11.1</ele>
      </trkpt>
      <trkpt lat="56.4636" lon="12.69671">
        <ele>9.7</ele>
      </trkpt>
      <trkpt lat="56.4636" lon="12.69671">
        <ele>9.7</ele>
      </trkpt>
      <trkpt lat="56.46382" lon="12.69687">
        <ele>8.7</ele>
      </trkpt>
      <trkpt lat="56.46399" lon="12.69705">
        <ele>8.4</ele>
      </trkpt>
      <trkpt lat="56.46432" lon="12.69766">
        <ele>10.0</ele>
      </trkpt>
      <trkpt lat="56.46479" lon="12.69884">
        <ele>13.3</ele>
      </trkpt>
      <trkpt lat="56.46479" lon="12.698843">
        <ele>13.3</ele>
      </trkpt>
      <trkpt lat="56.46479" lon="12.69884">
        <ele>13.3</ele>
      </trkpt>
      <trkpt lat="56.46489" lon="12.6991">
        <ele>14.4</ele>
      </trkpt>
      <trkpt lat="56.46503" lon="12.69937">
        <ele>15.5</ele>
      </trkpt>
      <trkpt lat="56.46545" lon="12.69974">
        <ele>15.9</ele>
      </trkpt>
      <trkpt lat="56.46581" lon="12.70024">
        <ele>17.8</ele>
      </trkpt>
      <trkpt lat="56.46602" lon="12.70071">
        <ele>19.7</ele>
      </trkpt>
      <trkpt lat="56.46648" lon="12.70134">
        <ele>22.1</ele>
      </trkpt>
      <trkpt lat="56.46667" lon="12.70181">
        <ele>24.5</ele>
      </trkpt>
      <trkpt lat="56.46685" lon="12.70241">
        <ele>24.6</ele>
      </trkpt>
      <trkpt lat="56.46708" lon="12.70277">
        <ele>24.2</ele>
      </trkpt>
      <trkpt lat="56.46716" lon="12.70298">
        <ele>24.8</ele>
      </trkpt>
      <trkpt lat="56.46717" lon="12.70332">
        <ele>26.9</ele>
      </trkpt>
      <trkpt lat="56.46722" lon="12.70353">
        <ele>27.6</ele>
      </trkpt>
      <trkpt lat="56.4676" lon="12.70428">
        <ele>30.0</ele>
      </trkpt>
      <trkpt lat="56.46769" lon="12.70462">
        <ele>31.8</ele>
      </trkpt>
      <trkpt lat="56.46782" lon="12.70561">
        <ele>36.2</ele>
      </trkpt>
      <trkpt lat="56.46795" lon="12.7066">
        <ele>39.6</ele>
      </trkpt>
      <trkpt lat="56.46799" lon="12.70673">
        <ele>39.9</ele>
      </trkpt>
      <trkpt lat="56.46805" lon="12.70766">
        <ele>43.1</ele>
      </trkpt>
      <trkpt lat="56.4684" lon="12.70806">
        <ele>43.1</ele>
      </trkpt>
      <trkpt lat="56.46852" lon="12.7081">
        <ele>42.2</ele>
      </trkpt>
      <trkpt lat="56.46869" lon="12.70883">
        <ele>43.8</ele>
      </trkpt>
      <trkpt lat="56.46874" lon="12.70917">
        <ele>44.6</ele>
      </trkpt>
      <trkpt lat="56.46873" lon="12.70955">
        <ele>46.3</ele>
      </trkpt>
      <trkpt lat="56.46867" lon="12.71008">
        <ele>49.2</ele>
      </trkpt>
      <trkpt lat="56.46862" lon="12.71027">
        <ele>50.7</ele>
      </trkpt>
      <trkpt lat="56.46862" lon="12.71027">
        <ele>50.7</ele>
      </trkpt>
      <trkpt lat="56.4685" lon="12.71061">
        <ele>53.5</ele>
      </trkpt>
      <trkpt lat="56.4685" lon="12.71101">
        <ele>55.7</ele>
      </trkpt>
      <trkpt lat="56.46866" lon="12.71131">
        <ele>56.1</ele>
      </trkpt>
      <trkpt lat="56.46868" lon="12.71137">
        <ele>56.3</ele>
      </trkpt>
      <trkpt lat="56.468679" lon="12.711371">
        <ele>56.3</ele>
      </trkpt>
      <trkpt lat="56.46868" lon="12.71137">
        <ele>56.3</ele>
      </trkpt>
      <trkpt lat="56.4689" lon="12.71235">
        <ele>59.3</ele>
      </trkpt>
      <trkpt lat="56.46906" lon="12.71334">
        <ele>63.5</ele>
      </trkpt>
      <trkpt lat="56.46925" lon="12.71422">
        <ele>65.3</ele>
      </trkpt>
      <trkpt lat="56.46931" lon="12.71473">
        <ele>66.9</ele>
      </trkpt>
      <trkpt lat="56.4693" lon="12.71482">
        <ele>67.7</ele>
      </trkpt>
      <trkpt lat="56.4693" lon="12.71482">
        <ele>67.7</ele>
      </trkpt>
      <trkpt lat="56.46927" lon="12.71499">
        <ele>69.5</ele>
      </trkpt>
      <trkpt lat="56.46948" lon="12.71576">
        <ele>68.2</ele>
      </trkpt>
      <trkpt lat="56.46969" lon="12.71653">
        <ele>69.2</ele>
      </trkpt>
      <trkpt lat="56.4698" lon="12.71686">
        <ele>68.9</ele>
      </trkpt>
      <trkpt lat="56.46982" lon="12.71752">
        <ele>70.3</ele>
      </trkpt>
      <trkpt lat="56.46985" lon="12.71779">
        <ele>70.8</ele>
      </trkpt>
      <trkpt lat="56.46996" lon="12.71804">
        <ele>69.7</ele>
      </trkpt>
      <trkpt lat="56.47008" lon="12.71906">
        <ele>63.1</ele>
      </trkpt>
      <trkpt lat="56.46998" lon="12.72005">
        <ele>65.5</ele>
      </trkpt>
      <trkpt lat="56.46992" lon="12.72054">
        <ele>66.4</ele>
      </trkpt>
      <trkpt lat="56.46992" lon="12.72054">
        <ele>66.4</ele>
      </trkpt>
      <trkpt lat="56.46979" lon="12.72159">
        <ele>68.9</ele>
      </trkpt>
      <trkpt lat="56.46965" lon="12.72264">
        <ele>69.4</ele>
      </trkpt>
      <trkpt lat="56.46955" lon="12.7237">
        <ele>68.9</ele>
      </trkpt>
      <trkpt lat="56.46962" lon="12.72409">
        <ele>63.4</ele>
      </trkpt>
      <trkpt lat="56.46956" lon="12.72445">
        <ele>64.9</ele>
      </trkpt>
      <trkpt lat="56.469568" lon="12.724453">
        <ele>64.5</ele>
      </trkpt>
      <trkpt lat="56.46956" lon="12.72445">
        <ele>64.9</ele>
      </trkpt>
      <trkpt lat="56.46942" lon="12.72532">
        <ele>70.4</ele>
      </trkpt>
      <trkpt lat="56.46943" lon="12.72573">
        <ele>69.8</ele>
      </trkpt>
      <trkpt lat="56.46941" lon="12.72616">
        <ele>71.1</ele>
      </trkpt>
      <trkpt lat="56.46924" lon="12.72752">
        <ele>78.0</ele>
      </trkpt>
      <trkpt lat="56.46915" lon="12.72896">
        <ele>75.5</ele>
      </trkpt>
      <trkpt lat="56.46894" lon="12.73005">
        <ele>76.7</ele>
      </trkpt>
      <trkpt lat="56.46892" lon="12.73039">
        <ele>74.5</ele>
      </trkpt>
      <trkpt lat="56.46885" lon="12.73071">
        <ele>74.1</ele>
      </trkpt>
      <trkpt lat="56.46885" lon="12.7309">
        <ele>72.4</ele>
      </trkpt>
      <trkpt lat="56.46896" lon="12.73115">
        <ele>66.1</ele>
      </trkpt>
      <trkpt lat="56.46895" lon="12.73129">
        <ele>65.2</ele>
      </trkpt>
      <trkpt lat="56.46865" lon="12.73159">
        <ele>72.7</ele>
      </trkpt>
      <trkpt lat="56.46822" lon="12.73223">
        <ele>81.9</ele>
      </trkpt>
      <trkpt lat="56.46811" lon="12.73293">
        <ele>79.9</ele>
      </trkpt>
      <trkpt lat="56.46811" lon="12.73293">
        <ele>79.9</ele>
      </trkpt>
      <trkpt lat="56.46802" lon="12.73348">
        <ele>78.5</ele>
      </trkpt>
      <trkpt lat="56.46801" lon="12.73409">
        <ele>74.1</ele>
      </trkpt>
      <trkpt lat="56.468008" lon="12.734085">
        <ele>74.2</ele>
      </trkpt>
      <trkpt lat="56.46801" lon="12.73409">
        <ele>74.1</ele>
      </trkpt>
      <trkpt lat="56.46798" lon="12.73471">
        <ele>69.9</ele>
      </trkpt>
      <trkpt lat="56.46757" lon="12.73569">
        <ele>74.6</ele>
      </trkpt>
      <trkpt lat="56.46732" lon="12.7368">
        <ele>77.7</ele>
      </trkpt>
      <trkpt lat="56.46697" lon="12.7377">
        <ele>81.0</ele>
      </trkpt>
      <trkpt lat="56.46691" lon="12.73822">
        <ele>78.1</ele>
      </trkpt>
      <trkpt lat="56.46679" lon="12.73848">
        <ele>80.0</ele>
      </trkpt>
      <trkpt lat="56.46667" lon="12.73858">
        <ele>82.9</ele>
      </trkpt>
      <trkpt lat="56.46599" lon="12.73865">
        <ele>98.8</ele>
      </trkpt>
      <trkpt lat="56.465647" lon="12.738685">
        <ele>105.3</ele>
      </trkpt>
      <trkpt lat="56.46565" lon="12.73869">
        <ele>105.2</ele>
      </trkpt>
      <trkpt lat="56.46551" lon="12.7387">
        <ele>107.4</ele>
      </trkpt>
      <trkpt lat="56.46513" lon="12.73867">
        <ele>113.7</ele>
      </trkpt>
      <trkpt lat="56.46513" lon="12.73867">
        <ele>113.7</ele>
      </trkpt>
      <trkpt lat="56.465122" lon="12.738711">
        <ele>113.4</ele>
      </trkpt>
      <trkpt lat="56.465095" lon="12.738785">
        <ele>113.2</ele>
      </trkpt>
      <trkpt lat="56.465097" lon="12.738788">
        <ele>104.0</ele>
      </trkpt>
      <trkpt lat="56.465092" lon="12.738802">
        <ele>104.0</ele>
      </trkpt>
      <trkpt lat="56.465081" lon="12.73882">
        <ele>104.0</ele>
      </trkpt>
      <trkpt lat="56.465057" lon="12.738781">
        <ele>104.0</ele>
      </trkpt>
      <trkpt lat="56.465052" lon="12.738765">
        <ele>104.1</ele>
      </trkpt>
      <trkpt lat="56.465052" lon="12.738796">
        <ele>104.1</ele>
      </trkpt>
      <trkpt lat="56.46505" lon="12.738816">
        <ele>104.1</ele>
      </trkpt>
      <trkpt lat="56.465035" lon="12.738838">
        <ele>104.1</ele>
      </trkpt>
      <trkpt lat="56.465034" lon="12.73886">
        <ele>104.1</ele>
      </trkpt>
      <trkpt lat="56.465037" lon="12.73888">
        <ele>104.1</ele>
      </trkpt>
      <trkpt lat="56.465038" lon="12.738896">
        <ele>104.1</ele>
      </trkpt>
      <trkpt lat="56.465032" lon="12.738919">
        <ele>104.2</ele>
      </trkpt>
      <trkpt lat="56.46502" lon="12.738923">
        <ele>104.3</ele>
      </trkpt>
      <trkpt lat="56.465007" lon="12.738935">
        <ele>104.4</ele>
      </trkpt>
      <trkpt lat="56.464996" lon="12.738939">
        <ele>104.6</ele>
      </trkpt>
      <trkpt lat="56.464991" lon="12.738958">
        <ele>104.6</ele>
      </trkpt>
      <trkpt lat="56.464984" lon="12.738974">
        <ele>104.8</ele>
      </trkpt>
      <trkpt lat="56.464973" lon="12.738992">
        <ele>105.0</ele>
      </trkpt>
      <trkpt lat="56.46496" lon="12.739004">
        <ele>105.2</ele>
      </trkpt>
      <trkpt lat="56.464955" lon="12.739034">
        <ele>105.3</ele>
      </trkpt>
      <trkpt lat="56.464955" lon="12.739096">
        <ele>105.6</ele>
      </trkpt>
      <trkpt lat="56.464954" lon="12.739139">
        <ele>106.0</ele>
      </trkpt>
      <trkpt lat="56.464952" lon="12.739173">
        <ele>106.3</ele>
      </trkpt>
      <trkpt lat="56.464943" lon="12.739176">
        <ele>106.6</ele>
      </trkpt>
      <trkpt lat="56.464928" lon="12.739172">
        <ele>106.7</ele>
      </trkpt>
      <trkpt lat="56.464916" lon="12.739171">
        <ele>106.8</ele>
      </trkpt>
      <trkpt lat="56.4649" lon="12.739162">
        <ele>106.9</ele>
      </trkpt>
      <trkpt lat="56.464887" lon="12.739155">
        <ele>106.9</ele>
      </trkpt>
      <trkpt lat="56.464873" lon="12.739158">
        <ele>107.0</ele>
      </trkpt>
      <trkpt lat="56.464861" lon="12.739162">
        <ele>107.1</ele>
      </trkpt>
      <trkpt lat="56.464848" lon="12.739152">
        <ele>107.2</ele>
      </trkpt>
      <trkpt lat="56.464833" lon="12.739153">
        <ele>107.2</ele>
      </trkpt>
      <trkpt lat="56.464824" lon="12.739143">
        <ele>107.3</ele>
      </trkpt>
      <trkpt lat="56.464815" lon="12.739138">
        <ele>107.3</ele>
      </trkpt>
      <trkpt lat="56.464805" lon="12.739132">
        <ele>107.4</ele>
      </trkpt>
      <trkpt lat="56.464795" lon="12.739132">
        <ele>107.4</ele>
      </trkpt>
      <trkpt lat="56.464781" lon="12.739134">
        <ele>107.5</ele>
      </trkpt>
      <trkpt lat="56.464769" lon="12.739122">
        <ele>107.6</ele>
      </trkpt>
      <trkpt lat="56.464752" lon="12.739113">
        <ele>107.6</ele>
      </trkpt>
      <trkpt lat="56.464736" lon="12.739105">
        <ele>107.6</ele>
      </trkpt>
      <trkpt lat="56.464718" lon="12.739101">
        <ele>107.7</ele>
      </trkpt>
      <trkpt lat="56.464699" lon="12.739093">
        <ele>107.9</ele>
      </trkpt>
      <trkpt lat="56.464682" lon="12.73909">
        <ele>108.3</ele>
      </trkpt>
      <trkpt lat="56.464668" lon="12.739071">
        <ele>108.7</ele>
      </trkpt>
      <trkpt lat="56.464656" lon="12.739073">
        <ele>109.3</ele>
      </trkpt>
      <trkpt lat="56.46455" lon="12.73899">
        <ele>118.6</ele>
      </trkpt>
      <trkpt lat="56.46447" lon="12.73901">
        <ele>119.5</ele>
      </trkpt>
      <trkpt lat="56.464467" lon="12.73901">
        <ele>119.5</ele>
      </trkpt>
      <trkpt lat="56.46369" lon="12.73901">
        <ele>129.7</ele>
      </trkpt>
      <trkpt lat="56.46286" lon="12.739">
        <ele>140.4</ele>
      </trkpt>
      <trkpt lat="56.46232" lon="12.73875">
        <ele>144.4</ele>
      </trkpt>
      <trkpt lat="56.46192" lon="12.73871">
        <ele>140.1</ele>
      </trkpt>
      <trkpt lat="56.46181" lon="12.73864">
        <ele>139.2</ele>
      </trkpt>
      <trkpt lat="56.461792" lon="12.738627">
        <ele>139.0</ele>
      </trkpt>
      <trkpt lat="56.461792" lon="12.738627">
        <ele>139.0</ele>
      </trkpt>
      <trkpt lat="56.46179" lon="12.73863">
        <ele>139.0</ele>
      </trkpt>
      <trkpt lat="56.46135" lon="12.7383">
        <ele>132.5</ele>
      </trkpt>
      <trkpt lat="56.4611" lon="12.73834">
        <ele>127.4</ele>
      </trkpt>
      <trkpt lat="56.46108" lon="12.738336">
        <ele>127.0</ele>
      </trkpt>
      <trkpt lat="56.46108" lon="12.73834">
        <ele>127.0</ele>
      </trkpt>
      <trkpt lat="56.46094" lon="12.7383">
        <ele>124.2</ele>
      </trkpt>
      <trkpt lat="56.460946" lon="12.738436">
        <ele>123.9</ele>
      </trkpt>
      <trkpt lat="56.460863" lon="12.738417">
        <ele>122.3</ele>
      </trkpt>
      <trkpt lat="56.460805" lon="12.738446">
        <ele>121.3</ele>
      </trkpt>
      <trkpt lat="56.46075" lon="12.738487">
        <ele>120.6</ele>
      </trkpt>
      <trkpt lat="56.460549" lon="12.738633">
        <ele>118.2</ele>
      </trkpt>
      <trkpt lat="56.460423" lon="12.73906">
        <ele>117.0</ele>
      </trkpt>
      <trkpt lat="56.46042" lon="12.73906">
        <ele>117.0</ele>
      </trkpt>
      <trkpt lat="56.46039" lon="12.73928">
        <ele>117.0</ele>
      </trkpt>
      <trkpt lat="56.46039" lon="12.73948">
        <ele>117.1</ele>
      </trkpt>
      <trkpt lat="56.46056" lon="12.74025">
        <ele>117.0</ele>
      </trkpt>
      <trkpt lat="56.46069" lon="12.74062">
        <ele>115.8</ele>
      </trkpt>
      <trkpt lat="56.46087" lon="12.74128">
        <ele>113.3</ele>
      </trkpt>
      <trkpt lat="56.46098" lon="12.74184">
        <ele>113.0</ele>
      </trkpt>
      <trkpt lat="56.46105" lon="12.74214">
        <ele>112.9</ele>
      </trkpt>
      <trkpt lat="56.46117" lon="12.74258">
        <ele>112.2</ele>
      </trkpt>
      <trkpt lat="56.46121" lon="12.74266">
        <ele>112.0</ele>
      </trkpt>
      <trkpt lat="56.46128" lon="12.74278">
        <ele>111.6</ele>
      </trkpt>
      <trkpt lat="56.46145" lon="12.74323">
        <ele>109.1</ele>
      </trkpt>
      <trkpt lat="56.46152" lon="12.74341">
        <ele>107.7</ele>
      </trkpt>
      <trkpt lat="56.46161" lon="12.74357">
        <ele>106.1</ele>
      </trkpt>
      <trkpt lat="56.46177" lon="12.74379">
        <ele>104.7</ele>
      </trkpt>
      <trkpt lat="56.4618" lon="12.74385">
        <ele>104.4</ele>
      </trkpt>
      <trkpt lat="56.46186" lon="12.744">
        <ele>103.7</ele>
      </trkpt>
      <trkpt lat="56.46202" lon="12.74465">
        <ele>100.1</ele>
      </trkpt>
      <trkpt lat="56.46215" lon="12.74505">
        <ele>97.7</ele>
      </trkpt>
      <trkpt lat="56.4622" lon="12.74511">
        <ele>97.3</ele>
      </trkpt>
      <trkpt lat="56.46221" lon="12.74521">
        <ele>96.4</ele>
      </trkpt>
      <trkpt lat="56.4623" lon="12.74568">
        <ele>92.0</ele>
      </trkpt>
      <trkpt lat="56.46227" lon="12.74691">
        <ele>79.7</ele>
      </trkpt>
      <trkpt lat="56.46223" lon="12.74785">
        <ele>72.0</ele>
      </trkpt>
      <trkpt lat="56.46222" lon="12.74804">
        <ele>70.5</ele>
      </trkpt>
      <trkpt lat="56.46197" lon="12.74931">
        <ele>60.2</ele>
      </trkpt>
      <trkpt lat="56.46191" lon="12.74943">
        <ele>59.2</ele>
      </trkpt>
      <trkpt lat="56.46143" lon="12.74985">
        <ele>55.6</ele>
      </trkpt>
      <trkpt lat="56.46147" lon="12.74998">
        <ele>54.2</ele>
      </trkpt>
      <trkpt lat="56.46161" lon="12.75025">
        <ele>51.9</ele>
      </trkpt>
      <trkpt lat="56.46171" lon="12.75038">
        <ele>50.9</ele>
      </trkpt>
      <trkpt lat="56.46189" lon="12.75051">
        <ele>49.9</ele>
      </trkpt>
      <trkpt lat="56.462" lon="12.75054">
        <ele>49.7</ele>
      </trkpt>
      <trkpt lat="56.46213" lon="12.75055">
        <ele>49.8</ele>
      </trkpt>
      <trkpt lat="56.46241" lon="12.75053">
        <ele>50.2</ele>
      </trkpt>
      <trkpt lat="56.46293" lon="12.75057">
        <ele>46.9</ele>
      </trkpt>
      <trkpt lat="56.46346" lon="12.7506">
        <ele>43.0</ele>
      </trkpt>
      <trkpt lat="56.464" lon="12.75057">
        <ele>39.9</ele>
      </trkpt>
      <trkpt lat="56.46409" lon="12.75059">
        <ele>39.1</ele>
      </trkpt>
      <trkpt lat="56.46415" lon="12.75065">
        <ele>38.1</ele>
      </trkpt>
      <trkpt lat="56.4642" lon="12.75074">
        <ele>36.7</ele>
      </trkpt>
      <trkpt lat="56.46425" lon="12.75089">
        <ele>34.5</ele>
      </trkpt>
      <trkpt lat="56.46426" lon="12.75098">
        <ele>33.4</ele>
      </trkpt>
      <trkpt lat="56.46427" lon="12.75106">
        <ele>32.4</ele>
      </trkpt>
      <trkpt lat="56.46425" lon="12.75118">
        <ele>31.3</ele>
      </trkpt>
      <trkpt lat="56.46422" lon="12.75129">
        <ele>30.5</ele>
      </trkpt>
      <trkpt lat="56.46387" lon="12.75169">
        <ele>28.2</ele>
      </trkpt>
      <trkpt lat="56.46347" lon="12.75208">
        <ele>26.8</ele>
      </trkpt>
      <trkpt lat="56.46339" lon="12.75218">
        <ele>26.4</ele>
      </trkpt>
      <trkpt lat="56.46334" lon="12.75229">
        <ele>25.7</ele>
      </trkpt>
      <trkpt lat="56.4633" lon="12.7524">
        <ele>25.1</ele>
      </trkpt>
      <trkpt lat="56.46327" lon="12.75256">
        <ele>23.9</ele>
      </trkpt>
      <trkpt lat="56.46327" lon="12.7527">
        <ele>22.6</ele>
      </trkpt>
      <trkpt lat="56.46327" lon="12.75281">
        <ele>21.5</ele>
      </trkpt>
      <trkpt lat="56.46329" lon="12.75289">
        <ele>20.6</ele>
      </trkpt>
      <trkpt lat="56.46345" lon="12.75336">
        <ele>15.2</ele>
      </trkpt>
      <trkpt lat="56.46347" lon="12.75344">
        <ele>14.7</ele>
      </trkpt>
      <trkpt lat="56.46347" lon="12.75357">
        <ele>14.1</ele>
      </trkpt>
      <trkpt lat="56.46344" lon="12.75368">
        <ele>13.7</ele>
      </trkpt>
      <trkpt lat="56.46326" lon="12.75403">
        <ele>13.1</ele>
      </trkpt>
      <trkpt lat="56.46308" lon="12.75432">
        <ele>12.1</ele>
      </trkpt>
      <trkpt lat="56.46298" lon="12.75442">
        <ele>11.8</ele>
      </trkpt>
      <trkpt lat="56.46283" lon="12.75443">
        <ele>12.3</ele>
      </trkpt>
      <trkpt lat="56.46276" lon="12.75453">
        <ele>11.7</ele>
      </trkpt>
      <trkpt lat="56.46258" lon="12.75465">
        <ele>11.1</ele>
      </trkpt>
      <trkpt lat="56.46196" lon="12.75489">
        <ele>12.9</ele>
      </trkpt>
      <trkpt lat="56.46183" lon="12.7551">
        <ele>12.2</ele>
      </trkpt>
      <trkpt lat="56.46143" lon="12.75618">
        <ele>10.1</ele>
      </trkpt>
      <trkpt lat="56.46102" lon="12.75725">
        <ele>10.0</ele>
      </trkpt>
      <trkpt lat="56.46061" lon="12.75832">
        <ele>10.0</ele>
      </trkpt>
      <trkpt lat="56.4602" lon="12.75939">
        <ele>12.6</ele>
      </trkpt>
      <trkpt lat="56.45998" lon="12.7605">
        <ele>11.6</ele>
      </trkpt>
      <trkpt lat="56.45975" lon="12.76162">
        <ele>11.7</ele>
      </trkpt>
      <trkpt lat="56.45953" lon="12.76273">
        <ele>12.0</ele>
      </trkpt>
      <trkpt lat="56.45939" lon="12.76358">
        <ele>11.3</ele>
      </trkpt>
      <trkpt lat="56.45926" lon="12.76442">
        <ele>10.9</ele>
      </trkpt>
      <trkpt lat="56.45911" lon="12.76527">
        <ele>10.2</ele>
      </trkpt>
      <trkpt lat="56.45895" lon="12.76611">
        <ele>10.1</ele>
      </trkpt>
      <trkpt lat="56.45866" lon="12.76733">
        <ele>11.4</ele>
      </trkpt>
      <trkpt lat="56.45841" lon="12.76834">
        <ele>11.0</ele>
      </trkpt>
      <trkpt lat="56.45822" lon="12.769">
        <ele>11.8</ele>
      </trkpt>
      <trkpt lat="56.45791" lon="12.76971">
        <ele>13.9</ele>
      </trkpt>
      <trkpt lat="56.4576" lon="12.77041">
        <ele>14.4</ele>
      </trkpt>
      <trkpt lat="56.45736" lon="12.7711">
        <ele>13.8</ele>
      </trkpt>
      <trkpt lat="56.45711" lon="12.77208">
        <ele>12.1</ele>
      </trkpt>
      <trkpt lat="56.4568" lon="12.77353">
        <ele>7.5</ele>
      </trkpt>
      <trkpt lat="56.4566" lon="12.77437">
        <ele>7.6</ele>
      </trkpt>
      <trkpt lat="56.4566" lon="12.77437">
        <ele>7.6</ele>
      </trkpt>
      <trkpt lat="56.4563" lon="12.77532">
        <ele>8.3</ele>
      </trkpt>
      <trkpt lat="56.456" lon="12.77609">
        <ele>8.2</ele>
      </trkpt>
      <trkpt lat="56.45589" lon="12.77641">
        <ele>7.7</ele>
      </trkpt>
      <trkpt lat="56.4557" lon="12.77629">
        <ele>11.3</ele>
      </trkpt>
      <trkpt lat="56.45547" lon="12.77608">
        <ele>16.5</ele>
      </trkpt>
      <trkpt lat="56.45541" lon="12.77573">
        <ele>19.1</ele>
      </trkpt>
      <trkpt lat="56.45545" lon="12.77511">
        <ele>21.0</ele>
      </trkpt>
      <trkpt lat="56.4555" lon="12.77458">
        <ele>24.1</ele>
      </trkpt>
      <trkpt lat="56.45561" lon="12.77419">
        <ele>25.6</ele>
      </trkpt>
      <trkpt lat="56.45533" lon="12.77302">
        <ele>39.5</ele>
      </trkpt>
      <trkpt lat="56.45524" lon="12.77253">
        <ele>45.7</ele>
      </trkpt>
      <trkpt lat="56.45523" lon="12.77213">
        <ele>49.6</ele>
      </trkpt>
      <trkpt lat="56.45532" lon="12.77168">
        <ele>52.1</ele>
      </trkpt>
      <trkpt lat="56.45528" lon="12.77122">
        <ele>55.3</ele>
      </trkpt>
      <trkpt lat="56.45533" lon="12.77086">
        <ele>56.3</ele>
      </trkpt>
      <trkpt lat="56.45542" lon="12.77057">
        <ele>56.4</ele>
      </trkpt>
      <trkpt lat="56.4555" lon="12.77024">
        <ele>56.9</ele>
      </trkpt>
      <trkpt lat="56.45554" lon="12.76949">
        <ele>58.4</ele>
      </trkpt>
      <trkpt lat="56.45555" lon="12.76852">
        <ele>59.8</ele>
      </trkpt>
      <trkpt lat="56.45553" lon="12.76782">
        <ele>61.9</ele>
      </trkpt>
      <trkpt lat="56.45535" lon="12.76697">
        <ele>67.3</ele>
      </trkpt>
      <trkpt lat="56.45517" lon="12.76612">
        <ele>72.8</ele>
      </trkpt>
      <trkpt lat="56.45498" lon="12.7652">
        <ele>78.4</ele>
      </trkpt>
      <trkpt lat="56.45479" lon="12.76428">
        <ele>85.6</ele>
      </trkpt>
      <trkpt lat="56.45452" lon="12.76316">
        <ele>92.5</ele>
      </trkpt>
      <trkpt lat="56.45423" lon="12.76233">
        <ele>94.2</ele>
      </trkpt>
      <trkpt lat="56.45415" lon="12.76207">
        <ele>94.2</ele>
      </trkpt>
      <trkpt lat="56.45403" lon="12.76177">
        <ele>94.1</ele>
      </trkpt>
      <trkpt lat="56.45369" lon="12.76131">
        <ele>96.8</ele>
      </trkpt>
      <trkpt lat="56.45352" lon="12.76112">
        <ele>98.6</ele>
      </trkpt>
      <trkpt lat="56.4534" lon="12.76095">
        <ele>99.6</ele>
      </trkpt>
      <trkpt lat="56.45306" lon="12.76076">
        <ele>101.5</ele>
      </trkpt>
      <trkpt lat="56.45219" lon="12.76107">
        <ele>108.3</ele>
      </trkpt>
      <trkpt lat="56.45131" lon="12.76138">
        <ele>113.5</ele>
      </trkpt>
      <trkpt lat="56.45111" lon="12.76139">
        <ele>114.6</ele>
      </trkpt>
      <trkpt lat="56.45087" lon="12.76023">
        <ele>111.6</ele>
      </trkpt>
      <trkpt lat="56.45062" lon="12.75907">
        <ele>109.3</ele>
      </trkpt>
      <trkpt lat="56.4504" lon="12.75802">
        <ele>108.0</ele>
      </trkpt>
      <trkpt lat="56.45018" lon="12.75696">
        <ele>106.3</ele>
      </trkpt>
      <trkpt lat="56.44998" lon="12.7559">
        <ele>104.4</ele>
      </trkpt>
      <trkpt lat="56.44992" lon="12.75594">
        <ele>105.2</ele>
      </trkpt>
      <trkpt lat="56.449918" lon="12.755942">
        <ele>105.2</ele>
      </trkpt>
      <trkpt lat="56.44938" lon="12.75631">
        <ele>111.7</ele>
      </trkpt>
      <trkpt lat="56.44892" lon="12.75659">
        <ele>116.5</ele>
      </trkpt>
      <trkpt lat="56.44847" lon="12.75687">
        <ele>119.8</ele>
      </trkpt>
      <trkpt lat="56.44816" lon="12.757">
        <ele>121.2</ele>
      </trkpt>
      <trkpt lat="56.44821" lon="12.75782">
        <ele>120.3</ele>
      </trkpt>
      <trkpt lat="56.4482" lon="12.75846">
        <ele>119.9</ele>
      </trkpt>
      <trkpt lat="56.44822" lon="12.75917">
        <ele>119.5</ele>
      </trkpt>
      <trkpt lat="56.4483" lon="12.76023">
        <ele>120.0</ele>
      </trkpt>
      <trkpt lat="56.44835" lon="12.76114">
        <ele>120.3</ele>
      </trkpt>
      <trkpt lat="56.44832" lon="12.76183">
        <ele>121.0</ele>
      </trkpt>
      <trkpt lat="56.44819" lon="12.76266">
        <ele>121.2</ele>
      </trkpt>
      <trkpt lat="56.44817" lon="12.76315">
        <ele>121.6</ele>
      </trkpt>
      <trkpt lat="56.4482" lon="12.76378">
        <ele>122.7</ele>
      </trkpt>
      <trkpt lat="56.44825" lon="12.76445">
        <ele>124.3</ele>
      </trkpt>
      <trkpt lat="56.44835" lon="12.76509">
        <ele>126.0</ele>
      </trkpt>
      <trkpt lat="56.44834" lon="12.76527">
        <ele>126.0</ele>
      </trkpt>
      <trkpt lat="56.44828" lon="12.76538">
        <ele>125.7</ele>
      </trkpt>
      <trkpt lat="56.44811" lon="12.76544">
        <ele>124.9</ele>
      </trkpt>
      <trkpt lat="56.44779" lon="12.76538">
        <ele>123.4</ele>
      </trkpt>
      <trkpt lat="56.4474" lon="12.76521">
        <ele>121.6</ele>
      </trkpt>
      <trkpt lat="56.44739" lon="12.76542">
        <ele>121.6</ele>
      </trkpt>
      <trkpt lat="56.44748" lon="12.76578">
        <ele>121.9</ele>
      </trkpt>
      <trkpt lat="56.44761" lon="12.76619">
        <ele>122.2</ele>
      </trkpt>
      <trkpt lat="56.44761" lon="12.76639">
        <ele>122.0</ele>
      </trkpt>
      <trkpt lat="56.44745" lon="12.76724">
        <ele>121.5</ele>
      </trkpt>
      <trkpt lat="56.44741" lon="12.76756">
        <ele>121.7</ele>
      </trkpt>
      <trkpt lat="56.44745" lon="12.76804">
        <ele>122.5</ele>
      </trkpt>
      <trkpt lat="56.4475" lon="12.76856">
        <ele>124.1</ele>
      </trkpt>
      <trkpt lat="56.44748" lon="12.76875">
        <ele>124.9</ele>
      </trkpt>
      <trkpt lat="56.44768" lon="12.76895">
        <ele>126.9</ele>
      </trkpt>
      <trkpt lat="56.44818" lon="12.76936">
        <ele>131.0</ele>
      </trkpt>
      <trkpt lat="56.44857" lon="12.76981">
        <ele>133.9</ele>
      </trkpt>
      <trkpt lat="56.44872" lon="12.77017">
        <ele>134.8</ele>
      </trkpt>
      <trkpt lat="56.4489" lon="12.77099">
        <ele>135.8</ele>
      </trkpt>
      <trkpt lat="56.44911" lon="12.77165">
        <ele>135.3</ele>
      </trkpt>
      <trkpt lat="56.44928" lon="12.77185">
        <ele>135.5</ele>
      </trkpt>
      <trkpt lat="56.44959" lon="12.77218">
        <ele>135.9</ele>
      </trkpt>
      <trkpt lat="56.44975" lon="12.77258">
        <ele>137.3</ele>
      </trkpt>
      <trkpt lat="56.44995" lon="12.77315">
        <ele>139.3</ele>
      </trkpt>
      <trkpt lat="56.44997" lon="12.77355">
        <ele>140.9</ele>
      </trkpt>
      <trkpt lat="56.45" lon="12.77388">
        <ele>142.0</ele>
      </trkpt>
      <trkpt lat="56.4502" lon="12.77483">
        <ele>143.7</ele>
      </trkpt>
      <trkpt lat="56.4504" lon="12.77578">
        <ele>139.9</ele>
      </trkpt>
      <trkpt lat="56.45047" lon="12.77591">
        <ele>138.6</ele>
      </trkpt>
      <trkpt lat="56.4507" lon="12.77602">
        <ele>135.4</ele>
      </trkpt>
      <trkpt lat="56.45071" lon="12.77618">
        <ele>134.4</ele>
      </trkpt>
      <trkpt lat="56.45061" lon="12.77644">
        <ele>134.4</ele>
      </trkpt>
      <trkpt lat="56.45065" lon="12.77692">
        <ele>130.2</ele>
      </trkpt>
      <trkpt lat="56.4506" lon="12.77717">
        <ele>128.5</ele>
      </trkpt>
      <trkpt lat="56.45038" lon="12.77751">
        <ele>128.4</ele>
      </trkpt>
      <trkpt lat="56.44984" lon="12.77809">
        <ele>128.5</ele>
      </trkpt>
      <trkpt lat="56.44971" lon="12.77826">
        <ele>127.5</ele>
      </trkpt>
      <trkpt lat="56.44969" lon="12.77852">
        <ele>127.0</ele>
      </trkpt>
      <trkpt lat="56.44983" lon="12.77883">
        <ele>126.3</ele>
      </trkpt>
      <trkpt lat="56.45029" lon="12.77908">
        <ele>120.9</ele>
      </trkpt>
      <trkpt lat="56.45044" lon="12.7793">
        <ele>118.6</ele>
      </trkpt>
      <trkpt lat="56.45048" lon="12.77973">
        <ele>117.6</ele>
      </trkpt>
      <trkpt lat="56.45029" lon="12.7807">
        <ele>121.3</ele>
      </trkpt>
      <trkpt lat="56.45033" lon="12.78119">
        <ele>121.3</ele>
      </trkpt>
      <trkpt lat="56.45033" lon="12.78183">
        <ele>120.8</ele>
      </trkpt>
      <trkpt lat="56.45021" lon="12.78251">
        <ele>117.6</ele>
      </trkpt>
      <trkpt lat="56.45001" lon="12.78295">
        <ele>119.5</ele>
      </trkpt>
      <trkpt lat="56.44993" lon="12.78303">
        <ele>119.4</ele>
      </trkpt>
      <trkpt lat="56.44985" lon="12.78287">
        <ele>120.9</ele>
      </trkpt>
      <trkpt lat="56.44972" lon="12.78287">
        <ele>121.4</ele>
      </trkpt>
      <trkpt lat="56.44961" lon="12.7831">
        <ele>119.9</ele>
      </trkpt>
      <trkpt lat="56.44961" lon="12.7831">
        <ele>119.9</ele>
      </trkpt>
      <trkpt lat="56.44954" lon="12.7832">
        <ele>119.2</ele>
      </trkpt>
      <trkpt lat="56.44943" lon="12.78313">
        <ele>120.2</ele>
      </trkpt>
      <trkpt lat="56.44933" lon="12.78324">
        <ele>119.5</ele>
      </trkpt>
      <trkpt lat="56.44924" lon="12.78359">
        <ele>116.3</ele>
      </trkpt>
      <trkpt lat="56.44916" lon="12.78382">
        <ele>114.3</ele>
      </trkpt>
      <trkpt lat="56.449177" lon="12.783838">
        <ele>114.1</ele>
      </trkpt>
      <trkpt lat="56.448885" lon="12.784528">
        <ele>107.5</ele>
      </trkpt>
      <trkpt lat="56.44882" lon="12.78496">
        <ele>103.4</ele>
      </trkpt>
      <trkpt lat="56.44882" lon="12.78496">
        <ele>103.4</ele>
      </trkpt>
      <trkpt lat="56.44881" lon="12.78519">
        <ele>102.0</ele>
      </trkpt>
      <trkpt lat="56.44892" lon="12.78605">
        <ele>95.9</ele>
      </trkpt>
      <trkpt lat="56.44887" lon="12.78641">
        <ele>94.3</ele>
      </trkpt>
      <trkpt lat="56.44886" lon="12.78642">
        <ele>94.4</ele>
      </trkpt>
      <trkpt lat="56.448872" lon="12.786438">
        <ele>94.1</ele>
      </trkpt>
      <trkpt lat="56.448872" lon="12.786438">
        <ele>94.1</ele>
      </trkpt>
      <trkpt lat="56.447974" lon="12.788645">
        <ele>95.9</ele>
      </trkpt>
      <trkpt lat="56.44789" lon="12.78887">
        <ele>95.2</ele>
      </trkpt>
      <trkpt lat="56.44762" lon="12.78946">
        <ele>94.9</ele>
      </trkpt>
      <trkpt lat="56.44735" lon="12.7902">
        <ele>92.3</ele>
      </trkpt>
      <trkpt lat="56.447347" lon="12.790196">
        <ele>92.3</ele>
      </trkpt>
      <trkpt lat="56.44711" lon="12.79085">
        <ele>88.3</ele>
      </trkpt>
      <trkpt lat="56.44687" lon="12.79143">
        <ele>86.2</ele>
      </trkpt>
      <trkpt lat="56.44672" lon="12.7921">
        <ele>83.6</ele>
      </trkpt>
      <trkpt lat="56.44624" lon="12.79317">
        <ele>83.3</ele>
      </trkpt>
      <trkpt lat="56.44611" lon="12.79338">
        <ele>83.7</ele>
      </trkpt>
      <trkpt lat="56.44591" lon="12.79359">
        <ele>83.8</ele>
      </trkpt>
      <trkpt lat="56.44561" lon="12.79362">
        <ele>84.7</ele>
      </trkpt>
      <trkpt lat="56.44547" lon="12.79381">
        <ele>82.5</ele>
      </trkpt>
      <trkpt lat="56.44544" lon="12.79413">
        <ele>78.5</ele>
      </trkpt>
      <trkpt lat="56.44525" lon="12.79435">
        <ele>75.6</ele>
      </trkpt>
      <trkpt lat="56.44484" lon="12.79443">
        <ele>74.6</ele>
      </trkpt>
      <trkpt lat="56.44462" lon="12.79439">
        <ele>75.2</ele>
      </trkpt>
      <trkpt lat="56.44452" lon="12.79423">
        <ele>77.2</ele>
      </trkpt>
      <trkpt lat="56.44423" lon="12.79388">
        <ele>81.5</ele>
      </trkpt>
      <trkpt lat="56.44386" lon="12.79458">
        <ele>73.8</ele>
      </trkpt>
      <trkpt lat="56.44379" lon="12.79474">
        <ele>72.5</ele>
      </trkpt>
      <trkpt lat="56.44366" lon="12.79527">
        <ele>71.6</ele>
      </trkpt>
      <trkpt lat="56.44405" lon="12.79607">
        <ele>69.5</ele>
      </trkpt>
      <trkpt lat="56.44424" lon="12.79629">
        <ele>67.3</ele>
      </trkpt>
      <trkpt lat="56.44472" lon="12.79665">
        <ele>57.1</ele>
      </trkpt>
      <trkpt lat="56.44536" lon="12.79735">
        <ele>43.8</ele>
      </trkpt>
      <trkpt lat="56.44585" lon="12.79815">
        <ele>39.3</ele>
      </trkpt>
      <trkpt lat="56.44589" lon="12.7981">
        <ele>39.0</ele>
      </trkpt>
      <trkpt lat="56.44609" lon="12.79784">
        <ele>37.4</ele>
      </trkpt>
      <trkpt lat="56.44619" lon="12.79771">
        <ele>36.5</ele>
      </trkpt>
      <trkpt lat="56.44626" lon="12.79762">
        <ele>36.0</ele>
      </trkpt>
      <trkpt lat="56.44626" lon="12.797619">
        <ele>36.0</ele>
      </trkpt>
      <trkpt lat="56.44651" lon="12.79729">
        <ele>38.3</ele>
      </trkpt>
      <trkpt lat="56.44682" lon="12.79689">
        <ele>37.4</ele>
      </trkpt>
      <trkpt lat="56.44705" lon="12.79667">
        <ele>38.3</ele>
      </trkpt>
      <trkpt lat="56.44712" lon="12.79651">
        <ele>38.7</ele>
      </trkpt>
      <trkpt lat="56.44717" lon="12.79642">
        <ele>38.6</ele>
      </trkpt>
      <trkpt lat="56.44745" lon="12.795791">
        <ele>35.4</ele>
      </trkpt>
      <trkpt lat="56.44745" lon="12.79579">
        <ele>35.4</ele>
      </trkpt>
      <trkpt lat="56.44773" lon="12.79516">
        <ele>32.5</ele>
      </trkpt>
      <trkpt lat="56.44773" lon="12.79516">
        <ele>32.5</ele>
      </trkpt>
      <trkpt lat="56.4481" lon="12.79433">
        <ele>32.0</ele>
      </trkpt>
      <trkpt lat="56.448101" lon="12.794328">
        <ele>32.0</ele>
      </trkpt>
      <trkpt lat="56.44836" lon="12.79375">
        <ele>35.7</ele>
      </trkpt>
      <trkpt lat="56.44843" lon="12.79379">
        <ele>34.6</ele>
      </trkpt>
      <trkpt lat="56.44859" lon="12.79377">
        <ele>32.1</ele>
      </trkpt>
      <trkpt lat="56.44888" lon="12.7938">
        <ele>27.9</ele>
      </trkpt>
      <trkpt lat="56.44898" lon="12.79376">
        <ele>26.5</ele>
      </trkpt>
      <trkpt lat="56.44905" lon="12.79366">
        <ele>26.9</ele>
      </trkpt>
      <trkpt lat="56.44915" lon="12.79345">
        <ele>27.6</ele>
      </trkpt>
      <trkpt lat="56.44968" lon="12.79185">
        <ele>32.1</ele>
      </trkpt>
      <trkpt lat="56.44976" lon="12.79168">
        <ele>32.5</ele>
      </trkpt>
      <trkpt lat="56.44985" lon="12.79155">
        <ele>32.5</ele>
      </trkpt>
      <trkpt lat="56.44998" lon="12.7913">
        <ele>32.5</ele>
      </trkpt>
      <trkpt lat="56.45013" lon="12.79098">
        <ele>32.6</ele>
      </trkpt>
      <trkpt lat="56.45013" lon="12.79098">
        <ele>32.6</ele>
      </trkpt>
      <trkpt lat="56.45038" lon="12.79045">
        <ele>32.7</ele>
      </trkpt>
      <trkpt lat="56.45054" lon="12.79016">
        <ele>32.7</ele>
      </trkpt>
      <trkpt lat="56.45061" lon="12.78997">
        <ele>32.7</ele>
      </trkpt>
      <trkpt lat="56.45069" lon="12.78942">
        <ele>32.8</ele>
      </trkpt>
      <trkpt lat="56.45074" lon="12.78914">
        <ele>32.8</ele>
      </trkpt>
      <trkpt lat="56.45076" lon="12.78878">
        <ele>32.9</ele>
      </trkpt>
      <trkpt lat="56.45072" lon="12.78885">
        <ele>33.3</ele>
      </trkpt>
      <trkpt lat="56.4506" lon="12.78896">
        <ele>34.3</ele>
      </trkpt>
      <trkpt lat="56.45048" lon="12.7888">
        <ele>36.9</ele>
      </trkpt>
      <trkpt lat="56.45035" lon="12.78865">
        <ele>39.7</ele>
      </trkpt>
      <trkpt lat="56.45031" lon="12.78874">
        <ele>40.8</ele>
      </trkpt>
      <trkpt lat="56.45031" lon="12.78874">
        <ele>40.8</ele>
      </trkpt>
      <trkpt lat="56.44985" lon="12.78971">
        <ele>41.9</ele>
      </trkpt>
      <trkpt lat="56.44984" lon="12.78988">
        <ele>42.2</ele>
      </trkpt>
      <trkpt lat="56.44986" lon="12.79005">
        <ele>42.5</ele>
      </trkpt>
      <trkpt lat="56.44988" lon="12.79017">
        <ele>42.5</ele>
      </trkpt>
      <trkpt lat="56.44904" lon="12.79216">
        <ele>39.1</ele>
      </trkpt>
      <trkpt lat="56.44904" lon="12.79216">
        <ele>39.1</ele>
      </trkpt>
      <trkpt lat="56.44836" lon="12.79375">
        <ele>35.7</ele>
      </trkpt>
      <trkpt lat="56.44827" lon="12.79365">
        <ele>39.2</ele>
      </trkpt>
      <trkpt lat="56.44826" lon="12.79359">
        <ele>39.3</ele>
      </trkpt>
      <trkpt lat="56.44823" lon="12.79354">
        <ele>40.7</ele>
      </trkpt>
      <trkpt lat="56.44814" lon="12.79348">
        <ele>43.8</ele>
      </trkpt>
      <trkpt lat="56.448" lon="12.79348">
        <ele>48.4</ele>
      </trkpt>
      <trkpt lat="56.4479" lon="12.79346">
        <ele>48.7</ele>
      </trkpt>
      <trkpt lat="56.44682" lon="12.79574">
        <ele>49.2</ele>
      </trkpt>
      <trkpt lat="56.44671" lon="12.79605">
        <ele>39.7</ele>
      </trkpt>
      <trkpt lat="56.44671" lon="12.79605">
        <ele>48.5</ele>
      </trkpt>
      <trkpt lat="56.44658" lon="12.79616">
        <ele>48.2</ele>
      </trkpt>
      <trkpt lat="56.44643" lon="12.79633">
        <ele>47.6</ele>
      </trkpt>
      <trkpt lat="56.44634" lon="12.79648">
        <ele>47.1</ele>
      </trkpt>
      <trkpt lat="56.44629" lon="12.79661">
        <ele>39.2</ele>
      </trkpt>
      <trkpt lat="56.44622" lon="12.79694">
        <ele>38.5</ele>
      </trkpt>
      <trkpt lat="56.4462" lon="12.79711">
        <ele>38.2</ele>
      </trkpt>
      <trkpt lat="56.44619" lon="12.79725">
        <ele>37.8</ele>
      </trkpt>
      <trkpt lat="56.44619" lon="12.79771">
        <ele>36.4</ele>
      </trkpt>
      <trkpt lat="56.44609" lon="12.79784">
        <ele>35.8</ele>
      </trkpt>
      <trkpt lat="56.44589" lon="12.7981">
        <ele>34.5</ele>
      </trkpt>
      <trkpt lat="56.44585" lon="12.79815">
        <ele>34.3</ele>
      </trkpt>
      <trkpt lat="56.44636" lon="12.79882">
        <ele>31.1</ele>
      </trkpt>
      <trkpt lat="56.44686" lon="12.79949">
        <ele>26.4</ele>
      </trkpt>
      <trkpt lat="56.44706" lon="12.79969">
        <ele>24.3</ele>
      </trkpt>
      <trkpt lat="56.44728" lon="12.79981">
        <ele>22.4</ele>
      </trkpt>
      <trkpt lat="56.44756" lon="12.79981">
        <ele>20.0</ele>
      </trkpt>
      <trkpt lat="56.44779" lon="12.79973">
        <ele>16.2</ele>
      </trkpt>
      <trkpt lat="56.44776" lon="12.7999">
        <ele>15.8</ele>
      </trkpt>
      <trkpt lat="56.44757" lon="12.80046">
        <ele>15.0</ele>
      </trkpt>
      <trkpt lat="56.44735" lon="12.80106">
        <ele>12.7</ele>
      </trkpt>
      <trkpt lat="56.447347" lon="12.801058">
        <ele>12.7</ele>
      </trkpt>
      <trkpt lat="56.44713" lon="12.80164">
        <ele>11.1</ele>
      </trkpt>
      <trkpt lat="56.44669" lon="12.80283">
        <ele>9.4</ele>
      </trkpt>
      <trkpt lat="56.44628" lon="12.80355">
        <ele>9.5</ele>
      </trkpt>
      <trkpt lat="56.44587" lon="12.80427">
        <ele>9.8</ele>
      </trkpt>
      <trkpt lat="56.44564" lon="12.80476">
        <ele>9.0</ele>
      </trkpt>
      <trkpt lat="56.44541" lon="12.80542">
        <ele>8.8</ele>
      </trkpt>
      <trkpt lat="56.44514" lon="12.80613">
        <ele>10.8</ele>
      </trkpt>
      <trkpt lat="56.44486" lon="12.80685">
        <ele>10.0</ele>
      </trkpt>
      <trkpt lat="56.4446" lon="12.80764">
        <ele>7.5</ele>
      </trkpt>
      <trkpt lat="56.44443" lon="12.80807">
        <ele>10.0</ele>
      </trkpt>
      <trkpt lat="56.44417" lon="12.80903">
        <ele>11.4</ele>
      </trkpt>
      <trkpt lat="56.44406" lon="12.81015">
        <ele>7.0</ele>
      </trkpt>
      <trkpt lat="56.44394" lon="12.81072">
        <ele>4.6</ele>
      </trkpt>
      <trkpt lat="56.44381" lon="12.81132">
        <ele>5.2</ele>
      </trkpt>
      <trkpt lat="56.44354" lon="12.81192">
        <ele>7.8</ele>
      </trkpt>
      <trkpt lat="56.44328" lon="12.81235">
        <ele>9.7</ele>
      </trkpt>
      <trkpt lat="56.44321" lon="12.81254">
        <ele>9.8</ele>
      </trkpt>
      <trkpt lat="56.44308" lon="12.81335">
        <ele>8.4</ele>
      </trkpt>
      <trkpt lat="56.44296" lon="12.8139">
        <ele>8.9</ele>
      </trkpt>
      <trkpt lat="56.44283" lon="12.81467">
        <ele>8.6</ele>
      </trkpt>
      <trkpt lat="56.44253" lon="12.81567">
        <ele>8.4</ele>
      </trkpt>
      <trkpt lat="56.44233" lon="12.8163">
        <ele>7.0</ele>
      </trkpt>
      <trkpt lat="56.44204" lon="12.81746">
        <ele>5.1</ele>
      </trkpt>
      <trkpt lat="56.442" lon="12.81755">
        <ele>5.3</ele>
      </trkpt>
      <trkpt lat="56.44187" lon="12.81771">
        <ele>6.4</ele>
      </trkpt>
      <trkpt lat="56.44176" lon="12.81806">
        <ele>6.8</ele>
      </trkpt>
      <trkpt lat="56.44176" lon="12.81806">
        <ele>6.8</ele>
      </trkpt>
      <trkpt lat="56.44162" lon="12.81852">
        <ele>6.6</ele>
      </trkpt>
      <trkpt lat="56.44134" lon="12.819">
        <ele>6.9</ele>
      </trkpt>
      <trkpt lat="56.44126" lon="12.8191">
        <ele>7.1</ele>
      </trkpt>
      <trkpt lat="56.44107" lon="12.81919">
        <ele>8.2</ele>
      </trkpt>
      <trkpt lat="56.44102" lon="12.81925">
        <ele>8.3</ele>
      </trkpt>
      <trkpt lat="56.441019" lon="12.819234">
        <ele>8.4</ele>
      </trkpt>
      <trkpt lat="56.44102" lon="12.81925">
        <ele>8.3</ele>
      </trkpt>
      <trkpt lat="56.44094" lon="12.81934">
        <ele>8.6</ele>
      </trkpt>
      <trkpt lat="56.44071" lon="12.81965">
        <ele>9.5</ele>
      </trkpt>
      <trkpt lat="56.44048" lon="12.82002">
        <ele>10.6</ele>
      </trkpt>
      <trkpt lat="56.44014" lon="12.82042">
        <ele>10.5</ele>
      </trkpt>
      <trkpt lat="56.43989" lon="12.82066">
        <ele>10.5</ele>
      </trkpt>
      <trkpt lat="56.4396" lon="12.82099">
        <ele>10.2</ele>
      </trkpt>
      <trkpt lat="56.43927" lon="12.82164">
        <ele>9.8</ele>
      </trkpt>
      <trkpt lat="56.43916" lon="12.82191">
        <ele>10.2</ele>
      </trkpt>
      <trkpt lat="56.43892" lon="12.82297">
        <ele>10.5</ele>
      </trkpt>
      <trkpt lat="56.43858" lon="12.82388">
        <ele>13.9</ele>
      </trkpt>
      <trkpt lat="56.43846" lon="12.82433">
        <ele>14.6</ele>
      </trkpt>
      <trkpt lat="56.43845" lon="12.82588">
        <ele>9.3</ele>
      </trkpt>
      <trkpt lat="56.43846" lon="12.82636">
        <ele>7.2</ele>
      </trkpt>
      <trkpt lat="56.43841" lon="12.8273">
        <ele>6.4</ele>
      </trkpt>
      <trkpt lat="56.43841" lon="12.8273">
        <ele>6.4</ele>
      </trkpt>
      <trkpt lat="56.43835" lon="12.82779">
        <ele>6.5</ele>
      </trkpt>
      <trkpt lat="56.438239" lon="12.828417">
        <ele>6.7</ele>
      </trkpt>
      <trkpt lat="56.43824" lon="12.82842">
        <ele>6.7</ele>
      </trkpt>
      <trkpt lat="56.43808" lon="12.82938">
        <ele>5.3</ele>
      </trkpt>
      <trkpt lat="56.43794" lon="12.82977">
        <ele>5.9</ele>
      </trkpt>
      <trkpt lat="56.43784" lon="12.83">
        <ele>6.5</ele>
      </trkpt>
      <trkpt lat="56.43746" lon="12.83067">
        <ele>9.0</ele>
      </trkpt>
      <trkpt lat="56.43728" lon="12.83105">
        <ele>9.7</ele>
      </trkpt>
      <trkpt lat="56.4372" lon="12.83132">
        <ele>9.9</ele>
      </trkpt>
      <trkpt lat="56.437" lon="12.83274">
        <ele>6.3</ele>
      </trkpt>
      <trkpt lat="56.43692" lon="12.83314">
        <ele>5.7</ele>
      </trkpt>
      <trkpt lat="56.43676" lon="12.83367">
        <ele>5.1</ele>
      </trkpt>
      <trkpt lat="56.43667" lon="12.83383">
        <ele>5.2</ele>
      </trkpt>
      <trkpt lat="56.43623" lon="12.83446">
        <ele>7.5</ele>
      </trkpt>
      <trkpt lat="56.43607" lon="12.83477">
        <ele>8.1</ele>
      </trkpt>
      <trkpt lat="56.43593" lon="12.83542">
        <ele>7.9</ele>
      </trkpt>
      <trkpt lat="56.43565" lon="12.83689">
        <ele>6.4</ele>
      </trkpt>
      <trkpt lat="56.43556" lon="12.83745">
        <ele>6.1</ele>
      </trkpt>
      <trkpt lat="56.435517" lon="12.837688">
        <ele>5.9</ele>
      </trkpt>
      <trkpt lat="56.43552" lon="12.83769">
        <ele>5.8</ele>
      </trkpt>
      <trkpt lat="56.435498" lon="12.837806">
        <ele>5.7</ele>
      </trkpt>
      <trkpt lat="56.4355" lon="12.83781">
        <ele>5.7</ele>
      </trkpt>
      <trkpt lat="56.43547" lon="12.83795">
        <ele>5.6</ele>
      </trkpt>
      <trkpt lat="56.43535" lon="12.83878">
        <ele>5.0</ele>
      </trkpt>
      <trkpt lat="56.43524" lon="12.83961">
        <ele>4.3</ele>
      </trkpt>
      <trkpt lat="56.43524" lon="12.83961">
        <ele>4.3</ele>
      </trkpt>
      <trkpt lat="56.43522" lon="12.83978">
        <ele>4.0</ele>
      </trkpt>
      <trkpt lat="56.43521" lon="12.84004">
        <ele>3.5</ele>
      </trkpt>
      <trkpt lat="56.43523" lon="12.84038">
        <ele>3.4</ele>
      </trkpt>
      <trkpt lat="56.43522" lon="12.8405">
        <ele>3.5</ele>
      </trkpt>
      <trkpt lat="56.435009" lon="12.840834">
        <ele>4.0</ele>
      </trkpt>
      <trkpt lat="56.43502" lon="12.84086">
        <ele>3.9</ele>
      </trkpt>
      <trkpt lat="56.43498" lon="12.84094">
        <ele>3.9</ele>
      </trkpt>
      <trkpt lat="56.43495" lon="12.84092">
        <ele>4.0</ele>
      </trkpt>
      <trkpt lat="56.43495" lon="12.84092">
        <ele>4.0</ele>
      </trkpt>
      <trkpt lat="56.43493" lon="12.84091">
        <ele>4.1</ele>
      </trkpt>
      <trkpt lat="56.43493" lon="12.84085">
        <ele>4.1</ele>
      </trkpt>
      <trkpt lat="56.43491" lon="12.84081">
        <ele>4.2</ele>
      </trkpt>
      <trkpt lat="56.43489" lon="12.84077">
        <ele>4.3</ele>
      </trkpt>
      <trkpt lat="56.4349" lon="12.84065">
        <ele>4.3</ele>
      </trkpt>
      <trkpt lat="56.43488" lon="12.8405">
        <ele>4.3</ele>
      </trkpt>
      <trkpt lat="56.43488" lon="12.8405">
        <ele>4.3</ele>
      </trkpt>
      <trkpt lat="56.43488" lon="12.8405">
        <ele>4.3</ele>
      </trkpt>
      <trkpt lat="56.434877" lon="12.840496">
        <ele>4.4</ele>
      </trkpt>
      <trkpt lat="56.434779" lon="12.840045">
        <ele>4.8</ele>
      </trkpt>
      <trkpt lat="56.43478" lon="12.84005">
        <ele>4.8</ele>
      </trkpt>
      <trkpt lat="56.43465" lon="12.83943">
        <ele>7.6</ele>
      </trkpt>
      <trkpt lat="56.43457" lon="12.83927">
        <ele>8.6</ele>
      </trkpt>
      <trkpt lat="56.43459" lon="12.83911">
        <ele>9.2</ele>
      </trkpt>
      <trkpt lat="56.434709" lon="12.838574">
        <ele>10.3</ele>
      </trkpt>
      <trkpt lat="56.434787" lon="12.838309">
        <ele>10.6</ele>
      </trkpt>
    </trkseg>
  </trk>
</gpx>
